time,Total Generation Capacity,Total Transmission,Transmission for Interconnection km,Total Transmission for Generation Connection,Total Transmission for Demand Connection,Total Interconnection Capacity,Transmission Tariff[f0],Congestion Tariff[f0],National Peak Demand[f0],Generation Capacity by Tech[TBiomass],Generation Capacity by Tech[TWindOnS],Generation Capacity by Tech[TWindOffS],Generation Capacity by Tech[TPV],Generation Capacity by Tech[THydroDam],Generation Capacity by Tech[THRoR],Generation Capacity by Tech[TThermo1],Generation Capacity by Tech[TThermo2],Generation Capacity by Tech[TGeothermal],Generation Capacity by Tech[TPVBESSOp1],Generation Capacity by Tech[TPVBESSOp2],Generation Capacity by Tech[TOther1],Generation Capacity by Tech[TOther2],Generation Capacity by Tech[TOther3],Generation by Tech per Month[TBiomass],Generation by Tech per Month[TWindOnS],Generation by Tech per Month[TWindOffS],Generation by Tech per Month[TPV],Generation by Tech per Month[THydroDam],Generation by Tech per Month[THRoR],Generation by Tech per Month[TThermo1],Generation by Tech per Month[TThermo2],Generation by Tech per Month[TGeothermal],Generation by Tech per Month[TPVBESSOp1],Generation by Tech per Month[TPVBESSOp2],Generation by Tech per Month[TOther1],Generation by Tech per Month[TOther2],Generation by Tech per Month[TOther3],Generation by Tech per Month[DERBESS],Generation by Tech per Month[DER],"Electricity Tariff[Regulated,Z1]","Electricity Tariff[Regulated,Z2]","Electricity Tariff[Regulated,Z3]","Electricity Tariff[Regulated,Z4]","Electricity Tariff[Regulated,Z5]","Electricity Tariff[Regulated,Z6]","Electricity Tariff[Unregulated,Z1]","Electricity Tariff[Unregulated,Z2]","Electricity Tariff[Unregulated,Z3]","Electricity Tariff[Unregulated,Z4]","Electricity Tariff[Unregulated,Z5]","Electricity Tariff[Unregulated,Z6]","Generation Tariff[f0,Z1]","Generation Tariff[f0,Z2]","Generation Tariff[f0,Z3]","Generation Tariff[f0,Z4]","Generation Tariff[f0,Z5]","Generation Tariff[f0,Z6]"
0.0,14.057049751281738,16177.3701171875,1836.469970703125,5622.81982421875,8718.080078125,1600.0,16.893709182739258,0.9912989735603333,7532.21728515625,0.06656000018119812,1.021299958229065,0.0,0.4778200089931488,3.705590009689331,1.5324699878692627,2.6226699352264404,4.630640029907227,0.0,0.0,0.0,0.0,0.0,0.0,0.0,279.896484375,0.0,79.0820083618164,2668.02490234375,894.5088500976562,0.0,1152.0262451171875,0.0,0.0,0.0,0.0,0.0,0.0,0.0046911598183214664,0.0046911598183214664,181.14532470703125,182.1839599609375,196.01895141601562,0.0,0.0,0.0,181.14532470703125,182.1839599609375,196.01895141601562,0.0,0.0,0.0,35.10000228881836,35.40380096435547,39.45053482055664,0.0,0.0,0.0
1.0,14.069549560546875,16177.3701171875,1836.469970703125,5622.81982421875,8718.080078125,1600.0,16.25835609436035,0.0,7828.341796875,0.06656000018119812,1.021299958229065,0.0,0.4778200089931488,3.705590009689331,1.5449700355529785,2.6226699352264404,4.630640029907227,0.0,0.0,0.0,0.0,0.0,0.0,0.0,279.896484375,0.0,79.0820083618164,2668.02490234375,1112.37841796875,0.0,1132.4234619140625,0.0,0.0,0.0,0.0,0.0,0.0,1.2011514902114868,1.2011514902114868,149.28768920898438,174.43544006347656,170.4100341796875,0.0,0.0,0.0,149.28768920898438,174.43544006347656,170.4100341796875,0.0,0.0,0.0,27.408294677734375,34.76401138305664,33.58658218383789,0.0,0.0,0.0
2.0,14.069549560546875,16182.3701171875,1836.469970703125,5627.81982421875,8718.080078125,1600.0,16.152149200439453,0.0,7884.0498046875,0.06656000018119812,1.021299958229065,0.0,0.4778200089931488,3.705590009689331,1.5449700355529785,2.6226699352264404,4.630640029907227,0.0,0.0,0.0,0.0,0.0,0.0,0.0,279.896484375,0.0,79.0820083618164,2668.02490234375,1112.37841796875,0.0,1168.727783203125,0.0,0.0,0.0,0.0,0.0,0.0,2.420572280883789,2.420572280883789,92.01058197021484,174.9427490234375,179.04220581054688,0.0,0.0,0.0,92.01058197021484,174.9427490234375,179.04220581054688,0.0,0.0,0.0,10.760946273803711,35.01860809326172,36.21769714355469,0.0,0.0,0.0
3.0,14.069549560546875,16182.3701171875,1836.469970703125,5627.81982421875,8718.080078125,1600.0,16.634536743164062,0.0,7657.29443359375,0.06656000018119812,1.021299958229065,0.0,0.4778200089931488,3.705590009689331,1.5449700355529785,2.6226699352264404,4.630640029907227,0.0,0.0,0.0,0.0,0.0,0.0,0.0,279.896484375,0.0,79.0820083618164,2668.02490234375,925.83251953125,0.0,1201.3428955078125,0.0,0.0,0.0,0.0,0.0,0.0,3.613690137863159,3.613690137863159,56.88529968261719,177.14736938476562,187.5083770751953,0.0,0.0,0.0,56.88529968261719,177.14736938476562,187.5083770751953,0.0,0.0,0.0,0.00441327877342701,35.181068420410156,38.211666107177734,0.0,0.0,0.0
4.0,14.069549560546875,16182.3701171875,1836.469970703125,5627.81982421875,8718.080078125,1600.0,16.626197814941406,0.0,7662.84228515625,0.06656000018119812,1.021299958229065,0.0,0.4778200089931488,3.705590009689331,1.5449700355529785,2.6226699352264404,4.630640029907227,0.0,0.0,0.0,0.0,0.0,0.0,0.0,279.896484375,0.0,79.0820083618164,2668.02490234375,572.429931640625,0.0,1557.3306884765625,0.0,0.0,0.0,0.0,0.0,0.0,4.765506744384766,4.765506744384766,122.92841339111328,184.44395446777344,188.17349243164062,0.0,0.0,0.0,122.92841339111328,184.44395446777344,188.17349243164062,0.0,0.0,0.0,19.330364227294922,37.32365798950195,38.41455078125,0.0,0.0,0.0
5.0,14.069549560546875,16182.3701171875,1836.469970703125,5627.81982421875,8718.080078125,1600.0,17.396760940551758,0.0,7325.412109375,0.06656000018119812,1.021299958229065,0.0,0.4778200089931488,3.705590009689331,1.5449700355529785,2.6226699352264404,4.630640029907227,0.0,0.0,0.0,0.0,0.0,0.0,0.0,279.896484375,0.0,79.0820083618164,1161.14404296875,407.575439453125,0.0,3000.65478515625,0.0,0.0,0.0,0.0,0.0,0.0,5.890523433685303,5.890523433685303,231.78379821777344,219.47610473632812,232.1256103515625,0.0,0.0,0.0,231.78379821777344,219.47610473632812,232.1256103515625,0.0,0.0,0.0,50.400001525878906,46.79999923706055,50.49998092651367,0.0,0.0,0.0
6.0,14.069549560546875,16182.3701171875,1836.469970703125,5627.81982421875,8718.080078125,1600.0,17.608539581298828,0.0,7239.06640625,0.06656000018119812,1.021299958229065,0.0,0.4778200089931488,3.705590009689331,1.5449700355529785,2.6226699352264404,4.630640029907227,0.0,0.0,0.0,0.0,0.0,0.0,11.96236801147461,279.896484375,0.0,79.0820083618164,1111.5997314453125,385.8840637207031,0.0,3000.65478515625,0.0,0.0,0.0,0.0,0.0,0.0,7.003342628479004,7.003342628479004,232.50782775878906,232.2210235595703,232.84963989257812,0.0,0.0,0.0,232.50782775878906,232.2210235595703,232.84963989257812,0.0,0.0,0.0,50.400001525878906,50.31610870361328,50.49998092651367,0.0,0.0,0.0
7.0,14.069549560546875,16182.3701171875,1836.469970703125,5627.81982421875,8718.080078125,1600.0,17.860780715942383,0.0,7138.67041015625,0.06656000018119812,1.021299958229065,0.0,0.4778200089931488,3.705590009689331,1.5449700355529785,2.6226699352264404,4.630640029907227,0.0,0.0,0.0,0.0,0.0,0.0,30.670848846435547,279.896484375,0.0,79.0820083618164,294.9912109375,378.31988525390625,736.6998901367188,3000.65478515625,0.0,0.0,0.0,0.0,0.0,0.0,8.143054962158203,8.143054962158203,273.5069274902344,238.00588989257812,233.75326538085938,0.0,0.0,0.0,273.5069274902344,238.00588989257812,233.75326538085938,0.0,0.0,0.0,62.13999938964844,51.755943298339844,50.512046813964844,0.0,0.0,0.0
8.0,14.278849601745605,16182.3701171875,1836.469970703125,5627.81982421875,8718.080078125,1600.0,17.370935440063477,0.0,7341.39111328125,0.06656000018119812,1.021299958229065,0.0,0.4778200089931488,3.9148900508880615,1.5449700355529785,2.6226699352264404,4.630640029907227,0.0,0.0,0.0,0.0,0.0,0.0,0.0,279.896484375,0.0,79.0820083618164,1275.2591552734375,300.787109375,0.0,3000.65478515625,0.0,0.0,0.0,0.0,0.0,0.0,9.326860427856445,9.326860427856445,231.6955108642578,223.41839599609375,232.03712463378906,0.0,0.0,0.0,231.6955108642578,223.41839599609375,232.03712463378906,0.0,0.0,0.0,50.400001525878906,47.97894287109375,50.49991989135742,0.0,0.0,0.0
9.0,14.278849601745605,16266.08984375,1836.469970703125,5711.5400390625,8718.080078125,1600.0,17.4652156829834,0.0,7341.39111328125,0.06656000018119812,1.021299958229065,0.0,0.4778200089931488,3.9148900508880615,1.5449700355529785,2.6226699352264404,4.630640029907227,0.0,0.0,0.0,0.0,0.0,0.0,30.670848846435547,279.896484375,0.0,79.0820083618164,0.0,308.4625244140625,1235.6663818359375,3000.65478515625,0.0,0.0,0.0,0.0,0.0,0.0,10.573357582092285,10.573357582092285,272.1545715332031,237.0378875732422,251.8331298828125,0.0,0.0,0.0,272.1545715332031,237.0378875732422,251.8331298828125,0.0,0.0,0.0,62.13999938964844,51.86836624145508,56.19597625732422,0.0,0.0,0.0
10.0,14.278849601745605,16266.08984375,1836.469970703125,5711.5400390625,8718.080078125,1600.0,17.242095947265625,0.0,7438.1103515625,0.06656000018119812,1.021299958229065,0.0,0.4778200089931488,3.9148900508880615,1.5449700355529785,2.6226699352264404,4.630640029907227,0.0,0.0,0.0,0.0,0.0,0.0,11.96236801147461,279.896484375,0.0,79.0820083618164,1236.913818359375,389.77740478515625,0.0,3000.65478515625,0.0,0.0,0.0,0.0,0.0,0.0,11.867768287658691,11.867768287658691,231.25503540039062,232.58168029785156,232.2768096923828,0.0,0.0,0.0,231.25503540039062,232.58168029785156,232.2768096923828,0.0,0.0,0.0,50.400001525878906,50.788047790527344,50.69887161254883,0.0,0.0,0.0
11.0,14.278849601745605,16266.08984375,1836.469970703125,5711.5400390625,8718.080078125,1600.0,16.914396286010742,0.0,7583.87841796875,0.06656000018119812,1.021299958229065,0.0,0.4778200089931488,3.9148900508880615,1.5449700355529785,2.6226699352264404,4.630640029907227,0.0,0.0,0.0,0.0,0.0,0.0,0.0,279.896484375,0.0,79.0820083618164,1054.8260498046875,680.6643676757812,0.0,3000.65478515625,0.0,0.0,0.0,0.0,0.0,0.0,13.217222213745117,13.217222213745117,230.1346893310547,217.82699584960938,230.4763946533203,0.0,0.0,0.0,230.1346893310547,217.82699584960938,230.4763946533203,0.0,0.0,0.0,50.400001525878906,46.79999923706055,50.49995040893555,0.0,0.0,0.0
12.0,14.278849601745605,16266.08984375,1836.469970703125,5711.5400390625,8718.080078125,1600.0,16.127281188964844,0.0,7955.15771484375,0.06656000018119812,1.021299958229065,0.0,0.4778200089931488,3.9148900508880615,1.5449700355529785,2.6226699352264404,4.630640029907227,0.0,0.0,0.0,0.0,0.0,0.0,0.0,279.896484375,0.0,79.0820083618164,2398.435302734375,901.80517578125,0.0,1684.5797119140625,0.0,0.0,0.0,0.0,0.0,0.0,14.628063201904297,14.628063201904297,160.7863006591797,184.5751953125,186.3335418701172,0.0,0.0,0.0,160.7863006591797,184.5751953125,186.3335418701172,0.0,0.0,0.0,30.902711868286133,37.8609619140625,38.37527847290039,0.0,0.0,0.0
13.0,14.755249977111816,16366.169921875,1836.469970703125,5711.5400390625,8818.1591796875,1600.0,15.615215301513672,0.0,8267.9072265625,0.06656000018119812,1.021299958229065,0.0,0.934220016002655,3.9148900508880615,1.5649700164794922,2.6226699352264404,4.630640029907227,0.0,0.0,0.0,0.0,0.0,0.0,0.0,279.896484375,0.0,154.6413116455078,2818.720703125,1126.7784423828125,0.0,1172.9560546875,0.0,0.0,0.0,0.0,0.0,0.0,16.09513282775879,16.09513282775879,170.58168029785156,178.15859985351562,170.791259765625,0.0,0.0,0.0,170.58168029785156,178.15859985351562,170.791259765625,0.0,0.0,0.0,34.27992630004883,36.49617385864258,34.34122848510742,0.0,0.0,0.0
14.0,14.755249977111816,16735.841796875,1836.469970703125,5902.10009765625,8997.2724609375,1600.0,15.85894775390625,0.0,8326.75,0.06656000018119812,1.021299958229065,0.0,0.934220016002655,3.9148900508880615,1.5649700164794922,2.6226699352264404,4.630640029907227,0.0,0.0,0.0,0.0,0.0,0.0,0.0,279.896484375,0.0,154.6413116455078,2818.720703125,1126.7784423828125,0.0,1211.1146240234375,0.0,0.0,0.0,0.0,0.0,0.0,17.571910858154297,17.571910858154297,114.50093841552734,174.94244384765625,175.01358032226562,0.0,0.0,0.0,114.50093841552734,174.94244384765625,175.01358032226562,0.0,0.0,0.0,17.63257598876953,35.31171798706055,35.33252716064453,0.0,0.0,0.0
15.0,14.755249977111816,16780.6171875,1836.469970703125,5902.10009765625,9042.0478515625,1600.0,16.37809944152832,0.0,8087.2646484375,0.06656000018119812,1.021299958229065,0.0,0.934220016002655,3.9148900508880615,1.5649700164794922,2.6226699352264404,4.630640029907227,0.0,0.0,0.0,0.0,0.0,0.0,0.0,279.896484375,0.0,154.6413116455078,2818.720703125,937.8176879882812,0.0,1237.3323974609375,0.0,0.0,0.0,0.0,0.0,0.0,19.002473831176758,19.002473831176758,79.5013427734375,177.31842041015625,165.12423706054688,0.0,0.0,0.0,79.5013427734375,177.31842041015625,165.12423706054688,0.0,0.0,0.0,6.876043796539307,35.48754119873047,31.920740127563477,0.0,0.0,0.0
16.0,14.755249977111816,16780.6171875,1836.469970703125,5902.10009765625,9042.0478515625,1600.0,16.37031364440918,0.0,8093.1259765625,0.06656000018119812,1.021299958229065,0.0,0.934220016002655,3.9148900508880615,1.5649700164794922,2.6226699352264404,4.630640029907227,0.0,0.0,0.0,0.0,0.0,0.0,0.0,279.896484375,0.0,154.6413116455078,2818.720703125,579.8401489257812,0.0,1597.8916015625,0.0,0.0,0.0,0.0,0.0,0.0,20.36896514892578,20.36896514892578,141.76075744628906,185.5728302001953,163.91134643554688,0.0,0.0,0.0,141.76075744628906,185.5728302001953,163.91134643554688,0.0,0.0,0.0,25.094709396362305,37.90974044799805,31.57375717163086,0.0,0.0,0.0
17.0,14.755249977111816,16780.6171875,1836.469970703125,5902.10009765625,9042.0478515625,1600.0,17.131715774536133,0.0,7736.7431640625,0.06656000018119812,1.021299958229065,0.0,0.934220016002655,3.9148900508880615,1.5649700164794922,2.6226699352264404,4.630640029907227,0.0,0.0,0.0,0.0,0.0,0.0,0.0,279.896484375,0.0,154.6413116455078,1341.5711669921875,412.8515930175781,0.0,3000.65478515625,0.0,0.0,0.0,0.0,0.0,0.0,21.691875457763672,21.691875457763672,230.87765502929688,220.5992889404297,231.21954345703125,0.0,0.0,0.0,230.87765502929688,220.5992889404297,231.21954345703125,0.0,0.0,0.0,50.400001525878906,47.393577575683594,50.5,0.0,0.0,0.0
18.0,14.755249977111816,16780.6171875,1836.469970703125,5902.10009765625,9042.0478515625,1600.0,17.341341018676758,0.0,7645.54296875,0.06656000018119812,1.021299958229065,0.0,0.934220016002655,3.9148900508880615,1.5649700164794922,2.6226699352264404,4.630640029907227,0.0,0.0,0.0,0.0,0.0,0.0,30.670848846435547,279.896484375,0.0,154.6413116455078,420.2856140136719,390.8794250488281,849.853759765625,3000.65478515625,0.0,0.0,0.0,0.0,0.0,0.0,22.994579315185547,22.994579315185547,271.7310791015625,238.62567138671875,234.44757080078125,0.0,0.0,0.0,271.7310791015625,238.62567138671875,234.44757080078125,0.0,0.0,0.0,62.13999938964844,52.456668853759766,51.23457336425781,0.0,0.0,0.0
19.0,14.755249977111816,16780.6171875,1836.469970703125,5902.10009765625,9042.0478515625,1600.0,17.59090805053711,0.0,7539.52294921875,0.06656000018119812,1.021299958229065,0.0,0.934220016002655,3.9148900508880615,1.5649700164794922,2.6226699352264404,4.630640029907227,0.0,0.0,0.0,0.0,0.0,0.0,11.96236801147461,279.896484375,0.0,154.6413116455078,1223.7733154296875,383.21734619140625,0.0,3000.65478515625,0.0,0.0,0.0,0.0,0.0,0.0,24.31843376159668,24.31843376159668,232.4475555419922,226.49795532226562,232.78924560546875,0.0,0.0,0.0,232.4475555419922,226.49795532226562,232.78924560546875,0.0,0.0,0.0,50.400001525878906,48.65974426269531,50.499942779541016,0.0,0.0,0.0
20.0,14.755249977111816,16780.6171875,1836.469970703125,5902.10009765625,9042.0478515625,1600.0,17.107389450073242,0.0,7753.62451171875,0.06656000018119812,1.021299958229065,0.0,0.934220016002655,3.9148900508880615,1.5649700164794922,2.6226699352264404,4.630640029907227,0.0,0.0,0.0,0.0,0.0,0.0,30.670848846435547,279.896484375,0.0,154.6413116455078,47.31910705566406,304.6808776855469,1379.1314697265625,3000.65478515625,0.0,0.0,0.0,0.0,0.0,0.0,25.683364868164062,25.683364868164062,270.9312438964844,239.1705322265625,261.63232421875,0.0,0.0,0.0,270.9312438964844,239.1705322265625,261.63232421875,0.0,0.0,0.0,62.13999938964844,52.84999465942383,59.420066833496094,0.0,0.0,0.0
21.0,14.755249977111816,16780.6171875,1836.469970703125,5902.10009765625,9042.0478515625,1600.0,17.112089157104492,0.0,7753.62451171875,0.06656000018119812,1.021299958229065,0.0,0.934220016002655,3.9148900508880615,1.5649700164794922,2.6226699352264404,4.630640029907227,0.0,0.0,0.0,0.0,0.0,0.0,30.670848846435547,279.896484375,0.0,154.6413116455078,45.051483154296875,312.4556579589844,1372.1968994140625,3000.65478515625,0.0,0.0,0.0,0.0,0.0,0.0,27.110816955566406,27.110816955566406,270.94732666015625,238.02857971191406,261.10687255859375,0.0,0.0,0.0,270.94732666015625,238.02857971191406,261.10687255859375,0.0,0.0,0.0,62.13999938964844,52.51127243041992,59.26166915893555,0.0,0.0,0.0
22.0,14.755249977111816,16780.6171875,1836.469970703125,5902.10009765625,9042.0478515625,1600.0,16.893152236938477,0.0,7855.77783203125,0.06656000018119812,1.021299958229065,0.0,0.934220016002655,3.9148900508880615,1.5649700164794922,2.6226699352264404,4.630640029907227,0.0,0.0,0.0,0.0,0.0,0.0,11.96236801147461,279.896484375,0.0,154.6413116455078,1420.924072265625,394.8231506347656,0.0,3000.65478515625,0.0,0.0,0.0,0.0,0.0,0.0,28.584537506103516,28.584537506103516,230.0620574951172,231.79627990722656,230.57098388671875,0.0,0.0,0.0,230.0620574951172,231.79627990722656,230.57098388671875,0.0,0.0,0.0,50.400001525878906,50.90726089477539,50.548858642578125,0.0,0.0,0.0
23.0,14.755249977111816,16780.6171875,1836.469970703125,5902.10009765625,9042.0478515625,1600.0,16.57149314880371,0.0,8009.7158203125,0.06656000018119812,1.021299958229065,0.0,0.934220016002655,3.9148900508880615,1.5649700164794922,2.6226699352264404,4.630640029907227,0.0,0.0,0.0,0.0,0.0,0.0,0.0,279.896484375,0.0,154.6413116455078,1240.3890380859375,689.4757080078125,0.0,3000.65478515625,0.0,0.0,0.0,0.0,0.0,0.0,30.118677139282227,30.118677139282227,228.96237182617188,216.65467834472656,229.34671020507812,0.0,0.0,0.0,228.96237182617188,216.65467834472656,229.34671020507812,0.0,0.0,0.0,50.400001525878906,46.79999923706055,50.512420654296875,0.0,0.0,0.0
24.0,14.755249977111816,16784.4375,1836.469970703125,5902.10009765625,9045.8681640625,1600.0,15.848782539367676,0.0,8377.1953125,0.06656000018119812,1.021299958229065,0.0,0.934220016002655,3.9148900508880615,1.5649700164794922,2.6226699352264404,4.630640029907227,0.0,0.0,0.0,0.0,0.0,0.0,0.0,279.896484375,0.0,154.6413116455078,1277.2540283203125,913.479248046875,0.0,2985.7119140625,0.0,0.0,0.0,0.0,0.0,0.0,31.71917152404785,31.71917152404785,226.49154663085938,214.18386840820312,159.0589599609375,0.0,0.0,0.0,226.49154663085938,214.18386840820312,159.0589599609375,0.0,0.0,0.0,50.399993896484375,46.79999923706055,30.675966262817383,0.0,0.0,0.0
25.0,14.755249977111816,16919.51953125,1836.469970703125,5902.10009765625,9180.9501953125,1600.0,15.373068809509277,0.0,8706.541015625,0.06656000018119812,1.021299958229065,0.0,0.934220016002655,3.9148900508880615,1.5649700164794922,2.6226699352264404,4.630640029907227,0.0,0.0,0.0,0.0,0.0,0.0,0.0,279.896484375,0.0,154.6413116455078,2818.720703125,1126.7784423828125,0.0,1451.130859375,0.0,0.0,0.0,0.0,0.0,0.0,33.37491989135742,33.37491989135742,167.83348083496094,178.84031677246094,169.84512329101562,0.0,0.0,0.0,167.83348083496094,178.84031677246094,169.84512329101562,0.0,0.0,0.0,33.71822738647461,36.93772506713867,34.30663299560547,0.0,0.0,0.0
26.0,14.755249977111816,17070.619140625,1836.469970703125,5902.10009765625,9332.048828125,1600.0,15.404486656188965,0.0,8768.5,0.06656000018119812,1.021299958229065,0.0,0.934220016002655,3.9148900508880615,1.5649700164794922,2.6226699352264404,4.630640029907227,0.0,0.0,0.0,0.0,0.0,0.0,0.0,279.896484375,0.0,154.6413116455078,2818.720703125,1126.7784423828125,0.0,1491.20654296875,0.0,0.0,0.0,0.0,0.0,0.0,35.033512115478516,35.033512115478516,111.02688598632812,179.88478088378906,157.57928466796875,0.0,0.0,0.0,111.02688598632812,179.88478088378906,157.57928466796875,0.0,0.0,0.0,17.070877075195312,37.21181106567383,30.687456130981445,0.0,0.0,0.0
27.0,14.755249977111816,17098.947265625,1836.469970703125,5902.10009765625,9360.3759765625,1600.0,15.894233703613281,0.0,8516.3134765625,0.06656000018119812,1.021299958229065,0.0,0.934220016002655,3.9148900508880615,1.5649700164794922,2.6226699352264404,4.630640029907227,0.0,0.0,0.0,0.0,0.0,0.0,0.0,279.896484375,0.0,154.6413116455078,2818.720703125,937.8176879882812,0.0,1508.7000732421875,0.0,0.0,0.0,0.0,0.0,0.0,36.6328010559082,36.6328010559082,75.92676544189453,181.58636474609375,175.08314514160156,0.0,0.0,0.0,75.92676544189453,181.58636474609375,175.08314514160156,0.0,0.0,0.0,6.314344882965088,37.21977615356445,35.317588806152344,0.0,0.0,0.0
28.0,14.755249977111816,17098.947265625,1836.469970703125,5902.10009765625,9360.3759765625,1600.0,15.8869047164917,0.0,8522.478515625,0.06656000018119812,1.021299958229065,0.0,0.934220016002655,3.9148900508880615,1.5649700164794922,2.6226699352264404,4.630640029907227,0.0,0.0,0.0,0.0,0.0,0.0,0.0,279.896484375,0.0,154.6413116455078,2818.720703125,579.8401489257812,0.0,1869.3070068359375,0.0,0.0,0.0,0.0,0.0,0.0,38.15635681152344,38.15635681152344,127.45640563964844,189.9939422607422,177.13955688476562,0.0,0.0,0.0,127.45640563964844,189.9939422607422,177.13955688476562,0.0,0.0,0.0,21.394092559814453,39.68632125854492,35.92641830444336,0.0,0.0,0.0
29.0,14.755249977111816,17098.947265625,1836.469970703125,5902.10009765625,9360.3759765625,1600.0,16.628326416015625,0.0,8147.1904296875,0.06656000018119812,1.021299958229065,0.0,0.934220016002655,3.9148900508880615,1.5649700164794922,2.6226699352264404,4.630640029907227,0.0,0.0,0.0,0.0,0.0,0.0,0.0,279.896484375,0.0,154.6413116455078,1600.103515625,412.8515930175781,0.0,3000.65478515625,0.0,0.0,0.0,0.0,0.0,0.0,39.62833786010742,39.62833786010742,229.15667724609375,218.1802978515625,229.49855041503906,0.0,0.0,0.0,229.15667724609375,218.1802978515625,229.49855041503906,0.0,0.0,0.0,50.400001525878906,47.18941116333008,50.5,0.0,0.0,0.0
30.0,14.755249977111816,17098.947265625,1836.469970703125,5902.10009765625,9360.3759765625,1600.0,16.8326416015625,0.0,8051.15478515625,0.06656000018119812,1.021299958229065,0.0,0.934220016002655,3.9148900508880615,1.5649700164794922,2.6226699352264404,4.630640029907227,0.0,0.0,0.0,0.0,0.0,0.0,30.670848846435547,279.896484375,0.0,154.6413116455078,420.2856140136719,390.8794250488281,1104.9893798828125,3000.65478515625,0.0,0.0,0.0,0.0,0.0,0.0,41.07063293457031,41.07063293457031,269.991943359375,237.2225341796875,243.0858917236328,0.0,0.0,0.0,269.991943359375,237.2225341796875,243.0858917236328,0.0,0.0,0.0,62.13999938964844,52.55495071411133,54.269981384277344,0.0,0.0,0.0
31.0,14.767749786376953,17098.947265625,1836.469970703125,5902.10009765625,9360.3759765625,1600.0,17.075881958007812,0.0,7939.50146484375,0.06656000018119812,1.021299958229065,0.0,0.934220016002655,3.9148900508880615,1.5774699449539185,2.6226699352264404,4.630640029907227,0.0,0.0,0.0,0.0,0.0,0.0,30.670848846435547,279.896484375,0.0,154.6413116455078,1078.419189453125,386.2782287597656,374.79168701171875,3000.65478515625,0.0,0.0,0.0,0.0,0.0,0.0,42.52854919433594,42.52854919433594,270.8235168457031,236.72647094726562,231.02865600585938,0.0,0.0,0.0,270.8235168457031,236.72647094726562,231.02865600585938,0.0,0.0,0.0,62.13999938964844,52.16661071777344,50.5,0.0,0.0,0.0
32.0,14.767749786376953,17103.947265625,1836.469970703125,5907.10009765625,9360.3759765625,1600.0,16.61008644104004,0.0,8164.96484375,0.06656000018119812,1.021299958229065,0.0,0.934220016002655,3.9148900508880615,1.5774699449539185,2.6226699352264404,4.630640029907227,0.0,0.0,0.0,0.0,0.0,0.0,30.670848846435547,279.896484375,0.0,154.6413116455078,173.8208770751953,307.1144714355469,1508.92626953125,3000.65478515625,0.0,0.0,0.0,0.0,0.0,0.0,44.023529052734375,44.023529052734375,269.2310791015625,237.89041137695312,269.99395751953125,0.0,0.0,0.0,269.2310791015625,237.89041137695312,269.99395751953125,0.0,0.0,0.0,62.13999938964844,52.97285842895508,62.36314392089844,0.0,0.0,0.0
33.0,14.767749786376953,17103.947265625,1836.469970703125,5907.10009765625,9360.3759765625,1600.0,16.614839553833008,0.0,8164.96484375,0.06656000018119812,1.021299958229065,0.0,0.934220016002655,3.9148900508880615,1.5774699449539185,2.6226699352264404,4.630640029907227,0.0,0.0,0.0,0.0,0.0,0.0,30.670848846435547,279.896484375,0.0,154.6413116455078,165.2521514892578,314.95135498046875,1508.097900390625,3000.65478515625,0.0,0.0,0.0,0.0,0.0,0.0,45.58369827270508,45.58369827270508,269.247314453125,236.83038330078125,269.9479675292969,0.0,0.0,0.0,269.247314453125,236.83038330078125,269.9479675292969,0.0,0.0,0.0,62.13999938964844,52.65804672241211,62.344940185546875,0.0,0.0,0.0
34.0,14.767749786376953,17103.947265625,1836.469970703125,5907.10009765625,9360.3759765625,1600.0,16.401775360107422,0.0,8272.533203125,0.06656000018119812,1.021299958229065,0.0,0.934220016002655,3.9148900508880615,1.5774699449539185,2.6226699352264404,4.630640029907227,0.0,0.0,0.0,0.0,0.0,0.0,30.670848846435547,279.896484375,0.0,154.6413116455078,426.6051940917969,397.97674560546875,1234.5704345703125,3000.65478515625,0.0,0.0,0.0,0.0,0.0,0.0,47.18858337402344,47.18858337402344,268.5188903808594,237.65029907226562,248.5709228515625,0.0,0.0,0.0,268.5188903808594,237.65029907226562,248.5709228515625,0.0,0.0,0.0,62.13999938964844,53.110939025878906,56.30521774291992,0.0,0.0,0.0
35.0,14.767749786376953,17103.947265625,1836.469970703125,5907.10009765625,9360.3759765625,1600.0,16.08863067626953,0.0,8434.6513671875,0.06656000018119812,1.021299958229065,0.0,0.934220016002655,3.9148900508880615,1.5774699449539185,2.6226699352264404,4.630640029907227,0.0,0.0,0.0,0.0,0.0,0.0,11.96236801147461,279.896484375,0.0,154.6413116455078,1490.415771484375,694.9827880859375,0.0,3000.65478515625,0.0,0.0,0.0,0.0,0.0,0.0,48.84979248046875,48.84979248046875,227.31155395507812,224.36309814453125,227.79537963867188,0.0,0.0,0.0,227.31155395507812,224.36309814453125,227.79537963867188,0.0,0.0,0.0,50.400001525878906,49.53757858276367,50.54151916503906,0.0,0.0,0.0
36.0,14.790205001831055,17171.6875,1836.469970703125,5969.97314453125,9365.244140625,1600.0,15.482099533081055,0.0,8799.232421875,0.06656000018119812,1.021299958229065,0.0,0.9394481182098389,3.9148900508880615,1.5774699449539185,2.6226699352264404,4.630640029907227,0.0,0.008052070625126362,0.009174407459795475,0.0,0.0,0.0,0.0,279.896484375,0.0,155.45936584472656,1624.0928955078125,920.7755737304688,0.0,2894.207763671875,0.0,0.9662485122680664,0.9990929961204529,0.0,0.0,0.0,50.58037185668945,50.58037185668945,177.9049835205078,212.9302520751953,193.84425354003906,0.0,0.0,0.0,177.9049835205078,212.9302520751953,193.84425354003906,0.0,0.0,0.0,36.55510711669922,46.79999923706055,41.21734619140625,0.0,0.0,0.0
37.0,15.12165641784668,17388.326171875,1836.469970703125,6061.14111328125,9490.7158203125,1600.0,15.083925247192383,0.0,9145.1650390625,0.06656000018119812,1.2412999868392944,0.0,0.9746705293655396,3.9148900508880615,1.5774699449539185,2.6226699352264404,4.630640029907227,0.0,0.043191876262426376,0.05026428401470184,0.0,0.0,0.0,0.0,340.189453125,0.0,161.0035400390625,2818.720703125,1135.7784423828125,0.0,1641.2635498046875,0.0,5.183025360107422,5.473780632019043,0.0,0.0,0.0,52.37841033935547,52.37841033935547,171.5146026611328,181.77015686035156,173.45571899414062,0.0,0.0,0.0,171.5146026611328,181.77015686035156,173.45571899414062,0.0,0.0,0.0,35.08409881591797,38.08384704589844,35.65187072753906,0.0,0.0,0.0
38.0,15.307900428771973,17665.009765625,1836.469970703125,6198.185546875,9630.353515625,1600.0,15.219183921813965,0.0,9210.25,0.06656000018119812,1.2412999868392944,0.0,1.0432547330856323,3.9148900508880615,1.5774699449539185,2.6226699352264404,4.630640029907227,0.0,0.09821626543998718,0.11289936304092407,0.0,0.0,0.0,0.0,340.189453125,0.0,171.72727966308594,2818.720703125,1135.7784423828125,0.0,1659.1556396484375,0.0,11.785951614379883,12.294740676879883,0.0,0.0,0.0,54.17817306518555,54.17817306518555,115.06301879882812,183.03909301757812,159.13394165039062,0.0,0.0,0.0,115.06301879882812,183.03909301757812,159.13394165039062,0.0,0.0,0.0,18.436748504638672,38.31975173950195,31.327491760253906,0.0,0.0,0.0
39.0,15.450970649719238,17706.375,1836.469970703125,6213.70361328125,9656.201171875,1600.0,15.715226173400879,0.0,8945.3515625,0.06656000018119812,1.2412999868392944,0.0,1.0982089042663574,3.9148900508880615,1.5774699449539185,2.6226699352264404,4.630640029907227,0.0,0.13975590467453003,0.15947569906711578,0.0,0.0,0.0,0.0,340.189453125,0.0,180.29507446289062,2818.720703125,945.308349609375,0.0,1650.83642578125,0.0,16.770708084106445,17.36690330505371,0.0,0.0,0.0,55.9130859375,55.9130859375,79.98442077636719,184.16098022460938,165.1539306640625,0.0,0.0,0.0,79.98442077636719,184.16098022460938,165.1539306640625,0.0,0.0,0.0,7.680215835571289,38.151859283447266,32.5922966003418,0.0,0.0,0.0
40.0,15.512605667114258,17711.28515625,1836.469970703125,6218.61376953125,9656.201171875,1600.0,15.712423324584961,0.0,8951.8408203125,0.06656000018119812,1.2412999868392944,0.0,1.1228772401809692,3.9148900508880615,1.5774699449539185,2.6226699352264404,4.630640029907227,0.0,0.15715093910694122,0.1790473908185959,0.0,0.0,0.0,0.0,340.189453125,0.0,184.14401245117188,2818.720703125,584.4715576171875,0.0,2006.3260498046875,0.0,18.858112335205078,19.498260498046875,0.0,0.0,0.0,57.56306457519531,57.56306457519531,130.91175842285156,192.05502319335938,194.08241271972656,0.0,0.0,0.0,130.91175842285156,192.05502319335938,194.08241271972656,0.0,0.0,0.0,22.579265594482422,40.46366882324219,41.05668258666992,0.0,0.0,0.0
41.0,15.537285804748535,17712.837890625,1836.469970703125,6220.1669921875,9656.201171875,1600.0,16.449539184570312,0.0,8557.6376953125,0.06656000018119812,1.2412999868392944,0.0,1.1330528259277344,3.9148900508880615,1.5774699449539185,2.6226699352264404,4.630640029907227,0.0,0.16396890580654144,0.18673405051231384,0.0,0.0,0.0,11.96236801147461,340.189453125,0.0,185.73240661621094,1710.3895263671875,416.1492004394531,0.0,3000.65478515625,0.0,19.67626953125,20.335336685180664,0.0,0.0,0.0,59.15549850463867,59.15549850463867,187.32220458984375,221.29757690429688,232.26535034179688,0.0,0.0,0.0,187.32220458984375,221.29757690429688,232.26535034179688,0.0,0.0,0.0,38.34220504760742,48.279998779296875,51.48807144165039,0.0,0.0,0.0
42.0,15.546732902526855,17713.330078125,1836.469970703125,6220.65869140625,9656.201171875,1600.0,16.65287208557129,0.0,8456.7666015625,0.06656000018119812,1.2412999868392944,0.0,1.1370378732681274,3.9148900508880615,1.5774699449539185,2.6226699352264404,4.630640029907227,0.0,0.16653473675251007,0.1896306425333023,0.0,0.0,0.0,0.0,340.189453125,0.0,186.35464477539062,1673.7510986328125,394.00152587890625,0.0,3000.65478515625,0.0,19.984169006347656,20.65077781677246,0.0,0.0,0.0,60.7137565612793,60.7137565612793,184.34970092773438,220.94305419921875,234.42274475097656,0.0,0.0,0.0,184.34970092773438,220.94305419921875,234.42274475097656,0.0,0.0,0.0,37.26941680908203,47.97297286987305,51.91577911376953,0.0,0.0,0.0
43.0,15.550240516662598,17713.484375,1836.469970703125,6220.814453125,9656.201171875,1600.0,16.89455223083496,0.0,8339.4892578125,0.06656000018119812,1.2412999868392944,0.0,1.1385447978973389,3.9148900508880615,1.5774699449539185,2.6226699352264404,4.630640029907227,0.0,0.16747407615184784,0.19069208204746246,0.0,0.0,0.0,11.96236801147461,340.189453125,0.0,186.58998107910156,1588.4791259765625,386.2782287597656,0.0,3000.65478515625,0.0,20.09688949584961,20.766368865966797,0.0,0.0,0.0,62.28739929199219,62.28739929199219,189.37841796875,225.08224487304688,234.27081298828125,0.0,0.0,0.0,189.37841796875,225.08224487304688,234.27081298828125,0.0,0.0,0.0,38.498634338378906,48.9420051574707,51.629661560058594,0.0,0.0,0.0
44.0,15.551514625549316,17713.533203125,1836.469970703125,6220.86328125,9656.201171875,1600.0,16.427621841430664,0.0,8576.3154296875,0.06656335294246674,1.242448091506958,3.272571484558284e-05,1.1385469436645508,3.9148900508880615,1.5774917602539062,2.6226699352264404,4.630702018737793,9.280301469516417e-07,0.1674754023551941,0.19069357216358185,0.0,0.0,0.0,30.672393798828125,340.50408935546875,0.008968777023255825,186.59031677246094,454.5552673339844,307.11871337890625,1351.9166259765625,3000.69482421875,0.0005345453391782939,20.097047805786133,20.766529083251953,0.0,0.0,0.0,63.89970016479492,63.89970016479492,268.6072692871094,254.38504028320312,257.75750732421875,0.0,0.0,0.0,268.6072692871094,254.38504028320312,257.75750732421875,0.0,0.0,0.0,62.13999938964844,57.97999954223633,58.96644592285156,0.0,0.0,0.0
45.0,15.904450416564941,18081.8125,1836.469970703125,6589.142578125,9656.201171875,1600.0,16.77411651611328,0.0,8576.3154296875,0.06723489612340927,1.5624123811721802,0.010242973454296589,1.1387325525283813,3.9148900508880615,1.5828211307525635,2.6226720809936523,4.646851539611816,0.00018681200162973255,0.1675868183374405,0.19081974029541016,0.0,0.0,0.0,12.169045448303223,428.1932067871094,2.8071789741516113,186.61932373046875,1713.27294921875,316.0197448730469,0.00037335455999709666,3011.15966796875,0.10760371387004852,20.11041831970215,20.780269622802734,0.0,0.0,0.0,65.58550262451172,65.58550262451172,234.32354736328125,255.5696258544922,231.1593780517578,0.0,0.0,0.0,234.32354736328125,255.5696258544922,231.1593780517578,0.0,0.0,0.0,51.76551818847656,57.97999954223633,50.84000015258789,0.0,0.0,0.0
46.0,16.607576370239258,18410.46484375,1836.469970703125,6917.794921875,9656.201171875,1600.0,16.859500885009766,0.0,8689.298828125,0.06836093962192535,2.20076847076416,0.03045370988547802,1.1390116214752197,3.9148900508880615,1.5931849479675293,2.6226754188537598,4.678969860076904,0.0004985023406334221,0.167754128575325,0.19100907444953918,0.0,0.0,0.0,31.500720977783203,603.1404418945312,8.346113204956055,186.66293334960938,1480.812255859375,401.9414367675781,0.001005357364192605,3031.972412109375,0.28713735938072205,20.130495071411133,20.800888061523438,0.0,0.0,0.0,67.3326644897461,67.3326644897461,236.1963348388672,255.86154174804688,235.99981689453125,0.0,0.0,0.0,236.1963348388672,255.86154174804688,235.99981689453125,0.0,0.0,0.0,52.22792434692383,57.97999954223633,52.170448303222656,0.0,0.0,0.0
47.0,17.230327606201172,18570.5078125,1836.469970703125,7077.837890625,9656.201171875,1600.0,16.680625915527344,0.0,8859.5859375,0.06926202028989792,2.766460418701172,0.04823625087738037,1.139221429824829,3.9148900508880615,1.6022851467132568,2.62267804145813,4.707516193389893,0.0007479231571778655,0.1678798645734787,0.1911512166261673,0.0,0.0,0.0,0.0,758.1734008789062,13.219578742980957,186.69569396972656,1142.6046142578125,705.9155883789062,0.0,3050.470458984375,0.43080374598503113,20.145584106445312,20.816368103027344,0.0,0.0,0.0,69.15840148925781,69.15840148925781,229.33546447753906,218.60284423828125,230.10911560058594,0.0,0.0,0.0,229.33546447753906,218.60284423828125,230.10911560058594,0.0,0.0,0.0,50.400001525878906,47.26070785522461,50.62629318237305,0.0,0.0,0.0
48.0,17.596166610717773,18644.5390625,1836.469970703125,7128.4765625,9679.5927734375,1600.0,16.08784294128418,0.0,9221.26953125,0.06958915293216705,3.098862409591675,0.05860929563641548,1.1392947435379028,3.9148900508880615,1.6057761907577515,2.6226789951324463,4.72585916519165,0.0008384750108234584,0.16808216273784637,0.1916857212781906,0.0,0.0,0.0,0.0,849.2711791992188,16.062406539916992,186.7071533203125,1195.091552734375,937.2979736328125,0.0,2914.556396484375,0.16046470403671265,20.169858932495117,20.874574661254883,0.0,0.0,0.0,71.06160736083984,71.06160736083984,159.0800018310547,214.99693298339844,187.36151123046875,0.0,0.0,0.0,159.0800018310547,214.99693298339844,187.36151123046875,0.0,0.0,0.0,30.44305992126465,46.798763275146484,38.71540069580078,0.0,0.0,0.0
49.0,17.947425842285156,19034.765625,1836.469970703125,7335.92333984375,9862.37109375,1600.0,15.8011474609375,0.0,9583.7998046875,0.06979846209287643,3.4091687202453613,0.06846607476472855,1.1393405199050903,3.9148900508880615,1.608062744140625,2.6226794719696045,4.743806838989258,0.0008964104927144945,0.17070695757865906,0.1996101438999176,0.0,0.0,0.0,0.0,934.3134155273438,18.76374626159668,186.71429443359375,2818.720703125,1157.80517578125,0.0,1223.8311767578125,0.07206207513809204,20.484834671020508,21.737545013427734,0.0,0.0,0.0,73.00259399414062,73.00259399414062,169.64588928222656,174.86253356933594,167.77178955078125,0.0,0.0,0.0,169.64588928222656,174.86253356933594,167.77178955078125,0.0,0.0,0.0,33.820274353027344,35.34614181518555,33.272098541259766,0.0,0.0,0.0
50.0,18.284576416015625,19296.685546875,1836.469970703125,7416.861328125,10043.353515625,1600.0,15.908885955810547,0.0,9652.0,0.06996660679578781,3.6890273094177246,0.07742491364479065,1.1393768787384033,3.9148900508880615,1.6099138259887695,2.6226799488067627,4.760173320770264,0.0009429541532881558,0.1781206727027893,0.22205974161624908,0.0,0.0,0.0,0.0,1011.01123046875,21.218996047973633,186.719970703125,2818.720703125,1159.137939453125,0.0,1184.0087890625,0.07332887500524521,21.374481201171875,24.18230628967285,0.0,0.0,0.0,74.9361801147461,74.9361801147461,146.69705200195312,173.80453491210938,133.32760620117188,0.0,0.0,0.0,146.69705200195312,173.80453491210938,133.32760620117188,0.0,0.0,0.0,27.000001907348633,34.92893981933594,23.08943748474121,0.0,0.0,0.0
51.0,18.49283790588379,19364.84765625,1836.469970703125,7450.48486328125,10077.892578125,1600.0,16.448400497436523,0.0,9374.400390625,0.0700477734208107,3.8337998390197754,0.0821225643157959,1.1393942832946777,3.9148900508880615,1.6108084917068481,2.622680187225342,4.768700122833252,0.0009654209134168923,0.1902942955493927,0.2591337561607361,0.0,0.0,0.0,0.0,1050.6873779296875,22.50642967224121,186.7227020263672,2818.720703125,965.2866821289062,0.0,1142.5625,0.07240435481071472,22.835315704345703,28.219667434692383,0.0,0.0,0.0,76.78500366210938,76.78500366210938,78.17023468017578,174.62738037109375,169.64834594726562,0.0,0.0,0.0,78.17023468017578,174.62738037109375,169.64834594726562,0.0,0.0,0.0,6.416393280029297,34.63010787963867,33.17374038696289,0.0,0.0,0.0
52.0,18.614803314208984,19433.189453125,1836.469970703125,7518.828125,10077.892578125,1600.0,16.498960494995117,0.0,9381.193359375,0.07006479799747467,3.9014666080474854,0.08433986455202103,1.1393979787826538,3.9148900508880615,1.6109962463378906,2.622680425643921,4.771857738494873,0.0009701339877210557,0.20230647921562195,0.295833021402359,0.0,0.0,0.0,0.0,1069.232177734375,23.114099502563477,186.7232666015625,2818.720703125,596.8934326171875,0.0,1489.1737060546875,0.09479943662881851,24.276777267456055,32.216217041015625,0.0,0.0,0.0,78.52882385253906,78.52882385253906,141.19073486328125,182.4384002685547,164.52122497558594,0.0,0.0,0.0,141.19073486328125,182.4384002685547,164.52122497558594,0.0,0.0,0.0,24.799327850341797,36.8642692565918,31.623498916625977,0.0,0.0,0.0
53.0,18.891101837158203,19591.685546875,1836.469970703125,7677.322265625,10077.892578125,1600.0,17.41468048095703,0.0,8968.0859375,0.07008843123912811,4.070803165435791,0.08979781717061996,1.139402985572815,3.9148900508880615,1.6112596988677979,2.622680425643921,4.77895975112915,0.000976675539277494,0.22550183534622192,0.3667406439781189,0.0,0.0,0.0,0.0,1115.6402587890625,24.609901428222656,186.7240447998047,1134.108154296875,425.0632019042969,0.0,3007.043701171875,0.3346187174320221,27.06022071838379,39.93805694580078,0.0,0.0,0.0,80.19127655029297,80.19127655029297,208.28871154785156,219.1282501220703,188.6970672607422,0.0,0.0,0.0,208.28871154785156,219.1282501220703,188.6970672607422,0.0,0.0,0.0,43.509769439697266,46.68033218383789,37.77920913696289,0.0,0.0,0.0
54.0,19.180368423461914,19678.068359375,1836.469970703125,7763.70703125,10077.892578125,1600.0,17.707765579223633,0.0,8862.37890625,0.07010666280984879,4.265042304992676,0.09606880694627762,1.1394069194793701,3.9148900508880615,1.6114628314971924,2.622680425643921,4.786773681640625,0.0009817227255553007,0.24539680778980255,0.4275592863559723,0.0,0.0,0.0,0.0,1168.8731689453125,26.328523635864258,186.7246551513672,935.8927001953125,402.4918212890625,0.0,3090.856201171875,0.539324164390564,29.447616577148438,46.56120681762695,0.0,0.0,0.0,81.7966537475586,81.7966537475586,229.3444366455078,220.53936767578125,217.9089813232422,0.0,0.0,0.0,229.3444366455078,220.53936767578125,217.9089813232422,0.0,0.0,0.0,49.37548065185547,46.79999923706055,46.03061294555664,0.0,0.0,0.0
55.0,19.40037727355957,19744.447265625,1836.469970703125,7830.0859375,10077.892578125,1600.0,18.025842666625977,0.0,8739.4775390625,0.07011796534061432,4.420566558837891,0.10109291970729828,1.1394093036651611,3.9148900508880615,1.6115885972976685,2.622680425643921,4.792910575866699,0.0009848502231761813,0.25850486755371094,0.4676302373409271,0.0,0.0,0.0,0.0,1211.49609375,27.705425262451172,186.72503662109375,937.3644409179688,394.6329345703125,0.0,2962.9970703125,0.4663534164428711,31.020584106445312,50.92493438720703,0.0,0.0,0.0,83.39509582519531,83.39509582519531,215.3995361328125,219.2314910888672,221.08494567871094,0.0,0.0,0.0,215.3995361328125,219.2314910888672,221.08494567871094,0.0,0.0,0.0,44.978519439697266,46.099369049072266,46.64150619506836,0.0,0.0,0.0
56.0,19.539997100830078,19765.451171875,1836.469970703125,7851.08837890625,10077.892578125,1600.0,17.544538497924805,0.0,8987.6552734375,0.07012441009283066,4.5214619636535645,0.10435256361961365,1.1394107341766357,3.9148900508880615,1.611660361289978,2.622680425643921,4.796860694885254,0.0009866345208138227,0.26625317335128784,0.4913165867328644,0.0,0.0,0.0,0.0,1239.1473388671875,28.5987606048584,186.72525024414062,1013.5614624023438,313.77093505859375,0.0,3101.073486328125,0.547950804233551,31.950382232666016,53.50437927246094,0.0,0.0,0.0,85.01541137695312,85.01541137695312,230.17222595214844,219.9813232421875,225.792724609375,0.0,0.0,0.0,230.17222595214844,219.9813232421875,225.792724609375,0.0,0.0,0.0,49.78083801269531,46.79999923706055,48.49983596801758,0.0,0.0,0.0
57.0,19.606325149536133,19772.095703125,1836.469970703125,7857.73388671875,10077.892578125,1600.0,17.555339813232422,0.0,8987.6552734375,0.07012701779603958,4.570971965789795,0.10595501214265823,1.139411211013794,3.9148900508880615,1.6117372512817383,2.622680425643921,4.7989420890808105,0.0009873565286397934,0.2694706618785858,0.5011521577835083,0.0,0.0,0.0,9.382692337036133,1252.716064453125,29.037925720214844,186.725341796875,991.653076171875,321.7929992675781,0.0015173457795754075,3088.4638671875,0.5273078680038452,32.33647918701172,54.575469970703125,0.0,0.0,0.0,86.68274688720703,86.68274688720703,232.01519775390625,248.69505310058594,220.52772521972656,0.0,0.0,0.0,232.01519775390625,248.69505310058594,220.52772521972656,0.0,0.0,0.0,50.309104919433594,55.187965393066406,46.94902038574219,0.0,0.0,0.0
58.0,19.63932991027832,19779.431640625,1836.469970703125,7865.0703125,10077.892578125,1600.0,17.335115432739258,0.0,9106.0634765625,0.07012752443552017,4.598657131195068,0.10686033964157104,1.1394113302230835,3.9148900508880615,1.6119155883789062,2.622680425643921,4.800602436065674,0.0009874965762719512,0.27010542154312134,0.5030924677848816,0.0,0.0,0.0,25.799863815307617,1260.303466796875,29.286039352416992,186.72535705566406,952.9723510742188,406.6669616699219,0.0017704886849969625,3095.774658203125,0.532422661781311,32.41265106201172,54.786773681640625,0.0,0.0,0.0,88.39032745361328,88.39032745361328,224.40756225585938,252.9920196533203,225.80384826660156,0.0,0.0,0.0,224.40756225585938,252.9920196533203,225.80384826660156,0.0,0.0,0.0,48.304100036621094,56.66504669189453,48.71250915527344,0.0,0.0,0.0
59.0,19.699480056762695,19825.6015625,1836.469970703125,7911.2392578125,10077.892578125,1600.0,17.0417537689209,0.0,9284.51171875,0.07012806832790375,4.65057373046875,0.10855581611394882,1.139411449432373,3.9148900508880615,1.6123156547546387,2.622680425643921,4.803933620452881,0.000987647334113717,0.2707968056201935,0.5052061080932617,0.0,0.0,0.0,0.0,1274.53173828125,29.750699996948242,186.72537231445312,821.561767578125,710.334716796875,0.0,3052.76806640625,0.49636611342430115,32.4956169128418,55.01694869995117,0.0,0.0,0.0,90.17022705078125,90.17022705078125,210.9052734375,217.58326721191406,216.58349609375,0.0,0.0,0.0,210.9052734375,217.58326721191406,216.58349609375,0.0,0.0,0.0,44.648040771484375,46.60135269165039,46.30891799926758,0.0,0.0,0.0
60.0,19.76720428466797,19840.208984375,1836.469970703125,7925.84765625,10077.892578125,1600.0,16.36713981628418,0.0,9671.4365234375,0.07012824714183807,4.709792613983154,0.11048747599124908,1.139411449432373,3.9148900508880615,1.612467885017395,2.622680425643921,4.807998180389404,0.0009876952972263098,0.27137044072151184,0.5069905519485474,0.0,0.0,0.0,0.0,1290.7611083984375,30.280088424682617,186.72537231445312,979.6332397460938,941.2039184570312,0.0,2905.758056640625,0.323825478553772,32.564453125,55.21126937866211,0.0,0.0,0.0,92.01488494873047,92.01488494873047,213.48927307128906,212.9396209716797,174.88027954101562,0.0,0.0,0.0,213.48927307128906,212.9396209716797,174.88027954101562,0.0,0.0,0.0,46.07847213745117,45.91769790649414,34.785343170166016,0.0,0.0,0.0
61.0,19.961820602416992,20163.224609375,1836.469970703125,8102.9658203125,10223.7890625,1600.0,16.00025177001953,0.12012529373168945,10051.6650390625,0.07012845575809479,4.8683390617370605,0.11578311026096344,1.1394115686416626,3.914954662322998,1.6126612424850464,2.622680425643921,4.818235397338867,0.0009877535048872232,0.2763129472732544,0.5223256945610046,0.0,0.0,0.0,0.0,1334.212158203125,31.73140525817871,186.7253875732422,2798.962158203125,1161.1160888671875,0.0,1073.8353271484375,0.06938525289297104,33.157554626464844,56.88127136230469,0.0,0.0,0.0,93.89926147460938,93.89926147460938,167.82138061523438,174.67335510253906,194.86476135253906,0.0,0.0,0.0,167.82138061523438,174.67335510253906,194.86476135253906,0.0,0.0,0.0,32.967376708984375,34.97157669067383,40.8775634765625,0.0,0.0,0.0
62.0,20.28036880493164,20470.998046875,1836.469970703125,8234.7763671875,10399.7509765625,1600.0,16.132627487182617,0.0,10123.2001953125,0.07012871652841568,5.112845420837402,0.12395206838846207,1.1394115686416626,3.9156336784362793,1.6129119396209717,2.622680425643921,4.833588123321533,0.000987826962955296,0.2884726822376251,0.5597562789916992,0.0,0.0,0.0,0.0,1401.2213134765625,33.97018051147461,186.7253875732422,2801.12841796875,1161.296630859375,0.0,1049.3702392578125,0.06773243099451065,30.74987030029297,58.452449798583984,0.0,0.0,0.0,95.79207611083984,95.79207611083984,105.01708221435547,171.11685180664062,163.4739990234375,0.0,0.0,0.0,105.01708221435547,171.11685180664062,163.4739990234375,0.0,0.0,0.0,14.584869384765625,33.91905212402344,31.683517456054688,0.0,0.0,0.0
63.0,20.538742065429688,20556.5078125,1836.469970703125,8285.763671875,10434.2744140625,1600.0,16.691442489624023,0.0,9832.0439453125,0.07012888789176941,5.284821033477783,0.1297093778848648,1.1394116878509521,3.916347026824951,1.6130726337432861,2.622680425643921,4.844249725341797,0.0009878736454993486,0.30551496148109436,0.6118184924125671,0.0,0.0,0.0,0.0,1448.3529052734375,35.54802322387695,186.72540283203125,2782.174560546875,966.6434326171875,0.0,1014.406005859375,0.06542713195085526,29.35456657409668,61.77485275268555,0.0,0.0,0.0,97.61266326904297,97.61266326904297,69.71710968017578,150.70632934570312,160.65159606933594,0.0,0.0,0.0,69.71710968017578,150.70632934570312,160.65159606933594,0.0,0.0,0.0,3.7008116245269775,27.390159606933594,30.299148559570312,0.0,0.0,0.0
64.0,20.694005966186523,20627.90625,1836.469970703125,8357.162109375,10434.2744140625,1600.0,16.741497039794922,0.0,9839.1689453125,0.0701289251446724,5.377838611602783,0.13282647728919983,1.1394116878509521,3.916553020477295,1.6131093502044678,2.622680425643921,4.848864555358887,0.0009878842392936349,0.3189554810523987,0.6526501178741455,0.0,0.0,0.0,0.0,1473.8450927734375,36.40229415893555,186.72540283203125,2818.931396484375,597.6763916015625,0.0,1305.1185302734375,0.08414844423532486,38.274658203125,71.07359313964844,0.0,0.0,0.0,99.32572174072266,99.32572174072266,125.50519561767578,177.60597229003906,178.9210968017578,0.0,0.0,0.0,125.50519561767578,177.60597229003906,178.9210968017578,0.0,0.0,0.0,19.96877098083496,35.208248138427734,35.59292221069336,0.0,0.0,0.0
65.0,21.017642974853516,20823.98046875,1836.469970703125,8553.2353515625,10434.2744140625,1600.0,17.696186065673828,0.0,9405.90234375,0.07012896984815598,5.59199333190918,0.14009426534175873,1.1394116878509521,3.916830539703369,1.6131536960601807,2.622680425643921,4.858570575714111,0.0009878972778096795,0.3417966663837433,0.7219937443733215,0.0,0.0,0.0,0.0,1532.5362548828125,38.39409637451172,186.72540283203125,1011.3306884765625,425.5628356933594,0.0,2920.007568359375,0.453163743019104,41.01559829711914,78.6251220703125,0.0,0.0,0.0,100.96734619140625,100.96734619140625,197.43231201171875,218.0957794189453,218.4342498779297,0.0,0.0,0.0,197.43231201171875,218.0957794189453,218.4342498779297,0.0,0.0,0.0,40.052764892578125,46.096832275390625,46.195831298828125,0.0,0.0,0.0
66.0,21.372312545776367,20933.52734375,1836.469970703125,8662.783203125,10434.2744140625,1600.0,18.009605407714844,0.0,9295.0283203125,0.07012900710105896,5.845935821533203,0.14867481589317322,1.1394116878509521,3.9170589447021484,1.6131891012191772,2.622680425643921,4.869682312011719,0.000987907638773322,0.36181190609931946,0.7827495336532593,0.0,0.0,0.0,0.0,1602.13134765625,40.74567413330078,186.72540283203125,814.3865966796875,402.92303466796875,0.0,2982.339599609375,0.46640872955322266,43.41743087768555,85.24142456054688,0.0,0.0,0.0,102.5582504272461,102.5582504272461,202.0613250732422,218.7230224609375,216.01930236816406,0.0,0.0,0.0,202.0613250732422,218.7230224609375,216.01930236816406,0.0,0.0,0.0,41.09333038330078,45.96687698364258,45.17604064941406,0.0,0.0,0.0
67.0,21.65203285217285,21022.478515625,1836.469970703125,8751.734375,10434.2744140625,1600.0,18.34956932067871,0.0,9166.1318359375,0.07012903690338135,6.055037975311279,0.15570656955242157,1.1394116878509521,3.9172074794769287,1.6132118701934814,2.622680425643921,4.8786845207214355,0.0009879141580313444,0.3752966523170471,0.8236791491508484,0.0,0.0,0.0,0.0,1659.437744140625,42.67279052734375,186.72540283203125,876.2153930664062,395.0304260253906,0.0,2774.9697265625,0.17850585281848907,45.03559875488281,89.69866180419922,0.0,0.0,0.0,104.1494140625,104.1494140625,131.21656799316406,218.5469512939453,151.9884796142578,0.0,0.0,0.0,131.21656799316406,218.5469512939453,151.9884796142578,0.0,0.0,0.0,20.031274795532227,45.575416564941406,26.10706329345703,0.0,0.0,0.0
68.0,21.8343563079834,21050.623046875,1836.469970703125,8779.8798828125,10434.2744140625,1600.0,17.86289405822754,0.0,9426.4228515625,0.07012905180454254,6.193812370300293,0.16035716235637665,1.1394116878509521,3.917295455932617,1.6132252216339111,2.622680425643921,4.884619235992432,0.0009879179997369647,0.3834403157234192,0.8483964800834656,0.0,0.0,0.0,0.0,1697.4700927734375,43.94732666015625,186.72540283203125,880.3428955078125,314.0755920410156,0.0,2982.257568359375,0.4658944606781006,46.01283645629883,92.39037322998047,0.0,0.0,0.0,105.75171661376953,105.75171661376953,193.50360107421875,217.95120239257812,215.66920471191406,0.0,0.0,0.0,193.50360107421875,217.95120239257812,215.66920471191406,0.0,0.0,0.0,38.736907958984375,45.8878288269043,45.22034454345703,0.0,0.0,0.0
69.0,21.921728134155273,21059.529296875,1836.469970703125,8788.78515625,10434.2744140625,1600.0,17.875146865844727,0.0,9426.4228515625,0.07012905180454254,6.264063358306885,0.16272789239883423,1.1394116878509521,3.9173238277435303,1.613429069519043,2.622680425643921,4.8882927894592285,0.0009879192803055048,0.38612794876098633,0.8565534949302673,0.0,0.0,0.0,0.0,1716.7230224609375,44.597042083740234,186.72540283203125,860.6227416992188,322.13079833984375,0.0,2971.170166015625,0.4650566577911377,46.33535385131836,93.27867889404297,0.0,0.0,0.0,107.39161682128906,107.39161682128906,190.9823455810547,218.1428680419922,199.35372924804688,0.0,0.0,0.0,190.9823455810547,218.1428680419922,199.35372924804688,0.0,0.0,0.0,37.98719024658203,45.931644439697266,40.435821533203125,0.0,0.0,0.0
70.0,21.98845863342285,21093.369140625,1836.469970703125,8822.6259765625,10434.2744140625,1600.0,17.671754837036133,0.0,9550.6162109375,0.07012905180454254,6.320950508117676,0.1646522730588913,1.1394116878509521,3.9173340797424316,1.613783836364746,2.622680425643921,4.891945838928223,0.000987919745966792,0.38709479570388794,0.8594878315925598,0.0,0.0,0.0,0.0,1732.3134765625,45.12443923950195,186.72540283203125,853.4767456054688,407.1383056640625,0.0,2958.759765625,0.4487076699733734,46.45137405395508,93.59822082519531,0.0,0.0,0.0,109.05756378173828,109.05756378173828,190.40623474121094,217.48941040039062,196.40313720703125,0.0,0.0,0.0,190.40623474121094,217.48941040039062,196.40313720703125,0.0,0.0,0.0,38.02206802368164,45.94389724731445,39.77616500854492,0.0,0.0,0.0
71.0,22.08694076538086,21147.62109375,1836.469970703125,8876.8759765625,10434.2744140625,1600.0,17.375516891479492,0.0,9737.775390625,0.07012905925512314,6.406099796295166,0.16752663254737854,1.1394116878509521,3.917344808578491,1.614388108253479,2.622680425643921,4.897658824920654,0.0009879202116280794,0.3881185054779053,0.8625948429107666,0.0,0.0,0.0,0.0,1755.6494140625,45.91218185424805,186.72540283203125,841.13623046875,711.2477416992188,0.0,2766.798828125,0.4169608950614929,46.57421875,93.93657684326172,0.0,0.0,0.0,110.76293182373047,110.76293182373047,180.32713317871094,212.65213012695312,210.42376708984375,0.0,0.0,0.0,180.32713317871094,212.65213012695312,210.42376708984375,0.0,0.0,0.0,35.37017059326172,44.82522964477539,44.17343521118164,0.0,0.0,0.0
72.0,22.175317764282227,21164.78515625,1836.469970703125,8894.041015625,10434.2744140625,1600.0,16.83876609802246,0.4076836407184601,10053.5458984375,0.07012905925512314,6.484622001647949,0.1701766699552536,1.1394116878509521,3.9173483848571777,1.6146135330200195,2.622680425643921,4.9033403396606445,0.0009879203280434012,0.38843926787376404,0.8635684251785278,0.0,0.0,0.0,0.0,1777.1690673828125,46.638450622558594,186.72540283203125,2623.176513671875,942.4563598632812,0.0,942.4655151367188,0.060512516647577286,46.61271286010742,94.0426025390625,0.0,0.0,0.0,112.50981140136719,112.50981140136719,179.196533203125,182.63803100585938,190.09129333496094,0.0,0.0,0.0,179.196533203125,182.63803100585938,190.09129333496094,0.0,0.0,0.0,35.16853332519531,36.1751708984375,38.35525131225586,0.0,0.0,0.0
73.0,22.365495681762695,21435.82421875,1836.469970703125,9050.03515625,10549.318359375,2930.02685546875,16.403038024902344,0.0,10448.7939453125,0.07012905925512314,6.6557135581970215,0.17606611549854279,1.1394116878509521,3.917351722717285,1.6148544549942017,2.622680425643921,4.914981842041016,0.000987920444458723,0.38876405358314514,0.8645541667938232,0.0,0.0,0.0,0.0,1824.0582275390625,48.252506256103516,186.72540283203125,2612.16162109375,1162.6951904296875,0.0,949.0354614257812,0.060882072895765305,46.65168762207031,94.14994812011719,0.0,0.0,0.0,114.2965087890625,114.2965087890625,131.08343505859375,177.67974853515625,146.28562927246094,0.0,0.0,0.0,131.08343505859375,177.67974853515625,146.28562927246094,0.0,0.0,0.0,21.93886947631836,35.56828689575195,26.38550567626953,0.0,0.0,0.0
74.0,22.64311408996582,21711.796875,1836.469970703125,9154.6826171875,10720.64453125,2930.02685546875,16.499143600463867,0.0,10523.150390625,0.07012905925512314,6.906270980834961,0.18473473191261292,1.1394116878509521,3.91735577583313,1.6151446104049683,2.622680425643921,4.931525230407715,0.0009879206772893667,0.3891494572162628,0.8657238483428955,0.0,0.0,0.0,0.0,1892.7257080078125,50.62821578979492,186.72540283203125,2617.55517578125,1162.9041748046875,0.0,940.7518310546875,0.06027759611606598,35.02345275878906,85.7066650390625,0.0,0.0,0.0,116.09140014648438,116.09140014648438,76.90361785888672,156.07159423828125,133.9217529296875,0.0,0.0,0.0,76.90361785888672,156.07159423828125,133.9217529296875,0.0,0.0,0.0,5.995163917541504,29.151798248291016,22.672969818115234,0.0,0.0,0.0
75.0,22.841323852539062,21778.44921875,1836.469970703125,9187.7939453125,10754.1845703125,2930.02685546875,17.052600860595703,0.0,10220.4990234375,0.07012905925512314,7.085436820983887,0.19094251096248627,1.1394116878509521,3.9173583984375,1.6153316497802734,2.622680425643921,4.943183422088623,0.0009879207937046885,0.389394611120224,0.8664678931236267,0.0,0.0,0.0,0.0,1941.8277587890625,52.32951736450195,186.72540283203125,2586.65966796875,967.9971923828125,0.0,910.0806884765625,0.05826269090175629,35.04551315307617,85.78031921386719,0.0,0.0,0.0,117.80860900878906,117.80860900878906,87.31970977783203,148.79843139648438,127.75656127929688,0.0,0.0,0.0,87.31970977783203,148.79843139648438,127.75656127929688,0.0,0.0,0.0,8.48841381072998,26.4709415435791,20.316192626953125,0.0,0.0,0.0
76.0,22.938961029052734,21788.92578125,1836.469970703125,9198.2705078125,10754.1845703125,2930.02685546875,17.05231285095215,0.0,10227.8994140625,0.07012905925512314,7.175139904022217,0.19405478239059448,1.1394116878509521,3.917358875274658,1.6153677701950073,2.622680425643921,4.947779178619385,0.0009879207937046885,0.3894415497779846,0.8666103482246399,0.0,0.0,0.0,0.0,1966.4117431640625,53.18246078491211,186.72540283203125,2666.817626953125,598.51318359375,0.0,1177.3037109375,0.07534394413232803,35.049739837646484,85.79442596435547,0.0,0.0,0.0,119.42430114746094,119.42430114746094,88.36991882324219,164.45889282226562,142.86953735351562,0.0,0.0,0.0,88.36991882324219,164.45889282226562,142.86953735351562,0.0,0.0,0.0,8.795886993408203,31.051912307739258,24.73702621459961,0.0,0.0,0.0
77.0,23.11440658569336,21931.71875,1836.469970703125,9341.0654296875,10754.1845703125,2930.02685546875,17.973596572875977,0.0,9777.5048828125,0.07012905925512314,7.337248802185059,0.1996726393699646,1.1394116878509521,3.9173591136932373,1.6153984069824219,2.622680425643921,4.9553070068359375,0.0009879207937046885,0.38948097825050354,0.8667300343513489,0.0,0.0,0.0,0.0,2010.8392333984375,54.72208786010742,186.72540283203125,928.1629638671875,426.155029296875,0.0,2716.820556640625,0.4089498817920685,46.73771667480469,94.38690185546875,0.0,0.0,0.0,120.96224212646484,120.96224212646484,202.76036071777344,213.40379333496094,201.80055236816406,0.0,0.0,0.0,202.76036071777344,213.40379333496094,201.80055236816406,0.0,0.0,0.0,41.33380889892578,44.44701385498047,41.05306625366211,0.0,0.0,0.0
78.0,23.36737823486328,22025.85546875,1836.469970703125,9435.2001953125,10754.1845703125,2930.02685546875,18.27436065673828,0.0,9662.259765625,0.07012905925512314,7.571389675140381,0.20778071880340576,1.1394116878509521,3.9173595905303955,1.6154333353042603,2.622680425643921,4.965813159942627,0.0009879207937046885,0.3895259201526642,0.8668663501739502,0.0,0.0,0.0,0.0,2075.007568359375,56.94417953491211,186.72540283203125,2213.127685546875,403.4835510253906,0.0,1309.3316650390625,0.08367698639631271,46.74311065673828,94.40174865722656,0.0,0.0,0.0,122.44622039794922,122.44622039794922,179.80397033691406,196.4423370361328,181.80926513671875,0.0,0.0,0.0,179.80397033691406,196.4423370361328,181.80926513671875,0.0,0.0,0.0,34.318302154541016,39.185020446777344,34.904850006103516,0.0,0.0,0.0
79.0,23.554704666137695,22064.0,1836.469970703125,9473.345703125,10754.1845703125,2930.02685546875,18.57282829284668,0.0,9528.2626953125,0.07012905925512314,7.744954586029053,0.21378757059574127,1.1394116878509521,3.9173600673675537,1.6154558658599854,2.622680425643921,4.973428249359131,0.0009879207937046885,0.38955482840538025,0.8669542074203491,0.0,0.0,0.0,0.0,2122.57470703125,58.59041213989258,186.72540283203125,692.8499755859375,395.57989501953125,0.0,2696.339111328125,0.2916538417339325,46.74658203125,94.41130828857422,0.0,0.0,0.0,123.9280014038086,123.9280014038086,180.02880859375,215.29042053222656,168.57284545898438,0.0,0.0,0.0,180.02880859375,215.29042053222656,168.57284545898438,0.0,0.0,0.0,34.085594177246094,44.399620056152344,30.734729766845703,0.0,0.0,0.0
80.0,23.654207229614258,22076.068359375,1836.469970703125,9485.4150390625,10754.1845703125,2930.02685546875,18.06422233581543,0.0,9798.841796875,0.07012905925512314,7.837202072143555,0.21697913110256195,1.1394116878509521,3.9173600673675537,1.6154667139053345,2.622680425643921,4.977424144744873,0.0009879207937046885,0.38956889510154724,0.8669968247413635,0.0,0.0,0.0,0.0,2147.85595703125,59.465087890625,186.72540283203125,973.2467651367188,314.5119934082031,0.0,2651.723388671875,0.16931459307670593,46.748268127441406,94.41595458984375,0.0,0.0,0.0,125.43124389648438,125.43124389648438,124.52239990234375,214.64523315429688,173.23133850097656,0.0,0.0,0.0,124.52239990234375,214.64523315429688,173.23133850097656,0.0,0.0,0.0,18.358579635620117,44.71950912475586,32.60594177246094,0.0,0.0,0.0
81.0,23.69841957092285,22079.888671875,1836.469970703125,9489.2333984375,10754.1845703125,2930.02685546875,18.07164764404297,0.0,9798.841796875,0.07012905925512314,7.878207206726074,0.21839764714241028,1.1394116878509521,3.917360305786133,1.615471363067627,2.622680425643921,4.979184627532959,0.0009879209101200104,0.3895747661590576,0.8670146465301514,0.0,0.0,0.0,0.0,2159.09375,59.853843688964844,186.72540283203125,937.6564331054688,322.5385437011719,0.0,2665.884521484375,0.40209972858428955,46.74897003173828,94.41789245605469,0.0,0.0,0.0,126.97183227539062,126.97183227539062,217.25531005859375,212.0916290283203,217.4005889892578,0.0,0.0,0.0,217.25531005859375,212.0916290283203,217.4005889892578,0.0,0.0,0.0,45.47553253173828,43.96515655517578,45.51802444458008,0.0,0.0,0.0
82.0,23.7164363861084,23593.396484375,3348.77001953125,9490.44140625,10754.1845703125,2930.02685546875,19.059003829956055,0.0,9927.9365234375,0.07012905925512314,7.894739627838135,0.2190312296152115,1.1394116878509521,3.917360305786133,1.6155260801315308,2.622680425643921,4.979976654052734,0.0009879209101200104,0.3895757496356964,0.8670175671577454,0.0,0.0,0.0,0.0,2163.62451171875,60.02748107910156,186.72540283203125,958.3074340820312,407.5778503417969,0.0,2641.109619140625,0.1686040610074997,46.749088287353516,94.418212890625,0.0,0.0,0.0,128.54110717773438,128.54110717773438,128.4979705810547,217.9954376220703,141.278076171875,0.0,0.0,0.0,128.4979705810547,217.9954376220703,141.278076171875,0.0,0.0,0.0,18.526653289794922,44.70466232299805,22.264833450317383,0.0,0.0,0.0
83.0,23.745996475219727,23617.375,3348.77001953125,9514.4208984375,10754.1845703125,2930.02685546875,18.709136962890625,0.0,10122.4970703125,0.07012905925512314,7.921765327453613,0.22010374069213867,1.1394116878509521,3.917360305786133,1.6156456470489502,2.622680425643921,4.981316089630127,0.0009879209101200104,0.38957664370536804,0.867020308971405,0.0,0.0,0.0,0.0,2171.03125,60.321414947509766,186.72540283203125,829.31103515625,711.8017578125,0.0,2587.625244140625,0.16517339646816254,46.74919509887695,94.41851043701172,0.0,0.0,0.0,130.15182495117188,130.15182495117188,117.62015533447266,215.3975830078125,177.70953369140625,0.0,0.0,0.0,117.62015533447266,215.3975830078125,177.70953369140625,0.0,0.0,0.0,15.694758415222168,44.294654846191406,33.27090072631836,0.0,0.0,0.0
84.0,23.780641555786133,23624.962890625,3348.77001953125,9522.0078125,10754.1845703125,2930.02685546875,18.014802932739258,0.0,10510.970703125,0.07012905925512314,7.95344352722168,0.221401184797287,1.1394116878509521,3.917360305786133,1.6156710386276245,2.622680425643921,4.98295783996582,0.0009879209101200104,0.38957679271698,0.8670207858085632,0.0,0.0,0.0,0.0,2179.712890625,60.6769905090332,186.72540283203125,2487.31689453125,943.0736694335938,0.0,949.423583984375,0.06059615686535835,46.74921417236328,94.41856384277344,0.0,0.0,0.0,131.81092834472656,131.81092834472656,139.29640197753906,178.6761474609375,164.0264892578125,0.0,0.0,0.0,139.29640197753906,178.6761474609375,164.0264892578125,0.0,0.0,0.0,22.72939682006836,34.24797058105469,29.962947845458984,0.0,0.0,0.0
85.0,23.989564895629883,23976.89453125,3348.77001953125,9722.875,10905.2490234375,2930.02685546875,17.58310317993164,0.0,10924.2119140625,0.07012905925512314,8.144338607788086,0.22939451038837433,1.1394116878509521,3.917360305786133,1.6157522201538086,2.622680425643921,4.992910861968994,0.0009879209101200104,0.3895772695541382,0.8670222759246826,0.0,0.0,0.0,0.0,2232.029541015625,62.86763381958008,186.72540283203125,2502.75048828125,1163.3416748046875,0.0,962.4581298828125,0.06138361245393753,31.428346633911133,83.13162994384766,0.0,0.0,0.0,133.52488708496094,133.52488708496094,146.80050659179688,172.40805053710938,141.49679565429688,0.0,0.0,0.0,146.80050659179688,172.40805053710938,141.49679565429688,0.0,0.0,0.0,25.356046676635742,32.84625244140625,23.804710388183594,0.0,0.0,0.0
86.0,24.26752281188965,24229.314453125,3348.77001953125,9786.4306640625,11094.11328125,2930.02685546875,17.644548416137695,0.0,11001.9501953125,0.07012905925512314,8.398296356201172,0.24004527926445007,1.1394116878509521,3.917360305786133,1.615849494934082,2.622680425643921,5.00615930557251,0.0009879209101200104,0.38957783579826355,0.8670240044593811,0.0,0.0,0.0,0.0,2301.62890625,65.78657531738281,186.72540283203125,2478.818359375,1163.41162109375,0.0,966.7777709960938,0.061599887907505035,30.085987091064453,82.13298797607422,0.0,0.0,0.0,135.2528533935547,135.2528533935547,61.29152297973633,151.01190185546875,131.18711853027344,0.0,0.0,0.0,61.29152297973633,151.01190185546875,131.18711853027344,0.0,0.0,0.0,0.28322121500968933,26.526432037353516,20.72768211364746,0.0,0.0,0.0
87.0,24.422500610351562,24286.462890625,3348.77001953125,9806.5400390625,11131.15234375,2930.02685546875,18.224210739135742,0.0,10685.5244140625,0.07012905925512314,8.539894104003906,0.24598601460456848,1.1394116878509521,3.917360305786133,1.615899682044983,2.622680425643921,5.013548374176025,0.0009879209101200104,0.3895781338214874,0.8670248985290527,0.0,0.0,0.0,0.0,2340.434814453125,67.41468048095703,186.72540283203125,2450.8525390625,968.3375854492188,0.0,938.5570068359375,0.05976973846554756,27.810380935668945,80.43989562988281,0.0,0.0,0.0,136.91184997558594,136.91184997558594,89.33815002441406,161.91067504882812,142.37005615234375,0.0,0.0,0.0,89.33815002441406,161.91067504882812,142.37005615234375,0.0,0.0,0.0,7.907199382781982,29.134662628173828,23.419031143188477,0.0,0.0,0.0
88.0,24.492746353149414,24292.82421875,3348.77001953125,9812.9033203125,11131.15234375,2930.02685546875,18.2196102142334,0.0,10693.2666015625,0.07012905925512314,8.605661392211914,0.24875232577323914,1.1394116878509521,3.917360305786133,1.615903615951538,2.622680425643921,5.015256404876709,0.0009879209101200104,0.3895781636238098,0.8670249581336975,0.0,0.0,0.0,0.0,2358.458984375,68.17281341552734,186.72540283203125,2534.510986328125,598.711669921875,0.0,1196.71142578125,0.07619982212781906,35.062034606933594,85.8354721069336,0.0,0.0,0.0,138.4942626953125,138.4942626953125,129.7589874267578,163.1506805419922,131.24464416503906,0.0,0.0,0.0,129.7589874267578,163.1506805419922,131.24464416503906,0.0,0.0,0.0,19.734895706176758,29.501962661743164,20.16944694519043,0.0,0.0,0.0
89.0,24.841402053833008,24628.873046875,3348.77001953125,10148.9521484375,11131.15234375,2930.02685546875,19.34434700012207,0.0,10222.3798828125,0.07012905925512314,8.93310832977295,0.2624971270561218,1.1394116878509521,3.917450428009033,1.6159113645553589,2.622680425643921,5.022623062133789,0.0009879209101200104,0.3895781934261322,0.8670250773429871,0.0,0.0,0.0,0.0,2448.19873046875,71.939697265625,186.72540283203125,2435.5986328125,426.29034423828125,0.0,1055.8507080078125,0.06719253212213516,35.06203842163086,85.83547973632812,0.0,0.0,0.0,140.0118865966797,140.0118865966797,137.24087524414062,176.3710479736328,143.33447265625,0.0,0.0,0.0,137.24087524414062,176.3710479736328,143.33447265625,0.0,0.0,0.0,20.79861068725586,32.24418258666992,22.58098602294922,0.0,0.0,0.0
90.0,25.435169219970703,24870.34375,3348.77001953125,10390.4228515625,11131.15234375,2930.02685546875,19.776182174682617,0.0,10101.8916015625,0.07012905925512314,9.490467071533203,0.2859053909778595,1.1394116878509521,3.91827130317688,1.6159204244613647,2.622680425643921,5.034791946411133,0.0009879209101200104,0.389578253030777,0.8670252561569214,0.0,0.0,0.0,0.0,2600.9482421875,78.35494995117188,186.72540283203125,1980.3614501953125,403.605224609375,0.0,1271.7188720703125,0.08085431903600693,46.7493896484375,94.4190444946289,0.0,0.0,0.0,141.4582061767578,141.4582061767578,124.68502044677734,200.5646514892578,135.9519805908203,0.0,0.0,0.0,124.68502044677734,200.5646514892578,135.9519805908203,0.0,0.0,0.0,16.69418716430664,38.888980865478516,19.989774703979492,0.0,0.0,0.0
91.0,25.998077392578125,25072.15625,3348.77001953125,10592.2333984375,11131.15234375,2930.02685546875,20.227495193481445,0.0,9961.8046875,0.07012905925512314,10.018845558166504,0.3080271780490875,1.1394116878509521,3.919300079345703,1.6159273386001587,2.622680425643921,5.0461649894714355,0.0009879209101200104,0.38957828283309937,0.8670253753662109,0.0,0.0,0.0,0.0,2745.755126953125,84.4176254272461,186.72540283203125,1869.7711181640625,395.6953430175781,0.0,1146.0782470703125,0.07280217111110687,45.30215072631836,93.34224700927734,0.0,0.0,0.0,142.90167236328125,142.90167236328125,123.5779800415039,200.585693359375,175.17762756347656,0.0,0.0,0.0,123.5779800415039,200.585693359375,175.17762756347656,0.0,0.0,0.0,15.919063568115234,38.44382095336914,31.011959075927734,0.0,0.0,0.0
92.0,26.3890323638916,25136.009765625,3348.77001953125,10656.087890625,11131.15234375,2930.02685546875,19.711498260498047,0.0,10244.685546875,0.07012905925512314,10.385815620422363,0.32336926460266113,1.1394116878509521,3.920086145401001,1.615931510925293,2.622680425643921,5.054017543792725,0.0009879209101200104,0.38957831263542175,0.8670254349708557,0.0,0.0,0.0,0.0,2846.326416015625,88.62226104736328,186.72540283203125,862.4925537109375,314.60247802734375,0.0,2316.522216796875,0.14706256985664368,46.536033630371094,94.26031494140625,0.0,0.0,0.0,144.369873046875,144.369873046875,122.5902328491211,213.12673950195312,178.45736694335938,0.0,0.0,0.0,122.5902328491211,213.12673950195312,178.45736694335938,0.0,0.0,0.0,16.14614486694336,42.62807083129883,32.487281799316406,0.0,0.0,0.0
93.0,26.580080032348633,25156.212890625,3348.77001953125,10676.291015625,11131.15234375,2930.02685546875,19.73176383972168,0.0,10244.685546875,0.07012905925512314,10.56513786315918,0.3308635652065277,1.1394116878509521,3.920492172241211,1.6159334182739258,2.622680425643921,5.057840347290039,0.0009879209101200104,0.38957831263542175,0.8670254349708557,0.0,0.0,0.0,0.0,2895.47119140625,90.67613983154297,186.72540283203125,645.8741455078125,322.63079833984375,0.0,2477.10302734375,0.3939926326274872,43.69779968261719,92.1485366821289,0.0,0.0,0.0,145.8839874267578,145.8839874267578,178.2111053466797,212.99290466308594,192.6547393798828,0.0,0.0,0.0,178.2111053466797,212.99290466308594,192.6547393798828,0.0,0.0,0.0,32.394981384277344,42.56865692138672,36.619747161865234,0.0,0.0,0.0
94.0,26.661836624145508,25162.60546875,3348.77001953125,10682.68359375,11131.15234375,2930.02685546875,19.479036331176758,0.0,10379.662109375,0.07012905925512314,10.641875267028809,0.3340701758861542,1.1394116878509521,3.9206721782684326,1.6159342527389526,2.622680425643921,5.059472560882568,0.0009879209101200104,0.38957834243774414,0.8670254945755005,0.0,0.0,0.0,0.0,2916.501708984375,91.55493927001953,186.72540283203125,961.5419921875,407.6808166503906,0.0,2145.70751953125,0.13616089522838593,42.78181457519531,91.46700286865234,0.0,0.0,0.0,147.4242706298828,147.4242706298828,186.9508056640625,200.8616943359375,189.908447265625,0.0,0.0,0.0,186.9508056640625,200.8616943359375,189.908447265625,0.0,0.0,0.0,35.20407485961914,39.27301025390625,36.069183349609375,0.0,0.0,0.0
95.0,26.694448471069336,25164.62890625,3348.77001953125,10684.70703125,11131.15234375,2930.02685546875,19.102602005004883,0.0,10583.06640625,0.07012905925512314,10.672483444213867,0.33534908294677734,1.1394116878509521,3.920746088027954,1.6159344911575317,2.622680425643921,5.060122013092041,0.0009879209101200104,0.38957834243774414,0.8670254945755005,0.0,0.0,0.0,0.0,2924.89013671875,91.90544128417969,186.72540283203125,665.5154418945312,711.9290771484375,0.0,2271.525146484375,0.34367677569389343,38.435482025146484,88.25785064697266,0.0,0.0,0.0,149.00302124023438,149.00302124023438,189.47874450683594,199.35133361816406,203.63723754882812,0.0,0.0,0.0,189.47874450683594,199.35133361816406,203.63723754882812,0.0,0.0,0.0,36.31992721557617,39.207664489746094,40.46128845214844,0.0,0.0,0.0
96.0,26.706899642944336,25165.267578125,3348.77001953125,10685.3466796875,11131.15234375,2930.02685546875,18.489439010620117,0.0,10929.3798828125,0.07012905925512314,10.684127807617188,0.3359162509441376,1.1394116878509521,3.920747756958008,1.6159344911575317,2.622680425643921,5.060359477996826,0.0009879209101200104,0.38957834243774414,0.8670254945755005,0.0,0.0,0.0,0.0,2928.08154296875,92.06087493896484,186.72540283203125,2116.27392578125,943.2274780273438,0.0,817.9363403320312,0.051900528371334076,38.50652313232422,88.3088607788086,0.0,0.0,0.0,150.62718200683594,150.62718200683594,159.2605438232422,185.93411254882812,181.3997039794922,0.0,0.0,0.0,159.2605438232422,185.93411254882812,181.3997039794922,0.0,0.0,0.0,28.094268798828125,35.89628982543945,34.56997299194336,0.0,0.0,0.0
97.0,26.913005828857422,25502.3359375,3348.77001953125,10896.0625,11257.5029296875,2930.02685546875,18.018102645874023,0.0,11359.064453125,0.07012905925512314,10.876532554626465,0.34567058086395264,1.1394116878509521,3.920757532119751,1.6159346103668213,2.622680425643921,5.064297199249268,0.0009879209101200104,0.38957834243774414,0.8670254945755005,0.0,0.0,0.0,0.0,2980.811767578125,94.73413848876953,186.72540283203125,2134.931884765625,1163.472900390625,0.0,837.5676879882812,0.05313100293278694,23.37470054626465,77.25196838378906,0.0,0.0,0.0,152.30291748046875,152.30291748046875,140.06817626953125,146.46669006347656,150.53578186035156,0.0,0.0,0.0,140.06817626953125,146.46669006347656,150.53578186035156,0.0,0.0,0.0,22.951839447021484,24.823402404785156,26.013612747192383,0.0,0.0,0.0
98.0,27.313993453979492,25874.287109375,3348.77001953125,11081.353515625,11444.1630859375,2930.02685546875,18.153179168701172,0.0,11439.900390625,0.07012905925512314,11.25082778930664,0.36468306183815,1.1394116878509521,3.9207725524902344,1.6159346103668213,2.622680425643921,5.071962833404541,0.0009879209101200104,0.38957834243774414,0.8670254945755005,0.0,0.0,0.0,0.0,3079.349365234375,99.81368255615234,186.40707397460938,2091.449462890625,1162.7021484375,0.0,831.2818603515625,0.05270295590162277,23.37470054626465,77.25196838378906,0.0,0.0,0.0,153.99293518066406,153.99293518066406,83.01252746582031,146.8986053466797,126.45259094238281,0.0,0.0,0.0,83.01252746582031,146.8986053466797,126.45259094238281,0.0,0.0,0.0,6.127984523773193,24.81466293334961,18.834203720092773,0.0,0.0,0.0
99.0,27.636293411254883,25969.458984375,3348.77001953125,11139.98046875,11480.7080078125,2930.02685546875,18.774972915649414,0.0,11110.876953125,0.07012905925512314,11.51689338684082,0.377955824136734,1.1769037246704102,3.9207940101623535,1.6159347295761108,2.622680425643921,5.0774102210998535,0.0009879209101200104,0.38957834243774414,0.8670254945755005,0.0,0.0,0.0,0.0,3129.71240234375,102.70938873291016,190.8975830078125,2055.89990234375,964.2926635742188,0.0,784.25341796875,0.04970166087150574,23.37470054626465,77.25196838378906,0.0,0.0,0.0,155.6110076904297,155.6110076904297,109.54010772705078,150.22830200195312,129.3279266357422,0.0,0.0,0.0,109.54010772705078,150.22830200195312,129.3279266357422,0.0,0.0,0.0,13.265508651733398,25.166805267333984,19.053443908691406,0.0,0.0,0.0
100.0,27.827104568481445,26063.650390625,3348.77001953125,11234.171875,11480.7080078125,2930.02685546875,18.83308982849121,0.0,11118.9326171875,0.07012905925512314,11.65619945526123,0.3849407136440277,1.2185226678848267,3.9208288192749023,1.6159347295761108,2.622680425643921,5.080277442932129,0.0009879209101200104,0.38957834243774414,0.8670254945755005,0.0,0.0,0.0,0.0,3194.229248046875,105.48796844482422,198.99864196777344,2119.403564453125,598.6990966796875,0.0,1014.8155517578125,0.06429978460073471,23.37470054626465,77.25196838378906,0.0,0.0,0.0,157.15431213378906,157.15431213378906,120.39694213867188,166.99481201171875,149.9010467529297,0.0,0.0,0.0,120.39694213867188,166.99481201171875,149.9010467529297,0.0,0.0,0.0,16.38301658630371,30.01289176940918,25.012964248657227,0.0,0.0,0.0
101.0,28.43476676940918,26514.0234375,3348.77001953125,11684.5458984375,11480.7080078125,2930.02685546875,20.065126419067383,0.0,10629.302734375,0.07012905925512314,12.125242233276367,0.40934035181999207,1.3228490352630615,3.9210379123687744,1.6159347295761108,2.622680425643921,5.089961528778076,0.0009879209101200104,0.38957834243774414,0.8670254945755005,0.0,0.0,0.0,0.0,3253.511474609375,109.83645629882812,211.43505859375,2049.000244140625,421.8894958496094,0.0,854.6743774414062,0.054114460945129395,23.37470054626465,77.25196838378906,0.0,0.0,0.0,158.64669799804688,158.64669799804688,94.4991226196289,148.2110137939453,129.63771057128906,0.0,0.0,0.0,94.4991226196289,148.2110137939453,129.63771057128906,0.0,0.0,0.0,7.575868129730225,23.28659439086914,17.853904724121094,0.0,0.0,0.0
102.0,29.188257217407227,26746.95703125,3348.77001953125,11917.48046875,11480.7080078125,2930.02685546875,20.49256706237793,0.0,10504.0078125,0.07012905925512314,12.729968070983887,0.4402892589569092,1.4271219968795776,3.922074317932129,1.6159347295761108,2.622680425643921,5.1024675369262695,0.0009879209101200104,0.38957834243774414,0.8670254945755005,0.0,0.0,0.0,0.0,3320.9287109375,114.86039733886719,223.2446746826172,2022.1761474609375,394.0570068359375,0.0,746.706298828125,0.04723471775650978,19.11670684814453,74.08382415771484,0.0,0.0,0.0,160.05726623535156,160.05726623535156,89.90950775146484,152.03843688964844,131.37547302246094,0.0,0.0,0.0,89.90950775146484,152.03843688964844,131.37547302246094,0.0,0.0,0.0,5.80596399307251,23.978673934936523,17.934757232666016,0.0,0.0,0.0
103.0,29.780920028686523,26933.748046875,3348.77001953125,12104.271484375,11480.7080078125,2930.02685546875,20.936857223510742,0.0,10358.34375,0.07012905925512314,13.176345825195312,0.4625784158706665,1.5408650636672974,3.9230923652648926,1.6159347295761108,2.622680425643921,5.1117024421691895,0.0009879209101200104,0.38957834243774414,0.8670254945755005,0.0,0.0,0.0,0.0,3358.855712890625,117.91844177246094,236.69830322265625,479.4554748535156,382.1127624511719,0.0,2119.515380859375,0.2923802435398102,35.062049865722656,85.83552551269531,0.0,0.0,0.0,161.41653442382812,161.41653442382812,182.8570556640625,192.7179412841797,179.0074005126953,0.0,0.0,0.0,182.8570556640625,192.7179412841797,179.0074005126953,0.0,0.0,0.0,32.548831939697266,35.433143615722656,31.422807693481445,0.0,0.0,0.0
104.0,30.199445724487305,27088.041015625,3348.77001953125,12258.5634765625,11480.7080078125,2930.02685546875,20.46592903137207,0.0,10652.4921875,0.07012905925512314,13.410974502563477,0.473846971988678,1.7080464363098145,3.92368745803833,1.6159347295761108,2.622680425643921,5.116553783416748,0.0009879209101200104,0.38957834243774414,0.8670254945755005,0.0,0.0,0.0,0.0,3446.668212890625,121.78036499023438,262.5218811035156,506.51910400390625,304.9728698730469,0.0,2248.84521484375,0.31625470519065857,35.062049865722656,85.83552551269531,0.0,0.0,0.0,162.773193359375,162.773193359375,168.00267028808594,192.09524536132812,177.87001037597656,0.0,0.0,0.0,168.00267028808594,192.09524536132812,177.87001037597656,0.0,0.0,0.0,28.67485237121582,35.72193145751953,31.56104850769043,0.0,0.0,0.0
105.0,30.602964401245117,27190.404296875,3348.77001953125,12360.927734375,11480.7080078125,2930.02685546875,20.547348022460938,0.0,10652.4921875,0.07012905925512314,13.602731704711914,0.4837881624698639,1.9053945541381836,3.924185037612915,1.6159347295761108,2.622680425643921,5.120528221130371,0.0009879209101200104,0.38957834243774414,0.8670254945755005,0.0,0.0,0.0,0.0,3464.1640625,123.20478057861328,289.767822265625,1680.9188232421875,311.40081787109375,0.0,1020.7102661132812,0.06448043882846832,35.062049865722656,85.83552551269531,0.0,0.0,0.0,164.16587829589844,164.16587829589844,112.11610412597656,173.97604370117188,148.25914001464844,0.0,0.0,0.0,112.11610412597656,173.97604370117188,148.25914001464844,0.0,0.0,0.0,12.246610641479492,30.34064483642578,22.818450927734375,0.0,0.0,0.0
106.0,30.846435546875,27244.73046875,3348.77001953125,12415.2529296875,11480.7080078125,2930.02685546875,20.318517684936523,0.0,10792.8359375,0.07012905925512314,13.697104454040527,0.48875272274017334,2.0473239421844482,3.9244344234466553,1.6159347295761108,2.622680425643921,5.1224846839904785,0.0009879209101200104,0.38957834243774414,0.8670254945755005,0.0,0.0,0.0,0.0,3477.369140625,124.08269500732422,309.8240661621094,1675.564453125,392.9087829589844,0.0,1003.545166015625,0.0633869469165802,35.062049865722656,85.83552551269531,0.0,0.0,0.0,165.57176208496094,165.57176208496094,113.77992248535156,170.76821899414062,157.79518127441406,0.0,0.0,0.0,113.77992248535156,170.76821899414062,157.79518127441406,0.0,0.0,0.0,12.962108612060547,29.63118553161621,25.836572647094727,0.0,0.0,0.0
107.0,31.005741119384766,27274.259765625,3348.77001953125,12444.7822265625,11480.7080078125,2930.02685546875,19.944602966308594,0.0,11004.34375,0.07012905925512314,13.752023696899414,0.4916979968547821,2.1474790573120117,3.9245808124542236,1.6159347295761108,2.622680425643921,5.123624324798584,0.0009879209101200104,0.38957834243774414,0.8670254945755005,0.0,0.0,0.0,0.0,3457.81396484375,123.63273620605469,322.4410400390625,1937.76708984375,683.0280151367188,0.0,599.6693115234375,0.0378737673163414,35.062049865722656,85.83552551269531,0.0,0.0,0.0,167.00668334960938,167.00668334960938,144.8951873779297,159.17483520507812,161.93406677246094,0.0,0.0,0.0,144.8951873779297,159.17483520507812,161.93406677246094,0.0,0.0,0.0,22.437238693237305,26.614036560058594,27.421112060546875,0.0,0.0,0.0
108.0,31.087291717529297,27283.6015625,3348.77001953125,12454.125,11480.7080078125,2930.02685546875,19.29686737060547,0.3476882576942444,11371.3857421875,0.07012905925512314,13.81649112701416,0.4960733652114868,2.1588168144226074,3.924595594406128,1.6159347295761108,2.622680425643921,5.124978542327881,0.0009879209101200104,0.38957834243774414,0.8670254945755005,0.0,0.0,0.0,0.0,3479.685546875,124.9361572265625,324.47467041015625,1938.5,905.6311645507812,0.0,596.8915405273438,0.037694722414016724,35.062049865722656,85.83552551269531,0.0,0.0,0.0,168.47183227539062,168.47183227539062,148.5746612548828,159.11190795898438,149.8230743408203,0.0,0.0,0.0,148.5746612548828,159.11190795898438,149.8230743408203,0.0,0.0,0.0,23.81353187561035,26.89567756652832,24.178691864013672,0.0,0.0,0.0
109.0,31.441225051879883,27752.60546875,3348.77001953125,12789.609375,11614.2255859375,3032.15478515625,18.873659133911133,0.0,11818.4462890625,0.07012905925512314,14.11988639831543,0.5146329998970032,2.1844048500061035,3.924628257751465,1.6159347295761108,2.622680425643921,5.131336688995361,0.0009879209101200104,0.38957834243774414,0.8670254945755005,0.0,0.0,0.0,0.0,3550.150634765625,129.3937225341797,327.94879150390625,1976.94482421875,1116.229736328125,0.0,609.5997314453125,0.03847965970635414,12.757472038269043,67.62239837646484,0.0,0.0,0.0,169.97093200683594,169.97093200683594,102.72344207763672,140.63087463378906,114.60496520996094,0.0,0.0,0.0,102.72344207763672,140.63087463378906,114.60496520996094,0.0,0.0,0.0,11.172945976257324,22.260873794555664,14.64829158782959,0.0,0.0,0.0
110.0,31.90704345703125,28053.61328125,3348.77001953125,12895.759765625,11809.083984375,3032.15478515625,18.94426727294922,0.0,11902.5498046875,0.07012905925512314,14.522650718688965,0.5390748977661133,2.2145395278930664,3.924666166305542,1.6159347295761108,2.622680425643921,5.139776229858398,0.0009879209101200104,0.38957834243774414,0.8670254945755005,0.0,0.0,0.0,0.0,3621.393310546875,134.42465209960938,330.6480407714844,1967.1231689453125,1111.9337158203125,0.0,604.2620849609375,0.03811955824494362,11.687350273132324,64.3228530883789,0.0,0.0,0.0,171.47398376464844,171.47398376464844,94.29534149169922,138.910888671875,123.10950469970703,0.0,0.0,0.0,94.29534149169922,138.910888671875,123.10950469970703,0.0,0.0,0.0,8.637120246887207,21.68716812133789,17.065263748168945,0.0,0.0,0.0
111.0,32.166385650634766,28125.353515625,3348.77001953125,12929.345703125,11847.23828125,3032.15478515625,19.57151985168457,0.0,11560.2265625,0.07012905925512314,14.717732429504395,0.5506948828697205,2.2630772590637207,3.924683094024658,1.6159347295761108,2.622680425643921,5.143862247467041,0.0009879209101200104,0.38957834243774414,0.8670254945755005,0.0,0.0,0.0,0.0,3631.90771484375,135.89544677734375,335.379150390625,1950.8448486328125,920.9715576171875,0.0,566.978515625,0.03575698286294937,11.687350273132324,60.10036849975586,0.0,0.0,0.0,172.92483520507812,172.92483520507812,126.65543365478516,143.78599548339844,126.13746643066406,0.0,0.0,0.0,126.65543365478516,143.78599548339844,126.13746643066406,0.0,0.0,0.0,17.475194931030273,22.485885620117188,17.323688507080078,0.0,0.0,0.0
112.0,32.31034851074219,28210.126953125,3348.77001953125,13014.119140625,11847.23828125,3032.15478515625,19.61958122253418,0.0,11568.5966796875,0.07012905925512314,14.773432731628418,0.5538870096206665,2.342693328857422,3.924687623977661,1.6159347295761108,2.622680425643921,5.149311065673828,0.0009879209101200104,0.38957834243774414,0.8670254945755005,0.0,0.0,0.0,0.0,3701.64404296875,138.7823944091797,350.0191345214844,1984.141845703125,573.4749755859375,0.0,780.2758178710938,0.04918903484940529,17.083768844604492,72.57122039794922,0.0,0.0,0.0,174.32069396972656,174.32069396972656,121.96913146972656,149.4083709716797,131.88291931152344,0.0,0.0,0.0,121.96913146972656,149.4083709716797,131.88291931152344,0.0,0.0,0.0,16.05638885498047,24.082368850708008,18.956172943115234,0.0,0.0,0.0
113.0,32.53754806518555,28286.837890625,3348.77001953125,13090.8310546875,11847.23828125,3032.15478515625,20.60468864440918,0.0,11059.1689453125,0.07012905925512314,14.843934059143066,0.5583531260490417,2.4828693866729736,3.924875020980835,1.6159347295761108,2.622680425643921,5.161179065704346,0.0009879209101200104,0.38957834243774414,0.8670254945755005,0.0,0.0,0.0,0.0,3659.7109375,137.65965270996094,366.30426025390625,1962.846923828125,405.2523193359375,0.0,663.0618286132812,0.04176393523812294,11.931716918945312,66.7405776977539,0.0,0.0,0.0,175.67323303222656,175.67323303222656,101.52555084228516,141.92298889160156,112.54545593261719,0.0,0.0,0.0,101.52555084228516,141.92298889160156,112.54545593261719,0.0,0.0,0.0,9.091534614562988,20.907787322998047,12.314858436584473,0.0,0.0,0.0
114.0,32.690338134765625,28311.525390625,3348.77001953125,13115.517578125,11847.23828125,3032.15478515625,20.87841033935547,0.0,10928.8095703125,0.07012905925512314,14.885978698730469,0.5610450506210327,2.5786969661712646,3.9263856410980225,1.6159347295761108,2.622680425643921,5.1718974113464355,0.0009879209101200104,0.38957834243774414,0.8670254945755005,0.0,0.0,0.0,0.0,3646.03173828125,137.4171142578125,378.31072998046875,1951.068359375,382.51519775390625,0.0,614.2305908203125,0.0386582612991333,11.687350273132324,63.15703201293945,0.0,0.0,0.0,176.95950317382812,176.95950317382812,93.3347396850586,142.33908081054688,121.82814025878906,0.0,0.0,0.0,93.3347396850586,142.33908081054688,121.82814025878906,0.0,0.0,0.0,6.422000885009766,20.755773544311523,14.756321907043457,0.0,0.0,0.0
115.0,32.76762771606445,28322.17578125,3348.77001953125,13126.16796875,11847.23828125,3032.15478515625,21.1910400390625,0.0,10777.255859375,0.07012905925512314,14.905278205871582,0.5622780919075012,2.6267120838165283,3.928372859954834,1.6159347295761108,2.622680425643921,5.178651332855225,0.0009879209101200104,0.38957834243774414,0.8670254945755005,0.0,0.0,0.0,0.0,3625.020751953125,136.74818420410156,383.3587951660156,1885.6795654296875,373.7933654785156,0.0,555.5945434570312,0.03495071455836296,35.062049865722656,85.83552551269531,0.0,0.0,0.0,178.20521545410156,178.20521545410156,152.74911499023438,162.4662322998047,145.66871643066406,0.0,0.0,0.0,152.74911499023438,162.4662322998047,145.66871643066406,0.0,0.0,0.0,23.488079071044922,26.330331802368164,21.41706085205078,0.0,0.0,0.0
116.0,32.80388259887695,28325.921875,3348.77001953125,13129.9130859375,11847.23828125,3032.15478515625,20.59782600402832,0.0,11083.298828125,0.07012905925512314,14.911147117614746,0.5626455545425415,2.653400182723999,3.929285764694214,1.6159347295761108,2.622680425643921,5.181067943572998,0.0009879209101200104,0.38957834243774414,0.8670254945755005,0.0,0.0,0.0,0.0,3685.43212890625,139.06321716308594,391.0517883300781,1661.1390380859375,299.41204833984375,0.0,988.968017578125,0.06220192462205887,35.062049865722656,85.83552551269531,0.0,0.0,0.0,179.4506072998047,179.4506072998047,163.04344177246094,174.13047790527344,156.55328369140625,0.0,0.0,0.0,163.04344177246094,174.13047790527344,156.55328369140625,0.0,0.0,0.0,27.09238052368164,30.335336685180664,25.194011688232422,0.0,0.0,0.0
117.0,32.84629821777344,28402.689453125,3348.77001953125,13206.681640625,11847.23828125,3032.15478515625,20.657310485839844,0.0,11083.298828125,0.07012905925512314,14.91210651397705,0.5627042055130005,2.6940197944641113,3.929616928100586,1.6159347295761108,2.622680425643921,5.181515216827393,0.0009879209101200104,0.38957834243774414,0.8670254945755005,0.0,0.0,0.0,0.0,3682.33935546875,138.95205688476562,396.5847473144531,1642.3427734375,306.922119140625,0.0,996.6338500976562,0.06268201768398285,35.062049865722656,85.83552551269531,0.0,0.0,0.0,180.7415008544922,180.7415008544922,101.74275207519531,175.25401306152344,159.91293334960938,0.0,0.0,0.0,101.74275207519531,175.25401306152344,159.91293334960938,0.0,0.0,0.0,9.102444648742676,30.604488372802734,26.11722183227539,0.0,0.0,0.0
118.0,33.026729583740234,28470.177734375,3348.77001953125,13274.1708984375,11847.23828125,3032.15478515625,20.43419075012207,0.0,11229.3232421875,0.07012905925512314,14.915449142456055,0.5629149079322815,2.8664939403533936,3.9324240684509277,1.6159347295761108,2.622680425643921,5.183111667633057,0.0009879209101200104,0.38957834243774414,0.8670254945755005,0.0,0.0,0.0,0.0,3683.70703125,139.02456665039062,421.1115417480469,1641.31640625,387.8515930175781,0.0,987.8041381835938,0.062119465321302414,35.062049865722656,85.83552551269531,0.0,0.0,0.0,182.0604248046875,182.0604248046875,106.46212768554688,171.76966857910156,144.70748901367188,0.0,0.0,0.0,106.46212768554688,171.76966857910156,144.70748901367188,0.0,0.0,0.0,10.705982208251953,29.80843734741211,21.89274787902832,0.0,0.0,0.0
119.0,33.15678787231445,28492.880859375,3348.77001953125,13296.873046875,11847.23828125,3032.15478515625,20.051549911499023,0.0,11449.37109375,0.07012905925512314,14.917577743530273,0.5630490183830261,2.9899256229400635,3.9357519149780273,1.6159347295761108,2.622680425643921,5.184145450592041,0.0009879209101200104,0.38957834243774414,0.8670254945755005,0.0,0.0,0.0,0.0,3660.478515625,138.1610870361328,436.9353332519531,1889.526611328125,675.27099609375,0.0,607.3311157226562,0.03819000720977783,35.062049865722656,85.83552551269531,0.0,0.0,0.0,183.4163055419922,183.4163055419922,99.53695678710938,159.802734375,153.3968048095703,0.0,0.0,0.0,99.53695678710938,159.802734375,153.3968048095703,0.0,0.0,0.0,9.063011169433594,26.690752029418945,24.817018508911133,0.0,0.0,0.0
120.0,33.22230911254883,28500.552734375,3348.77001953125,13304.544921875,11847.23828125,3032.15478515625,19.53691864013672,0.0,11748.9443359375,0.07012905925512314,14.966031074523926,0.5671666264533997,3.001274824142456,3.936227798461914,1.6159347295761108,2.622680425643921,5.185273170471191,0.0009879209101200104,0.38957834243774414,0.8670254945755005,0.0,0.0,0.0,0.0,3672.212646484375,139.1655731201172,438.6291809082031,1897.204833984375,894.64599609375,0.0,566.2437133789062,0.03560355305671692,35.062049865722656,85.83552551269531,0.0,0.0,0.0,184.80645751953125,184.80645751953125,143.1524200439453,156.20787048339844,149.5944061279297,0.0,0.0,0.0,143.1524200439453,156.20787048339844,149.5944061279297,0.0,0.0,0.0,22.33516502380371,26.153884887695312,24.219446182250977,0.0,0.0,0.0
121.0,33.56222152709961,28924.6484375,3348.77001953125,13631.78515625,11944.09375,3228.97802734375,19.063737869262695,0.0,12210.853515625,0.07012905925512314,15.24724292755127,0.5884541869163513,3.03086256980896,3.9377970695495605,1.6159347295761108,2.622680425643921,5.1915283203125,0.0009879209101200104,0.38957834243774414,0.8670254945755005,0.0,0.0,0.0,0.0,3742.740478515625,144.4478302001953,443.1229248046875,1945.45849609375,1103.764892578125,0.0,583.60791015625,0.03667891398072243,11.687350273132324,63.87559509277344,0.0,0.0,0.0,186.23175048828125,186.23175048828125,96.27012634277344,135.66075134277344,110.38419342041016,0.0,0.0,0.0,96.27012634277344,135.66075134277344,110.38419342041016,0.0,0.0,0.0,9.095274925231934,20.61703109741211,13.223637580871582,0.0,0.0,0.0
122.0,34.01490783691406,29212.857421875,3348.77001953125,13735.3251953125,12128.7607421875,3228.97802734375,19.11789894104004,0.0,12297.75,0.07012905925512314,15.626009941101074,0.6169305443763733,3.0659639835357666,3.939751148223877,1.6159347295761108,2.622680425643921,5.199915885925293,0.0009879209101200104,0.38957834243774414,0.8670254945755005,0.0,0.0,0.0,0.0,3810.007080078125,150.4228973388672,446.31402587890625,1934.47119140625,1100.3480224609375,0.0,580.952392578125,0.036490071564912796,11.687350273132324,61.600528717041016,0.0,0.0,0.0,187.66542053222656,187.66542053222656,98.15403747558594,137.3253936767578,122.58407592773438,0.0,0.0,0.0,98.15403747558594,137.3253936767578,122.58407592773438,0.0,0.0,0.0,9.592156410217285,21.049779891967773,16.73794174194336,0.0,0.0,0.0
123.0,34.26734161376953,29281.6640625,3348.77001953125,13768.0869140625,12164.8076171875,3228.97802734375,19.747440338134766,0.0,11944.0556640625,0.07012905925512314,15.804168701171875,0.6300750970840454,3.1222925186157227,3.940622568130493,1.6159347295761108,2.622680425643921,5.203848361968994,0.0009879209101200104,0.38957834243774414,0.8670254945755005,0.0,0.0,0.0,0.0,3814.625,152.08013916015625,451.32666015625,1910.1055908203125,911.5620727539062,0.0,544.7030639648438,0.03420354798436165,11.687350273132324,60.08486557006836,0.0,0.0,0.0,189.05560302734375,189.05560302734375,130.94700622558594,144.05381774902344,121.46976470947266,0.0,0.0,0.0,130.94700622558594,144.05381774902344,121.46976470947266,0.0,0.0,0.0,18.55455780029297,22.388301849365234,15.782466888427734,0.0,0.0,0.0
124.0,34.416709899902344,29389.873046875,3348.77001953125,13876.294921875,12164.8076171875,3228.97802734375,19.809110641479492,0.0,11952.7099609375,0.07012905925512314,15.85296630859375,0.6335334181785583,3.2181005477905273,3.940852642059326,1.6159347295761108,2.622680425643921,5.204922676086426,0.0009879209101200104,0.38957834243774414,0.8670254945755005,0.0,0.0,0.0,0.0,3879.3310546875,155.030029296875,468.6441650390625,1959.3079833984375,567.1719360351562,0.0,745.064697265625,0.04678121954202652,15.02818489074707,71.06733703613281,0.0,0.0,0.0,190.40159606933594,190.40159606933594,116.29312896728516,149.53981018066406,134.6448211669922,0.0,0.0,0.0,116.29312896728516,149.53981018066406,134.6448211669922,0.0,0.0,0.0,14.206628799438477,23.93128204345703,19.574499130249023,0.0,0.0,0.0
125.0,34.689483642578125,29479.146484375,3348.77001953125,13965.5693359375,12164.8076171875,3228.97802734375,20.811399459838867,0.0,11426.3623046875,0.07012905925512314,15.923419952392578,0.6390466094017029,3.4065651893615723,3.9414961338043213,1.6159347295761108,2.622680425643921,5.212617874145508,0.0009879209101200104,0.38957834243774414,0.8670254945755005,0.0,0.0,0.0,0.0,3832.7197265625,153.81661987304688,489.9254455566406,1923.13916015625,400.7682189941406,0.0,629.5198974609375,0.0395045168697834,11.687350273132324,63.227935791015625,0.0,0.0,0.0,191.71322631835938,191.71322631835938,81.1666259765625,140.4268798828125,124.3221664428711,0.0,0.0,0.0,81.1666259765625,140.4268798828125,124.3221664428711,0.0,0.0,0.0,2.9298369884490967,20.263463973999023,15.552833557128906,0.0,0.0,0.0
126.0,34.87620544433594,29514.685546875,3348.77001953125,14001.1083984375,12164.8076171875,3228.97802734375,21.095006942749023,0.0,11291.6806640625,0.07012905925512314,15.965808868408203,0.6423954963684082,3.5360584259033203,3.9441981315612793,1.6159347295761108,2.622680425643921,5.221409797668457,0.0009879209101200104,0.38957834243774414,0.8670254945755005,0.0,0.0,0.0,0.0,3817.651611328125,153.60589599609375,505.8075866699219,1903.58740234375,378.29302978515625,0.0,582.1185302734375,0.03650687634944916,11.687350273132324,60.08486557006836,0.0,0.0,0.0,192.9657440185547,192.9657440185547,106.63667297363281,136.8351593017578,126.19760131835938,0.0,0.0,0.0,106.63667297363281,136.8351593017578,126.19760131835938,0.0,0.0,0.0,10.096219062805176,18.929277420043945,15.817791938781738,0.0,0.0,0.0
127.0,34.974735260009766,29527.232421875,3348.77001953125,14013.654296875,12164.8076171875,3228.97802734375,21.41215705871582,0.0,11135.0927734375,0.07012905925512314,15.986419677734375,0.6440017223358154,3.6043002605438232,3.9465787410736084,1.6159347295761108,2.622680425643921,5.227097988128662,0.0009879209101200104,0.38957834243774414,0.8670254945755005,0.0,0.0,0.0,0.0,3787.5107421875,152.5772247314453,512.9677124023438,1851.1585693359375,369.3446044921875,0.0,524.5318603515625,0.03288194164633751,27.699369430541992,80.35734558105469,0.0,0.0,0.0,194.18341064453125,194.18341064453125,132.62655639648438,154.24453735351562,142.3766632080078,0.0,0.0,0.0,132.62655639648438,154.24453735351562,142.3766632080078,0.0,0.0,0.0,17.3811092376709,23.704370498657227,20.233016967773438,0.0,0.0,0.0
128.0,35.019142150878906,29531.201171875,3348.77001953125,14017.6240234375,12164.8076171875,3228.97802734375,20.811792373657227,0.0,11451.2998046875,0.07012905925512314,15.992738723754883,0.6444868445396423,3.6389129161834717,3.947530508041382,1.6159347295761108,2.622680425643921,5.229135990142822,0.0009879209101200104,0.38957834243774414,0.8670254945755005,0.0,0.0,0.0,0.0,3856.0224609375,155.39276123046875,522.7040405273438,537.1458740234375,295.9895324707031,0.0,2029.53564453125,0.2665601074695587,35.062049865722656,85.83552551269531,0.0,0.0,0.0,195.40011596679688,195.40011596679688,140.80911254882812,189.9586181640625,178.8307342529297,0.0,0.0,0.0,140.80911254882812,189.9586181640625,178.8307342529297,0.0,0.0,0.0,20.3748722076416,34.751102447509766,31.496196746826172,0.0,0.0,0.0
129.0,35.06024169921875,29596.4765625,3348.77001953125,14082.8984375,12164.8076171875,3228.97802734375,20.861284255981445,0.0,11451.2998046875,0.07012905925512314,15.993645668029785,0.6445550918579102,3.678401470184326,3.947838306427002,1.6159347295761108,2.622680425643921,5.229465007781982,0.0009879209101200104,0.38957834243774414,0.8670254945755005,0.0,0.0,0.0,0.0,3853.197021484375,155.28652954101562,527.9219970703125,533.6448364257812,303.43157958984375,0.0,2022.0457763671875,0.2715199887752533,35.062049865722656,85.83552551269531,0.0,0.0,0.0,196.6578369140625,196.6578369140625,182.01071166992188,190.7382049560547,180.879150390625,0.0,0.0,0.0,182.01071166992188,190.7382049560547,180.879150390625,0.0,0.0,0.0,32.37685012817383,34.92964172363281,32.045867919921875,0.0,0.0,0.0
130.0,35.22801208496094,29690.560546875,3348.77001953125,14176.982421875,12164.8076171875,3228.97802734375,20.651926040649414,0.0,11602.169921875,0.07012905925512314,15.996074676513672,0.6447433829307556,3.8402152061462402,3.9502716064453125,1.6159347295761108,2.622680425643921,5.23037052154541,0.0009879209101200104,0.38957834243774414,0.8670254945755005,0.0,0.0,0.0,0.0,3856.68798828125,155.4490203857422,550.70263671875,399.562255859375,383.54815673828125,0.0,2149.8916015625,0.2945665717124939,35.062049865722656,85.83552551269531,0.0,0.0,0.0,197.94342041015625,197.94342041015625,154.11410522460938,190.85992431640625,177.04222106933594,0.0,0.0,0.0,154.11410522460938,190.85992431640625,177.04222106933594,0.0,0.0,0.0,24.426448822021484,35.174598693847656,31.132925033569336,0.0,0.0,0.0
131.0,35.42425537109375,29742.43359375,3348.77001953125,14228.85546875,12164.8076171875,3228.97802734375,20.283716201782227,0.0,11829.533203125,0.07012905925512314,15.998453140258789,0.6449276208877563,4.02937126159668,3.9538967609405518,1.6159347295761108,2.622680425643921,5.231269359588623,0.0009879209101200104,0.38957834243774414,0.8670254945755005,0.0,0.0,0.0,0.0,3827.62158203125,154.29859924316406,575.13232421875,1822.607177734375,667.4600219726562,0.0,600.8004760742188,0.037651751190423965,35.062049865722656,85.83552551269531,0.0,0.0,0.0,199.2689666748047,199.2689666748047,101.51128387451172,156.96490478515625,144.23333740234375,0.0,0.0,0.0,101.51128387451172,156.96490478515625,144.23333740234375,0.0,0.0,0.0,9.40833568572998,25.628517150878906,21.9045352935791,0.0,0.0,0.0
132.0,35.54105758666992,29759.0546875,3348.77001953125,14245.4765625,12164.8076171875,3228.97802734375,19.83007049560547,0.0,12102.0029296875,0.07012905925512314,16.07820701599121,0.653062641620636,4.05574893951416,3.9545722007751465,1.6159347295761108,2.622680425643921,5.233130931854248,0.0009879209101200104,0.38957834243774414,0.8670254945755005,0.0,0.0,0.0,0.0,3841.56005859375,156.03602600097656,578.4528198242188,1840.095947265625,883.775146484375,0.0,530.1708984375,0.03322107717394829,35.062049865722656,85.83552551269531,0.0,0.0,0.0,200.63253784179688,200.63253784179688,138.8134765625,150.46121215820312,139.32473754882812,0.0,0.0,0.0,138.8134765625,150.46121215820312,139.32473754882812,0.0,0.0,0.0,20.772872924804688,24.179834365844727,20.922414779663086,0.0,0.0,0.0
133.0,36.00210952758789,30268.939453125,3348.77001953125,14675.2978515625,12244.87109375,3228.97802734375,19.391624450683594,0.0,12577.791015625,0.07012905925512314,16.44064712524414,0.6867691278457642,4.110792636871338,3.9562573432922363,1.6159347295761108,2.622680425643921,5.24130916595459,0.0009879209101200104,0.38957834243774414,0.8670254945755005,0.0,0.0,0.0,0.0,3926.62451171875,164.02545166015625,586.2374267578125,1889.6202392578125,1089.9530029296875,0.0,541.8392944335938,0.03393242508172989,11.687350273132324,60.08486557006836,0.0,0.0,0.0,202.02923583984375,202.02923583984375,102.93273162841797,130.7064666748047,121.04167175292969,0.0,0.0,0.0,102.93273162841797,130.7064666748047,121.04167175292969,0.0,0.0,0.0,10.716200828552246,18.840015411376953,16.013063430786133,0.0,0.0,0.0
134.0,36.601318359375,30585.326171875,3348.77001953125,14811.296875,12425.2587890625,3228.97802734375,19.45578384399414,0.0,12667.2998046875,0.07012905925512314,16.919057846069336,0.7309039235115051,4.174663066864014,3.9582912921905518,1.6159347295761108,2.622680425643921,5.2520647048950195,0.0009879209101200104,0.38957834243774414,0.8670254945755005,0.0,0.0,0.0,0.0,4004.732177734375,173.0045623779297,591.1078491210938,1869.780029296875,1085.2373046875,0.0,533.3238525390625,0.033373523503541946,11.687350273132324,60.08486557006836,0.0,0.0,0.0,203.4351348876953,203.4351348876953,99.90779113769531,132.7433624267578,121.3331298828125,0.0,0.0,0.0,99.90779113769531,132.7433624267578,121.3331298828125,0.0,0.0,0.0,9.767245292663574,19.37165069580078,16.034154891967773,0.0,0.0,0.0
135.0,36.93434524536133,30663.49609375,3348.77001953125,14854.3271484375,12460.3994140625,3228.97802734375,20.101051330566406,0.0,12302.974609375,0.07012905925512314,17.141149520874023,0.7510713934898376,4.25956392288208,3.9591803550720215,1.6159347295761108,2.622680425643921,5.257045745849609,0.0009879209101200104,0.38957834243774414,0.8670254945755005,0.0,0.0,0.0,0.0,4006.81884765625,175.5662384033203,596.5926513671875,1834.5653076171875,897.7498779296875,0.0,499.129150390625,0.031222622841596603,11.687350273132324,60.08486557006836,0.0,0.0,0.0,204.79933166503906,204.79933166503906,120.9824447631836,140.6886444091797,130.52072143554688,0.0,0.0,0.0,120.9824447631836,140.6886444091797,130.52072143554688,0.0,0.0,0.0,15.286314010620117,21.050378799438477,18.076261520385742,0.0,0.0,0.0
136.0,37.13626480102539,30820.361328125,3348.77001953125,15011.1923828125,12460.3994140625,3228.97802734375,20.192174911499023,0.0,12311.8955078125,0.07012905925512314,17.200395584106445,0.7562785148620605,4.395473957061768,3.9594080448150635,1.6159347295761108,2.622680425643921,5.2583723068237305,0.0009879209101200104,0.38957834243774414,0.8670254945755005,0.0,0.0,0.0,0.0,4074.609375,179.1551513671875,622.3770141601562,1902.3426513671875,558.7819213867188,0.0,672.9135131835938,0.0420895591378212,11.687350273132324,65.00224304199219,0.0,0.0,0.0,206.1223907470703,206.1223907470703,120.27398681640625,145.7063446044922,132.99468994140625,0.0,0.0,0.0,120.27398681640625,145.7063446044922,132.99468994140625,0.0,0.0,0.0,14.987966537475586,22.426931381225586,18.708772659301758,0.0,0.0,0.0
137.0,37.52866744995117,30950.572265625,3348.77001953125,15141.4033203125,12460.3994140625,3228.97802734375,21.240039825439453,0.0,11769.73046875,0.07012905925512314,17.29234504699707,0.7650266885757446,4.679220676422119,3.9601194858551025,1.6159347295761108,2.622680425643921,5.265621662139893,0.0009879209101200104,0.38957834243774414,0.8670254945755005,0.0,0.0,0.0,0.0,4014.92333984375,177.62332153320312,649.5015869140625,1840.956298828125,393.8890075683594,0.0,571.7267456054688,0.035742100328207016,11.687350273132324,60.08486557006836,0.0,0.0,0.0,207.41427612304688,207.41427612304688,122.26909637451172,140.11158752441406,127.070068359375,0.0,0.0,0.0,122.26909637451172,140.11158752441406,127.070068359375,0.0,0.0,0.0,14.523669242858887,19.742599487304688,15.927955627441406,0.0,0.0,0.0
138.0,37.795406341552734,30998.1015625,3348.77001953125,15188.9326171875,12460.3994140625,3228.97802734375,21.53678321838379,0.0,11631.001953125,0.07012905925512314,17.347126007080078,0.7702944278717041,4.871735572814941,3.9631571769714355,1.6159347295761108,2.622680425643921,5.276756763458252,0.0009879209101200104,0.38957834243774414,0.8670254945755005,0.0,0.0,0.0,0.0,3994.615234375,177.3798065185547,670.199462890625,1807.888916015625,371.3789978027344,0.0,532.4783935546875,0.033262141048908234,11.687350273132324,60.08486557006836,0.0,0.0,0.0,208.6520538330078,208.6520538330078,93.84056091308594,131.7626953125,120.9373779296875,0.0,0.0,0.0,93.84056091308594,131.7626953125,120.9373779296875,0.0,0.0,0.0,5.911581993103027,17.003807067871094,13.837400436401367,0.0,0.0,0.0
139.0,37.93516159057617,31017.75390625,3348.77001953125,15208.5859375,12460.3994140625,3228.97802734375,21.865419387817383,0.0,11469.701171875,0.07012905925512314,17.373319625854492,0.7727861404418945,4.971485614776611,3.965808153152466,1.6159347295761108,2.622680425643921,5.285426139831543,0.0009879209101200104,0.38957834243774414,0.8670254945755005,0.0,0.0,0.0,0.0,3968.173095703125,176.50909423828125,678.4901733398438,1774.2930908203125,362.6310119628906,0.0,483.9947509765625,0.03021489828824997,11.687350273132324,60.08486557006836,0.0,0.0,0.0,209.85598754882812,209.85598754882812,109.35761260986328,142.0194854736328,123.31867218017578,0.0,0.0,0.0,109.35761260986328,142.0194854736328,123.31867218017578,0.0,0.0,0.0,10.121684074401855,19.675281524658203,14.205292701721191,0.0,0.0,0.0
140.0,38.0001106262207,31023.97265625,3348.77001953125,15214.8037109375,12460.3994140625,3228.97802734375,21.252811431884766,0.0,11795.4091796875,0.07012905925512314,17.384761810302734,0.7738582491874695,5.017500877380371,3.9673550128936768,1.6159347295761108,2.622680425643921,5.2902984619140625,0.0009879209101200104,0.38957834243774414,0.8670254945755005,0.0,0.0,0.0,0.0,4035.528564453125,179.63589477539062,694.1201171875,490.0633239746094,290.5989990234375,0.0,1923.0152587890625,0.25104910135269165,35.04882049560547,85.82567596435547,0.0,0.0,0.0,211.05165100097656,211.05165100097656,167.6027069091797,185.4897918701172,163.85818481445312,0.0,0.0,0.0,167.6027069091797,185.4897918701172,163.85818481445312,0.0,0.0,0.0,27.770978927612305,33.002952575683594,26.675708770751953,0.0,0.0,0.0
141.0,38.027217864990234,31025.94140625,3348.77001953125,15216.771484375,12460.3994140625,3228.97802734375,21.257539749145508,0.0,11795.4091796875,0.07012905925512314,17.389312744140625,0.7742815613746643,5.0366058349609375,3.968095541000366,1.6159347295761108,2.622680425643921,5.292585372924805,0.0009879209101200104,0.38957834243774414,0.8670254945755005,0.0,0.0,0.0,0.0,4033.51220703125,179.59732055664062,696.1334228515625,353.2281494140625,297.8964538574219,0.0,2051.75537109375,0.2826933264732361,34.80667495727539,85.64551544189453,0.0,0.0,0.0,212.2813262939453,212.2813262939453,146.80235290527344,186.0463104248047,163.9420928955078,0.0,0.0,0.0,146.80235290527344,186.0463104248047,163.9420928955078,0.0,0.0,0.0,21.68214988708496,33.161006927490234,26.695520401000977,0.0,0.0,0.0
142.0,38.03786849975586,31026.5625,3348.77001953125,15217.39453125,12460.3994140625,3228.97802734375,20.977428436279297,0.0,11950.8095703125,0.07012905925512314,17.390974044799805,0.7744359970092773,5.043821811676025,3.968777656555176,1.6159347295761108,2.622680425643921,5.293525218963623,0.0009879209101200104,0.38957834243774414,0.8670254945755005,0.0,0.0,0.0,0.0,4044.06982421875,180.08615112304688,698.4661865234375,1562.452392578125,376.8727111816406,0.0,853.3737182617188,0.05324380472302437,35.062049865722656,85.83552551269531,0.0,0.0,0.0,213.54217529296875,213.54217529296875,105.09967041015625,170.73135375976562,124.63359832763672,0.0,0.0,0.0,105.09967041015625,170.73135375976562,124.63359832763672,0.0,0.0,0.0,9.764225959777832,28.96149253845215,15.477899551391602,0.0,0.0,0.0
143.0,38.04189682006836,31027.59765625,3348.77001953125,15218.4287109375,12460.3994140625,3228.97802734375,20.567487716674805,0.0,12185.013671875,0.07012905925512314,17.391342163085938,0.7744723558425903,5.045485019683838,3.9705088138580322,1.6159347295761108,2.622680425643921,5.293753147125244,0.0009879209101200104,0.38957834243774414,0.8670254945755005,0.0,0.0,0.0,0.0,4030.031982421875,179.4656524658203,696.24462890625,1771.567138671875,656.9120483398438,0.0,542.5912475585938,0.03385287895798683,32.185306549072266,83.6950912475586,0.0,0.0,0.0,214.84178161621094,214.84178161621094,123.0301742553711,156.2941131591797,136.13662719726562,0.0,0.0,0.0,123.0301742553711,156.2941131591797,136.13662719726562,0.0,0.0,0.0,15.418837547302246,25.14853858947754,19.252473831176758,0.0,0.0,0.0
144.0,38.04645538330078,31029.37890625,3348.77001953125,15220.2099609375,12460.3994140625,3228.97802734375,19.97105598449707,0.0,12542.080078125,0.07012905925512314,17.391443252563477,0.7744816541671753,5.045942306518555,3.9713313579559326,1.6159347295761108,2.622680425643921,5.296921730041504,0.0009879209101200104,0.38957834243774414,0.8670254945755005,0.0,0.0,0.0,0.0,4048.061767578125,180.26966857910156,698.7249145507812,1784.326416015625,872.1527709960938,0.0,540.2742309570312,0.03370077908039093,27.699369430541992,80.35734558105469,0.0,0.0,0.0,216.1812286376953,216.1812286376953,130.21131896972656,149.566162109375,133.6663360595703,0.0,0.0,0.0,130.21131896972656,149.566162109375,133.6663360595703,0.0,0.0,0.0,18.115755081176758,23.77704429626465,19.126344680786133,0.0,0.0,0.0
145.0,38.06134796142578,31159.1171875,3348.77001953125,15232.861328125,12577.486328125,3504.134521484375,19.279909133911133,0.0,13035.1591796875,0.07012905925512314,17.391633987426758,0.7744982838630676,5.0468058586120605,3.973154067993164,1.6159347295761108,2.622680425643921,5.308918476104736,0.0009879209101200104,0.38957834243774414,0.8670254945755005,0.0,0.0,0.0,0.0,4088.307373046875,182.0637969970703,704.5678100585938,1852.605712890625,1080.9415283203125,0.0,582.3560791015625,0.03629479184746742,11.687350273132324,60.08486557006836,0.0,0.0,0.0,217.55783081054688,217.55783081054688,82.00306701660156,124.96504974365234,119.42143249511719,0.0,0.0,0.0,82.00306701660156,124.96504974365234,119.42143249511719,0.0,0.0,0.0,4.705986976623535,17.272367477416992,15.650860786437988,0.0,0.0,0.0
146.0,38.079402923583984,31367.08203125,3348.77001953125,15236.8642578125,12781.4482421875,3504.134521484375,19.271076202392578,0.0,13127.9267578125,0.07012905925512314,17.39183807373047,0.7745159268379211,5.047729015350342,3.9751925468444824,1.6159347295761108,2.622680425643921,5.323790073394775,0.0009879209101200104,0.38957834243774414,0.8670254945755005,0.0,0.0,0.0,0.0,4102.24267578125,182.68641662597656,706.7048950195312,1866.88037109375,1082.74365234375,0.0,608.5033569335938,0.03788438066840172,11.687350273132324,62.26426315307617,0.0,0.0,0.0,218.94387817382812,218.94387817382812,101.70970153808594,132.87255859375,118.9562759399414,0.0,0.0,0.0,101.70970153808594,132.87255859375,118.9562759399414,0.0,0.0,0.0,10.479009628295898,19.594146728515625,15.523634910583496,0.0,0.0,0.0
147.0,38.08933639526367,31408.212890625,3348.77001953125,15238.130859375,12821.3125,3504.134521484375,19.885915756225586,0.0,12750.3583984375,0.07012905925512314,17.39194107055664,0.7745248079299927,5.048192501068115,3.976252794265747,1.6159347295761108,2.622680425643921,5.332089424133301,0.0009879209101200104,0.38957834243774414,0.8670254945755005,0.0,0.0,0.0,0.0,4075.385009765625,181.49134826660156,702.9007568359375,1850.98974609375,898.3148803710938,0.0,587.1874389648438,0.03653577342629433,11.687350273132324,60.08486557006836,0.0,0.0,0.0,220.2951202392578,220.2951202392578,120.85802459716797,140.80409240722656,126.7575454711914,0.0,0.0,0.0,120.85802459716797,140.80409240722656,126.7575454711914,0.0,0.0,0.0,15.465057373046875,21.299283981323242,17.1906681060791,0.0,0.0,0.0
148.0,38.093814849853516,31408.61328125,3348.77001953125,15238.53125,12821.3125,3504.134521484375,19.874523162841797,0.0,12759.5927734375,0.07012905925512314,17.39195442199707,0.7745260000228882,5.048256874084473,3.9764034748077393,1.6159347295761108,2.622680425643921,5.336338520050049,0.0009879209101200104,0.38957834243774414,0.8670254945755005,0.0,0.0,0.0,0.0,4140.4296875,184.38815307617188,712.8760986328125,1918.021240234375,559.8618774414062,0.0,769.356689453125,0.047856248915195465,16.134794235229492,71.86514282226562,0.0,0.0,0.0,221.61138916015625,221.61138916015625,119.83226776123047,147.30955505371094,128.4579315185547,0.0,0.0,0.0,119.83226776123047,147.30955505371094,128.4579315185547,0.0,0.0,0.0,15.17641544342041,23.21352195739746,17.69942283630371,0.0,0.0,0.0
149.0,38.104862213134766,31418.359375,3348.77001953125,15248.2763671875,12821.3125,3504.134521484375,20.82522201538086,0.0,12197.71484375,0.07012905925512314,17.391971588134766,0.7745275497436523,5.048336982727051,3.9770281314849854,1.6159347295761108,2.622680425643921,5.3466596603393555,0.0009879209101200104,0.38957834243774414,0.8670254945755005,0.0,0.0,0.0,0.0,4078.396240234375,181.62576293945312,703.7832641601562,1882.3896484375,395.689697265625,0.0,673.7109375,0.04187695309519768,11.687350273132324,65.8980941772461,0.0,0.0,0.0,222.90118408203125,222.90118408203125,124.01261901855469,143.039794921875,115.29337310791016,0.0,0.0,0.0,124.01261901855469,143.039794921875,115.29337310791016,0.0,0.0,0.0,15.448469161987305,21.013917922973633,12.898090362548828,0.0,0.0,0.0
150.0,38.11863327026367,31422.77734375,3348.77001953125,15252.6953125,12821.3125,3504.134521484375,21.086902618408203,0.0,12053.9423828125,0.07012905925512314,17.391986846923828,0.7745289206504822,5.048407554626465,3.980431079864502,1.6159347295761108,2.622680425643921,5.356942176818848,0.0009879209101200104,0.38957834243774414,0.8670254945755005,0.0,0.0,0.0,0.0,4058.147216796875,180.72415161132812,700.7554931640625,1866.661865234375,373.7158203125,0.0,640.844482421875,0.03980666771531105,11.687350273132324,62.56414794921875,0.0,0.0,0.0,224.1413116455078,224.1413116455078,93.48983001708984,136.04429626464844,117.7899169921875,0.0,0.0,0.0,93.48983001708984,136.04429626464844,117.7899169921875,0.0,0.0,0.0,6.258872985839844,18.7060546875,13.36664867401123,0.0,0.0,0.0
151.0,38.13114929199219,31426.4921875,3348.77001953125,15256.41015625,12821.3125,3504.134521484375,21.39784049987793,0.0,11886.7802734375,0.07012905925512314,17.391996383666992,0.7745296359062195,5.048445224761963,3.983458995819092,1.6159347295761108,2.622680425643921,5.362870216369629,0.0009879209101200104,0.38957834243774414,0.870537281036377,0.0,0.0,0.0,0.0,4031.391357421875,179.53269958496094,696.7406005859375,1842.146728515625,365.2020263671875,0.0,594.2680053710938,0.03689833730459213,11.687350273132324,60.3282356262207,0.0,0.0,0.0,225.35096740722656,225.35096740722656,110.4695816040039,147.7518310546875,131.84840393066406,0.0,0.0,0.0,110.4695816040039,147.7518310546875,131.84840393066406,0.0,0.0,0.0,10.91451358795166,21.819568634033203,17.16781997680664,0.0,0.0,0.0
152.0,38.14413070678711,31441.962890625,3348.77001953125,15271.8798828125,12821.3125,3504.134521484375,20.80371856689453,0.0,12224.333984375,0.07012905925512314,17.391998291015625,0.7745298147201538,5.04845666885376,3.984585762023926,1.6159347295761108,2.622680425643921,5.364714622497559,0.0009879209101200104,0.38957834243774414,0.8805349469184875,0.0,0.0,0.0,0.0,4101.447265625,182.65257263183594,707.2127075195312,1595.9693603515625,292.8382873535156,0.0,1005.078369140625,0.0623975433409214,35.062049865722656,87.17295837402344,0.0,0.0,0.0,226.55825805664062,226.55825805664062,126.95743560791016,170.62240600585938,150.14959716796875,0.0,0.0,0.0,126.95743560791016,170.62240600585938,150.14959716796875,0.0,0.0,0.0,16.331331253051758,29.103334426879883,23.115039825439453,0.0,0.0,0.0
153.0,38.180824279785156,31454.896484375,3348.77001953125,15284.814453125,12821.3125,3504.134521484375,20.81552505493164,0.0,12224.333984375,0.07012905925512314,17.392004013061523,0.774530291557312,5.048480033874512,3.987110137939453,1.6159347295761108,2.622680425643921,5.371359348297119,0.0009879209101200104,0.38957834243774414,0.9080318808555603,0.0,0.0,0.0,0.0,4099.56689453125,182.56887817382812,706.8818359375,636.746826171875,300.23992919921875,0.0,1955.163818359375,0.12132316827774048,35.062049865722656,89.89515686035156,0.0,0.0,0.0,227.8074188232422,227.8074188232422,107.1270980834961,185.02999877929688,155.28887939453125,0.0,0.0,0.0,107.1270980834961,185.02999877929688,155.28887939453125,0.0,0.0,0.0,10.519152641296387,33.30575180053711,24.60647201538086,0.0,0.0,0.0
154.0,38.20906066894531,31694.404296875,3581.070068359375,15292.0205078125,12821.3125,3504.134521484375,20.696901321411133,0.0,12385.3876953125,0.07012905925512314,17.392005920410156,0.7745305299758911,5.048492431640625,3.988678455352783,1.6159347295761108,2.622680425643921,5.3820085525512695,0.0009879209101200104,0.38957834243774414,0.9240325689315796,0.0,0.0,0.0,0.0,4110.6279296875,183.06149291992188,708.3971557617188,1623.232421875,379.87603759765625,0.0,981.6483154296875,0.06086711958050728,35.062049865722656,91.4792251586914,0.0,0.0,0.0,229.09103393554688,229.09103393554688,158.96572875976562,170.73345947265625,153.59095764160156,0.0,0.0,0.0,158.96572875976562,170.73345947265625,153.59095764160156,0.0,0.0,0.0,25.800575256347656,29.24263572692871,24.228452682495117,0.0,0.0,0.0
155.0,38.232784271240234,31705.017578125,3581.070068359375,15302.634765625,12821.3125,3504.134521484375,20.29816436767578,0.0,12628.09375,0.07012905925512314,17.39200782775879,0.7745306491851807,5.04849910736084,3.991739273071289,1.6159347295761108,2.622680425643921,5.392709732055664,0.0009879209101200104,0.38957834243774414,0.9339856505393982,0.0,0.0,0.0,0.0,4096.20703125,182.41929626464844,705.9122924804688,1843.635009765625,662.1318359375,0.0,657.7230224609375,0.04075115919113159,35.062049865722656,92.4645767211914,0.0,0.0,0.0,230.42225646972656,230.42225646972656,146.84671020507812,158.73135375976562,145.5365753173828,0.0,0.0,0.0,146.84671020507812,158.73135375976562,145.5365753173828,0.0,0.0,0.0,22.654497146606445,26.130754470825195,22.27128028869629,0.0,0.0,0.0
156.0,38.253631591796875,31710.267578125,3581.070068359375,15307.8837890625,12821.3125,3504.134521484375,19.736051559448242,0.0,12982.158203125,0.07012905925512314,17.39200782775879,0.7745307087898254,5.048501968383789,3.994114398956299,1.6159347295761108,2.622680425643921,5.407172203063965,0.0009879209101200104,0.38957834243774414,0.9379924535751343,0.0,0.0,0.0,0.0,4112.44677734375,183.14251708984375,708.0712890625,1848.4520263671875,878.8800659179688,0.0,653.7510375976562,0.04046349972486496,35.062049865722656,92.86125183105469,0.0,0.0,0.0,231.80142211914062,231.80142211914062,118.80209350585938,153.5217742919922,136.7259521484375,0.0,0.0,0.0,118.80209350585938,153.5217742919922,136.7259521484375,0.0,0.0,0.0,15.01356029510498,25.169069290161133,20.256288528442383,0.0,0.0,0.0
157.0,38.28628158569336,31849.24609375,3581.070068359375,15330.5126953125,12937.6640625,3504.134521484375,19.05615234375,0.0,13492.5458984375,0.07012905925512314,17.392009735107422,0.7745307683944702,5.048504829406738,3.997246026992798,1.6159347295761108,2.622680425643921,5.432709693908691,0.0009879209101200104,0.38957834243774414,0.941970705986023,0.0,0.0,0.0,0.0,4154.18017578125,185.00108337402344,714.0289306640625,1917.8594970703125,1089.437744140625,0.0,702.9838256835938,0.04343279078602791,14.633240699768066,76.90223693847656,0.0,0.0,0.0,233.2245330810547,233.2245330810547,89.65996551513672,132.25836181640625,106.9783706665039,0.0,0.0,0.0,89.65996551513672,132.25836181640625,106.9783706665039,0.0,0.0,0.0,7.1693878173828125,19.629417419433594,12.235020637512207,0.0,0.0,0.0
158.0,38.32047653198242,32065.109375,3581.070068359375,15337.671875,13146.3671875,3504.134521484375,19.049274444580078,0.0,13588.5625,0.07012905925512314,17.392009735107422,0.7745307683944702,5.048507213592529,4.000402450561523,1.6159347295761108,2.622680425643921,5.460062026977539,0.0009879209101200104,0.38957834243774414,0.9456554055213928,0.0,0.0,0.0,0.0,4168.60986328125,185.6436767578125,716.1215209960938,1927.8382568359375,1091.310791015625,0.0,734.1531982421875,0.04527188464999199,16.171140670776367,78.41163635253906,0.0,0.0,0.0,234.66441345214844,234.66441345214844,96.46720123291016,137.28602600097656,123.49944305419922,0.0,0.0,0.0,96.46720123291016,137.28602600097656,123.49944305419922,0.0,0.0,0.0,9.167381286621094,21.106887817382812,17.074312210083008,0.0,0.0,0.0
159.0,38.33884811401367,32108.146484375,3581.070068359375,15339.9375,13187.1396484375,3504.134521484375,19.658212661743164,0.0,13197.7421875,0.07012905925512314,17.392009735107422,0.774530827999115,5.048508644104004,4.00205659866333,1.6159347295761108,2.622680425643921,5.474959850311279,0.0009879209101200104,0.38957834243774414,0.9474729299545288,0.0,0.0,0.0,0.0,4140.75146484375,184.40306091308594,712.1070556640625,1916.4462890625,905.3409423828125,0.0,703.351318359375,0.04332738369703293,14.196930885314941,77.00874328613281,0.0,0.0,0.0,236.07188415527344,236.07188415527344,118.21459197998047,144.0714874267578,126.51850891113281,0.0,0.0,0.0,118.21459197998047,144.0714874267578,126.51850891113281,0.0,0.0,0.0,14.9195556640625,22.482696533203125,17.348451614379883,0.0,0.0,0.0
160.0,38.347049713134766,32108.86328125,3581.070068359375,15340.654296875,13187.1396484375,3504.134521484375,19.64713478088379,0.0,13207.30859375,0.07012905925512314,17.39855194091797,0.7750943303108215,5.048508644104004,4.002132892608643,1.6159347295761108,2.622680425643921,5.4758992195129395,0.0009879209101200104,0.38957834243774414,0.9475536942481995,0.0,0.0,0.0,0.0,4205.33935546875,187.3451690673828,720.655029296875,1959.9449462890625,563.91650390625,0.0,914.6574096679688,0.05634032189846039,22.82581329345703,83.98065948486328,0.0,0.0,0.0,237.4435272216797,237.4435272216797,120.67272186279297,151.98309326171875,135.11907958984375,0.0,0.0,0.0,120.67272186279297,151.98309326171875,135.11907958984375,0.0,0.0,0.0,15.649636268615723,24.807918548583984,19.875198364257812,0.0,0.0,0.0
161.0,38.42491912841797,32186.943359375,3581.070068359375,15418.7333984375,13187.1396484375,3504.134521484375,20.631553649902344,0.0,12625.71875,0.07012905925512314,17.463176727294922,0.7813844084739685,5.048508644104004,4.003245830535889,1.6159347295761108,2.622680425643921,5.481388568878174,0.0009879209101200104,0.38957834243774414,0.9479036331176758,0.0,0.0,0.0,0.0,4153.1826171875,185.83287048339844,711.9812622070312,1931.9957275390625,398.4344787597656,0.0,788.3164672851562,0.048539478331804276,16.7592830657959,79.07630157470703,0.0,0.0,0.0,238.79052734375,238.79052734375,85.64185333251953,146.69642639160156,103.54777526855469,0.0,0.0,0.0,85.64185333251953,146.69642639160156,103.54777526855469,0.0,0.0,0.0,4.41868782043457,22.277151107788086,9.656168937683105,0.0,0.0,0.0
162.0,38.53190231323242,32213.873046875,3581.070068359375,15445.6640625,13187.1396484375,3504.134521484375,20.905637741088867,0.0,12476.8916015625,0.07012905925512314,17.545391082763672,0.7895120978355408,5.048509120941162,4.010216236114502,1.6159347295761108,2.622680425643921,5.490668296813965,0.0009879209101200104,0.38957834243774414,0.9482958316802979,0.0,0.0,0.0,0.0,4143.09912109375,186.4322509765625,707.7350463867188,1921.300537109375,375.9105529785156,0.0,738.506591796875,0.0454433299601078,14.076088905334473,76.98068237304688,0.0,0.0,0.0,240.08509826660156,240.08509826660156,102.76238250732422,135.9359130859375,129.86488342285156,0.0,0.0,0.0,102.76238250732422,135.9359130859375,129.86488342285156,0.0,0.0,0.0,9.152359008789062,18.85561752319336,17.07984161376953,0.0,0.0,0.0
163.0,38.602806091308594,32229.205078125,3581.070068359375,15460.9951171875,13187.1396484375,3504.134521484375,21.22182273864746,0.0,12303.8681640625,0.07012905925512314,17.596694946289062,0.7944980263710022,5.048509120941162,4.017202854156494,1.6159347295761108,2.622680425643921,5.498073101043701,0.0009879209101200104,0.38957834243774414,0.9485188722610474,0.0,0.0,0.0,0.0,4122.1640625,186.11740112304688,702.9235229492188,1867.3095703125,367.0967712402344,0.0,683.14599609375,0.04201498627662659,28.729196548461914,88.7479248046875,0.0,0.0,0.0,241.35000610351562,241.35000610351562,121.13130187988281,155.45645141601562,135.48037719726562,0.0,0.0,0.0,121.13130187988281,155.45645141601562,135.48037719726562,0.0,0.0,0.0,14.209081649780273,24.249187469482422,18.406187057495117,0.0,0.0,0.0
164.0,38.64141082763672,32234.0546875,3581.070068359375,15465.8466796875,13187.1396484375,3504.134521484375,20.6249942779541,0.0,12653.2685546875,0.07012905925512314,17.623733520507812,0.7970782518386841,5.048509120941162,4.02168607711792,1.6159347295761108,2.622680425643921,5.502464771270752,0.0009879209101200104,0.38957834243774414,0.9486298561096191,0.0,0.0,0.0,0.0,4198.15234375,189.87213134765625,713.25927734375,511.4671936035156,294.3012390136719,0.0,2244.03125,0.2996083199977875,35.062049865722656,93.91435241699219,0.0,0.0,0.0,242.61585998535156,242.61585998535156,153.7203369140625,186.07357788085938,175.26695251464844,0.0,0.0,0.0,153.7203369140625,186.07357788085938,175.26695251464844,0.0,0.0,0.0,24.338205337524414,33.80152893066406,30.640588760375977,0.0,0.0,0.0
165.0,38.65874481201172,32235.58984375,3581.070068359375,15467.380859375,13187.1396484375,3504.134521484375,20.629247665405273,0.0,12653.2685546875,0.07012905925512314,17.62887954711914,0.7975817918777466,5.048509120941162,4.0226898193359375,1.6159347295761108,2.622680425643921,5.508216857910156,0.0009879209101200104,0.38957834243774414,0.9535561203956604,0.0,0.0,0.0,0.0,4196.89697265625,189.87982177734375,712.8482666015625,738.9019775390625,301.7200622558594,0.0,2009.21142578125,0.1234833374619484,35.062049865722656,94.40205383300781,0.0,0.0,0.0,243.92935180664062,243.92935180664062,155.73593139648438,185.111328125,158.25209045410156,0.0,0.0,0.0,155.73593139648438,185.111328125,158.25209045410156,0.0,0.0,0.0,24.923513412475586,33.51581573486328,25.659488677978516,0.0,0.0,0.0
166.0,38.702972412109375,32319.798828125,3581.070068359375,15551.5888671875,13187.1396484375,3504.134521484375,20.409656524658203,0.0,12819.96484375,0.07012905925512314,17.63043212890625,0.7977300882339478,5.048509120941162,4.024291515350342,1.6159347295761108,2.622680425643921,5.516169548034668,0.0009879209101200104,0.38957834243774414,0.9865300059318542,0.0,0.0,0.0,0.0,4208.779296875,190.43606567382812,714.4083251953125,649.8903198242188,381.7599792480469,0.0,2111.703369140625,0.2756769061088562,35.062049865722656,97.66647338867188,0.0,0.0,0.0,245.2767791748047,245.2767791748047,175.75550842285156,184.03878784179688,172.78709411621094,0.0,0.0,0.0,175.75550842285156,184.03878784179688,172.78709411621094,0.0,0.0,0.0,30.998830795288086,33.421688079833984,30.130569458007812,0.0,0.0,0.0
167.0,38.90306091308594,32403.14453125,3581.070068359375,15634.9365234375,13187.1396484375,3504.134521484375,20.060993194580078,0.0,13071.1923828125,0.07012905925512314,17.63624382019043,0.7982715368270874,5.048509120941162,4.031665325164795,1.6159347295761108,2.622680425643921,5.555332660675049,0.0009879209101200104,0.38957834243774414,1.1337268352508545,0.0,0.0,0.0,0.0,4195.37890625,189.89596557617188,711.9007568359375,1901.450439453125,665.408203125,0.0,746.4317016601562,0.045723628252744675,35.062049865722656,112.23896026611328,0.0,0.0,0.0,246.66712951660156,246.66712951660156,145.48487854003906,159.90365600585938,153.16836547851562,0.0,0.0,0.0,145.48487854003906,159.90365600585938,153.16836547851562,0.0,0.0,0.0,22.493331909179688,26.710824966430664,24.740751266479492,0.0,0.0,0.0
168.0,39.056270599365234,32431.6015625,3581.070068359375,15663.3916015625,13187.1396484375,3504.134521484375,19.541955947875977,0.0,13422.2265625,0.07012905925512314,17.639633178710938,0.7985861897468567,5.048509120941162,4.036546230316162,1.6159347295761108,2.622680425643921,5.6041154861450195,0.0009879209101200104,0.38957834243774414,1.229569673538208,0.0,0.0,0.0,0.0,4210.80224609375,190.632568359375,713.792236328125,1904.0467529296875,883.0276489257812,0.0,733.6895141601562,0.044789038598537445,35.062049865722656,121.7273941040039,0.0,0.0,0.0,248.1044921875,248.1044921875,143.0195770263672,156.00445556640625,145.63319396972656,0.0,0.0,0.0,143.0195770263672,156.00445556640625,145.63319396972656,0.0,0.0,0.0,22.291269302368164,26.0893497467041,23.055755615234375,0.0,0.0,0.0
169.0,39.1578369140625,32577.484375,3581.070068359375,15696.5068359375,13299.908203125,3504.134521484375,18.870241165161133,0.0,13949.9140625,0.07012905925512314,17.64142608642578,0.7987536787986755,5.048509120941162,4.039343357086182,1.6159347295761108,2.622680425643921,5.646518707275391,0.0009879209101200104,0.38957834243774414,1.2839736938476562,0.0,0.0,0.0,0.0,4254.81982421875,192.64614868164062,719.9404296875,1960.0543212890625,1094.7156982421875,0.0,797.0349731445312,0.04851263761520386,18.492517471313477,109.02587890625,0.0,0.0,0.0,249.59017944335938,249.59017944335938,97.16444396972656,141.2359619140625,120.27752685546875,0.0,0.0,0.0,97.16444396972656,141.2359619140625,120.27752685546875,0.0,0.0,0.0,9.550358772277832,22.4412784576416,16.31093406677246,0.0,0.0,0.0
170.0,39.22489929199219,32799.984375,3581.070068359375,15706.984375,13511.9306640625,3504.134521484375,18.864320755004883,0.0,14049.189453125,0.07012905925512314,17.64248275756836,0.7988531589508057,5.048509120941162,4.041378974914551,1.6159347295761108,2.622680425643921,5.67709493637085,0.0009879209101200104,0.38957834243774414,1.3172675371170044,0.0,0.0,0.0,0.0,4268.802734375,193.29176330566406,721.55126953125,1968.574951171875,1096.3780517578125,0.0,830.464111328125,0.05044146627187729,19.751779556274414,113.27486419677734,0.0,0.0,0.0,251.09774780273438,251.09774780273438,96.32433319091797,141.85150146484375,110.05323028564453,0.0,0.0,0.0,96.32433319091797,141.85150146484375,110.05323028564453,0.0,0.0,0.0,9.310546875,22.62724494934082,13.326248168945312,0.0,0.0,0.0
171.0,39.25716781616211,32845.3359375,3581.070068359375,15710.939453125,13553.326171875,3504.134521484375,19.468713760375977,0.0,13645.1259765625,0.07012905925512314,17.64291763305664,0.7988942265510559,5.048509120941162,4.04482364654541,1.6159347295761108,2.622680425643921,5.691378116607666,0.0009879209101200104,0.38957834243774414,1.3313337564468384,0.0,0.0,0.0,0.0,4240.62548828125,192.02101135253906,717.8809204101562,1960.142578125,909.6348266601562,0.0,787.9773559570312,0.04781428351998329,17.852296829223633,112.31458282470703,0.0,0.0,0.0,252.57252502441406,252.57252502441406,124.74537658691406,145.61526489257812,129.63052368164062,0.0,0.0,0.0,124.74537658691406,145.61526489257812,129.63052368164062,0.0,0.0,0.0,17.01930809020996,23.123750686645508,18.448213577270508,0.0,0.0,0.0
172.0,39.273223876953125,32849.265625,3581.070068359375,15714.87109375,13553.326171875,3504.134521484375,19.459672927856445,0.0,13655.0146484375,0.07012905925512314,17.642995834350586,0.7989015579223633,5.048509120941162,4.047583103179932,1.6159347295761108,2.622680425643921,5.702006816864014,0.0009879209101200104,0.38957834243774414,1.3339158296585083,0.0,0.0,0.0,0.0,4309.19287109375,195.1267547607422,724.4359130859375,1996.9302978515625,566.6012573242188,0.0,1009.1458129882812,0.061189912259578705,23.37470054626465,118.8519058227539,0.0,0.0,0.0,254.01002502441406,254.01002502441406,112.4721908569336,154.16009521484375,126.93988800048828,0.0,0.0,0.0,112.4721908569336,154.16009521484375,126.93988800048828,0.0,0.0,0.0,13.438444137573242,25.632156372070312,17.670244216918945,0.0,0.0,0.0
173.0,39.307212829589844,32874.8125,3581.070068359375,15740.41796875,13553.326171875,3504.134521484375,20.401958465576172,0.0,13053.703125,0.07012905925512314,17.64306640625,0.7989081740379333,5.048509120941162,4.052489757537842,1.6159347295761108,2.622680425643921,5.728665351867676,0.0009879209101200104,0.38957834243774414,1.336263656616211,0.0,0.0,0.0,0.0,4240.68798828125,192.02557373046875,717.801025390625,1975.5716552734375,400.48455810546875,0.0,875.30078125,0.052978336811065674,20.075870513916016,115.27943420410156,0.0,0.0,0.0,255.4197998046875,255.4197998046875,73.11558532714844,148.811279296875,128.58334350585938,0.0,0.0,0.0,73.11558532714844,148.811279296875,128.58334350585938,0.0,0.0,0.0,0.98434978723526,23.125341415405273,17.208669662475586,0.0,0.0,0.0
174.0,39.36016082763672,32903.15234375,3581.070068359375,15768.7548828125,13553.326171875,3504.134521484375,20.673803329467773,0.0,12899.8408203125,0.07012905925512314,17.680002212524414,0.8021880984306335,5.048509120941162,4.055413722991943,1.6159347295761108,2.622680425643921,5.737949848175049,0.0009879209101200104,0.38957834243774414,1.3367875814437866,0.0,0.0,0.0,0.0,4225.42578125,191.71865844726562,714.8016967773438,1965.926513671875,378.14752197265625,0.0,825.0284423828125,0.04990415647625923,18.112220764160156,113.07267761230469,0.0,0.0,0.0,256.7781066894531,256.7781066894531,118.37107849121094,146.19552612304688,87.5838623046875,0.0,0.0,0.0,118.37107849121094,146.19552612304688,87.5838623046875,0.0,0.0,0.0,13.949738502502441,22.08838653564453,4.944477081298828,0.0,0.0,0.0
175.0,39.72105407714844,33236.1171875,3581.070068359375,16101.7197265625,13553.326171875,3504.134521484375,21.189159393310547,0.0,12720.9462890625,0.07012905925512314,17.95305824279785,0.8288080096244812,5.048509120941162,4.070851802825928,1.6159347295761108,2.622680425643921,5.781759262084961,0.0009879209101200104,0.38957834243774414,1.3387559652328491,0.0,0.0,0.0,0.0,4232.91943359375,195.41392517089844,706.9176635742188,1915.297607421875,368.2792663574219,0.0,734.2357788085938,0.0442819818854332,30.288633346557617,127.05445861816406,0.0,0.0,0.0,258.1107482910156,258.1107482910156,135.26138305664062,158.35020446777344,137.2705078125,0.0,0.0,0.0,135.26138305664062,158.35020446777344,137.2705078125,0.0,0.0,0.0,18.37479591369629,25.12827491760254,18.96246337890625,0.0,0.0,0.0
176.0,40.1864128112793,33341.46875,3581.070068359375,16207.072265625,13553.326171875,3504.134521484375,20.654891967773438,0.0,13082.18359375,0.07012905925512314,18.309226989746094,0.8638580441474915,5.048509120941162,4.089915752410889,1.6159347295761108,2.622680425643921,5.834599494934082,0.0009879209101200104,0.38957834243774414,1.3409932851791382,0.0,0.0,0.0,0.0,4354.595703125,205.45664978027344,712.9510498046875,493.80364990234375,294.1074523925781,0.0,2323.4228515625,0.27858537435531616,35.062049865722656,132.75833129882812,0.0,0.0,0.0,259.4472961425781,259.4472961425781,148.04257202148438,187.24978637695312,170.43630981445312,0.0,0.0,0.0,148.04257202148438,187.24978637695312,170.43630981445312,0.0,0.0,0.0,22.647558212280273,34.11566925048828,29.197731018066406,0.0,0.0,0.0
177.0,40.44477081298828,33374.80078125,3581.070068359375,16240.40625,13553.326171875,3504.134521484375,20.67888641357422,0.0,13082.18359375,0.07012905925512314,18.508344650268555,0.8834681510925293,5.048509120941162,4.100452899932861,1.6159347295761108,2.622680425643921,5.8625617027282715,0.0009879209101200104,0.38957834243774414,1.3421231508255005,0.0,0.0,0.0,0.0,4378.85302734375,209.01800537109375,709.9963989257812,838.11962890625,300.83990478515625,0.0,1946.17724609375,0.1167447566986084,35.062049865722656,132.8701934814453,0.0,0.0,0.0,260.8305969238281,260.8305969238281,106.20085144042969,183.52618408203125,158.54977416992188,0.0,0.0,0.0,106.20085144042969,183.52618408203125,158.54977416992188,0.0,0.0,0.0,10.384862899780273,33.00252151489258,25.696924209594727,0.0,0.0,0.0
178.0,40.56167221069336,33385.875,3581.070068359375,16251.4794921875,13553.326171875,3504.134521484375,20.41200065612793,0.0,13254.54296875,0.0705750584602356,18.606233596801758,0.8930483460426331,5.048509120941162,4.1029438972473145,1.6159347295761108,2.622680425643921,5.868867874145508,0.0009879209101200104,0.38957834243774414,1.3423142433166504,0.0,0.0,0.0,0.0,4404.65771484375,211.4115447998047,710.3953247070312,482.7342529296875,380.251708984375,0.0,2308.05126953125,0.27948373556137085,35.062049865722656,132.8891143798828,0.0,0.0,0.0,262.24835205078125,262.24835205078125,174.60037231445312,185.81344604492188,171.7123565673828,0.0,0.0,0.0,174.60037231445312,185.81344604492188,171.7123565673828,0.0,0.0,0.0,30.658607482910156,33.93843078613281,29.813865661621094,0.0,0.0,0.0
179.0,40.783504486083984,33569.76953125,3581.070068359375,16435.373046875,13553.326171875,3504.134521484375,20.1215877532959,0.0,13514.2822265625,0.07166119664907455,18.795970916748047,0.9117394089698792,5.048509120941162,4.106407165527344,1.6159347295761108,2.622680425643921,5.8775224685668945,0.0009879209101200104,0.38957834243774414,1.3425134420394897,0.0,0.0,0.0,0.0,4418.19580078125,214.314208984375,706.0010375976562,1917.4903564453125,661.6517333984375,0.0,753.55517578125,0.04515799507498741,35.062049865722656,132.90882873535156,0.0,0.0,0.0,263.7113037109375,263.7113037109375,135.3717803955078,159.52711486816406,155.67373657226562,0.0,0.0,0.0,135.3717803955078,159.52711486816406,155.67373657226562,0.0,0.0,0.0,19.47465705871582,26.54009246826172,25.41297721862793,0.0,0.0,0.0
180.0,41.04764175415039,33628.5859375,3581.070068359375,16494.1875,13553.326171875,3504.134521484375,19.639360427856445,0.0,13862.2958984375,0.07321333140134811,19.026714324951172,0.9344722032546997,5.048509120941162,4.10844087600708,1.6159347295761108,2.622680425643921,5.884520530700684,0.0009879209101200104,0.38957834243774414,1.342591643333435,0.0,0.0,0.0,0.0,4465.2119140625,219.3030548095703,705.1082153320312,1908.0775146484375,875.8811645507812,0.0,731.260009765625,0.04380109906196594,34.72132873535156,132.52410888671875,0.0,0.0,0.0,265.2193298339844,265.2193298339844,136.05543518066406,155.2082061767578,135.69158935546875,0.0,0.0,0.0,136.05543518066406,155.2082061767578,135.69158935546875,0.0,0.0,0.0,20.1568546295166,25.75904083251953,20.050430297851562,0.0,0.0,0.0
181.0,41.676063537597656,34259.97265625,3581.070068359375,17016.599609375,13662.3037109375,3766.861083984375,19.233142852783203,0.0,14407.2822265625,0.07704095542430878,19.57833480834961,0.9889158010482788,5.048509120941162,4.111903667449951,1.6159347295761108,2.622680425643921,5.899480819702148,0.0009879209101200104,0.38957834243774414,1.342696189880371,0.0,0.0,0.0,0.0,4589.5458984375,231.8212890625,705.010009765625,1964.5130615234375,1079.85595703125,0.0,754.8460693359375,0.04516800493001938,11.687350273132324,100.34500122070312,0.0,0.0,0.0,266.7716979980469,266.7716979980469,92.022216796875,136.078369140625,122.60633850097656,0.0,0.0,0.0,92.022216796875,136.078369140625,122.60633850097656,0.0,0.0,0.0,7.683354377746582,20.569778442382812,16.62921142578125,0.0,0.0,0.0
182.0,42.42587661743164,34640.5078125,3581.070068359375,17181.892578125,13877.54296875,3766.861083984375,19.308687210083008,0.0,14509.8154296875,0.08162367343902588,20.235675811767578,1.0538512468338013,5.048509120941162,4.117246150970459,1.6159347295761108,2.622680425643921,5.916985511779785,0.0009879209101200104,0.38957834243774414,1.3428056240081787,0.0,0.0,0.0,0.0,4695.41455078125,244.5319061279297,699.6854248046875,1948.9857177734375,1074.60400390625,0.0,735.4472045898438,0.04395509883761406,11.687350273132324,94.76264953613281,0.0,0.0,0.0,268.343505859375,268.343505859375,96.32926177978516,137.36949157714844,122.11187744140625,0.0,0.0,0.0,96.32926177978516,137.36949157714844,122.11187744140625,0.0,0.0,0.0,8.867622375488281,20.871889114379883,16.409038543701172,0.0,0.0,0.0
183.0,42.837459564208984,34737.9296875,3581.070068359375,17237.318359375,13919.5400390625,3766.861083984375,19.956377029418945,0.0,14092.4990234375,0.08407564461231232,20.586294174194336,1.0886365175247192,5.048509120941162,4.131689548492432,1.6159347295761108,2.622680425643921,5.926211833953857,0.0009879209101200104,0.38957834243774414,1.342858910560608,0.0,0.0,0.0,0.0,4707.64208984375,248.9477081298828,691.541748046875,1910.4111328125,888.1710205078125,0.0,671.0326538085938,0.04008029028773308,11.687350273132324,93.06012725830078,0.0,0.0,0.0,269.8771057128906,269.8771057128906,107.93017578125,138.29103088378906,127.61726379394531,0.0,0.0,0.0,107.93017578125,138.29103088378906,127.61726379394531,0.0,0.0,0.0,11.613198280334473,20.49374771118164,17.371671676635742,0.0,0.0,0.0
184.0,43.03432083129883,34764.52734375,3581.070068359375,17263.91796875,13919.5400390625,3766.861083984375,19.959997177124023,0.0,14102.7119140625,0.08526476472616196,20.751949310302734,1.1049695014953613,5.048509120941162,4.14130973815918,1.6159347295761108,2.622680425643921,5.930266380310059,0.0009879209101200104,0.38957834243774414,1.3428694009780884,0.0,0.0,0.0,0.0,4792.89990234375,255.205322265625,698.0939331054688,1971.9014892578125,551.9175415039062,0.0,847.0225830078125,0.05057816579937935,11.687350273132324,99.1435317993164,0.0,0.0,0.0,271.3678283691406,271.3678283691406,104.00390625,148.01779174804688,132.1068115234375,0.0,0.0,0.0,104.00390625,148.01779174804688,132.1068115234375,0.0,0.0,0.0,10.461145401000977,23.335205078125,18.68124771118164,0.0,0.0,0.0
185.0,43.36636734008789,35022.3359375,3581.070068359375,17521.7265625,13919.5400390625,3766.861083984375,21.066295623779297,0.0,13481.6875,0.08729430288076401,21.03211784362793,1.1326658725738525,5.048509120941162,4.156783580780029,1.6159347295761108,2.622680425643921,5.9369354248046875,0.0009879209101200104,0.38957834243774414,1.3428783416748047,0.0,0.0,0.0,0.0,4750.38427734375,255.8276824951172,685.729736328125,1920.3182373046875,388.73541259765625,0.0,702.3698120117188,0.04192173480987549,11.687350273132324,93.06146240234375,0.0,0.0,0.0,272.8251647949219,272.8251647949219,78.17106628417969,136.5145721435547,128.7090301513672,0.0,0.0,0.0,78.17106628417969,136.5145721435547,128.7090301513672,0.0,0.0,0.0,1.7987406253814697,18.864215850830078,16.581096649169922,0.0,0.0,0.0
186.0,43.80523681640625,35174.0703125,3581.070068359375,17673.458984375,13919.5400390625,3766.861083984375,21.421268463134766,0.0,13322.78125,0.08989281952381134,21.39019775390625,1.1684705018997192,5.048509120941162,4.190680980682373,1.6159347295761108,2.622680425643921,5.945416450500488,0.0009879209101200104,0.38957834243774414,1.3428876399993896,0.0,0.0,0.0,0.0,4763.62060546875,260.21966552734375,679.0401611328125,1895.7861328125,365.5035705566406,0.0,630.7666625976562,0.03762679174542427,11.687350273132324,93.0621109008789,0.0,0.0,0.0,274.2207946777344,274.2207946777344,109.58622741699219,134.51832580566406,101.67213439941406,0.0,0.0,0.0,109.58622741699219,134.51832580566406,101.67213439941406,0.0,0.0,0.0,10.632701873779297,17.92534065246582,8.317831039428711,0.0,0.0,0.0
187.0,44.11981964111328,35232.4765625,3581.070068359375,17731.8671875,13919.5400390625,3766.861083984375,21.771682739257812,0.0,13138.025390625,0.09171941131353378,21.64177894592285,1.1934270858764648,5.048509120941162,4.220952987670898,1.6159347295761108,2.622680425643921,5.951357841491699,0.0009879209101200104,0.38957834243774414,1.3428936004638672,0.0,0.0,0.0,0.0,4756.62841796875,262.3023681640625,672.737060546875,1824.951904296875,356.0339050292969,0.0,597.315185546875,0.0356171652674675,11.297774314880371,92.61368560791016,0.0,0.0,0.0,275.5810241699219,275.5810241699219,133.1511688232422,142.0502166748047,123.57841491699219,0.0,0.0,0.0,133.1511688232422,142.0502166748047,123.57841491699219,0.0,0.0,0.0,17.175031661987305,19.778005599975586,14.375003814697266,0.0,0.0,0.0
188.0,44.28096008300781,35250.95703125,3581.070068359375,17750.34765625,13919.5400390625,3766.861083984375,21.166072845458984,0.0,13511.109375,0.09264440089464188,21.76915168762207,1.2059664726257324,5.048509120941162,4.238249778747559,1.6159347295761108,2.622680425643921,5.954360485076904,0.0009879209101200104,0.38957834243774414,1.3428963422775269,0.0,0.0,0.0,0.0,4860.03125,269.2358093261719,680.74755859375,349.251953125,285.2820739746094,0.0,2236.015869140625,0.2706359624862671,23.37470054626465,119.65206146240234,0.0,0.0,0.0,276.93707275390625,276.93707275390625,155.59776306152344,187.35061645507812,161.6938018798828,0.0,0.0,0.0,155.59776306152344,187.35061645507812,161.6938018798828,0.0,0.0,0.0,24.346275329589844,33.63398361206055,26.129364013671875,0.0,0.0,0.0
189.0,44.351436614990234,35256.8046875,3581.070068359375,17756.1953125,13919.5400390625,3766.861083984375,21.172941207885742,0.7019945979118347,13511.109375,0.09306558221578598,21.826736450195312,1.211587905883789,5.048509120941162,4.243743896484375,1.6159347295761108,2.622680425643921,5.955713272094727,0.0009879209101200104,0.38957834243774414,1.3428969383239746,0.0,0.0,0.0,0.0,4864.34228515625,270.0164489746094,679.88818359375,400.8174743652344,292.30755615234375,0.0,2171.82861328125,0.2350582331418991,23.37470054626465,119.6521224975586,0.0,0.0,0.0,278.336181640625,278.336181640625,174.58880615234375,190.12252807617188,171.20252990722656,0.0,0.0,0.0,174.58880615234375,190.12252807617188,171.20252990722656,0.0,0.0,0.0,29.19228744506836,33.735904693603516,28.20180320739746,0.0,0.0,0.0
190.0,44.425987243652344,35544.21875,3813.3701171875,17811.310546875,13919.5400390625,3766.861083984375,21.06272315979004,0.0,13689.1103515625,0.09351860731840134,21.888015747070312,1.217671275138855,5.048509120941162,4.24903678894043,1.6159347295761108,2.622680425643921,5.957155227661133,0.0009879209101200104,0.38957834243774414,1.3428971767425537,0.0,0.0,0.0,0.0,4888.70654296875,271.9678955078125,681.02880859375,527.7997436523438,369.748779296875,0.0,2058.41845703125,0.2295674830675125,23.37470054626465,119.65213775634766,0.0,0.0,0.0,279.76959228515625,279.76959228515625,136.45274353027344,184.67276000976562,165.60487365722656,0.0,0.0,0.0,136.45274353027344,184.67276000976562,165.60487365722656,0.0,0.0,0.0,18.849706649780273,32.95405960083008,27.376705169677734,0.0,0.0,0.0
191.0,44.71427917480469,35776.125,3813.3701171875,18043.216796875,13919.5400390625,3766.861083984375,20.783550262451172,0.5460522770881653,13957.37109375,0.09523483365774155,22.11983871459961,1.2408480644226074,5.048509120941162,4.275155544281006,1.6159347295761108,2.622680425643921,5.962613582611084,0.0009879209101200104,0.38957834243774414,1.3428975343704224,0.0,0.0,0.0,0.0,4906.71142578125,275.2498779296875,677.7942504882812,1877.3011474609375,643.4088134765625,0.0,596.6144409179688,0.03554825857281685,23.37470054626465,119.65216827392578,0.0,0.0,0.0,281.2491760253906,281.2491760253906,146.30799865722656,165.62139892578125,142.10931396484375,0.0,0.0,0.0,146.30799865722656,165.62139892578125,142.10931396484375,0.0,0.0,0.0,21.46548843383789,27.114656448364258,20.23737335205078,0.0,0.0,0.0
192.0,45.0599250793457,35858.7109375,3813.3701171875,18125.80078125,13919.5400390625,3766.861083984375,20.31724739074707,0.0,14302.3642578125,0.0973886027932167,22.410018920898438,1.269646167755127,5.048509120941162,4.292826175689697,1.6159347295761108,2.622680425643921,5.969456672668457,0.0009879209101200104,0.38957834243774414,1.342897653579712,0.0,0.0,0.0,0.0,5005.79736328125,283.6048889160156,681.65380859375,1919.934814453125,645.6569213867188,0.0,671.2816162109375,0.039978548884391785,23.37470054626465,119.65218353271484,0.0,0.0,0.0,282.77520751953125,282.77520751953125,133.5640106201172,155.29193115234375,133.40618896484375,0.0,0.0,0.0,133.5640106201172,155.29193115234375,133.40618896484375,0.0,0.0,0.0,18.750225067138672,25.105640411376953,18.704063415527344,0.0,0.0,0.0
193.0,45.728153228759766,36480.2109375,3813.3701171875,18642.12890625,14024.712890625,3766.861083984375,19.868000030517578,0.0,14864.6591796875,0.10161444544792175,22.978904724121094,1.326415777206421,5.048509120941162,4.317748546600342,1.6159347295761108,2.622680425643921,5.98288106918335,0.0009879209101200104,0.38957834243774414,1.3428977727890015,0.0,0.0,0.0,0.0,5091.39794921875,293.8917541503906,678.1426391601562,1927.7410888671875,1050.778564453125,0.0,584.15673828125,0.03475813567638397,10.422906875610352,91.60601806640625,0.0,0.0,0.0,284.3489685058594,284.3489685058594,81.72105407714844,126.85680389404297,115.30082702636719,0.0,0.0,0.0,81.72105407714844,126.85680389404297,115.30082702636719,0.0,0.0,0.0,4.035408973693848,17.23761558532715,13.85749340057373,0.0,0.0,0.0
194.0,46.48414993286133,36862.03125,3813.3701171875,18805.498046875,14243.162109375,3766.861083984375,19.933202743530273,0.0,14970.4423828125,0.10640686750411987,23.623950958251953,1.3909720182418823,5.048509120941162,4.344126224517822,1.6159347295761108,2.622680425643921,5.998104095458984,0.0009879209101200104,0.38957834243774414,1.3428980112075806,0.0,0.0,0.0,0.0,5186.28662109375,305.3672180175781,674.2103881835938,1921.3818359375,1046.1185302734375,0.0,567.2003784179688,0.033714476972818375,8.197096824645996,89.04161834716797,0.0,0.0,0.0,285.93707275390625,285.93707275390625,94.67945098876953,130.80076599121094,118.44683074951172,0.0,0.0,0.0,94.67945098876953,130.80076599121094,118.44683074951172,0.0,0.0,0.0,7.760537624359131,18.326021194458008,14.712494850158691,0.0,0.0,0.0
195.0,46.895652770996094,36956.31640625,3813.3701171875,18857.189453125,14285.7578125,3766.861083984375,20.597110748291016,0.0,14539.8828125,0.10901685804128647,23.975217819213867,1.4261442422866821,5.048509120941162,4.3582916259765625,1.6159347295761108,2.622680425643921,6.006394863128662,0.0009879209101200104,0.38957834243774414,1.3428981304168701,0.0,0.0,0.0,0.0,5180.95947265625,308.1847229003906,666.7349853515625,1886.7132568359375,864.1069946289062,0.0,511.4251403808594,0.030382167547941208,3.9535861015319824,84.16719818115234,0.0,0.0,0.0,287.48309326171875,287.48309326171875,114.05302429199219,136.656982421875,128.24562072753906,0.0,0.0,0.0,114.05302429199219,136.656982421875,128.24562072753906,0.0,0.0,0.0,12.763398170471191,19.37505340576172,16.91473388671875,0.0,0.0,0.0
196.0,47.08037567138672,36973.546875,3813.3701171875,18874.41796875,14285.7578125,3766.861083984375,20.594594955444336,0.0,14550.4189453125,0.11017078906297684,24.130502700805664,1.4417353868484497,5.048509120941162,4.367315769195557,1.6159347295761108,2.622680425643921,6.0100603103637695,0.0009879209101200104,0.38957834243774414,1.3428981304168701,0.0,0.0,0.0,0.0,5269.0283203125,314.8108825683594,672.127685546875,1960.4561767578125,537.1033935546875,0.0,656.4640502929688,0.038988836109638214,10.335319519042969,91.505126953125,0.0,0.0,0.0,288.9853820800781,288.9853820800781,113.65457916259766,141.63430786132812,129.38687133789062,0.0,0.0,0.0,113.65457916259766,141.63430786132812,129.38687133789062,0.0,0.0,0.0,12.649370193481445,20.833438873291016,17.251066207885742,0.0,0.0,0.0
197.0,47.15927505493164,36980.5078125,3813.3701171875,18881.3828125,14285.7578125,3766.861083984375,21.581012725830078,0.0,13909.681640625,0.11064881831407547,24.19483184814453,1.4481827020645142,5.048509120941162,4.373444557189941,1.6159347295761108,2.622680425643921,6.011578559875488,0.0009879209101200104,0.38957834243774414,1.3428981304168701,0.0,0.0,0.0,0.0,5182.3193359375,310.1879577636719,662.6478881835938,1900.968994140625,378.88104248046875,0.0,554.8726806640625,0.032951727509498596,4.324088096618652,84.57945251464844,0.0,0.0,0.0,290.4544982910156,290.4544982910156,90.72979736328125,136.15443420410156,123.94550323486328,0.0,0.0,0.0,90.72979736328125,136.15443420410156,123.94550323486328,0.0,0.0,0.0,4.957451820373535,18.244159698486328,14.673046112060547,0.0,0.0,0.0
198.0,47.191585540771484,36985.19921875,3813.3701171875,18886.0703125,14285.7578125,3766.861083984375,21.852977752685547,0.0,13745.720703125,0.11080337315797806,24.21561622619629,1.4503183364868164,5.048509120941162,4.382187843322754,1.6159347295761108,2.622680425643921,6.0120697021484375,0.0009879209101200104,0.38957834243774414,1.3428981304168701,0.0,0.0,0.0,0.0,5155.87646484375,308.7950134277344,659.7036743164062,1883.0518798828125,357.6824035644531,0.0,517.386962890625,0.030724601820111275,2.209488868713379,82.22659301757812,0.0,0.0,0.0,291.865234375,291.865234375,93.5826416015625,126.35652160644531,123.27989959716797,0.0,0.0,0.0,93.5826416015625,126.35652160644531,123.27989959716797,0.0,0.0,0.0,5.519946098327637,15.106305122375488,14.206393241882324,0.0,0.0,0.0
199.0,47.2132568359375,36990.9921875,3813.3701171875,18891.86328125,14285.7578125,3766.861083984375,22.177352905273438,0.0,13555.103515625,0.11089064180850983,24.22736930847168,1.4514588117599487,5.048509120941162,4.39060115814209,1.6159347295761108,2.622680425643921,6.0123467445373535,0.0009879209101200104,0.38957834243774414,1.3428981304168701,0.0,0.0,0.0,0.0,5120.37841796875,306.76123046875,656.0746459960938,1857.375,349.420166015625,0.0,467.386962890625,0.027754859998822212,0.0,79.76815032958984,0.0,0.0,0.0,293.2401428222656,293.2401428222656,114.9382095336914,131.06686401367188,123.26890563964844,0.0,0.0,0.0,114.9382095336914,131.06686401367188,123.26890563964844,0.0,0.0,0.0,11.442073822021484,16.159706115722656,13.878801345825195,0.0,0.0,0.0
200.0,47.22622299194336,36992.82421875,3813.3701171875,18893.6953125,14285.7578125,3766.861083984375,21.549514770507812,0.848122775554657,13940.0341796875,0.11093858629465103,24.23383140563965,1.452065110206604,5.048509120941162,4.396298885345459,1.6159347295761108,2.622680425643921,6.01249885559082,0.0009879209101200104,0.38957834243774414,1.3428981304168701,0.0,0.0,0.0,0.0,5212.12109375,312.3046875,664.6165771484375,1883.1614990234375,280.1877136230469,0.0,599.657470703125,0.03560910373926163,23.37470054626465,119.65222930908203,0.0,0.0,0.0,294.6019592285156,294.6019592285156,146.08877563476562,162.70999145507812,146.1732940673828,0.0,0.0,0.0,146.08877563476562,162.70999145507812,146.1732940673828,0.0,0.0,0.0,20.33332633972168,25.19503402709961,20.358051300048828,0.0,0.0,0.0
201.0,47.23225784301758,36993.40234375,3813.3701171875,18894.275390625,14285.7578125,3766.861083984375,21.553150177001953,0.0,13940.0341796875,0.11097852140665054,24.239160537719727,1.4525268077850342,5.048509120941162,4.396376609802246,1.6159347295761108,2.622680425643921,6.012625694274902,0.0009879209101200104,0.38957834243774414,1.3428981304168701,0.0,0.0,0.0,0.0,5210.68798828125,312.2494201660156,664.3306884765625,760.3572387695312,287.26605224609375,0.0,1715.7000732421875,0.10188143700361252,23.37470054626465,119.65222930908203,0.0,0.0,0.0,295.9930114746094,295.9930114746094,152.23268127441406,182.45399475097656,152.33599853515625,0.0,0.0,0.0,152.23268127441406,182.45399475097656,152.33599853515625,0.0,0.0,0.0,22.97490882873535,31.81464195251465,23.005128860473633,0.0,0.0,0.0
202.0,47.485618591308594,37256.81640625,3813.3701171875,19157.6875,14285.7578125,3766.861083984375,21.41861343383789,0.6123934984207153,14123.6884765625,0.11265043914318085,24.460996627807617,1.4747869968414307,5.048509120941162,4.3986687660217285,1.6159347295761108,2.622680425643921,6.017928123474121,0.0009879209101200104,0.38957834243774414,1.3428981304168701,0.0,0.0,0.0,0.0,5255.169921875,316.8414001464844,664.2127075195312,570.1862182617188,362.87823486328125,0.0,1903.480712890625,0.20294059813022614,23.37470054626465,119.65222930908203,0.0,0.0,0.0,297.41961669921875,297.41961669921875,169.53302001953125,186.4526824951172,167.7847442626953,0.0,0.0,0.0,169.53302001953125,186.4526824951172,167.7847442626953,0.0,0.0,0.0,27.55739974975586,32.506404876708984,27.046030044555664,0.0,0.0,0.0
203.0,48.1134033203125,37621.1875,3813.3701171875,19522.05859375,14285.7578125,3766.861083984375,21.20258140563965,0.3725901246070862,14400.4609375,0.11679263412952423,25.010290145874023,1.5299909114837646,5.048509120941162,4.404675006866455,1.6159347295761108,2.622680425643921,6.031064033508301,0.0009879209101200104,0.38957834243774414,1.3428981304168701,0.0,0.0,0.0,0.0,5314.43017578125,325.1073913574219,659.2805786132812,1821.2784423828125,630.2630004882812,0.0,507.5350646972656,0.03010081686079502,23.37470054626465,119.65222930908203,0.0,0.0,0.0,298.89581298828125,298.89581298828125,142.69534301757812,163.69854736328125,140.35568237304688,0.0,0.0,0.0,142.69534301757812,163.69854736328125,140.35568237304688,0.0,0.0,0.0,20.16321563720703,26.30665397644043,19.478864669799805,0.0,0.0,0.0
204.0,48.697120666503906,37736.99609375,3813.3701171875,19637.869140625,14285.7578125,3766.861083984375,20.762460708618164,0.1191934198141098,14742.451171875,0.12066983431577682,25.52310562133789,1.581525206565857,5.048509120941162,4.407871246337891,1.6159347295761108,2.622680425643921,6.043360233306885,0.0009879209101200104,0.38957834243774414,1.3428981304168701,0.0,0.0,0.0,0.0,5438.18310546875,336.9740295410156,661.0918579101562,1852.4964599609375,631.1339721679688,0.0,566.8450927734375,0.033590421080589294,23.37470054626465,119.65222930908203,0.0,0.0,0.0,300.42010498046875,300.42010498046875,130.90589904785156,150.76077270507812,132.62071228027344,0.0,0.0,0.0,130.90589904785156,150.76077270507812,132.62071228027344,0.0,0.0,0.0,17.408321380615234,23.215871810913086,17.909902572631836,0.0,0.0,0.0
205.0,49.47127914428711,38363.2578125,3813.3701171875,20162.759765625,14387.1279296875,3766.861083984375,20.287843704223633,0.0,15322.037109375,0.12582527101039886,26.204246520996094,1.6501308679580688,5.048509120941162,4.410778522491455,1.6159347295761108,2.622680425643921,6.059709548950195,0.0009879209101200104,0.38957834243774414,1.3428981304168701,0.0,0.0,0.0,0.0,5546.2763671875,349.2594909667969,658.3095703125,1866.2244873046875,1027.9815673828125,0.0,490.76531982421875,0.02904999628663063,0.0,79.76815032958984,0.0,0.0,0.0,301.9874267578125,301.9874267578125,71.03307342529297,117.53604125976562,108.66352844238281,0.0,0.0,0.0,71.03307342529297,117.53604125976562,108.66352844238281,0.0,0.0,0.0,0.4893300533294678,14.091447830200195,11.49623966217041,0.0,0.0,0.0
206.0,50.26982498168945,38750.99609375,3813.3701171875,20328.837890625,14608.7861328125,3766.861083984375,20.34693145751953,0.0,15431.078125,0.13114504516124725,26.90693473815918,1.7209721803665161,5.048509120941162,4.413604736328125,1.6159347295761108,2.622680425643921,6.07658052444458,0.0009879209101200104,0.38957834243774414,1.3428981304168701,0.0,0.0,0.0,0.0,5647.12255859375,361.1909484863281,654.7964477539062,1845.2435302734375,1023.8927612304688,0.0,478.44110107421875,0.028288353234529495,0.0,79.76815032958984,0.0,0.0,0.0,303.56524658203125,303.56524658203125,113.2652587890625,130.49867248535156,122.39845275878906,0.0,0.0,0.0,113.2652587890625,130.49867248535156,122.39845275878906,0.0,0.0,0.0,12.783157348632812,17.823928833007812,15.45461654663086,0.0,0.0,0.0
207.0,50.69765090942383,38846.96875,3813.3701171875,20381.6171875,14651.98046875,3766.861083984375,21.023380279541016,0.0,14987.2666015625,0.13398759067058563,27.282350540161133,1.7588425874710083,5.048509120941162,4.416285514831543,1.6159347295761108,2.622680425643921,6.08559513092041,0.0009879209101200104,0.38957834243774414,1.3428981304168701,0.0,0.0,0.0,0.0,5637.59130859375,363.445068359375,647.6661376953125,1794.2686767578125,845.97314453125,0.0,427.9143371582031,0.02528557740151882,0.0,73.11509704589844,0.0,0.0,0.0,305.10809326171875,305.10809326171875,109.82230377197266,137.1137237548828,126.14915466308594,0.0,0.0,0.0,109.82230377197266,137.1137237548828,126.14915466308594,0.0,0.0,0.0,11.099644660949707,19.082386016845703,15.875247955322266,0.0,0.0,0.0
208.0,50.8892822265625,38865.04296875,3813.3701171875,20399.693359375,14651.98046875,3766.861083984375,21.02068328857422,0.0,14998.125,0.13525955379009247,27.449546813964844,1.7757140398025513,5.048509120941162,4.418567657470703,1.6159347295761108,2.622680425643921,6.089605331420898,0.0009879209101200104,0.38957834243774414,1.3428981304168701,0.0,0.0,0.0,0.0,5721.66015625,370.1347961425781,652.0790405273438,1879.0753173828125,525.3301391601562,0.0,567.7293090820312,0.0335383266210556,0.0,79.76815032958984,0.0,0.0,0.0,306.6107177734375,306.6107177734375,124.02203369140625,141.1396026611328,131.8135528564453,0.0,0.0,0.0,124.02203369140625,141.1396026611328,131.8135528564453,0.0,0.0,0.0,15.255760192871094,20.262651443481445,17.534778594970703,0.0,0.0,0.0
209.0,51.14309310913086,39051.6953125,3813.3701171875,20586.34375,14651.98046875,3766.861083984375,22.129972457885742,0.0,14337.67578125,0.1369415521621704,27.67021369934082,1.798018455505371,5.048509120941162,4.422436237335205,1.6159347295761108,2.622680425643921,6.094895839691162,0.0009879209101200104,0.38957834243774414,1.3428981304168701,0.0,0.0,0.0,0.0,5644.40576171875,366.7751159667969,641.9707641601562,1793.4810791015625,370.2442932128906,0.0,458.31341552734375,0.02706516720354557,0.0,74.2542953491211,0.0,0.0,0.0,308.0846252441406,308.0846252441406,102.2455825805664,134.90711975097656,128.0587921142578,0.0,0.0,0.0,102.2455825805664,134.90711975097656,128.0587921142578,0.0,0.0,0.0,7.776860237121582,17.330358505249023,15.32722282409668,0.0,0.0,0.0
210.0,51.42026138305664,39113.140625,3813.3701171875,20647.7890625,14651.98046875,3766.861083984375,22.441444396972656,0.0,14168.6708984375,0.13876178860664368,27.90928840637207,1.8222562074661255,5.048509120941162,4.428730487823486,1.6159347295761108,2.622680425643921,6.100635528564453,0.0009879209101200104,0.38957834243774414,1.3428981304168701,0.0,0.0,0.0,0.0,5640.17333984375,368.2588195800781,637.7330932617188,1756.8887939453125,349.0030212402344,0.0,413.8706970214844,0.024431370198726654,0.0,68.26158142089844,0.0,0.0,0.0,309.50433349609375,309.50433349609375,87.00643920898438,123.6011734008789,114.54419708251953,0.0,0.0,0.0,87.00643920898438,123.6011734008789,114.54419708251953,0.0,0.0,0.0,3.0079376697540283,13.711898803710938,11.062732696533203,0.0,0.0,0.0
211.0,51.76700973510742,39333.13671875,3813.3701171875,20867.787109375,14651.98046875,3766.861083984375,22.899290084838867,0.0,13972.19140625,0.14103789627552032,28.20844841003418,1.852442741394043,5.048509120941162,4.436672687530518,1.6159347295761108,2.622680425643921,6.107820987701416,0.0009879209101200104,0.38957834243774414,1.3428981304168701,0.0,0.0,0.0,0.0,5634.40234375,370.010009765625,632.4884643554688,1702.6527099609375,340.2958068847656,0.0,358.7315979003906,0.021166296675801277,0.0,61.8847770690918,0.0,0.0,0.0,310.88714599609375,310.88714599609375,100.06194305419922,123.10684204101562,117.65657806396484,0.0,0.0,0.0,100.06194305419922,123.10684204101562,117.65657806396484,0.0,0.0,0.0,6.368826866149902,13.10945987701416,11.5152587890625,0.0,0.0,0.0
212.0,52.1087532043457,39402.74609375,3813.3701171875,20937.396484375,14651.98046875,3766.861083984375,22.28860855102539,0.0,14368.958984375,0.14328069984912872,28.503271102905273,1.8821965456008911,5.048509120941162,4.44451379776001,1.6159347295761108,2.622680425643921,6.114902973175049,0.0009879209101200104,0.38957834243774414,1.3428981304168701,0.0,0.0,0.0,0.0,5759.0986328125,380.2986145019531,638.081787109375,1783.9674072265625,272.0401306152344,0.0,461.09332275390625,0.02719312533736229,0.0,71.76911926269531,0.0,0.0,0.0,312.252197265625,312.252197265625,129.67599487304688,141.96994018554688,119.00628662109375,0.0,0.0,0.0,129.67599487304688,141.96994018554688,119.00628662109375,0.0,0.0,0.0,15.641616821289062,19.237600326538086,12.520730018615723,0.0,0.0,0.0
213.0,52.29029846191406,39424.7734375,3813.3701171875,20959.421875,14651.98046875,3766.861083984375,22.304365158081055,0.0,14368.958984375,0.14447815716266632,28.660463333129883,1.8980553150177002,5.048509120941162,4.448030471801758,1.6159347295761108,2.622680425643921,6.118683815002441,0.0009879209101200104,0.38957834243774414,1.3428981304168701,0.0,0.0,0.0,0.0,5774.3388671875,382.4088439941406,636.8241577148438,535.3668212890625,278.60858154296875,0.0,1630.4228515625,0.13417227566242218,15.872831344604492,111.01461029052734,0.0,0.0,0.0,313.6365966796875,313.6365966796875,118.93763732910156,178.243896484375,134.11419677734375,0.0,0.0,0.0,118.93763732910156,178.243896484375,134.11419677734375,0.0,0.0,0.0,12.484894752502441,29.831974029541016,16.924039840698242,0.0,0.0,0.0
214.0,52.40023422241211,39462.31640625,3813.3701171875,20996.96484375,14651.98046875,3766.861083984375,22.028966903686523,0.0,14558.265625,0.14522011578083038,28.757038116455078,1.9077922105789185,5.048509120941162,4.448571681976318,1.6159347295761108,2.622680425643921,6.121023178100586,0.0009879209101200104,0.38957834243774414,1.3428981304168701,0.0,0.0,0.0,0.0,5808.046875,385.3160095214844,637.9788208007812,678.0142211914062,352.4501647949219,0.0,1486.1778564453125,0.08761195093393326,23.37470054626465,119.65222930908203,0.0,0.0,0.0,315.04229736328125,315.04229736328125,149.0823516845703,176.17630004882812,159.5341796875,0.0,0.0,0.0,149.0823516845703,176.17630004882812,159.5341796875,0.0,0.0,0.0,21.577621459960938,29.502601623535156,24.634780883789062,0.0,0.0,0.0
215.0,52.77216339111328,39785.06640625,3813.3701171875,21319.71484375,14651.98046875,3766.861083984375,21.771650314331055,0.0,14843.5595703125,0.14773808419704437,29.08435821533203,1.9408917427062988,5.048509120941162,4.449625492095947,1.6159347295761108,2.622680425643921,6.128961563110352,0.0009879209101200104,0.38957834243774414,1.3428981304168701,0.0,0.0,0.0,0.0,5849.759765625,390.37310791015625,636.11962890625,1654.5853271484375,614.2092895507812,0.0,395.2081604003906,0.02328559011220932,22.681978225708008,118.8541259765625,0.0,0.0,0.0,316.494873046875,316.494873046875,141.3533172607422,153.29220581054688,133.99888610839844,0.0,0.0,0.0,141.3533172607422,153.29220581054688,133.99888610839844,0.0,0.0,0.0,19.574195861816406,23.06631851196289,17.423023223876953,0.0,0.0,0.0
216.0,53.23024368286133,39887.18359375,3813.3701171875,21421.833984375,14651.98046875,3766.861083984375,21.327880859375,0.0,15182.51953125,0.15085241198539734,29.48811912536621,1.9817324876785278,5.048509120941162,4.450172424316406,1.6159347295761108,2.622680425643921,6.138778209686279,0.0009879209101200104,0.38957834243774414,1.3428981304168701,0.0,0.0,0.0,0.0,5960.65380859375,400.5823669433594,638.72314453125,1771.02099609375,615.6785888671875,0.0,453.2245788574219,0.026686301454901695,0.0,68.72251892089844,0.0,0.0,0.0,317.99334716796875,317.99334716796875,105.88768768310547,134.9762725830078,115.36280822753906,0.0,0.0,0.0,105.88768768310547,134.9762725830078,115.36280822753906,0.0,0.0,0.0,9.644267082214355,18.15267562866211,12.415739059448242,0.0,0.0,0.0
217.0,54.022335052490234,40580.65625,3813.3701171875,22017.748046875,14749.5390625,4579.5771484375,20.855676651000977,0.0,15779.4052734375,0.15599355101585388,30.15409278869629,2.048863172531128,5.08560848236084,4.4507155418396,1.6159347295761108,2.622680425643921,6.1549835205078125,0.0009879209101200104,0.38957834243774414,1.3428981304168701,0.0,0.0,0.0,0.0,6076.03955078125,412.8452453613281,642.0055541992188,1716.5147705078125,1004.5374755859375,0.0,394.6470031738281,0.02321198768913746,0.0,62.53721618652344,0.0,0.0,0.0,319.5250549316406,319.5250549316406,81.79483032226562,113.3480224609375,115.99244689941406,0.0,0.0,0.0,81.79483032226562,113.3480224609375,115.99244689941406,0.0,0.0,0.0,3.0693111419677734,12.29862117767334,13.072113990783691,0.0,0.0,0.0
218.0,54.92850875854492,41069.8046875,3813.3701171875,22282.033203125,14974.4033203125,4579.5771484375,20.95643424987793,0.0,15891.7041015625,0.16127069294452667,30.837600708007812,2.1172842979431152,5.216955661773682,4.451702117919922,1.6159347295761108,2.622680425643921,6.171617031097412,0.0009879209101200104,0.38957834243774414,1.3428981304168701,0.0,0.0,0.0,0.0,6169.88916015625,423.6195068359375,654.9987182617188,1686.0997314453125,1001.2142944335938,0.0,387.30560302734375,0.02275487408041954,0.0,60.100311279296875,0.0,0.0,0.0,321.06732177734375,321.06732177734375,94.79261779785156,130.41326904296875,109.62409210205078,0.0,0.0,0.0,94.79261779785156,130.41326904296875,109.62409210205078,0.0,0.0,0.0,6.770406723022461,17.1894474029541,11.108613014221191,0.0,0.0,0.0
219.0,55.58018112182617,41241.0625,3813.3701171875,22409.494140625,15018.197265625,4579.5771484375,21.690086364746094,0.0,15434.650390625,0.16447222232818604,31.252197265625,2.15946364402771,5.394207000732422,4.456054210662842,1.6159347295761108,2.622680425643921,6.181708335876465,0.0009879209101200104,0.38957834243774414,1.3428981304168701,0.0,0.0,0.0,0.0,6152.1552734375,425.10150146484375,668.758544921875,1606.3990478515625,827.0570068359375,0.0,341.2061767578125,0.020032942295074463,0.0,53.178768157958984,0.0,0.0,0.0,322.5788269042969,322.5788269042969,126.57361602783203,136.9073486328125,119.2038345336914,0.0,0.0,0.0,126.57361602783203,136.9073486328125,119.2038345336914,0.0,0.0,0.0,15.332695007324219,18.35531234741211,13.17703628540039,0.0,0.0,0.0
220.0,55.96834182739258,41408.87109375,3813.3701171875,22577.3046875,15018.197265625,4579.5771484375,21.7652645111084,0.0,15445.8310546875,0.16566413640975952,31.40654754638672,2.175088882446289,5.602108001708984,4.4613871574401855,1.6159347295761108,2.622680425643921,6.185465335845947,0.0009879209101200104,0.38957834243774414,1.3428981304168701,0.0,0.0,0.0,0.0,6222.091796875,430.9166259765625,697.0396118164062,1701.1175537109375,512.9244995117188,0.0,449.34039306640625,0.026375114917755127,0.0,66.47345733642578,0.0,0.0,0.0,324.0565185546875,324.0565185546875,125.46729278564453,141.6145477294922,122.78491973876953,0.0,0.0,0.0,125.46729278564453,141.6145477294922,122.78491973876953,0.0,0.0,0.0,14.933920860290527,19.656993865966797,14.149324417114258,0.0,0.0,0.0
221.0,56.412776947021484,41534.01953125,3813.3701171875,22702.451171875,15018.197265625,4579.5771484375,22.874000549316406,0.0,14765.66015625,0.16679824888706207,31.55337905883789,2.1904613971710205,5.871321678161621,4.46969747543335,1.6159347295761108,2.622680425643921,6.189039707183838,0.0009879209101200104,0.38957834243774414,1.3428981304168701,0.0,0.0,0.0,0.0,6120.1865234375,424.8683776855469,718.2485961914062,1586.1121826171875,361.6156311035156,0.0,354.91436767578125,0.02082756906747818,0.0,54.362083435058594,0.0,0.0,0.0,325.5091552734375,325.5091552734375,116.25513458251953,134.86155700683594,119.99674224853516,0.0,0.0,0.0,116.25513458251953,134.86155700683594,119.99674224853516,0.0,0.0,0.0,11.130626678466797,16.57300567626953,12.225048065185547,0.0,0.0,0.0
222.0,56.68539047241211,41576.0,3813.3701171875,22744.431640625,15018.197265625,4579.5771484375,23.183002471923828,0.0,14591.6201171875,0.16780544817447662,31.683595657348633,2.2043347358703613,5.98729944229126,4.478066921234131,1.6159347295761108,2.622680425643921,6.192208290100098,0.0009879209101200104,0.38957834243774414,1.3428981304168701,0.0,0.0,0.0,0.0,6093.607421875,423.9528503417969,727.9201049804688,1540.74609375,340.93951416015625,0.0,321.3305969238281,0.018852775916457176,0.0,53.178768157958984,0.0,0.0,0.0,326.9136657714844,326.9136657714844,89.587890625,128.59494018554688,129.9323272705078,0.0,0.0,0.0,89.587890625,128.59494018554688,129.9323272705078,0.0,0.0,0.0,3.0214545726776123,14.431018829345703,14.822200775146484,0.0,0.0,0.0
223.0,56.94248962402344,41719.1328125,3813.3701171875,22887.564453125,15018.197265625,4579.5771484375,23.60483741760254,0.0,14389.26953125,0.168949156999588,31.831439971923828,2.21950364112854,6.068247318267822,4.486464977264404,1.6159347295761108,2.622680425643921,6.195804119110107,0.0009879209101200104,0.38957834243774414,1.3428981304168701,0.0,0.0,0.0,0.0,6060.697265625,422.5928649902344,732.715087890625,1481.02099609375,332.5993347167969,0.0,281.1985778808594,0.01649424247443676,0.0,53.178768157958984,0.0,0.0,0.0,328.2900390625,328.2900390625,104.50785064697266,116.01702880859375,116.50502014160156,0.0,0.0,0.0,104.50785064697266,116.01702880859375,116.50502014160156,0.0,0.0,0.0,6.963708877563477,10.3301420211792,10.472879409790039,0.0,0.0,0.0
224.0,57.17479705810547,41764.421875,3813.3701171875,22932.853515625,15018.197265625,4579.5771484375,22.958980560302734,0.0,14797.8837890625,0.17002835869789124,31.970949172973633,2.2335314750671387,6.134833812713623,4.494178295135498,1.6159347295761108,2.622680425643921,6.199196815490723,0.0009879209101200104,0.38957834243774414,1.3428981304168701,0.0,0.0,0.0,0.0,6179.24267578125,431.6897888183594,747.5586547851562,1588.587158203125,266.4281005859375,0.0,368.5356750488281,0.021612295880913734,0.0,55.82514190673828,0.0,0.0,0.0,329.6545715332031,329.6545715332031,120.07909393310547,118.44761657714844,115.81776428222656,0.0,0.0,0.0,120.07909393310547,118.44761657714844,115.81776428222656,0.0,0.0,0.0,12.164152145385742,11.686946868896484,10.917715072631836,0.0,0.0,0.0
225.0,57.29606628417969,41778.75,3813.3701171875,22947.181640625,15018.197265625,4579.5771484375,22.97012710571289,0.0,14797.8837890625,0.17060963809490204,32.0458984375,2.2410354614257812,6.168370723724365,4.497049331665039,1.6159347295761108,2.622680425643921,6.201023578643799,0.0009879209101200104,0.38957834243774414,1.3428981304168701,0.0,0.0,0.0,0.0,6183.39599609375,432.4175720214844,750.712158203125,1573.2645263671875,272.9976501464844,0.0,362.25897216796875,0.021241625770926476,0.0,61.448577880859375,0.0,0.0,0.0,331.026123046875,331.026123046875,121.87030029296875,131.3383331298828,113.74237823486328,0.0,0.0,0.0,121.87030029296875,131.3383331298828,113.74237823486328,0.0,0.0,0.0,12.676934242248535,15.446335792541504,10.299518585205078,0.0,0.0,0.0
226.0,57.403053283691406,42095.65234375,4045.669921875,23031.787109375,15018.197265625,4579.5771484375,22.836416244506836,1.4860409498214722,14992.8427734375,0.17096851766109467,32.09210205078125,2.245608329772949,6.2170090675354,4.499698638916016,1.6159347295761108,2.622680425643921,6.205587863922119,0.0009879209101200104,0.38957834243774414,1.3428981304168701,0.0,0.0,0.0,0.0,6213.76123046875,434.8009033203125,758.1615600585938,1539.848876953125,345.522705078125,0.0,369.5972595214844,0.021665340289473534,11.687350273132324,93.0628433227539,0.0,0.0,0.0,332.3988037109375,332.3988037109375,141.47837829589844,161.53860473632812,120.86100006103516,0.0,0.0,0.0,141.47837829589844,161.53860473632812,120.86100006103516,0.0,0.0,0.0,17.059968948364258,22.92758560180664,11.029386520385742,0.0,0.0,0.0
227.0,57.57680892944336,42151.1953125,4045.669921875,23087.326171875,15018.197265625,4579.5771484375,22.41554832458496,1.0192397832870483,15286.6494140625,0.17149966955184937,32.16045379638672,2.2525808811187744,6.300168037414551,4.504633903503418,1.6159347295761108,2.622680425643921,6.215393543243408,0.0009879209101200104,0.38957834243774414,1.3428981304168701,0.0,0.0,0.0,0.0,6225.8203125,436.0686340332031,768.1347045898438,1496.00634765625,603.1277465820312,0.0,329.037353515625,0.019275164231657982,11.687350273132324,93.0628433227539,0.0,0.0,0.0,333.80084228515625,333.80084228515625,136.44146728515625,157.59677124023438,122.63565826416016,0.0,0.0,0.0,136.44146728515625,157.59677124023438,122.63565826416016,0.0,0.0,0.0,16.474340438842773,22.662267684936523,12.436141967773438,0.0,0.0,0.0
228.0,57.690364837646484,42169.703125,4045.669921875,23105.833984375,15018.197265625,4579.5771484375,21.93047332763672,0.0,15622.5888671875,0.17177975177764893,32.19648361206055,2.2563045024871826,6.353292942047119,4.509812831878662,1.6159347295761108,2.622680425643921,6.230608940124512,0.0009879209101200104,0.38957834243774414,1.3428981304168701,0.0,0.0,0.0,0.0,6298.21337890625,441.3739013671875,779.801025390625,1616.585693359375,606.1810913085938,0.0,386.478759765625,0.02261723391711712,0.0,59.14725112915039,0.0,0.0,0.0,335.2427978515625,335.2427978515625,101.90855407714844,125.40612030029297,109.32093048095703,0.0,0.0,0.0,101.90855407714844,125.40612030029297,109.32093048095703,0.0,0.0,0.0,7.877777576446533,14.750816345214844,10.045897483825684,0.0,0.0,0.0
229.0,57.762691497802734,42293.8359375,4045.669921875,23136.21484375,15111.9501953125,4579.5771484375,21.139636993408203,0.0,16236.7822265625,0.17187508940696716,32.20875549316406,2.257514238357544,6.400407791137695,4.512295722961426,1.6159347295761108,2.622680425643921,6.239765167236328,0.0009879209101200104,0.38957834243774414,1.3428981304168701,0.0,0.0,0.0,0.0,6347.35791015625,444.8868408203125,789.4752807617188,1603.5537109375,993.8892211914062,0.0,364.21075439453125,0.021301060914993286,0.0,56.647518157958984,0.0,0.0,0.0,336.71246337890625,336.71246337890625,93.01587677001953,119.23592376708984,101.74746704101562,0.0,0.0,0.0,93.01587677001953,119.23592376708984,101.74746704101562,0.0,0.0,0.0,6.067507743835449,13.736870765686035,8.621496200561523,0.0,0.0,0.0
230.0,57.85771942138672,42611.03515625,4045.669921875,23225.341796875,15340.0224609375,4579.5771484375,21.145875930786133,0.0,16352.3310546875,0.1719227433204651,32.21488952636719,2.2581090927124023,6.48161506652832,4.513754844665527,1.6159347295761108,2.622680425643921,6.2453484535217285,0.0009879209101200104,0.38957834243774414,1.3428981304168701,0.0,0.0,0.0,0.0,6367.04736328125,446.29949951171875,800.7921142578125,1624.551025390625,995.208740234375,0.0,382.8122863769531,0.022380616515874863,0.0,59.65679168701172,0.0,0.0,0.0,338.1955871582031,338.1955871582031,115.6707763671875,133.57681274414062,120.83082580566406,0.0,0.0,0.0,115.6707763671875,133.57681274414062,120.83082580566406,0.0,0.0,0.0,12.687824249267578,17.925342559814453,14.197139739990234,0.0,0.0,0.0
231.0,58.06431198120117,42724.55078125,4045.669921875,23294.46484375,15384.4150390625,4579.5771484375,21.853652954101562,0.0,15882.0244140625,0.17199020087718964,32.223567962646484,2.258991003036499,6.667489051818848,4.516502857208252,1.6159347295761108,2.622680425643921,6.253690719604492,0.0009879209101200104,0.38957834243774414,1.3428981304168701,0.0,0.0,0.0,0.0,6301.34228515625,441.7473449707031,816.5525512695312,1569.7608642578125,824.2371215820312,0.0,349.46221923828125,0.020419489592313766,0.0,55.011138916015625,0.0,0.0,0.0,339.66314697265625,339.66314697265625,114.73014831542969,138.25115966796875,133.08815002441406,0.0,0.0,0.0,114.73014831542969,138.25115966796875,133.08815002441406,0.0,0.0,0.0,11.704915046691895,18.58481216430664,17.074630737304688,0.0,0.0,0.0
232.0,58.24457931518555,42864.67578125,4045.669921875,23434.591796875,15384.4150390625,4579.5771484375,21.911977767944336,0.0,15893.5380859375,0.17201557755470276,32.22683334350586,2.259324312210083,6.837620258331299,4.519778251647949,1.6159347295761108,2.622680425643921,6.256929397583008,0.0009879209101200104,0.38957834243774414,1.3428981304168701,0.0,0.0,0.0,0.0,6354.708984375,445.5091552734375,841.6993408203125,1675.049072265625,511.6272888183594,0.0,469.0628662109375,0.027401985600590706,0.0,66.76055145263672,0.0,0.0,0.0,341.1078186035156,341.1078186035156,131.13389587402344,142.6593780517578,124.21293640136719,0.0,0.0,0.0,131.13389587402344,142.6593780517578,124.21293640136719,0.0,0.0,0.0,16.44468879699707,19.815893173217773,14.420307159423828,0.0,0.0,0.0
233.0,58.58592987060547,42977.125,4045.669921875,23547.041015625,15384.4150390625,4579.5771484375,23.019685745239258,0.0,15193.654296875,0.1720539778470993,32.23176956176758,2.2598304748535156,7.160497665405273,4.527804851531982,1.6159347295761108,2.622680425643921,6.261890888214111,0.0009879209101200104,0.38957834243774414,1.3428981304168701,0.0,0.0,0.0,0.0,6233.18505859375,437.0203857421875,867.0335083007812,1564.787353515625,360.9570007324219,0.0,369.8680419921875,0.021600032225251198,0.0,58.715492248535156,0.0,0.0,0.0,342.5370178222656,342.5370178222656,124.74397277832031,138.55137634277344,118.46111297607422,0.0,0.0,0.0,124.74397277832031,138.55137634277344,118.46111297607422,0.0,0.0,0.0,13.467926979064941,17.506593704223633,11.630188941955566,0.0,0.0,0.0
234.0,58.81253433227539,43015.421875,4045.669921875,23585.3359375,15384.4150390625,4579.5771484375,23.32797622680664,0.0,15014.5595703125,0.17207565903663635,32.234561920166016,2.260119676589966,7.364617347717285,4.541127681732178,1.6159347295761108,2.622680425643921,6.267952919006348,0.0009879209101200104,0.38957834243774414,1.3428981304168701,0.0,0.0,0.0,0.0,6188.6181640625,433.9136962890625,883.3760375976562,1525.00439453125,340.3190612792969,0.0,343.88079833984375,0.02007434144616127,0.0,54.43169403076172,0.0,0.0,0.0,343.9277648925781,343.9277648925781,80.05970764160156,129.2136688232422,120.72786712646484,0.0,0.0,0.0,80.05970764160156,129.2136688232422,120.72786712646484,0.0,0.0,0.0,0.08948786556720734,14.467021942138672,11.984926223754883,0.0,0.0,0.0
235.0,58.93471145629883,43035.3671875,4045.669921875,23605.279296875,15384.4150390625,4579.5771484375,23.682092666625977,0.0,14806.3388671875,0.17208606004714966,32.23590087890625,2.260255813598633,7.469789981842041,4.55157995223999,1.6159347295761108,2.622680425643921,6.273022174835205,0.0009879209101200104,0.38957834243774414,1.3428981304168701,0.0,0.0,0.0,0.0,6135.80810546875,430.218994140625,887.7677001953125,1477.928955078125,332.0199890136719,0.0,311.0016784667969,0.018148893490433693,0.0,53.178768157958984,0.0,0.0,0.0,345.29620361328125,345.29620361328125,105.64867401123047,123.78215789794922,119.17598724365234,0.0,0.0,0.0,105.64867401123047,123.78215789794922,119.17598724365234,0.0,0.0,0.0,7.220144748687744,12.524188041687012,11.176881790161133,0.0,0.0,0.0
236.0,58.994407653808594,43041.67578125,4045.669921875,23611.591796875,15384.4150390625,4579.5771484375,23.011905670166016,0.0,15226.7998046875,0.17209076881408691,32.236507415771484,2.2603161334991455,7.519742488861084,4.557645320892334,1.6159347295761108,2.622680425643921,6.276026248931885,0.0009879209101200104,0.38957834243774414,1.3428981304168701,0.0,0.0,0.0,0.0,6243.43701171875,437.7689514160156,908.8341674804688,1593.312255859375,266.4944152832031,0.0,396.5982666015625,0.02313936874270439,0.0,63.32622146606445,0.0,0.0,0.0,346.6572570800781,346.6572570800781,109.80030059814453,119.19068145751953,123.0147705078125,0.0,0.0,0.0,109.80030059814453,119.19068145751953,123.0147705078125,0.0,0.0,0.0,9.104681015014648,11.851367950439453,12.969913482666016,0.0,0.0,0.0
237.0,59.01995086669922,43043.671875,4045.669921875,23613.587890625,15384.4150390625,4579.5771484375,23.016164779663086,0.0,15226.7998046875,0.17209213972091675,32.2366828918457,2.260333299636841,7.541296005249023,4.559683322906494,1.6159347295761108,2.622680425643921,6.277783393859863,0.0009879209101200104,0.38957834243774414,1.3428981304168701,0.0,0.0,0.0,0.0,6240.580078125,437.5695495605469,910.666259765625,1586.365234375,273.2120361328125,0.0,393.53070068359375,0.022957704961299896,0.0,66.47345733642578,0.0,0.0,0.0,348.0314636230469,348.0314636230469,121.72665405273438,131.02072143554688,122.12696838378906,0.0,0.0,0.0,121.72665405273438,131.02072143554688,122.12696838378906,0.0,0.0,0.0,12.588881492614746,15.307395935058594,12.705973625183105,0.0,0.0,0.0
238.0,59.04170227050781,43074.91796875,4045.669921875,23644.830078125,15384.4150390625,4579.5771484375,22.726099014282227,0.0,15427.4111328125,0.17209237813949585,32.23671340942383,2.26033616065979,7.560370445251465,4.560067176818848,1.6159347295761108,2.622680425643921,6.280045509338379,0.0009879209101200104,0.38957834243774414,1.3428981304168701,0.0,0.0,0.0,0.0,6267.025390625,439.4239807128906,916.2476196289062,1558.36865234375,345.9470520019531,0.0,404.4838562011719,0.023593127727508545,11.687350273132324,98.96305084228516,0.0,0.0,0.0,349.4086608886719,349.4086608886719,116.39234161376953,145.73782348632812,120.80506134033203,0.0,0.0,0.0,116.39234161376953,145.73782348632812,120.80506134033203,0.0,0.0,0.0,11.318659782409668,19.90221405029297,12.609380722045898,0.0,0.0,0.0
239.0,59.12105178833008,43107.5546875,4045.669921875,23677.470703125,15384.4150390625,4579.5771484375,22.29433250427246,0.0,15729.7392578125,0.17209303379058838,32.23679733276367,2.2603447437286377,7.628492832183838,4.561448097229004,1.6159347295761108,2.622680425643921,6.289795398712158,0.0009879209101200104,0.38957834243774414,1.3428981304168701,0.0,0.0,0.0,0.0,6274.7197265625,439.9639587402344,923.2755126953125,1526.55322265625,604.1517333984375,0.0,370.97515869140625,0.0216246135532856,11.687350273132324,93.0628433227539,0.0,0.0,0.0,350.810302734375,350.810302734375,131.30198669433594,143.821044921875,124.95306396484375,0.0,0.0,0.0,131.30198669433594,143.821044921875,124.95306396484375,0.0,0.0,0.0,16.111495971679688,19.77332305908203,14.254437446594238,0.0,0.0,0.0
240.0,59.18058395385742,43118.48046875,4045.669921875,23688.39453125,15384.4150390625,4579.5771484375,21.825292587280273,0.0,16062.6572265625,0.17209336161613464,32.236839294433594,2.2603487968444824,7.6735758781433105,4.563364505767822,1.6159347295761108,2.622680425643921,6.302281379699707,0.0009879209101200104,0.38957834243774414,1.3428981304168701,0.0,0.0,0.0,0.0,6341.42578125,444.64141845703125,938.3917846679688,1635.0885009765625,607.5062866210938,0.0,433.6695251464844,0.02525828219950199,0.0,66.47345733642578,0.0,0.0,0.0,352.2456970214844,352.2456970214844,96.72945404052734,127.18174743652344,114.79360961914062,0.0,0.0,0.0,96.72945404052734,127.18174743652344,114.79360961914062,0.0,0.0,0.0,6.468073844909668,15.37536907196045,11.751838684082031,0.0,0.0,0.0
241.0,59.23109436035156,43248.421875,4045.669921875,23728.390625,15474.359375,4579.5771484375,21.03903579711914,0.0,16694.150390625,0.1720934510231018,32.23685073852539,2.260349750518799,7.71682071685791,4.564239978790283,1.6159347295761108,2.622680425643921,6.308658123016357,0.0009879209101200104,0.38957834243774414,1.3428981304168701,0.0,0.0,0.0,0.0,6390.65966796875,448.0935974121094,948.4366455078125,1630.3839111328125,996.1679077148438,0.0,410.879638671875,0.023920757696032524,0.0,66.47345733642578,0.0,0.0,0.0,353.7097473144531,353.7097473144531,93.42475128173828,123.04974365234375,112.93778991699219,0.0,0.0,0.0,93.42475128173828,123.04974365234375,112.93778991699219,0.0,0.0,0.0,6.287704944610596,14.953014373779297,11.995268821716309,0.0,0.0,0.0
242.0,59.34498977661133,43581.05859375,4045.669921875,23829.75,15705.6396484375,4579.5771484375,21.04905891418457,0.0,16812.95703125,0.17209354043006897,32.23686218261719,2.2603509426116943,7.822580337524414,4.565249443054199,1.6159347295761108,2.622680425643921,6.31577205657959,0.0009879209101200104,0.38957834243774414,1.3428981304168701,0.0,0.0,0.0,0.0,6409.8115234375,449.4365234375,963.3002319335938,1646.5965576171875,997.6007080078125,0.0,435.85247802734375,0.025362640619277954,0.0,67.03658294677734,0.0,0.0,0.0,355.1943664550781,355.1943664550781,119.09440612792969,132.0404815673828,117.77430725097656,0.0,0.0,0.0,119.09440612792969,132.0404815673828,117.77430725097656,0.0,0.0,0.0,13.786055564880371,17.572782516479492,13.399927139282227,0.0,0.0,0.0
243.0,59.572479248046875,43700.1171875,4045.669921875,23903.814453125,15750.6318359375,4579.5771484375,21.755441665649414,0.0,16329.4072265625,0.17209367454051971,32.236881256103516,2.260352611541748,8.035082817077637,4.568173885345459,1.6159347295761108,2.622680425643921,6.327815532684326,0.0009879209101200104,0.38957834243774414,1.3428981304168701,0.0,0.0,0.0,0.0,6335.87841796875,444.2526550292969,976.6007690429688,1598.45556640625,825.183349609375,0.0,396.7201232910156,0.023067090660333633,0.0,65.36392974853516,0.0,0.0,0.0,356.6673889160156,356.6673889160156,125.05663299560547,136.37344360351562,125.29508972167969,0.0,0.0,0.0,125.05663299560547,136.37344360351562,125.29508972167969,0.0,0.0,0.0,14.823623657226562,18.133792877197266,14.893373489379883,0.0,0.0,0.0
244.0,59.723140716552734,43725.4296875,4045.669921875,23929.126953125,15750.6318359375,4579.5771484375,21.75472640991211,0.0,16341.2353515625,0.17209376394748688,32.23688888549805,2.2603535652160645,8.171981811523438,4.574799537658691,1.6159347295761108,2.622680425643921,6.334940433502197,0.0009879209101200104,0.38957834243774414,1.3428981304168701,0.0,0.0,0.0,0.0,6395.32861328125,448.4211730957031,1002.7781372070312,1685.956787109375,512.8629150390625,0.0,526.2926635742188,0.030586611479520798,0.0,77.32112121582031,0.0,0.0,0.0,358.1198425292969,358.1198425292969,128.1171417236328,139.93377685546875,130.37965393066406,0.0,0.0,0.0,128.1171417236328,139.93377685546875,130.37965393066406,0.0,0.0,0.0,15.719539642333984,19.1759033203125,16.381324768066406,0.0,0.0,0.0
245.0,59.80143737792969,43736.04296875,4045.669921875,23939.740234375,15750.6318359375,4579.5771484375,22.8009033203125,0.0,15621.638671875,0.17209379374980927,32.23689270019531,2.2603540420532227,8.24042797088623,4.581267356872559,1.6159347295761108,2.622680425643921,6.338318824768066,0.0009879209101200104,0.38957834243774414,1.3428981304168701,0.0,0.0,0.0,0.0,6272.794921875,439.82952880859375,991.9039916992188,1605.6280517578125,361.52777099609375,0.0,424.66644287109375,0.024674873799085617,0.0,66.47345733642578,0.0,0.0,0.0,359.5577392578125,359.5577392578125,108.1747055053711,138.2844696044922,120.01419067382812,0.0,0.0,0.0,108.1747055053711,138.2844696044922,120.01419067382812,0.0,0.0,0.0,8.840197563171387,17.647306442260742,12.30324649810791,0.0,0.0,0.0
246.0,59.837406158447266,43741.8671875,4045.669921875,23945.56640625,15750.6318359375,4579.5771484375,23.08890724182129,0.0,15437.5,0.17209380865097046,32.23689651489258,2.2603542804718018,8.264437675476074,4.590028285980225,1.6159347295761108,2.622680425643921,6.3415141105651855,0.0009879209101200104,0.38957834243774414,1.3428981304168701,0.0,0.0,0.0,0.0,6236.5166015625,437.2857971191406,988.631591796875,1575.525390625,341.2346496582031,0.0,393.9020690917969,0.022882550954818726,0.0,64.29872131347656,0.0,0.0,0.0,360.95751953125,360.95751953125,79.81757354736328,131.7949981689453,125.58544158935547,0.0,0.0,0.0,79.81757354736328,131.7949981689453,125.58544158935547,0.0,0.0,0.0,0.25773191452026367,15.461128234863281,13.644834518432617,0.0,0.0,0.0
247.0,59.86377716064453,43750.48828125,4045.669921875,23954.1875,15750.6318359375,4579.5771484375,23.433338165283203,0.0,15223.41796875,0.17209380865097046,32.23689651489258,2.2603542804718018,8.278708457946777,4.598635673522949,1.6159347295761108,2.622680425643921,6.345009803771973,0.0009879209101200104,0.38957834243774414,1.3428981304168701,0.0,0.0,0.0,0.0,6191.7939453125,434.1499938964844,982.804931640625,1531.2789306640625,333.2714538574219,0.0,359.88946533203125,0.020901858806610107,0.0,58.62373352050781,0.0,0.0,0.0,362.3400573730469,362.3400573730469,113.19227600097656,127.47149658203125,123.64091491699219,0.0,0.0,0.0,113.19227600097656,127.47149658203125,123.64091491699219,0.0,0.0,0.0,9.67540168762207,13.85207462310791,12.73162841796875,0.0,0.0,0.0
248.0,59.88121795654297,43753.21875,4045.669921875,23956.916015625,15750.6318359375,4579.5771484375,22.767745971679688,0.0,15655.724609375,0.17209382355213165,32.23689651489258,2.260354518890381,8.289789199829102,4.603124618530273,1.6159347295761108,2.622680425643921,6.346877574920654,0.0009879209101200104,0.38957834243774414,1.3428981304168701,0.0,0.0,0.0,0.0,6295.517578125,441.42279052734375,1001.4320068359375,1643.468505859375,267.3356018066406,0.0,462.9664001464844,0.02688506990671158,0.0,69.47615051269531,0.0,0.0,0.0,363.72021484375,363.72021484375,115.65279388427734,120.08452606201172,118.89610290527344,0.0,0.0,0.0,115.65279388427734,120.08452606201172,118.89610290527344,0.0,0.0,0.0,11.060696601867676,12.356977462768555,12.009364128112793,0.0,0.0,0.0
249.0,59.897369384765625,43775.80078125,4045.669921875,23979.501953125,15750.6318359375,4579.5771484375,22.78261947631836,0.0,15655.724609375,0.17209382355213165,32.23689651489258,2.260354518890381,8.30383586883545,4.604150772094727,1.6159347295761108,2.622680425643921,6.347957611083984,0.0009879209101200104,0.38957834243774414,1.3428981304168701,0.0,0.0,0.0,0.0,6292.96044921875,441.24346923828125,1002.4346923828125,1632.8671875,274.08636474609375,0.0,459.8204650878906,0.026700453832745552,0.0,76.81272888183594,0.0,0.0,0.0,365.11444091796875,365.11444091796875,114.38542175292969,132.7564239501953,111.91387176513672,0.0,0.0,0.0,114.38542175292969,132.7564239501953,111.91387176513672,0.0,0.0,0.0,10.675117492675781,16.048635482788086,9.952187538146973,0.0,0.0,0.0
250.0,59.953121185302734,43797.3515625,4045.669921875,24001.048828125,15750.6318359375,4579.5771484375,22.489986419677734,0.0,15861.98828125,0.17209382355213165,32.23689651489258,2.260354518890381,8.348055839538574,4.6067633628845215,1.6159347295761108,2.622680425643921,6.356874465942383,0.0009879209101200104,0.38957834243774414,1.3428981304168701,0.0,0.0,0.0,0.0,6319.10595703125,443.07672119140625,1011.0944213867188,1606.4013671875,347.0320129394531,0.0,473.0073547363281,0.027450041845440865,11.687350273132324,106.35753631591797,0.0,0.0,0.0,366.5113220214844,366.5113220214844,118.55948638916016,148.1618194580078,130.24464416503906,0.0,0.0,0.0,118.55948638916016,148.1618194580078,130.24464416503906,0.0,0.0,0.0,12.1886625289917,20.84734535217285,15.606571197509766,0.0,0.0,0.0
251.0,59.99953842163086,43810.4921875,4045.669921875,24014.19140625,15750.6318359375,4579.5771484375,22.052278518676758,0.0,16172.828125,0.17209382355213165,32.23689651489258,2.260354518890381,8.381965637207031,4.608912944793701,1.6159347295761108,2.622680425643921,6.367233753204346,0.0009879209101200104,0.38957834243774414,1.3428981304168701,0.0,0.0,0.0,0.0,6329.14794921875,443.78082275390625,1014.827392578125,1578.7315673828125,606.2190551757812,0.0,434.9652099609375,0.025225099176168442,11.687350273132324,106.35753631591797,0.0,0.0,0.0,367.93487548828125,367.93487548828125,110.26268005371094,146.99957275390625,130.12290954589844,0.0,0.0,0.0,110.26268005371094,146.99957275390625,130.12290954589844,0.0,0.0,0.0,10.199555397033691,20.945096969604492,16.008670806884766,0.0,0.0,0.0
252.0,60.0280876159668,43815.38671875,4045.669921875,24019.0859375,15750.6318359375,4579.5771484375,21.601694107055664,0.0,16502.734375,0.17209382355213165,32.23689651489258,2.260354518890381,8.394879341125488,4.611097812652588,1.6159347295761108,2.622680425643921,6.380683422088623,0.0009879209101200104,0.38957834243774414,1.3428981304168701,0.0,0.0,0.0,0.0,6395.96826171875,448.466064453125,1027.2308349609375,1684.05615234375,609.60107421875,0.0,505.19317626953125,0.029272133484482765,0.0,75.95220947265625,0.0,0.0,0.0,369.3979797363281,369.3979797363281,102.59076690673828,130.9073944091797,115.7447280883789,0.0,0.0,0.0,102.59076690673828,130.9073944091797,115.7447280883789,0.0,0.0,0.0,8.406105995178223,16.688720703125,12.253639221191406,0.0,0.0,0.0
253.0,60.05747985839844,43918.96484375,4045.669921875,24035.775390625,15837.5205078125,4579.5771484375,20.809423446655273,0.0,17151.537109375,0.17209382355213165,32.23689651489258,2.260354518890381,8.404129028320312,4.613492965698242,1.6159347295761108,2.622680425643921,6.398430347442627,0.0009879209101200104,0.38957834243774414,1.3428981304168701,0.0,0.0,0.0,0.0,6448.41357421875,452.1434020996094,1034.5439453125,1685.263916015625,999.9247436523438,0.0,486.80657958984375,0.0281737819314003,0.0,74.89100646972656,0.0,0.0,0.0,370.8988342285156,370.8988342285156,106.50593566894531,123.93667602539062,115.49201202392578,0.0,0.0,0.0,106.50593566894531,123.93667602539062,115.49201202392578,0.0,0.0,0.0,10.343561172485352,15.44205379486084,12.971989631652832,0.0,0.0,0.0
254.0,60.08437728881836,44158.2265625,4045.669921875,24041.0546875,16071.501953125,4579.5771484375,20.77289390563965,0.0,17273.59375,0.17209382355213165,32.23689651489258,2.260354518890381,8.41164493560791,4.615825653076172,1.6159347295761108,2.622680425643921,6.415482044219971,0.0009879209101200104,0.38957834243774414,1.3428981304168701,0.0,0.0,0.0,0.0,6472.03369140625,453.799560546875,1039.198486328125,1703.23388671875,1001.8618774414062,0.0,514.3722534179688,0.029735540971159935,0.0,78.17435455322266,0.0,0.0,0.0,372.4248046875,372.4248046875,113.86874389648438,132.754150390625,113.60367584228516,0.0,0.0,0.0,113.86874389648438,132.754150390625,113.60367584228516,0.0,0.0,0.0,12.533714294433594,18.057693481445312,12.456181526184082,0.0,0.0,0.0
255.0,60.09846115112305,44205.62890625,4045.669921875,24042.970703125,16116.9892578125,4579.5771484375,21.434947967529297,0.0,16776.791015625,0.17209382355213165,32.23689651489258,2.260354518890381,8.414976119995117,4.618186950683594,1.6159347295761108,2.622680425643921,6.42387056350708,0.0009879209101200104,0.38957834243774414,1.3428981304168701,0.0,0.0,0.0,0.0,6404.7587890625,449.08245849609375,1029.3441162109375,1669.852294921875,829.4213256835938,0.0,471.4834899902344,0.027241038158535957,0.0,72.58428192138672,0.0,0.0,0.0,373.93896484375,373.93896484375,113.25004577636719,136.86573791503906,122.59441375732422,0.0,0.0,0.0,113.25004577636719,136.86573791503906,122.59441375732422,0.0,0.0,0.0,11.690691947937012,18.59827995300293,14.423918724060059,0.0,0.0,0.0
256.0,60.10557556152344,44208.0859375,4045.669921875,24045.427734375,16116.9892578125,4579.5771484375,21.423002243041992,0.0,16788.951171875,0.17209382355213165,32.23689651489258,2.260354518890381,8.415943145751953,4.621731281280518,1.6159347295761108,2.622680425643921,6.42647647857666,0.0009879209101200104,0.38957834243774414,1.3428981304168701,0.0,0.0,0.0,0.0,6467.93798828125,453.5123596191406,1039.29150390625,1758.3009033203125,515.5245361328125,0.0,618.8824462890625,0.03575119376182556,0.0,79.76815032958984,0.0,0.0,0.0,375.4302673339844,375.4302673339844,127.48069763183594,140.53561401367188,118.9178237915039,0.0,0.0,0.0,127.48069763183594,140.53561401367188,118.9178237915039,0.0,0.0,0.0,15.86510181427002,19.683666229248047,13.36046028137207,0.0,0.0,0.0
257.0,60.1141471862793,44211.3359375,4045.669921875,24048.67578125,16116.9892578125,4579.5771484375,22.450170516967773,0.0,16049.6328125,0.17209382355213165,32.23689651489258,2.260354518890381,8.416643142700195,4.626377582550049,1.6159347295761108,2.622680425643921,6.429701328277588,0.0009879209101200104,0.38957834243774414,1.3428981304168701,0.0,0.0,0.0,0.0,6347.95849609375,445.0997619628906,1022.7279663085938,1678.9688720703125,363.6841735839844,0.0,500.3741149902344,0.028899136930704117,0.0,74.94676971435547,0.0,0.0,0.0,376.9057312011719,376.9057312011719,106.80760192871094,139.1324920654297,125.8205795288086,0.0,0.0,0.0,106.80760192871094,139.1324920654297,125.8205795288086,0.0,0.0,0.0,8.79105281829834,18.246084213256836,14.352349281311035,0.0,0.0,0.0
258.0,60.122047424316406,44216.50390625,4045.669921875,24053.845703125,16116.9892578125,4579.5771484375,22.733562469482422,0.0,15860.458984375,0.17209382355213165,32.23689651489258,2.260354518890381,8.416818618774414,4.629574298858643,1.6159347295761108,2.622680425643921,6.434230327606201,0.0009879209101200104,0.38957834243774414,1.3428981304168701,0.0,0.0,0.0,0.0,6311.7255859375,442.5592346191406,1016.73828125,1652.8314208984375,343.28973388671875,0.0,467.1576843261719,0.02697271853685379,0.0,70.59888458251953,0.0,0.0,0.0,378.3433837890625,378.3433837890625,110.80508422851562,131.9456787109375,123.73272705078125,0.0,0.0,0.0,110.80508422851562,131.9456787109375,123.73272705078125,0.0,0.0,0.0,9.676923751831055,15.86054801940918,13.458260536193848,0.0,0.0,0.0
259.0,60.14866638183594,44235.33984375,4045.669921875,24072.681640625,16116.9892578125,4579.5771484375,23.078227996826172,0.0,15640.505859375,0.17209382355213165,32.23689651489258,2.260354518890381,8.417183876037598,4.638949871063232,1.6159347295761108,2.622680425643921,6.451106548309326,0.0009879209101200104,0.38957834243774414,1.3428981304168701,0.0,0.0,0.0,0.0,6266.42041015625,439.382568359375,1009.177978515625,1616.641357421875,335.277099609375,0.0,421.9549560546875,0.024335842579603195,0.0,66.47345733642578,0.0,0.0,0.0,379.7629699707031,379.7629699707031,105.43412017822266,125.05127716064453,125.8363265991211,0.0,0.0,0.0,105.43412017822266,125.05127716064453,125.8363265991211,0.0,0.0,0.0,7.761253356933594,13.499272346496582,13.728898048400879,0.0,0.0,0.0
260.0,60.17695617675781,44241.30078125,4045.669921875,24078.642578125,16116.9892578125,4579.5771484375,22.423866271972656,0.0,16084.6591796875,0.17209382355213165,32.23689651489258,2.260354518890381,8.417468070983887,4.646956920623779,1.6159347295761108,2.622680425643921,6.471105098724365,0.0009879209101200104,0.38957834243774414,1.3428981304168701,0.0,0.0,0.0,0.0,6373.19189453125,446.86907958984375,1027.3524169921875,1712.4815673828125,269.001220703125,0.0,544.4124755859375,0.031357329338788986,0.0,79.76815032958984,0.0,0.0,0.0,381.179443359375,381.179443359375,116.48837280273438,127.88737487792969,120.6244888305664,0.0,0.0,0.0,116.48837280273438,127.88737487792969,120.6244888305664,0.0,0.0,0.0,11.648982048034668,14.983189582824707,12.858797073364258,0.0,0.0,0.0
261.0,60.197757720947266,44249.0,4045.669921875,24086.341796875,16116.9892578125,4579.5771484375,22.430845260620117,0.0,16084.6591796875,0.17209382355213165,32.23689651489258,2.260354518890381,8.417580604553223,4.650337219238281,1.6159347295761108,2.622680425643921,6.488414287567139,0.0009879209101200104,0.38957834243774414,1.3428981304168701,0.0,0.0,0.0,0.0,6371.15185546875,446.7260437011719,1026.884765625,1711.2105712890625,275.811767578125,0.0,540.09033203125,0.031073125079274178,0.0,79.76815032958984,0.0,0.0,0.0,382.61309814453125,382.61309814453125,122.43177795410156,139.17164611816406,106.73096466064453,0.0,0.0,0.0,122.43177795410156,139.17164611816406,106.73096466064453,0.0,0.0,0.0,13.380448341369629,18.2768611907959,8.787961959838867,0.0,0.0,0.0
262.0,60.22261047363281,44262.04296875,4045.669921875,24099.3828125,16116.9892578125,4579.5771484375,22.138168334960938,0.0,16296.56640625,0.17209382355213165,32.23689651489258,2.260354518890381,8.417646408081055,4.652370929718018,1.6159347295761108,2.622680425643921,6.511168479919434,0.0009879209101200104,0.38957834243774414,1.3428981304168701,0.0,0.0,0.0,0.0,6399.8525390625,448.7384338378906,1031.11279296875,1675.5443115234375,349.3072814941406,0.0,559.0368041992188,0.03211531415581703,17.018413543701172,112.3289794921875,0.0,0.0,0.0,384.0521240234375,384.0521240234375,122.4576644897461,156.6484375,128.3218536376953,0.0,0.0,0.0,122.4576644897461,156.6484375,128.3218536376953,0.0,0.0,0.0,13.680697441101074,23.681499481201172,15.39597225189209,0.0,0.0,0.0
263.0,60.25804901123047,44280.609375,4045.669921875,24117.94921875,16116.9892578125,4579.5771484375,21.70961570739746,0.0,16615.927734375,0.17209382355213165,32.23689651489258,2.260354518890381,8.41771411895752,4.65471887588501,1.6159347295761108,2.622680425643921,6.544191360473633,0.0009879209101200104,0.38957834243774414,1.3428981304168701,0.0,0.0,0.0,0.0,6411.66162109375,449.5664367675781,1031.36083984375,1643.7021484375,610.3054809570312,0.0,516.957763671875,0.029633978381752968,23.37470054626465,119.65222930908203,0.0,0.0,0.0,385.5284118652344,385.5284118652344,134.62493896484375,157.03094482421875,142.07977294921875,0.0,0.0,0.0,134.62493896484375,157.03094482421875,142.07977294921875,0.0,0.0,0.0,17.668180465698242,24.22193717956543,19.848718643188477,0.0,0.0,0.0
264.0,60.28884506225586,44287.0625,4045.669921875,24124.404296875,16116.9892578125,4579.5771484375,21.28217124938965,0.0,16942.8125,0.17209382355213165,32.23689651489258,2.260354518890381,8.417745590209961,4.656774997711182,1.6159347295761108,2.622680425643921,6.572897434234619,0.0009879209101200104,0.38957834243774414,1.3428981304168701,0.0,0.0,0.0,0.0,6475.375,454.0338439941406,1039.9510498046875,1763.1463623046875,613.2933959960938,0.0,599.6620483398438,0.03431061655282974,0.0,79.76815032958984,0.0,0.0,0.0,387.0581970214844,387.0581970214844,121.13703918457031,140.09483337402344,115.74501037597656,0.0,0.0,0.0,121.13703918457031,140.09483337402344,115.74501037597656,0.0,0.0,0.0,14.150412559509277,19.695566177368164,12.573243141174316,0.0,0.0,0.0
265.0,60.32643508911133,44395.03125,4045.669921875,24147.845703125,16201.513671875,4613.021484375,20.502647399902344,0.0,17608.90625,0.17209382355213165,32.23689651489258,2.260354518890381,8.417770385742188,4.659079551696777,1.6159347295761108,2.622680425643921,6.608159065246582,0.0009879209101200104,0.38957834243774414,1.3428981304168701,0.0,0.0,0.0,0.0,6529.4541015625,457.8257141113281,1046.31396484375,1767.93310546875,1006.0609741210938,0.0,584.9625854492188,0.03339285030961037,0.0,79.76815032958984,0.0,0.0,0.0,388.6359558105469,388.6359558105469,78.31566619873047,121.70396423339844,118.01739501953125,0.0,0.0,0.0,78.31566619873047,121.70396423339844,118.01739501953125,0.0,0.0,0.0,2.4046847820281982,15.0957612991333,14.017439842224121,0.0,0.0,0.0
266.0,60.36305236816406,44638.5546875,4045.669921875,24155.263671875,16437.619140625,4613.021484375,20.467378616333008,0.0,17734.220703125,0.17209382355213165,32.23689651489258,2.260354518890381,8.417791366577148,4.661500453948975,1.6159347295761108,2.622680425643921,6.642334938049316,0.0009879209101200104,0.38957834243774414,1.3428981304168701,0.0,0.0,0.0,0.0,6552.3251953125,459.4293518066406,1048.9193115234375,1790.1705322265625,1007.7171630859375,0.0,616.795166015625,0.035131994634866714,0.0,79.76815032958984,0.0,0.0,0.0,390.2374267578125,390.2374267578125,112.20478820800781,135.09796142578125,115.98735809326172,0.0,0.0,0.0,112.20478820800781,135.09796142578125,115.98735809326172,0.0,0.0,0.0,12.352522850036621,19.048776626586914,13.458924293518066,0.0,0.0,0.0
267.0,60.38246154785156,44687.2734375,4045.669921875,24158.115234375,16483.486328125,4613.021484375,21.120576858520508,0.0,17224.1640625,0.17209382355213165,32.23689651489258,2.260354518890381,8.417799949645996,4.664623260498047,1.6159347295761108,2.622680425643921,6.658612251281738,0.0009879209101200104,0.38957834243774414,1.3428981304168701,0.0,0.0,0.0,0.0,6486.763671875,454.8323974609375,1041.17236328125,1749.2447509765625,834.8099975585938,0.0,563.3895874023438,0.0320562906563282,0.0,79.76815032958984,0.0,0.0,0.0,391.8218078613281,391.8218078613281,129.32398986816406,137.07786560058594,121.08478546142578,0.0,0.0,0.0,129.32398986816406,137.07786560058594,121.08478546142578,0.0,0.0,0.0,16.706689834594727,18.974700927734375,14.296722412109375,0.0,0.0,0.0
268.0,60.39292907714844,44690.515625,4045.669921875,24161.359375,16483.486328125,4613.021484375,21.109216690063477,0.0,17236.6484375,0.17209382355213165,32.23689651489258,2.260354518890381,8.417803764343262,4.669256687164307,1.6159347295761108,2.622680425643921,6.6644439697265625,0.0009879209101200104,0.38957834243774414,1.3428981304168701,0.0,0.0,0.0,0.0,6547.6708984375,459.10302734375,1048.10400390625,1841.2628173828125,518.485107421875,0.0,719.0346069335938,0.04089697077870369,1.6048258543014526,81.55380249023438,0.0,0.0,0.0,393.3830871582031,393.3830871582031,124.71363067626953,144.6275634765625,128.4990692138672,0.0,0.0,0.0,124.71363067626953,144.6275634765625,128.4990692138672,0.0,0.0,0.0,15.36952018737793,21.19434356689453,16.47675895690918,0.0,0.0,0.0
269.0,60.40350341796875,44694.0859375,4045.669921875,24164.927734375,16483.486328125,4613.021484375,22.12229347229004,0.0,16477.6171875,0.17209382355213165,32.23689651489258,2.260354518890381,8.417805671691895,4.675476551055908,1.6159347295761108,2.622680425643921,6.668793201446533,0.0009879209101200104,0.38957834243774414,1.3428981304168701,0.0,0.0,0.0,0.0,6428.2939453125,450.732666015625,1034.0826416015625,1755.048583984375,366.00860595703125,0.0,590.0775756835938,0.03355271369218826,0.0,79.76815032958984,0.0,0.0,0.0,394.92987060546875,394.92987060546875,102.45476531982422,138.7725067138672,123.73309326171875,0.0,0.0,0.0,102.45476531982422,138.7725067138672,123.73309326171875,0.0,0.0,0.0,7.845726490020752,18.468664169311523,14.069635391235352,0.0,0.0,0.0
270.0,60.410614013671875,44698.4453125,4045.669921875,24169.2890625,16483.486328125,4613.021484375,22.40138053894043,0.0,16283.3994140625,0.17209382355213165,32.23689651489258,2.260354518890381,8.417806625366211,4.681063652038574,1.6159347295761108,2.622680425643921,6.670316219329834,0.0009879209101200104,0.38957834243774414,1.3428981304168701,0.0,0.0,0.0,0.0,6392.591796875,448.2293395996094,1029.1220703125,1729.6181640625,345.5770568847656,0.0,546.7828369140625,0.0310878474265337,0.0,79.76815032958984,0.0,0.0,0.0,396.4339904785156,396.4339904785156,83.37777709960938,132.57864379882812,129.72891235351562,0.0,0.0,0.0,83.37777709960938,132.57864379882812,129.72891235351562,0.0,0.0,0.0,1.986618995666504,16.377870559692383,15.544327735900879,0.0,0.0,0.0
271.0,60.4268684387207,44706.421875,4045.669921875,24177.265625,16483.486328125,4613.021484375,22.735687255859375,0.0,16057.583984375,0.17209382355213165,32.23689651489258,2.260354518890381,8.417807579040527,4.694275856018066,1.6159347295761108,2.622680425643921,6.67335844039917,0.0009879209101200104,0.38957834243774414,1.3428981304168701,0.0,0.0,0.0,0.0,6346.08203125,444.9682312011719,1021.3163452148438,1700.1064453125,337.48553466796875,0.0,493.742919921875,0.028066642582416534,0.0,74.40326690673828,0.0,0.0,0.0,397.91754150390625,397.91754150390625,113.28498840332031,125.86688995361328,110.71726989746094,0.0,0.0,0.0,113.28498840332031,125.86688995361328,110.71726989746094,0.0,0.0,0.0,10.400171279907227,14.080377578735352,9.649114608764648,0.0,0.0,0.0
272.0,60.440425872802734,44708.94921875,4045.669921875,24179.791015625,16483.486328125,4613.021484375,22.088884353637695,0.0,16513.57421875,0.17209382355213165,32.23689651489258,2.260354518890381,8.417807579040527,4.699906826019287,1.6159347295761108,2.622680425643921,6.681283950805664,0.0009879209101200104,0.38957834243774414,1.3428981304168701,0.0,0.0,0.0,0.0,6451.51708984375,452.3609924316406,1036.57861328125,1793.6815185546875,270.574462890625,0.0,638.0149536132812,0.0362488329410553,0.6004782319068909,80.43628692626953,0.0,0.0,0.0,399.39556884765625,399.39556884765625,110.16808319091797,133.98048400878906,124.00338745117188,0.0,0.0,0.0,110.16808319091797,133.98048400878906,124.00338745117188,0.0,0.0,0.0,10.135281562805176,17.10040855407715,14.182106971740723,0.0,0.0,0.0
273.0,60.46070098876953,44723.66796875,4045.669921875,24194.509765625,16483.486328125,4613.021484375,22.0992431640625,0.0,16513.57421875,0.17209382355213165,32.23689651489258,2.260354518890381,8.417807579040527,4.702907562255859,1.6159347295761108,2.622680425643921,6.6959428787231445,0.0009879209101200104,0.38957834243774414,1.345514178276062,0.0,0.0,0.0,0.0,6449.69921875,452.2335510253906,1036.3101806640625,1734.1563720703125,277.44073486328125,0.0,633.3856811523438,0.035951681435108185,21.416372299194336,117.62454986572266,0.0,0.0,0.0,400.8932189941406,400.8932189941406,149.99566650390625,148.76800537109375,128.6350555419922,0.0,0.0,0.0,149.99566650390625,148.76800537109375,128.6350555419922,0.0,0.0,0.0,21.77448844909668,21.415401458740234,15.526512145996094,0.0,0.0,0.0
274.0,60.50355529785156,44757.4453125,4045.669921875,24228.2890625,16483.486328125,4613.021484375,21.820777893066406,0.0,16731.142578125,0.17209382355213165,32.23689651489258,2.260354518890381,8.417807579040527,4.705867767333984,1.6159347295761108,2.622680425643921,6.724981307983398,0.0009879209101200104,0.38957834243774414,1.356370449066162,0.0,0.0,0.0,0.0,6477.8193359375,454.2052307128906,1039.5545654296875,881.3068237304688,351.2829284667969,0.0,1518.8544921875,0.0860513299703598,23.37470054626465,120.85260772705078,0.0,0.0,0.0,402.409423828125,402.409423828125,147.26243591308594,170.7435302734375,152.48731994628906,0.0,0.0,0.0,147.26243591308594,170.7435302734375,152.48731994628906,0.0,0.0,0.0,21.25348663330078,28.1217041015625,22.781763076782227,0.0,0.0,0.0
275.0,60.58489227294922,44794.87890625,4045.669921875,24265.72265625,16483.486328125,4613.021484375,21.407075881958008,0.0,17059.017578125,0.17209382355213165,32.23689651489258,2.260354518890381,8.417808532714844,4.7105937004089355,1.6159347295761108,2.622680425643921,6.767991065979004,0.0009879209101200104,0.38957834243774414,1.3899728059768677,0.0,0.0,0.0,0.0,6491.7138671875,455.1794738769531,1041.20751953125,1728.7105712890625,613.9984741210938,0.0,608.5526123046875,0.03438206762075424,23.37470054626465,123.8465805053711,0.0,0.0,0.0,403.9767761230469,403.9767761230469,145.73745727539062,152.41964721679688,145.49061584472656,0.0,0.0,0.0,145.73745727539062,152.41964721679688,145.49061584472656,0.0,0.0,0.0,21.221128463745117,23.175670623779297,21.1489315032959,0.0,0.0,0.0
276.0,60.67051696777344,44864.515625,4045.669921875,24335.359375,16483.486328125,4613.021484375,21.029638290405273,0.0,17382.880859375,0.17209382355213165,32.23689651489258,2.260354518890381,8.417808532714844,4.715935230255127,1.6159347295761108,2.622680425643921,6.794583797454834,0.0009879209101200104,0.38957834243774414,1.4436604976654053,0.0,0.0,0.0,0.0,6553.0439453125,459.4797668457031,1048.289794921875,1849.8631591796875,616.7211303710938,0.0,688.29296875,0.03882049396634102,0.7577735781669617,86.65585327148438,0.0,0.0,0.0,405.5994567871094,405.5994567871094,115.77252197265625,140.23941040039062,125.59388732910156,0.0,0.0,0.0,115.77252197265625,140.23941040039062,125.59388732910156,0.0,0.0,0.0,12.833823204040527,19.99039077758789,15.706572532653809,0.0,0.0,0.0
277.0,60.87472915649414,45060.16015625,4045.669921875,24448.904296875,16565.5859375,4697.12158203125,20.297718048095703,0.0,18066.2734375,0.17209382355213165,32.23689651489258,2.260354518890381,8.417808532714844,4.727491855621338,1.6159347295761108,2.622680425643921,6.847072601318359,0.0009879209101200104,0.38957834243774414,1.583828330039978,0.0,0.0,0.0,0.0,6608.5908203125,463.3745422363281,1054.8306884765625,1859.105712890625,1011.7661743164062,0.0,667.0079345703125,0.03749372065067291,1.3058432340621948,95.7745132446289,0.0,0.0,0.0,407.2677307128906,407.2677307128906,77.03765869140625,121.55805206298828,109.6017074584961,0.0,0.0,0.0,77.03765869140625,121.55805206298828,109.6017074584961,0.0,0.0,0.0,2.2357959747314453,15.258011817932129,11.760781288146973,0.0,0.0,0.0
278.0,61.0955810546875,45353.6328125,4045.669921875,24504.19921875,16803.76171875,4697.12158203125,20.28348159790039,0.0,18194.845703125,0.17209382355213165,32.23689651489258,2.260354518890381,8.417808532714844,4.744017601013184,1.6159347295761108,2.622680425643921,6.8993000984191895,0.0009879209101200104,0.38957834243774414,1.7359274625778198,0.0,0.0,0.0,0.0,6632.041015625,465.018798828125,1057.4974365234375,1882.75537109375,1013.4642333984375,0.0,686.4149169921875,0.03845639154314995,2.635380268096924,106.841064453125,0.0,0.0,0.0,408.9591979980469,408.9591979980469,110.05381774902344,135.4324188232422,124.5406494140625,0.0,0.0,0.0,110.05381774902344,135.4324188232422,124.5406494140625,0.0,0.0,0.0,11.90726089477539,19.33049964904785,16.1446590423584,0.0,0.0,0.0
279.0,61.227294921875,45422.09375,4045.669921875,24526.423828125,16850.0,4697.12158203125,20.940099716186523,0.0,17671.548828125,0.17209382355213165,32.23689651489258,2.260354518890381,8.417808532714844,4.762989044189453,1.6159347295761108,2.622680425643921,6.927144527435303,0.0009879209101200104,0.38957834243774414,1.8208235502243042,0.0,0.0,0.0,0.0,6564.72802734375,460.29901123046875,1049.536376953125,1850.576171875,839.4884033203125,0.0,619.7324829101562,0.03465905785560608,0.0,108.15691375732422,0.0,0.0,0.0,410.6309509277344,410.6309509277344,120.97511291503906,140.5016326904297,130.41172790527344,0.0,0.0,0.0,120.97511291503906,140.5016326904297,130.41172790527344,0.0,0.0,0.0,14.445120811462402,20.156627655029297,17.20532989501953,0.0,0.0,0.0
280.0,61.29869079589844,45436.59765625,4045.669921875,24540.927734375,16850.0,4697.12158203125,20.934072494506836,0.0,17684.35546875,0.17209382355213165,32.23689651489258,2.260354518890381,8.417808532714844,4.783653259277344,1.6159347295761108,2.622680425643921,6.939411640167236,0.0009879209101200104,0.38957834243774414,1.859289288520813,0.0,0.0,0.0,0.0,6627.13525390625,464.6748352050781,1056.627685546875,1937.428955078125,521.434814453125,0.0,768.3555908203125,0.0429375097155571,5.297079563140869,118.53447723388672,0.0,0.0,0.0,412.27716064453125,412.27716064453125,117.94389343261719,144.87669372558594,130.43252563476562,0.0,0.0,0.0,117.94389343261719,144.87669372558594,130.43252563476562,0.0,0.0,0.0,13.5645170211792,21.44236183166504,17.21744155883789,0.0,0.0,0.0
281.0,61.345237731933594,45446.92578125,4045.669921875,24551.255859375,16850.0,4697.12158203125,21.942846298217773,0.0,16905.611328125,0.17209382355213165,32.23689651489258,2.260354518890381,8.417808532714844,4.8020830154418945,1.6159347295761108,2.622680425643921,6.946125030517578,0.0009879209101200104,0.38957834243774414,1.8806928396224976,0.0,0.0,0.0,0.0,6504.6123046875,456.0838623046875,1042.23095703125,1861.366943359375,368.0254821777344,0.0,629.291748046875,0.03515125438570976,0.0,111.7131576538086,0.0,0.0,0.0,413.9041442871094,413.9041442871094,91.98336791992188,142.46624755859375,110.03880310058594,0.0,0.0,0.0,91.98336791992188,142.46624755859375,110.03880310058594,0.0,0.0,0.0,4.962288856506348,19.728532791137695,10.243502616882324,0.0,0.0,0.0
282.0,61.37085723876953,45454.88671875,4045.669921875,24559.21875,16850.0,4697.12158203125,22.22170066833496,0.0,16706.33984375,0.17225761711597443,32.24953842163086,2.261528253555298,8.417808532714844,4.8090009689331055,1.6159347295761108,2.622680425643921,6.947633743286133,0.0009879209101200104,0.38957834243774414,1.883909821510315,0.0,0.0,0.0,0.0,6470.47314453125,453.747802734375,1037.9052734375,1832.614501953125,347.5166931152344,0.0,583.3619995117188,0.03258243203163147,0.0,111.90424346923828,0.0,0.0,0.0,415.4820861816406,415.4820861816406,98.37825012207031,136.2593536376953,96.91386413574219,0.0,0.0,0.0,98.37825012207031,136.2593536376953,96.91386413574219,0.0,0.0,0.0,6.553937911987305,17.634159088134766,6.12560510635376,0.0,0.0,0.0
283.0,61.455650329589844,45524.05859375,4045.669921875,24628.390625,16850.0,4697.12158203125,22.583932876586914,0.0,16474.662109375,0.17291809618473053,32.30045700073242,2.266688108444214,8.417808532714844,4.827305793762207,1.6159347295761108,2.622680425643921,6.951503753662109,0.0009879209101200104,0.38957834243774414,1.88978910446167,0.0,0.0,0.0,0.0,6431.865234375,451.3568420410156,1032.2354736328125,1795.6636962890625,339.5023193359375,0.0,520.9204711914062,0.02908768504858017,0.0,108.38314056396484,0.0,0.0,0.0,417.02972412109375,417.02972412109375,124.40015411376953,128.2319793701172,106.81629180908203,0.0,0.0,0.0,124.40015411376953,128.2319793701172,106.81629180908203,0.0,0.0,0.0,13.803112983703613,14.923919677734375,8.659832000732422,0.0,0.0,0.0
284.0,61.55543518066406,45545.9453125,4045.669921875,24650.275390625,16850.0,4697.12158203125,21.950286865234375,0.0,16942.5,0.17395228147506714,32.37967300415039,2.274592876434326,8.417808532714844,4.833373069763184,1.6159347295761108,2.622680425643921,6.95526123046875,0.0009879209101200104,0.38957834243774414,1.8915903568267822,0.0,0.0,0.0,0.0,6544.26416015625,459.71856689453125,1043.4765625,1885.3394775390625,271.82281494140625,0.0,666.6624145507812,0.03721679002046585,3.8916707038879395,118.327392578125,0.0,0.0,0.0,418.5706787109375,418.5706787109375,113.8235855102539,132.02980041503906,114.5715103149414,0.0,0.0,0.0,113.8235855102539,132.02980041503906,114.5715103149414,0.0,0.0,0.0,11.343111038208008,16.66843032836914,11.561880111694336,0.0,0.0,0.0
285.0,61.8757209777832,45830.3984375,4045.669921875,24934.7265625,16850.0,4697.12158203125,22.090511322021484,0.0,16942.5,0.1774539202451706,32.647216796875,2.301832437515259,8.417808532714844,4.841525077819824,1.6159347295761108,2.622680425643921,6.966804504394531,0.0009879209101200104,0.38957834243774414,1.8938965797424316,0.0,0.0,0.0,0.0,6572.09130859375,463.3734130859375,1040.78369140625,1699.5328369140625,278.242919921875,0.0,745.7926025390625,0.04160374402999878,23.37470054626465,168.74618530273438,0.0,0.0,0.0,420.1318359375,420.1318359375,96.08985137939453,156.4433135986328,147.21737670898438,0.0,0.0,0.0,96.08985137939453,156.4433135986328,147.21737670898438,0.0,0.0,0.0,6.015769958496094,23.669158935546875,20.970571517944336,0.0,0.0,0.0
286.0,62.434024810791016,46084.3828125,4045.669921875,25188.712890625,16850.0,4697.12158203125,21.916316986083984,0.0,17165.7109375,0.1828932911157608,33.124332427978516,2.3504531383514404,8.417808532714844,4.8490729331970215,1.6159347295761108,2.622680425643921,6.984277725219727,0.0009879209101200104,0.38957834243774414,1.896005392074585,0.0,0.0,0.0,0.0,6654.24169921875,472.1750183105469,1039.8436279296875,908.288330078125,351.253173828125,0.0,1522.55029296875,0.08484070003032684,23.37470054626465,168.93408203125,0.0,0.0,0.0,421.7164306640625,421.7164306640625,145.7969970703125,170.3682403564453,151.3643798828125,0.0,0.0,0.0,145.7969970703125,170.3682403564453,151.3643798828125,0.0,0.0,0.0,20.72930335998535,27.916391372680664,22.357763290405273,0.0,0.0,0.0
287.0,63.210670471191406,46511.734375,4045.669921875,25616.06640625,16850.0,4697.12158203125,21.681781768798828,0.0,17502.09765625,0.1900741457939148,33.79301834106445,2.418721914291382,8.417808532714844,4.856657028198242,1.6159347295761108,2.622680425643921,7.007126331329346,0.0009879209101200104,0.38957834243774414,1.8980844020843506,0.0,0.0,0.0,0.0,6744.99169921875,482.7701110839844,1035.89794921875,1735.631591796875,611.52197265625,0.0,562.3468627929688,0.0312901996076107,23.37470054626465,169.1193084716797,0.0,0.0,0.0,423.35858154296875,423.35858154296875,129.03468322753906,162.59661865234375,153.99990844726562,0.0,0.0,0.0,129.03468322753906,162.59661865234375,153.99990844726562,0.0,0.0,0.0,16.06086540222168,25.877729415893555,23.363189697265625,0.0,0.0,0.0
288.0,63.90713119506836,46647.1796875,4045.669921875,25751.509765625,16850.0,4697.12158203125,21.342273712158203,0.0,17822.958984375,0.19598421454429626,34.39768600463867,2.4804563522338867,8.417808532714844,4.8610944747924805,1.6159347295761108,2.622680425643921,7.025740146636963,0.0009879209101200104,0.38957834243774414,1.8991796970367432,0.0,0.0,0.0,0.0,6873.9150390625,495.68585205078125,1037.520263671875,1840.769287109375,611.8978271484375,0.0,607.4788818359375,0.033761654049158096,0.0,112.81127166748047,0.0,0.0,0.0,425.0579833984375,425.0579833984375,127.97692108154297,141.35714721679688,117.3103256225586,0.0,0.0,0.0,127.97692108154297,141.35714721679688,117.3103256225586,0.0,0.0,0.0,16.090974807739258,20.00469398498535,12.97099781036377,0.0,0.0,0.0
289.0,64.61569213867188,47130.2890625,4045.669921875,26154.947265625,16929.669921875,4697.12158203125,20.721860885620117,0.0,18523.66015625,0.2017277181148529,35.01423263549805,2.5434248447418213,8.417808532714844,4.865649223327637,1.6159347295761108,2.622680425643921,7.0437331199646,0.0009879209101200104,0.38957834243774414,1.8999347686767578,0.0,0.0,0.0,0.0,7005.9296875,508.908935546875,1039.23974609375,1816.7200927734375,1000.5073852539062,0.0,570.88623046875,0.03169189766049385,0.0,108.11923217773438,0.0,0.0,0.0,426.80474853515625,426.80474853515625,90.27200317382812,120.87007904052734,107.35584259033203,0.0,0.0,0.0,90.27200317382812,120.87007904052734,107.35584259033203,0.0,0.0,0.0,5.682699680328369,14.632637977600098,10.679723739624023,0.0,0.0,0.0
290.0,65.265380859375,47501.30859375,4045.669921875,26285.720703125,17169.916015625,4697.12158203125,20.73523712158203,0.0,18655.482421875,0.2068447470664978,35.57035827636719,2.6003873348236084,8.417808532714844,4.880527973175049,1.6159347295761108,2.622680425643921,7.059741020202637,0.0009879209101200104,0.38957834243774414,1.9005340337753296,0.0,0.0,0.0,0.0,7093.50048828125,518.5736083984375,1037.3184814453125,1811.7008056640625,998.9940795898438,0.0,570.8306884765625,0.03165685385465622,0.0,106.42054748535156,0.0,0.0,0.0,428.5698547363281,428.5698547363281,110.24591064453125,134.61456298828125,126.05493927001953,0.0,0.0,0.0,110.24591064453125,134.61456298828125,126.05493927001953,0.0,0.0,0.0,11.51169204711914,18.6395206451416,16.135833740234375,0.0,0.0,0.0
291.0,65.61705017089844,47598.671875,4045.669921875,26336.482421875,17216.521484375,4697.12158203125,21.4185848236084,0.0,18118.931640625,0.20945215225219727,35.855873107910156,2.6297190189361572,8.417808532714844,4.906308174133301,1.6159347295761108,2.622680425643921,7.067890644073486,0.0009879209101200104,0.38957834243774414,1.900816559791565,0.0,0.0,0.0,0.0,7051.5556640625,517.1707763671875,1026.1507568359375,1759.440185546875,825.9779052734375,0.0,497.3656311035156,0.02756853774189949,0.0,96.53166198730469,0.0,0.0,0.0,430.31103515625,430.31103515625,118.00605773925781,135.91534423828125,121.48091125488281,0.0,0.0,0.0,118.00605773925781,135.91534423828125,121.48091125488281,0.0,0.0,0.0,13.098186492919922,18.336652755737305,14.114582061767578,0.0,0.0,0.0
292.0,65.792236328125,47626.09765625,4045.669921875,26363.908203125,17216.521484375,4697.12158203125,21.417949676513672,0.0,18132.060546875,0.21060222387313843,35.982425689697266,2.6426892280578613,8.417808532714844,4.9371161460876465,1.6159347295761108,2.622680425643921,7.071483135223389,0.0009879209101200104,0.38957834243774414,1.9009345769882202,0.0,0.0,0.0,0.0,7125.998046875,523.3610229492188,1032.4019775390625,1852.3782958984375,512.5164794921875,0.0,624.4031372070312,0.034602295607328415,0.0,110.259521484375,0.0,0.0,0.0,432.0211181640625,432.0211181640625,118.57991027832031,139.8469696044922,132.31777954101562,0.0,0.0,0.0,118.57991027832031,139.8469696044922,132.31777954101562,0.0,0.0,0.0,13.26667594909668,19.487289428710938,17.28499984741211,0.0,0.0,0.0
293.0,65.8883285522461,47642.5546875,4045.669921875,26380.361328125,17216.521484375,4697.12158203125,22.45357894897461,0.0,17333.60546875,0.21116580069065094,36.044647216796875,2.648900270462036,8.417808532714844,4.962392330169678,1.6159347295761108,2.622680425643921,7.073243141174316,0.0009879209101200104,0.38957834243774414,1.9009902477264404,0.0,0.0,0.0,0.0,7000.18505859375,514.4395141601562,1015.977294921875,1763.5902099609375,361.4970703125,0.0,491.9219970703125,0.027257578447461128,0.0,94.20458221435547,0.0,0.0,0.0,433.70855712890625,433.70855712890625,93.12249755859375,139.64002990722656,123.9134750366211,0.0,0.0,0.0,93.12249755859375,139.64002990722656,123.9134750366211,0.0,0.0,0.0,4.784750938415527,18.391130447387695,13.791111946105957,0.0,0.0,0.0
294.0,65.93608856201172,47653.17578125,4045.669921875,26390.982421875,17216.521484375,4697.12158203125,22.740266799926758,0.0,17129.298828125,0.21136267483234406,36.066429138183594,2.651075601577759,8.417808532714844,4.985363960266113,1.6159347295761108,2.622680425643921,7.07385778427124,0.0009879209101200104,0.38957834243774414,1.9010093212127686,0.0,0.0,0.0,0.0,6962.46337890625,511.7783203125,1009.70361328125,1736.7633056640625,341.1789855957031,0.0,451.1568603515625,0.024997789412736893,0.0,89.52177429199219,0.0,0.0,0.0,435.34344482421875,435.34344482421875,98.80491638183594,134.3140106201172,110.88436889648438,0.0,0.0,0.0,98.80491638183594,134.3140106201172,110.88436889648438,0.0,0.0,0.0,6.160172462463379,16.54658317565918,9.693410873413086,0.0,0.0,0.0
295.0,65.97657012939453,47665.92578125,4045.669921875,26403.732421875,17216.521484375,4697.12158203125,23.08234405517578,0.0,16891.75,0.2114967405796051,36.0812873840332,2.652498483657837,8.417808532714844,5.009000778198242,1.6159347295761108,2.622680425643921,7.074275970458984,0.0009879209101200104,0.38957834243774414,1.9010220766067505,0.0,0.0,0.0,0.0,6914.3798828125,508.30731201171875,1001.968505859375,1693.3636474609375,333.1961364746094,0.0,407.0916748046875,0.022555600851774216,0.0,82.649169921875,0.0,0.0,0.0,436.9486083984375,436.9486083984375,102.55064392089844,130.72320556640625,114.7291030883789,0.0,0.0,0.0,102.55064392089844,130.72320556640625,114.7291030883789,0.0,0.0,0.0,6.9137187004089355,15.154196739196777,10.475919723510742,0.0,0.0,0.0
296.0,66.0028305053711,47669.9609375,4045.669921875,26407.767578125,17216.521484375,4697.12158203125,22.425315856933594,0.0,17371.43359375,0.2116377055644989,36.09783935546875,2.654014825820923,8.417808532714844,5.016610145568848,1.6159347295761108,2.622680425643921,7.074711799621582,0.0009879209101200104,0.38957834243774414,1.9010255336761475,0.0,0.0,0.0,0.0,7031.2568359375,516.957763671875,1019.5894165039062,1804.847412109375,267.24285888671875,0.0,524.7559204101562,0.029074139893054962,0.0,97.806640625,0.0,0.0,0.0,438.546142578125,438.546142578125,117.83126068115234,121.91983032226562,128.55450439453125,0.0,0.0,0.0,117.83126068115234,121.91983032226562,128.55450439453125,0.0,0.0,0.0,12.040327072143555,13.236233711242676,15.176877975463867,0.0,0.0,0.0
297.0,66.04566955566406,47702.8671875,4045.669921875,26440.673828125,17216.521484375,4697.12158203125,22.444007873535156,0.0,17371.43359375,0.2119453251361847,36.13450241088867,2.657607316970825,8.417808532714844,5.017937183380127,1.6159347295761108,2.622680425643921,7.075659275054932,0.0009879209101200104,0.38957834243774414,1.9010261297225952,0.0,0.0,0.0,0.0,7033.04345703125,517.2637939453125,1018.7369384765625,1780.44921875,273.9490051269531,0.0,519.3926391601562,0.02877521887421608,2.0033347606658936,116.00695037841797,0.0,0.0,0.0,440.157958984375,440.157958984375,129.5500946044922,130.34646606445312,122.87822723388672,0.0,0.0,0.0,129.5500946044922,130.34646606445312,122.87822723388672,0.0,0.0,0.0,15.449394226074219,15.682333946228027,13.497873306274414,0.0,0.0,0.0
298.0,66.39860534667969,48031.59765625,4045.669921875,26769.40625,17216.521484375,4697.12158203125,22.296649932861328,0.0,17600.2890625,0.21452142298221588,36.4413948059082,2.688962697982788,8.417808532714844,5.022116184234619,1.6159347295761108,2.622680425643921,7.083592414855957,0.0009879209101200104,0.38957834243774414,1.9010279178619385,0.0,0.0,0.0,0.0,7098.58837890625,523.7955322265625,1019.8887939453125,1453.8106689453125,346.31390380859375,0.0,791.9436645507812,0.0438530407845974,18.196165084838867,160.83004760742188,0.0,0.0,0.0,441.7729797363281,441.7729797363281,132.4052276611328,152.54994201660156,144.4072265625,0.0,0.0,0.0,132.4052276611328,152.54994201660156,144.4072265625,0.0,0.0,0.0,16.431880950927734,22.324207305908203,19.942462921142578,0.0,0.0,0.0
299.0,67.17884826660156,48471.8828125,4045.669921875,27209.689453125,17216.521484375,4697.12158203125,22.055282592773438,0.0,17945.1953125,0.22023069858551025,37.12149429321289,2.758584499359131,8.417808532714844,5.029339790344238,1.6159347295761108,2.622680425643921,7.101174354553223,0.0009879209101200104,0.38957834243774414,1.9010307788848877,0.0,0.0,0.0,0.0,7190.5634765625,534.347412109375,1014.008056640625,1672.807373046875,602.8590087890625,0.0,462.2479553222656,0.02556816302239895,13.645950317382812,153.5787353515625,0.0,0.0,0.0,443.4228515625,443.4228515625,112.76807403564453,149.47857666015625,121.84693908691406,0.0,0.0,0.0,112.76807403564453,149.47857666015625,121.84693908691406,0.0,0.0,0.0,10.929378509521484,21.66720199584961,13.58494758605957,0.0,0.0,0.0
300.0,67.89008331298828,48611.6484375,4045.669921875,27349.45703125,17216.521484375,4697.12158203125,21.72264862060547,0.0,18263.02734375,0.22544744610786438,37.74293899536133,2.8222029209136963,8.417808532714844,5.034229278564453,1.6159347295761108,2.622680425643921,7.117238521575928,0.0009879209101200104,0.38957834243774414,1.9010323286056519,0.0,0.0,0.0,0.0,7322.97802734375,547.5707397460938,1017.2680053710938,1770.8370361328125,603.5321044921875,0.0,501.9424133300781,0.027735713869333267,0.0,92.31963348388672,0.0,0.0,0.0,445.1153564453125,445.1153564453125,109.65364074707031,130.2509765625,120.63131713867188,0.0,0.0,0.0,109.65364074707031,130.2509765625,120.63131713867188,0.0,0.0,0.0,10.351041793823242,16.375762939453125,13.56201171875,0.0,0.0,0.0
