time,Total Generation Capacity,Total Transmission,Transmission for Interconnection km,Total Transmission for Generation Connection,Total Transmission for Demand Connection,Total Interconnection Capacity,Transmission Tariff[f0],Congestion Tariff[f0],National Peak Demand[f0],Generation Capacity by Tech[TBiomass],Generation Capacity by Tech[TWindOnS],Generation Capacity by Tech[TWindOffS],Generation Capacity by Tech[TPV],Generation Capacity by Tech[THydroDam],Generation Capacity by Tech[THRoR],Generation Capacity by Tech[TThermo1],Generation Capacity by Tech[TThermo2],Generation Capacity by Tech[TGeothermal],Generation Capacity by Tech[TPVBESSOp1],Generation Capacity by Tech[TPVBESSOp2],Generation Capacity by Tech[TOther1],Generation Capacity by Tech[TOther2],Generation Capacity by Tech[TOther3],Generation by Tech per Month[TBiomass],Generation by Tech per Month[TWindOnS],Generation by Tech per Month[TWindOffS],Generation by Tech per Month[TPV],Generation by Tech per Month[THydroDam],Generation by Tech per Month[THRoR],Generation by Tech per Month[TThermo1],Generation by Tech per Month[TThermo2],Generation by Tech per Month[TGeothermal],Generation by Tech per Month[TPVBESSOp1],Generation by Tech per Month[TPVBESSOp2],Generation by Tech per Month[TOther1],Generation by Tech per Month[TOther2],Generation by Tech per Month[TOther3],Generation by Tech per Month[DERBESS],Generation by Tech per Month[DER],"Electricity Tariff[Regulated,Z1]","Electricity Tariff[Regulated,Z2]","Electricity Tariff[Regulated,Z3]","Electricity Tariff[Regulated,Z4]","Electricity Tariff[Regulated,Z5]","Electricity Tariff[Regulated,Z6]","Electricity Tariff[Unregulated,Z1]","Electricity Tariff[Unregulated,Z2]","Electricity Tariff[Unregulated,Z3]","Electricity Tariff[Unregulated,Z4]","Electricity Tariff[Unregulated,Z5]","Electricity Tariff[Unregulated,Z6]","Generation Tariff[f0,Z1]","Generation Tariff[f0,Z2]","Generation Tariff[f0,Z3]","Generation Tariff[f0,Z4]","Generation Tariff[f0,Z5]","Generation Tariff[f0,Z6]"
0.0,14.057049751281738,16177.3701171875,1836.469970703125,5622.81982421875,8718.080078125,1600.0,16.893709182739258,0.9912989735603333,7532.21728515625,0.06656000018119812,1.021299958229065,0.0,0.4778200089931488,3.705590009689331,1.5324699878692627,2.6226699352264404,4.630640029907227,0.0,0.0,0.0,0.0,0.0,0.0,0.0,279.896484375,0.0,79.0820083618164,2668.02490234375,894.5088500976562,0.0,1152.0262451171875,0.0,0.0,0.0,0.0,0.0,0.0,0.0046911598183214664,0.0046911598183214664,181.14532470703125,182.1839599609375,196.01895141601562,0.0,0.0,0.0,181.14532470703125,182.1839599609375,196.01895141601562,0.0,0.0,0.0,35.10000228881836,35.40380096435547,39.45053482055664,0.0,0.0,0.0
1.0,14.069549560546875,16177.3701171875,1836.469970703125,5622.81982421875,8718.080078125,1600.0,16.25835609436035,0.0,7828.341796875,0.06656000018119812,1.021299958229065,0.0,0.4778200089931488,3.705590009689331,1.5449700355529785,2.6226699352264404,4.630640029907227,0.0,0.0,0.0,0.0,0.0,0.0,0.0,279.896484375,0.0,79.0820083618164,2668.02490234375,1112.37841796875,0.0,1132.4234619140625,0.0,0.0,0.0,0.0,0.0,0.0,1.2011514902114868,1.2011514902114868,149.28768920898438,174.43544006347656,170.4100341796875,0.0,0.0,0.0,149.28768920898438,174.43544006347656,170.4100341796875,0.0,0.0,0.0,27.408294677734375,34.76401138305664,33.58658218383789,0.0,0.0,0.0
2.0,14.069549560546875,16182.3701171875,1836.469970703125,5627.81982421875,8718.080078125,1600.0,16.152149200439453,0.0,7884.0498046875,0.06656000018119812,1.021299958229065,0.0,0.4778200089931488,3.705590009689331,1.5449700355529785,2.6226699352264404,4.630640029907227,0.0,0.0,0.0,0.0,0.0,0.0,0.0,279.896484375,0.0,79.0820083618164,2668.02490234375,1112.37841796875,0.0,1168.727783203125,0.0,0.0,0.0,0.0,0.0,0.0,2.420572280883789,2.420572280883789,92.01058197021484,174.9427490234375,179.04220581054688,0.0,0.0,0.0,92.01058197021484,174.9427490234375,179.04220581054688,0.0,0.0,0.0,10.760946273803711,35.01860809326172,36.21769714355469,0.0,0.0,0.0
3.0,14.069549560546875,16182.3701171875,1836.469970703125,5627.81982421875,8718.080078125,1600.0,16.634536743164062,0.0,7657.29443359375,0.06656000018119812,1.021299958229065,0.0,0.4778200089931488,3.705590009689331,1.5449700355529785,2.6226699352264404,4.630640029907227,0.0,0.0,0.0,0.0,0.0,0.0,0.0,279.896484375,0.0,79.0820083618164,2668.02490234375,925.83251953125,0.0,1201.3428955078125,0.0,0.0,0.0,0.0,0.0,0.0,3.613690137863159,3.613690137863159,56.88529968261719,177.14736938476562,187.5083770751953,0.0,0.0,0.0,56.88529968261719,177.14736938476562,187.5083770751953,0.0,0.0,0.0,0.004413275513797998,35.181068420410156,38.211666107177734,0.0,0.0,0.0
4.0,14.069549560546875,16182.3701171875,1836.469970703125,5627.81982421875,8718.080078125,1600.0,16.626197814941406,0.0,7662.84228515625,0.06656000018119812,1.021299958229065,0.0,0.4778200089931488,3.705590009689331,1.5449700355529785,2.6226699352264404,4.630640029907227,0.0,0.0,0.0,0.0,0.0,0.0,0.0,279.896484375,0.0,79.0820083618164,2668.02490234375,572.429931640625,0.0,1557.3306884765625,0.0,0.0,0.0,0.0,0.0,0.0,4.765506744384766,4.765506744384766,122.92841339111328,184.44395446777344,188.17349243164062,0.0,0.0,0.0,122.92841339111328,184.44395446777344,188.17349243164062,0.0,0.0,0.0,19.330364227294922,37.32365798950195,38.41455078125,0.0,0.0,0.0
5.0,14.069549560546875,16182.3701171875,1836.469970703125,5627.81982421875,8718.080078125,1600.0,17.396760940551758,0.0,7325.412109375,0.06656000018119812,1.021299958229065,0.0,0.4778200089931488,3.705590009689331,1.5449700355529785,2.6226699352264404,4.630640029907227,0.0,0.0,0.0,0.0,0.0,0.0,0.0,279.896484375,0.0,79.0820083618164,1161.14404296875,407.575439453125,0.0,3000.65478515625,0.0,0.0,0.0,0.0,0.0,0.0,5.890523433685303,5.890523433685303,231.78379821777344,219.47610473632812,232.1256103515625,0.0,0.0,0.0,231.78379821777344,219.47610473632812,232.1256103515625,0.0,0.0,0.0,50.400001525878906,46.79999923706055,50.49998092651367,0.0,0.0,0.0
6.0,14.069549560546875,16182.3701171875,1836.469970703125,5627.81982421875,8718.080078125,1600.0,17.608539581298828,0.0,7239.06640625,0.06656000018119812,1.021299958229065,0.0,0.4778200089931488,3.705590009689331,1.5449700355529785,2.6226699352264404,4.630640029907227,0.0,0.0,0.0,0.0,0.0,0.0,11.96236801147461,279.896484375,0.0,79.0820083618164,1111.5997314453125,385.8840637207031,0.0,3000.65478515625,0.0,0.0,0.0,0.0,0.0,0.0,7.003338813781738,7.003338813781738,232.50782775878906,232.53924560546875,232.84963989257812,0.0,0.0,0.0,232.50782775878906,232.53924560546875,232.84963989257812,0.0,0.0,0.0,50.400001525878906,50.4091911315918,50.49998092651367,0.0,0.0,0.0
7.0,14.069549560546875,16182.3701171875,1836.469970703125,5627.81982421875,8718.080078125,1600.0,17.860780715942383,0.0,7138.67041015625,0.06656000018119812,1.021299958229065,0.0,0.4778200089931488,3.705590009689331,1.5449700355529785,2.6226699352264404,4.630640029907227,0.0,0.0,0.0,0.0,0.0,0.0,30.670848846435547,279.896484375,0.0,79.0820083618164,269.589599609375,378.31988525390625,762.1015625,3000.65478515625,0.0,0.0,0.0,0.0,0.0,0.0,8.142982482910156,8.142982482910156,273.5069274902344,237.9385223388672,233.86207580566406,0.0,0.0,0.0,273.5069274902344,237.9385223388672,233.86207580566406,0.0,0.0,0.0,62.13999938964844,51.736236572265625,50.54387664794922,0.0,0.0,0.0
8.0,14.278849601745605,16182.3701171875,1836.469970703125,5627.81982421875,8718.080078125,1600.0,17.370935440063477,0.0,7341.39111328125,0.06656000018119812,1.021299958229065,0.0,0.4778200089931488,3.9148900508880615,1.5449700355529785,2.6226699352264404,4.630640029907227,0.0,0.0,0.0,0.0,0.0,0.0,30.670848846435547,279.896484375,0.0,79.0820083618164,0.0,300.787109375,1244.58837890625,3000.65478515625,0.0,0.0,0.0,0.0,0.0,0.0,9.326753616333008,9.326753616333008,271.8322448730469,239.08932495117188,252.1232147216797,0.0,0.0,0.0,271.8322448730469,239.08932495117188,252.1232147216797,0.0,0.0,0.0,62.13999938964844,52.56269073486328,56.37510681152344,0.0,0.0,0.0
9.0,14.278849601745605,16266.08984375,1836.469970703125,5711.5400390625,8718.080078125,1600.0,17.465219497680664,0.0,7341.39111328125,0.06656000018119812,1.021299958229065,0.0,0.4778200089931488,3.9148900508880615,1.5449700355529785,2.6226699352264404,4.630640029907227,0.0,0.0,0.0,0.0,0.0,0.0,30.670848846435547,279.896484375,0.0,79.0820083618164,25.401599884033203,308.4625244140625,1210.2637939453125,3000.65478515625,0.0,0.0,0.0,0.0,0.0,0.0,10.57440185546875,10.57440185546875,272.15460205078125,235.5006866455078,249.94735717773438,0.0,0.0,0.0,272.15460205078125,235.5006866455078,249.94735717773438,0.0,0.0,0.0,62.13999938964844,51.418731689453125,55.64438247680664,0.0,0.0,0.0
10.0,14.278849601745605,16266.08984375,1836.469970703125,5711.5400390625,8718.080078125,1600.0,17.24209976196289,0.0,7438.1103515625,0.06656000018119812,1.021299958229065,0.0,0.4778200089931488,3.9148900508880615,1.5449700355529785,2.6226699352264404,4.630640029907227,0.0,0.0,0.0,0.0,0.0,0.0,30.670848846435547,279.896484375,0.0,79.0820083618164,445.68719482421875,389.77740478515625,772.5171508789062,3000.65478515625,0.0,0.0,0.0,0.0,0.0,0.0,11.868767738342285,11.868767738342285,271.39178466796875,236.70401000976562,235.8545684814453,0.0,0.0,0.0,271.39178466796875,236.70401000976562,235.8545684814453,0.0,0.0,0.0,62.13999938964844,51.99382400512695,51.745361328125,0.0,0.0,0.0
11.0,14.278849601745605,16266.08984375,1836.469970703125,5711.5400390625,8718.080078125,1600.0,16.91440200805664,0.0,7583.87841796875,0.06656000018119812,1.021299958229065,0.0,0.4778200089931488,3.9148900508880615,1.5449700355529785,2.6226699352264404,4.630640029907227,0.0,0.0,0.0,0.0,0.0,0.0,0.0,279.896484375,0.0,79.0820083618164,1054.8240966796875,680.6643676757812,0.0,3000.65478515625,0.0,0.0,0.0,0.0,0.0,0.0,13.219097137451172,13.219097137451172,230.13470458984375,217.82701110839844,230.47633361816406,0.0,0.0,0.0,230.13470458984375,217.82701110839844,230.47633361816406,0.0,0.0,0.0,50.400001525878906,46.79999923706055,50.49992370605469,0.0,0.0,0.0
12.0,14.278849601745605,16266.08984375,1836.469970703125,5711.5400390625,8718.080078125,1600.0,16.127300262451172,0.0,7955.15771484375,0.06656000018119812,1.021299958229065,0.0,0.4778200089931488,3.9148900508880615,1.5449700355529785,2.6226699352264404,4.630640029907227,0.0,0.0,0.0,0.0,0.0,0.0,0.0,279.896484375,0.0,79.0820083618164,2373.03369140625,901.80517578125,0.0,1709.9747314453125,0.0,0.0,0.0,0.0,0.0,0.0,14.634593963623047,14.634593963623047,188.6673583984375,185.7314910888672,176.394287109375,0.0,0.0,0.0,188.6673583984375,185.7314910888672,176.394287109375,0.0,0.0,0.0,39.05790328979492,38.199161529541016,35.4680290222168,0.0,0.0,0.0
13.0,14.755249977111816,16381.0361328125,1836.469970703125,5711.5400390625,8833.0263671875,1600.0,15.629440307617188,0.0,8267.9072265625,0.06656000018119812,1.021299958229065,0.0,0.934220016002655,3.9148900508880615,1.5649700164794922,2.6226699352264404,4.630640029907227,0.0,0.0,0.0,0.0,0.0,0.0,0.0,279.896484375,0.0,154.6413116455078,2818.720703125,1126.7784423828125,0.0,1172.9417724609375,0.0,0.0,0.0,0.0,0.0,0.0,16.10932731628418,16.10932731628418,140.9011688232422,173.26266479492188,170.39117431640625,0.0,0.0,0.0,140.9011688232422,173.26266479492188,170.39117431640625,0.0,0.0,0.0,25.584150314331055,35.04989242553711,34.20998001098633,0.0,0.0,0.0
14.0,14.755249977111816,16757.05078125,1836.469970703125,5902.10009765625,9018.4814453125,1600.0,15.879096031188965,0.0,8326.75,0.06656000018119812,1.021299958229065,0.0,0.934220016002655,3.9148900508880615,1.5649700164794922,2.6226699352264404,4.630640029907227,0.0,0.0,0.0,0.0,0.0,0.0,0.0,279.896484375,0.0,154.6413116455078,2818.720703125,1126.7784423828125,0.0,1211.0968017578125,0.0,0.0,0.0,0.0,0.0,0.0,17.589746475219727,17.589746475219727,84.8406753540039,175.0109100341797,171.962890625,0.0,0.0,0.0,84.8406753540039,175.0109100341797,171.962890625,0.0,0.0,0.0,8.93680191040039,35.31159210205078,34.420047760009766,0.0,0.0,0.0
15.0,14.755249977111816,16792.52734375,1836.469970703125,5902.10009765625,9053.9580078125,1600.0,16.389774322509766,0.0,8087.2646484375,0.06656000018119812,1.021299958229065,0.0,0.934220016002655,3.9148900508880615,1.5649700164794922,2.6226699352264404,4.630640029907227,0.0,0.0,0.0,0.0,0.0,0.0,0.0,279.896484375,0.0,154.6413116455078,2818.720703125,937.8176879882812,0.0,1237.3154296875,0.0,0.0,0.0,0.0,0.0,0.0,19.019390106201172,19.019390106201172,60.73040771484375,177.35794067382812,159.05160522460938,0.0,0.0,0.0,60.73040771484375,177.35794067382812,159.05160522460938,0.0,0.0,0.0,1.373870849609375,35.487422943115234,30.13282012939453,0.0,0.0,0.0
16.0,14.755249977111816,16792.52734375,1836.469970703125,5902.10009765625,9053.9580078125,1600.0,16.38197135925293,0.0,8093.1259765625,0.06656000018119812,1.021299958229065,0.0,0.934220016002655,3.9148900508880615,1.5649700164794922,2.6226699352264404,4.630640029907227,0.0,0.0,0.0,0.0,0.0,0.0,0.0,279.896484375,0.0,154.6413116455078,2818.720703125,579.8401489257812,0.0,1597.878173828125,0.0,0.0,0.0,0.0,0.0,0.0,20.382404327392578,20.382404327392578,113.32781982421875,185.6123809814453,163.95126342773438,0.0,0.0,0.0,113.32781982421875,185.6123809814453,163.95126342773438,0.0,0.0,0.0,16.766414642333984,37.90964889526367,31.57377052307129,0.0,0.0,0.0
17.0,14.755249977111816,16792.52734375,1836.469970703125,5902.10009765625,9053.9580078125,1600.0,17.143888473510742,0.0,7736.7431640625,0.06656000018119812,1.021299958229065,0.0,0.934220016002655,3.9148900508880615,1.5649700164794922,2.6226699352264404,4.630640029907227,0.0,0.0,0.0,0.0,0.0,0.0,0.0,279.896484375,0.0,154.6413116455078,1341.5670166015625,412.8515930175781,0.0,3000.65478515625,0.0,0.0,0.0,0.0,0.0,0.0,21.69603729248047,21.69603729248047,230.91925048828125,218.61158752441406,231.2611541748047,0.0,0.0,0.0,230.91925048828125,218.61158752441406,231.2611541748047,0.0,0.0,0.0,50.399993896484375,46.79999923706055,50.5,0.0,0.0,0.0
18.0,14.755249977111816,16792.52734375,1836.469970703125,5902.10009765625,9053.9580078125,1600.0,17.353605270385742,0.0,7645.54296875,0.06656000018119812,1.021299958229065,0.0,0.934220016002655,3.9148900508880615,1.5649700164794922,2.6226699352264404,4.630640029907227,0.0,0.0,0.0,0.0,0.0,0.0,11.96236801147461,279.896484375,0.0,154.6413116455078,1288.8603515625,390.8794250488281,0.0,3000.65478515625,0.0,0.0,0.0,0.0,0.0,0.0,22.982099533081055,22.982099533081055,231.63626098632812,232.42994689941406,231.97813415527344,0.0,0.0,0.0,231.63626098632812,232.42994689941406,231.97813415527344,0.0,0.0,0.0,50.400001525878906,50.63215255737305,50.5,0.0,0.0,0.0
19.0,14.755249977111816,16792.52734375,1836.469970703125,5902.10009765625,9053.9580078125,1600.0,17.603281021118164,0.0,7539.52294921875,0.06656000018119812,1.021299958229065,0.0,0.934220016002655,3.9148900508880615,1.5649700164794922,2.6226699352264404,4.630640029907227,0.0,0.0,0.0,0.0,0.0,0.0,30.670848846435547,279.896484375,0.0,154.6413116455078,1205.0970458984375,383.21734619140625,0.0,3000.65478515625,0.0,0.0,0.0,0.0,0.0,0.0,24.286161422729492,24.286161422729492,236.45565795898438,235.43238830566406,232.83172607421875,0.0,0.0,0.0,236.45565795898438,235.43238830566406,232.83172607421875,0.0,0.0,0.0,51.560001373291016,51.26069259643555,50.5,0.0,0.0,0.0
20.0,14.755249977111816,16792.52734375,1836.469970703125,5902.10009765625,9053.9580078125,1600.0,17.119359970092773,0.0,7753.62451171875,0.06656000018119812,1.021299958229065,0.0,0.934220016002655,3.9148900508880615,1.5649700164794922,2.6226699352264404,4.630640029907227,0.0,0.0,0.0,0.0,0.0,0.0,30.670848846435547,279.896484375,0.0,154.6413116455078,47.31910705566406,304.6808776855469,1379.182861328125,3000.65478515625,0.0,0.0,0.0,0.0,0.0,0.0,25.631925582885742,25.631925582885742,270.97216796875,238.55357360839844,261.6774597167969,0.0,0.0,0.0,270.97216796875,238.55357360839844,261.6774597167969,0.0,0.0,0.0,62.13999938964844,52.657562255859375,59.421295166015625,0.0,0.0,0.0
21.0,14.755249977111816,16792.52734375,1836.469970703125,5902.10009765625,9053.9580078125,1600.0,17.124000549316406,0.0,7753.62451171875,0.06656000018119812,1.021299958229065,0.0,0.934220016002655,3.9148900508880615,1.5649700164794922,2.6226699352264404,4.630640029907227,0.0,0.0,0.0,0.0,0.0,0.0,30.670848846435547,279.896484375,0.0,154.6413116455078,45.051483154296875,312.4556579589844,1372.267822265625,3000.65478515625,0.0,0.0,0.0,0.0,0.0,0.0,27.03990936279297,27.03990936279297,270.988037109375,238.00701904296875,261.1533508300781,0.0,0.0,0.0,270.988037109375,238.00701904296875,261.1533508300781,0.0,0.0,0.0,62.13999938964844,52.4930534362793,59.26335525512695,0.0,0.0,0.0
22.0,14.755249977111816,16792.52734375,1836.469970703125,5902.10009765625,9053.9580078125,1600.0,16.90485382080078,0.0,7855.77783203125,0.06656000018119812,1.021299958229065,0.0,0.934220016002655,3.9148900508880615,1.5649700164794922,2.6226699352264404,4.630640029907227,0.0,0.0,0.0,0.0,0.0,0.0,11.96236801147461,279.896484375,0.0,154.6413116455078,1421.0140380859375,394.8231506347656,0.0,3000.65478515625,0.0,0.0,0.0,0.0,0.0,0.0,28.49452781677246,28.49452781677246,230.10206604003906,231.134033203125,230.6110076904297,0.0,0.0,0.0,230.10206604003906,231.134033203125,230.6110076904297,0.0,0.0,0.0,50.400001525878906,50.70185089111328,50.54887008666992,0.0,0.0,0.0
23.0,14.755249977111816,16792.52734375,1836.469970703125,5902.10009765625,9053.9580078125,1600.0,16.582918167114258,0.0,8009.7158203125,0.06656000018119812,1.021299958229065,0.0,0.934220016002655,3.9148900508880615,1.5649700164794922,2.6226699352264404,4.630640029907227,0.0,0.0,0.0,0.0,0.0,0.0,0.0,279.896484375,0.0,154.6413116455078,1240.498046875,689.4757080078125,0.0,3000.65478515625,0.0,0.0,0.0,0.0,0.0,0.0,30.009794235229492,30.009794235229492,229.00143432617188,216.69374084472656,229.38577270507812,0.0,0.0,0.0,229.00143432617188,216.69374084472656,229.38577270507812,0.0,0.0,0.0,50.400001525878906,46.79999923706055,50.51242446899414,0.0,0.0,0.0
24.0,14.755249977111816,16793.455078125,1836.469970703125,5902.10009765625,9054.8857421875,1600.0,15.856937408447266,0.0,8377.1953125,0.06656000018119812,1.021299958229065,0.0,0.934220016002655,3.9148900508880615,1.5649700164794922,2.6226699352264404,4.630640029907227,0.0,0.0,0.0,0.0,0.0,0.0,0.0,279.896484375,0.0,154.6413116455078,1368.885498046875,913.479248046875,0.0,2894.207763671875,0.0,0.0,0.0,0.0,0.0,0.0,31.591781616210938,31.591781616210938,145.01551818847656,214.2117462158203,162.07101440429688,0.0,0.0,0.0,145.01551818847656,214.2117462158203,162.07101440429688,0.0,0.0,0.0,26.560102462768555,46.79999923706055,31.5488338470459,0.0,0.0,0.0
25.0,14.755249977111816,16922.59375,1836.469970703125,5902.10009765625,9184.0244140625,1600.0,15.375475883483887,0.0,8706.541015625,0.06656000018119812,1.021299958229065,0.0,0.934220016002655,3.9148900508880615,1.5649700164794922,2.6226699352264404,4.630640029907227,0.0,0.0,0.0,0.0,0.0,0.0,0.0,279.896484375,0.0,154.6413116455078,2818.720703125,1126.7784423828125,0.0,1451.2772216796875,0.0,0.0,0.0,0.0,0.0,0.0,33.228580474853516,33.228580474853516,154.91552734375,178.85208129882812,172.65032958984375,0.0,0.0,0.0,154.91552734375,178.85208129882812,172.65032958984375,0.0,0.0,0.0,29.93731689453125,36.938758850097656,35.1247444152832,0.0,0.0,0.0
26.0,14.755249977111816,17071.888671875,1836.469970703125,5902.10009765625,9333.3193359375,1600.0,15.405194282531738,0.0,8768.5,0.06656000018119812,1.021299958229065,0.0,0.934220016002655,3.9148900508880615,1.5649700164794922,2.6226699352264404,4.630640029907227,0.0,0.0,0.0,0.0,0.0,0.0,0.0,279.896484375,0.0,154.6413116455078,2818.720703125,1126.7784423828125,0.0,1491.373779296875,0.0,0.0,0.0,0.0,0.0,0.0,34.86616516113281,34.86616516113281,98.10311889648438,179.8912353515625,160.71482849121094,0.0,0.0,0.0,98.10311889648438,179.8912353515625,160.71482849121094,0.0,0.0,0.0,13.28996753692627,37.212989807128906,31.603891372680664,0.0,0.0,0.0
27.0,14.755249977111816,17099.869140625,1836.469970703125,5902.10009765625,9361.2978515625,1600.0,15.894567489624023,0.0,8516.3134765625,0.06656000018119812,1.021299958229065,0.0,0.934220016002655,3.9148900508880615,1.5649700164794922,2.6226699352264404,4.630640029907227,0.0,0.0,0.0,0.0,0.0,0.0,0.0,279.896484375,0.0,154.6413116455078,2818.720703125,937.8176879882812,0.0,1508.8878173828125,0.0,0.0,0.0,0.0,0.0,0.0,36.44511413574219,36.44511413574219,63.00171661376953,181.59202575683594,178.05311584472656,0.0,0.0,0.0,63.00171661376953,181.59202575683594,178.05311584472656,0.0,0.0,0.0,2.533435344696045,37.221099853515625,36.18596649169922,0.0,0.0,0.0
28.0,14.755249977111816,17099.869140625,1836.469970703125,5902.10009765625,9361.2978515625,1600.0,15.887186050415039,0.0,8522.478515625,0.06656000018119812,1.021299958229065,0.0,0.934220016002655,3.9148900508880615,1.5649700164794922,2.6226699352264404,4.630640029907227,0.0,0.0,0.0,0.0,0.0,0.0,0.0,279.896484375,0.0,154.6413116455078,2818.720703125,579.8401489257812,0.0,1869.513427734375,0.0,0.0,0.0,0.0,0.0,0.0,37.94988250732422,37.94988250732422,116.67366790771484,189.99383544921875,177.17425537109375,0.0,0.0,0.0,116.67366790771484,189.99383544921875,177.17425537109375,0.0,0.0,0.0,18.23986053466797,39.68600845336914,35.936283111572266,0.0,0.0,0.0
29.0,14.755249977111816,17099.869140625,1836.469970703125,5902.10009765625,9361.2978515625,1600.0,16.628538131713867,0.0,8147.1904296875,0.06656000018119812,1.021299958229065,0.0,0.934220016002655,3.9148900508880615,1.5649700164794922,2.6226699352264404,4.630640029907227,0.0,0.0,0.0,0.0,0.0,0.0,0.0,279.896484375,0.0,154.6413116455078,1600.327880859375,412.8515930175781,0.0,3000.65478515625,0.0,0.0,0.0,0.0,0.0,0.0,39.40391159057617,39.40391159057617,229.1573944091797,220.0196990966797,229.499267578125,0.0,0.0,0.0,229.1573944091797,220.0196990966797,229.499267578125,0.0,0.0,0.0,50.400001525878906,47.72722244262695,50.5,0.0,0.0,0.0
30.0,14.755249977111816,17099.869140625,1836.469970703125,5902.10009765625,9361.2978515625,1600.0,16.832794189453125,0.0,8051.15478515625,0.06656000018119812,1.021299958229065,0.0,0.934220016002655,3.9148900508880615,1.5649700164794922,2.6226699352264404,4.630640029907227,0.0,0.0,0.0,0.0,0.0,0.0,30.670848846435547,279.896484375,0.0,154.6413116455078,445.68719482421875,390.8794250488281,1079.8292236328125,3000.65478515625,0.0,0.0,0.0,0.0,0.0,0.0,40.8292121887207,40.8292121887207,269.9924621582031,237.40139770507812,241.96060180664062,0.0,0.0,0.0,269.9924621582031,237.40139770507812,241.96060180664062,0.0,0.0,0.0,62.13999938964844,52.60711669921875,53.94068145751953,0.0,0.0,0.0
31.0,14.767749786376953,17099.869140625,1836.469970703125,5902.10009765625,9361.2978515625,1600.0,17.075977325439453,0.0,7939.50146484375,0.06656000018119812,1.021299958229065,0.0,0.934220016002655,3.9148900508880615,1.5774699449539185,2.6226699352264404,4.630640029907227,0.0,0.0,0.0,0.0,0.0,0.0,30.670848846435547,279.896484375,0.0,154.6413116455078,445.68719482421875,386.2782287597656,1007.7802734375,3000.65478515625,0.0,0.0,0.0,0.0,0.0,0.0,42.27196502685547,42.27196502685547,270.8238525390625,237.25437927246094,238.24237060546875,0.0,0.0,0.0,270.8238525390625,237.25437927246094,238.24237060546875,0.0,0.0,0.0,62.13999938964844,52.32093048095703,52.60991287231445,0.0,0.0,0.0
32.0,14.767749786376953,17104.869140625,1836.469970703125,5907.10009765625,9361.2978515625,1600.0,16.610157012939453,0.0,8164.96484375,0.06656000018119812,1.021299958229065,0.0,0.934220016002655,3.9148900508880615,1.5774699449539185,2.6226699352264404,4.630640029907227,0.0,0.0,0.0,0.0,0.0,0.0,11.96236801147461,279.896484375,0.0,154.6413116455078,1701.72705078125,307.1144714355469,0.0,3000.65478515625,0.0,0.0,0.0,0.0,0.0,0.0,43.75210189819336,43.75210189819336,133.4281005859375,223.36813354492188,231.23936462402344,0.0,0.0,0.0,133.4281005859375,223.36813354492188,231.23936462402344,0.0,0.0,0.0,22.417564392089844,48.72502136230469,51.02735900878906,0.0,0.0,0.0
33.0,14.79002571105957,17167.240234375,1836.469970703125,5969.4716796875,9361.2978515625,1600.0,16.675437927246094,0.0,8164.96484375,0.06656000018119812,1.021299958229065,0.0,0.9394583106040955,3.9148900508880615,1.5774699449539185,2.6226699352264404,4.630640029907227,0.0,0.007963663898408413,0.009073738008737564,0.0,0.0,0.0,30.670848846435547,279.896484375,0.0,155.46096801757812,163.00755310058594,314.95135498046875,1507.8682861328125,3000.65478515625,0.0,0.9556396007537842,0.9881300330162048,0.0,0.0,0.0,45.29448318481445,45.29448318481445,269.4544982910156,237.6304473876953,270.1376953125,0.0,0.0,0.0,269.4544982910156,237.6304473876953,270.1376953125,0.0,0.0,0.0,62.13999938964844,52.83147048950195,62.339839935302734,0.0,0.0,0.0
34.0,14.946748733520508,17258.146484375,1836.469970703125,6060.37939453125,9361.2978515625,1600.0,16.548730850219727,0.0,8272.533203125,0.06656000018119812,1.021299958229065,0.0,0.9897647500038147,3.9148900508880615,1.5774699449539185,2.6226699352264404,4.630640029907227,0.0,0.057705167680978775,0.06574921309947968,0.0,0.0,0.0,30.670848846435547,279.896484375,0.0,163.33279418945312,145.1681365966797,397.97674560546875,1493.5369873046875,3000.65478515625,0.0,6.924620151519775,7.160089492797852,0.0,0.0,0.0,46.882930755615234,46.882930755615234,269.02130126953125,237.69876098632812,268.6322937011719,0.0,0.0,0.0,269.02130126953125,237.69876098632812,268.6322937011719,0.0,0.0,0.0,62.13999938964844,52.978153228759766,62.026214599609375,0.0,0.0,0.0
35.0,15.133298873901367,17307.2109375,1836.469970703125,6109.4423828125,9361.2978515625,1600.0,16.27891731262207,0.0,8434.6513671875,0.06656000018119812,1.021299958229065,0.0,1.0595039129257202,3.9148900508880615,1.5774699449539185,2.6226699352264404,4.630640029907227,0.0,0.11233189702033997,0.1279328167438507,0.0,0.0,0.0,11.96236801147461,279.896484375,0.0,174.23553466796875,1443.7252197265625,694.9827880859375,0.0,3000.65478515625,0.0,13.479827880859375,13.931882858276367,0.0,0.0,0.0,48.53447341918945,48.53447341918945,227.96209716796875,221.99966430664062,228.30398559570312,0.0,0.0,0.0,227.96209716796875,221.99966430664062,228.30398559570312,0.0,0.0,0.0,50.399993896484375,48.65598678588867,50.5,0.0,0.0,0.0
36.0,15.244070053100586,17331.341796875,1836.469970703125,6124.96630859375,9369.9052734375,1600.0,15.625178337097168,0.0,8799.232421875,0.06656000018119812,1.021299958229065,0.0,1.1038240194320679,3.9148900508880615,1.5774699449539185,2.6226699352264404,4.630640029907227,0.0,0.14341183006763458,0.1633046269416809,0.0,0.0,0.0,0.0,279.896484375,0.0,181.16310119628906,2793.319091796875,920.7755737304688,0.0,1666.5758056640625,0.0,17.20941925048828,17.78387451171875,0.0,0.0,0.0,50.25428771972656,50.25428771972656,165.43923950195312,185.42185974121094,175.48190307617188,0.0,0.0,0.0,165.43923950195312,185.42185974121094,175.48190307617188,0.0,0.0,0.0,32.76579666137695,38.610713958740234,35.703277587890625,0.0,0.0,0.0
37.0,15.502836227416992,17472.8203125,1836.469970703125,6129.87841796875,9506.47265625,1600.0,15.15636920928955,0.0,9145.1650390625,0.06656000018119812,1.2412999868392944,0.0,1.1200507879257202,3.9148900508880615,1.5774699449539185,2.6226699352264404,4.630640029907227,0.0,0.15383966267108917,0.1754159927368164,0.0,0.0,0.0,0.0,340.189453125,0.0,183.70982360839844,2818.720703125,1135.7784423828125,0.0,1591.994140625,0.0,18.46076011657715,19.102802276611328,0.0,0.0,0.0,52.0347900390625,52.0347900390625,152.24610900878906,180.9998321533203,187.3874969482422,0.0,0.0,0.0,152.24610900878906,180.9998321533203,187.3874969482422,0.0,0.0,0.0,29.37561798095703,37.78608322143555,39.65447235107422,0.0,0.0,0.0
38.0,15.52710247039795,17714.943359375,1836.469970703125,6219.43212890625,9659.0419921875,1600.0,15.26132583618164,0.0,9210.25,0.06656000018119812,1.2412999868392944,0.0,1.1304049491882324,3.9148900508880615,1.5774699449539185,2.6226699352264404,4.630640029907227,0.0,0.16037221252918243,0.18279506266117096,0.0,0.0,0.0,0.0,340.189453125,0.0,185.32589721679688,2818.720703125,1135.7784423828125,0.0,1630.8409423828125,0.0,19.244665145874023,19.906381607055664,0.0,0.0,0.0,53.823944091796875,53.823944091796875,95.69092559814453,182.30108642578125,166.37957763671875,0.0,0.0,0.0,95.69092559814453,182.30108642578125,166.37957763671875,0.0,0.0,0.0,12.72826862335205,38.06174087524414,33.404701232910156,0.0,0.0,0.0
39.0,15.542255401611328,17743.462890625,1836.469970703125,6219.923828125,9687.0693359375,1600.0,15.747180938720703,0.0,8945.3515625,0.06656000018119812,1.2412999868392944,0.0,1.1368954181671143,3.9148900508880615,1.5774699449539185,2.6226699352264404,4.630640029907227,0.0,0.16448451578617096,0.18734554946422577,0.0,0.0,0.0,0.0,340.189453125,0.0,186.3347625732422,2818.720703125,945.308349609375,0.0,1639.159423828125,0.0,19.738142013549805,20.40192985534668,0.0,0.0,0.0,55.54796600341797,55.54796600341797,60.57749557495117,183.83338928222656,174.12091064453125,0.0,0.0,0.0,60.57749557495117,183.83338928222656,174.12091064453125,0.0,0.0,0.0,1.9717364311218262,38.024085998535156,35.18318557739258,0.0,0.0,0.0
40.0,15.547568321228027,17743.619140625,1836.469970703125,6220.07958984375,9687.0693359375,1600.0,15.740113258361816,0.0,8951.8408203125,0.06656855344772339,1.2443740367889404,5.721710476791486e-05,1.1377365589141846,3.9148900508880615,1.577532410621643,2.6226699352264404,4.630801677703857,2.3771708583808504e-06,0.1650090217590332,0.18792666494846344,0.0,0.0,0.0,0.0,341.03192138671875,0.015680862590670586,186.46556091308594,2818.720703125,584.4946899414062,0.0,2001.59033203125,0.0005706407828256488,19.801082611083984,20.465213775634766,0.0,0.0,0.0,57.18537139892578,57.18537139892578,114.68968963623047,192.9921112060547,181.19126892089844,0.0,0.0,0.0,114.68968963623047,192.9921112060547,181.19126892089844,0.0,0.0,0.0,17.80661964416504,40.710079193115234,37.258331298828125,0.0,0.0,0.0
41.0,15.759604454040527,18054.75,1836.469970703125,6531.2109375,9687.0693359375,1600.0,16.765901565551758,0.0,8557.6376953125,0.06696954369544983,1.4361445903778076,0.006108964327722788,1.138102650642395,3.9148900508880615,1.5807478427886963,2.622671127319336,4.640448093414307,0.00011381570220692083,0.16523253917694092,0.18817518651485443,0.0,0.0,0.0,0.0,393.5883483886719,1.6742167472839355,186.5225372314453,1659.2906494140625,417.013916015625,0.0,3007.010498046875,0.06555784493684769,19.827903747558594,20.492279052734375,0.0,0.0,0.0,58.75898742675781,58.75898742675781,226.8459930419922,220.19503784179688,230.58892822265625,0.0,0.0,0.0,226.8459930419922,220.19503784179688,230.58892822265625,0.0,0.0,0.0,49.5865478515625,47.641143798828125,50.681358337402344,0.0,0.0,0.0
42.0,16.418134689331055,18389.640625,1836.469970703125,6866.1005859375,9687.0693359375,1600.0,17.287416458129883,0.0,8456.7666015625,0.06803334504365921,2.0330896377563477,0.024900414049625397,1.138970136642456,3.9148900508880615,1.590460181236267,2.6226742267608643,4.670182704925537,0.0004094574833288789,0.16576097905635834,0.18876279890537262,0.0,0.0,0.0,31.34976577758789,557.1865234375,6.824182510375977,186.65753173828125,57.61791229248047,397.2460632324219,1332.1585693359375,3026.278564453125,0.23584751784801483,19.891319274902344,20.5562686920166,0.0,0.0,0.0,60.297752380371094,60.297752380371094,271.5467224121094,256.7554931640625,259.618408203125,0.0,0.0,0.0,271.5467224121094,256.7554931640625,259.618408203125,0.0,0.0,0.0,62.13999938964844,57.813568115234375,58.65096664428711,0.0,0.0,0.0
43.0,17.094247817993164,18576.619140625,1836.469970703125,7053.08056640625,9687.0693359375,1600.0,17.716432571411133,0.0,8339.4892578125,0.06899654865264893,2.6465961933135986,0.044044554233551025,1.1397044658660889,3.9148900508880615,1.6003261804580688,2.6226770877838135,4.700868606567383,0.0006771414773538709,0.1662084013223648,0.18925979733467102,0.0,0.0,0.0,30.203332901000977,725.3235473632812,12.070807456970215,186.77178955078125,1122.086181640625,391.87506103515625,0.0013308761408552527,3046.162841796875,0.390033483505249,19.94500732421875,20.61039161682129,0.0,0.0,0.0,61.86428451538086,61.86428451538086,239.4893798828125,258.7912292480469,234.38096618652344,0.0,0.0,0.0,239.4893798828125,258.7912292480469,234.38096618652344,0.0,0.0,0.0,52.33420944213867,57.97999954223633,50.84000015258789,0.0,0.0,0.0
44.0,17.527379989624023,18644.58203125,1836.469970703125,7121.0419921875,9687.0693359375,1600.0,17.28982925415039,0.0,8576.3154296875,0.06944940239191055,3.040374755859375,0.0562501959502697,1.1400370597839355,3.9148900508880615,1.6052520275115967,2.622678279876709,4.721749782562256,0.0008029949385672808,0.16641105711460114,0.18948478996753693,0.0,0.0,0.0,32.00228500366211,833.2421264648438,15.415873527526855,186.8235321044922,887.6068725585938,312.5233154296875,344.9639587402344,3059.69384765625,0.4625250995159149,19.96932601928711,20.6348934173584,0.0,0.0,0.0,63.486534118652344,63.486534118652344,266.3272705078125,256.9987487792969,232.92239379882812,0.0,0.0,0.0,266.3272705078125,256.9987487792969,232.92239379882812,0.0,0.0,0.0,60.61089324951172,57.88230514526367,50.83997344970703,0.0,0.0,0.0
45.0,17.84479522705078,18826.947265625,1836.469970703125,7303.40771484375,9687.0693359375,1600.0,17.464136123657227,0.0,8576.3154296875,0.06964651495218277,3.3283348083496094,0.06525983661413193,1.1401777267456055,3.9148900508880615,1.6074734926223755,2.622678756713867,4.738178253173828,0.0008577731205150485,0.16679973900318146,0.19049811363220215,0.0,0.0,0.0,32.09311294555664,912.16015625,17.885046005249023,186.8454132080078,1130.1181640625,320.9417419433594,0.0016963554080575705,3070.33935546875,0.49407732486724854,20.015968322753906,20.7452449798584,0.0,0.0,0.0,65.18517303466797,65.18517303466797,238.05519104003906,257.9286804199219,237.73265075683594,0.0,0.0,0.0,238.05519104003906,257.9286804199219,237.73265075683594,0.0,0.0,0.0,52.16700744628906,57.97999954223633,52.07266616821289,0.0,0.0,0.0
46.0,18.211830139160156,18916.51171875,1836.469970703125,7392.97314453125,9687.0693359375,1600.0,17.321752548217773,0.0,8689.298828125,0.06983767449855804,3.6500699520111084,0.07547774910926819,1.1403120756149292,3.9148900508880615,1.609642744064331,2.6226794719696045,4.756801605224609,0.0009108999511227012,0.17029020190238953,0.20091821253299713,0.0,0.0,0.0,12.465577125549316,1000.3345947265625,20.68535804748535,186.86631774902344,1034.2923583984375,406.09356689453125,0.0,3082.407470703125,0.5246784090995789,20.434823989868164,21.879993438720703,0.0,0.0,0.0,66.9438705444336,66.9438705444336,232.99903869628906,227.5078582763672,235.91043090820312,0.0,0.0,0.0,232.99903869628906,227.5078582763672,235.91043090820312,0.0,0.0,0.0,50.830467224121094,49.22429656982422,51.68204879760742,0.0,0.0,0.0
47.0,18.430389404296875,18960.541015625,1836.469970703125,7437.0009765625,9687.0693359375,1600.0,17.02984619140625,0.0,8859.5859375,0.06993143260478973,3.8219552040100098,0.08093277364969254,1.1403775215148926,3.9148900508880615,1.6107163429260254,2.6226797103881836,4.76682186126709,0.0009369550389237702,0.17773783206939697,0.22341032326221466,0.0,0.0,0.0,0.0,1047.4412841796875,22.180355072021484,186.87649536132812,809.806640625,709.6300659179688,0.0,3076.753662109375,0.512786328792572,21.328540802001953,24.329383850097656,0.0,0.0,0.0,68.77128601074219,68.77128601074219,226.62496948242188,218.2103729248047,224.13641357421875,0.0,0.0,0.0,226.62496948242188,218.2103729248047,224.13641357421875,0.0,0.0,0.0,49.25796127319336,46.796688079833984,48.530052185058594,0.0,0.0,0.0
48.0,18.562227249145508,18998.380859375,1836.469970703125,7458.95947265625,9702.9521484375,1600.0,16.392080307006836,0.0,9221.26953125,0.06996423751115799,3.916883945465088,0.0839814692735672,1.1404001712799072,3.9148900508880615,1.6110917329788208,2.6226797103881836,4.7716474533081055,0.0009460730943828821,0.18483901023864746,0.2449026256799698,0.0,0.0,0.0,0.0,1073.4573974609375,23.015878677368164,186.88002014160156,2398.435302734375,940.4006958007812,0.0,1469.4659423828125,0.09126896411180496,22.180681228637695,26.669897079467773,0.0,0.0,0.0,70.65645599365234,70.65645599365234,148.3489990234375,184.90028381347656,160.70242309570312,0.0,0.0,0.0,148.3489990234375,184.90028381347656,160.70242309570312,0.0,0.0,0.0,27.0,37.69124984741211,30.613378524780273,0.0,0.0,0.0
49.0,18.70610237121582,19318.46484375,1836.469970703125,7608.47509765625,9873.51953125,1600.0,16.035572052001953,0.0,9583.7998046875,0.06997569650411606,4.001668930053711,0.08669152110815048,1.1404080390930176,3.9148900508880615,1.6112232208251953,2.6226797103881836,4.775192737579346,0.000949256238527596,0.19791267812252045,0.28451061248779297,0.0,0.0,0.0,0.0,1096.693359375,23.75859260559082,186.88124084472656,2818.720703125,1160.0806884765625,0.0,1041.9403076171875,0.06491579115390778,23.749521255493164,30.983205795288086,0.0,0.0,0.0,72.57293701171875,72.57293701171875,153.33160400390625,170.86410522460938,166.0784454345703,0.0,0.0,0.0,153.33160400390625,170.86410522460938,166.0784454345703,0.0,0.0,0.0,28.813919067382812,33.94218063354492,32.54237365722656,0.0,0.0,0.0
50.0,19.027772903442383,19610.587890625,1836.469970703125,7726.61474609375,10047.501953125,1600.0,16.16652488708496,0.0,9652.0,0.06999460607767105,4.19956111907959,0.09307613223791122,1.1404210329055786,3.9148900508880615,1.61143958568573,2.6226799488067627,4.783164024353027,0.000954511808231473,0.225003182888031,0.36658796668052673,0.0,0.0,0.0,0.0,1150.9276123046875,25.508352279663086,186.8832550048828,2818.720703125,1160.2364501953125,0.0,1017.6444702148438,0.06371065229177475,27.000383377075195,39.92142868041992,0.0,0.0,0.0,74.47750091552734,74.47750091552734,96.86528015136719,170.72036743164062,157.4261474609375,0.0,0.0,0.0,96.86528015136719,170.72036743164062,157.4261474609375,0.0,0.0,0.0,12.166570663452148,33.76918029785156,29.8806209564209,0.0,0.0,0.0
51.0,19.28978157043457,19721.943359375,1836.469970703125,7804.83349609375,10080.640625,1600.0,16.750408172607422,0.0,9374.400390625,0.07000663876533508,4.3707356452941895,0.09858158230781555,1.1404292583465576,3.9148900508880615,1.6115773916244507,2.6226799488067627,4.789899826049805,0.0009578567696735263,0.24446620047092438,0.4255571961402893,0.0,0.0,0.0,0.0,1197.8394775390625,27.01717185974121,186.88453674316406,2812.925537109375,965.7474365234375,0.0,971.9462890625,0.061029355973005295,29.33594512939453,46.34318161010742,0.0,0.0,0.0,76.29817199707031,76.29817199707031,149.5740509033203,163.6590576171875,157.68795776367188,0.0,0.0,0.0,149.5740509033203,163.6590576171875,157.68795776367188,0.0,0.0,0.0,27.000001907348633,31.11986541748047,29.373319625854492,0.0,0.0,0.0
52.0,19.4717960357666,19753.33984375,1836.469970703125,7836.228515625,10080.640625,1600.0,16.76938819885254,0.0,9381.193359375,0.07001403719186783,4.492549419403076,0.10246917605400085,1.1404343843460083,3.9148900508880615,1.6116623878479004,2.6226799488067627,4.79464864730835,0.0009599115583114326,0.2572370171546936,0.46425074338912964,0.0,0.0,0.0,0.0,1231.2236328125,28.08260154724121,186.8853302001953,2818.720703125,597.1402587890625,0.0,1297.3995361328125,0.08160974830389023,30.86844253540039,50.55690383911133,0.0,0.0,0.0,78.01497650146484,78.01497650146484,149.6389617919922,178.9652557373047,150.56146240234375,0.0,0.0,0.0,149.6389617919922,178.9652557373047,150.56146240234375,0.0,0.0,0.0,27.0000057220459,35.577945709228516,27.269840240478516,0.0,0.0,0.0
53.0,19.562498092651367,19763.2734375,1836.469970703125,7846.16259765625,10080.640625,1600.0,17.565628051757812,0.0,8968.0859375,0.07001721858978271,4.555361747741699,0.10447540879249573,1.1404365301132202,3.9148900508880615,1.611748218536377,2.6226799488067627,4.797241687774658,0.0009607973042875528,0.2629937529563904,0.4816928207874298,0.0,0.0,0.0,0.0,1248.4378662109375,28.632427215576172,186.8856658935547,926.6165161132812,425.19207763671875,0.0,3060.8154296875,0.4609759747982025,31.55925178527832,52.45634841918945,0.0,0.0,0.0,79.65701293945312,79.65701293945312,209.52285766601562,219.97439575195312,216.6212615966797,0.0,0.0,0.0,209.52285766601562,219.97439575195312,216.6212615966797,0.0,0.0,0.0,43.71980667114258,46.77688217163086,45.79608917236328,0.0,0.0,0.0
54.0,19.606155395507812,19773.046875,1836.469970703125,7855.9365234375,10080.640625,1600.0,17.791584014892578,0.0,8862.37890625,0.07001806050539017,4.589536666870117,0.10558323562145233,1.140437126159668,3.9148900508880615,1.6119215488433838,2.6226799488067627,4.799126625061035,0.0009610310080461204,0.2645605504512787,0.486439973115921,0.0,0.0,0.0,0.0,1257.8038330078125,28.936037063598633,186.88575744628906,860.11328125,402.6064147949219,0.0,3066.716064453125,0.47854191064834595,31.747264862060547,52.97331619262695,0.0,0.0,0.0,81.25128173828125,81.25128173828125,222.2449951171875,220.564453125,206.53665161132812,0.0,0.0,0.0,222.2449951171875,220.564453125,206.53665161132812,0.0,0.0,0.0,47.2150764465332,46.72351837158203,42.620384216308594,0.0,0.0,0.0
55.0,19.658344268798828,19814.416015625,1836.469970703125,7897.3046875,10080.640625,1600.0,18.088001251220703,0.0,8739.4775390625,0.07001852989196777,4.6336259841918945,0.10701021552085876,1.1404374837875366,3.9148900508880615,1.6122468709945679,2.6226799488067627,4.801921844482422,0.0009611599380150437,0.2654421031475067,0.4891109764575958,0.0,0.0,0.0,0.0,1269.886962890625,29.32711410522461,186.88580322265625,943.143798828125,394.79412841796875,0.0,2894.546875,0.18221181631088257,31.853050231933594,53.264183044433594,0.0,0.0,0.0,82.84380340576172,82.84380340576172,186.63099670410156,220.94456481933594,164.44158935546875,0.0,0.0,0.0,186.63099670410156,220.94456481933594,164.44158935546875,0.0,0.0,0.0,36.501564025878906,46.53828430175781,30.01116180419922,0.0,0.0,0.0
56.0,19.735393524169922,19834.265625,1836.469970703125,7917.15576171875,10080.640625,1600.0,17.603944778442383,0.0,8987.6552734375,0.07001884281635284,4.701233863830566,0.10919537395238876,1.1404377222061157,3.9148900508880615,1.6125167608261108,2.6226799488067627,4.806473731994629,0.0009612477733753622,0.2660459876060486,0.49094071984291077,0.0,0.0,0.0,0.0,1288.41552734375,29.92597770690918,186.88583374023438,971.3853149414062,313.93768310546875,0.0,3092.999755859375,0.5091110467910767,31.925519943237305,53.463443756103516,0.0,0.0,0.0,84.4472885131836,84.4472885131836,221.18263244628906,220.14686584472656,219.11166381835938,0.0,0.0,0.0,221.18263244628906,220.14686584472656,219.11166381835938,0.0,0.0,0.0,47.091976165771484,46.78901290893555,46.4862174987793,0.0,0.0,0.0
57.0,19.874526977539062,19979.396484375,1836.469970703125,8062.28564453125,10080.640625,1600.0,17.737646102905273,0.0,8987.6552734375,0.07001900672912598,4.8221635818481445,0.11319511383771896,1.1404377222061157,3.9148900508880615,1.6126753091812134,2.6226799488067627,4.81444787979126,0.0009612940484657884,0.26752176880836487,0.4955344796180725,0.0,0.0,0.0,0.0,1321.557373046875,31.022140502929688,186.88584899902344,943.2632446289062,321.98028564453125,0.0,3076.530517578125,0.496692031621933,32.10261154174805,53.96370315551758,0.0,0.0,0.0,86.09308624267578,86.09308624267578,216.08702087402344,220.89077758789062,224.02333068847656,0.0,0.0,0.0,216.08702087402344,220.89077758789062,224.02333068847656,0.0,0.0,0.0,45.46780776977539,46.87290573120117,47.789180755615234,0.0,0.0,0.0
58.0,20.16704559326172,20104.7578125,1836.469970703125,8187.64794921875,10080.640625,1600.0,17.618431091308594,0.0,9106.0634765625,0.07001926749944687,5.059481620788574,0.12111356109380722,1.1404379606246948,3.9148900508880615,1.6129236221313477,2.6226799488067627,4.829591274261475,0.0009613657020963728,0.2752964496612549,0.519649863243103,0.0,0.0,0.0,9.370283126831055,1386.5965576171875,33.1922607421875,186.88587951660156,880.2718505859375,406.9212646484375,0.0014280889881774783,3052.548095703125,0.46938326954841614,33.03557586669922,56.58987045288086,0.0,0.0,0.0,87.7702407836914,87.7702407836914,209.8350067138672,248.39120483398438,211.3277587890625,0.0,0.0,0.0,209.8350067138672,248.39120483398438,211.3277587890625,0.0,0.0,0.0,43.75830841064453,55.03599548339844,44.194942474365234,0.0,0.0,0.0
59.0,20.431684494018555,20175.3984375,1836.469970703125,8258.2880859375,10080.640625,1600.0,17.34053611755371,0.0,9284.51171875,0.07001945376396179,5.2525787353515625,0.12752467393875122,1.1404380798339844,3.9148900508880615,1.6131068468093872,2.6226799488067627,4.8417205810546875,0.0009614172158762813,0.28825628757476807,0.5595082640647888,0.0,0.0,0.0,0.0,1439.5166015625,34.94928741455078,186.8859100341797,859.9513549804688,710.6832275390625,0.0,2836.669189453125,0.17809246480464935,34.59075164794922,60.93044662475586,0.0,0.0,0.0,89.49649810791016,89.49649810791016,171.69033813476562,216.7831573486328,197.80006408691406,0.0,0.0,0.0,171.69033813476562,216.7831573486328,197.80006408691406,0.0,0.0,0.0,32.87888717651367,46.06853485107422,40.51598358154297,0.0,0.0,0.0
60.0,20.60788917541504,20206.62890625,1836.469970703125,8289.517578125,10080.640625,1600.0,16.66748809814453,0.0,9671.4365234375,0.07001952081918716,5.376441478729248,0.13165780901908875,1.1404380798339844,3.9148900508880615,1.6131778955459595,2.6226799488067627,4.848438739776611,0.0009614371228963137,0.29846736788749695,0.5907166004180908,0.0,0.0,0.0,0.0,1473.4622802734375,36.082008361816406,186.8859100341797,2727.706298828125,941.618408203125,0.0,957.24462890625,0.06006902456283569,35.81608200073242,64.32903289794922,0.0,0.0,0.0,91.27155303955078,91.27155303955078,151.74525451660156,179.1112060546875,159.17138671875,0.0,0.0,0.0,151.74525451660156,179.1112060546875,159.17138671875,0.0,0.0,0.0,27.717998504638672,35.72254180908203,29.89014434814453,0.0,0.0,0.0
61.0,20.796533584594727,20534.576171875,1836.469970703125,8473.447265625,10224.658203125,1600.0,16.29293441772461,0.0,10051.6650390625,0.07001955062150955,5.495318412780762,0.1356283277273178,1.140438199043274,3.914949893951416,1.613203763961792,2.6226799488067627,4.853826999664307,0.0009614443406462669,0.3134083151817322,0.636099100112915,0.0,0.0,0.0,0.0,1506.0416259765625,37.170166015625,186.8859100341797,2730.9609375,1161.5067138671875,0.0,949.1123657226562,0.05953443422913551,36.951961517333984,68.81962585449219,0.0,0.0,0.0,93.08100891113281,93.08100891113281,143.5029296875,167.36996459960938,155.40057373046875,0.0,0.0,0.0,143.5029296875,167.36996459960938,155.40057373046875,0.0,0.0,0.0,25.681673049926758,32.66278076171875,29.161733627319336,0.0,0.0,0.0
62.0,21.194156646728516,20860.806640625,1836.469970703125,8624.3095703125,10400.0263671875,1600.0,16.437620162963867,0.0,10123.2001953125,0.07001958787441254,5.756946086883545,0.14443744719028473,1.140438199043274,3.915578842163086,1.6132428646087646,2.6226799488067627,4.865277290344238,0.0009614553418941796,0.34191760420799255,0.7226561903953552,0.0,0.0,0.0,0.0,1577.742919921875,39.58438491821289,186.88592529296875,2720.037841796875,1161.534912109375,0.0,935.7235717773438,0.058643799275159836,30.772584915161133,71.54296112060547,0.0,0.0,0.0,94.89077758789062,94.89077758789062,121.48216247558594,150.4541473388672,125.58690643310547,0.0,0.0,0.0,121.48216247558594,150.4541473388672,125.58690643310547,0.0,0.0,0.0,19.09591293334961,27.570219039916992,20.29654884338379,0.0,0.0,0.0
63.0,21.52867317199707,20996.30859375,1836.469970703125,8725.41015625,10434.4287109375,1600.0,17.045948028564453,0.0,9832.0439453125,0.07001961767673492,5.9883222579956055,0.1522054821252823,1.140438199043274,3.9162778854370117,1.6132686138153076,2.6226799488067627,4.875197887420654,0.0009614626178517938,0.3629128038883209,0.7863885760307312,0.0,0.0,0.0,0.0,1641.1536865234375,41.71328353881836,186.88592529296875,2683.983642578125,966.7609252929688,0.0,894.9737548828125,0.05604730173945427,32.66215515136719,77.85247039794922,0.0,0.0,0.0,96.61595916748047,96.61595916748047,96.26963806152344,150.28579711914062,133.8433837890625,0.0,0.0,0.0,96.26963806152344,150.28579711914062,133.8433837890625,0.0,0.0,0.0,11.112921714782715,26.912647247314453,22.103240966796875,0.0,0.0,0.0
64.0,21.76199722290039,21036.638671875,1836.469970703125,8765.7392578125,10434.4287109375,1600.0,17.070383071899414,0.0,9839.1689453125,0.07001963257789612,6.152963638305664,0.15770603716373444,1.140438199043274,3.9168148040771484,1.613284707069397,2.6226799488067627,4.882199287414551,0.0009614670998416841,0.37669795751571655,0.828231155872345,0.0,0.0,0.0,0.0,1686.275146484375,43.220760345458984,186.88592529296875,2753.45458984375,597.7413330078125,0.0,1145.670166015625,0.07170813530683517,33.90281677246094,81.99488067626953,0.0,0.0,0.0,98.2398910522461,98.2398910522461,148.43405151367188,163.57846069335938,125.3882827758789,0.0,0.0,0.0,148.43405151367188,163.57846069335938,125.3882827758789,0.0,0.0,0.0,26.346574783325195,30.776315689086914,19.605688095092773,0.0,0.0,0.0
65.0,21.87835693359375,21049.3984375,1836.469970703125,8778.5,10434.4287109375,1600.0,17.884361267089844,0.0,9405.90234375,0.07001964002847672,6.239689826965332,0.16061490774154663,1.140438199043274,3.9170470237731934,1.613451600074768,2.6226799488067627,4.886448860168457,0.0009614687878638506,0.3821690082550049,0.8448365926742554,0.0,0.0,0.0,0.0,1710.043212890625,44.01796340942383,186.88592529296875,923.5379638671875,425.6414489746094,0.0,2807.42822265625,0.4127832055091858,45.86028289794922,92.0027084350586,0.0,0.0,0.0,99.787353515625,99.787353515625,196.72235107421875,215.97650146484375,204.34317016601562,0.0,0.0,0.0,196.72235107421875,215.97650146484375,204.34317016601562,0.0,0.0,0.0,39.656925201416016,45.28876495361328,41.886016845703125,0.0,0.0,0.0
66.0,21.948928833007812,21083.474609375,1836.469970703125,8812.576171875,10434.4287109375,1600.0,18.13483238220215,0.0,9295.0283203125,0.07001964002847672,6.297529697418213,0.16256502270698547,1.140438199043274,3.9171223640441895,1.6137688159942627,2.6226799488067627,4.890047073364258,0.0009614693117327988,0.38385209441185,0.8499448299407959,0.0,0.0,0.0,0.0,1725.894775390625,44.55241012573242,186.88592529296875,897.5107421875,403.06781005859375,0.0,2762.9541015625,0.17283359169960022,46.062252044677734,92.55899047851562,0.0,0.0,0.0,101.2753677368164,101.2753677368164,118.53450775146484,217.4678955078125,165.15843200683594,0.0,0.0,0.0,118.53450775146484,217.4678955078125,165.15843200683594,0.0,0.0,0.0,16.536510467529297,45.47452926635742,30.174007415771484,0.0,0.0,0.0
67.0,22.045743942260742,21136.5078125,1836.469970703125,8865.609375,10434.4287109375,1600.0,18.444875717163086,0.0,9166.1318359375,0.07001964002847672,6.379565238952637,0.16531886160373688,1.140438199043274,3.9171900749206543,1.6143238544464111,2.6226799488067627,4.895524501800537,0.0009614697191864252,0.38532066345214844,0.8544020056724548,0.0,0.0,0.0,0.0,1748.3773193359375,45.307125091552734,186.88592529296875,691.8900756835938,395.302734375,0.0,2863.903076171875,0.405055433511734,46.23847961425781,93.04437255859375,0.0,0.0,0.0,102.75941467285156,102.75941467285156,214.5576171875,221.13595581054688,207.88865661621094,0.0,0.0,0.0,214.5576171875,221.13595581054688,207.88865661621094,0.0,0.0,0.0,44.31322479248047,46.23739242553711,42.36255645751953,0.0,0.0,0.0
68.0,22.149080276489258,21159.99609375,1836.469970703125,8889.0966796875,10434.4287109375,1600.0,17.951400756835938,0.0,9426.4228515625,0.07001964002847672,6.469793796539307,0.16834689676761627,1.140438199043274,3.9172279834747314,1.6146953105926514,2.6226799488067627,4.9019083976745605,0.0009614699520170689,0.38613492250442505,0.8568733930587769,0.0,0.0,0.0,0.0,1773.105224609375,46.136985778808594,186.88592529296875,839.508544921875,314.36181640625,0.0,2945.10107421875,0.43552467226982117,46.3361930847168,93.31351470947266,0.0,0.0,0.0,104.25495147705078,104.25495147705078,203.78329467773438,217.85153198242188,191.0776824951172,0.0,0.0,0.0,203.78329467773438,217.85153198242188,191.0776824951172,0.0,0.0,0.0,41.65521240234375,45.770172119140625,37.938819885253906,0.0,0.0,0.0
69.0,22.29252052307129,21294.666015625,1836.469970703125,9023.7666015625,10434.4287109375,1600.0,18.070125579833984,0.0,9426.4228515625,0.07001964002847672,6.598207473754883,0.1727188676595688,1.140438199043274,3.9172463417053223,1.6148921251296997,2.6226799488067627,4.910778999328613,0.0009614700684323907,0.3865237534046173,0.8580535054206848,0.0,0.0,0.0,0.0,1808.2982177734375,47.33516311645508,186.88592529296875,806.8888549804688,322.4228820800781,0.0,2931.539306640625,0.4425542652606964,46.382850646972656,93.44202423095703,0.0,0.0,0.0,105.80205535888672,105.80205535888672,187.44720458984375,217.93223571777344,211.50570678710938,0.0,0.0,0.0,187.44720458984375,217.93223571777344,211.50570678710938,0.0,0.0,0.0,36.7581787109375,45.67505645751953,43.795291900634766,0.0,0.0,0.0
70.0,22.568471908569336,21405.630859375,1836.469970703125,9134.73046875,10434.4287109375,1600.0,17.928606033325195,0.0,9550.6162109375,0.07001964002847672,6.846500396728516,0.18123768270015717,1.140438199043274,3.9172732830047607,1.6151882410049438,2.6226799488067627,4.927263259887695,0.0009614702430553734,0.38710159063339233,0.8598073124885559,0.0,0.0,0.0,0.0,1876.3450927734375,49.66981887817383,186.88592529296875,767.06982421875,407.49261474609375,0.0,2897.732421875,0.43307575583457947,46.45219421386719,93.63301086425781,0.0,0.0,0.0,107.3798828125,107.3798828125,185.33526611328125,216.3886260986328,211.72567749023438,0.0,0.0,0.0,185.33526611328125,216.3886260986328,211.72567749023438,0.0,0.0,0.0,36.281959533691406,45.36506652832031,44.001155853271484,0.0,0.0,0.0
71.0,22.793405532836914,21448.974609375,1836.469970703125,9178.076171875,10434.4287109375,1600.0,17.61831283569336,0.0,9737.775390625,0.07001964747905731,7.049327373504639,0.18820932507514954,1.140438199043274,3.917292594909668,1.6154029369354248,2.6226799488067627,4.940499782562256,0.0009614703594706953,0.38751429319381714,0.861059844493866,0.0,0.0,0.0,0.0,1931.9317626953125,51.58045959472656,186.88592529296875,765.135009765625,711.69482421875,0.0,2662.264404296875,0.39395421743392944,46.50171661376953,93.76941680908203,0.0,0.0,0.0,109.0031967163086,109.0031967163086,210.3240203857422,210.58740234375,210.2068634033203,0.0,0.0,0.0,210.3240203857422,210.58740234375,210.2068634033203,0.0,0.0,0.0,43.90146255493164,43.9785041809082,43.86719512939453,0.0,0.0,0.0
72.0,22.91029167175293,21462.689453125,1836.469970703125,9191.791015625,10434.4287109375,1600.0,17.0710506439209,0.0,10053.5458984375,0.07001964747905731,7.156509876251221,0.19189688563346863,1.140438199043274,3.9172990322113037,1.615474820137024,2.6226799488067627,4.945885181427002,0.0009614704176783562,0.3876512050628662,0.8614752888679504,0.0,0.0,0.0,0.0,1961.3060302734375,52.591068267822266,186.88592529296875,2220.144775390625,942.9591064453125,0.0,1156.900146484375,0.07207167893648148,46.51814270019531,93.81465911865234,0.0,0.0,0.0,110.66503143310547,110.66503143310547,172.21389770507812,178.3894500732422,176.7625274658203,0.0,0.0,0.0,172.21389770507812,178.3894500732422,176.7625274658203,0.0,0.0,0.0,33.301513671875,35.10786437988281,34.63198471069336,0.0,0.0,0.0
73.0,23.013708114624023,21658.880859375,1836.469970703125,9273.04296875,10549.3671875,1600.0,16.56911277770996,0.0,10448.7939453125,0.07001964747905731,7.252930641174316,0.19521324336528778,1.140438199043274,3.9173011779785156,1.6154975891113281,2.6226799488067627,4.949365615844727,0.0009614704176783562,0.38769426941871643,0.8616060614585876,0.0,0.0,0.0,0.0,1987.7310791015625,53.49994659423828,186.88592529296875,2548.576171875,1163.158203125,0.0,862.6571655273438,0.05372696742415428,36.69363021850586,86.46208953857422,0.0,0.0,0.0,112.36943054199219,112.36943054199219,148.4404754638672,167.34304809570312,162.76210021972656,0.0,0.0,0.0,148.4404754638672,167.34304809570312,162.76210021972656,0.0,0.0,0.0,26.84972381591797,32.378726959228516,31.038803100585938,0.0,0.0,0.0
74.0,23.212141036987305,21936.421875,1836.469970703125,9379.291015625,10720.66015625,1600.0,16.66503143310547,0.0,10523.150390625,0.07001964747905731,7.43794584274292,0.2015671581029892,1.140438199043274,3.9173033237457275,1.6155227422714233,2.6226799488067627,4.956210613250732,0.0009614704176783562,0.3877418041229248,0.8617503046989441,0.0,0.0,0.0,0.0,2038.4361572265625,55.241294860839844,186.88592529296875,2541.414794921875,1163.1763916015625,0.0,873.967529296875,0.0544026680290699,31.87075424194336,83.04535675048828,0.0,0.0,0.0,114.07991790771484,114.07991790771484,137.27352905273438,146.8154754638672,120.50566864013672,0.0,0.0,0.0,137.27352905273438,146.8154754638672,120.50566864013672,0.0,0.0,0.0,23.48747444152832,26.278493881225586,18.582876205444336,0.0,0.0,0.0
75.0,23.458688735961914,22076.93359375,1836.469970703125,9486.2705078125,10754.193359375,1600.0,17.280982971191406,0.0,10220.4990234375,0.07001964747905731,7.667714595794678,0.20944148302078247,1.140438199043274,3.9173052310943604,1.6155449151992798,2.6226799488067627,4.96492338180542,0.0009614704758860171,0.3877834975719452,0.8618768453598022,0.0,0.0,0.0,0.0,2101.40625,57.39932632446289,186.88592529296875,2503.2734375,968.125,0.0,841.6668701171875,0.052356570959091187,28.93118667602539,80.85176849365234,0.0,0.0,0.0,115.72086334228516,115.72086334228516,100.28063201904297,154.53140258789062,133.18521118164062,0.0,0.0,0.0,100.28063201904297,154.53140258789062,133.18521118164062,0.0,0.0,0.0,12.051101684570312,27.919452667236328,21.675691604614258,0.0,0.0,0.0
76.0,23.677452087402344,22121.951171875,1836.469970703125,9531.2890625,10754.193359375,1600.0,17.307445526123047,0.0,10227.8994140625,0.07001964747905731,7.871565818786621,0.21641606092453003,1.140438199043274,3.917306900024414,1.615562081336975,2.6226799488067627,4.97271203994751,0.0009614704758860171,0.3878156542778015,0.8619744181632996,0.0,0.0,0.0,0.0,2157.273681640625,59.31077194213867,186.88592529296875,2566.970947265625,598.5851440429688,0.0,1082.6925048828125,0.06730888783931732,34.90340805053711,85.33546447753906,0.0,0.0,0.0,117.2728042602539,117.2728042602539,97.5171127319336,151.86984252929688,137.1210174560547,0.0,0.0,0.0,97.5171127319336,151.86984252929688,137.1210174560547,0.0,0.0,0.0,11.21631145477295,27.114482879638672,22.80045509338379,0.0,0.0,0.0
77.0,23.794151306152344,22136.1953125,1836.469970703125,9545.533203125,10754.193359375,1600.0,18.13498306274414,0.0,9777.5048828125,0.07001964747905731,7.980121612548828,0.22013483941555023,1.140438199043274,3.9174933433532715,1.6155704259872437,2.6226799488067627,4.9768781661987305,0.0009614704758860171,0.38783130049705505,0.8620219230651855,0.0,0.0,0.0,0.0,2187.0244140625,60.32993698120117,186.88592529296875,2478.865234375,426.2004089355469,0.0,987.3829956054688,0.06136377900838852,46.539756774902344,93.87419128417969,0.0,0.0,0.0,118.75718688964844,118.75718688964844,154.30764770507812,180.62103271484375,129.99380493164062,0.0,0.0,0.0,154.30764770507812,180.62103271484375,129.99380493164062,0.0,0.0,0.0,27.000001907348633,34.6966667175293,19.888202667236328,0.0,0.0,0.0
78.0,23.846097946166992,22141.068359375,1836.469970703125,9550.404296875,10754.193359375,1600.0,18.363420486450195,0.0,9662.259765625,0.07001964747905731,8.027338027954102,0.22179703414440155,1.140438199043274,3.9186925888061523,1.6155800819396973,2.6226799488067627,4.978713035583496,0.0009614704758860171,0.3878375291824341,0.8620408773422241,0.0,0.0,0.0,0.0,2199.96435546875,60.78547668457031,186.88592529296875,657.3963623046875,403.52020263671875,0.0,2738.744384765625,0.4057389199733734,46.540504455566406,93.87625122070312,0.0,0.0,0.0,120.1756591796875,120.1756591796875,180.29579162597656,214.51348876953125,202.22923278808594,0.0,0.0,0.0,180.29579162597656,214.51348876953125,202.22923278808594,0.0,0.0,0.0,34.37310028076172,44.38177490234375,40.78862762451172,0.0,0.0,0.0
79.0,23.869592666625977,22144.669921875,1836.469970703125,9554.0068359375,10754.193359375,1600.0,18.633825302124023,0.0,9528.2626953125,0.07001964747905731,8.048253059387207,0.22251391410827637,1.140438199043274,3.9197027683258057,1.615592122077942,2.6226799488067627,4.979543685913086,0.0009614704758860171,0.38784000277519226,0.8620482683181763,0.0,0.0,0.0,0.0,2205.6962890625,60.98194122314453,186.88592529296875,766.1652221679688,395.6132507324219,0.0,2540.313720703125,0.3687640428543091,46.54079818725586,93.87705993652344,0.0,0.0,0.0,121.5940933227539,121.5940933227539,210.51551818847656,214.1463623046875,210.7399444580078,0.0,0.0,0.0,210.51551818847656,214.1463623046875,210.7399444580078,0.0,0.0,0.0,42.94196319580078,44.00398635864258,43.00761032104492,0.0,0.0,0.0
80.0,23.88147735595703,22146.0703125,1836.469970703125,9555.408203125,10754.193359375,1600.0,18.114795684814453,0.0,9798.841796875,0.07001964747905731,8.059008598327637,0.22289276123046875,1.140438199043274,3.919938802719116,1.6155951023101807,2.6226799488067627,4.980053424835205,0.0009614704758860171,0.3878404200077057,0.8620495796203613,0.0,0.0,0.0,0.0,2208.64404296875,61.08576965332031,186.88592529296875,774.8245849609375,314.5369873046875,0.0,2790.4560546875,0.40819236636161804,46.54084777832031,93.877197265625,0.0,0.0,0.0,123.03389739990234,123.03389739990234,185.9088897705078,214.47119140625,215.0831756591797,0.0,0.0,0.0,185.9088897705078,214.47119140625,215.0831756591797,0.0,0.0,0.0,36.263553619384766,44.61802673339844,44.79703140258789,0.0,0.0,0.0
81.0,23.99785804748535,22311.00390625,1836.469970703125,9720.3408203125,10754.193359375,1600.0,18.25390625,0.0,9798.841796875,0.07001964747905731,8.165959358215332,0.22731681168079376,1.140438199043274,3.920090913772583,1.615597128868103,2.6226799488067627,4.984903812408447,0.0009614704758860171,0.3878406286239624,0.8620502352714539,0.0,0.0,0.0,0.0,2237.95458984375,62.298221588134766,186.88592529296875,751.2816162109375,322.56365966796875,0.0,2773.954345703125,0.41234809160232544,46.54087448120117,93.87727355957031,0.0,0.0,0.0,124.52439880371094,124.52439880371094,211.8074951171875,214.48251342773438,185.85568237304688,0.0,0.0,0.0,211.8074951171875,214.48251342773438,185.85568237304688,0.0,0.0,0.0,43.69978713989258,44.48222732543945,36.10887908935547,0.0,0.0,0.0
82.0,24.32954978942871,22461.123046875,1836.469970703125,9870.4599609375,10754.193359375,1600.0,18.137454986572266,0.0,9927.9365234375,0.07001964747905731,8.47140884399414,0.24003159999847412,1.140438199043274,3.920445203781128,1.6156017780303955,2.6226799488067627,4.998069763183594,0.0009614704758860171,0.387841135263443,0.862051784992218,0.0,0.0,0.0,0.0,2321.666015625,65.78282165527344,186.88592529296875,774.1773071289062,407.5969543457031,0.0,2664.38916015625,0.28166407346725464,46.54093933105469,93.87744140625,0.0,0.0,0.0,126.0510025024414,126.0510025024414,176.90908813476562,213.0198516845703,155.59332275390625,0.0,0.0,0.0,176.90908813476562,213.0198516845703,155.59332275390625,0.0,0.0,0.0,33.60845184326172,44.17084884643555,27.373592376708984,0.0,0.0,0.0
83.0,24.623807907104492,22521.013671875,1836.469970703125,9930.3505859375,10754.193359375,1600.0,17.833864212036133,0.0,10122.4970703125,0.07001964747905731,8.742712020874023,0.2513405382633209,1.140438199043274,3.9207234382629395,1.6156054735183716,2.6226799488067627,5.009432792663574,0.0009614704758860171,0.3878415524959564,0.8620530366897583,0.0,0.0,0.0,0.0,2396.01904296875,68.88214111328125,186.88592529296875,2023.90771484375,711.7840576171875,0.0,1162.7152099609375,0.07208769768476486,46.540985107421875,93.87757110595703,0.0,0.0,0.0,127.61626434326172,127.61626434326172,119.35015106201172,188.04835510253906,171.87818908691406,0.0,0.0,0.0,119.35015106201172,188.04835510253906,171.87818908691406,0.0,0.0,0.0,17.0760555267334,37.1702766418457,32.44050979614258,0.0,0.0,0.0
84.0,24.780078887939453,22539.96484375,1836.469970703125,9949.30078125,10754.193359375,1600.0,17.181076049804688,0.0,10510.970703125,0.07001964747905731,8.88821029663086,0.2574111819267273,1.140438199043274,3.92080020904541,1.6156065464019775,2.6226799488067627,5.014057159423828,0.0009614704758860171,0.3878416419029236,0.8620533347129822,0.0,0.0,0.0,0.0,2435.89404296875,70.54585266113281,186.88592529296875,2328.2646484375,943.0359497070312,0.0,845.64013671875,0.052411288022994995,46.54099655151367,93.87760925292969,0.0,0.0,0.0,129.23117065429688,129.23117065429688,174.3813934326172,179.6633758544922,178.94300842285156,0.0,0.0,0.0,174.3813934326172,179.6633758544922,178.94300842285156,0.0,0.0,0.0,33.82548141479492,35.370460510253906,35.159751892089844,0.0,0.0,0.0
85.0,25.012535095214844,22938.294921875,1836.469970703125,10196.57421875,10905.2509765625,1600.0,16.815340042114258,0.0,10924.2119140625,0.07001964747905731,9.106500625610352,0.26649001240730286,1.140438199043274,3.9208297729492188,1.6156069040298462,2.6226799488067627,5.0191144943237305,0.0009614704758860171,0.38784170150756836,0.8620534539222717,0.0,0.0,0.0,0.0,2495.718505859375,73.03399658203125,186.88592529296875,2352.99658203125,1163.2369384765625,0.0,855.4198608398438,0.05299700051546097,23.2705020904541,76.80896759033203,0.0,0.0,0.0,130.89447021484375,130.89447021484375,157.73585510253906,167.45826721191406,156.7512664794922,0.0,0.0,0.0,157.73585510253906,167.45826721191406,156.7512664794922,0.0,0.0,0.0,29.322397232055664,32.16620635986328,29.03440284729004,0.0,0.0,0.0
86.0,25.539379119873047,23371.447265625,1836.469970703125,10440.8623046875,11094.1142578125,1600.0,17.01355743408203,0.0,11001.9501953125,0.07001964747905731,9.601621627807617,0.28705349564552307,1.140438199043274,3.9208803176879883,1.6156076192855835,2.6226799488067627,5.030221939086914,0.0009614704758860171,0.38784176111221313,0.8620536923408508,0.0,0.0,0.0,0.0,2631.410888671875,78.66959381103516,186.88592529296875,2287.25830078125,1163.2374267578125,0.0,830.5152587890625,0.05141033977270126,23.270505905151367,76.8089828491211,0.0,0.0,0.0,132.57374572753906,132.57374572753906,109.84717559814453,142.53948974609375,130.12210083007812,0.0,0.0,0.0,109.84717559814453,142.53948974609375,130.12210083007812,0.0,0.0,0.0,15.116740226745605,24.679241180419922,21.047157287597656,0.0,0.0,0.0
87.0,26.019378662109375,23508.041015625,1836.469970703125,10540.4189453125,11131.15234375,1600.0,17.633291244506836,0.0,10685.5244140625,0.07001964747905731,10.052854537963867,0.3057875633239746,1.140438199043274,3.9209203720092773,1.6156080961227417,2.6226799488067627,5.0402140617370605,0.0009614704758860171,0.3878418207168579,0.8620538711547852,0.0,0.0,0.0,0.0,2755.075439453125,83.8038330078125,186.88592529296875,2197.088623046875,968.162841796875,0.0,772.2130126953125,0.047764718532562256,23.270509719848633,76.80899810791016,0.0,0.0,0.0,134.1872100830078,134.1872100830078,136.6766357421875,153.75120544433594,118.75658416748047,0.0,0.0,0.0,136.6766357421875,153.75120544433594,118.75658416748047,0.0,0.0,0.0,22.34462547302246,27.338939666748047,17.103012084960938,0.0,0.0,0.0
88.0,26.276256561279297,23539.541015625,1836.469970703125,10571.9189453125,11131.15234375,1600.0,17.647729873657227,0.0,10693.2666015625,0.07001964747905731,10.294376373291016,0.31581413745880127,1.140438199043274,3.9209399223327637,1.6156083345413208,2.6226799488067627,5.045522212982178,0.0009614704758860171,0.3878418505191803,0.8620539307594299,0.0,0.0,0.0,0.0,2821.2666015625,86.55171203613281,186.88592529296875,2273.87353515625,598.602294921875,0.0,999.71337890625,0.061811428517103195,23.270511627197266,76.80900573730469,0.0,0.0,0.0,135.7244110107422,135.7244110107422,115.73653411865234,163.4773712158203,143.18504333496094,0.0,0.0,0.0,115.73653411865234,163.4773712158203,143.18504333496094,0.0,0.0,0.0,16.2052059173584,30.16939926147461,24.23389434814453,0.0,0.0,0.0
89.0,26.390756607055664,23549.5078125,1836.469970703125,10581.8857421875,11131.15234375,1600.0,18.488872528076172,0.0,10222.3798828125,0.07001964747905731,10.401871681213379,0.32028377056121826,1.140438199043274,3.9211246967315674,1.6156084537506104,2.6226799488067627,5.047873020172119,0.0009614704758860171,0.3878418505191803,0.8620539903640747,0.0,0.0,0.0,0.0,2850.7265625,87.77664947509766,186.88592529296875,2204.927978515625,426.21044921875,0.0,891.0819702148438,0.05508493259549141,23.643169403076172,77.07164001464844,0.0,0.0,0.0,137.20042419433594,137.20042419433594,156.6988983154297,143.26394653320312,142.15988159179688,0.0,0.0,0.0,156.6988983154297,143.26394653320312,142.15988159179688,0.0,0.0,0.0,27.34555435180664,23.41583251953125,23.092893600463867,0.0,0.0,0.0
90.0,26.437496185302734,23552.994140625,1836.469970703125,10585.3720703125,11131.15234375,1600.0,18.72063636779785,0.0,10101.8916015625,0.07001964747905731,10.433852195739746,0.32160279154777527,1.1524088382720947,3.9218978881835938,1.6156084537506104,2.6226799488067627,5.048570156097412,0.0009614704758860171,0.3878418505191803,0.8620539903640747,0.0,0.0,0.0,0.0,2859.4912109375,88.13814544677734,188.7523956298828,1837.8331298828125,403.5273132324219,0.0,1156.855224609375,0.07151079177856445,41.24398422241211,89.90731811523438,0.0,0.0,0.0,138.6012420654297,138.6012420654297,146.4754180908203,184.34573364257812,130.29527282714844,0.0,0.0,0.0,146.4754180908203,184.34573364257812,130.29527282714844,0.0,0.0,0.0,24.123422622680664,35.20049285888672,19.390731811523438,0.0,0.0,0.0
91.0,26.475486755371094,23606.90625,1836.469970703125,10639.2841796875,11131.15234375,1600.0,19.036897659301758,0.0,9961.8046875,0.07001964747905731,10.439687728881836,0.32181936502456665,1.18389892578125,3.9222185611724854,1.6156085729599,2.6226799488067627,5.048696517944336,0.0009614704758860171,0.3878418505191803,0.8620539903640747,0.0,0.0,0.0,0.0,2861.090576171875,88.19749450683594,193.650390625,688.0873413085938,395.6172790527344,0.0,2216.0439453125,0.13698288798332214,39.01887130737305,88.2420883178711,0.0,0.0,0.0,139.9769744873047,139.9769744873047,193.53184509277344,208.65658569335938,133.31771850585938,0.0,0.0,0.0,193.53184509277344,208.65658569335938,133.31771850585938,0.0,0.0,0.0,37.5711669921875,41.995155334472656,19.95853614807129,0.0,0.0,0.0
92.0,26.603830337524414,23653.34765625,1836.469970703125,10685.724609375,11131.15234375,2930.02685546875,18.54057502746582,0.0,10244.685546875,0.07001964747905731,10.50751781463623,0.3255346119403839,1.2388404607772827,3.9226834774017334,1.6156085729599,2.6226799488067627,5.0500874519348145,0.0009614704758860171,0.3878418505191803,0.8620539903640747,0.0,0.0,0.0,0.0,2879.68017578125,89.2156982421875,202.1629180908203,654.6598510742188,314.5395812988281,0.0,2481.49951171875,0.38631686568260193,44.63800048828125,92.45127868652344,0.0,0.0,0.0,141.37155151367188,141.37155151367188,198.88656616210938,209.22457885742188,189.99716186523438,0.0,0.0,0.0,198.88656616210938,209.22457885742188,189.99716186523438,0.0,0.0,0.0,39.63374328613281,42.657615661621094,37.03359603881836,0.0,0.0,0.0
93.0,26.876771926879883,23939.404296875,1836.469970703125,10971.78125,11131.15234375,2930.02685546875,18.768800735473633,0.0,10244.685546875,0.07001964747905731,10.724517822265625,0.3367668092250824,1.2788091897964478,3.9230029582977295,1.6156085729599,2.6226799488067627,5.05450963973999,0.0009614704758860171,0.3878418505191803,0.8620539903640747,0.0,0.0,0.0,0.0,2939.150634765625,92.29397583007812,208.3610076904297,761.1028442382812,322.5659484863281,0.0,2302.85546875,0.347229540348053,41.223609924316406,89.89205169677734,0.0,0.0,0.0,142.81207275390625,142.81207275390625,209.9752197265625,206.5836181640625,209.33059692382812,0.0,0.0,0.0,209.9752197265625,206.5836181640625,209.33059692382812,0.0,0.0,0.0,42.64895248413086,41.65690994262695,42.46039962768555,0.0,0.0,0.0
94.0,27.460166931152344,24185.345703125,1836.469970703125,11217.72265625,11131.15234375,2930.02685546875,18.71392059326172,0.0,10379.662109375,0.07001964747905731,11.205766677856445,0.3608236610889435,1.3465557098388672,3.923543930053711,1.6156085729599,2.6226799488067627,5.064312934875488,0.0009614704758860171,0.3878418803215027,0.8620539903640747,0.0,0.0,0.0,0.0,3064.8798828125,98.6885757446289,218.30142211914062,1769.1680908203125,407.1846008300781,0.0,1160.9368896484375,0.07168120890855789,39.44798278808594,88.5611343383789,0.0,0.0,0.0,144.28152465820312,144.28152465820312,120.45819854736328,185.7222137451172,172.40492248535156,0.0,0.0,0.0,120.45819854736328,185.7222137451172,172.40492248535156,0.0,0.0,0.0,16.52010154724121,35.60982894897461,31.714519500732422,0.0,0.0,0.0
95.0,27.95245933532715,24282.486328125,1836.469970703125,11314.8642578125,11131.15234375,2930.02685546875,18.42445945739746,0.0,10583.06640625,0.07001964747905731,11.617871284484863,0.3813669681549072,1.3974006175994873,3.923947334289551,1.6156085729599,2.6226799488067627,5.072709083557129,0.0009614704758860171,0.3878418803215027,0.8620539903640747,0.0,0.0,0.0,0.0,3113.79150390625,102.21297454833984,222.59506225585938,607.2222290039062,704.0291137695312,0.0,2112.51953125,0.13035668432712555,34.90576934814453,85.34334564208984,0.0,0.0,0.0,145.78099060058594,145.78099060058594,156.87167358398438,184.21482849121094,154.1105194091797,0.0,0.0,0.0,156.87167358398438,184.21482849121094,154.1105194091797,0.0,0.0,0.0,27.460506439208984,35.458377838134766,26.652868270874023,0.0,0.0,0.0
96.0,28.210678100585938,24313.22265625,1836.469970703125,11345.6005859375,11131.15234375,2930.02685546875,17.855192184448242,0.0,10929.3798828125,0.07001964747905731,11.833012580871582,0.39207229018211365,1.4252617359161377,3.924063205718994,1.6156085729599,2.6226799488067627,5.077103137969971,0.0009614704758860171,0.3878418803215027,0.8620539903640747,0.0,0.0,0.0,0.0,3149.625732421875,104.35897064208984,225.87583923339844,2008.5418701171875,929.6529541015625,0.0,676.1511840820312,0.04170968011021614,34.90576934814453,85.34334564208984,0.0,0.0,0.0,147.30270385742188,147.30270385742188,134.0931854248047,151.53155517578125,136.76426696777344,0.0,0.0,0.0,134.0931854248047,151.53155517578125,136.76426696777344,0.0,0.0,0.0,21.367063522338867,26.46778678894043,22.148357391357422,0.0,0.0,0.0
97.0,28.547157287597656,24811.357421875,1836.469970703125,11717.3837890625,11257.5029296875,2930.02685546875,17.521818161010742,0.0,11359.064453125,0.07001964747905731,12.082015991210938,0.4043217599391937,1.4953466653823853,3.924109697341919,1.6156085729599,2.6226799488067627,5.082198619842529,0.0009614704758860171,0.3878418803215027,0.8620539903640747,0.0,0.0,0.0,0.0,3203.953125,107.21952819824219,235.93345642089844,2031.83837890625,1144.6695556640625,0.0,683.7642211914062,0.042163413017988205,20.347375869750977,74.61799621582031,0.0,0.0,0.0,148.8406982421875,148.8406982421875,99.28873443603516,137.7183074951172,126.2856674194336,0.0,0.0,0.0,99.28873443603516,137.7183074951172,126.2856674194336,0.0,0.0,0.0,11.520136833190918,22.760787963867188,19.41674041748047,0.0,0.0,0.0
98.0,29.258575439453125,25208.279296875,1836.469970703125,11927.6455078125,11444.1630859375,2930.02685546875,17.677433013916016,0.0,11439.900390625,0.07001964747905731,12.597064018249512,0.430365651845932,1.6519163846969604,3.9241929054260254,1.6156085729599,2.6226799488067627,5.095870494842529,0.0009614704758860171,0.3878418803215027,0.8620539903640747,0.0,0.0,0.0,0.0,3288.60986328125,112.3519515991211,256.9082946777344,2016.763916015625,1136.0845947265625,0.0,653.94189453125,0.04028381034731865,17.855022430419922,72.74987030029297,0.0,0.0,0.0,150.3701934814453,150.3701934814453,88.67997741699219,137.98793029785156,95.63074493408203,0.0,0.0,0.0,88.67997741699219,137.98793029785156,95.63074493408203,0.0,0.0,0.0,8.261459350585938,22.68403434753418,10.29455852508545,0.0,0.0,0.0
99.0,29.707988739013672,25315.134765625,1836.469970703125,11997.95703125,11480.7080078125,2930.02685546875,18.292499542236328,0.0,11110.876953125,0.07001964747905731,12.916587829589844,0.4466089904308319,1.7532150745391846,3.924241065979004,1.6156085729599,2.6226799488067627,5.108170509338379,0.0009614704758860171,0.3878418803215027,0.8620539903640747,0.0,0.0,0.0,0.0,3321.714599609375,114.85289764404297,269.34222412109375,2000.8795166015625,938.8108520507812,0.0,601.8078002929688,0.03703859820961952,14.487005233764648,70.28446960449219,0.0,0.0,0.0,151.83644104003906,151.83644104003906,118.06564331054688,141.0144500732422,123.56807708740234,0.0,0.0,0.0,118.06564331054688,141.0144500732422,123.56807708740234,0.0,0.0,0.0,16.241703033447266,22.954227447509766,17.851163864135742,0.0,0.0,0.0
100.0,29.926069259643555,25338.076171875,1836.469970703125,12020.8974609375,11480.7080078125,2930.02685546875,18.299026489257812,0.0,11118.9326171875,0.07001964747905731,13.043134689331055,0.45292869210243225,1.8326225280761719,3.924266815185547,1.6156085729599,2.6226799488067627,5.113951206207275,0.0009614704758860171,0.3878418803215027,0.8620539903640747,0.0,0.0,0.0,0.0,3407.462158203125,118.32564544677734,283.7884216308594,2026.29345703125,584.8140869140625,0.0,816.760009765625,0.05024639517068863,22.509950637817383,76.23893737792969,0.0,0.0,0.0,153.2364044189453,153.2364044189453,116.91356658935547,146.38853454589844,123.73258972167969,0.0,0.0,0.0,116.91356658935547,146.38853454589844,123.73258972167969,0.0,0.0,0.0,15.898192405700684,24.51961898803711,17.89275550842285,0.0,0.0,0.0
101.0,30.05351448059082,25441.212890625,1836.469970703125,12124.0361328125,11480.7080078125,2930.02685546875,19.242082595825195,0.0,10629.302734375,0.07001964747905731,13.07375717163086,0.454401433467865,1.926314115524292,3.9243710041046143,1.6156085729599,2.6226799488067627,5.115506172180176,0.0009614704758860171,0.3878418803215027,0.8620539903640747,0.0,0.0,0.0,0.0,3367.001220703125,117.02604675292969,294.9102478027344,2008.3978271484375,413.5615234375,0.0,713.1572875976562,0.043867748230695724,18.077234268188477,72.91642761230469,0.0,0.0,0.0,154.58322143554688,154.58322143554688,120.6949234008789,143.36236572265625,107.58086395263672,0.0,0.0,0.0,120.6949234008789,143.36236572265625,107.58086395263672,0.0,0.0,0.0,16.061182022094727,22.691410064697266,12.225319862365723,0.0,0.0,0.0
102.0,30.3117618560791,25528.17578125,1836.469970703125,12210.998046875,11480.7080078125,2930.02685546875,19.546911239624023,0.0,10504.0078125,0.07001964747905731,13.121047973632812,0.45689141750335693,2.1311373710632324,3.925522565841675,1.6156085729599,2.6226799488067627,5.117996692657471,0.0009614704758860171,0.3878418803215027,0.8620539903640747,0.0,0.0,0.0,0.0,3350.680908203125,116.6749267578125,323.1170654296875,1997.462158203125,389.9748229980469,0.0,653.9067993164062,0.040215834975242615,16.116477966308594,71.4467544555664,0.0,0.0,0.0,155.85813903808594,155.85813903808594,127.69688415527344,142.89572143554688,108.17689514160156,0.0,0.0,0.0,127.69688415527344,142.89572143554688,108.17689514160156,0.0,0.0,0.0,17.804428100585938,22.25008773803711,12.094831466674805,0.0,0.0,0.0
103.0,30.494169235229492,25578.60546875,1836.469970703125,12261.427734375,11480.7080078125,2930.02685546875,19.870824813842773,0.0,10358.34375,0.07001964747905731,13.14632797241211,0.45822107791900635,2.2845170497894287,3.9265856742858887,1.6156085729599,2.6226799488067627,5.119352340698242,0.0009614704758860171,0.3878418803215027,0.8620539903640747,0.0,0.0,0.0,0.0,3327.46240234375,115.98017120361328,343.4367980957031,1948.5048828125,380.7268371582031,0.0,583.6769409179688,0.03589304909110069,34.90576934814453,85.34334564208984,0.0,0.0,0.0,157.0894012451172,157.0894012451172,150.15036010742188,167.62432861328125,150.40451049804688,0.0,0.0,0.0,150.15036010742188,167.62432861328125,150.40451049804688,0.0,0.0,0.0,24.04815673828125,29.159290313720703,24.122493743896484,0.0,0.0,0.0
104.0,30.63037109375,27119.361328125,3348.77001953125,12289.884765625,11480.7080078125,2930.02685546875,20.47658348083496,0.0,10652.4921875,0.07001964747905731,13.21446704864502,0.46272116899490356,2.34592342376709,3.9270288944244385,1.6156085729599,2.6226799488067627,5.121065139770508,0.0009614704758860171,0.3878418803215027,0.8620539903640747,0.0,0.0,0.0,0.0,3394.660400390625,118.86829376220703,355.6239929199219,545.8858032226562,304.824462890625,0.0,2176.55859375,0.3061657249927521,34.90576934814453,85.34334564208984,0.0,0.0,0.0,158.31788635253906,158.31788635253906,177.4749755859375,191.70944213867188,178.35389709472656,0.0,0.0,0.0,177.4749755859375,191.70944213867188,178.35389709472656,0.0,0.0,0.0,31.434844970703125,35.59843063354492,31.691932678222656,0.0,0.0,0.0
105.0,30.878679275512695,27387.662109375,3348.77001953125,12558.18359375,11480.7080078125,2930.02685546875,20.682889938354492,0.0,10652.4921875,0.07001964747905731,13.407676696777344,0.47471103072166443,2.3845431804656982,3.927316188812256,1.6156085729599,2.6226799488067627,5.1252665519714355,0.0009614704758860171,0.3878418803215027,0.8620539903640747,0.0,0.0,0.0,0.0,3418.870849609375,121.0482406616211,359.6000061035156,1681.068603515625,311.5094299316406,0.0,1003.3046264648438,0.06167164817452431,34.90576934814453,85.34334564208984,0.0,0.0,0.0,159.58212280273438,159.58212280273438,112.98625183105469,174.78871154785156,165.80621337890625,0.0,0.0,0.0,112.98625183105469,174.78871154785156,165.80621337890625,0.0,0.0,0.0,12.365589141845703,30.442808151245117,27.815427780151367,0.0,0.0,0.0
106.0,31.358476638793945,27519.857421875,3348.77001953125,12690.37890625,11480.7080078125,2930.02685546875,20.510128021240234,0.0,10792.8359375,0.07001964747905731,13.789965629577637,0.4977104663848877,2.45029878616333,3.9278111457824707,1.6156085729599,2.6226799488067627,5.133525371551514,0.0009614704758860171,0.3878418803215027,0.8620539903640747,0.0,0.0,0.0,0.0,3476.469970703125,125.47351837158203,366.62652587890625,1668.702392578125,391.5215759277344,0.0,959.8543701171875,0.05896572023630142,34.90576934814453,85.34334564208984,0.0,0.0,0.0,160.8705596923828,160.8705596923828,112.0813217163086,170.31881713867188,129.7774658203125,0.0,0.0,0.0,112.0813217163086,170.31881713867188,129.7774658203125,0.0,0.0,0.0,12.273659706115723,29.308124542236328,17.44978141784668,0.0,0.0,0.0
107.0,31.64971160888672,27561.68359375,3348.77001953125,12732.2060546875,11480.7080078125,2930.02685546875,20.141401290893555,0.0,11004.34375,0.07001964747905731,14.025126457214355,0.5118431448936462,2.486902952194214,3.9280879497528076,1.6156085729599,2.6226799488067627,5.13858699798584,0.0009614704758860171,0.3878418803215027,0.8620539903640747,0.0,0.0,0.0,0.0,3486.7900390625,127.24945068359375,368.795654296875,1917.1444091796875,679.272216796875,0.0,550.5673217773438,0.033810093998909,34.90576934814453,85.34334564208984,0.0,0.0,0.0,162.1925048828125,162.1925048828125,146.5366668701172,158.00242614746094,149.48341369628906,0.0,0.0,0.0,146.5366668701172,158.00242614746094,149.48341369628906,0.0,0.0,0.0,22.72057342529297,26.074310302734375,23.582496643066406,0.0,0.0,0.0
108.0,31.78597640991211,27574.91796875,3348.77001953125,12745.44140625,11480.7080078125,2930.02685546875,19.49010467529297,0.14964249730110168,11371.3857421875,0.07001964747905731,14.112167358398438,0.5169773697853088,2.52506685256958,3.928184747695923,1.6156085729599,2.6226799488067627,5.144413948059082,0.0009614704758860171,0.3878418803215027,0.8620539903640747,0.0,0.0,0.0,0.0,3512.119873046875,128.66107177734375,374.60430908203125,1916.1046142578125,900.4036254882812,0.0,543.799072265625,0.03338027372956276,34.90576934814453,85.34334564208984,0.0,0.0,0.0,163.55123901367188,163.55123901367188,145.04612731933594,156.5061492919922,146.0032958984375,0.0,0.0,0.0,145.04612731933594,156.5061492919922,146.0032958984375,0.0,0.0,0.0,22.786245346069336,26.1382999420166,23.06621551513672,0.0,0.0,0.0
109.0,31.874343872070312,27794.091796875,3348.77001953125,12831.0966796875,11614.2255859375,2930.02685546875,18.88969612121582,0.0,11818.4462890625,0.07001964747905731,14.132648468017578,0.5181317925453186,2.5871829986572266,3.9282066822052,1.6156085729599,2.6226799488067627,5.149009704589844,0.0009614704758860171,0.3878418803215027,0.8620539903640747,0.0,0.0,0.0,0.0,3539.396484375,129.76150512695312,385.1089782714844,1970.56103515625,1113.9114990234375,0.0,577.53759765625,0.035439345985651016,12.537371635437012,66.85836791992188,0.0,0.0,0.0,164.94850158691406,164.94850158691406,100.00874328613281,139.22048950195312,128.58929443359375,0.0,0.0,0.0,100.00874328613281,139.22048950195312,128.58929443359375,0.0,0.0,0.0,10.362859725952148,21.832298278808594,18.72266960144043,0.0,0.0,0.0
110.0,32.0806770324707,28059.25390625,3348.77001953125,12901.400390625,11809.083984375,2930.02685546875,18.935720443725586,0.0,11902.5498046875,0.07001964747905731,14.171050071716309,0.5205175876617432,2.740919351577759,3.92824649810791,1.6156085729599,2.6226799488067627,5.160778045654297,0.0009614704758860171,0.3878418803215027,0.8620539903640747,0.0,0.0,0.0,0.0,3551.457763671875,130.44879150390625,407.3209228515625,1971.0078125,1114.2542724609375,0.0,593.077880859375,0.03636207804083824,13.7023286819458,69.64677429199219,0.0,0.0,0.0,166.35447692871094,166.35447692871094,113.32164001464844,138.93177795410156,123.60050964355469,0.0,0.0,0.0,113.32164001464844,138.93177795410156,123.60050964355469,0.0,0.0,0.0,14.210858345031738,21.70182228088379,17.21742820739746,0.0,0.0,0.0
111.0,32.2212028503418,28121.26953125,3348.77001953125,12925.26171875,11847.23828125,2930.02685546875,19.5552978515625,0.0,11560.2265625,0.07001964747905731,14.194397926330566,0.521981418132782,2.847137451171875,3.9282703399658203,1.6156085729599,2.6226799488067627,5.1702494621276855,0.0009614704758860171,0.3878418803215027,0.8620539903640747,0.0,0.0,0.0,0.0,3535.217529296875,130.0032501220703,420.7655029296875,1963.7232666015625,924.6864013671875,0.0,565.6815185546875,0.034658681601285934,12.327329635620117,66.57090759277344,0.0,0.0,0.0,167.71517944335938,167.71517944335938,130.79615783691406,144.59866333007812,128.7857208251953,0.0,0.0,0.0,130.79615783691406,144.59866333007812,128.7857208251953,0.0,0.0,0.0,18.702577590942383,22.739810943603516,18.114524841308594,0.0,0.0,0.0
112.0,32.291568756103516,28129.11328125,3348.77001953125,12933.10546875,11847.23828125,2930.02685546875,19.549663543701172,0.0,11568.5966796875,0.07001964747905731,14.202372550964355,0.5224778056144714,2.9052693843841553,3.9282784461975098,1.6156085729599,2.6226799488067627,5.174004077911377,0.0009614704758860171,0.3878418803215027,0.8620539903640747,0.0,0.0,0.0,0.0,3599.11474609375,132.4044647216797,433.64898681640625,1993.39501953125,576.3779296875,0.0,791.7118530273438,0.048494137823581696,21.299135208129883,75.33137512207031,0.0,0.0,0.0,169.03097534179688,169.03097534179688,117.9251480102539,150.25721740722656,126.19891357421875,0.0,0.0,0.0,117.9251480102539,150.25721740722656,126.19891357421875,0.0,0.0,0.0,14.943442344665527,24.40057373046875,17.3635196685791,0.0,0.0,0.0
113.0,32.35212707519531,28215.654296875,3348.77001953125,13019.646484375,11847.23828125,2930.02685546875,20.53769874572754,0.0,11059.1689453125,0.07001964747905731,14.20385456085205,0.5225691795349121,2.963336944580078,3.9284181594848633,1.6156085729599,2.6226799488067627,5.174782752990723,0.0009614704758860171,0.3878418803215027,0.8620539903640747,0.0,0.0,0.0,0.0,3551.815673828125,130.67364501953125,438.15057373046875,1976.0108642578125,407.8244323730469,0.0,685.7262573242188,0.04199990630149841,16.74777603149414,71.91993713378906,0.0,0.0,0.0,170.31201171875,170.31201171875,126.98250579833984,147.57138061523438,127.63622283935547,0.0,0.0,0.0,126.98250579833984,147.57138061523438,127.63622283935547,0.0,0.0,0.0,16.604684829711914,22.626930236816406,16.795894622802734,0.0,0.0,0.0
114.0,32.55825424194336,28290.978515625,3348.77001953125,13094.9697265625,11847.23828125,2930.02685546875,20.847524642944336,0.0,10928.8095703125,0.07001964747905731,14.20791244506836,0.5228243470191956,3.160893201828003,3.9304864406585693,1.6156085729599,2.6226799488067627,5.176971435546875,0.0009614704758860171,0.3878418803215027,0.8620539903640747,0.0,0.0,0.0,0.0,3529.549560546875,129.88075256347656,464.3369445800781,1964.336669921875,384.9298400878906,0.0,631.1784057617188,0.03865281865000725,14.989031791687012,70.6382827758789,0.0,0.0,0.0,171.53781127929688,171.53781127929688,93.85453796386719,143.0398712158203,121.65328216552734,0.0,0.0,0.0,93.85453796386719,143.0398712158203,121.65328216552734,0.0,0.0,0.0,6.604928970336914,20.991640090942383,14.736061096191406,0.0,0.0,0.0
115.0,32.70463562011719,28316.177734375,3348.77001953125,13120.1689453125,11847.23828125,2930.02685546875,21.170181274414062,0.45379260182380676,10777.255859375,0.07001964747905731,14.21046257019043,0.5229842662811279,3.300274610519409,3.933380365371704,1.6156085729599,2.6226799488067627,5.178369045257568,0.0009614704758860171,0.3878418803215027,0.8620539903640747,0.0,0.0,0.0,0.0,3503.4736328125,128.93751525878906,481.7463073730469,1906.5224609375,376.0497741699219,0.0,569.5895385742188,0.03487764671444893,34.90576934814453,85.34334564208984,0.0,0.0,0.0,172.72970581054688,172.72970581054688,156.14158630371094,165.5418701171875,157.0079803466797,0.0,0.0,0.0,156.14158630371094,165.5418701171875,157.0079803466797,0.0,0.0,0.0,24.047439575195312,26.797025680541992,24.300861358642578,0.0,0.0,0.0
116.0,32.77812194824219,28324.54296875,3348.77001953125,13128.53515625,11847.23828125,2930.02685546875,20.581218719482422,0.0,11083.298828125,0.07001964747905731,14.247542381286621,0.5261005163192749,3.3316428661346436,3.93422269821167,1.6156085729599,2.6226799488067627,5.17944860458374,0.0009614704758860171,0.3878418803215027,0.8620539903640747,0.0,0.0,0.0,0.0,3567.484619140625,131.73187255859375,490.9338073730469,625.1626586914062,301.1459045410156,0.0,2054.717041015625,0.12580671906471252,34.90576934814453,85.34334564208984,0.0,0.0,0.0,173.92576599121094,173.92576599121094,149.9203643798828,190.67274475097656,133.7706298828125,0.0,0.0,0.0,149.9203643798828,190.67274475097656,133.7706298828125,0.0,0.0,0.0,23.270488739013672,35.1905632019043,18.546689987182617,0.0,0.0,0.0
117.0,32.99619674682617,28602.46875,3348.77001953125,13406.4599609375,11847.23828125,2930.02685546875,20.786699295043945,0.0,11083.298828125,0.07001964747905731,14.428956031799316,0.5398807525634766,3.349726438522339,3.934983015060425,1.6156085729599,2.6226799488067627,5.183485507965088,0.0009614704758860171,0.3878418803215027,0.8620539903640747,0.0,0.0,0.0,0.0,3590.93603515625,134.36019897460938,491.6901550292969,454.2846374511719,307.9535217285156,0.0,2190.561767578125,0.27529826760292053,34.90576934814453,85.34334564208984,0.0,0.0,0.0,175.1656494140625,175.1656494140625,171.97621154785156,192.8700714111328,164.9175567626953,0.0,0.0,0.0,171.97621154785156,192.8700714111328,164.9175567626953,0.0,0.0,0.0,29.516345977783203,35.62779998779297,27.451688766479492,0.0,0.0,0.0
118.0,33.48387145996094,28741.2421875,3348.77001953125,13545.2353515625,11847.23828125,2930.02685546875,20.613035202026367,0.0,11229.3232421875,0.07001964747905731,14.8382568359375,0.570507287979126,3.3852925300598145,3.938105344772339,1.6156085729599,2.6226799488067627,5.192543029785156,0.0009614704758860171,0.3878418803215027,0.8620539903640747,0.0,0.0,0.0,0.0,3655.01123046875,140.52935791015625,493.77764892578125,434.3599548339844,387.282958984375,0.0,2155.923095703125,0.26730218529701233,34.90576934814453,85.34334564208984,0.0,0.0,0.0,176.434814453125,176.434814453125,178.23876953125,191.10113525390625,170.8694610595703,0.0,0.0,0.0,178.23876953125,191.10113525390625,170.8694610595703,0.0,0.0,0.0,31.521806716918945,35.28404998779297,29.366281509399414,0.0,0.0,0.0
119.0,33.78615188598633,28786.22265625,3348.77001953125,13590.2158203125,11847.23828125,2930.02685546875,20.242738723754883,0.0,11449.37109375,0.07001964747905731,15.093074798583984,0.5895605683326721,3.4052584171295166,3.940932273864746,1.6156085729599,2.6226799488067627,5.198162078857422,0.0009614704758860171,0.3878418803215027,0.8620539903640747,0.0,0.0,0.0,0.0,3672.689208984375,143.46133422851562,493.06878662109375,1879.0482177734375,672.5156860351562,0.0,553.2440185546875,0.03382876515388489,34.90576934814453,85.34334564208984,0.0,0.0,0.0,177.74542236328125,177.74542236328125,151.69424438476562,169.9889373779297,145.82443237304688,0.0,0.0,0.0,151.69424438476562,169.9889373779297,145.82443237304688,0.0,0.0,0.0,24.12782859802246,29.479028701782227,22.410907745361328,0.0,0.0,0.0
120.0,33.929237365722656,28800.87109375,3348.77001953125,13604.86328125,11847.23828125,2930.02685546875,19.728214263916016,0.0,11748.9443359375,0.07001964747905731,15.180136680603027,0.5959582924842834,3.448227882385254,3.942915439605713,1.6156085729599,2.6226799488067627,5.202834606170654,0.0009614704758860171,0.3878418803215027,0.8620539903640747,0.0,0.0,0.0,0.0,3689.8857421875,144.86154174804688,498.92132568359375,1868.1094970703125,890.569091796875,0.0,522.1155395507812,0.03191462904214859,34.90576934814453,85.34334564208984,0.0,0.0,0.0,179.0979461669922,179.0979461669922,122.76592254638672,150.63504028320312,139.50442504882812,0.0,0.0,0.0,122.76592254638672,150.63504028320312,139.50442504882812,0.0,0.0,0.0,16.180818557739258,24.33253288269043,21.07682991027832,0.0,0.0,0.0
121.0,34.05325698852539,29071.83984375,3348.77001953125,13778.9765625,11944.09375,2930.02685546875,19.147056579589844,0.0,12210.853515625,0.07001964747905731,15.197807312011719,0.5972051024436951,3.5494799613952637,3.943532943725586,1.6156085729599,2.6226799488067627,5.206067085266113,0.0009614704758860171,0.3878418803215027,0.8620539903640747,0.0,0.0,0.0,0.0,3719.287109375,146.1511688232422,515.4475708007812,1929.906005859375,1101.9498291015625,0.0,556.2373046875,0.033992424607276917,11.635255813598633,63.84242630004883,0.0,0.0,0.0,180.4832000732422,180.4832000732422,121.62989044189453,130.34259033203125,123.73273468017578,0.0,0.0,0.0,121.62989044189453,130.34259033203125,123.73273468017578,0.0,0.0,0.0,16.4296875,18.9781494140625,17.044767379760742,0.0,0.0,0.0
122.0,34.46409225463867,29404.2109375,3348.77001953125,13926.6787109375,12128.7607421875,2930.02685546875,19.229372024536133,0.0,12297.75,0.07001964747905731,15.24555778503418,0.6008521318435669,3.8968818187713623,3.945343494415283,1.6156085729599,2.6226799488067627,5.216290473937988,0.0009614704758860171,0.3878418803215027,0.8620539903640747,0.0,0.0,0.0,0.0,3727.387451171875,146.90237426757812,563.8949584960938,1923.3203125,1101.430419921875,0.0,560.9920043945312,0.03425804525613785,11.822778701782227,65.84647369384766,0.0,0.0,0.0,181.87460327148438,181.87460327148438,121.7265853881836,136.77426147460938,124.6607666015625,0.0,0.0,0.0,121.7265853881836,136.77426147460938,124.6607666015625,0.0,0.0,0.0,16.375654220581055,20.777095794677734,17.23390007019043,0.0,0.0,0.0
123.0,34.74986267089844,29486.990234375,3348.77001953125,13973.4130859375,12164.8076171875,2930.02685546875,19.871171951293945,0.0,11944.0556640625,0.07001964747905731,15.275433540344238,0.6031443476676941,4.142317295074463,3.946531295776367,1.6156085729599,2.6226799488067627,5.223269939422607,0.0009614704758860171,0.3878418803215027,0.8620539903640747,0.0,0.0,0.0,0.0,3697.248779296875,145.984375,595.1179809570312,1907.4368896484375,912.5066528320312,0.0,528.9169921875,0.03228329122066498,11.635255813598633,63.15656280517578,0.0,0.0,0.0,183.2284393310547,183.2284393310547,133.34080505371094,143.29074096679688,124.28729248046875,0.0,0.0,0.0,133.34080505371094,143.29074096679688,124.28729248046875,0.0,0.0,0.0,19.131011962890625,22.041370391845703,16.482860565185547,0.0,0.0,0.0
124.0,34.88957214355469,29501.77734375,3348.77001953125,13988.2001953125,12164.8076171875,2930.02685546875,19.86972427368164,0.0,11952.7099609375,0.07001964747905731,15.289022445678711,0.6041881442070007,4.263462066650391,3.9470903873443604,1.6156085729599,2.6226799488067627,5.226643085479736,0.0009614704758860171,0.3878418803215027,0.8620539903640747,0.0,0.0,0.0,0.0,3763.331787109375,148.718505859375,617.3740844726562,1946.15380859375,568.541259765625,0.0,729.5111083984375,0.044516194611787796,19.15370750427246,73.7232894897461,0.0,0.0,0.0,184.54176330566406,184.54176330566406,117.38685607910156,150.24346923828125,128.8809356689453,0.0,0.0,0.0,117.38685607910156,150.24346923828125,128.8809356689453,0.0,0.0,0.0,14.465932846069336,24.07649040222168,17.827951431274414,0.0,0.0,0.0
125.0,34.949371337890625,29506.45703125,3348.77001953125,13992.87890625,12164.8076171875,2930.02685546875,20.814346313476562,0.0,11426.3623046875,0.07001964747905731,15.294499397277832,0.6046097278594971,4.3153462409973145,3.9476850032806396,1.6156085729599,2.6226799488067627,5.2280659675598145,0.0009614704758860171,0.3878418803215027,0.8620539903640747,0.0,0.0,0.0,0.0,3713.68505859375,146.806396484375,619.1039428710938,1918.2110595703125,402.2630310058594,0.0,626.2814331054688,0.038213055580854416,14.236403465270996,70.10785675048828,0.0,0.0,0.0,185.82373046875,185.82373046875,128.04925537109375,143.0820770263672,108.66510009765625,0.0,0.0,0.0,128.04925537109375,143.0820770263672,108.66510009765625,0.0,0.0,0.0,16.64006233215332,21.03716278076172,10.970196723937988,0.0,0.0,0.0
126.0,34.973228454589844,29508.62109375,3348.77001953125,13995.04296875,12164.8076171875,2930.02685546875,21.0738582611084,0.0,11291.6806640625,0.07001964747905731,15.29640007019043,0.6047595739364624,4.334290981292725,3.95003342628479,1.6156085729599,2.6226799488067627,5.228578090667725,0.0009614704758860171,0.3878418803215027,0.8620539903640747,0.0,0.0,0.0,0.0,3688.60302734375,145.8328857421875,619.8673095703125,1914.5516357421875,379.6710510253906,0.0,589.9428100585938,0.035994525998830795,12.389318466186523,67.89334106445312,0.0,0.0,0.0,187.0512237548828,187.0512237548828,110.3921890258789,136.7517547607422,119.621337890625,0.0,0.0,0.0,110.3921890258789,136.7517547607422,119.621337890625,0.0,0.0,0.0,11.21585750579834,18.926029205322266,13.915383338928223,0.0,0.0,0.0
127.0,34.98484802246094,29510.4921875,3348.77001953125,13996.9140625,12164.8076171875,2930.02685546875,21.382631301879883,0.0,11135.0927734375,0.07001964747905731,15.29722785949707,0.6048221588134766,4.342779159545898,3.9520466327667236,1.6156085729599,2.6226799488067627,5.228806972503662,0.0009614704758860171,0.3878418803215027,0.8620539903640747,0.0,0.0,0.0,0.0,3666.34033203125,144.95985412597656,618.636962890625,1844.956298828125,371.1899719238281,0.0,546.7890014648438,0.03336101397871971,34.31450653076172,84.9001693725586,0.0,0.0,0.0,188.2434539794922,188.2434539794922,119.24889373779297,154.27940368652344,141.1764678955078,0.0,0.0,0.0,119.24889373779297,154.27940368652344,141.1764678955078,0.0,0.0,0.0,13.49767017364502,23.744094848632812,19.911483764648438,0.0,0.0,0.0
128.0,34.99049758911133,29511.083984375,3348.77001953125,13997.505859375,12164.8076171875,2955.906982421875,20.781124114990234,0.0,11451.2998046875,0.07001964747905731,15.297423362731934,0.6048367619514465,4.344829559326172,3.9526638984680176,1.6156085729599,2.6226799488067627,5.231578826904297,0.0009614704758860171,0.3878418803215027,0.8620539903640747,0.0,0.0,0.0,0.0,3734.300537109375,147.64854431152344,625.1312255859375,560.6677856445312,297.5953674316406,0.0,2038.06787109375,0.25977015495300293,34.90576934814453,85.34334564208984,0.0,0.0,0.0,189.434326171875,189.434326171875,176.5074462890625,185.395263671875,179.25840759277344,0.0,0.0,0.0,176.5074462890625,185.395263671875,179.25840759277344,0.0,0.0,0.0,30.847301483154297,33.446990966796875,31.651962280273438,0.0,0.0,0.0
129.0,35.00080108642578,29522.94921875,3348.77001953125,14009.3720703125,12164.8076171875,2955.906982421875,20.792890548706055,0.0,11451.2998046875,0.07001964747905731,15.297515869140625,0.6048433780670166,4.345803260803223,3.9532666206359863,1.6156085729599,2.6226799488067627,5.240206718444824,0.0009614704758860171,0.3878418803215027,0.8620539903640747,0.0,0.0,0.0,0.0,3732.617431640625,147.5827178955078,625.0699462890625,1625.990234375,305.1248474121094,0.0,965.992919921875,0.05888950824737549,34.90576934814453,85.34334564208984,0.0,0.0,0.0,190.66856384277344,190.66856384277344,141.64259338378906,174.72030639648438,161.1555633544922,0.0,0.0,0.0,141.64259338378906,174.72030639648438,161.1555633544922,0.0,0.0,0.0,20.637569427490234,30.312801361083984,26.345111846923828,0.0,0.0,0.0
130.0,35.02190399169922,29529.73046875,3348.77001953125,14016.15234375,12164.8076171875,2955.906982421875,20.523868560791016,0.0,11602.169921875,0.07001964747905731,15.297664642333984,0.6048537492752075,4.347375869750977,3.9563164710998535,1.6156085729599,2.6226799488067627,5.256526947021484,0.0009614704758860171,0.3878418803215027,0.8620539903640747,0.0,0.0,0.0,0.0,3740.423828125,147.89247131347656,626.1699829101562,1649.88037109375,385.93048095703125,0.0,952.43798828125,0.0579957440495491,34.90576934814453,85.34334564208984,0.0,0.0,0.0,191.93495178222656,191.93495178222656,157.58856201171875,171.5148162841797,128.34783935546875,0.0,0.0,0.0,157.58856201171875,171.5148162841797,128.34783935546875,0.0,0.0,0.0,25.570789337158203,29.644214630126953,17.01787757873535,0.0,0.0,0.0
131.0,35.03807067871094,29533.42578125,3348.77001953125,14019.8486328125,12164.8076171875,2955.906982421875,20.125566482543945,0.0,11829.533203125,0.07001964747905731,15.297760963439941,0.6048604846000671,4.348397731781006,3.9595894813537598,1.6156085729599,2.6226799488067627,5.26829719543457,0.0009614704758860171,0.3878418803215027,0.8620539903640747,0.0,0.0,0.0,0.0,3723.593994140625,147.2277374267578,624.784423828125,1882.461181640625,672.55126953125,0.0,603.9771728515625,0.036746546626091,34.90576934814453,85.34334564208984,0.0,0.0,0.0,193.24267578125,193.24267578125,145.63473510742188,160.30615234375,162.61361694335938,0.0,0.0,0.0,145.63473510742188,160.30615234375,162.61361694335938,0.0,0.0,0.0,22.47259521484375,26.763986587524414,27.43891716003418,0.0,0.0,0.0
132.0,35.04708480834961,29534.802734375,3348.77001953125,14021.2255859375,12164.8076171875,2955.906982421875,19.665693283081055,0.0,12102.0029296875,0.07001964747905731,15.2977933883667,0.6048627495765686,4.3487420082092285,3.961334705352783,1.6156085729599,2.6226799488067627,5.2751874923706055,0.0009614704758860171,0.3878418803215027,0.8620539903640747,0.0,0.0,0.0,0.0,3717.42236328125,146.9839630126953,625.1895141601562,1882.9410400390625,890.4297485351562,0.0,573.8142700195312,0.034894321113824844,34.90576934814453,85.34334564208984,0.0,0.0,0.0,194.58921813964844,194.58921813964844,138.10914611816406,152.57920837402344,143.76976013183594,0.0,0.0,0.0,138.10914611816406,152.57920837402344,143.76976013183594,0.0,0.0,0.0,20.731233596801758,24.963726043701172,22.386960983276367,0.0,0.0,0.0
133.0,35.05614471435547,29621.89453125,3348.77001953125,14028.25390625,12244.87109375,2955.906982421875,18.96320915222168,0.0,12577.791015625,0.07001964747905731,15.297805786132812,0.6048635840415955,4.348872661590576,3.9622201919555664,1.6156085729599,2.6226799488067627,5.283217430114746,0.0009614704758860171,0.3878418803215027,0.8620539903640747,0.0,0.0,0.0,0.0,3756.460205078125,148.52757263183594,628.68310546875,1931.2720947265625,1103.5970458984375,0.0,620.2526245117188,0.037696897983551025,15.985173225402832,71.34833526611328,0.0,0.0,0.0,195.971435546875,195.971435546875,123.6073989868164,137.3211212158203,110.94540405273438,0.0,0.0,0.0,123.6073989868164,137.3211212158203,110.94540405273438,0.0,0.0,0.0,17.19195556640625,21.203218460083008,13.488322257995605,0.0,0.0,0.0
134.0,35.072261810302734,29810.07421875,3348.77001953125,14036.044921875,12425.2587890625,2955.906982421875,18.94883155822754,0.0,12667.2998046875,0.07001964747905731,15.297821998596191,0.6048646569252014,4.349037170410156,3.9634177684783936,1.6156085729599,2.6226799488067627,5.297954082489014,0.0009614704758860171,0.3878418803215027,0.8620539903640747,0.0,0.0,0.0,0.0,3768.3759765625,148.9988250732422,629.9463500976562,1939.4278564453125,1105.214599609375,0.0,653.1015625,0.039652131497859955,17.48320770263672,72.47117614746094,0.0,0.0,0.0,197.36744689941406,197.36744689941406,97.7530746459961,138.705810546875,103.50953674316406,0.0,0.0,0.0,97.7530746459961,138.705810546875,103.50953674316406,0.0,0.0,0.0,9.643942832946777,21.62261962890625,11.327709197998047,0.0,0.0,0.0
135.0,35.08759689331055,29848.48828125,3348.77001953125,14039.318359375,12460.3994140625,2955.906982421875,19.552093505859375,0.0,12302.974609375,0.07001964747905731,15.297833442687988,0.6048654913902283,4.3491668701171875,3.9644038677215576,1.6156085729599,2.6226799488067627,5.312161922454834,0.0009614704758860171,0.3878418803215027,0.8620539903640747,0.0,0.0,0.0,0.0,3748.36865234375,148.2078399658203,627.6447143554688,1931.325439453125,917.6007690429688,0.0,627.8737182617188,0.03808221593499184,15.930611610412598,71.30743408203125,0.0,0.0,0.0,198.72740173339844,198.72740173339844,122.01614379882812,146.0257110595703,133.93048095703125,0.0,0.0,0.0,122.01614379882812,146.0257110595703,133.93048095703125,0.0,0.0,0.0,16.13762855529785,23.16042709350586,19.622570037841797,0.0,0.0,0.0
136.0,35.096397399902344,29850.25390625,3348.77001953125,14041.0849609375,12460.3994140625,2955.906982421875,19.54193115234375,0.0,12311.8955078125,0.07001964747905731,15.297840118408203,0.6048659086227417,4.34922981262207,3.9648919105529785,1.6156085729599,2.6226799488067627,5.320403575897217,0.0009614704758860171,0.3878418803215027,0.8620539903640747,0.0,0.0,0.0,0.0,3809.726806640625,150.63394165039062,633.7985229492188,1978.178955078125,571.623291015625,0.0,848.8900146484375,0.05145744979381561,23.270511627197266,76.80901336669922,0.0,0.0,0.0,200.05105590820312,200.05105590820312,115.44847106933594,151.5038299560547,131.50552368164062,0.0,0.0,0.0,115.44847106933594,151.5038299560547,131.50552368164062,0.0,0.0,0.0,14.226746559143066,24.772937774658203,18.923433303833008,0.0,0.0,0.0
137.0,35.101375579833984,29850.9453125,3348.77001953125,14041.77734375,12460.3994140625,2955.906982421875,20.469327926635742,0.0,11769.73046875,0.07001964747905731,15.297842979431152,0.6048661470413208,4.349259853363037,3.965433120727539,1.6156085729599,2.6226799488067627,5.3248090744018555,0.0009614704758860171,0.3878418803215027,0.8620539903640747,0.0,0.0,0.0,0.0,3759.447021484375,148.64593505859375,628.2781372070312,1951.16943359375,404.49517822265625,0.0,740.45556640625,0.0448705293238163,19.772428512573242,74.18704223632812,0.0,0.0,0.0,201.3472442626953,201.3472442626953,126.99651336669922,146.40469360351562,132.4998779296875,0.0,0.0,0.0,126.99651336669922,146.40469360351562,132.4998779296875,0.0,0.0,0.0,16.677152633666992,22.354042053222656,18.28688621520996,0.0,0.0,0.0
138.0,35.10368347167969,29852.0390625,3348.77001953125,14042.87109375,12460.3994140625,2955.906982421875,20.724061965942383,0.0,11631.001953125,0.07001964747905731,15.297842979431152,0.6048661470413208,4.349264621734619,3.9663474559783936,1.6156085729599,2.6226799488067627,5.326194763183594,0.0009614704758860171,0.3878418803215027,0.8620539903640747,0.0,0.0,0.0,0.0,3742.5,147.97586059570312,626.435791015625,1941.6829833984375,382.1683044433594,0.0,700.2395629882812,0.04242955148220062,17.943180084228516,72.81594848632812,0.0,0.0,0.0,202.5940399169922,202.5940399169922,133.04322814941406,141.50857543945312,125.26780700683594,0.0,0.0,0.0,133.04322814941406,141.50857543945312,125.26780700683594,0.0,0.0,0.0,18.191085815429688,20.66719627380371,15.91677188873291,0.0,0.0,0.0
139.0,35.11043167114258,29857.71875,3348.77001953125,14048.5498046875,12460.3994140625,2955.906982421875,21.030765533447266,0.0,11469.701171875,0.07001964747905731,15.297843933105469,0.6048662066459656,4.349270343780518,3.9683661460876465,1.6156085729599,2.6226799488067627,5.330921173095703,0.0009614704758860171,0.3878418803215027,0.8620539903640747,0.0,0.0,0.0,0.0,3719.728271484375,147.0754852294922,623.991455078125,1894.0699462890625,373.62420654296875,0.0,643.1578979492188,0.038957417011260986,34.90576934814453,85.34334564208984,0.0,0.0,0.0,203.81405639648438,203.81405639648438,153.13699340820312,157.41458129882812,140.50729370117188,0.0,0.0,0.0,153.13699340820312,157.41458129882812,140.50729370117188,0.0,0.0,0.0,23.76180648803711,25.012998580932617,20.06761932373047,0.0,0.0,0.0
140.0,35.12030029296875,29860.2109375,3348.77001953125,14051.04296875,12460.3994140625,3201.662109375,20.439685821533203,0.04521369934082031,11795.4091796875,0.07001964747905731,15.297843933105469,0.6048662066459656,4.349274635314941,3.9699325561523438,1.6156085729599,2.6226799488067627,5.339216232299805,0.0009614704758860171,0.3878418803215027,0.8620539903640747,0.0,0.0,0.0,0.0,3781.17724609375,149.50514221191406,630.3977661132812,1649.4732666015625,299.310302734375,0.0,1109.9227294921875,0.06718998402357101,34.90576934814453,85.34334564208984,0.0,0.0,0.0,205.03631591796875,205.03631591796875,167.10926818847656,176.06814575195312,162.14122009277344,0.0,0.0,0.0,167.10926818847656,176.06814575195312,162.14122009277344,0.0,0.0,0.0,28.394563674926758,31.015033721923828,26.941410064697266,0.0,0.0,0.0
141.0,35.13678741455078,29876.892578125,3348.77001953125,14067.7236328125,12460.3994140625,3201.662109375,20.454456329345703,0.0,11795.4091796875,0.07001964747905731,15.297843933105469,0.6048662662506104,4.349277019500732,3.971198320388794,1.6156085729599,2.6226799488067627,5.35443639755249,0.0009614704758860171,0.3878418803215027,0.8620539903640747,0.0,0.0,0.0,0.0,3779.4658203125,149.43748474121094,630.1997680664062,696.2992553710938,306.88336181640625,0.0,2056.175048828125,0.124337337911129,34.90576934814453,85.34334564208984,0.0,0.0,0.0,206.3047637939453,206.3047637939453,147.488037109375,189.47560119628906,162.7207489013672,0.0,0.0,0.0,147.488037109375,189.47560119628906,162.7207489013672,0.0,0.0,0.0,22.685794830322266,34.967159271240234,27.1413631439209,0.0,0.0,0.0
142.0,35.166847229003906,29885.98828125,3348.77001953125,14076.8203125,12460.3994140625,3201.662109375,20.19098663330078,0.0,11950.8095703125,0.07001964747905731,15.297844886779785,0.6048662662506104,4.34928035736084,3.975318431854248,1.6156085729599,2.6226799488067627,5.380370616912842,0.0009614704758860171,0.3878418803215027,0.8620539903640747,0.0,0.0,0.0,0.0,3787.565185546875,149.7577362060547,631.1192016601562,621.6576538085938,388.1683044433594,0.0,2143.40771484375,0.2793438732624054,34.90576934814453,85.34334564208984,0.0,0.0,0.0,207.60977172851562,207.60977172851562,180.70669555664062,187.95379638671875,179.71865844726562,0.0,0.0,0.0,180.70669555664062,187.95379638671875,179.71865844726562,0.0,0.0,0.0,32.66572189331055,34.785499572753906,32.3767204284668,0.0,0.0,0.0
143.0,35.1883544921875,29890.4609375,3348.77001953125,14081.2919921875,12460.3994140625,3201.662109375,19.79912757873535,0.0,12185.013671875,0.07001964747905731,15.297844886779785,0.6048662662506104,4.349282741546631,3.9791200160980225,1.6156085729599,2.6226799488067627,5.398076057434082,0.0009614704758860171,0.3878418803215027,0.8620539903640747,0.0,0.0,0.0,0.0,3770.349365234375,149.0770263671875,629.5659790039062,1930.42724609375,676.4293823242188,0.0,722.4698486328125,0.043554019182920456,34.90576934814453,85.34334564208984,0.0,0.0,0.0,208.9569854736328,208.9569854736328,144.2288055419922,158.74920654296875,145.3050537109375,0.0,0.0,0.0,144.2288055419922,158.74920654296875,145.3050537109375,0.0,0.0,0.0,22.38779640197754,26.6350154876709,22.70260238647461,0.0,0.0,0.0
144.0,35.19987869262695,29891.875,3348.77001953125,14082.7060546875,12460.3994140625,3201.662109375,19.225318908691406,0.09657341986894608,12542.080078125,0.07001964747905731,15.297844886779785,0.6048662662506104,4.349283218383789,3.980394124984741,1.6156085729599,2.6226799488067627,5.408323287963867,0.0009614704758860171,0.3878418803215027,0.8620539903640747,0.0,0.0,0.0,0.0,3782.8564453125,149.57154846191406,631.0830688476562,1934.55615234375,897.5779418945312,0.0,721.7947387695312,0.0434819757938385,34.90576934814453,85.34334564208984,0.0,0.0,0.0,210.34915161132812,210.34915161132812,149.61904907226562,159.89239501953125,151.09921264648438,0.0,0.0,0.0,149.61904907226562,159.89239501953125,151.09921264648438,0.0,0.0,0.0,24.441679000854492,27.446632385253906,24.8746280670166,0.0,0.0,0.0
145.0,35.216426849365234,30026.302734375,3348.77001953125,14100.0458984375,12577.486328125,3201.662109375,18.56646156311035,0.0,13035.1591796875,0.07001964747905731,15.297844886779785,0.6048662662506104,4.349283218383789,3.980897903442383,1.6156085729599,2.6226799488067627,5.424370288848877,0.0009614704758860171,0.3878418803215027,0.8620539903640747,0.0,0.0,0.0,0.0,3815.2197265625,150.85116577148438,634.6936645507812,1976.2830810546875,1111.5682373046875,0.0,779.6784057617188,0.046916663646698,23.270511627197266,76.80901336669922,0.0,0.0,0.0,211.7879638671875,211.7879638671875,99.53677368164062,142.58456420898438,120.61112976074219,0.0,0.0,0.0,99.53677368164062,142.58456420898438,120.61112976074219,0.0,0.0,0.0,10.548046112060547,23.139524459838867,16.71229362487793,0.0,0.0,0.0
146.0,35.256202697753906,30251.482421875,3348.77001953125,14121.263671875,12781.4482421875,3201.662109375,18.57341194152832,0.0,13127.9267578125,0.07001964747905731,15.297844886779785,0.6048662662506104,4.349283695220947,3.9817862510681152,1.6156085729599,2.6226799488067627,5.4632568359375,0.0009614704758860171,0.3878418803215027,0.8620539903640747,0.0,0.0,0.0,0.0,3827.569091796875,151.33946228027344,635.9793090820312,1984.581298828125,1113.2452392578125,0.0,816.6049194335938,0.04900652542710304,23.270511627197266,76.80901336669922,0.0,0.0,0.0,213.2469024658203,213.2469024658203,91.3084716796875,140.58364868164062,127.00714874267578,0.0,0.0,0.0,91.3084716796875,140.58364868164062,127.00714874267578,0.0,0.0,0.0,8.134316444396973,22.547306060791016,18.57617950439453,0.0,0.0,0.0
147.0,35.29693603515625,30300.3671875,3348.77001953125,14130.2841796875,12821.3125,3201.662109375,19.171606063842773,0.0,12750.3583984375,0.07001964747905731,15.297844886779785,0.6048662662506104,4.3492841720581055,3.982583999633789,1.6156085729599,2.6226799488067627,5.5031914710998535,0.0009614704758860171,0.3878418803215027,0.8620539903640747,0.0,0.0,0.0,0.0,3806.7783203125,150.51739501953125,633.5657958984375,1975.1990966796875,924.196044921875,0.0,783.4246215820312,0.046885039657354355,23.209470748901367,76.76325988769531,0.0,0.0,0.0,214.6721649169922,214.6721649169922,120.69438171386719,148.48843383789062,118.34217834472656,0.0,0.0,0.0,120.69438171386719,148.48843383789062,118.34217834472656,0.0,0.0,0.0,16.131500244140625,24.261260986328125,15.443479537963867,0.0,0.0,0.0
148.0,35.319339752197266,30303.220703125,3348.77001953125,14133.138671875,12821.3125,3201.662109375,19.162351608276367,0.0,12759.5927734375,0.07001964747905731,15.297844886779785,0.6048662662506104,4.3492841720581055,3.982988119125366,1.6156085729599,2.6226799488067627,5.5251898765563965,0.0009614704758860171,0.3878418803215027,0.8620539903640747,0.0,0.0,0.0,0.0,3870.25341796875,153.02716064453125,639.9157104492188,2018.861083984375,575.8488159179688,0.0,1020.4879150390625,0.0609792098402977,23.270511627197266,76.80901336669922,0.0,0.0,0.0,216.05825805664062,216.05825805664062,130.8579864501953,153.487548828125,127.55706787109375,0.0,0.0,0.0,130.8579864501953,153.487548828125,127.55706787109375,0.0,0.0,0.0,19.113609313964844,25.732757568359375,18.148090362548828,0.0,0.0,0.0
149.0,35.329437255859375,30304.125,3348.77001953125,14134.0419921875,12821.3125,3201.662109375,20.072887420654297,0.0,12197.71484375,0.07001964747905731,15.297844886779785,0.6048662662506104,4.3492841720581055,3.9834067821502686,1.6156085729599,2.6226799488067627,5.53486967086792,0.0009614704758860171,0.3878418803215027,0.8620539903640747,0.0,0.0,0.0,0.0,3818.0888671875,150.96461486816406,634.1808471679688,1993.187744140625,407.40985107421875,0.0,894.7449951171875,0.05342962592840195,23.270511627197266,76.80901336669922,0.0,0.0,0.0,217.41427612304688,217.41427612304688,82.94365692138672,150.19174194335938,121.91044616699219,0.0,0.0,0.0,82.94365692138672,150.19174194335938,121.91044616699219,0.0,0.0,0.0,4.188131809234619,23.858196258544922,15.585917472839355,0.0,0.0,0.0
150.0,35.33835220336914,30313.595703125,3348.77001953125,14143.5126953125,12821.3125,3201.662109375,20.328590393066406,0.0,12053.9423828125,0.07001964747905731,15.297844886779785,0.6048662662506104,4.3492841720581055,3.985424518585205,1.6156085729599,2.6226799488067627,5.5417656898498535,0.0009614704758860171,0.3878418803215027,0.8620539903640747,0.0,0.0,0.0,0.0,3800.516357421875,150.26980590820312,632.2692260742188,1983.7327880859375,384.8983459472656,0.0,848.7499389648438,0.05065912753343582,23.270511627197266,76.80901336669922,0.0,0.0,0.0,218.71510314941406,218.71510314941406,127.70342254638672,148.02301025390625,119.36479949951172,0.0,0.0,0.0,127.70342254638672,148.02301025390625,119.36479949951172,0.0,0.0,0.0,17.024660110473633,22.968137741088867,14.585613250732422,0.0,0.0,0.0
151.0,35.366493225097656,30331.25,3348.77001953125,14161.16796875,12821.3125,3201.662109375,20.637876510620117,0.0,11886.7802734375,0.07001964747905731,15.297844886779785,0.6048662662506104,4.3492841720581055,3.9914097785949707,1.6156085729599,2.6226799488067627,5.563920974731445,0.0009614704758860171,0.3878418803215027,0.8620539903640747,0.0,0.0,0.0,0.0,3776.912841796875,149.33653259277344,629.7344970703125,1926.2130126953125,376.2622985839844,0.0,807.9421997070312,0.04814860597252846,34.90576934814453,85.34334564208984,0.0,0.0,0.0,219.98619079589844,219.98619079589844,112.36373901367188,165.748779296875,150.30731201171875,0.0,0.0,0.0,112.36373901367188,165.748779296875,150.30731201171875,0.0,0.0,0.0,12.228517532348633,27.84364128112793,23.327011108398438,0.0,0.0,0.0
152.0,35.39842987060547,30338.6015625,3348.77001953125,14168.5185546875,12821.3125,3201.662109375,20.060415267944336,0.0,12224.333984375,0.07001964747905731,15.297844886779785,0.6048662662506104,4.3492841720581055,3.996166229248047,1.6156085729599,2.6226799488067627,5.591102600097656,0.0009614704758860171,0.3878418803215027,0.8620539903640747,0.0,0.0,0.0,0.0,3840.567138671875,151.8533935546875,636.3683471679688,539.9395751953125,301.48870849609375,0.0,2421.993896484375,0.3282912075519562,34.90576934814453,85.34334564208984,0.0,0.0,0.0,221.26544189453125,221.26544189453125,169.32249450683594,189.76329040527344,178.30763244628906,0.0,0.0,0.0,169.32249450683594,189.76329040527344,178.30763244628906,0.0,0.0,0.0,29.466413497924805,35.44534683227539,32.094566345214844,0.0,0.0,0.0
153.0,35.42938232421875,30360.30859375,3348.77001953125,14190.2265625,12821.3125,3201.662109375,20.078102111816406,0.0,12224.333984375,0.07001964747905731,15.297844886779785,0.6048662662506104,4.3492841720581055,3.999075174331665,1.6156085729599,2.6226799488067627,5.619147300720215,0.0009614704758860171,0.3878418803215027,0.8620539903640747,0.0,0.0,0.0,0.0,3838.792236328125,151.783203125,636.1625366210938,825.2091674804688,309.11492919921875,0.0,2130.020751953125,0.12644772231578827,34.90576934814453,85.34334564208984,0.0,0.0,0.0,222.59552001953125,222.59552001953125,139.94943237304688,188.85726928710938,158.77005004882812,0.0,0.0,0.0,139.94943237304688,188.85726928710938,158.77005004882812,0.0,0.0,0.0,20.85710906982422,35.16265106201172,26.362138748168945,0.0,0.0,0.0
154.0,35.47091293334961,30371.8125,3348.77001953125,14201.7294921875,12821.3125,3201.662109375,19.820693969726562,0.0,12385.3876953125,0.07001964747905731,15.297844886779785,0.6048662662506104,4.3492841720581055,4.003525257110596,1.6156085729599,2.6226799488067627,5.645636558532715,0.0009614704758860171,0.3878418803215027,0.8726425170898438,0.0,0.0,0.0,0.0,3847.2109375,152.11607360839844,637.118896484375,526.9389038085938,391.00341796875,0.0,2442.564208984375,0.32716646790504456,34.90576934814453,86.39160919189453,0.0,0.0,0.0,223.9593048095703,223.9593048095703,168.46670532226562,188.8817138671875,172.91168212890625,0.0,0.0,0.0,168.46670532226562,188.8817138671875,172.91168212890625,0.0,0.0,0.0,29.45581817626953,35.427207946777344,30.755971908569336,0.0,0.0,0.0
155.0,35.51496887207031,30422.68359375,3348.77001953125,14252.6015625,12821.3125,3201.662109375,19.465307235717773,0.0,12628.09375,0.07001964747905731,15.297844886779785,0.6048662662506104,4.3492841720581055,4.0063910484313965,1.6156085729599,2.6226799488067627,5.654732704162598,0.0009614704758860171,0.3878418803215027,0.9047393202781677,0.0,0.0,0.0,0.0,3829.458251953125,151.41415405273438,635.5235595703125,1956.0927734375,681.3360595703125,0.0,902.2948608398438,0.05343253165483475,34.90576934814453,89.5691909790039,0.0,0.0,0.0,225.36973571777344,225.36973571777344,146.53163146972656,163.82559204101562,149.24632263183594,0.0,0.0,0.0,146.53163146972656,163.82559204101562,149.24632263183594,0.0,0.0,0.0,23.39519691467285,28.453678131103516,24.189245223999023,0.0,0.0,0.0
156.0,35.635311126708984,30465.185546875,3348.77001953125,14295.103515625,12821.3125,3201.662109375,18.950056076049805,0.0,12982.158203125,0.07001964747905731,15.297844886779785,0.6048662662506104,4.3492841720581055,4.013242244720459,1.6156085729599,2.6226799488067627,5.685549736022949,0.0009614704758860171,0.3878418803215027,0.9874125123023987,0.0,0.0,0.0,0.0,3840.250244140625,151.8408660888672,636.8690795898438,1988.175048828125,903.8900756835938,0.0,863.9454956054688,0.051054466515779495,34.90576934814453,97.75383758544922,0.0,0.0,0.0,226.8270721435547,226.8270721435547,143.2947998046875,161.3476104736328,135.1792755126953,0.0,0.0,0.0,143.2947998046875,161.3476104736328,135.1792755126953,0.0,0.0,0.0,22.963672637939453,28.244121551513672,20.58988380432129,0.0,0.0,0.0
157.0,35.730560302734375,30613.384765625,3348.77001953125,14326.951171875,12937.6640625,3201.662109375,18.306591033935547,0.0,13492.5458984375,0.07001964747905731,15.297844886779785,0.6048662662506104,4.3492841720581055,4.017617225646973,1.6156085729599,2.6226799488067627,5.725442886352539,0.0009614704758860171,0.3878418803215027,1.0383940935134888,0.0,0.0,0.0,0.0,3873.810302734375,153.1678009033203,640.6163330078125,2029.2376708984375,1119.5172119140625,0.0,927.7685546875,0.05467972531914711,23.270511627197266,92.52091217041016,0.0,0.0,0.0,228.33094787597656,228.33094787597656,118.18531799316406,144.93617248535156,129.03115844726562,0.0,0.0,0.0,118.18531799316406,144.93617248535156,129.03115844726562,0.0,0.0,0.0,16.262615203857422,24.08724021911621,19.435022354125977,0.0,0.0,0.0
158.0,35.812232971191406,30849.44921875,3348.77001953125,14354.3125,13146.3671875,3201.662109375,18.31719970703125,0.0,13588.5625,0.07001964747905731,15.297844886779785,0.6048662662506104,4.3492841720581055,4.020406246185303,1.6156085729599,2.6226799488067627,5.772751808166504,0.0009614704758860171,0.3878418803215027,1.0699681043624878,0.0,0.0,0.0,0.0,3886.588623046875,153.6730499267578,641.9462890625,2037.417236328125,1121.25244140625,0.0,963.574462890625,0.05661286413669586,23.270511627197266,95.33415985107422,0.0,0.0,0.0,229.8562774658203,229.8562774658203,93.90498352050781,146.1946258544922,96.59211730957031,0.0,0.0,0.0,93.90498352050781,146.1946258544922,96.59211730957031,0.0,0.0,0.0,9.150008201599121,24.444730758666992,9.935996055603027,0.0,0.0,0.0
159.0,35.882423400878906,30915.041015625,3348.77001953125,14379.1318359375,13187.1396484375,3201.662109375,18.917394638061523,0.0,13197.7421875,0.07001964747905731,15.297844886779785,0.6048662662506104,4.3492841720581055,4.022578716278076,1.6156085729599,2.6226799488067627,5.820127010345459,0.0009614704758860171,0.3878418803215027,1.090608835220337,0.0,0.0,0.0,0.0,3865.008544921875,152.8197784423828,639.4381713867188,2028.6990966796875,930.7708740234375,0.0,921.1438598632812,0.05395188555121422,23.270511627197266,97.17324829101562,0.0,0.0,0.0,231.3430633544922,231.3430633544922,116.82493591308594,150.1477508544922,124.97582244873047,0.0,0.0,0.0,116.82493591308594,150.1477508544922,124.97582244873047,0.0,0.0,0.0,15.253896713256836,25.00082015991211,17.638031005859375,0.0,0.0,0.0
160.0,35.937034606933594,30926.201171875,3348.77001953125,14390.2919921875,13187.1396484375,3201.662109375,18.913307189941406,0.0,13207.30859375,0.07001964747905731,15.297844886779785,0.6048662662506104,4.3492841720581055,4.02642822265625,1.6156085729599,2.6226799488067627,5.8571858406066895,0.0009614704758860171,0.3878418803215027,1.1043152809143066,0.0,0.0,0.0,0.0,3930.596923828125,155.41310119628906,645.9918823242188,2064.217529296875,580.0613403320312,0.0,1165.362060546875,0.06809107214212418,23.270511627197266,98.39449310302734,0.0,0.0,0.0,232.7892608642578,232.7892608642578,106.26107788085938,155.07716369628906,130.2937469482422,0.0,0.0,0.0,106.26107788085938,155.07716369628906,130.2937469482422,0.0,0.0,0.0,12.168057441711426,26.446762084960938,19.197612762451172,0.0,0.0,0.0
161.0,35.96821975708008,30931.146484375,3348.77001953125,14395.2373046875,13187.1396484375,3201.662109375,19.815610885620117,0.0,12625.71875,0.07001964747905731,15.297844886779785,0.6048662662506104,4.3492841720581055,4.029990196228027,1.6156085729599,2.6226799488067627,5.878866672515869,0.0009614704758860171,0.3878418803215027,1.1102571487426758,0.0,0.0,0.0,0.0,3876.543701171875,153.27587890625,640.0460815429688,2045.3935546875,410.3150329589844,0.0,1022.3834228515625,0.059651922434568405,23.270511627197266,98.92391967773438,0.0,0.0,0.0,234.20635986328125,234.20635986328125,127.19947052001953,151.282470703125,125.33544158935547,0.0,0.0,0.0,127.19947052001953,151.282470703125,125.33544158935547,0.0,0.0,0.0,17.390233993530273,24.43451499938965,16.845006942749023,0.0,0.0,0.0
162.0,35.987422943115234,30942.306640625,3348.77001953125,14406.396484375,13187.1396484375,3201.662109375,20.069337844848633,0.0,12476.8916015625,0.07001964747905731,15.30829906463623,0.6057828664779663,4.3492841720581055,4.0324201583862305,1.6156085729599,2.6226799488067627,5.88350248336792,0.0009614704758860171,0.3878418803215027,1.111024022102356,0.0,0.0,0.0,0.0,3859.845458984375,152.74252319335938,637.954833984375,2037.7249755859375,387.56597900390625,0.0,970.4481201171875,0.05660448968410492,23.270511627197266,98.99224090576172,0.0,0.0,0.0,235.57032775878906,235.57032775878906,127.58992004394531,152.30838012695312,126.27005767822266,0.0,0.0,0.0,127.58992004394531,152.30838012695312,126.27005767822266,0.0,0.0,0.0,17.250715255737305,24.48086166381836,16.864654541015625,0.0,0.0,0.0
163.0,36.1401481628418,31134.9765625,3348.77001953125,14599.0673828125,13187.1396484375,3201.662109375,20.48999786376953,0.0,12303.8681640625,0.07001964747905731,15.428821563720703,0.6172561049461365,4.3492841720581055,4.03920316696167,1.6156085729599,2.6226799488067627,5.896266460418701,0.0009614704758860171,0.3878418803215027,1.1122069358825684,0.0,0.0,0.0,0.0,3852.620361328125,154.13059997558594,634.0767822265625,1998.3642578125,378.2466125488281,0.0,888.2147827148438,0.05176268517971039,34.90576934814453,110.10848236083984,0.0,0.0,0.0,236.90708923339844,236.90708923339844,158.3526153564453,164.7353973388672,156.10885620117188,0.0,0.0,0.0,158.3526153564453,164.7353973388672,156.10885620117188,0.0,0.0,0.0,25.828140258789062,27.695104598999023,25.17184066772461,0.0,0.0,0.0
164.0,36.47467041015625,31229.134765625,3348.77001953125,14693.2255859375,13187.1396484375,3357.848388671875,19.971479415893555,0.0,12653.2685546875,0.07001964747905731,15.708606719970703,0.6441959738731384,4.3492841720581055,4.047416687011719,1.6156085729599,2.6226799488067627,5.914505958557129,0.0009614704758860171,0.3878418803215027,1.1135488748550415,0.0,0.0,0.0,0.0,3958.125732421875,162.3192138671875,637.898193359375,521.3236694335938,302.0059814453125,0.0,2557.569580078125,0.3295859098434448,34.90576934814453,110.2413330078125,0.0,0.0,0.0,238.25631713867188,238.25631713867188,169.480712890625,189.72132873535156,167.1724090576172,0.0,0.0,0.0,169.480712890625,189.72132873535156,167.1724090576172,0.0,0.0,0.0,29.60163116455078,35.522010803222656,28.926450729370117,0.0,0.0,0.0
165.0,36.97417449951172,31694.568359375,3348.77001953125,15158.6591796875,13187.1396484375,3357.848388671875,20.272567749023438,0.0,12653.2685546875,0.07001964747905731,16.141887664794922,0.6860867142677307,4.3492841720581055,4.053740978240967,1.6156085729599,2.6226799488067627,5.931707859039307,0.0009614704758860171,0.3878418803215027,1.1143547296524048,0.0,0.0,0.0,0.0,4017.72412109375,170.767333984375,633.2670288085938,511.85247802734375,307.946533203125,0.0,2496.223876953125,0.3064008057117462,34.90576934814453,110.32111358642578,0.0,0.0,0.0,239.66064453125,239.66064453125,186.31642150878906,190.03207397460938,171.03414916992188,0.0,0.0,0.0,186.31642150878906,190.03207397460938,171.03414916992188,0.0,0.0,0.0,34.2249870300293,35.31181335449219,29.754920959472656,0.0,0.0,0.0
166.0,37.82179641723633,31924.78125,3348.77001953125,15388.873046875,13187.1396484375,3357.848388671875,20.150177001953125,0.0,12819.96484375,0.07001964747905731,16.870452880859375,0.7568646669387817,4.3492841720581055,4.0736083984375,1.6156085729599,2.6226799488067627,5.958957672119141,0.0009614704758860171,0.3878418803215027,1.1155165433883667,0.0,0.0,0.0,0.0,4130.78662109375,185.3208465576172,627.3065795898438,874.7488403320312,386.1869201660156,0.0,2044.3472900390625,0.11863315850496292,34.90576934814453,110.4361343383789,0.0,0.0,0.0,241.1007537841797,241.1007537841797,149.40638732910156,183.13087463378906,163.58108520507812,0.0,0.0,0.0,149.40638732910156,183.13087463378906,163.58108520507812,0.0,0.0,0.0,23.551189422607422,33.41560363769531,27.69729232788086,0.0,0.0,0.0
167.0,38.34187698364258,32006.41796875,3348.77001953125,15470.5087890625,13187.1396484375,3357.848388671875,19.805940628051758,0.0,13071.1923828125,0.07001964747905731,17.307300567626953,0.79935622215271,4.3492841720581055,4.097970485687256,1.6156085729599,2.6226799488067627,5.974709510803223,0.0009614704758860171,0.3878418803215027,1.116145372390747,0.0,0.0,0.0,0.0,4180.09130859375,193.06198120117188,622.396240234375,1961.874267578125,670.1695556640625,0.0,788.8474731445312,0.04572818800806999,34.90576934814453,110.49839782714844,0.0,0.0,0.0,242.5895233154297,242.5895233154297,155.0975341796875,162.82106018066406,151.34771728515625,0.0,0.0,0.0,155.0975341796875,162.82106018066406,151.34771728515625,0.0,0.0,0.0,25.560089111328125,27.819217681884766,24.463266372680664,0.0,0.0,0.0
168.0,38.599796295166016,32037.060546875,3348.77001953125,15501.150390625,13187.1396484375,3357.848388671875,19.29548454284668,0.0,13422.2265625,0.07001964747905731,17.526885986328125,0.8204710483551025,4.3492841720581055,4.108343601226807,1.6156085729599,2.6226799488067627,5.98137092590332,0.0009614704758860171,0.3878418803215027,1.1163288354873657,0.0,0.0,0.0,0.0,4225.62060546875,197.81033325195312,621.9811401367188,1957.0618896484375,887.1883544921875,0.0,761.6773681640625,0.04413331300020218,34.90576934814453,110.51655578613281,0.0,0.0,0.0,244.1234893798828,244.1234893798828,133.78582763671875,162.48916625976562,144.12193298339844,0.0,0.0,0.0,133.78582763671875,162.48916625976562,144.12193298339844,0.0,0.0,0.0,19.836870193481445,28.232595443725586,22.86018180847168,0.0,0.0,0.0
169.0,38.8751220703125,32398.396484375,3348.77001953125,15749.71875,13299.908203125,3357.848388671875,18.758541107177734,0.0,13949.9140625,0.07001964747905731,17.767292022705078,0.8436862826347351,4.3492841720581055,4.113846778869629,1.6156085729599,2.6226799488067627,5.98749303817749,0.0009614704758860171,0.3878418803215027,1.116407036781311,0.0,0.0,0.0,0.0,4300.8251953125,204.2262420654297,623.84228515625,2007.516357421875,1096.3778076171875,0.0,807.9910888671875,0.046797625720500946,16.734132766723633,93.10253143310547,0.0,0.0,0.0,245.7058563232422,245.7058563232422,100.69922637939453,141.878662109375,121.02068328857422,0.0,0.0,0.0,100.69922637939453,141.878662109375,121.02068328857422,0.0,0.0,0.0,10.695982933044434,22.740968704223633,16.640010833740234,0.0,0.0,0.0
170.0,39.333343505859375,32732.646484375,3348.77001953125,15871.9453125,13511.9306640625,3357.848388671875,18.817848205566406,0.0,14049.189453125,0.07001964747905731,18.167383193969727,0.8826451897621155,4.3492841720581055,4.1228928565979,1.6156085729599,2.6226799488067627,5.997506141662598,0.0009614704758860171,0.3878418803215027,1.1165186166763306,0.0,0.0,0.0,0.0,4365.4375,212.0906524658203,621.8457641601562,2012.6180419921875,1092.7481689453125,0.0,804.1062622070312,0.04654162377119064,15.294222831726074,91.74361419677734,0.0,0.0,0.0,247.30723571777344,247.30723571777344,117.82635498046875,139.88824462890625,123.00312805175781,0.0,0.0,0.0,117.82635498046875,139.88824462890625,123.00312805175781,0.0,0.0,0.0,15.646360397338867,22.09946060180664,17.160566329956055,0.0,0.0,0.0
171.0,39.60723876953125,32814.42578125,3348.77001953125,15912.3291015625,13553.326171875,3357.848388671875,19.44232749938965,0.0,13645.1259765625,0.07001964747905731,18.401058197021484,0.9055002927780151,4.3492841720581055,4.134411811828613,1.6156085729599,2.6226799488067627,6.003294944763184,0.0009614704758860171,0.3878418803215027,1.116577386856079,0.0,0.0,0.0,0.0,4371.517578125,215.11865234375,617.3745727539062,1995.627197265625,904.7858276367188,0.0,741.4313354492188,0.042897552251815796,11.635255813598633,84.6716079711914,0.0,0.0,0.0,248.8642120361328,248.8642120361328,129.03062438964844,143.23182678222656,133.01181030273438,0.0,0.0,0.0,129.03062438964844,143.23182678222656,133.01181030273438,0.0,0.0,0.0,18.299131393432617,22.45298194885254,19.4636287689209,0.0,0.0,0.0
172.0,39.740970611572266,32832.58984375,3348.77001953125,15930.4921875,13553.326171875,3357.848388671875,19.44188690185547,0.0,13655.0146484375,0.07001964747905731,18.506948471069336,0.9159084558486938,4.3492841720581055,4.149215221405029,1.6156085729599,2.6226799488067627,6.005901336669922,0.0009614704758860171,0.3878418803215027,1.1166021823883057,0.0,0.0,0.0,0.0,4452.9951171875,220.37863159179688,621.45703125,2036.056396484375,562.6436157226562,0.0,940.3477172851562,0.05439707264304161,18.5428409576416,94.881591796875,0.0,0.0,0.0,250.3733673095703,250.3733673095703,124.52814483642578,148.430908203125,131.12013244628906,0.0,0.0,0.0,124.52814483642578,148.430908203125,131.12013244628906,0.0,0.0,0.0,16.98259735107422,23.97415542602539,18.91075325012207,0.0,0.0,0.0
173.0,39.80876541137695,32842.52734375,3348.77001953125,15940.4306640625,13553.326171875,3357.848388671875,20.37339210510254,0.0,13053.703125,0.07001964747905731,18.56031036376953,0.9210188388824463,4.3492841720581055,4.157258987426758,1.6156085729599,2.6226799488067627,6.007171630859375,0.0009614704758860171,0.3878418803215027,1.1166099309921265,0.0,0.0,0.0,0.0,4390.18603515625,217.85433959960938,615.40185546875,2013.905517578125,397.52008056640625,0.0,805.23486328125,0.046577103435993195,12.53561019897461,88.16864013671875,0.0,0.0,0.0,251.84600830078125,251.84600830078125,89.20124053955078,143.33372497558594,98.58954620361328,0.0,0.0,0.0,89.20124053955078,143.33372497558594,98.58954620361328,0.0,0.0,0.0,5.717971324920654,21.551719665527344,8.464051246643066,0.0,0.0,0.0
174.0,39.873939514160156,32899.8515625,3348.77001953125,15997.75390625,13553.326171875,3357.848388671875,20.663089752197266,0.0,12899.8408203125,0.07001964747905731,18.613269805908203,0.9261152744293213,4.3492841720581055,4.163162708282471,1.6156085729599,2.6226799488067627,6.008385181427002,0.0009614704758860171,0.3878418803215027,1.1166114807128906,0.0,0.0,0.0,0.0,4377.447265625,217.80270385742188,613.0590209960938,1997.010498046875,375.37255859375,0.0,756.6030883789062,0.043760500848293304,11.910985946655273,86.55846405029297,0.0,0.0,0.0,253.25320434570312,253.25320434570312,121.03662872314453,143.31846618652344,105.2085952758789,0.0,0.0,0.0,121.03662872314453,143.31846618652344,105.2085952758789,0.0,0.0,0.0,14.740123748779297,21.2575626373291,10.110424995422363,0.0,0.0,0.0
175.0,40.10790252685547,33109.3671875,3348.77001953125,16207.2705078125,13553.326171875,3357.848388671875,21.09950065612793,0.0,12720.9462890625,0.07001964747905731,18.809280395507812,0.9450534582138062,4.3492841720581055,4.177702903747559,1.6156085729599,2.6226799488067627,6.012856960296631,0.0009614704758860171,0.3878418803215027,1.1166143417358398,0.0,0.0,0.0,0.0,4373.79345703125,219.7568817138672,607.2802734375,1931.4090576171875,365.9832763671875,0.0,676.44091796875,0.0391121581196785,31.7576961517334,107.47661590576172,0.0,0.0,0.0,254.62445068359375,254.62445068359375,142.3001251220703,154.54408264160156,144.52207946777344,0.0,0.0,0.0,142.3001251220703,154.54408264160156,144.52207946777344,0.0,0.0,0.0,20.523283004760742,24.104642868041992,21.173206329345703,0.0,0.0,0.0
176.0,40.48215866088867,33207.359375,3348.77001953125,16305.263671875,13553.326171875,3482.34326171875,20.563518524169922,0.0,13082.18359375,0.07001964747905731,19.131704330444336,0.9763743281364441,4.3492841720581055,4.190861701965332,1.6156085729599,2.6226799488067627,6.020205020904541,0.0009614704758860171,0.3878418803215027,1.1166166067123413,0.0,0.0,0.0,0.0,4490.81787109375,229.18603515625,612.62255859375,401.71502685546875,292.35400390625,0.0,2383.45556640625,0.28406989574432373,34.90576934814453,110.5450439453125,0.0,0.0,0.0,255.9976348876953,255.9976348876953,155.930419921875,190.7567901611328,157.06936645507812,0.0,0.0,0.0,155.930419921875,190.7567901611328,157.06936645507812,0.0,0.0,0.0,25.046131134033203,35.232845306396484,25.379270553588867,0.0,0.0,0.0
177.0,41.002044677734375,33679.58203125,3348.77001953125,16777.484375,13553.326171875,3482.34326171875,20.85939598083496,0.0,13082.18359375,0.07001964747905731,19.587373733520508,1.0208377838134766,4.3492841720581055,4.200232982635498,1.6156085729599,2.6226799488067627,6.030585289001465,0.0009614704758860171,0.3878418803215027,1.1166179180145264,0.0,0.0,0.0,0.0,4548.66796875,237.0635223388672,607.5782470703125,775.4536743164062,298.2716369628906,0.0,1949.2764892578125,0.11257272958755493,31.154876708984375,106.88944244384766,0.0,0.0,0.0,257.4153137207031,257.4153137207031,100.50257873535156,183.5033721923828,153.74778747558594,0.0,0.0,0.0,100.50257873535156,183.5033721923828,153.74778747558594,0.0,0.0,0.0,8.537610054016113,32.81534194946289,24.111831665039062,0.0,0.0,0.0
178.0,41.865814208984375,33913.92578125,3348.77001953125,17011.828125,13553.326171875,3482.34326171875,20.726749420166016,0.0,13254.54296875,0.07001964747905731,20.334075927734375,1.0940667390823364,4.3492841720581055,4.227058410644531,1.6156085729599,2.6226799488067627,6.047597885131836,0.0009614704758860171,0.3878418803215027,1.1166198253631592,0.0,0.0,0.0,0.0,4659.57861328125,250.7067413330078,601.2864990234375,1892.7080078125,374.4888916015625,0.0,765.1047973632812,0.04413500055670738,24.549938201904297,100.65019989013672,0.0,0.0,0.0,258.86279296875,258.86279296875,98.13273620605469,168.80088806152344,151.6681671142578,0.0,0.0,0.0,98.13273620605469,168.80088806152344,151.6681671142578,0.0,0.0,0.0,7.977075576782227,28.647510528564453,23.63619041442871,0.0,0.0,0.0
179.0,42.397891998291016,33999.08203125,3348.77001953125,17096.986328125,13553.326171875,3482.34326171875,20.371173858642578,0.0,13514.2822265625,0.07001964747905731,20.77973747253418,1.1377830505371094,4.3492841720581055,4.259602069854736,1.6156085729599,2.6226799488067627,6.057751655578613,0.0009614704758860171,0.3878418803215027,1.1166208982467651,0.0,0.0,0.0,0.0,4699.87255859375,257.33892822265625,595.6250610351562,1851.80517578125,649.6424560546875,0.0,665.4999389648438,0.03836309164762497,23.270511627197266,99.49091339111328,0.0,0.0,0.0,260.351806640625,260.351806640625,91.83352661132812,158.48240661621094,141.95291137695312,0.0,0.0,0.0,91.83352661132812,158.48240661621094,141.95291137695312,0.0,0.0,0.0,6.490131855010986,25.98493194580078,21.150054931640625,0.0,0.0,0.0
180.0,42.664730072021484,34035.046875,3348.77001953125,17132.94921875,13553.326171875,3482.34326171875,19.869428634643555,0.0,13862.2958984375,0.07001964747905731,20.98988914489746,1.158355712890625,4.3492841720581055,4.290927886962891,1.6156085729599,2.6226799488067627,6.062539100646973,0.0009614704758860171,0.3878418803215027,1.1166212558746338,0.0,0.0,0.0,0.0,4744.16455078125,261.81317138671875,595.4533081054688,1924.5125732421875,860.3153686523438,0.0,566.41455078125,0.03264075145125389,23.270511627197266,99.49095916748047,0.0,0.0,0.0,261.88275146484375,261.88275146484375,118.94921875,150.99624633789062,130.70851135253906,0.0,0.0,0.0,118.94921875,150.99624633789062,130.70851135253906,0.0,0.0,0.0,14.923216819763184,24.296974182128906,18.362810134887695,0.0,0.0,0.0
181.0,42.795650482177734,34161.078125,3348.77001953125,17150.001953125,13662.3037109375,3482.34326171875,19.170881271362305,0.0,14407.2822265625,0.07001964747905731,21.088159561157227,1.1678576469421387,4.3492841720581055,4.311838626861572,1.6156085729599,2.6226799488067627,6.064777374267578,0.0009614704758860171,0.3878418803215027,1.116621494293213,0.0,0.0,0.0,0.0,4814.2724609375,266.6133728027344,599.9346313476562,1991.9014892578125,1066.391845703125,0.0,612.8238525390625,0.03530984744429588,11.635255813598633,77.38186645507812,0.0,0.0,0.0,263.4516906738281,263.4516906738281,81.78638458251953,129.72573852539062,118.80817413330078,0.0,0.0,0.0,81.78638458251953,129.72573852539062,118.80817413330078,0.0,0.0,0.0,4.751636981964111,18.77389907836914,15.580510139465332,0.0,0.0,0.0
182.0,42.85506057739258,34381.7109375,3348.77001953125,17155.3984375,13877.54296875,3482.34326171875,19.15775489807129,0.0,14509.8154296875,0.07001964747905731,21.13720703125,1.1724858283996582,4.3492841720581055,4.316457748413086,1.6156085729599,2.6226799488067627,6.065893650054932,0.0009614704758860171,0.3878418803215027,1.116621494293213,0.0,0.0,0.0,0.0,4838.7197265625,268.4049072265625,601.1795043945312,2000.8907470703125,1067.8636474609375,0.0,642.364013671875,0.0370091088116169,11.635255813598633,77.38187408447266,0.0,0.0,0.0,265.02947998046875,265.02947998046875,119.94703674316406,133.06715393066406,121.95096588134766,0.0,0.0,0.0,119.94703674316406,133.06715393066406,121.95096588134766,0.0,0.0,0.0,15.92675495147705,19.764389038085938,16.512903213500977,0.0,0.0,0.0
183.0,43.09375762939453,34744.16015625,3348.77001953125,17475.8515625,13919.5400390625,3482.34326171875,19.952791213989258,0.0,14092.4990234375,0.07001964747905731,21.344995498657227,1.192781925201416,4.3492841720581055,4.3223395347595215,1.6156085729599,2.6226799488067627,6.070624351501465,0.0009614704758860171,0.3878418803215027,1.116621494293213,0.0,0.0,0.0,0.0,4822.72705078125,269.49932861328125,595.5508422851562,1978.89208984375,883.1104736328125,0.0,587.01611328125,0.03380958363413811,11.635255813598633,77.38187408447266,0.0,0.0,0.0,266.56414794921875,266.56414794921875,116.01388549804688,137.34703063964844,123.46638488769531,0.0,0.0,0.0,116.01388549804688,137.34703063964844,123.46638488769531,0.0,0.0,0.0,13.981269836425781,20.221214294433594,16.1611270904541,0.0,0.0,0.0
184.0,43.65635299682617,34908.26171875,3348.77001953125,17639.951171875,13919.5400390625,3482.34326171875,20.035322189331055,0.0,14102.7119140625,0.07001964747905731,21.830461502075195,1.2403959035873413,4.3492841720581055,4.3408002853393555,1.6156085729599,2.6226799488067627,6.08167839050293,0.0009614704758860171,0.3878418803215027,1.1166216135025024,0.0,0.0,0.0,0.0,4954.44287109375,281.50897216796875,598.1806030273438,2020.9700927734375,547.3998413085938,0.0,739.6757202148438,0.04257064312696457,11.635255813598633,77.38187408447266,0.0,0.0,0.0,268.0518798828125,268.0518798828125,109.42357635498047,141.88653564453125,120.61041259765625,0.0,0.0,0.0,109.42357635498047,141.88653564453125,120.61041259765625,0.0,0.0,0.0,11.971073150634766,21.466489791870117,15.2432222366333,0.0,0.0,0.0
185.0,44.01237487792969,34963.45703125,3348.77001953125,17695.1484375,13919.5400390625,3482.34326171875,21.02294921875,0.0,13481.6875,0.07001964747905731,22.13523292541504,1.2702205181121826,4.3492841720581055,4.355284214019775,1.6156085729599,2.6226799488067627,6.088621139526367,0.0009614704758860171,0.3878418803215027,1.1166216135025024,0.0,0.0,0.0,0.0,4900.7392578125,281.2267150878906,587.531982421875,1975.419189453125,385.042236328125,0.0,595.6973876953125,0.03426830843091011,9.99977970123291,75.78788757324219,0.0,0.0,0.0,269.5023193359375,269.5023193359375,82.39225769042969,134.94593811035156,126.14212036132812,0.0,0.0,0.0,82.39225769042969,134.94593811035156,126.14212036132812,0.0,0.0,0.0,3.0767858028411865,18.44873809814453,15.87362003326416,0.0,0.0,0.0
186.0,44.193111419677734,34998.1015625,3348.77001953125,17729.791015625,13919.5400390625,3482.34326171875,21.30594825744629,0.0,13322.78125,0.07040826231241226,22.287961959838867,1.285190463066101,4.3492841720581055,4.364427089691162,1.6156085729599,2.6226799488067627,6.092127323150635,0.0009614704758860171,0.3878418803215027,1.1166216135025024,0.0,0.0,0.0,0.0,4890.15673828125,281.9810791015625,583.7063598632812,1952.2696533203125,362.9405822753906,0.0,551.9713134765625,0.03174544498324394,7.066892623901367,72.92939758300781,0.0,0.0,0.0,270.89093017578125,270.89093017578125,92.27967071533203,132.57354736328125,97.73897552490234,0.0,0.0,0.0,92.27967071533203,132.57354736328125,97.73897552490234,0.0,0.0,0.0,5.685855388641357,17.47181510925293,7.28270149230957,0.0,0.0,0.0
187.0,44.41022491455078,35178.98828125,3348.77001953125,17910.6796875,13919.5400390625,3482.34326171875,21.730154037475586,0.0,13138.025390625,0.0713391900062561,22.474254608154297,1.3033994436264038,4.3492841720581055,4.37180233001709,1.6156085729599,2.6226799488067627,6.096431255340576,0.0009614704758860171,0.3878418803215027,1.1166216135025024,0.0,0.0,0.0,0.0,4875.13037109375,282.7342834472656,578.9204711914062,1920.1337890625,353.850830078125,0.0,493.9676513671875,0.02840123139321804,3.235586404800415,69.25931549072266,0.0,0.0,0.0,272.23651123046875,272.23651123046875,107.39075469970703,138.83956909179688,125.65546417236328,0.0,0.0,0.0,107.39075469970703,138.83956909179688,125.65546417236328,0.0,0.0,0.0,9.681640625,18.880420684814453,15.024068832397461,0.0,0.0,0.0
188.0,44.743953704833984,35265.92578125,3348.77001953125,17997.615234375,13919.5400390625,3482.34326171875,21.1669864654541,0.07506066560745239,13511.109375,0.07309792190790176,22.764585494995117,1.3319207429885864,4.3492841720581055,4.378186225891113,1.6156085729599,2.6226799488067627,6.103166580200195,0.0009614704758860171,0.3878418803215027,1.1166216135025024,0.0,0.0,0.0,0.0,4997.07861328125,292.3713684082031,584.364990234375,752.4716796875,283.00213623046875,0.0,1795.0738525390625,0.10316288471221924,23.270511627197266,99.4909896850586,0.0,0.0,0.0,273.5711975097656,273.5711975097656,152.59527587890625,182.7431640625,156.69981384277344,0.0,0.0,0.0,152.59527587890625,182.7431640625,156.69981384277344,0.0,0.0,0.0,23.392070770263672,32.210330963134766,24.592647552490234,0.0,0.0,0.0
189.0,45.21763610839844,35702.5,3348.77001953125,18434.189453125,13919.5400390625,3482.34326171875,21.432355880737305,1.546087384223938,13511.109375,0.07590106129646301,23.180435180664062,1.3729430437088013,4.3492841720581055,4.382514953613281,1.6156085729599,2.6226799488067627,6.112842082977295,0.0009614704758860171,0.3878418803215027,1.1166216135025024,0.0,0.0,0.0,0.0,5040.8134765625,298.5599365234375,580.6549682617188,1915.5806884765625,288.90252685546875,0.0,578.5480346679688,0.03322751075029373,23.270511627197266,99.4909896850586,0.0,0.0,0.0,274.9444274902344,274.9444274902344,159.9112091064453,175.03756713867188,159.34664916992188,0.0,0.0,0.0,159.9112091064453,175.03756713867188,159.34664916992188,0.0,0.0,0.0,23.79558563232422,28.220043182373047,23.63045310974121,0.0,0.0,0.0
190.0,46.0145263671875,35916.5859375,3348.77001953125,18648.275390625,13919.5400390625,3482.34326171875,21.27524757385254,0.0,13689.1103515625,0.08064484596252441,23.87744903564453,1.441897988319397,4.3492841720581055,4.392472743988037,1.6156085729599,2.6226799488067627,6.129065036773682,0.0009614704758860171,0.3878418803215027,1.1166216135025024,0.0,0.0,0.0,0.0,5136.42626953125,310.1756286621094,576.564208984375,243.0775909423828,363.1468200683594,0.0,2191.945556640625,0.24594081938266754,23.270511627197266,99.4909896850586,0.0,0.0,0.0,276.35308837890625,276.35308837890625,153.95675659179688,186.4014434814453,158.09130859375,0.0,0.0,0.0,153.95675659179688,186.4014434814453,158.09130859375,0.0,0.0,0.0,23.75710105895996,33.24717330932617,24.966463088989258,0.0,0.0,0.0
191.0,46.49592971801758,35986.62109375,3348.77001953125,18718.310546875,13919.5400390625,3482.34326171875,20.897958755493164,0.42596107721328735,13957.37109375,0.08351875096559525,24.29737663269043,1.4834113121032715,4.3492841720581055,4.399783134460449,1.6156085729599,2.6226799488067627,6.138840675354004,0.0009614704758860171,0.3878418803215027,1.1166216135025024,0.0,0.0,0.0,0.0,5179.1083984375,316.19659423828125,572.8430786132812,1836.9146728515625,631.2647705078125,0.0,464.4637145996094,0.02662891149520874,23.270511627197266,99.4909896850586,0.0,0.0,0.0,277.81219482421875,277.81219482421875,148.2861328125,161.7098388671875,141.11422729492188,0.0,0.0,0.0,148.2861328125,161.7098388671875,141.11422729492188,0.0,0.0,0.0,22.049772262573242,25.976207733154297,19.951993942260742,0.0,0.0,0.0
192.0,46.722110748291016,36008.78125,3348.77001953125,18740.470703125,13919.5400390625,3482.34326171875,20.394733428955078,0.173880472779274,14302.3642578125,0.08490704745054245,24.49549674987793,1.5029619932174683,4.3492841720581055,4.402299404144287,1.6156085729599,2.6226799488067627,6.1434502601623535,0.0009614704758860171,0.3878418803215027,1.1166216135025024,0.0,0.0,0.0,0.0,5268.3662109375,323.2493896484375,576.8077392578125,1886.60693359375,634.0360107421875,0.0,542.594970703125,0.031098831444978714,23.270511627197266,99.4909896850586,0.0,0.0,0.0,279.3172607421875,279.3172607421875,129.8729705810547,150.62210083007812,132.3013916015625,0.0,0.0,0.0,129.8729705810547,150.62210083007812,132.3013916015625,0.0,0.0,0.0,17.419231414794922,23.48834991455078,18.129545211791992,0.0,0.0,0.0
193.0,46.935298919677734,36295.9765625,3348.77001953125,18922.4921875,14024.712890625,3482.34326171875,19.760581970214844,0.0,14864.6591796875,0.0862526074051857,24.683256149291992,1.5215541124343872,4.3492841720581055,4.403423309326172,1.6156085729599,2.6226799488067627,6.1478166580200195,0.0009614704758860171,0.3878418803215027,1.1166216135025024,0.0,0.0,0.0,0.0,5315.0,327.6334228515625,577.228759765625,1917.8873291015625,1036.5413818359375,0.0,490.509521484375,0.028105467557907104,0.26286581158638,66.5655288696289,0.0,0.0,0.0,280.8646545410156,280.8646545410156,97.55612182617188,117.3142318725586,109.82335662841797,0.0,0.0,0.0,97.55612182617188,117.3142318725586,109.82335662841797,0.0,0.0,0.0,8.77458381652832,14.553831100463867,12.362750053405762,0.0,0.0,0.0
194.0,47.27455139160156,36603.9453125,3348.77001953125,19012.01171875,14243.162109375,3482.34326171875,19.78653907775879,0.0,14970.4423828125,0.08840610831975937,24.982439041137695,1.5512588024139404,4.3492841720581055,4.404672622680664,1.6156085729599,2.6226799488067627,6.1547746658325195,0.0009614704758860171,0.3878418803215027,1.1166216135025024,0.0,0.0,0.0,0.0,5369.08642578125,333.38787841796875,576.6076049804688,1919.322265625,1035.607177734375,0.0,500.6748046875,0.028674811124801636,0.16408871114253998,66.47601318359375,0.0,0.0,0.0,282.4197998046875,282.4197998046875,104.94461059570312,128.41415405273438,101.37554168701172,0.0,0.0,0.0,104.94461059570312,128.41415405273438,101.37554168701172,0.0,0.0,0.0,10.909758567810059,17.774599075317383,9.865805625915527,0.0,0.0,0.0
195.0,47.589317321777344,36842.40234375,3348.77001953125,19207.873046875,14285.7578125,3482.34326171875,20.525957107543945,0.0,14539.8828125,0.09040748327970505,25.259668350219727,1.578778624534607,4.3492841720581055,4.406242370605469,1.6156085729599,2.6226799488067627,6.161223411560059,0.0009614704758860171,0.3878418803215027,1.1166216135025024,0.0,0.0,0.0,0.0,5352.66943359375,334.5522766113281,570.862548828125,1876.3470458984375,856.17333984375,0.0,452.8677062988281,0.025925787165760994,0.0,66.32732391357422,0.0,0.0,0.0,283.9334411621094,283.9334411621094,114.36226654052734,136.79067993164062,123.0703353881836,0.0,0.0,0.0,114.36226654052734,136.79067993164062,123.0703353881836,0.0,0.0,0.0,12.925005912780762,19.485315322875977,15.472116470336914,0.0,0.0,0.0
196.0,47.972496032714844,36936.35546875,3348.77001953125,19301.828125,14285.7578125,3482.34326171875,20.56613540649414,0.0,14550.4189453125,0.09282654523849487,25.594579696655273,1.6120235919952393,4.3492841720581055,4.411054611206055,1.6156085729599,2.6226799488067627,6.169013023376465,0.0009614704758860171,0.3878418803215027,1.1166216135025024,0.0,0.0,0.0,0.0,5458.8837890625,343.8169250488281,574.0260009765625,1947.970947265625,531.1477661132812,0.0,588.9993286132812,0.033701758831739426,2.22731876373291,68.34564971923828,0.0,0.0,0.0,285.4039001464844,285.4039001464844,120.71895599365234,140.40127563476562,126.51744842529297,0.0,0.0,0.0,120.71895599365234,140.40127563476562,126.51744842529297,0.0,0.0,0.0,14.744157791137695,20.501239776611328,16.44021987915039,0.0,0.0,0.0
197.0,48.195411682128906,36967.796875,3348.77001953125,19333.267578125,14285.7578125,3482.34326171875,21.565011978149414,0.0,13909.681640625,0.09421847760677338,25.7872371673584,1.631124496459961,4.3492841720581055,4.416341304779053,1.6156085729599,2.6226799488067627,6.1734938621521,0.0009614704758860171,0.3878418803215027,1.1166216135025024,0.0,0.0,0.0,0.0,5383.486328125,340.5225830078125,565.1607055664062,1872.1656494140625,374.3352966308594,0.0,480.4010314941406,0.02747979387640953,0.0,66.32732391357422,0.0,0.0,0.0,286.8420715332031,286.8420715332031,98.3686752319336,133.63259887695312,119.0173110961914,0.0,0.0,0.0,98.3686752319336,133.63259887695312,119.0173110961914,0.0,0.0,0.0,7.207824230194092,17.522523880004883,13.247550010681152,0.0,0.0,0.0
198.0,48.299102783203125,36980.29296875,3348.77001953125,19345.765625,14285.7578125,3482.34326171875,21.841211318969727,0.0,13745.720703125,0.09485135227441788,25.874195098876953,1.6397775411605835,4.3492841720581055,4.421748161315918,1.6156085729599,2.6226799488067627,6.175533771514893,0.0009614704758860171,0.3878418803215027,1.1166216135025024,0.0,0.0,0.0,0.0,5363.6826171875,339.9234619140625,562.2553100585938,1844.986083984375,353.2232360839844,0.0,443.11767578125,0.025343699380755424,0.0,63.39032745361328,0.0,0.0,0.0,288.22418212890625,288.22418212890625,112.0482406616211,119.32842254638672,121.11356353759766,0.0,0.0,0.0,112.0482406616211,119.32842254638672,121.11356353759766,0.0,0.0,0.0,10.932899475097656,13.062353134155273,13.584505081176758,0.0,0.0,0.0
199.0,48.45661163330078,37143.84375,3348.77001953125,19509.314453125,14285.7578125,3482.34326171875,22.259750366210938,0.0,13555.103515625,0.09583988785743713,26.009252548217773,1.6531018018722534,4.3492841720581055,4.426697254180908,1.6156085729599,2.6226799488067627,6.178723335266113,0.0009614704758860171,0.3878418803215027,1.1166216135025024,0.0,0.0,0.0,0.0,5341.09521484375,339.4704895019531,558.4177856445312,1806.522705078125,344.74981689453125,0.0,393.435546875,0.02249736338853836,0.0,57.14769744873047,0.0,0.0,0.0,289.57073974609375,289.57073974609375,113.77371215820312,130.0297393798828,119.46623229980469,0.0,0.0,0.0,113.77371215820312,130.0297393798828,119.46623229980469,0.0,0.0,0.0,11.019059181213379,15.773946762084961,12.684123039245605,0.0,0.0,0.0
200.0,48.74971389770508,37223.8984375,3348.77001953125,19589.37109375,14285.7578125,3591.809326171875,21.67531394958496,0.0,13940.0341796875,0.09771471470594406,26.264577865600586,1.6784141063690186,4.3492841720581055,4.431234836578369,1.6156085729599,2.6226799488067627,6.184773921966553,0.0009614704758860171,0.3878418803215027,1.1166216135025024,0.0,0.0,0.0,0.0,5460.33642578125,348.9378662109375,563.7294921875,1824.47705078125,275.7326354980469,0.0,502.80462646484375,0.02873961441218853,23.270511627197266,99.4909896850586,0.0,0.0,0.0,290.9049072265625,290.9049072265625,141.02748107910156,153.19415283203125,117.61791229248047,0.0,0.0,0.0,141.02748107910156,153.19415283203125,117.61791229248047,0.0,0.0,0.0,19.575225830078125,23.133975982666016,12.727925300598145,0.0,0.0,0.0
201.0,49.32272720336914,37835.0703125,3348.77001953125,20200.54296875,14285.7578125,3591.809326171875,22.03448486328125,0.0,13940.0341796875,0.10141389071941376,26.767362594604492,1.7284482717514038,4.350707530975342,4.434365749359131,1.6156085729599,2.6226799488067627,6.196714401245117,0.0009614704758860171,0.3878418803215027,1.1166216135025024,0.0,0.0,0.0,0.0,5513.0693359375,355.9952697753906,560.34228515625,493.7172546386719,281.5196838378906,0.0,1769.86767578125,0.17745071649551392,23.270511627197266,99.4909896850586,0.0,0.0,0.0,292.2630920410156,292.2630920410156,165.55377197265625,178.43533325195312,152.93048095703125,0.0,0.0,0.0,165.55377197265625,178.43533325195312,152.93048095703125,0.0,0.0,0.0,26.389991760253906,30.15785026550293,22.697681427001953,0.0,0.0,0.0
202.0,50.41704177856445,38138.75390625,3348.77001953125,20504.224609375,14285.7578125,3591.809326171875,21.91666603088379,0.0,14123.6884765625,0.10819381475448608,27.688756942749023,1.8198835849761963,4.398480415344238,4.439414024353027,1.6156085729599,2.6226799488067627,6.218599796295166,0.0009614704758860171,0.3878418803215027,1.1166216135025024,0.0,0.0,0.0,0.0,5633.45556640625,370.26702880859375,561.7091064453125,336.0711364746094,353.6764221191406,0.0,1841.67529296875,0.15286000072956085,23.270511627197266,99.4909896850586,0.0,0.0,0.0,293.64990234375,293.64990234375,169.5553436279297,179.21937561035156,114.94422149658203,0.0,0.0,0.0,169.5553436279297,179.21937561035156,114.94422149658203,0.0,0.0,0.0,27.67827033996582,30.5049991607666,11.70451831817627,0.0,0.0,0.0
203.0,51.11232376098633,38306.33203125,3348.77001953125,20671.802734375,14285.7578125,3591.809326171875,21.579959869384766,0.0,14400.4609375,0.11189092695713043,28.19119644165039,1.8692594766616821,4.523099899291992,4.442630290985107,1.6156085729599,2.6226799488067627,6.230534076690674,0.0009614704758860171,0.3878418803215027,1.1166216135025024,0.0,0.0,0.0,0.0,5687.81640625,377.13916015625,573.5961303710938,1664.6661376953125,615.0870971679688,0.0,363.97515869140625,0.020740892738103867,23.120271682739258,99.34455871582031,0.0,0.0,0.0,295.0815734863281,295.0815734863281,135.9923858642578,151.13336181640625,140.29946899414062,0.0,0.0,0.0,135.9923858642578,151.13336181640625,140.29946899414062,0.0,0.0,0.0,18.19781494140625,22.626548767089844,19.4576358795166,0.0,0.0,0.0
204.0,51.58824920654297,38400.23046875,3348.77001953125,20765.703125,14285.7578125,3591.809326171875,21.11888885498047,0.0,14742.451171875,0.11392105370759964,28.466964721679688,1.896998643875122,4.680859088897705,4.448706150054932,1.6156085729599,2.6226799488067627,6.237086296081543,0.0009614704758860171,0.3878418803215027,1.1166216135025024,0.0,0.0,0.0,0.0,5779.80859375,385.1583251953125,595.730224609375,1779.41552734375,616.90087890625,0.0,421.3384094238281,0.023999234661459923,0.0,55.272769927978516,0.0,0.0,0.0,296.5560302734375,296.5560302734375,115.46827697753906,134.36187744140625,129.0216827392578,0.0,0.0,0.0,115.46827697753906,134.36187744140625,129.0216827392578,0.0,0.0,0.0,12.655582427978516,18.181961059570312,16.61995506286621,0.0,0.0,0.0
205.0,51.89775085449219,38678.87890625,3348.77001953125,20942.98046875,14387.1279296875,3591.809326171875,20.446746826171875,0.0,15322.037109375,0.11467624455690384,28.569496154785156,1.907251000404358,4.870910167694092,4.4521803855896,1.6156085729599,2.6226799488067627,6.2395219802856445,0.0009614704758860171,0.3878418803215027,1.1166216135025024,0.0,0.0,0.0,0.0,5822.3291015625,388.68878173828125,620.52197265625,1748.475830078125,1009.6918334960938,0.0,379.0970764160156,0.02158968895673752,0.0,53.712345123291016,0.0,0.0,0.0,298.06317138671875,298.06317138671875,77.45632934570312,113.99128723144531,88.06327819824219,0.0,0.0,0.0,77.45632934570312,113.99128723144531,88.06327819824219,0.0,0.0,0.0,2.2092297077178955,12.895705223083496,5.311761379241943,0.0,0.0,0.0
206.0,52.339298248291016,39033.53515625,3348.77001953125,21075.978515625,14608.7861328125,3591.809326171875,20.4871883392334,0.0,15431.078125,0.11590642482042313,28.73636245727539,1.924515724182129,5.119165420532227,4.456145286560059,1.6156085729599,2.6226799488067627,6.243488788604736,0.0009614704758860171,0.3878418803215027,1.1166216135025024,0.0,0.0,0.0,0.0,5853.16455078125,391.994873046875,650.7022705078125,1745.6866455078125,1009.3580932617188,0.0,388.3504943847656,0.022110838443040848,0.0,55.19264602661133,0.0,0.0,0.0,299.5777893066406,299.5777893066406,113.107177734375,129.61265563964844,116.59208679199219,0.0,0.0,0.0,113.107177734375,129.61265563964844,116.59208679199219,0.0,0.0,0.0,12.596661567687988,17.424514770507812,13.615998268127441,0.0,0.0,0.0
207.0,52.69850540161133,39236.15625,3348.77001953125,21235.404296875,14651.98046875,3591.809326171875,21.225229263305664,0.0,14987.2666015625,0.11721036583185196,28.913177490234375,1.9426672458648682,5.275019645690918,4.459027290344238,1.6156085729599,2.6226799488067627,6.247692108154297,0.0009614704758860171,0.3878418803215027,1.1166216135025024,0.0,0.0,0.0,0.0,5813.60400390625,390.6142272949219,663.5693969726562,1691.3387451171875,835.0184936523438,0.0,349.96490478515625,0.019919777289032936,0.0,49.91570281982422,0.0,0.0,0.0,301.0616455078125,301.0616455078125,124.92010498046875,136.24183654785156,114.55072784423828,0.0,0.0,0.0,124.92010498046875,136.24183654785156,114.55072784423828,0.0,0.0,0.0,15.3139009475708,18.625507354736328,12.28085994720459,0.0,0.0,0.0
208.0,53.03400421142578,39309.03515625,3348.77001953125,21308.28515625,14651.98046875,3591.809326171875,21.25192642211914,0.0,14998.125,0.11850126832723618,29.08824920654297,1.9601062536239624,5.407353401184082,4.464227199554443,1.6156085729599,2.6226799488067627,6.251852989196777,0.0009614704758860171,0.3878418803215027,1.1166216135025024,0.0,0.0,0.0,0.0,5890.55859375,396.9342041015625,683.3650512695312,1778.1376953125,518.0780029296875,0.0,472.6831970214844,0.026897400617599487,0.0,60.1273193359375,0.0,0.0,0.0,302.5102233886719,302.5102233886719,123.66781616210938,140.4967041015625,126.11558532714844,0.0,0.0,0.0,123.66781616210938,140.4967041015625,126.11558532714844,0.0,0.0,0.0,14.920907974243164,19.843358993530273,15.636880874633789,0.0,0.0,0.0
209.0,53.21938705444336,39333.66015625,3348.77001953125,21332.91015625,14651.98046875,3591.809326171875,22.279863357543945,0.0,14337.67578125,0.11922893673181534,29.186935424804688,1.96986985206604,5.4759016036987305,4.469313144683838,1.6156085729599,2.6226799488067627,6.254423141479492,0.0009614704758860171,0.3878418803215027,1.1166216135025024,0.0,0.0,0.0,0.0,5796.0771484375,391.1859130859375,681.9517822265625,1688.842529296875,365.5223693847656,0.0,377.4407653808594,0.021474098786711693,0.0,52.582061767578125,0.0,0.0,0.0,303.9322814941406,303.9322814941406,101.63482666015625,136.50149536132812,135.43589782714844,0.0,0.0,0.0,101.63482666015625,136.50149536132812,135.43589782714844,0.0,0.0,0.0,7.448322772979736,17.646821975708008,17.33513641357422,0.0,0.0,0.0
210.0,53.304176330566406,39344.0234375,3348.77001953125,21343.2734375,14651.98046875,3591.809326171875,22.563657760620117,0.0,14168.6708984375,0.11952422559261322,29.226970672607422,1.9738985300064087,5.502290725708008,4.478313446044922,1.6156085729599,2.6226799488067627,6.259463787078857,0.0009614704758860171,0.3878418803215027,1.1166216135025024,0.0,0.0,0.0,0.0,5769.0908203125,389.6264343261719,682.0953369140625,1657.6334228515625,345.095458984375,0.0,346.4476318359375,0.019704272970557213,0.0,48.40300750732422,0.0,0.0,0.0,305.30633544921875,305.30633544921875,93.72207641601562,125.3301010131836,131.1172332763672,0.0,0.0,0.0,93.72207641601562,125.3301010131836,131.1172332763672,0.0,0.0,0.0,4.8500494956970215,14.0953950881958,15.788130760192871,0.0,0.0,0.0
211.0,53.35142135620117,39356.23828125,3348.77001953125,21355.48828125,14651.98046875,3591.809326171875,22.902084350585938,0.0,13972.19140625,0.1196635439991951,29.245868682861328,1.9757497310638428,5.514249801635742,4.485495567321777,1.6156085729599,2.6226799488067627,6.266680717468262,0.0009614704758860171,0.3878418803215027,1.1166216135025024,0.0,0.0,0.0,0.0,5732.40380859375,387.2613830566406,680.0067749023438,1613.064208984375,337.2261657714844,0.0,310.5225830078125,0.01765257865190506,0.0,44.21821594238281,0.0,0.0,0.0,306.653076171875,306.653076171875,115.17647552490234,111.01774597167969,115.83543395996094,0.0,0.0,0.0,115.17647552490234,111.01774597167969,115.83543395996094,0.0,0.0,0.0,10.78703498840332,9.570606231689453,10.979780197143555,0.0,0.0,0.0
212.0,53.38146209716797,39360.98828125,3348.77001953125,21360.236328125,14651.98046875,3800.188720703125,22.254846572875977,0.0,14368.958984375,0.11972981691360474,29.254863739013672,1.9766017198562622,5.519804000854492,4.489636421203613,1.6156085729599,2.6226799488067627,6.277115345001221,0.0009614704758860171,0.3878418803215027,1.1166216135025024,0.0,0.0,0.0,0.0,5824.88232421875,393.55755615234375,688.5076904296875,1724.682861328125,270.0925598144531,0.0,413.625,0.023497385904192924,0.0,55.272769927978516,0.0,0.0,0.0,307.9839782714844,307.9839782714844,119.31974792480469,130.96176147460938,107.20915222167969,0.0,0.0,0.0,119.31974792480469,130.96176147460938,107.20915222167969,0.0,0.0,0.0,12.64617919921875,16.051467895507812,9.103830337524414,0.0,0.0,0.0
213.0,53.40223693847656,39371.75390625,3348.77001953125,21371.00390625,14651.98046875,3800.188720703125,22.26412010192871,0.0,14368.958984375,0.11974851042032242,29.257402420043945,1.976828694343567,5.528859615325928,4.491030693054199,1.6156085729599,2.6226799488067627,6.28465461730957,0.0009614704758860171,0.3878418803215027,1.1166216135025024,0.0,0.0,0.0,0.0,5823.0556640625,393.4451904296875,689.3565063476562,1676.66162109375,276.93011474609375,0.0,409.7079162597656,0.023263078182935715,11.661988258361816,88.46065521240234,0.0,0.0,0.0,309.32525634765625,309.32525634765625,113.58609008789062,154.00222778320312,126.53409576416016,0.0,0.0,0.0,113.58609008789062,154.00222778320312,126.53409576416016,0.0,0.0,0.0,10.959811210632324,22.781530380249023,14.747101783752441,0.0,0.0,0.0
214.0,53.44019317626953,39422.07421875,3348.77001953125,21421.32421875,14651.98046875,3800.188720703125,21.996389389038086,0.0,14558.265625,0.11975577473640442,29.25838851928711,1.9769084453582764,5.560725212097168,4.492293834686279,1.6156085729599,2.6226799488067627,6.28840970993042,0.0009614704758860171,0.3878418803215027,1.1166216135025024,0.0,0.0,0.0,0.0,5845.50830078125,394.96484375,695.0594482421875,1618.6102294921875,350.5408935546875,0.0,488.57977294921875,0.027734367176890373,12.737048149108887,89.43484497070312,0.0,0.0,0.0,310.67822265625,310.67822265625,90.21402740478516,161.33030700683594,132.38128662109375,0.0,0.0,0.0,90.21402740478516,161.33030700683594,132.38128662109375,0.0,0.0,0.0,4.3912129402160645,25.192726135253906,16.725135803222656,0.0,0.0,0.0
215.0,53.58347702026367,39535.3515625,3348.77001953125,21534.603515625,14651.98046875,3800.188720703125,21.625123977661133,0.0,14843.5595703125,0.11976946890354156,29.26024627685547,1.977081060409546,5.691043376922607,4.49560546875,1.6156085729599,2.6226799488067627,6.296016693115234,0.0009614704758860171,0.3878418803215027,1.1166216135025024,0.0,0.0,0.0,0.0,5847.98388671875,395.1415100097656,710.7626342773438,1627.341552734375,612.1432495117188,0.0,371.9219665527344,0.02110159955918789,22.33809471130371,98.58222198486328,0.0,0.0,0.0,312.0730895996094,312.0730895996094,135.77001953125,152.8459930419922,125.0284423828125,0.0,0.0,0.0,135.77001953125,152.8459930419922,125.0284423828125,0.0,0.0,0.0,18.08760643005371,23.08232879638672,14.945693969726562,0.0,0.0,0.0
216.0,53.828857421875,39611.93359375,3348.77001953125,21611.181640625,14651.98046875,3800.188720703125,21.171131134033203,0.0,15182.51953125,0.11978506296873093,29.26236343383789,1.9772815704345703,5.919224739074707,4.501589775085449,1.6156085729599,2.6226799488067627,6.304900169372559,0.0009614704758860171,0.3878418803215027,1.1166216135025024,0.0,0.0,0.0,0.0,5906.2548828125,399.09039306640625,743.4129638671875,1749.6270751953125,614.9320068359375,0.0,441.9432678222656,0.025059634819626808,0.0,57.82652282714844,0.0,0.0,0.0,313.513671875,313.513671875,125.08638763427734,135.0653076171875,126.87049102783203,0.0,0.0,0.0,125.08638763427734,135.0653076171875,126.87049102783203,0.0,0.0,0.0,15.416637420654297,18.335472106933594,15.93848705291748,0.0,0.0,0.0
217.0,54.03410720825195,39859.7109375,3348.77001953125,21761.400390625,14749.5390625,3800.188720703125,20.476154327392578,0.0,15779.4052734375,0.11979091912508011,29.263158798217773,1.9773564338684082,6.117252349853516,4.504552841186523,1.6156085729599,2.6226799488067627,6.30828332901001,0.0009614704758860171,0.3878418803215027,1.1166216135025024,0.0,0.0,0.0,0.0,5941.0439453125,401.4454345703125,770.4418334960938,1730.8951416015625,1007.4844970703125,0.0,407.0311279296875,0.023074831813573837,0.0,55.318763732910156,0.0,0.0,0.0,314.99139404296875,314.99139404296875,79.17486572265625,115.54009246826172,83.47380828857422,0.0,0.0,0.0,79.17486572265625,115.54009246826172,83.47380828857422,0.0,0.0,0.0,2.6824939250946045,13.319321632385254,3.9399337768554688,0.0,0.0,0.0
218.0,54.399085998535156,40202.07421875,3348.77001953125,21878.900390625,14974.4033203125,3800.188720703125,20.504600524902344,0.0,15891.7041015625,0.11979927867650986,29.264293670654297,1.977464199066162,6.471480846405029,4.509190082550049,1.6156085729599,2.6226799488067627,6.313146114349365,0.0009614704758860171,0.3878418803215027,1.1166216135025024,0.0,0.0,0.0,0.0,5950.43310546875,402.086181640625,814.1383666992188,1730.883544921875,1008.1008911132812,0.0,423.9168701171875,0.024024371057748795,0.0,58.2550048828125,0.0,0.0,0.0,316.4793701171875,316.4793701171875,120.8002700805664,130.637451171875,106.84016418457031,0.0,0.0,0.0,120.8002700805664,130.637451171875,106.84016418457031,0.0,0.0,0.0,14.829476356506348,17.706851959228516,10.746147155761719,0.0,0.0,0.0
219.0,54.638492584228516,40283.04296875,3348.77001953125,21916.078125,15018.197265625,3800.188720703125,21.17648696899414,0.0,15434.650390625,0.11980418860912323,29.26495933532715,1.977527379989624,6.704001426696777,4.512478351593018,1.6156085729599,2.6226799488067627,6.316009998321533,0.0009614704758860171,0.3878418803215027,1.1166216135025024,0.0,0.0,0.0,0.0,5887.0361328125,397.80596923828125,835.6231689453125,1684.2918701171875,834.8070068359375,0.0,383.6532897949219,0.02173842303454876,0.0,55.272769927978516,0.0,0.0,0.0,317.943359375,317.943359375,127.93934631347656,136.809326171875,113.18130493164062,0.0,0.0,0.0,127.93934631347656,136.809326171875,113.18130493164062,0.0,0.0,0.0,16.245771408081055,18.840242385864258,11.929043769836426,0.0,0.0,0.0
220.0,54.75345230102539,40295.6640625,3348.77001953125,21928.6953125,15018.197265625,3800.188720703125,21.17031478881836,0.0,15445.8310546875,0.11980631947517395,29.265247344970703,1.9775550365447998,6.813096046447754,4.51677942276001,1.6156085729599,2.6226799488067627,6.31725549697876,0.0009614704758860171,0.3878418803215027,1.1166216135025024,0.0,0.0,0.0,0.0,5944.70166015625,401.7042541503906,854.6818237304688,1774.59423828125,518.5740966796875,0.0,523.9959716796875,0.029688026756048203,0.0,66.32732391357422,0.0,0.0,0.0,319.3780822753906,319.3780822753906,129.4625244140625,141.2427520751953,113.87841033935547,0.0,0.0,0.0,129.4625244140625,141.2427520751953,113.87841033935547,0.0,0.0,0.0,16.697471618652344,20.143190383911133,12.139122009277344,0.0,0.0,0.0
221.0,54.80537414550781,40301.13671875,3348.77001953125,21934.171875,15018.197265625,3800.188720703125,22.18413543701172,0.0,14765.66015625,0.11980713903903961,29.26535987854004,1.9775657653808594,6.857711315155029,4.520885467529297,1.6156085729599,2.6226799488067627,6.320331573486328,0.0009614704758860171,0.3878418803215027,1.1166216135025024,0.0,0.0,0.0,0.0,5838.25244140625,394.5117492675781,848.764404296875,1695.7198486328125,366.12359619140625,0.0,423.9831237792969,0.024016739800572395,0.0,57.66769790649414,0.0,0.0,0.0,320.7906494140625,320.7906494140625,104.4510726928711,137.69400024414062,116.64108276367188,0.0,0.0,0.0,104.4510726928711,137.69400024414062,116.64108276367188,0.0,0.0,0.0,8.367803573608398,18.091358184814453,11.933380126953125,0.0,0.0,0.0
222.0,54.829673767089844,40309.2890625,3348.77001953125,21942.3203125,15018.197265625,3800.188720703125,22.465435028076172,0.0,14591.6201171875,0.11980731785297394,29.265382766723633,1.9775680303573608,6.873030185699463,4.52638578414917,1.6156085729599,2.6226799488067627,6.323784351348877,0.0009614704758860171,0.3878418803215027,1.1166216135025024,0.0,0.0,0.0,0.0,5806.81884765625,392.3877868652344,847.2069091796875,1669.30029296875,345.76513671875,0.0,389.6756591796875,0.02206842415034771,0.0,55.272769927978516,0.0,0.0,0.0,322.1587829589844,322.1587829589844,115.82939910888672,129.145751953125,119.64764404296875,0.0,0.0,0.0,115.82939910888672,129.145751953125,119.64764404296875,0.0,0.0,0.0,11.41466236114502,15.309699058532715,12.531500816345215,0.0,0.0,0.0
223.0,54.87278747558594,40360.62890625,3348.77001953125,21993.66015625,15018.197265625,3800.188720703125,22.82452392578125,0.11115184426307678,14389.26953125,0.1198073998093605,29.26539421081543,1.9775691032409668,6.906705379486084,4.53125,1.6156085729599,2.6226799488067627,6.328346252441406,0.0009614704758860171,0.3878418803215027,1.1166216135025024,0.0,0.0,0.0,0.0,5766.89794921875,389.6902160644531,846.91259765625,1625.9222412109375,337.8964538574219,0.0,348.7044982910156,0.019742025062441826,0.0,52.7623405456543,0.0,0.0,0.0,323.5036315917969,323.5036315917969,112.8980941772461,120.3651351928711,126.23019409179688,0.0,0.0,0.0,112.8980941772461,120.3651351928711,126.23019409179688,0.0,0.0,0.0,10.087017059326172,12.271125793457031,13.986655235290527,0.0,0.0,0.0
224.0,54.98550796508789,40631.16015625,3581.070068359375,22031.892578125,15018.197265625,3976.995361328125,22.32484245300293,0.0,14797.8837890625,0.11980757862329483,29.265419006347656,1.9775712490081787,6.9915337562561035,4.542097568511963,1.6156085729599,2.6226799488067627,6.34536600112915,0.0009614704758860171,0.3878418803215027,1.1166216135025024,0.0,0.0,0.0,0.0,5856.81396484375,395.76629638671875,866.4998779296875,1726.3619384765625,270.59503173828125,0.0,464.07257080078125,0.02624404989182949,0.0,62.569087982177734,0.0,0.0,0.0,324.838134765625,324.838134765625,131.0885467529297,132.08062744140625,113.93791961669922,0.0,0.0,0.0,131.0885467529297,132.08062744140625,113.93791961669922,0.0,0.0,0.0,16.018556594848633,16.308740615844727,11.001999855041504,0.0,0.0,0.0
225.0,55.06739044189453,40651.9765625,3581.070068359375,22052.7109375,15018.197265625,3976.995361328125,22.339401245117188,0.0,14797.8837890625,0.11980767548084259,29.265432357788086,1.9775723218917847,7.049891471862793,4.548392295837402,1.6156085729599,2.6226799488067627,6.3625807762146,0.0009614704758860171,0.3878418803215027,1.1166216135025024,0.0,0.0,0.0,0.0,5853.16943359375,395.52008056640625,872.9862060546875,1672.2044677734375,277.41217041015625,0.0,457.8587951660156,0.025863228365778923,17.91221046447754,94.26860046386719,0.0,0.0,0.0,326.1855163574219,326.1855163574219,121.73664855957031,147.341064453125,118.61943054199219,0.0,0.0,0.0,121.73664855957031,147.341064453125,118.61943054199219,0.0,0.0,0.0,13.26856803894043,20.75786018371582,12.356781005859375,0.0,0.0,0.0
226.0,55.1237678527832,40672.921875,3581.070068359375,22073.654296875,15018.197265625,3976.995361328125,22.05363655090332,0.0,14992.8427734375,0.11980771273374557,29.265438079833984,1.9775729179382324,7.093050956726074,4.551505088806152,1.6156085729599,2.6226799488067627,6.372679710388184,0.0009614704758860171,0.3878418803215027,1.1166216135025024,0.0,0.0,0.0,0.0,5875.75341796875,397.04620361328125,880.5313720703125,1674.404052734375,351.158203125,0.0,469.63812255859375,0.02651083469390869,23.270511627197266,99.4909896850586,0.0,0.0,0.0,327.544189453125,327.544189453125,157.65367126464844,154.76025390625,139.3829803466797,0.0,0.0,0.0,157.65367126464844,154.76025390625,139.3829803466797,0.0,0.0,0.0,24.060060501098633,23.2137393951416,18.71588706970215,0.0,0.0,0.0
227.0,55.178321838378906,40686.8046875,3581.070068359375,22087.537109375,15018.197265625,3976.995361328125,21.626264572143555,0.0,15286.6494140625,0.11980774998664856,29.26544189453125,1.977573275566101,7.135668754577637,4.554413795471191,1.6156085729599,2.6226799488067627,6.3817033767700195,0.0009614704758860171,0.3878418803215027,1.1166216135025024,0.0,0.0,0.0,0.0,5881.9990234375,397.46826171875,886.2567749023438,1643.3931884765625,613.4515991210938,0.0,422.464599609375,0.02383371628820896,23.270511627197266,99.4909896850586,0.0,0.0,0.0,328.9466857910156,328.9466857910156,144.0612335205078,157.41207885742188,141.96665954589844,0.0,0.0,0.0,144.0612335205078,157.41207885742188,141.96665954589844,0.0,0.0,0.0,20.511646270751953,24.41676902770996,19.898983001708984,0.0,0.0,0.0
228.0,55.210227966308594,40691.84375,3581.070068359375,22092.576171875,15018.197265625,3976.995361328125,21.15185546875,0.0,15622.5888671875,0.11980776488780975,29.265443801879883,1.9775735139846802,7.159353256225586,4.55785608291626,1.6156085729599,2.6226799488067627,6.386477470397949,0.0009614704758860171,0.3878418803215027,1.1166216135025024,0.0,0.0,0.0,0.0,5945.19677734375,401.73876953125,895.958740234375,1765.485107421875,616.538818359375,0.0,501.37274169921875,0.028276504948735237,0.0,66.32732391357422,0.0,0.0,0.0,330.40032958984375,330.40032958984375,115.49604034423828,139.50682067871094,126.10072326660156,0.0,0.0,0.0,115.49604034423828,139.50682067871094,126.10072326660156,0.0,0.0,0.0,12.630736351013184,19.65389060974121,15.732605934143066,0.0,0.0,0.0
229.0,55.22732925415039,40788.3125,3581.070068359375,22095.294921875,15111.9501953125,3976.995361328125,20.377883911132812,0.0,16236.7822265625,0.11980777233839035,29.265445709228516,1.9775736331939697,7.171488285064697,4.560441017150879,1.6156085729599,2.6226799488067627,6.38886022567749,0.0009614704758860171,0.3878418803215027,1.1166216135025024,0.0,0.0,0.0,0.0,5987.69140625,404.61029052734375,902.0618896484375,1760.54296875,1010.8104858398438,0.0,472.923095703125,0.02666781097650528,0.0,66.18795776367188,0.0,0.0,0.0,331.9001159667969,331.9001159667969,73.92051696777344,113.96440124511719,108.94588470458984,0.0,0.0,0.0,73.92051696777344,113.96440124511719,108.94588470458984,0.0,0.0,0.0,1.2438677549362183,12.95670223236084,11.488787651062012,0.0,0.0,0.0
230.0,55.2356071472168,41017.24609375,3581.070068359375,22096.154296875,15340.0224609375,3976.995361328125,20.345849990844727,0.0,16352.3310546875,0.11980777978897095,29.265445709228516,1.9775736331939697,7.176056861877441,4.561615943908691,1.6156085729599,2.6226799488067627,6.391393661499023,0.0009614704758860171,0.3878418803215027,1.1166216135025024,0.0,0.0,0.0,0.0,6008.64697265625,406.0263366699219,904.8621215820312,1780.4501953125,1012.48095703125,0.0,502.3454284667969,0.0283222496509552,0.0,66.32732391357422,0.0,0.0,0.0,333.4182434082031,333.4182434082031,110.76441192626953,132.1664276123047,117.84465026855469,0.0,0.0,0.0,110.76441192626953,132.1664276123047,117.84465026855469,0.0,0.0,0.0,12.052741050720215,18.312829971313477,14.123709678649902,0.0,0.0,0.0
231.0,55.24089431762695,41064.578125,3581.070068359375,22099.09375,15384.4150390625,3976.995361328125,20.994951248168945,0.0,15882.0244140625,0.11980777978897095,29.265445709228516,1.9775736331939697,7.177690505981445,4.562541961669922,1.6156085729599,2.6226799488067627,6.394119739532471,0.0009614704758860171,0.3878418803215027,1.1166216135025024,0.0,0.0,0.0,0.0,5951.0498046875,402.13427734375,898.6590576171875,1745.8111572265625,838.909423828125,0.0,461.7857360839844,0.026030907407402992,0.0,64.50653076171875,0.0,0.0,0.0,334.9149169921875,334.9149169921875,110.86463165283203,137.98899841308594,110.85820007324219,0.0,0.0,0.0,110.86463165283203,137.98899841308594,110.85820007324219,0.0,0.0,0.0,11.432952880859375,19.366832733154297,11.431071281433105,0.0,0.0,0.0
232.0,55.24701690673828,41067.34375,3581.070068359375,22101.859375,15384.4150390625,3976.995361328125,20.983631134033203,0.0,15893.5380859375,0.11980777978897095,29.265445709228516,1.9775736331939697,7.178761005401611,4.565340518951416,1.6156085729599,2.6226799488067627,6.396374225616455,0.0009614704758860171,0.3878418803215027,1.1166216135025024,0.0,0.0,0.0,0.0,6013.28271484375,406.3395690917969,905.5505981445312,1840.4534912109375,521.3160400390625,0.0,615.8663940429688,0.034711405634880066,0.0,66.32732391357422,0.0,0.0,0.0,336.38189697265625,336.38189697265625,129.61131286621094,142.24974060058594,112.95418548583984,0.0,0.0,0.0,129.61131286621094,142.24974060058594,112.95418548583984,0.0,0.0,0.0,16.927677154541016,20.62441635131836,12.05546760559082,0.0,0.0,0.0
233.0,55.255149841308594,41070.390625,3581.070068359375,22104.90625,15384.4150390625,3976.995361328125,21.98792266845703,0.0,15193.654296875,0.11980777978897095,29.265445709228516,1.9775736331939697,7.1830267906188965,4.567687511444092,1.6156085729599,2.6226799488067627,6.397894382476807,0.0009614704758860171,0.3878418803215027,1.1166216135025024,0.0,0.0,0.0,0.0,5905.369140625,399.0474548339844,894.120361328125,1759.9071044921875,368.03973388671875,0.0,503.45782470703125,0.028373029083013535,0.0,66.32732391357422,0.0,0.0,0.0,337.82855224609375,337.82855224609375,113.84019470214844,138.15065002441406,130.46414184570312,0.0,0.0,0.0,113.84019470214844,138.15065002441406,130.46414184570312,0.0,0.0,0.0,11.310335159301758,18.421144485473633,16.172840118408203,0.0,0.0,0.0
234.0,55.29296112060547,41162.6328125,3581.070068359375,22197.146484375,15384.4150390625,3976.995361328125,22.312458038330078,0.0,15014.5595703125,0.11980777978897095,29.265445709228516,1.9775736331939697,7.216946601867676,4.569884300231934,1.6156085729599,2.6226799488067627,6.399589538574219,0.0009614704758860171,0.3878418803215027,1.1166216135025024,0.0,0.0,0.0,0.0,5872.54150390625,396.8291931152344,894.4853515625,1732.11376953125,347.53912353515625,0.0,466.7418212890625,0.02630091831088066,0.0,63.98030090332031,0.0,0.0,0.0,339.23394775390625,339.23394775390625,104.61767578125,129.6902618408203,125.72164916992188,0.0,0.0,0.0,104.61767578125,129.6902618408203,125.72164916992188,0.0,0.0,0.0,8.288211822509766,15.621942520141602,14.461125373840332,0.0,0.0,0.0
235.0,55.512847900390625,41251.234375,3581.070068359375,22285.75,15384.4150390625,3976.995361328125,22.689273834228516,0.0,14806.3388671875,0.11980777978897095,29.265445709228516,1.9775736331939697,7.412456512451172,4.582571506500244,1.6156085729599,2.6226799488067627,6.411277770996094,0.0009614704758860171,0.3878418803215027,1.1166216135025024,0.0,0.0,0.0,0.0,5826.5908203125,393.72412109375,912.4352416992188,1687.8577880859375,339.45538330078125,0.0,414.3246765136719,0.023329274728894234,0.0,58.20868682861328,0.0,0.0,0.0,340.6185302734375,340.6185302734375,104.5541000366211,116.5184097290039,116.02356719970703,0.0,0.0,0.0,104.5541000366211,116.5184097290039,116.02356719970703,0.0,0.0,0.0,7.8927998542785645,11.392361640930176,11.247620582580566,0.0,0.0,0.0
236.0,55.67841720581055,41280.2890625,3581.070068359375,22314.8046875,15384.4150390625,3976.995361328125,22.059814453125,0.0,15226.7998046875,0.11980777978897095,29.265445709228516,1.9775736331939697,7.549365520477295,4.5914835929870605,1.6156085729599,2.6226799488067627,6.431027889251709,0.0009614704758860171,0.3878418803215027,1.1166216135025024,0.0,0.0,0.0,0.0,5916.86279296875,399.8241271972656,938.9093017578125,1777.9364013671875,271.8363342285156,0.0,542.7302856445312,0.03051978163421154,0.0,66.32732391357422,0.0,0.0,0.0,341.9947204589844,341.9947204589844,86.5037841796875,135.0450897216797,127.38237762451172,0.0,0.0,0.0,86.5037841796875,135.0450897216797,127.38237762451172,0.0,0.0,0.0,3.2425427436828613,17.440874099731445,15.199529647827148,0.0,0.0,0.0
237.0,55.770347595214844,41302.6484375,3581.070068359375,22337.1640625,15384.4150390625,3976.995361328125,22.07486343383789,0.0,15226.7998046875,0.11980777978897095,29.265445709228516,1.9775736331939697,7.614941120147705,4.595759868621826,1.6156085729599,2.6226799488067627,6.453104019165039,0.0009614704758860171,0.3878418803215027,1.1166216135025024,0.0,0.0,0.0,0.0,5912.95458984375,399.56005859375,946.20849609375,1716.43896484375,278.6789245605469,0.0,536.4323120117188,0.030122023075819016,23.270511627197266,99.4909896850586,0.0,0.0,0.0,343.38653564453125,343.38653564453125,138.86656188964844,153.24659729003906,127.90707397460938,0.0,0.0,0.0,138.86656188964844,153.24659729003906,127.90707397460938,0.0,0.0,0.0,18.543607711791992,22.749765396118164,15.337956428527832,0.0,0.0,0.0
238.0,55.82902145385742,41312.125,3581.070068359375,22346.640625,15384.4150390625,3976.995361328125,21.78605079650879,0.0,15427.4111328125,0.11980777978897095,29.265445709228516,1.9775736331939697,7.653759956359863,4.598315715789795,1.6156085729599,2.6226799488067627,6.470404624938965,0.0009614704758860171,0.3878418803215027,1.1166216135025024,0.0,0.0,0.0,0.0,5936.31396484375,401.1385192871094,953.5275268554688,725.5479736328125,352.7809753417969,0.0,1554.626953125,0.08719684183597565,23.270511627197266,99.4909896850586,0.0,0.0,0.0,344.79461669921875,344.79461669921875,110.35566711425781,170.55105590820312,151.79933166503906,0.0,0.0,0.0,110.35566711425781,170.55105590820312,151.79933166503906,0.0,0.0,0.0,10.492981910705566,28.10013198852539,22.615251541137695,0.0,0.0,0.0
239.0,55.857582092285156,41315.125,3581.070068359375,22349.640625,15384.4150390625,3976.995361328125,21.35781478881836,0.0,15729.7392578125,0.11980777978897095,29.265445709228516,1.9775736331939697,7.671774864196777,4.599506378173828,1.6156085729599,2.6226799488067627,6.47976016998291,0.0009614704758860171,0.3878418803215027,1.1166216135025024,0.0,0.0,0.0,0.0,5943.86474609375,401.6487731933594,956.5860595703125,1704.6400146484375,616.355712890625,0.0,503.0877380371094,0.028200095519423485,23.270511627197266,99.4909896850586,0.0,0.0,0.0,346.2483825683594,346.2483825683594,133.0715789794922,160.9189910888672,146.23492431640625,0.0,0.0,0.0,133.0715789794922,160.9189910888672,146.23492431640625,0.0,0.0,0.0,17.565624237060547,25.71099090576172,21.41590118408203,0.0,0.0,0.0
240.0,55.869781494140625,41316.07421875,3581.070068359375,22350.58984375,15384.4150390625,3976.995361328125,20.904001235961914,0.0,16062.6572265625,0.11980777978897095,29.265445709228516,1.9775736331939697,7.679206371307373,4.599998474121094,1.6156085729599,2.6226799488067627,6.484035968780518,0.0009614704758860171,0.3878418803215027,1.1166216135025024,0.0,0.0,0.0,0.0,6006.607421875,405.8885192871094,964.7575073242188,1796.2940673828125,619.4214477539062,0.0,589.6921997070312,0.03304531052708626,11.635255813598633,77.38188171386719,0.0,0.0,0.0,347.7560729980469,347.7560729980469,107.71101379394531,141.47988891601562,111.99076080322266,0.0,0.0,0.0,107.71101379394531,141.47988891601562,111.99076080322266,0.0,0.0,0.0,10.601469993591309,20.478866577148438,11.85329532623291,0.0,0.0,0.0
241.0,55.87464141845703,41406.31640625,3581.070068359375,22350.888671875,15474.359375,3976.995361328125,20.134775161743164,0.0,16694.150390625,0.11980777978897095,29.265445709228516,1.9775736331939697,7.680905342102051,4.6001105308532715,1.6156085729599,2.6226799488067627,6.487085342407227,0.0009614704758860171,0.3878418803215027,1.1166216135025024,0.0,0.0,0.0,0.0,6050.880859375,408.8802490234375,970.1926879882812,1816.939697265625,1015.6681518554688,0.0,566.5973510742188,0.0317448228597641,0.0,66.32732391357422,0.0,0.0,0.0,349.31011962890625,349.31011962890625,69.19489288330078,117.19658660888672,83.0002670288086,0.0,0.0,0.0,69.19489288330078,117.19658660888672,83.0002670288086,0.0,0.0,0.0,0.10473190248012543,14.145227432250977,4.142802715301514,0.0,0.0,0.0
242.0,55.88068389892578,41643.88671875,3581.070068359375,22357.1796875,15705.6396484375,3976.995361328125,20.105527877807617,0.0,16812.95703125,0.11980777978897095,29.265445709228516,1.9775736331939697,7.681292533874512,4.60024881362915,1.6156085729599,2.6226799488067627,6.492599964141846,0.0009614704758860171,0.3878418803215027,1.1166216135025024,0.0,0.0,0.0,0.0,6072.44384765625,410.33734130859375,972.7019653320312,1835.21240234375,1017.38720703125,0.0,597.4077758789062,0.03345904126763344,1.1127108335494995,67.33563232421875,0.0,0.0,0.0,350.8816833496094,350.8816833496094,110.18695068359375,132.6547088623047,99.50440979003906,0.0,0.0,0.0,110.18695068359375,132.6547088623047,99.50440979003906,0.0,0.0,0.0,12.12415599822998,18.695974349975586,8.999512672424316,0.0,0.0,0.0
243.0,55.89986801147461,41704.42578125,3581.070068359375,22372.724609375,15750.6318359375,3976.995361328125,20.753652572631836,0.0,16329.4072265625,0.11980777978897095,29.265445709228516,1.9775736331939697,7.681972026824951,4.602230548858643,1.6156085729599,2.6226799488067627,6.509122371673584,0.0009614704758860171,0.3878418803215027,1.1166216135025024,0.0,0.0,0.0,0.0,6013.3798828125,406.34613037109375,965.7689208984375,1800.70947265625,842.8969116210938,0.0,551.2570190429688,0.0308412816375494,0.0,66.32732391357422,0.0,0.0,0.0,352.4289855957031,352.4289855957031,109.60066986083984,138.6936492919922,112.26152038574219,0.0,0.0,0.0,109.60066986083984,138.6936492919922,112.26152038574219,0.0,0.0,0.0,11.304543495178223,19.814237594604492,12.082841873168945,0.0,0.0,0.0
244.0,55.92985916137695,41714.34375,3581.070068359375,22382.64453125,15750.6318359375,3976.995361328125,20.746021270751953,0.0,16341.2353515625,0.11980777978897095,29.265445709228516,1.9775736331939697,7.6826958656311035,4.608038902282715,1.6156085729599,2.6226799488067627,6.532583713531494,0.0009614704758860171,0.3878418803215027,1.1166216135025024,0.0,0.0,0.0,0.0,6076.61083984375,410.6189270019531,973.1010131835938,1885.0484619140625,523.8191528320312,0.0,706.337646484375,0.03945807367563248,5.8480224609375,71.74143981933594,0.0,0.0,0.0,353.9468078613281,353.9468078613281,122.11571502685547,143.3649444580078,116.0298080444336,0.0,0.0,0.0,122.11571502685547,143.3649444580078,116.0298080444336,0.0,0.0,0.0,14.972825050354004,21.18822479248047,13.192695617675781,0.0,0.0,0.0
245.0,55.95695495605469,41725.06640625,3581.070068359375,22393.36328125,15750.6318359375,3976.995361328125,21.74371910095215,0.0,15621.638671875,0.11980777978897095,29.265445709228516,1.9775736331939697,7.683082580566406,4.613276481628418,1.6156085729599,2.6226799488067627,6.554054260253906,0.0009614704758860171,0.3878418803215027,1.1166216135025024,0.0,0.0,0.0,0.0,5966.2265625,403.15985107421875,960.1217651367188,1813.3604736328125,369.7517395019531,0.0,587.9827880859375,0.03280071169137955,0.0,66.32732391357422,0.0,0.0,0.0,355.4432678222656,355.4432678222656,100.27608489990234,138.99510192871094,120.78511810302734,0.0,0.0,0.0,100.27608489990234,138.99510192871094,120.78511810302734,0.0,0.0,0.0,7.587035655975342,18.9123477935791,13.585929870605469,0.0,0.0,0.0
246.0,55.984859466552734,41740.22265625,3581.070068359375,22408.5234375,15750.6318359375,3976.995361328125,22.023435592651367,0.0,15437.5,0.11980777978897095,29.265445709228516,1.9775736331939697,7.683273792266846,4.620009899139404,1.6156085729599,2.6226799488067627,6.5750322341918945,0.0009614704758860171,0.3878418803215027,1.1166216135025024,0.0,0.0,0.0,0.0,5933.7392578125,400.96453857421875,956.2776489257812,1787.983154296875,349.17364501953125,0.0,546.9849853515625,0.0304720439016819,0.0,66.32732391357422,0.0,0.0,0.0,356.8941345214844,356.8941345214844,89.5831069946289,130.47348022460938,127.25794982910156,0.0,0.0,0.0,89.5831069946289,130.47348022460938,127.25794982910156,0.0,0.0,0.0,4.179622173309326,16.140056610107422,15.199515342712402,0.0,0.0,0.0
247.0,56.02770233154297,41762.36328125,3581.070068359375,22430.6640625,15750.6318359375,3976.995361328125,22.359390258789062,0.0,15223.41796875,0.11980777978897095,29.265445709228516,1.9775736331939697,7.683466911315918,4.6295166015625,1.6156085729599,2.6226799488067627,6.608177661895752,0.0009614704758860171,0.3878418803215027,1.1166216135025024,0.0,0.0,0.0,0.0,5892.96728515625,398.2094421386719,951.4686279296875,1754.46728515625,341.2198181152344,0.0,491.1650390625,0.027303393930196762,0.0,66.32732391357422,0.0,0.0,0.0,358.3214416503906,358.3214416503906,106.68293762207031,123.89749145507812,122.5567855834961,0.0,0.0,0.0,106.68293762207031,123.89749145507812,122.5567855834961,0.0,0.0,0.0,8.845369338989258,13.88062572479248,13.488471031188965,0.0,0.0,0.0
248.0,56.06989669799805,41771.484375,3581.070068359375,22439.783203125,15750.6318359375,4226.224609375,21.72801971435547,0.0,15655.724609375,0.11980777978897095,29.265445709228516,1.9775736331939697,7.683594703674316,4.636590957641602,1.6156085729599,2.6226799488067627,6.643170356750488,0.0009614704758860171,0.3878418803215027,1.1166216135025024,0.0,0.0,0.0,0.0,5989.951171875,404.76300048828125,962.7586669921875,1842.998046875,273.3951416015625,0.0,635.7711181640625,0.03526163473725319,5.0207085609436035,70.93511199951172,0.0,0.0,0.0,359.7379455566406,359.7379455566406,121.67571258544922,140.1580047607422,122.0758056640625,0.0,0.0,0.0,121.67571258544922,140.1580047607422,122.0758056640625,0.0,0.0,0.0,13.862126350402832,19.2681941986084,13.979154586791992,0.0,0.0,0.0
249.0,56.104488372802734,41791.5703125,3581.070068359375,22459.8671875,15750.6318359375,4226.224609375,21.741531372070312,0.0,15655.724609375,0.11980777978897095,29.265445709228516,1.9775736331939697,7.683655738830566,4.640218257904053,1.6156085729599,2.6226799488067627,6.674072742462158,0.0009614704758860171,0.3878418803215027,1.1166216135025024,0.0,0.0,0.0,0.0,5988.09375,404.6374816894531,962.4937133789062,1794.724365234375,280.3286437988281,0.0,631.1182250976562,0.034933507442474365,23.270511627197266,99.4909896850586,0.0,0.0,0.0,361.1737976074219,361.1737976074219,156.76065063476562,161.87240600585938,136.560302734375,0.0,0.0,0.0,156.76065063476562,161.87240600585938,136.560302734375,0.0,0.0,0.0,24.110960006713867,25.606149673461914,18.20235824584961,0.0,0.0,0.0
250.0,56.14445877075195,41801.0625,3581.070068359375,22469.359375,15750.6318359375,4226.224609375,21.456830978393555,1.0468443632125854,15861.98828125,0.11980777978897095,29.265445709228516,1.9775736331939697,7.6837158203125,4.6439104080200195,1.6156085729599,2.6226799488067627,6.710290431976318,0.0009614704758860171,0.3878418803215027,1.1166216135025024,0.0,0.0,0.0,0.0,6013.39013671875,406.34686279296875,965.4298706054688,1810.4256591796875,354.923828125,0.0,648.3524780273438,0.03580354526638985,23.270511627197266,99.4909896850586,0.0,0.0,0.0,362.63568115234375,362.63568115234375,154.19076538085938,173.77786254882812,153.66224670410156,0.0,0.0,0.0,154.19076538085938,173.77786254882812,153.66224670410156,0.0,0.0,0.0,22.597124099731445,28.326351165771484,22.44253158569336,0.0,0.0,0.0
251.0,56.167118072509766,41804.06640625,3581.070068359375,22472.36328125,15750.6318359375,4226.224609375,21.03478240966797,0.38634824752807617,16172.828125,0.11980777978897095,29.265445709228516,1.9775736331939697,7.683745861053467,4.646090984344482,1.6156085729599,2.6226799488067627,6.730180740356445,0.0009614704758860171,0.3878418803215027,1.117179274559021,0.0,0.0,0.0,0.0,6021.79931640625,406.9150695800781,966.447021484375,1789.3072509765625,620.1416015625,0.0,602.0646362304688,0.03320479020476341,23.270511627197266,99.5406723022461,0.0,0.0,0.0,364.15765380859375,364.15765380859375,148.53451538085938,168.60231018066406,138.1449432373047,0.0,0.0,0.0,148.53451538085938,168.60231018066406,138.1449432373047,0.0,0.0,0.0,22.02521324157715,27.895042419433594,18.986265182495117,0.0,0.0,0.0
252.0,56.17775344848633,41806.5859375,3581.070068359375,22474.8828125,15750.6318359375,4226.224609375,20.604305267333984,0.0,16502.734375,0.11980777978897095,29.265445709228516,1.9775736331939697,7.683752536773682,4.647496223449707,1.6156085729599,2.6226799488067627,6.734738826751709,0.0009614704758860171,0.3878418803215027,1.1218469142913818,0.0,0.0,0.0,0.0,6084.17333984375,411.1299133300781,973.6863403320312,1885.5472412109375,623.1905517578125,0.0,687.4855346679688,0.03790474310517311,9.374983787536621,75.5306167602539,0.0,0.0,0.0,365.7385559082031,365.7385559082031,118.4698257446289,142.6254119873047,125.91278839111328,0.0,0.0,0.0,118.4698257446289,142.6254119873047,125.91278839111328,0.0,0.0,0.0,14.048118591308594,21.113630294799805,16.22518539428711,0.0,0.0,0.0
253.0,56.2208137512207,41991.69140625,3581.070068359375,22573.1015625,15837.5205078125,4226.224609375,19.88997459411621,0.0,17151.537109375,0.11980777978897095,29.265445709228516,1.9775736331939697,7.683753967285156,4.648102283477783,1.6156085729599,2.6226799488067627,6.735881328582764,0.0009614704758860171,0.3878418803215027,1.163157343864441,0.0,0.0,0.0,0.0,6129.7939453125,414.2126770019531,979.0879516601562,1894.2017822265625,1021.9324340820312,0.0,666.3463134765625,0.036736518144607544,5.529569625854492,74.40476989746094,0.0,0.0,0.0,367.36834716796875,367.36834716796875,86.28594207763672,121.38421630859375,84.27134704589844,0.0,0.0,0.0,86.28594207763672,121.38421630859375,84.27134704589844,0.0,0.0,0.0,5.348662376403809,15.614908218383789,4.759395122528076,0.0,0.0,0.0
254.0,56.446956634521484,42310.57421875,3581.070068359375,22658.001953125,16071.501953125,4226.224609375,19.897701263427734,0.0,17273.59375,0.11980777978897095,29.265445709228516,1.9775736331939697,7.683760643005371,4.651100158691406,1.6156085729599,2.6226799488067627,6.742252349853516,0.0009614704758860171,0.3878418803215027,1.3799234628677368,0.0,0.0,0.0,0.0,6151.94677734375,415.70965576171875,981.617919921875,1912.447998046875,1023.6985473632812,0.0,684.2708740234375,0.03770923987030983,6.7056074142456055,89.67639923095703,0.0,0.0,0.0,369.0173645019531,369.0173645019531,108.49409484863281,134.5699005126953,109.16968536376953,0.0,0.0,0.0,108.49409484863281,134.5699005126953,109.16968536376953,0.0,0.0,0.0,11.836821556091309,19.463993072509766,12.034432411193848,0.0,0.0,0.0
255.0,56.609107971191406,42384.73828125,3581.070068359375,22686.677734375,16116.9892578125,4226.224609375,20.545808792114258,0.0,16776.791015625,0.11980777978897095,29.265445709228516,1.9775736331939697,7.683764934539795,4.65458869934082,1.6156085729599,2.6226799488067627,6.747848033905029,0.0009614704758860171,0.3878418803215027,1.5329868793487549,0.0,0.0,0.0,0.0,6091.23779296875,411.6072998046875,974.3994750976562,1880.82763671875,848.041748046875,0.0,625.1109008789062,0.034436602145433426,3.370070457458496,95.22329711914062,0.0,0.0,0.0,370.6404724121094,370.6404724121094,122.42119598388672,139.14126586914062,110.77410125732422,0.0,0.0,0.0,122.42119598388672,139.14126586914062,110.77410125732422,0.0,0.0,0.0,15.262391090393066,20.15300941467285,11.855616569519043,0.0,0.0,0.0
256.0,56.69202423095703,42396.08203125,3581.070068359375,22698.0234375,16116.9892578125,4226.224609375,20.53890609741211,0.0,16788.951171875,0.11980777978897095,29.265445709228516,1.9775736331939697,7.683766841888428,4.660512447357178,1.6156085729599,2.6226799488067627,6.75906229019165,0.0009614704758860171,0.3878418803215027,1.5987627506256104,0.0,0.0,0.0,0.0,6156.14111328125,415.9930725097656,981.8258056640625,1960.95068359375,527.0704345703125,0.0,776.34228515625,0.042736951261758804,9.826190948486328,108.25971984863281,0.0,0.0,0.0,372.2318420410156,372.2318420410156,124.97306060791016,143.58888244628906,115.6756820678711,0.0,0.0,0.0,124.97306060791016,143.58888244628906,115.6756820678711,0.0,0.0,0.0,16.01571273803711,21.46084213256836,13.29623031616211,0.0,0.0,0.0
257.0,56.74235534667969,42414.296875,3581.070068359375,22716.240234375,16116.9892578125,4226.224609375,21.53123664855957,0.0,16049.6328125,0.11980777978897095,29.265445709228516,1.9775736331939697,7.683767318725586,4.665182113647461,1.6156085729599,2.6226799488067627,6.779559135437012,0.0009614704758860171,0.3878418803215027,1.6239262819290161,0.0,0.0,0.0,0.0,6042.69970703125,408.3274230957031,968.4319458007812,1889.481201171875,371.97760009765625,0.0,651.4983520507812,0.03581709787249565,3.4595634937286377,100.98442077636719,0.0,0.0,0.0,373.7984924316406,373.7984924316406,120.08985900878906,138.15283203125,132.56405639648438,0.0,0.0,0.0,120.08985900878906,138.15283203125,132.56405639648438,0.0,0.0,0.0,13.595046997070312,18.87846565246582,17.243749618530273,0.0,0.0,0.0
258.0,56.792537689208984,42440.13671875,3581.070068359375,22742.078125,16116.9892578125,4226.224609375,21.813852310180664,0.0,15860.458984375,0.11980777978897095,29.265445709228516,1.9775736331939697,7.683767795562744,4.674097061157227,1.6156085729599,2.6226799488067627,6.807704448699951,0.0009614704758860171,0.3878418803215027,1.6370484828948975,0.0,0.0,0.0,0.0,6009.31591796875,406.0715637207031,964.4562377929688,1868.8524169921875,351.2562255859375,0.0,607.7423095703125,0.03335145115852356,1.2879446744918823,98.93795013427734,0.0,0.0,0.0,375.317138671875,375.317138671875,108.6091079711914,128.69448852539062,115.20623016357422,0.0,0.0,0.0,108.6091079711914,128.69448852539062,115.20623016357422,0.0,0.0,0.0,9.954313278198242,15.829288482666016,11.883970260620117,0.0,0.0,0.0
259.0,56.86268615722656,42473.41796875,3581.070068359375,22775.359375,16116.9892578125,4226.224609375,22.152555465698242,0.0,15640.505859375,0.11983348429203033,29.267520904541016,1.9777809381484985,7.683768272399902,4.686302185058594,1.6156085729599,2.6226799488067627,6.851133823394775,0.0009614704758860171,0.3878418803215027,1.6492546796798706,0.0,0.0,0.0,0.0,5967.65478515625,403.2700500488281,959.470703125,1837.96337890625,343.2259521484375,0.0,548.7285766601562,0.030028818175196648,0.0,97.96572875976562,0.0,0.0,0.0,376.8060302734375,376.8060302734375,104.6517333984375,128.23985290527344,102.56009674072266,0.0,0.0,0.0,104.6517333984375,128.23985290527344,102.56009674072266,0.0,0.0,0.0,8.458076477050781,15.3576021194458,7.846272945404053,0.0,0.0,0.0
260.0,56.929840087890625,42722.8984375,3813.3701171875,22792.5390625,16116.9892578125,4260.0517578125,21.64826202392578,0.0,16084.6591796875,0.1203019991517067,29.30548858642578,1.9811553955078125,7.683768272399902,4.690614223480225,1.6156085729599,2.6226799488067627,6.86831521987915,0.0009614704758860171,0.3878418803215027,1.6531062126159668,0.0,0.0,0.0,0.0,6071.5478515625,410.4582824707031,970.6854858398438,1914.2420654296875,274.97064208984375,0.0,694.9032592773438,0.03798552602529526,8.761735916137695,110.39656829833984,0.0,0.0,0.0,378.28363037109375,378.28363037109375,124.41754913330078,143.94329833984375,100.5842514038086,0.0,0.0,0.0,124.41754913330078,143.94329833984375,100.5842514038086,0.0,0.0,0.0,14.743870735168457,20.455154418945312,7.7726311683654785,0.0,0.0,0.0
261.0,57.25645446777344,43151.625,3813.3701171875,23221.267578125,16116.9892578125,4260.0517578125,21.8686466217041,0.0,16084.6591796875,0.12358488887548447,29.571165084838867,2.007725954055786,7.683768272399902,4.694355487823486,1.6156085729599,2.6226799488067627,6.892588138580322,0.0009614704758860171,0.3878418803215027,1.6561734676361084,0.0,0.0,0.0,0.0,6099.267578125,414.1080322265625,967.8641967773438,541.9982299804688,281.39422607421875,0.0,1978.843505859375,0.18982984125614166,23.270511627197266,147.5650634765625,0.0,0.0,0.0,379.7866516113281,379.7866516113281,127.78968811035156,183.2982940673828,153.24847412109375,0.0,0.0,0.0,127.78968811035156,183.2982940673828,153.24847412109375,0.0,0.0,0.0,15.50983715057373,31.74610137939453,22.956531524658203,0.0,0.0,0.0
262.0,58.00471496582031,43364.375,3813.3701171875,23434.017578125,16116.9892578125,4260.0517578125,21.683616638183594,0.0,16296.56640625,0.13114795088768005,30.183130264282227,2.0696449279785156,7.683768272399902,4.70273494720459,1.6156085729599,2.6226799488067627,6.944862365722656,0.0009614704758860171,0.3878418803215027,1.6623327732086182,0.0,0.0,0.0,0.0,6193.8193359375,424.7076416015625,965.1239013671875,736.2259521484375,354.7248840332031,0.0,1749.5750732421875,0.1335991472005844,23.270511627197266,148.1138458251953,0.0,0.0,0.0,381.32891845703125,381.32891845703125,163.3789520263672,177.551513671875,152.33033752441406,0.0,0.0,0.0,163.3789520263672,177.551513671875,152.33033752441406,0.0,0.0,0.0,26.104726791381836,30.250202178955078,22.87300682067871,0.0,0.0,0.0
263.0,58.46585464477539,43433.38671875,3813.3701171875,23503.025390625,16116.9892578125,4260.0517578125,21.289125442504883,0.0,16615.927734375,0.13576224446296692,30.556486129760742,2.1075117588043213,7.683768272399902,4.714329719543457,1.6156085729599,2.6226799488067627,6.9751996994018555,0.0009614704758860171,0.3878418803215027,1.6657034158706665,0.0,0.0,0.0,0.0,6246.2099609375,430.8074035644531,962.9288330078125,1790.2091064453125,618.2739868164062,0.0,589.0629272460938,0.0319819450378418,23.270511627197266,148.41416931152344,0.0,0.0,0.0,382.92999267578125,382.92999267578125,150.64712524414062,156.1082763671875,130.48812866210938,0.0,0.0,0.0,150.64712524414062,156.1082763671875,130.48812866210938,0.0,0.0,0.0,22.77515983581543,24.372547149658203,16.878650665283203,0.0,0.0,0.0
264.0,58.6889762878418,43461.3359375,3813.3701171875,23530.9765625,16116.9892578125,4260.0517578125,20.88068199157715,0.0,16942.8125,0.13787856698036194,30.72771644592285,2.1249380111694336,7.683768272399902,4.731777667999268,1.6156085729599,2.6226799488067627,6.988667011260986,0.0009614704758860171,0.3878418803215027,1.6671382188796997,0.0,0.0,0.0,0.0,6327.6064453125,437.57794189453125,968.2958984375,1910.776611328125,620.4461059570312,0.0,659.3599243164062,0.03576815128326416,1.9693996906280518,101.67041015625,0.0,0.0,0.0,384.5835266113281,384.5835266113281,123.25911712646484,141.0311279296875,124.34672546386719,0.0,0.0,0.0,123.25911712646484,141.0311279296875,124.34672546386719,0.0,0.0,0.0,15.172609329223633,20.370922088623047,15.49073600769043,0.0,0.0,0.0
265.0,58.7973747253418,43560.21875,3813.3701171875,23545.3359375,16201.513671875,4260.0517578125,20.11298370361328,0.0,17608.90625,0.1388554573059082,30.8067684173584,2.132884979248047,7.6837687492370605,4.745492458343506,1.6156085729599,2.6226799488067627,6.994746208190918,0.0009614704758860171,0.3878418803215027,1.6677662134170532,0.0,0.0,0.0,0.0,6387.24560546875,442.2164611816406,973.2635498046875,1914.5311279296875,1017.1101684570312,0.0,636.7466430664062,0.03452814742922783,1.9183743000030518,101.64020538330078,0.0,0.0,0.0,386.28118896484375,386.28118896484375,73.92376708984375,118.68878173828125,106.72747802734375,0.0,0.0,0.0,73.92376708984375,118.68878173828125,106.72747802734375,0.0,0.0,0.0,1.5097166299819946,14.603484153747559,11.104802131652832,0.0,0.0,0.0
266.0,58.84681701660156,43802.265625,3813.3701171875,23551.275390625,16437.619140625,4260.0517578125,20.080034255981445,0.0,17734.220703125,0.13924415409564972,30.83822250366211,2.136038064956665,7.6837687492370605,4.757315158843994,1.6156085729599,2.6226799488067627,6.997128009796143,0.0009614704758860171,0.3878418803215027,1.6680070161819458,0.0,0.0,0.0,0.0,6413.75390625,444.254638671875,975.4730834960938,1934.68115234375,1018.6262817382812,0.0,663.9482421875,0.035997744649648666,3.222402334213257,103.4054183959961,0.0,0.0,0.0,387.9962158203125,387.9962158203125,106.9213638305664,133.58677673339844,109.13900756835938,0.0,0.0,0.0,106.9213638305664,133.58677673339844,109.13900756835938,0.0,0.0,0.0,11.194464683532715,18.994096755981445,11.843127250671387,0.0,0.0,0.0
267.0,58.87237548828125,43854.69921875,3813.3701171875,23557.84375,16483.486328125,4260.0517578125,20.723121643066406,0.0,17224.1640625,0.1393841803073883,30.84955596923828,2.1371684074401855,7.6837687492370605,4.769339084625244,1.6156085729599,2.6226799488067627,6.997977256774902,0.0009614704758860171,0.3878418803215027,1.6680914163589478,0.0,0.0,0.0,0.0,6350.767578125,439.962890625,968.1054077148438,1903.2740478515625,843.7311401367188,0.0,607.19482421875,0.032918933779001236,0.0,99.08463287353516,0.0,0.0,0.0,389.68145751953125,389.68145751953125,121.25562286376953,139.3115997314453,108.5508804321289,0.0,0.0,0.0,121.25562286376953,139.3115997314453,108.5508804321289,0.0,0.0,0.0,14.744148254394531,20.02552032470703,11.028011322021484,0.0,0.0,0.0
268.0,58.89332962036133,43863.87890625,3813.3701171875,23567.01953125,16483.486328125,4260.0517578125,20.7149715423584,0.0,17236.6484375,0.13947761058807373,30.859270095825195,2.138094186782837,7.6837687492370605,4.7790985107421875,1.6156085729599,2.6226799488067627,6.998408317565918,0.0009614704758860171,0.3878418803215027,1.6681195497512817,0.0,0.0,0.0,0.0,6415.74169921875,444.51666259765625,975.014404296875,1984.35107421875,524.1913452148438,0.0,760.7093505859375,0.04124053940176964,6.400611400604248,107.94620513916016,0.0,0.0,0.0,391.33087158203125,391.33087158203125,120.05941772460938,143.4446258544922,113.6879653930664,0.0,0.0,0.0,120.05941772460938,143.4446258544922,113.6879653930664,0.0,0.0,0.0,14.402408599853516,21.242582321166992,12.538759231567383,0.0,0.0,0.0
269.0,58.93471908569336,43897.13671875,3813.3701171875,23600.279296875,16483.486328125,4260.0517578125,21.72381591796875,0.0,16477.6171875,0.13973739743232727,30.8916072845459,2.141134738922119,7.6837687492370605,4.783975601196289,1.6156085729599,2.6226799488067627,6.999276161193848,0.0009614704758860171,0.3878418803215027,1.6681292057037354,0.0,0.0,0.0,0.0,6300.86962890625,436.7209167480469,961.41162109375,1907.7154541015625,369.8743591308594,0.0,630.3089599609375,0.034169167280197144,0.0,99.08687591552734,0.0,0.0,0.0,392.95391845703125,392.95391845703125,98.77510070800781,138.8224334716797,126.98553466796875,0.0,0.0,0.0,98.77510070800781,138.8224334716797,126.98553466796875,0.0,0.0,0.0,7.167900562286377,18.88174819946289,15.419452667236328,0.0,0.0,0.0
270.0,59.14621353149414,44141.87109375,3813.3701171875,23845.01171875,16483.486328125,4260.0517578125,22.118452072143555,0.0,16283.3994140625,0.14113759994506836,31.068605422973633,2.1588921546936035,7.6837687492370605,4.794816017150879,1.6156085729599,2.6226799488067627,7.003759860992432,0.0009614704758860171,0.3878418803215027,1.6681406497955322,0.0,0.0,0.0,0.0,6285.94384765625,436.79705810546875,955.9312133789062,1871.5645751953125,348.863037109375,0.0,575.4102172851562,0.031184207648038864,0.0,99.08755493164062,0.0,0.0,0.0,394.5260009765625,394.5260009765625,92.56362915039062,130.07720947265625,113.87626647949219,0.0,0.0,0.0,92.56362915039062,130.07720947265625,113.87626647949219,0.0,0.0,0.0,4.956409454345703,15.929131507873535,11.190356254577637,0.0,0.0,0.0
271.0,59.763099670410156,44530.296875,3813.3701171875,24233.44140625,16483.486328125,4260.0517578125,22.64209747314453,0.0,16057.583984375,0.14525924623012543,31.59018325805664,2.2114245891571045,7.6837687492370605,4.820303916931152,1.6156085729599,2.6226799488067627,7.016905307769775,0.0009614704758860171,0.3878418803215027,1.668163537979126,0.0,0.0,0.0,0.0,6300.541015625,441.0601501464844,946.633056640625,1810.69775390625,339.7491760253906,0.0,488.9845275878906,0.026478299871087074,0.0,92.29027557373047,0.0,0.0,0.0,396.0678405761719,396.0678405761719,120.93647003173828,126.44656372070312,110.61238098144531,0.0,0.0,0.0,120.93647003173828,126.44656372070312,110.61238098144531,0.0,0.0,0.0,12.731820106506348,14.343522071838379,9.712024688720703,0.0,0.0,0.0
272.0,60.48732376098633,44700.9453125,3813.3701171875,24404.08984375,16483.486328125,4346.50146484375,22.081228256225586,0.0,16513.57421875,0.15015433728694916,32.210140228271484,2.2739219665527344,7.6837687492370605,4.8415961265563965,1.6156085729599,2.6226799488067627,7.032472133636475,0.0009614704758860171,0.3878418803215027,1.6681814193725586,0.0,0.0,0.0,0.0,6471.02587890625,456.83154296875,952.3807373046875,1881.55615234375,271.06573486328125,0.0,593.6162719726562,0.032112378627061844,0.0,99.08997344970703,0.0,0.0,0.0,397.5977783203125,397.5977783203125,129.29605102539062,139.69776916503906,91.24251556396484,0.0,0.0,0.0,129.29605102539062,139.69776916503906,91.24251556396484,0.0,0.0,0.0,15.737866401672363,18.780366897583008,4.607206344604492,0.0,0.0,0.0
273.0,61.107322692871094,45067.02734375,3813.3701171875,24770.169921875,16483.486328125,4346.50146484375,22.265277862548828,0.0,16513.57421875,0.15439251065254211,32.74725341796875,2.328075647354126,7.6837687492370605,4.852634429931641,1.6156085729599,2.6226799488067627,7.045917987823486,0.0009614704758860171,0.3878418803215027,1.6681902408599854,0.0,0.0,0.0,0.0,6528.49658203125,464.12548828125,947.6630859375,1792.1124267578125,276.994384765625,0.0,558.7023315429688,0.030197961255908012,16.78065299987793,139.14540100097656,0.0,0.0,0.0,399.1453552246094,399.1453552246094,147.2201385498047,162.3707275390625,137.85020446777344,0.0,0.0,0.0,147.2201385498047,162.3707275390625,137.85020446777344,0.0,0.0,0.0,20.796613693237305,25.228160858154297,18.055906295776367,0.0,0.0,0.0
274.0,61.831932067871094,45239.79296875,3813.3701171875,24942.935546875,16483.486328125,4346.50146484375,22.052509307861328,0.0,16731.142578125,0.15935620665550232,33.37637710571289,2.3915960788726807,7.6837687492370605,4.863884925842285,1.6156085729599,2.6226799488067627,7.06165885925293,0.0009614704758860171,0.3878418803215027,1.668199062347412,0.0,0.0,0.0,0.0,6626.58154296875,474.83001708984375,945.523193359375,1495.72265625,349.3506164550781,0.0,805.0682373046875,0.04347085952758789,23.270511627197266,148.63653564453125,0.0,0.0,0.0,400.7193298339844,400.7193298339844,149.4365692138672,165.79525756835938,149.62716674804688,0.0,0.0,0.0,149.4365692138672,165.79525756835938,149.62716674804688,0.0,0.0,0.0,21.657686233520508,26.442604064941406,21.713436126708984,0.0,0.0,0.0
275.0,62.24341583251953,45294.45703125,3813.3701171875,24997.599609375,16483.486328125,4346.50146484375,21.642642974853516,0.0,17059.017578125,0.16217678785324097,33.7338981628418,2.4277002811431885,7.6837687492370605,4.869975566864014,1.6156085729599,2.6226799488067627,7.070600986480713,0.0009614704758860171,0.3878418803215027,1.668203592300415,0.0,0.0,0.0,0.0,6681.80859375,480.86431884765625,944.263671875,1714.8482666015625,609.3561401367188,0.0,488.20556640625,0.026346521452069283,22.037776947021484,146.83425903320312,0.0,0.0,0.0,402.3495178222656,402.3495178222656,143.0896759033203,152.82907104492188,140.53985595703125,0.0,0.0,0.0,143.0896759033203,152.82907104492188,140.53985595703125,0.0,0.0,0.0,20.211088180541992,23.05986213684082,19.46526336669922,0.0,0.0,0.0
276.0,62.43126678466797,45312.17578125,3813.3701171875,25015.3203125,16483.486328125,4346.50146484375,21.236520767211914,0.0,17382.880859375,0.16345539689064026,33.895973205566406,2.444086790084839,7.6837687492370605,4.8740315437316895,1.6156085729599,2.6226799488067627,7.074653625488281,0.0009614704758860171,0.3878418803215027,1.6682056188583374,0.0,0.0,0.0,0.0,6761.9443359375,487.573486328125,949.30615234375,1845.8653564453125,611.3953247070312,0.0,554.9865112304688,0.029942775145173073,0.0,93.61463165283203,0.0,0.0,0.0,404.02740478515625,404.02740478515625,124.89183807373047,134.004150390625,121.0040283203125,0.0,0.0,0.0,124.89183807373047,134.004150390625,121.0040283203125,0.0,0.0,0.0,15.294342041015625,17.959693908691406,14.157157897949219,0.0,0.0,0.0
277.0,62.51050567626953,45400.62109375,3813.3701171875,25021.6640625,16565.5859375,4346.50146484375,20.44843292236328,0.0,18066.2734375,0.1639804244041443,33.962528228759766,2.4508204460144043,7.6837687492370605,4.877795219421387,1.6156085729599,2.6226799488067627,7.07631778717041,0.0009614704758860171,0.3878418803215027,1.6682063341140747,0.0,0.0,0.0,0.0,6828.521484375,492.7630920410156,954.7683715820312,1850.2799072265625,1002.7142333984375,0.0,541.3606567382812,0.02920456975698471,0.0,92.88036346435547,0.0,0.0,0.0,405.7442321777344,405.7442321777344,104.71279907226562,117.88111114501953,90.84294128417969,0.0,0.0,0.0,104.71279907226562,117.88111114501953,90.84294128417969,0.0,0.0,0.0,10.180060386657715,14.031792640686035,6.123127460479736,0.0,0.0,0.0
278.0,62.54227066040039,45643.98828125,3813.3701171875,25026.857421875,16803.76171875,4346.50146484375,20.410778045654297,0.0,18194.845703125,0.16417346894741058,33.986942291259766,2.453310012817383,7.6837687492370605,4.881852149963379,1.6156085729599,2.6226799488067627,7.076927661895752,0.0009614704758860171,0.3878418803215027,1.6682064533233643,0.0,0.0,0.0,0.0,6855.03173828125,494.8229675292969,956.9426879882812,1872.1279296875,1004.2017822265625,0.0,568.957763671875,0.030692167580127716,0.0,96.07585144042969,0.0,0.0,0.0,407.47381591796875,407.47381591796875,112.9541244506836,133.89022827148438,115.3919677734375,0.0,0.0,0.0,112.9541244506836,133.89022827148438,115.3919677734375,0.0,0.0,0.0,12.628303527832031,18.752111434936523,13.341371536254883,0.0,0.0,0.0
279.0,62.648677825927734,45823.3359375,3813.3701171875,25159.966796875,16850.0,4346.50146484375,21.122404098510742,0.0,17671.548828125,0.16483424603939056,34.07040786743164,2.4617323875427246,7.6837687492370605,4.893626689910889,1.6156085729599,2.6226799488067627,7.079011917114258,0.0009614704758860171,0.3878418803215027,1.6682065725326538,0.0,0.0,0.0,0.0,6795.0048828125,490.9681091308594,949.1497802734375,1826.59716796875,831.4524536132812,0.0,512.06689453125,0.027619600296020508,0.0,88.7388916015625,0.0,0.0,0.0,409.1771545410156,409.1771545410156,123.27694702148438,139.1411590576172,116.09626007080078,0.0,0.0,0.0,123.27694702148438,139.1411590576172,116.09626007080078,0.0,0.0,0.0,14.936103820800781,19.576387405395508,12.8357515335083,0.0,0.0,0.0
280.0,62.88833236694336,45898.6328125,3813.3701171875,25235.263671875,16850.0,4346.50146484375,21.144319534301758,0.0,17684.35546875,0.16624970734119415,34.24917221069336,2.4799492359161377,7.6837687492370605,4.930419445037842,1.6156085729599,2.6226799488067627,7.083475589752197,0.0009614704758860171,0.3878418803215027,1.6682066917419434,0.0,0.0,0.0,0.0,6875.4658203125,497.8457946777344,953.8395385742188,1921.342529296875,515.720458984375,0.0,637.6201171875,0.03438204526901245,0.0,99.09147644042969,0.0,0.0,0.0,410.8484802246094,410.8484802246094,116.74089813232422,142.62107849121094,126.35185241699219,0.0,0.0,0.0,116.74089813232422,142.62107849121094,126.35185241699219,0.0,0.0,0.0,13.002394676208496,20.572349548339844,15.813599586486816,0.0,0.0,0.0
281.0,63.05495071411133,45930.02734375,3813.3701171875,25266.658203125,16850.0,4346.50146484375,22.17325782775879,0.0,16905.611328125,0.16728921234607697,34.38003921508789,2.492964029312134,7.6837687492370605,4.948838233947754,1.6156085729599,2.6226799488067627,7.086750507354736,0.0009614704758860171,0.3878418803215027,1.6682066917419434,0.0,0.0,0.0,0.0,6764.53271484375,490.5094909667969,940.0580444335938,1824.341064453125,363.79248046875,0.0,505.61004638671875,0.027258092537522316,0.0,85.89447021484375,0.0,0.0,0.0,412.49822998046875,412.49822998046875,115.75020599365234,138.383544921875,119.06348419189453,0.0,0.0,0.0,115.75020599365234,138.383544921875,119.06348419189453,0.0,0.0,0.0,11.683677673339844,18.303930282592773,12.652809143066406,0.0,0.0,0.0
282.0,63.27420425415039,46141.2734375,3813.3701171875,25477.90625,16850.0,4346.50146484375,22.55436897277832,0.0,16706.33984375,0.1687532216310501,34.563560485839844,2.511310338973999,7.6837687492370605,4.960151195526123,1.6156085729599,2.6226799488067627,7.091359615325928,0.0009614704758860171,0.3878418803215027,1.6682066917419434,0.0,0.0,0.0,0.0,6748.57568359375,490.3362731933594,934.9642333984375,1783.8931884765625,343.2125549316406,0.0,456.38360595703125,0.024597059935331345,0.0,81.55342102050781,0.0,0.0,0.0,414.0943603515625,414.0943603515625,121.0145263671875,132.4273223876953,85.01183319091797,0.0,0.0,0.0,121.0145263671875,132.4273223876953,85.01183319091797,0.0,0.0,0.0,12.842379570007324,16.18062400817871,2.3115925788879395,0.0,0.0,0.0
283.0,63.839839935302734,46507.2578125,3813.3701171875,25843.88671875,16850.0,4346.50146484375,23.068729400634766,0.0,16474.662109375,0.17257921397686005,35.04270553588867,2.559558629989624,7.6837687492370605,4.98252534866333,1.6156085729599,2.6226799488067627,7.103403568267822,0.0009614704758860171,0.3878418803215027,1.6682066917419434,0.0,0.0,0.0,0.0,6753.8544921875,493.30914306640625,925.2005004882812,1710.8409423828125,334.37371826171875,0.0,392.5340881347656,0.021139783784747124,0.0,71.1904296875,0.0,0.0,0.0,415.6613464355469,415.6613464355469,114.31433868408203,125.98101806640625,109.21746826171875,0.0,0.0,0.0,114.31433868408203,125.98101806640625,109.21746826171875,0.0,0.0,0.0,10.36821460723877,13.780719757080078,8.87738037109375,0.0,0.0,0.0
284.0,64.52172088623047,46669.8203125,3813.3701171875,26006.451171875,16850.0,4346.50146484375,22.489158630371094,0.0,16942.5,0.17725013196468353,35.627105712890625,2.618504047393799,7.6837687492370605,5.00168514251709,1.6156085729599,2.6226799488067627,7.118106365203857,0.0009614704758860171,0.3878418803215027,1.668206810951233,0.0,0.0,0.0,0.0,6924.52685546875,508.935546875,932.8827514648438,1788.7900390625,266.99078369140625,0.0,482.1925048828125,0.025944260880351067,0.0,90.54740142822266,0.0,0.0,0.0,417.21905517578125,417.21905517578125,110.376708984375,118.97589111328125,127.2578353881836,0.0,0.0,0.0,110.376708984375,118.97589111328125,127.2578353881836,0.0,0.0,0.0,9.796027183532715,12.31128978729248,14.733757019042969,0.0,0.0,0.0
285.0,65.10629272460938,47013.36328125,3813.3701171875,26349.9921875,16850.0,4346.50146484375,22.657939910888672,0.0,16942.5,0.181303471326828,36.13377380371094,2.6696345806121826,7.6837687492370605,5.011651039123535,1.6156085729599,2.6226799488067627,7.13086462020874,0.0009614704758860171,0.3878418803215027,1.668206810951233,0.0,0.0,0.0,0.0,6978.2373046875,515.5659790039062,929.017822265625,1741.6937255859375,273.0072326660156,0.0,456.68365478515625,0.024552037939429283,0.0,99.09148406982422,0.0,0.0,0.0,418.7890319824219,418.7890319824219,139.630859375,136.9113006591797,135.11050415039062,0.0,0.0,0.0,139.630859375,136.9113006591797,135.11050415039062,0.0,0.0,0.0,18.184085845947266,17.38861656188965,16.861881256103516,0.0,0.0,0.0
286.0,65.78681182861328,47175.3515625,3813.3701171875,26511.982421875,16850.0,4346.50146484375,22.432432174682617,0.0,17165.7109375,0.18603280186653137,36.724815368652344,2.729381799697876,7.6837687492370605,5.021764755249023,1.6156085729599,2.6226799488067627,7.145750522613525,0.0009614704758860171,0.3878418803215027,1.668206810951233,0.0,0.0,0.0,0.0,7073.61865234375,525.7100830078125,927.7649536132812,1432.2081298828125,344.5594177246094,0.0,694.4385986328125,0.037299249321222305,11.635255813598633,132.12197875976562,0.0,0.0,0.0,420.3675842285156,420.3675842285156,148.40203857421875,158.28012084960938,145.60450744628906,0.0,0.0,0.0,148.40203857421875,158.28012084960938,145.60450744628906,0.0,0.0,0.0,20.97516441345215,23.864503860473633,20.15688705444336,0.0,0.0,0.0
287.0,66.17298126220703,47226.60546875,3813.3701171875,26563.236328125,16850.0,4346.50146484375,22.012367248535156,0.0,17502.09765625,0.1887200027704239,37.06060791015625,2.7633321285247803,7.6837687492370605,5.027040958404541,1.6156085729599,2.6226799488067627,7.154208660125732,0.0009614704758860171,0.3878418803215027,1.668206810951233,0.0,0.0,0.0,0.0,7122.5966796875,531.0786743164062,926.1304321289062,1636.825927734375,600.7484741210938,0.0,407.2074890136719,0.021860068663954735,11.635255813598633,130.81182861328125,0.0,0.0,0.0,421.9873962402344,421.9873962402344,134.85092163085938,150.27212524414062,124.42515563964844,0.0,0.0,0.0,134.85092163085938,150.27212524414062,124.42515563964844,0.0,0.0,0.0,17.4315242767334,21.942230224609375,14.381990432739258,0.0,0.0,0.0
288.0,66.3492202758789,47242.82421875,3813.3701171875,26579.453125,16850.0,4346.50146484375,21.612178802490234,0.0,17822.958984375,0.1899474710226059,37.213985443115234,2.778839111328125,7.6837687492370605,5.0293097496032715,1.6156085729599,2.6226799488067627,7.158071994781494,0.0009614704758860171,0.3878418803215027,1.668206810951233,0.0,0.0,0.0,0.0,7209.84033203125,538.3724975585938,932.0276489257812,1760.838623046875,603.2888793945312,0.0,461.5541076660156,0.02477155067026615,0.0,75.56755065917969,0.0,0.0,0.0,423.65582275390625,423.65582275390625,100.6760482788086,132.30438232421875,107.37608337402344,0.0,0.0,0.0,100.6760482788086,132.30438232421875,107.37608337402344,0.0,0.0,0.0,7.835566997528076,17.086851119995117,9.79532527923584,0.0,0.0,0.0
289.0,66.42208862304688,47327.625,3813.3701171875,26584.583984375,16929.669921875,4346.50146484375,20.806127548217773,0.0,18523.66015625,0.19045473635196686,37.277366638183594,2.785248279571533,7.6837687492370605,5.030284404754639,1.6156085729599,2.6226799488067627,7.159668922424316,0.0009614704758860171,0.3878418803215027,1.668206810951233,0.0,0.0,0.0,0.0,7284.1083984375,544.2457885742188,937.78955078125,1767.45849609375,989.7037353515625,0.0,453.4255065917969,0.02433285303413868,0.0,75.03287506103516,0.0,0.0,0.0,425.3587646484375,425.3587646484375,86.08419036865234,118.23177337646484,107.61180114746094,0.0,0.0,0.0,86.08419036865234,118.23177337646484,107.61180114746094,0.0,0.0,0.0,4.37349796295166,13.776665687561035,10.670326232910156,0.0,0.0,0.0
290.0,66.45055389404297,47569.63671875,3813.3701171875,26586.3515625,17169.916015625,4346.50146484375,20.76251220703125,0.0,18655.482421875,0.19064530730247498,37.301177978515625,2.7876689434051514,7.6837687492370605,5.031731605529785,1.6156085729599,2.6226799488067627,7.160268783569336,0.0009614704758860171,0.3878418803215027,1.668206810951233,0.0,0.0,0.0,0.0,7311.3701171875,546.4085083007812,939.8772583007812,1792.5050048828125,991.1235961914062,0.0,479.2138671875,0.02571580931544304,0.0,78.33871459960938,0.0,0.0,0.0,427.0777893066406,427.0777893066406,114.16310119628906,133.37606811523438,106.28019714355469,0.0,0.0,0.0,114.16310119628906,133.37606811523438,106.28019714355469,0.0,0.0,0.0,12.630194664001465,18.249988555908203,10.324444770812988,0.0,0.0,0.0
291.0,66.46180725097656,47618.33984375,3813.3701171875,26588.44921875,17216.521484375,4346.50146484375,21.424636840820312,0.0,18118.931640625,0.19069796800613403,37.3077507019043,2.7883589267730713,7.6837687492370605,5.035494327545166,1.6156085729599,2.6226799488067627,7.160434246063232,0.0009614704758860171,0.3878418803215027,1.668206810951233,0.0,0.0,0.0,0.0,7234.873046875,540.7301025390625,932.8255615234375,1741.0013427734375,820.79052734375,0.0,433.614501953125,0.023268595337867737,0.0,71.8994140625,0.0,0.0,0.0,428.7734069824219,428.7734069824219,123.67914581298828,138.66244506835938,114.09542846679688,0.0,0.0,0.0,123.67914581298828,138.66244506835938,114.09542846679688,0.0,0.0,0.0,14.751514434814453,19.134126663208008,11.94827651977539,0.0,0.0,0.0
292.0,66.47095489501953,47622.765625,3813.3701171875,26592.873046875,17216.521484375,4346.50146484375,21.41357421875,0.0,18132.060546875,0.190740168094635,37.3129997253418,2.7888667583465576,7.6837687492370605,5.038711071014404,1.6156085729599,2.6226799488067627,7.160566806793213,0.0009614704758860171,0.3878418803215027,1.668206810951233,0.0,0.0,0.0,0.0,7295.94677734375,545.3172607421875,938.1915893554688,1848.9239501953125,509.5391540527344,0.0,561.1007690429688,0.030109500512480736,0.0,83.88534545898438,0.0,0.0,0.0,430.4394836425781,430.4394836425781,119.26268005371094,142.20419311523438,119.9789047241211,0.0,0.0,0.0,119.26268005371094,142.20419311523438,119.9789047241211,0.0,0.0,0.0,13.470759391784668,20.181154251098633,13.680253982543945,0.0,0.0,0.0
293.0,66.49649047851562,47647.515625,3813.3701171875,26617.625,17216.521484375,4346.50146484375,22.452674865722656,0.0,17333.60546875,0.19091303646564484,37.33440399169922,2.790910005569458,7.6837687492370605,5.040087699890137,1.6156085729599,2.6226799488067627,7.16110897064209,0.0009614704758860171,0.3878418803215027,1.668206810951233,0.0,0.0,0.0,0.0,7162.830078125,535.452880859375,925.6712036132812,1734.4503173828125,359.5934143066406,0.0,446.79205322265625,0.023974690586328506,0.0,78.65242004394531,0.0,0.0,0.0,432.0851135253906,432.0851135253906,131.19598388671875,138.64505004882812,120.94096374511719,0.0,0.0,0.0,131.19598388671875,138.64505004882812,120.94096374511719,0.0,0.0,0.0,15.922147750854492,18.101001739501953,12.922555923461914,0.0,0.0,0.0
294.0,66.72169494628906,47929.69921875,3813.3701171875,26899.80859375,17216.521484375,4346.50146484375,22.868810653686523,0.0,17129.298828125,0.192435160279274,37.52243423461914,2.8097522258758545,7.691460609436035,5.044436454772949,1.6156085729599,2.6226799488067627,7.165879726409912,0.0009614704758860171,0.3878418803215027,1.668206810951233,0.0,0.0,0.0,0.0,7134.83984375,534.2705688476562,919.2861938476562,1701.0994873046875,338.8053894042969,0.0,409.0342102050781,0.02194203808903694,0.0,66.89160919189453,0.0,0.0,0.0,433.6853332519531,433.6853332519531,119.0897216796875,129.55140686035156,118.86579132080078,0.0,0.0,0.0,119.0897216796875,129.55140686035156,118.86579132080078,0.0,0.0,0.0,11.964933395385742,15.02497673034668,11.899434089660645,0.0,0.0,0.0
295.0,67.4222183227539,48389.0234375,3813.3701171875,27359.1328125,17216.521484375,4346.50146484375,23.428895950317383,0.0,16891.75,0.19704827666282654,38.0920295715332,2.866909980773926,7.735482215881348,5.055109977722168,1.6156085729599,2.6226799488067627,7.180339813232422,0.0009614704758860171,0.3878418803215027,1.668206810951233,0.0,0.0,0.0,0.0,7127.11767578125,536.4063110351562,911.8413696289062,1616.038330078125,329.23883056640625,0.0,355.94244384765625,0.019076693803071976,0.0,66.06098937988281,0.0,0.0,0.0,435.2625732421875,435.2625732421875,108.68006896972656,117.56141662597656,115.23684692382812,0.0,0.0,0.0,108.68006896972656,117.56141662597656,115.23684692382812,0.0,0.0,0.0,8.360024452209473,10.957818984985352,10.277880668640137,0.0,0.0,0.0
296.0,68.29571533203125,48604.84765625,3813.3701171875,27574.955078125,17216.521484375,4647.84375,22.861629486083984,0.0,17371.43359375,0.20285068452358246,38.807926177978516,2.9393832683563232,7.786787986755371,5.064938068389893,1.6156085729599,2.6226799488067627,7.198527812957764,0.0009614704758860171,0.3878418803215027,1.668206810951233,0.0,0.0,0.0,0.0,7325.2705078125,554.829345703125,926.6104736328125,1698.0927734375,263.14703369140625,0.0,429.9493408203125,0.02301682159304619,0.0,66.28030395507812,0.0,0.0,0.0,436.8294982910156,436.8294982910156,107.1205825805664,113.49776458740234,111.36444091796875,0.0,0.0,0.0,107.1205825805664,113.49776458740234,111.36444091796875,0.0,0.0,0.0,8.47114086151123,10.336467742919922,9.712470054626465,0.0,0.0,0.0
297.0,68.99150848388672,48956.98828125,3813.3701171875,27927.095703125,17216.521484375,4647.84375,23.03048324584961,0.0,17371.43359375,0.20757077634334564,39.389854431152344,2.9983534812927246,7.817047119140625,5.070062160491943,1.6156085729599,2.6226799488067627,7.213322639465332,0.0009614704758860171,0.3878418803215027,1.668206810951233,0.0,0.0,0.0,0.0,7373.24365234375,561.2508544921875,924.1285400390625,1661.41357421875,268.6374206542969,0.0,407.8703918457031,0.021814625710248947,0.0,66.06098937988281,0.0,0.0,0.0,438.4052734375,438.4052734375,107.94548034667969,131.72731018066406,111.77472686767578,0.0,0.0,0.0,107.94548034667969,131.72731018066406,111.77472686767578,0.0,0.0,0.0,8.543570518493652,15.499756813049316,9.663623809814453,0.0,0.0,0.0
298.0,69.7125244140625,49120.19140625,3813.3701171875,28090.298828125,17216.521484375,4647.84375,22.798402786254883,0.0,17600.2890625,0.21248753368854523,39.99592590332031,3.059581756591797,7.845787525177002,5.074710369110107,1.6156085729599,2.6226799488067627,7.228734493255615,0.0009614704758860171,0.3878418803215027,1.668206810951233,0.0,0.0,0.0,0.0,7461.3984375,570.777099609375,925.7673950195312,1648.8372802734375,338.7712097167969,0.0,403.5702819824219,0.021563859656453133,0.0,66.06098937988281,0.0,0.0,0.0,439.9800720214844,439.9800720214844,113.39594268798828,139.24571228027344,112.4534912109375,0.0,0.0,0.0,113.39594268798828,139.24571228027344,112.4534912109375,0.0,0.0,0.0,10.369909286499023,17.930967330932617,10.094243049621582,0.0,0.0,0.0
299.0,70.11278533935547,49171.828125,3813.3701171875,28141.9375,17216.521484375,4647.84375,22.370222091674805,0.0,17945.1953125,0.21522200107574463,40.33296203613281,3.093616485595703,7.860934734344482,5.077448844909668,1.6156085729599,2.6226799488067627,7.237305641174316,0.0009614704758860171,0.3878418803215027,1.668206810951233,0.0,0.0,0.0,0.0,7507.921875,575.8721923828125,925.784423828125,1609.3485107421875,590.48388671875,0.0,370.43695068359375,0.019782865419983864,0.0,66.06098937988281,0.0,0.0,0.0,441.5774841308594,441.5774841308594,115.7777328491211,133.83798217773438,110.97590637207031,0.0,0.0,0.0,115.7777328491211,133.83798217773438,110.97590637207031,0.0,0.0,0.0,11.494765281677246,16.777389526367188,10.090230941772461,0.0,0.0,0.0
300.0,70.29389953613281,49188.87109375,3813.3701171875,28158.98046875,17216.521484375,4647.84375,21.977033615112305,0.0,18263.02734375,0.2164449840784073,40.48368835449219,3.1088647842407227,7.867464065551758,5.080996990203857,1.6156085729599,2.6226799488067627,7.241138935089111,0.0009614704758860171,0.3878418803215027,1.668206810951233,0.0,0.0,0.0,0.0,7603.3046875,583.8807373046875,933.7167358398438,1662.7529296875,593.5263671875,0.0,415.129150390625,0.022164316847920418,0.0,66.06098937988281,0.0,0.0,0.0,443.1975402832031,443.1975402832031,82.72594451904297,116.4054183959961,106.2391128540039,0.0,0.0,0.0,82.72594451904297,116.4054183959961,106.2391128540039,0.0,0.0,0.0,2.220305919647217,12.071552276611328,9.097907066345215,0.0,0.0,0.0
