time,Total Generation Capacity,Total Transmission,Transmission for Interconnection km,Total Transmission for Generation Connection,Total Transmission for Demand Connection,Total Interconnection Capacity,Transmission Tariff[f0],Congestion Tariff[f0],National Peak Demand[f0],Generation Capacity by Tech[TBiomass],Generation Capacity by Tech[TWindOnS],Generation Capacity by Tech[TWindOffS],Generation Capacity by Tech[TPV],Generation Capacity by Tech[THydroDam],Generation Capacity by Tech[THRoR],Generation Capacity by Tech[TThermo1],Generation Capacity by Tech[TThermo2],Generation Capacity by Tech[TGeothermal],Generation Capacity by Tech[TPVBESSOp1],Generation Capacity by Tech[TPVBESSOp2],Generation Capacity by Tech[TOther1],Generation Capacity by Tech[TOther2],Generation Capacity by Tech[TOther3],Generation by Tech per Month[TBiomass],Generation by Tech per Month[TWindOnS],Generation by Tech per Month[TWindOffS],Generation by Tech per Month[TPV],Generation by Tech per Month[THydroDam],Generation by Tech per Month[THRoR],Generation by Tech per Month[TThermo1],Generation by Tech per Month[TThermo2],Generation by Tech per Month[TGeothermal],Generation by Tech per Month[TPVBESSOp1],Generation by Tech per Month[TPVBESSOp2],Generation by Tech per Month[TOther1],Generation by Tech per Month[TOther2],Generation by Tech per Month[TOther3],Generation by Tech per Month[DERBESS],Generation by Tech per Month[DER],"Electricity Tariff[Regulated,Z1]","Electricity Tariff[Regulated,Z2]","Electricity Tariff[Regulated,Z3]","Electricity Tariff[Regulated,Z4]","Electricity Tariff[Regulated,Z5]","Electricity Tariff[Regulated,Z6]","Electricity Tariff[Unregulated,Z1]","Electricity Tariff[Unregulated,Z2]","Electricity Tariff[Unregulated,Z3]","Electricity Tariff[Unregulated,Z4]","Electricity Tariff[Unregulated,Z5]","Electricity Tariff[Unregulated,Z6]","Generation Tariff[f0,Z1]","Generation Tariff[f0,Z2]","Generation Tariff[f0,Z3]","Generation Tariff[f0,Z4]","Generation Tariff[f0,Z5]","Generation Tariff[f0,Z6]"
0.0,14.057049751281738,16177.3701171875,1836.469970703125,5622.81982421875,8718.080078125,1600.0,16.893709182739258,0.9912989735603333,7532.21728515625,0.06656000018119812,1.021299958229065,0.0,0.4778200089931488,3.705590009689331,1.5324699878692627,2.6226699352264404,4.630640029907227,0.0,0.0,0.0,0.0,0.0,0.0,0.0,279.896484375,0.0,79.0820083618164,2668.02490234375,894.5088500976562,0.0,1152.0262451171875,0.0,0.0,0.0,0.0,0.0,0.0,0.0046911598183214664,0.0046911598183214664,181.14532470703125,182.1839599609375,196.01895141601562,0.0,0.0,0.0,181.14532470703125,182.1839599609375,196.01895141601562,0.0,0.0,0.0,35.10000228881836,35.40380096435547,39.45053482055664,0.0,0.0,0.0
1.0,14.069549560546875,16177.3701171875,1836.469970703125,5622.81982421875,8718.080078125,1600.0,16.25835609436035,0.0,7828.341796875,0.06656000018119812,1.021299958229065,0.0,0.4778200089931488,3.705590009689331,1.5449700355529785,2.6226699352264404,4.630640029907227,0.0,0.0,0.0,0.0,0.0,0.0,0.0,279.896484375,0.0,79.0820083618164,2668.02490234375,1112.37841796875,0.0,1132.4234619140625,0.0,0.0,0.0,0.0,0.0,0.0,1.2011514902114868,1.2011514902114868,149.28768920898438,174.43544006347656,170.4100341796875,0.0,0.0,0.0,149.28768920898438,174.43544006347656,170.4100341796875,0.0,0.0,0.0,27.408294677734375,34.76401138305664,33.58658218383789,0.0,0.0,0.0
2.0,14.069549560546875,16182.3701171875,1836.469970703125,5627.81982421875,8718.080078125,1600.0,16.152149200439453,0.0,7884.0498046875,0.06656000018119812,1.021299958229065,0.0,0.4778200089931488,3.705590009689331,1.5449700355529785,2.6226699352264404,4.630640029907227,0.0,0.0,0.0,0.0,0.0,0.0,0.0,279.896484375,0.0,79.0820083618164,2668.02490234375,1112.37841796875,0.0,1168.727783203125,0.0,0.0,0.0,0.0,0.0,0.0,2.420572280883789,2.420572280883789,92.01058197021484,174.9427490234375,179.04220581054688,0.0,0.0,0.0,92.01058197021484,174.9427490234375,179.04220581054688,0.0,0.0,0.0,10.760946273803711,35.01860809326172,36.21769714355469,0.0,0.0,0.0
3.0,14.069549560546875,16182.3701171875,1836.469970703125,5627.81982421875,8718.080078125,1600.0,16.634536743164062,0.0,7657.29443359375,0.06656000018119812,1.021299958229065,0.0,0.4778200089931488,3.705590009689331,1.5449700355529785,2.6226699352264404,4.630640029907227,0.0,0.0,0.0,0.0,0.0,0.0,0.0,279.896484375,0.0,79.0820083618164,2668.02490234375,925.83251953125,0.0,1201.3428955078125,0.0,0.0,0.0,0.0,0.0,0.0,3.613690137863159,3.613690137863159,56.88529968261719,177.14736938476562,187.5083770751953,0.0,0.0,0.0,56.88529968261719,177.14736938476562,187.5083770751953,0.0,0.0,0.0,0.00441327877342701,35.181068420410156,38.211666107177734,0.0,0.0,0.0
4.0,14.069549560546875,16182.3701171875,1836.469970703125,5627.81982421875,8718.080078125,1600.0,16.626197814941406,0.0,7662.84228515625,0.06656000018119812,1.021299958229065,0.0,0.4778200089931488,3.705590009689331,1.5449700355529785,2.6226699352264404,4.630640029907227,0.0,0.0,0.0,0.0,0.0,0.0,0.0,279.896484375,0.0,79.0820083618164,2668.02490234375,572.429931640625,0.0,1557.3306884765625,0.0,0.0,0.0,0.0,0.0,0.0,4.765506744384766,4.765506744384766,122.92841339111328,184.44395446777344,188.17349243164062,0.0,0.0,0.0,122.92841339111328,184.44395446777344,188.17349243164062,0.0,0.0,0.0,19.330364227294922,37.32365798950195,38.41455078125,0.0,0.0,0.0
5.0,14.069549560546875,16182.3701171875,1836.469970703125,5627.81982421875,8718.080078125,1600.0,17.396760940551758,0.0,7325.412109375,0.06656000018119812,1.021299958229065,0.0,0.4778200089931488,3.705590009689331,1.5449700355529785,2.6226699352264404,4.630640029907227,0.0,0.0,0.0,0.0,0.0,0.0,0.0,279.896484375,0.0,79.0820083618164,1161.14404296875,407.575439453125,0.0,3000.65478515625,0.0,0.0,0.0,0.0,0.0,0.0,5.890523433685303,5.890523433685303,231.78379821777344,219.47610473632812,232.1256103515625,0.0,0.0,0.0,231.78379821777344,219.47610473632812,232.1256103515625,0.0,0.0,0.0,50.400001525878906,46.79999923706055,50.49998092651367,0.0,0.0,0.0
6.0,14.069549560546875,16182.3701171875,1836.469970703125,5627.81982421875,8718.080078125,1600.0,17.608539581298828,0.0,7239.06640625,0.06656000018119812,1.021299958229065,0.0,0.4778200089931488,3.705590009689331,1.5449700355529785,2.6226699352264404,4.630640029907227,0.0,0.0,0.0,0.0,0.0,0.0,11.96236801147461,279.896484375,0.0,79.0820083618164,1111.5997314453125,385.8840637207031,0.0,3000.65478515625,0.0,0.0,0.0,0.0,0.0,0.0,7.003342628479004,7.003342628479004,232.50782775878906,232.2210235595703,232.84963989257812,0.0,0.0,0.0,232.50782775878906,232.2210235595703,232.84963989257812,0.0,0.0,0.0,50.400001525878906,50.31610870361328,50.49998092651367,0.0,0.0,0.0
7.0,14.069549560546875,16182.3701171875,1836.469970703125,5627.81982421875,8718.080078125,1600.0,17.860780715942383,0.0,7138.67041015625,0.06656000018119812,1.021299958229065,0.0,0.4778200089931488,3.705590009689331,1.5449700355529785,2.6226699352264404,4.630640029907227,0.0,0.0,0.0,0.0,0.0,0.0,30.670848846435547,279.896484375,0.0,79.0820083618164,294.9912109375,378.31988525390625,736.6998901367188,3000.65478515625,0.0,0.0,0.0,0.0,0.0,0.0,8.143054962158203,8.143054962158203,273.5069274902344,238.00588989257812,233.75326538085938,0.0,0.0,0.0,273.5069274902344,238.00588989257812,233.75326538085938,0.0,0.0,0.0,62.13999938964844,51.755943298339844,50.512046813964844,0.0,0.0,0.0
8.0,14.278849601745605,16182.3701171875,1836.469970703125,5627.81982421875,8718.080078125,1600.0,17.370935440063477,0.0,7341.39111328125,0.06656000018119812,1.021299958229065,0.0,0.4778200089931488,3.9148900508880615,1.5449700355529785,2.6226699352264404,4.630640029907227,0.0,0.0,0.0,0.0,0.0,0.0,0.0,279.896484375,0.0,79.0820083618164,1275.2591552734375,300.787109375,0.0,3000.65478515625,0.0,0.0,0.0,0.0,0.0,0.0,9.326860427856445,9.326860427856445,231.6955108642578,223.41839599609375,232.03712463378906,0.0,0.0,0.0,231.6955108642578,223.41839599609375,232.03712463378906,0.0,0.0,0.0,50.400001525878906,47.97894287109375,50.49991989135742,0.0,0.0,0.0
9.0,14.278849601745605,16266.08984375,1836.469970703125,5711.5400390625,8718.080078125,1600.0,17.4652156829834,0.0,7341.39111328125,0.06656000018119812,1.021299958229065,0.0,0.4778200089931488,3.9148900508880615,1.5449700355529785,2.6226699352264404,4.630640029907227,0.0,0.0,0.0,0.0,0.0,0.0,30.670848846435547,279.896484375,0.0,79.0820083618164,0.0,308.4625244140625,1235.6663818359375,3000.65478515625,0.0,0.0,0.0,0.0,0.0,0.0,10.573357582092285,10.573357582092285,272.1545715332031,237.0378875732422,251.8331298828125,0.0,0.0,0.0,272.1545715332031,237.0378875732422,251.8331298828125,0.0,0.0,0.0,62.13999938964844,51.86836624145508,56.19597625732422,0.0,0.0,0.0
10.0,14.278849601745605,16266.08984375,1836.469970703125,5711.5400390625,8718.080078125,1600.0,17.242095947265625,0.0,7438.1103515625,0.06656000018119812,1.021299958229065,0.0,0.4778200089931488,3.9148900508880615,1.5449700355529785,2.6226699352264404,4.630640029907227,0.0,0.0,0.0,0.0,0.0,0.0,11.96236801147461,279.896484375,0.0,79.0820083618164,1236.913818359375,389.77740478515625,0.0,3000.65478515625,0.0,0.0,0.0,0.0,0.0,0.0,11.867768287658691,11.867768287658691,231.25503540039062,232.58168029785156,232.2768096923828,0.0,0.0,0.0,231.25503540039062,232.58168029785156,232.2768096923828,0.0,0.0,0.0,50.400001525878906,50.788047790527344,50.69887161254883,0.0,0.0,0.0
11.0,14.278849601745605,16266.08984375,1836.469970703125,5711.5400390625,8718.080078125,1600.0,16.914396286010742,0.0,7583.87841796875,0.06656000018119812,1.021299958229065,0.0,0.4778200089931488,3.9148900508880615,1.5449700355529785,2.6226699352264404,4.630640029907227,0.0,0.0,0.0,0.0,0.0,0.0,0.0,279.896484375,0.0,79.0820083618164,1054.8260498046875,680.6643676757812,0.0,3000.65478515625,0.0,0.0,0.0,0.0,0.0,0.0,13.217222213745117,13.217222213745117,230.1346893310547,217.82699584960938,230.4763946533203,0.0,0.0,0.0,230.1346893310547,217.82699584960938,230.4763946533203,0.0,0.0,0.0,50.400001525878906,46.79999923706055,50.49995040893555,0.0,0.0,0.0
12.0,14.278849601745605,16266.08984375,1836.469970703125,5711.5400390625,8718.080078125,1600.0,16.127281188964844,0.0,7955.15771484375,0.06656000018119812,1.021299958229065,0.0,0.4778200089931488,3.9148900508880615,1.5449700355529785,2.6226699352264404,4.630640029907227,0.0,0.0,0.0,0.0,0.0,0.0,0.0,279.896484375,0.0,79.0820083618164,2398.435302734375,901.80517578125,0.0,1684.5797119140625,0.0,0.0,0.0,0.0,0.0,0.0,14.628063201904297,14.628063201904297,160.7863006591797,184.5751953125,186.3335418701172,0.0,0.0,0.0,160.7863006591797,184.5751953125,186.3335418701172,0.0,0.0,0.0,30.902711868286133,37.8609619140625,38.37527847290039,0.0,0.0,0.0
13.0,14.755249977111816,16366.169921875,1836.469970703125,5711.5400390625,8818.1591796875,1600.0,15.615215301513672,0.0,8267.9072265625,0.06656000018119812,1.021299958229065,0.0,0.934220016002655,3.9148900508880615,1.5649700164794922,2.6226699352264404,4.630640029907227,0.0,0.0,0.0,0.0,0.0,0.0,0.0,279.896484375,0.0,154.6413116455078,2818.720703125,1126.7784423828125,0.0,1172.9560546875,0.0,0.0,0.0,0.0,0.0,0.0,16.09513282775879,16.09513282775879,170.58168029785156,178.15859985351562,170.791259765625,0.0,0.0,0.0,170.58168029785156,178.15859985351562,170.791259765625,0.0,0.0,0.0,34.27992630004883,36.49617385864258,34.34122848510742,0.0,0.0,0.0
14.0,14.755249977111816,16735.841796875,1836.469970703125,5902.10009765625,8997.2724609375,1600.0,15.85894775390625,0.0,8326.75,0.06656000018119812,1.021299958229065,0.0,0.934220016002655,3.9148900508880615,1.5649700164794922,2.6226699352264404,4.630640029907227,0.0,0.0,0.0,0.0,0.0,0.0,0.0,279.896484375,0.0,154.6413116455078,2818.720703125,1126.7784423828125,0.0,1211.1146240234375,0.0,0.0,0.0,0.0,0.0,0.0,17.571910858154297,17.571910858154297,114.50093841552734,174.94244384765625,175.01358032226562,0.0,0.0,0.0,114.50093841552734,174.94244384765625,175.01358032226562,0.0,0.0,0.0,17.63257598876953,35.31171798706055,35.33252716064453,0.0,0.0,0.0
15.0,14.755249977111816,16780.6171875,1836.469970703125,5902.10009765625,9042.0478515625,1600.0,16.37809944152832,0.0,8087.2646484375,0.06656000018119812,1.021299958229065,0.0,0.934220016002655,3.9148900508880615,1.5649700164794922,2.6226699352264404,4.630640029907227,0.0,0.0,0.0,0.0,0.0,0.0,0.0,279.896484375,0.0,154.6413116455078,2818.720703125,937.8176879882812,0.0,1237.3323974609375,0.0,0.0,0.0,0.0,0.0,0.0,19.002473831176758,19.002473831176758,79.5013427734375,177.31842041015625,165.12423706054688,0.0,0.0,0.0,79.5013427734375,177.31842041015625,165.12423706054688,0.0,0.0,0.0,6.876043796539307,35.48754119873047,31.920740127563477,0.0,0.0,0.0
16.0,14.755249977111816,16780.6171875,1836.469970703125,5902.10009765625,9042.0478515625,1600.0,16.37031364440918,0.0,8093.1259765625,0.06656000018119812,1.021299958229065,0.0,0.934220016002655,3.9148900508880615,1.5649700164794922,2.6226699352264404,4.630640029907227,0.0,0.0,0.0,0.0,0.0,0.0,0.0,279.896484375,0.0,154.6413116455078,2818.720703125,579.8401489257812,0.0,1597.8916015625,0.0,0.0,0.0,0.0,0.0,0.0,20.36896514892578,20.36896514892578,141.76075744628906,185.5728302001953,163.91134643554688,0.0,0.0,0.0,141.76075744628906,185.5728302001953,163.91134643554688,0.0,0.0,0.0,25.094709396362305,37.90974044799805,31.57375717163086,0.0,0.0,0.0
17.0,14.755249977111816,16780.6171875,1836.469970703125,5902.10009765625,9042.0478515625,1600.0,17.131715774536133,0.0,7736.7431640625,0.06656000018119812,1.021299958229065,0.0,0.934220016002655,3.9148900508880615,1.5649700164794922,2.6226699352264404,4.630640029907227,0.0,0.0,0.0,0.0,0.0,0.0,0.0,279.896484375,0.0,154.6413116455078,1341.5711669921875,412.8515930175781,0.0,3000.65478515625,0.0,0.0,0.0,0.0,0.0,0.0,21.691875457763672,21.691875457763672,230.87765502929688,220.5992889404297,231.21954345703125,0.0,0.0,0.0,230.87765502929688,220.5992889404297,231.21954345703125,0.0,0.0,0.0,50.400001525878906,47.393577575683594,50.5,0.0,0.0,0.0
18.0,14.755249977111816,16780.6171875,1836.469970703125,5902.10009765625,9042.0478515625,1600.0,17.341341018676758,0.0,7645.54296875,0.06656000018119812,1.021299958229065,0.0,0.934220016002655,3.9148900508880615,1.5649700164794922,2.6226699352264404,4.630640029907227,0.0,0.0,0.0,0.0,0.0,0.0,30.670848846435547,279.896484375,0.0,154.6413116455078,420.2856140136719,390.8794250488281,849.853759765625,3000.65478515625,0.0,0.0,0.0,0.0,0.0,0.0,22.994579315185547,22.994579315185547,271.7310791015625,238.62567138671875,234.44757080078125,0.0,0.0,0.0,271.7310791015625,238.62567138671875,234.44757080078125,0.0,0.0,0.0,62.13999938964844,52.456668853759766,51.23457336425781,0.0,0.0,0.0
19.0,14.755249977111816,16780.6171875,1836.469970703125,5902.10009765625,9042.0478515625,1600.0,17.59090805053711,0.0,7539.52294921875,0.06656000018119812,1.021299958229065,0.0,0.934220016002655,3.9148900508880615,1.5649700164794922,2.6226699352264404,4.630640029907227,0.0,0.0,0.0,0.0,0.0,0.0,11.96236801147461,279.896484375,0.0,154.6413116455078,1223.7733154296875,383.21734619140625,0.0,3000.65478515625,0.0,0.0,0.0,0.0,0.0,0.0,24.31843376159668,24.31843376159668,232.4475555419922,226.49795532226562,232.78924560546875,0.0,0.0,0.0,232.4475555419922,226.49795532226562,232.78924560546875,0.0,0.0,0.0,50.400001525878906,48.65974426269531,50.499942779541016,0.0,0.0,0.0
20.0,14.755249977111816,16780.6171875,1836.469970703125,5902.10009765625,9042.0478515625,1600.0,17.107389450073242,0.0,7753.62451171875,0.06656000018119812,1.021299958229065,0.0,0.934220016002655,3.9148900508880615,1.5649700164794922,2.6226699352264404,4.630640029907227,0.0,0.0,0.0,0.0,0.0,0.0,30.670848846435547,279.896484375,0.0,154.6413116455078,47.31910705566406,304.6808776855469,1379.1314697265625,3000.65478515625,0.0,0.0,0.0,0.0,0.0,0.0,25.683364868164062,25.683364868164062,270.9312438964844,239.1705322265625,261.63232421875,0.0,0.0,0.0,270.9312438964844,239.1705322265625,261.63232421875,0.0,0.0,0.0,62.13999938964844,52.84999465942383,59.420066833496094,0.0,0.0,0.0
21.0,14.755249977111816,16780.6171875,1836.469970703125,5902.10009765625,9042.0478515625,1600.0,17.112089157104492,0.0,7753.62451171875,0.06656000018119812,1.021299958229065,0.0,0.934220016002655,3.9148900508880615,1.5649700164794922,2.6226699352264404,4.630640029907227,0.0,0.0,0.0,0.0,0.0,0.0,30.670848846435547,279.896484375,0.0,154.6413116455078,45.051483154296875,312.4556579589844,1372.1968994140625,3000.65478515625,0.0,0.0,0.0,0.0,0.0,0.0,27.110816955566406,27.110816955566406,270.94732666015625,238.02857971191406,261.10687255859375,0.0,0.0,0.0,270.94732666015625,238.02857971191406,261.10687255859375,0.0,0.0,0.0,62.13999938964844,52.51127243041992,59.26166915893555,0.0,0.0,0.0
22.0,14.755249977111816,16780.6171875,1836.469970703125,5902.10009765625,9042.0478515625,1600.0,16.893152236938477,0.0,7855.77783203125,0.06656000018119812,1.021299958229065,0.0,0.934220016002655,3.9148900508880615,1.5649700164794922,2.6226699352264404,4.630640029907227,0.0,0.0,0.0,0.0,0.0,0.0,11.96236801147461,279.896484375,0.0,154.6413116455078,1420.924072265625,394.8231506347656,0.0,3000.65478515625,0.0,0.0,0.0,0.0,0.0,0.0,28.584537506103516,28.584537506103516,230.0620574951172,231.79627990722656,230.57098388671875,0.0,0.0,0.0,230.0620574951172,231.79627990722656,230.57098388671875,0.0,0.0,0.0,50.400001525878906,50.90726089477539,50.548858642578125,0.0,0.0,0.0
23.0,14.755249977111816,16780.6171875,1836.469970703125,5902.10009765625,9042.0478515625,1600.0,16.57149314880371,0.0,8009.7158203125,0.06656000018119812,1.021299958229065,0.0,0.934220016002655,3.9148900508880615,1.5649700164794922,2.6226699352264404,4.630640029907227,0.0,0.0,0.0,0.0,0.0,0.0,0.0,279.896484375,0.0,154.6413116455078,1240.3890380859375,689.4757080078125,0.0,3000.65478515625,0.0,0.0,0.0,0.0,0.0,0.0,30.118677139282227,30.118677139282227,228.96237182617188,216.65467834472656,229.34671020507812,0.0,0.0,0.0,228.96237182617188,216.65467834472656,229.34671020507812,0.0,0.0,0.0,50.400001525878906,46.79999923706055,50.512420654296875,0.0,0.0,0.0
24.0,14.755249977111816,16784.4375,1836.469970703125,5902.10009765625,9045.8681640625,1600.0,15.848782539367676,0.0,8377.1953125,0.06656000018119812,1.021299958229065,0.0,0.934220016002655,3.9148900508880615,1.5649700164794922,2.6226699352264404,4.630640029907227,0.0,0.0,0.0,0.0,0.0,0.0,0.0,279.896484375,0.0,154.6413116455078,1277.2540283203125,913.479248046875,0.0,2985.7119140625,0.0,0.0,0.0,0.0,0.0,0.0,31.71917152404785,31.71917152404785,226.49154663085938,214.18386840820312,159.0589599609375,0.0,0.0,0.0,226.49154663085938,214.18386840820312,159.0589599609375,0.0,0.0,0.0,50.399993896484375,46.79999923706055,30.675966262817383,0.0,0.0,0.0
25.0,14.755249977111816,16919.51953125,1836.469970703125,5902.10009765625,9180.9501953125,1600.0,15.373068809509277,0.0,8706.541015625,0.06656000018119812,1.021299958229065,0.0,0.934220016002655,3.9148900508880615,1.5649700164794922,2.6226699352264404,4.630640029907227,0.0,0.0,0.0,0.0,0.0,0.0,0.0,279.896484375,0.0,154.6413116455078,2818.720703125,1126.7784423828125,0.0,1451.130859375,0.0,0.0,0.0,0.0,0.0,0.0,33.37491989135742,33.37491989135742,167.83348083496094,178.84031677246094,169.84512329101562,0.0,0.0,0.0,167.83348083496094,178.84031677246094,169.84512329101562,0.0,0.0,0.0,33.71822738647461,36.93772506713867,34.30663299560547,0.0,0.0,0.0
26.0,14.755249977111816,17070.619140625,1836.469970703125,5902.10009765625,9332.048828125,1600.0,15.404486656188965,0.0,8768.5,0.06656000018119812,1.021299958229065,0.0,0.934220016002655,3.9148900508880615,1.5649700164794922,2.6226699352264404,4.630640029907227,0.0,0.0,0.0,0.0,0.0,0.0,0.0,279.896484375,0.0,154.6413116455078,2818.720703125,1126.7784423828125,0.0,1491.20654296875,0.0,0.0,0.0,0.0,0.0,0.0,35.033512115478516,35.033512115478516,111.02688598632812,179.88478088378906,157.57928466796875,0.0,0.0,0.0,111.02688598632812,179.88478088378906,157.57928466796875,0.0,0.0,0.0,17.070877075195312,37.21181106567383,30.687456130981445,0.0,0.0,0.0
27.0,14.755249977111816,17098.947265625,1836.469970703125,5902.10009765625,9360.3759765625,1600.0,15.894233703613281,0.0,8516.3134765625,0.06656000018119812,1.021299958229065,0.0,0.934220016002655,3.9148900508880615,1.5649700164794922,2.6226699352264404,4.630640029907227,0.0,0.0,0.0,0.0,0.0,0.0,0.0,279.896484375,0.0,154.6413116455078,2818.720703125,937.8176879882812,0.0,1508.7000732421875,0.0,0.0,0.0,0.0,0.0,0.0,36.6328010559082,36.6328010559082,75.92676544189453,181.58636474609375,175.08314514160156,0.0,0.0,0.0,75.92676544189453,181.58636474609375,175.08314514160156,0.0,0.0,0.0,6.314344882965088,37.21977615356445,35.317588806152344,0.0,0.0,0.0
28.0,14.755249977111816,17098.947265625,1836.469970703125,5902.10009765625,9360.3759765625,1600.0,15.8869047164917,0.0,8522.478515625,0.06656000018119812,1.021299958229065,0.0,0.934220016002655,3.9148900508880615,1.5649700164794922,2.6226699352264404,4.630640029907227,0.0,0.0,0.0,0.0,0.0,0.0,0.0,279.896484375,0.0,154.6413116455078,2818.720703125,579.8401489257812,0.0,1869.3070068359375,0.0,0.0,0.0,0.0,0.0,0.0,38.15635681152344,38.15635681152344,127.45640563964844,189.9939422607422,177.13955688476562,0.0,0.0,0.0,127.45640563964844,189.9939422607422,177.13955688476562,0.0,0.0,0.0,21.394092559814453,39.68632125854492,35.92641830444336,0.0,0.0,0.0
29.0,14.755249977111816,17098.947265625,1836.469970703125,5902.10009765625,9360.3759765625,1600.0,16.628326416015625,0.0,8147.1904296875,0.06656000018119812,1.021299958229065,0.0,0.934220016002655,3.9148900508880615,1.5649700164794922,2.6226699352264404,4.630640029907227,0.0,0.0,0.0,0.0,0.0,0.0,0.0,279.896484375,0.0,154.6413116455078,1600.103515625,412.8515930175781,0.0,3000.65478515625,0.0,0.0,0.0,0.0,0.0,0.0,39.62833786010742,39.62833786010742,229.15667724609375,218.1802978515625,229.49855041503906,0.0,0.0,0.0,229.15667724609375,218.1802978515625,229.49855041503906,0.0,0.0,0.0,50.400001525878906,47.18941116333008,50.5,0.0,0.0,0.0
30.0,14.755249977111816,17098.947265625,1836.469970703125,5902.10009765625,9360.3759765625,1600.0,16.8326416015625,0.0,8051.15478515625,0.06656000018119812,1.021299958229065,0.0,0.934220016002655,3.9148900508880615,1.5649700164794922,2.6226699352264404,4.630640029907227,0.0,0.0,0.0,0.0,0.0,0.0,30.670848846435547,279.896484375,0.0,154.6413116455078,420.2856140136719,390.8794250488281,1104.9893798828125,3000.65478515625,0.0,0.0,0.0,0.0,0.0,0.0,41.07063293457031,41.07063293457031,269.991943359375,237.2225341796875,243.0858917236328,0.0,0.0,0.0,269.991943359375,237.2225341796875,243.0858917236328,0.0,0.0,0.0,62.13999938964844,52.55495071411133,54.269981384277344,0.0,0.0,0.0
31.0,14.767749786376953,17098.947265625,1836.469970703125,5902.10009765625,9360.3759765625,1600.0,17.075881958007812,0.0,7939.50146484375,0.06656000018119812,1.021299958229065,0.0,0.934220016002655,3.9148900508880615,1.5774699449539185,2.6226699352264404,4.630640029907227,0.0,0.0,0.0,0.0,0.0,0.0,30.670848846435547,279.896484375,0.0,154.6413116455078,1078.419189453125,386.2782287597656,374.79168701171875,3000.65478515625,0.0,0.0,0.0,0.0,0.0,0.0,42.52854919433594,42.52854919433594,270.8235168457031,236.72647094726562,231.02865600585938,0.0,0.0,0.0,270.8235168457031,236.72647094726562,231.02865600585938,0.0,0.0,0.0,62.13999938964844,52.16661071777344,50.5,0.0,0.0,0.0
32.0,14.767749786376953,17103.947265625,1836.469970703125,5907.10009765625,9360.3759765625,1600.0,16.61008644104004,0.0,8164.96484375,0.06656000018119812,1.021299958229065,0.0,0.934220016002655,3.9148900508880615,1.5774699449539185,2.6226699352264404,4.630640029907227,0.0,0.0,0.0,0.0,0.0,0.0,30.670848846435547,279.896484375,0.0,154.6413116455078,173.8208770751953,307.1144714355469,1508.92626953125,3000.65478515625,0.0,0.0,0.0,0.0,0.0,0.0,44.023529052734375,44.023529052734375,269.2310791015625,237.89041137695312,269.99395751953125,0.0,0.0,0.0,269.2310791015625,237.89041137695312,269.99395751953125,0.0,0.0,0.0,62.13999938964844,52.97285842895508,62.36314392089844,0.0,0.0,0.0
33.0,14.767749786376953,17103.947265625,1836.469970703125,5907.10009765625,9360.3759765625,1600.0,16.614839553833008,0.0,8164.96484375,0.06656000018119812,1.021299958229065,0.0,0.934220016002655,3.9148900508880615,1.5774699449539185,2.6226699352264404,4.630640029907227,0.0,0.0,0.0,0.0,0.0,0.0,30.670848846435547,279.896484375,0.0,154.6413116455078,165.2521514892578,314.95135498046875,1508.097900390625,3000.65478515625,0.0,0.0,0.0,0.0,0.0,0.0,45.58369827270508,45.58369827270508,269.247314453125,236.83038330078125,269.9479675292969,0.0,0.0,0.0,269.247314453125,236.83038330078125,269.9479675292969,0.0,0.0,0.0,62.13999938964844,52.65804672241211,62.344940185546875,0.0,0.0,0.0
34.0,14.767749786376953,17103.947265625,1836.469970703125,5907.10009765625,9360.3759765625,1600.0,16.401775360107422,0.0,8272.533203125,0.06656000018119812,1.021299958229065,0.0,0.934220016002655,3.9148900508880615,1.5774699449539185,2.6226699352264404,4.630640029907227,0.0,0.0,0.0,0.0,0.0,0.0,30.670848846435547,279.896484375,0.0,154.6413116455078,426.6051940917969,397.97674560546875,1234.5704345703125,3000.65478515625,0.0,0.0,0.0,0.0,0.0,0.0,47.18858337402344,47.18858337402344,268.5188903808594,237.65029907226562,248.5709228515625,0.0,0.0,0.0,268.5188903808594,237.65029907226562,248.5709228515625,0.0,0.0,0.0,62.13999938964844,53.110939025878906,56.30521774291992,0.0,0.0,0.0
35.0,14.823720932006836,17186.783203125,1836.469970703125,5989.93701171875,9360.3759765625,1600.0,16.166549682617188,0.0,8434.6513671875,0.06656000018119812,1.021299958229065,0.0,0.9488165974617004,3.9148900508880615,1.5774699449539185,2.6226699352264404,4.630640029907227,0.0,0.019338557496666908,0.022035781294107437,0.0,0.0,0.0,11.96236801147461,279.896484375,0.0,156.92550659179688,1483.4112548828125,694.9827880859375,0.0,3000.65478515625,0.0,2.320626974105835,2.3996965885162354,0.0,0.0,0.0,48.84980392456055,48.84980392456055,227.57794189453125,224.56210327148438,228.3516387939453,0.0,0.0,0.0,227.57794189453125,224.56210327148438,228.3516387939453,0.0,0.0,0.0,50.400001525878906,49.51786422729492,50.626304626464844,0.0,0.0,0.0
36.0,14.998698234558105,17280.51171875,1836.469970703125,6078.79736328125,9365.244140625,1600.0,15.580217361450195,0.0,8799.232421875,0.06656000018119812,1.021299958229065,0.0,1.0080664157867432,3.9148900508880615,1.5774699449539185,2.6226699352264404,4.630640029907227,0.0,0.0734390914440155,0.08366280049085617,0.0,0.0,0.0,0.0,279.896484375,0.0,166.1944122314453,1597.3990478515625,920.7755737304688,0.0,2894.207763671875,0.0,8.812690734863281,9.110878944396973,0.0,0.0,0.0,50.58082962036133,50.58082962036133,161.66529846191406,213.2657012939453,183.85757446289062,0.0,0.0,0.0,161.66529846191406,213.2657012939453,183.85757446289062,0.0,0.0,0.0,31.70688247680664,46.79999923706055,38.198123931884766,0.0,0.0,0.0
37.0,15.344693183898926,17435.20703125,1836.469970703125,6115.5859375,9483.1513671875,1600.0,15.124592781066895,0.0,9145.1650390625,0.06656000018119812,1.2412999868392944,0.0,1.056022047996521,3.9148900508880615,1.5774699449539185,2.6226699352264404,4.630640029907227,0.0,0.10950633138418198,0.12563443183898926,0.0,0.0,0.0,0.0,340.189453125,0.0,173.72531127929688,2818.720703125,1135.7784423828125,0.0,1612.376220703125,0.0,13.140759468078613,13.68159008026123,0.0,0.0,0.0,52.37841033935547,52.37841033935547,171.6536407470703,181.38693237304688,159.52496337890625,0.0,0.0,0.0,171.6536407470703,181.38693237304688,159.52496337890625,0.0,0.0,0.0,35.08409881591797,37.93108367919922,31.536457061767578,0.0,0.0,0.0
38.0,15.445708274841309,17679.658203125,1836.469970703125,6215.22607421875,9627.9619140625,1600.0,15.231799125671387,0.0,9210.25,0.06656000018119812,1.2412999868392944,0.0,1.096392035484314,3.9148900508880615,1.5774699449539185,2.6226699352264404,4.630640029907227,0.0,0.13795149326324463,0.15783482789993286,0.0,0.0,0.0,0.0,340.189453125,0.0,180.02940368652344,2818.720703125,1135.7784423828125,0.0,1641.194091796875,0.0,16.55417823791504,17.18821144104004,0.0,0.0,0.0,54.175941467285156,54.175941467285156,115.10614776611328,182.3910675048828,166.19732666015625,0.0,0.0,0.0,115.10614776611328,182.3910675048828,166.19732666015625,0.0,0.0,0.0,18.436748504638672,38.11758804321289,33.38092041015625,0.0,0.0,0.0
39.0,15.512367248535156,17718.2421875,1836.469970703125,6218.90869140625,9662.86328125,1600.0,15.72574520111084,0.0,8945.3515625,0.06656000018119812,1.2412999868392944,0.0,1.123400330543518,3.9148900508880615,1.5774699449539185,2.6226699352264404,4.630640029907227,0.0,0.15673451125621796,0.17870284616947174,0.0,0.0,0.0,0.0,340.189453125,0.0,184.2316436767578,2818.720703125,945.308349609375,0.0,1642.7738037109375,0.0,18.808141708374023,19.460739135742188,0.0,0.0,0.0,55.90788650512695,55.90788650512695,80.02037811279297,183.8883514404297,171.03271484375,0.0,0.0,0.0,80.02037811279297,183.8883514404297,171.03271484375,0.0,0.0,0.0,7.680215835571289,38.06159591674805,34.301326751708984,0.0,0.0,0.0
40.0,15.53734302520752,17719.40625,1836.469970703125,6220.07421875,9662.86328125,1600.0,15.719613075256348,0.0,8951.8408203125,0.06656000018119812,1.2412999868392944,0.0,1.1337504386901855,3.9148900508880615,1.5774699449539185,2.6226699352264404,4.630640029907227,0.0,0.16365069150924683,0.18641236424446106,0.0,0.0,0.0,0.0,340.189453125,0.0,185.8433380126953,2818.720703125,584.4715576171875,0.0,2003.0509033203125,0.0,19.63808250427246,20.30030632019043,0.0,0.0,0.0,57.55681610107422,57.55681610107422,130.93634033203125,192.0077667236328,194.0067138671875,0.0,0.0,0.0,130.93634033203125,192.0077667236328,194.0067138671875,0.0,0.0,0.0,22.579267501831055,40.442657470703125,41.02735137939453,0.0,0.0,0.0
41.0,15.546475410461426,17719.775390625,1836.469970703125,6220.44287109375,9662.86328125,1600.0,16.455963134765625,0.0,8557.6376953125,0.06656000018119812,1.2412999868392944,0.0,1.1376056671142578,3.9148900508880615,1.5774699449539185,2.6226699352264404,4.630640029907227,0.0,0.1661425530910492,0.1891968697309494,0.0,0.0,0.0,0.0,340.189453125,0.0,186.44400024414062,1721.117919921875,416.1492004394531,0.0,3000.65478515625,0.0,19.93710708618164,20.603538513183594,0.0,0.0,0.0,59.148738861083984,59.148738861083984,187.37147521972656,218.39683532714844,232.28732299804688,0.0,0.0,0.0,187.37147521972656,218.39683532714844,232.28732299804688,0.0,0.0,0.0,38.350196838378906,47.42510986328125,51.48807907104492,0.0,0.0,0.0
42.0,15.549753189086914,17719.892578125,1836.469970703125,6220.5595703125,9662.86328125,1600.0,16.659019470214844,0.0,8456.7666015625,0.06656315922737122,1.2424043416976929,2.6113209969480522e-05,1.1384879350662231,3.9148900508880615,1.5774916410446167,2.6226699352264404,4.630699157714844,8.763653340793098e-07,0.16669970750808716,0.18982037901878357,0.0,0.0,0.0,0.0,340.4920959472656,0.00715656066313386,186.58152770996094,1673.1375732421875,394.0069274902344,0.0,3000.69287109375,0.0005047864397056401,20.003965377807617,20.67144012451172,0.0,0.0,0.0,60.705963134765625,60.705963134765625,184.38668823242188,218.98391723632812,234.8013153076172,0.0,0.0,0.0,184.38668823242188,218.98391723632812,234.8013153076172,0.0,0.0,0.0,37.27408981323242,47.393775939941406,52.02036666870117,0.0,0.0,0.0
43.0,15.635051727294922,17955.517578125,1836.469970703125,6456.18359375,9662.86328125,1600.0,17.12537956237793,0.0,8339.4892578125,0.06673433631658554,1.3196123838424683,0.0024748574942350388,1.1385643482208252,3.9148900508880615,1.5788027048110962,2.6226704120635986,4.634634494781494,4.83284420624841e-05,0.16674675047397614,0.18987315893173218,0.0,0.0,0.0,11.989001274108887,361.65167236328125,0.6782569885253906,186.59344482421875,1563.54736328125,386.60455322265625,0.0,3003.2431640625,0.027837183326482773,20.009611129760742,20.677186965942383,0.0,0.0,0.0,62.282569885253906,62.282569885253906,190.82058715820312,223.85443115234375,235.51666259765625,0.0,0.0,0.0,190.82058715820312,223.85443115234375,235.51666259765625,0.0,0.0,0.0,38.68964385986328,48.35204315185547,51.76324462890625,0.0,0.0,0.0
44.0,16.227256774902344,18298.431640625,1836.469970703125,6799.0986328125,9662.86328125,1600.0,16.97006607055664,0.0,8576.3154296875,0.06776123493909836,1.8567924499511719,0.019522404298186302,1.138972520828247,3.9148900508880615,1.5876131057739258,2.622673511505127,4.661548137664795,0.0003329949686303735,0.16699698567390442,0.19015401601791382,0.0,0.0,0.0,12.330422401428223,508.8706970214844,5.350290775299072,186.6571044921875,1629.002197265625,309.0892333984375,0.0006591498386114836,3020.683349609375,0.19180509448051453,20.03963851928711,20.70777130126953,0.0,0.0,0.0,63.902217864990234,63.902217864990234,206.2773895263672,256.2395324707031,234.96617126464844,0.0,0.0,0.0,206.2773895263672,256.2395324707031,234.96617126464844,0.0,0.0,0.0,43.36607360839844,57.97999954223633,51.757537841796875,0.0,0.0,0.0
45.0,16.9438419342041,18519.451171875,1836.469970703125,7020.119140625,9662.86328125,1600.0,17.180145263671875,0.0,8576.3154296875,0.06883041560649872,2.507476329803467,0.039963312447071075,1.1393623352050781,3.9148900508880615,1.598113775253296,2.6226766109466553,4.694242000579834,0.0006293815094977617,0.1672361195087433,0.19042208790779114,0.0,0.0,0.0,31.717056274414062,687.1964721679688,10.952305793762207,186.7178955078125,420.2856140136719,319.072998046875,972.2471923828125,3041.868896484375,0.36252373456954956,20.068334579467773,20.73696517944336,0.0,0.0,0.0,65.59893798828125,65.59893798828125,271.0864562988281,256.957763671875,240.7152557373047,0.0,0.0,0.0,271.0864562988281,256.957763671875,240.7152557373047,0.0,0.0,0.0,62.11264419555664,57.97999954223633,53.229068756103516,0.0,0.0,0.0
46.0,17.444786071777344,18609.6953125,1836.469970703125,7110.36181640625,9662.86328125,1600.0,17.042001724243164,0.0,8689.298828125,0.06944230943918228,2.9628360271453857,0.054181817919015884,1.139575481414795,3.9148900508880615,1.6045480966567993,2.622678518295288,4.717900276184082,0.0007990035228431225,0.16736683249473572,0.19056853652000427,0.0,0.0,0.0,31.99901580810547,811.991943359375,14.849015235900879,186.75112915039062,420.2856140136719,404.8082275390625,816.3956909179688,3057.19921875,0.46022602915763855,20.084020614624023,20.752912521362305,0.0,0.0,0.0,67.3514175415039,67.3514175415039,266.48779296875,256.20648193359375,234.16270446777344,0.0,0.0,0.0,266.48779296875,256.20648193359375,234.16270446777344,0.0,0.0,0.0,60.905677795410156,57.89838790893555,51.45058822631836,0.0,0.0,0.0
47.0,17.741817474365234,18759.62890625,1836.469970703125,7260.2958984375,9662.86328125,1600.0,16.850526809692383,0.0,8859.5859375,0.06964670866727829,3.2322158813476562,0.06259461492300034,1.1396445035934448,3.9148900508880615,1.6067951917648315,2.6226789951324463,4.7332072257995605,0.0008556652464903891,0.1677200049161911,0.19156785309314728,0.0,0.0,0.0,0.0,885.8179321289062,17.154617309570312,186.76187133789062,992.2259521484375,707.902587890625,0.0,3067.118408203125,0.49286317825317383,20.126401901245117,20.861740112304688,0.0,0.0,0.0,69.1683349609375,69.1683349609375,229.9163360595703,217.608642578125,230.4006805419922,0.0,0.0,0.0,229.9163360595703,217.608642578125,230.4006805419922,0.0,0.0,0.0,50.39999771118164,46.79999923706055,50.54167175292969,0.0,0.0,0.0
48.0,18.133909225463867,18894.849609375,1836.469970703125,7378.6748046875,9679.7041015625,1600.0,16.30377960205078,0.0,9221.26953125,0.06985951215028763,3.5724737644195557,0.07344498485326767,1.1397150754928589,3.9148900508880615,1.6091549396514893,2.6226797103881836,4.752953052520752,0.0009146565571427345,0.1723322719335556,0.20549210906028748,0.0,0.0,0.0,0.0,979.0686645507812,20.128259658813477,186.77288818359375,954.1126708984375,939.2701416015625,0.0,3017.3603515625,0.4385213553905487,20.679872512817383,22.378089904785156,0.0,0.0,0.0,71.04378509521484,71.04378509521484,210.18450927734375,215.17213439941406,216.07904052734375,0.0,0.0,0.0,210.18450927734375,215.17213439941406,216.07904052734375,0.0,0.0,0.0,45.17518997192383,46.634071350097656,46.89934158325195,0.0,0.0,0.0
49.0,18.39675521850586,19137.51953125,1836.469970703125,7435.4375,9865.6123046875,1600.0,15.88633918762207,0.0,9583.7998046875,0.06998024135828018,3.7847108840942383,0.0802292600274086,1.1397547721862793,3.9148900508880615,1.6105049848556519,2.6226799488067627,4.765372276306152,0.0009481240413151681,0.17974670231342316,0.2279372215270996,0.0,0.0,0.0,0.0,1037.234130859375,21.987552642822266,186.77906799316406,2818.720703125,1159.5635986328125,0.0,1111.7398681640625,0.06921971589326859,21.569604873657227,24.822362899780273,0.0,0.0,0.0,72.95938873291016,72.95938873291016,172.3375701904297,174.6476593017578,173.1656036376953,0.0,0.0,0.0,172.3375701904297,174.6476593017578,173.1656036376953,0.0,0.0,0.0,34.52239990234375,35.19810104370117,34.76459884643555,0.0,0.0,0.0
50.0,18.548370361328125,19337.748046875,1836.469970703125,7456.8310546875,10044.4462890625,1600.0,15.942566871643066,0.0,9652.0,0.07002327591180801,3.880336284637451,0.08334487676620483,1.1397687196731567,3.9148900508880615,1.610985279083252,2.622680187225342,4.770650863647461,0.000960053876042366,0.1913665384054184,0.2633650004863739,0.0,0.0,0.0,0.0,1063.441162109375,22.841413497924805,186.78125,2818.720703125,1159.909423828125,0.0,1123.1083984375,0.07077091187238693,22.963985443115234,28.68044662475586,0.0,0.0,0.0,74.86642456054688,74.86642456054688,119.92417907714844,172.4618682861328,122.63568115234375,0.0,0.0,0.0,119.92417907714844,172.4618682861328,122.63568115234375,0.0,0.0,0.0,19.135255813598633,34.50252914428711,19.92837142944336,0.0,0.0,0.0
51.0,18.69424819946289,19521.60546875,1836.469970703125,7606.5703125,10078.5654296875,1600.0,16.581279754638672,0.0,9374.400390625,0.07003676891326904,3.965121269226074,0.0860929861664772,1.1397731304168701,3.9148900508880615,1.611136555671692,2.622680187225342,4.774361610412598,0.0009637949988245964,0.20479366183280945,0.30439844727516174,0.0,0.0,0.0,0.0,1086.67724609375,23.594560623168945,186.7819366455078,2818.720703125,965.4832763671875,0.0,1098.6636962890625,0.06948013603687286,24.575239181518555,33.148990631103516,0.0,0.0,0.0,76.68346405029297,76.68346405029297,93.3850326538086,174.03721618652344,85.66017150878906,0.0,0.0,0.0,93.3850326538086,174.03721618652344,85.66017150878906,0.0,0.0,0.0,10.733843803405762,34.324607849121094,8.474320411682129,0.0,0.0,0.0
52.0,19.017236709594727,19643.275390625,1836.469970703125,7728.23974609375,10078.5654296875,1600.0,16.676963806152344,0.0,9381.193359375,0.07005885243415833,4.165855884552002,0.0925505980849266,1.1397802829742432,3.9148900508880615,1.611385464668274,2.622680187225342,4.782771587371826,0.0009699150105006993,0.23119401931762695,0.38509994745254517,0.0,0.0,0.0,0.0,1141.6903076171875,25.36432456970215,186.78305053710938,2818.720703125,597.0376586914062,0.0,1401.2144775390625,0.08912738412618637,27.743282318115234,41.937381744384766,0.0,0.0,0.0,78.39374542236328,78.39374542236328,149.32296752929688,181.14805603027344,167.635009765625,0.0,0.0,0.0,149.32296752929688,181.14805603027344,167.635009765625,0.0,0.0,0.0,27.000003814697266,36.30884552001953,32.35627746582031,0.0,0.0,0.0
53.0,19.282649993896484,19719.515625,1836.469970703125,7804.4814453125,10078.5654296875,1600.0,17.527851104736328,0.0,8968.0859375,0.07007265090942383,4.344236850738525,0.09828910231590271,1.139784812927246,3.9148900508880615,1.6115410327911377,2.622680187225342,4.790046691894531,0.0009737420477904379,0.24939508736133575,0.44073954224586487,0.0,0.0,0.0,0.0,1190.5772705078125,26.937013626098633,186.78375244140625,1179.2218017578125,425.1374206542969,0.0,2873.913330078125,0.18342649936676025,29.927410125732422,47.99653625488281,0.0,0.0,0.0,80.03568267822266,80.03568267822266,134.2696075439453,218.58828735351562,188.04354858398438,0.0,0.0,0.0,134.2696075439453,218.58828735351562,188.04354858398438,0.0,0.0,0.0,21.746007919311523,46.40922546386719,37.47488784790039,0.0,0.0,0.0
54.0,19.47538185119629,19757.64453125,1836.469970703125,7842.60888671875,10078.5654296875,1600.0,17.778854370117188,0.0,8862.37890625,0.07008135318756104,4.4780426025390625,0.10259519517421722,1.1397876739501953,3.9148900508880615,1.611639142036438,2.622680187225342,4.795446872711182,0.0009761527762748301,0.2614995241165161,0.477742075920105,0.0,0.0,0.0,0.0,1227.2479248046875,28.117137908935547,186.78419494628906,923.3934326171875,402.535888671875,0.0,3036.052490234375,0.3498545289039612,31.379941940307617,52.0261116027832,0.0,0.0,0.0,81.625,81.625,226.4955291748047,220.67552185058594,190.36248779296875,0.0,0.0,0.0,226.4955291748047,220.67552185058594,190.36248779296875,0.0,0.0,0.0,48.47108840942383,46.76873779296875,37.90217208862305,0.0,0.0,0.0
55.0,19.576574325561523,19769.70703125,1836.469970703125,7854.6728515625,10078.5654296875,1600.0,18.04831886291504,0.0,8739.4775390625,0.07008543610572815,4.550005912780762,0.10491237044334412,1.1397889852523804,3.9148900508880615,1.611707091331482,2.622680187225342,4.798402786254883,0.0009772843914106488,0.2673865556716919,0.4957383871078491,0.0,0.0,0.0,0.0,1246.9700927734375,28.752180099487305,186.78440856933594,951.5761108398438,394.66192626953125,0.0,2908.38330078125,0.32079288363456726,32.08638381958008,53.98590850830078,0.0,0.0,0.0,83.20689392089844,83.20689392089844,215.37229919433594,218.83432006835938,186.29563903808594,0.0,0.0,0.0,215.37229919433594,218.83432006835938,186.29563903808594,0.0,0.0,0.0,44.948081970214844,45.96072006225586,36.44315719604492,0.0,0.0,0.0
56.0,19.62260627746582,19777.13671875,1836.469970703125,7862.1015625,10078.5654296875,1600.0,17.554279327392578,0.0,8987.6552734375,0.07008668780326843,4.585440635681152,0.1060599833726883,1.139789342880249,3.9148900508880615,1.611838459968567,2.622680187225342,4.80019474029541,0.0009776322403922677,0.26924124360084534,0.5014079213142395,0.0,0.0,0.0,0.0,1256.681396484375,29.066694259643555,186.7844696044922,996.759033203125,313.80560302734375,0.0,3098.55224609375,0.5326968431472778,32.3089485168457,54.60332489013672,0.0,0.0,0.0,84.80101776123047,84.80101776123047,228.10638427734375,220.01463317871094,221.2817840576172,0.0,0.0,0.0,228.10638427734375,220.01463317871094,221.2817840576172,0.0,0.0,0.0,49.16683578491211,46.79999923706055,47.17063903808594,0.0,0.0,0.0
57.0,19.65914535522461,19809.595703125,1836.469970703125,7894.560546875,10078.5654296875,1600.0,17.58791160583496,0.0,8987.6552734375,0.07008705288171768,4.616532802581787,0.10707232356071472,1.1397894620895386,3.9148900508880615,1.6120684146881104,2.622680187225342,4.802163124084473,0.000977733638137579,0.26979219913482666,0.5030921697616577,0.0,0.0,0.0,9.378089904785156,1265.202392578125,29.344135284423828,186.78448486328125,971.16943359375,321.859130859375,0.0,3096.03271484375,0.5263062119483948,32.37506103515625,54.786739349365234,0.0,0.0,0.0,86.43689727783203,86.43689727783203,226.15635681152344,224.42660522460938,224.8672332763672,0.0,0.0,0.0,226.15635681152344,224.42660522460938,224.8672332763672,0.0,0.0,0.0,48.56282424926758,48.05686950683594,48.185752868652344,0.0,0.0,0.0
58.0,19.73690414428711,19835.66015625,1836.469970703125,7920.6240234375,10078.5654296875,1600.0,17.38357925415039,0.0,9106.0634765625,0.0700874999165535,4.684474468231201,0.10928133875131607,1.1397895812988281,3.9148900508880615,1.6124367713928223,2.622680187225342,4.806666374206543,0.0009778570383787155,0.27046629786491394,0.5051531791687012,0.0,0.0,0.0,9.784513473510742,1283.822509765625,29.949535369873047,186.7845001220703,956.3527221679688,406.7984619140625,0.0014840624062344432,3084.06884765625,0.5162185430526733,32.455955505371094,55.01118087768555,0.0,0.0,0.0,88.10684967041016,88.10684967041016,224.31678771972656,248.09640502929688,225.62557983398438,0.0,0.0,0.0,224.31678771972656,248.09640502929688,225.62557983398438,0.0,0.0,0.0,48.22908401489258,55.18461608886719,48.61190414428711,0.0,0.0,0.0
59.0,19.825654983520508,19946.55078125,1836.469970703125,8031.51513671875,10078.5654296875,1600.0,17.144786834716797,0.0,9284.51171875,0.07008761912584305,4.760770320892334,0.11179438978433609,1.1397897005081177,3.9148900508880615,1.6125556230545044,2.622680187225342,4.811763763427734,0.0009778913808986545,0.2716110944747925,0.5087337493896484,0.0,0.0,0.0,0.0,1304.73193359375,30.638261795043945,186.78451538085938,801.0165405273438,710.4404296875,0.0,3041.94189453125,0.4677833914756775,32.59333038330078,55.40110778808594,0.0,0.0,0.0,89.83570861816406,89.83570861816406,195.24034118652344,217.8801727294922,204.79287719726562,0.0,0.0,0.0,195.24034118652344,217.8801727294922,204.79287719726562,0.0,0.0,0.0,39.9630126953125,46.58516311645508,42.75712966918945,0.0,0.0,0.0
60.0,20.110610961914062,20089.341796875,1836.469970703125,8174.30712890625,10078.5654296875,1600.0,16.571645736694336,0.0,9671.4365234375,0.07008787989616394,4.989902973175049,0.11943695694208145,1.1397898197174072,3.9148900508880615,1.612809181213379,2.622680425643921,4.826363563537598,0.0009779635583981872,0.27974933385849,0.5339234471321106,0.0,0.0,0.0,0.0,1367.5279541015625,32.73277282714844,186.78453063964844,2774.49072265625,941.4031372070312,0.0,1028.1361083984375,0.06572537869215012,33.56991958618164,58.14426040649414,0.0,0.0,0.0,91.62110900878906,91.62110900878906,147.88143920898438,183.839111328125,159.5877685546875,0.0,0.0,0.0,147.88143920898438,183.839111328125,159.5877685546875,0.0,0.0,0.0,26.68367576599121,37.201297760009766,30.107776641845703,0.0,0.0,0.0
61.0,20.41111183166504,20322.62109375,1836.469970703125,8262.1494140625,10224.001953125,1600.0,16.125640869140625,0.0,10051.6650390625,0.07008810341358185,5.2160258293151855,0.12697342038154602,1.1397898197174072,3.914997100830078,1.613028883934021,2.622680425643921,4.8404998779296875,0.0009780247928574681,0.2926018536090851,0.5734485387802124,0.0,0.0,0.0,0.0,1429.4989013671875,34.79821014404297,186.78453063964844,2771.29345703125,1161.380859375,0.0,995.7642211914062,0.06359262019395828,35.11222457885742,62.44854736328125,0.0,0.0,0.0,93.4453353881836,93.4453353881836,147.43809509277344,170.224365234375,165.25717163085938,0.0,0.0,0.0,147.43809509277344,170.224365234375,165.25717163085938,0.0,0.0,0.0,27.000001907348633,33.66498565673828,32.21208190917969,0.0,0.0,0.0
62.0,20.608320236206055,20530.26953125,1836.469970703125,8293.98046875,10399.818359375,1600.0,16.178081512451172,0.0,10123.2001953125,0.07008819282054901,5.340705871582031,0.13113313913345337,1.1397898197174072,3.9155359268188477,1.613120675086975,2.622680425643921,4.847740173339844,0.0009780500549823046,0.30754563212394714,0.6190017461776733,0.0,0.0,0.0,0.0,1463.6685791015625,35.93821716308594,186.7845458984375,2777.949951171875,1161.4468994140625,0.0,1006.6782836914062,0.0642557442188263,28.898296356201172,62.07575225830078,0.0,0.0,0.0,95.2698745727539,95.2698745727539,79.46119689941406,154.6422119140625,121.49264526367188,0.0,0.0,0.0,79.46119689941406,154.6422119140625,121.49264526367188,0.0,0.0,0.0,7.064320087432861,29.054767608642578,19.358518600463867,0.0,0.0,0.0
63.0,20.78671646118164,20739.142578125,1836.469970703125,8468.359375,10434.3125,1600.0,16.838193893432617,0.4614705741405487,9832.0439453125,0.0700882226228714,5.453027248382568,0.1349140703678131,1.1397898197174072,3.9158616065979004,1.613148808479309,2.622680425643921,4.853052139282227,0.000978057854808867,0.3215743601322174,0.661601722240448,0.0,0.0,0.0,0.0,1494.4512939453125,36.97441864013672,186.7845458984375,2760.895751953125,966.6890869140625,0.0,985.3452758789062,0.06286755204200745,28.941692352294922,65.49857330322266,0.0,0.0,0.0,97.01423645019531,97.01423645019531,127.743896484375,169.61070251464844,139.51443481445312,0.0,0.0,0.0,127.743896484375,169.61070251464844,139.51443481445312,0.0,0.0,0.0,20.065425872802734,32.311466217041016,23.50830841064453,0.0,0.0,0.0
64.0,21.174592971801758,20888.900390625,1836.469970703125,8618.1171875,10434.3125,1600.0,16.95159149169922,0.0,9839.1689453125,0.07008826732635498,5.713110446929932,0.14368654787540436,1.1397899389266968,3.9164462089538574,1.6131927967071533,2.622680425643921,4.864887237548828,0.0009780701948329806,0.3479781448841095,0.7417547106742859,0.0,0.0,0.0,0.0,1565.7293701171875,39.37859344482422,186.7845458984375,2803.81884765625,597.707275390625,0.0,1222.8349609375,0.07794544100761414,35.876949310302734,76.5876693725586,0.0,0.0,0.0,98.66080474853516,98.66080474853516,78.20507049560547,171.88107299804688,165.87344360351562,0.0,0.0,0.0,78.20507049560547,171.88107299804688,165.87344360351562,0.0,0.0,0.0,5.923391342163086,33.32362365722656,31.566390991210938,0.0,0.0,0.0
65.0,21.50192642211914,20987.794921875,1836.469970703125,8717.013671875,10434.3125,1600.0,17.833274841308594,0.0,9405.90234375,0.07008829712867737,5.947935104370117,0.1515830010175705,1.1397899389266968,3.9168426990509033,1.6132205724716187,2.622680425643921,4.875319004058838,0.0009780778782442212,0.36625611782073975,0.7972333431243896,0.0,0.0,0.0,0.0,1630.085205078125,41.542686462402344,186.7845458984375,892.3002319335938,425.58050537109375,0.0,2928.00927734375,0.3204622268676758,43.95073318481445,86.81871032714844,0.0,0.0,0.0,100.22550964355469,100.22550964355469,219.11302185058594,217.8778076171875,168.73622131347656,0.0,0.0,0.0,219.11302185058594,217.8778076171875,168.73622131347656,0.0,0.0,0.0,46.25728225708008,45.8959846496582,31.522069931030273,0.0,0.0,0.0
66.0,21.74913787841797,21038.5234375,1836.469970703125,8767.7421875,10434.3125,1600.0,18.0975341796875,0.0,9295.0283203125,0.07008831202983856,6.130172252655029,0.15767793357372284,1.1397899389266968,3.917112350463867,1.6132389307022095,2.622680425643921,4.883342742919922,0.0009780830005183816,0.37878817319869995,0.8352693915367126,0.0,0.0,0.0,0.0,1680.0289306640625,43.21305847167969,186.7845458984375,1037.340576171875,402.9354553222656,0.0,2672.30615234375,0.17007729411125183,45.45458221435547,90.9608383178711,0.0,0.0,0.0,101.74078369140625,101.74078369140625,136.7494659423828,215.55332946777344,187.04905700683594,0.0,0.0,0.0,136.7494659423828,215.55332946777344,187.04905700683594,0.0,0.0,0.0,21.90168571472168,44.95181655883789,36.614315032958984,0.0,0.0,0.0
67.0,21.880859375,21054.57421875,1836.469970703125,8783.79296875,10434.3125,1600.0,18.374849319458008,0.0,9166.1318359375,0.07008831948041916,6.230339050292969,0.16103065013885498,1.1397899389266968,3.9172356128692627,1.6133428812026978,2.622680425643921,4.888042449951172,0.0009780852124094963,0.38455647230148315,0.8527759909629822,0.0,0.0,0.0,0.0,1707.4805908203125,44.131900787353516,186.7845458984375,2309.367919921875,395.0625,0.0,1288.944091796875,0.08200258016586304,46.14677810668945,92.8673095703125,0.0,0.0,0.0,103.24609375,103.24609375,177.94473266601562,192.60833740234375,204.64207458496094,0.0,0.0,0.0,177.94473266601562,192.60833740234375,204.64207458496094,0.0,0.0,0.0,33.67398452758789,37.96308898925781,41.48295974731445,0.0,0.0,0.0
68.0,21.946687698364258,21079.87109375,1836.469970703125,8809.08984375,10434.3125,1600.0,17.884878158569336,0.0,9426.4228515625,0.07008832693099976,6.284363746643066,0.1628536731004715,1.1397899389266968,3.9172699451446533,1.613599181175232,2.622680425643921,4.891247272491455,0.0009780857944861054,0.38616350293159485,0.8576531410217285,0.0,0.0,0.0,0.0,1722.2864990234375,44.63151931762695,186.7845458984375,864.0463256835938,314.1484069824219,0.0,2972.58203125,0.46040549874305725,46.339622497558594,93.39842987060547,0.0,0.0,0.0,104.76182556152344,104.76182556152344,207.84898376464844,218.39947509765625,216.38626098632812,0.0,0.0,0.0,207.84898376464844,218.39947509765625,216.38626098632812,0.0,0.0,0.0,42.91094970703125,45.99696731567383,45.408103942871094,0.0,0.0,0.0
69.0,22.027170181274414,21127.1328125,1836.469970703125,8856.349609375,10434.3125,1600.0,17.929471969604492,0.0,9426.4228515625,0.07008832693099976,6.353198051452637,0.16516971588134766,1.1397899389266968,3.917292356491089,1.6140694618225098,2.622680425643921,4.895813465118408,0.0009780862601473927,0.3872228264808655,0.8608680367469788,0.0,0.0,0.0,0.0,1741.151123046875,45.2662467956543,186.7845458984375,844.7337646484375,322.2586669921875,0.0,2962.24267578125,0.459594190120697,46.466739654541016,93.74852752685547,0.0,0.0,0.0,106.32784271240234,106.32784271240234,215.1117706298828,218.52230834960938,211.82737731933594,0.0,0.0,0.0,215.1117706298828,218.52230834960938,211.82737731933594,0.0,0.0,0.0,44.99072265625,45.988304138183594,44.03003692626953,0.0,0.0,0.0
70.0,22.13422203063965,21157.76953125,1836.469970703125,8886.9873046875,10434.3125,1600.0,17.722532272338867,0.0,9550.6162109375,0.07008832693099976,6.446547031402588,0.16831019520759583,1.1397899389266968,3.917311191558838,1.61457097530365,2.622680425643921,4.902303218841553,0.0009780864929780364,0.38810309767723083,0.8635395765304565,0.0,0.0,0.0,0.0,1766.734375,46.12692642211914,186.7845458984375,825.2557373046875,407.3368835449219,0.0,2951.860595703125,0.45871594548225403,46.57237243652344,94.03945922851562,0.0,0.0,0.0,107.92414093017578,107.92414093017578,186.29409790039062,218.54684448242188,210.9976806640625,0.0,0.0,0.0,186.29409790039062,218.54684448242188,210.9976806640625,0.0,0.0,0.0,36.76849365234375,46.202423095703125,43.99428939819336,0.0,0.0,0.0
71.0,22.234844207763672,21263.888671875,1836.469970703125,8993.1064453125,10434.3125,1600.0,17.467805862426758,0.0,9737.775390625,0.07008832693099976,6.536571025848389,0.171365424990654,1.1397899389266968,3.917316436767578,1.61473548412323,2.622680425643921,4.908664703369141,0.0009780866093933582,0.38835400342941284,0.8643010854721069,0.0,0.0,0.0,0.0,1791.40625,46.96424102783203,186.7845458984375,2627.99951171875,711.4007568359375,0.0,944.2540893554688,0.05998016148805618,46.60247802734375,94.12238311767578,0.0,0.0,0.0,109.56643676757812,109.56643676757812,151.09902954101562,183.42637634277344,170.0306854248047,0.0,0.0,0.0,151.09902954101562,183.42637634277344,170.0306854248047,0.0,0.0,0.0,26.728660583496094,36.184410095214844,32.266170501708984,0.0,0.0,0.0
72.0,22.500890731811523,21386.75,1836.469970703125,9115.9677734375,10434.3125,2930.02685546875,17.01214599609375,0.0,10053.5458984375,0.07008832693099976,6.776147365570068,0.17961370944976807,1.1397899389266968,3.9173262119293213,1.6150392293930054,2.622680425643921,4.9247260093688965,0.0009780868422240019,0.38881155848503113,0.865689754486084,0.0,0.0,0.0,0.0,1857.064208984375,49.22475814819336,186.7845458984375,934.7359619140625,942.7048950195312,0.0,2548.998779296875,0.16172336041927338,46.657386779785156,94.27361297607422,0.0,0.0,0.0,111.25102996826172,111.25102996826172,166.8675537109375,209.15533447265625,165.8874969482422,0.0,0.0,0.0,166.8675537109375,209.15533447265625,165.8874969482422,0.0,0.0,0.0,31.796611785888672,44.16578674316406,31.509946823120117,0.0,0.0,0.0
73.0,22.754547119140625,21560.35546875,1836.469970703125,9174.5556640625,10549.330078125,2930.02685546875,16.495189666748047,0.0,10448.7939453125,0.07008832693099976,7.005100727081299,0.18751510977745056,1.1397899389266968,3.9173340797424316,1.6152907609939575,2.622680425643921,4.939764499664307,0.0009780869586393237,0.3891841471195221,0.8668203949928284,0.0,0.0,0.0,0.0,1919.8109130859375,51.39020538330078,186.7845458984375,2591.26611328125,1163.0093994140625,0.0,891.95068359375,0.05652772635221481,35.026573181152344,85.81522369384766,0.0,0.0,0.0,112.97714233398438,112.97714233398438,123.24180603027344,167.5298614501953,126.6436538696289,0.0,0.0,0.0,123.24180603027344,167.5298614501953,126.6436538696289,0.0,0.0,0.0,19.55303955078125,32.50729751586914,20.548080444335938,0.0,0.0,0.0
74.0,22.896596908569336,21750.2109375,1836.469970703125,9193.09375,10720.6484375,2930.02685546875,16.52504539489746,0.0,10523.150390625,0.07008832693099976,7.134192943572998,0.1919754296541214,1.1397899389266968,3.917337417602539,1.6153936386108398,2.622680425643921,4.947547435760498,0.0009780869586393237,0.38933488726615906,0.867277979850769,0.0,0.0,0.0,0.0,1955.18994140625,52.61259460449219,186.7845458984375,2585.06005859375,1163.0833740234375,0.0,909.780029296875,0.05762395262718201,35.04014205932617,85.86051940917969,0.0,0.0,0.0,114.7033920288086,114.7033920288086,65.9664535522461,148.56716918945312,86.93885040283203,0.0,0.0,0.0,65.9664535522461,148.56716918945312,86.93885040283203,0.0,0.0,0.0,2.770141839981079,26.93085289001465,8.90456771850586,0.0,0.0,0.0
75.0,22.99287986755371,21878.615234375,1836.469970703125,9287.958984375,10754.1865234375,2930.02685546875,17.127342224121094,0.0,10220.4990234375,0.07008832693099976,7.222942352294922,0.1950436681509018,1.1397899389266968,3.9173381328582764,1.6154155731201172,2.622680425643921,4.95186185836792,0.0009780869586393237,0.3893667459487915,0.86737459897995,0.0,0.0,0.0,0.0,1979.512451171875,53.45347595214844,186.7845458984375,2567.2958984375,968.0474853515625,0.0,894.3370361328125,0.056626416742801666,33.64530563354492,84.82926177978516,0.0,0.0,0.0,116.35099029541016,116.35099029541016,98.84856414794922,153.69464111328125,127.81159973144531,0.0,0.0,0.0,98.84856414794922,153.69464111328125,127.81159973144531,0.0,0.0,0.0,11.785862922668457,27.828340530395508,20.257549285888672,0.0,0.0,0.0
76.0,23.23581886291504,21989.7890625,1836.469970703125,9399.1328125,10754.1865234375,2930.02685546875,17.205657958984375,0.0,10227.8994140625,0.07008832693099976,7.447391510009766,0.20279167592525482,1.1397899389266968,3.9173390865325928,1.6154532432556152,2.622680425643921,4.962346076965332,0.0009780870750546455,0.38942134380340576,0.8675403594970703,0.0,0.0,0.0,0.0,2041.0247802734375,55.57688522338867,186.7845458984375,2627.995361328125,598.5448608398438,0.0,1140.45751953125,0.07214916497468948,35.04792022705078,85.8864974975586,0.0,0.0,0.0,117.90734100341797,117.90734100341797,96.31439208984375,156.6656036376953,106.29435729980469,0.0,0.0,0.0,96.31439208984375,156.6656036376953,106.29435729980469,0.0,0.0,0.0,10.966301918029785,28.61903190612793,13.885442733764648,0.0,0.0,0.0
77.0,23.466886520385742,22046.791015625,1836.469970703125,9456.1337890625,10754.1865234375,2930.02685546875,18.063508987426758,0.0,9777.5048828125,0.07008832693099976,7.661160945892334,0.21016548573970795,1.1397899389266968,3.917340040206909,1.6154831647872925,2.622680425643921,4.972064018249512,0.0009780870750546455,0.38946452736854553,0.8676713705062866,0.0,0.0,0.0,0.0,2099.6103515625,57.59774398803711,186.7845458984375,2530.1689453125,426.1773986816406,0.0,1024.901123046875,0.06478789448738098,46.73574447631836,94.48941040039062,0.0,0.0,0.0,119.39100646972656,119.39100646972656,109.5445785522461,187.5193634033203,155.2417449951172,0.0,0.0,0.0,109.5445785522461,187.5193634033203,155.2417449951172,0.0,0.0,0.0,13.978281021118164,36.78590393066406,27.344701766967773,0.0,0.0,0.0
78.0,23.605051040649414,22067.265625,1836.469970703125,9476.6083984375,10754.1865234375,2930.02685546875,18.304018020629883,0.0,9662.259765625,0.07008832693099976,7.789074897766113,0.21457616984844208,1.1397899389266968,3.9173405170440674,1.6154992580413818,2.622680425643921,4.977795124053955,0.0009780870750546455,0.38948771357536316,0.8677417039871216,0.0,0.0,0.0,0.0,2134.666015625,58.80653381347656,186.7845458984375,854.1622314453125,403.5000305175781,0.0,2608.168212890625,0.1647959202528,46.738525390625,94.49707794189453,0.0,0.0,0.0,120.8067398071289,120.8067398071289,117.43072509765625,214.5047607421875,179.65472412109375,0.0,0.0,0.0,117.43072509765625,214.5047607421875,179.65472412109375,0.0,0.0,0.0,16.04446792602539,44.438621520996094,34.24498748779297,0.0,0.0,0.0
79.0,23.67036247253418,22073.7421875,1836.469970703125,9483.0869140625,10754.1865234375,2930.02685546875,18.57599449157715,0.0,9528.2626953125,0.07008832693099976,7.8495659828186035,0.2166617065668106,1.1397899389266968,3.9173407554626465,1.6155064105987549,2.622680425643921,4.980479717254639,0.0009780870750546455,0.38949790596961975,0.86777263879776,0.0,0.0,0.0,0.0,2151.244384765625,59.37809371948242,186.7845458984375,620.5286865234375,395.59228515625,0.0,2740.634033203125,0.4127972722053528,46.73974609375,94.50044250488281,0.0,0.0,0.0,122.22193145751953,122.22193145751953,209.8744354248047,215.3105010986328,207.24012756347656,0.0,0.0,0.0,209.8744354248047,215.3105010986328,207.24012756347656,0.0,0.0,0.0,42.81227493286133,44.40232467651367,42.04174041748047,0.0,0.0,0.0
80.0,23.697858810424805,22075.79296875,1836.469970703125,9485.1357421875,10754.1865234375,2930.02685546875,18.059064865112305,0.0,9798.841796875,0.07008832693099976,7.874951362609863,0.21756993234157562,1.1397899389266968,3.9173409938812256,1.6155377626419067,2.622680425643921,4.981638431549072,0.0009780870750546455,0.3895011246204376,0.867782473564148,0.0,0.0,0.0,0.0,2158.201416015625,59.62700271606445,186.7845458984375,968.1841430664062,314.52581787109375,0.0,2647.8984375,0.16725465655326843,46.740135192871094,94.50151062011719,0.0,0.0,0.0,123.66307067871094,123.66307067871094,125.16007232666016,214.60997009277344,169.791748046875,0.0,0.0,0.0,125.16007232666016,214.60997009277344,169.791748046875,0.0,0.0,0.0,18.550254821777344,44.714351654052734,31.605022430419922,0.0,0.0,0.0
81.0,23.714313507080078,23604.3984375,3348.77001953125,9501.4423828125,10754.1865234375,2930.02685546875,19.313968658447266,0.0,9798.841796875,0.07008832693099976,7.8900017738342285,0.2181612253189087,1.1397899389266968,3.9173409938812256,1.6156014204025269,2.622680425643921,4.982385158538818,0.0009780870750546455,0.38950178027153015,0.8677844405174255,0.0,0.0,0.0,0.0,2162.326171875,59.7890510559082,186.7845458984375,795.320068359375,322.56451416015625,0.0,2806.7119140625,0.40662726759910583,46.740211486816406,94.50172424316406,0.0,0.0,0.0,125.14869689941406,125.14869689941406,187.0808563232422,219.26060485839844,187.35093688964844,0.0,0.0,0.0,187.0808563232422,219.26060485839844,187.35093688964844,0.0,0.0,0.0,35.40718078613281,44.819759368896484,35.48617935180664,0.0,0.0,0.0
82.0,23.75454330444336,23618.3671875,3348.77001953125,9515.41015625,10754.1865234375,2930.02685546875,19.073726654052734,0.0,9927.9365234375,0.07008832693099976,7.9267778396606445,0.21964120864868164,1.1397899389266968,3.9173409938812256,1.6157035827636719,2.622680425643921,4.984253406524658,0.0009780870750546455,0.38950255513191223,0.8677867650985718,0.0,0.0,0.0,0.0,2172.405029296875,60.19465255737305,186.7845458984375,835.9843139648438,407.62261962890625,0.0,2756.048828125,0.29962989687919617,46.74030685424805,94.5019760131836,0.0,0.0,0.0,126.6677474975586,126.6677474975586,189.59788513183594,218.0228729248047,133.7511444091797,0.0,0.0,0.0,189.59788513183594,218.0228729248047,133.7511444091797,0.0,0.0,0.0,36.3836555480957,44.69796371459961,20.048480987548828,0.0,0.0,0.0
83.0,23.828813552856445,23753.857421875,3348.77001953125,9650.900390625,10754.1865234375,2930.02685546875,18.811857223510742,0.0,10122.4970703125,0.07008832693099976,7.994669437408447,0.22245784103870392,1.1397899389266968,3.9173409938812256,1.6157363653182983,2.622680425643921,4.987782955169678,0.0009780870750546455,0.38950276374816895,0.8677874207496643,0.0,0.0,0.0,0.0,2191.01123046875,60.96657943725586,186.7845458984375,2134.27490234375,711.8417358398438,0.0,1263.8665771484375,0.07979590445756912,46.74032974243164,94.5020523071289,0.0,0.0,0.0,128.23329162597656,128.23329162597656,178.35763549804688,197.17112731933594,126.46369934082031,0.0,0.0,0.0,178.35763549804688,197.17112731933594,126.46369934082031,0.0,0.0,0.0,33.357749938964844,38.860694885253906,18.178773880004883,0.0,0.0,0.0
84.0,24.144424438476562,23870.455078125,3348.77001953125,9767.498046875,10754.1865234375,2930.02685546875,18.19687271118164,0.0,10510.970703125,0.07008832693099976,8.283090591430664,0.2345128059387207,1.1397899389266968,3.9173409938812256,1.6158536672592163,2.622680425643921,5.002796649932861,0.0009780870750546455,0.38950350880622864,0.8677896857261658,0.0,0.0,0.0,0.0,2270.0556640625,64.27034759521484,186.7845458984375,956.4965209960938,943.1802978515625,0.0,2387.93408203125,0.15060117840766907,46.740421295166016,94.5022964477539,0.0,0.0,0.0,129.8541259765625,129.8541259765625,172.05177307128906,209.39532470703125,170.42742919921875,0.0,0.0,0.0,172.05177307128906,209.39532470703125,170.42742919921875,0.0,0.0,0.0,32.128273010253906,43.05126190185547,31.65315055847168,0.0,0.0,0.0
85.0,24.367259979248047,24058.41015625,3348.77001953125,9804.390625,10905.2490234375,2930.02685546875,17.63800621032715,0.0,10924.2119140625,0.07008832693099976,8.486727714538574,0.24302925169467926,1.1397899389266968,3.9173409938812256,1.615929126739502,2.622680425643921,5.013400554656982,0.0009780870750546455,0.38950398564338684,0.8677911162376404,0.0,0.0,0.0,0.0,2325.8642578125,66.60435485839844,186.7845458984375,2453.572265625,1163.468994140625,0.0,922.1030883789062,0.058110106736421585,27.815826416015625,80.51959991455078,0.0,0.0,0.0,131.5280303955078,131.5280303955078,150.03163146972656,168.94525146484375,149.62814331054688,0.0,0.0,0.0,150.03163146972656,168.94525146484375,149.62814331054688,0.0,0.0,0.0,26.246246337890625,31.778480529785156,26.128225326538086,0.0,0.0,0.0
86.0,24.476675033569336,24258.947265625,3348.77001953125,9816.0634765625,11094.11328125,2930.02685546875,17.661174774169922,0.0,11001.9501953125,0.07008832693099976,8.58763313293457,0.24725475907325745,1.1397899389266968,3.9173409938812256,1.6159533262252808,2.622680425643921,5.0176615715026855,0.0009780870750546455,0.3895041346549988,0.8677915334701538,0.0,0.0,0.0,0.0,2353.51806640625,67.76239776611328,186.7845458984375,2451.959228515625,1163.486328125,0.0,945.0880737304688,0.059539876878261566,28.08854866027832,80.72274780273438,0.0,0.0,0.0,133.21231079101562,133.21231079101562,69.6975326538086,151.1778564453125,98.39458465576172,0.0,0.0,0.0,69.6975326538086,151.1778564453125,98.39458465576172,0.0,0.0,0.0,2.7253525257110596,26.558347702026367,11.119240760803223,0.0,0.0,0.0
87.0,24.598562240600586,24509.5546875,3348.77001953125,10029.6328125,11131.15234375,2930.02685546875,18.38619041442871,0.0,10685.5244140625,0.07008832693099976,8.702030181884766,0.2520464360713959,1.1397899389266968,3.9173409938812256,1.6159567832946777,2.622680425643921,5.020356178283691,0.0009780870750546455,0.38950416445732117,0.8677916526794434,0.0,0.0,0.0,0.0,2384.86962890625,69.07559967041016,186.7845458984375,2427.980224609375,968.3717651367188,0.0,920.2316284179688,0.05796151980757713,26.077730178833008,79.266845703125,0.0,0.0,0.0,134.82803344726562,134.82803344726562,124.73255920410156,163.4104766845703,137.54978942871094,0.0,0.0,0.0,124.73255920410156,163.4104766845703,137.54978942871094,0.0,0.0,0.0,18.098085403442383,29.411376953125,21.847122192382812,0.0,0.0,0.0
88.0,25.13934898376465,24801.728515625,3348.77001953125,10321.8056640625,11131.15234375,2930.02685546875,18.59571075439453,0.0,10693.2666015625,0.07008832693099976,9.210068702697754,0.2733013927936554,1.1397899389266968,3.9173409938812256,1.6159669160842896,2.622680425643921,5.031838417053223,0.0009780870750546455,0.38950422406196594,0.8677918314933777,0.0,0.0,0.0,0.0,2524.102294921875,74.90071105957031,186.7845458984375,2447.2470703125,598.7351684570312,0.0,1122.9072265625,0.07066233456134796,29.707605361938477,81.92857360839844,0.0,0.0,0.0,136.37521362304688,136.37521362304688,110.48408508300781,159.52066040039062,128.1956787109375,0.0,0.0,0.0,110.48408508300781,159.52066040039062,128.1956787109375,0.0,0.0,0.0,13.720885276794434,28.064085006713867,18.901525497436523,0.0,0.0,0.0
89.0,25.763750076293945,25020.888671875,3348.77001953125,10540.966796875,11131.15234375,2930.02685546875,19.645994186401367,0.0,10222.3798828125,0.07008832693099976,9.79683780670166,0.2978234589099884,1.1397899389266968,3.9174697399139404,1.6159756183624268,2.622680425643921,5.044809818267822,0.0009780870750546455,0.38950425386428833,0.8677919507026672,0.0,0.0,0.0,0.0,2684.911865234375,81.62120819091797,186.7845458984375,2306.011962890625,426.3072814941406,0.0,961.3280029296875,0.06043168529868126,23.370256423950195,77.32026672363281,0.0,0.0,0.0,137.8642120361328,137.8642120361328,75.16478729248047,170.28955078125,138.34266662597656,0.0,0.0,0.0,75.16478729248047,170.28955078125,138.34266662597656,0.0,0.0,0.0,2.339705467224121,30.163698196411133,20.81923484802246,0.0,0.0,0.0
90.0,26.26848793029785,25128.140625,3348.77001953125,10648.21875,11131.15234375,2930.02685546875,19.974641799926758,0.0,10101.8916015625,0.07008832693099976,10.27026081085205,0.31762298941612244,1.1397899389266968,3.918602466583252,1.6159815788269043,2.622680425643921,5.055186748504639,0.0009780870750546455,0.3895043134689331,0.8677920699119568,0.0,0.0,0.0,0.0,2814.657470703125,87.04743957519531,186.7845458984375,570.2598266601562,403.6204833984375,0.0,2466.38427734375,0.3830221891403198,43.738494873046875,92.26676940917969,0.0,0.0,0.0,139.27908325195312,139.27908325195312,207.19871520996094,214.8489227294922,206.2937469482422,0.0,0.0,0.0,207.19871520996094,214.8489227294922,206.2937469482422,0.0,0.0,0.0,40.630985260009766,42.86866760253906,40.36627960205078,0.0,0.0,0.0
91.0,26.542200088500977,25162.66796875,3348.77001953125,10682.74609375,11131.15234375,2930.02685546875,20.293678283691406,0.0,9961.8046875,0.07008832693099976,10.526640892028809,0.3283069133758545,1.1397899389266968,3.919654369354248,1.615984559059143,2.622680425643921,5.060781002044678,0.0009780870750546455,0.3895043134689331,0.8677921295166016,0.0,0.0,0.0,0.0,2884.9208984375,89.9754638671875,186.7845458984375,1800.556396484375,395.7093811035156,0.0,1085.692138671875,0.06816230714321136,37.78962326049805,87.87726593017578,0.0,0.0,0.0,140.68789672851562,140.68789672851562,126.63286590576172,196.90626525878906,151.75344848632812,0.0,0.0,0.0,126.63286590576172,196.90626525878906,151.75344848632812,0.0,0.0,0.0,16.74643325805664,37.30140686035156,24.094205856323242,0.0,0.0,0.0
92.0,26.66522216796875,25173.59375,3348.77001953125,10693.6708984375,11131.15234375,2930.02685546875,19.734394073486328,0.0,10244.685546875,0.07008832693099976,10.641770362854004,0.3330857455730438,1.1397899389266968,3.9202606678009033,1.6159857511520386,2.622680425643921,5.0632853507995605,0.0009780870750546455,0.3895043432712555,0.8677921891212463,0.0,0.0,0.0,0.0,2916.47314453125,91.28514862060547,186.7845458984375,1854.6834716796875,314.613037109375,0.0,1260.2667236328125,0.07910647243261337,42.76219177246094,91.53966522216797,0.0,0.0,0.0,142.11778259277344,142.11778259277344,173.06365966796875,202.00457763671875,137.92189025878906,0.0,0.0,0.0,173.06365966796875,202.00457763671875,137.92189025878906,0.0,0.0,0.0,30.8867244720459,39.35194396972656,20.60776138305664,0.0,0.0,0.0
93.0,26.715667724609375,25177.048828125,3348.77001953125,10697.1279296875,11131.15234375,2930.02685546875,19.741411209106445,0.0,10244.685546875,0.07008832693099976,10.688949584960938,0.33504030108451843,1.1397899389266968,3.9205496311187744,1.6159863471984863,2.622680425643921,5.064309120178223,0.0009780870750546455,0.3895043432712555,0.8677921891212463,0.0,0.0,0.0,0.0,2929.40283203125,91.82080841064453,186.7845458984375,632.72705078125,322.641357421875,0.0,2460.496337890625,0.38583144545555115,41.874691009521484,90.8786849975586,0.0,0.0,0.0,143.592529296875,143.592529296875,178.24542236328125,213.1741485595703,202.73960876464844,0.0,0.0,0.0,178.24542236328125,213.1741485595703,202.73960876464844,0.0,0.0,0.0,32.3953742980957,42.61202621459961,39.5599250793457,0.0,0.0,0.0
94.0,26.735275268554688,25178.142578125,3348.77001953125,10698.2216796875,11131.15234375,2930.02685546875,19.48446273803711,0.0,10379.662109375,0.07008832693099976,10.707284927368164,0.33584558963775635,1.1397899389266968,3.920628309249878,1.6159864664077759,2.622680425643921,5.064697265625,0.0009780870750546455,0.3895043432712555,0.8677921891212463,0.0,0.0,0.0,0.0,2934.427734375,92.04151153564453,186.7845458984375,953.0745239257812,407.6939697265625,0.0,2139.601806640625,0.13428671658039093,41.81998825073242,90.83794403076172,0.0,0.0,0.0,145.1052703857422,145.1052703857422,174.13511657714844,204.85476684570312,184.41062927246094,0.0,0.0,0.0,174.13511657714844,204.85476684570312,184.41062927246094,0.0,0.0,0.0,31.45005989074707,40.43555450439453,34.45564651489258,0.0,0.0,0.0
95.0,26.80228614807129,25345.521484375,3348.77001953125,10865.599609375,11131.15234375,2930.02685546875,19.233457565307617,0.0,10583.06640625,0.07008832693099976,10.76986026763916,0.33899444341659546,1.1397899389266968,3.920637369155884,1.6159864664077759,2.622680425643921,5.065975666046143,0.0009780870750546455,0.3895043432712555,0.8677921891212463,0.0,0.0,0.0,0.0,2951.5771484375,92.90447998046875,186.7845458984375,2101.123291015625,711.951904296875,0.0,813.2141723632812,0.05103456974029541,36.9747200012207,87.29137420654297,0.0,0.0,0.0,146.65805053710938,146.65805053710938,170.60043334960938,160.37838745117188,170.92153930664062,0.0,0.0,0.0,170.60043334960938,160.37838745117188,170.92153930664062,0.0,0.0,0.0,30.667171478271484,27.677221298217773,30.761093139648438,0.0,0.0,0.0
96.0,27.214841842651367,25561.517578125,3348.77001953125,11081.595703125,11131.15234375,2930.02685546875,18.77437973022461,0.0,10929.3798828125,0.07008832693099976,11.154999732971191,0.3584825396537781,1.1397899389266968,3.9206809997558594,1.6159864664077759,2.622680425643921,5.073858737945557,0.0009780870750546455,0.3895043432712555,0.8677921891212463,0.0,0.0,0.0,0.0,3048.386962890625,97.9644546508789,186.084716796875,2050.251708984375,941.892822265625,0.0,767.955322265625,0.04816659539937973,35.055389404296875,85.91142272949219,0.0,0.0,0.0,148.2489776611328,148.2489776611328,160.4195556640625,175.29449462890625,146.12022399902344,0.0,0.0,0.0,160.4195556640625,175.29449462890625,146.12022399902344,0.0,0.0,0.0,28.148340225219727,32.49925994873047,23.965787887573242,0.0,0.0,0.0
97.0,27.651826858520508,25795.0703125,3348.77001953125,11188.796875,11257.5029296875,2930.02685546875,18.21903419494629,0.0,11359.064453125,0.07008832693099976,11.562920570373535,0.3791497051715851,1.1397899389266968,3.920720338821411,1.6159865856170654,2.622680425643921,5.082216739654541,0.0009780870750546455,0.3895043432712555,0.8677921891212463,0.0,0.0,0.0,0.0,3136.91162109375,102.85975646972656,185.0721435546875,2053.98046875,1157.68505859375,0.0,764.1022338867188,0.047895751893520355,23.37026023864746,77.32028198242188,0.0,0.0,0.0,149.8768768310547,149.8768768310547,116.0237045288086,145.29905700683594,126.009521484375,0.0,0.0,0.0,116.0237045288086,145.29905700683594,126.009521484375,0.0,0.0,0.0,15.71789836883545,24.28093910217285,18.638751983642578,0.0,0.0,0.0
98.0,27.903154373168945,26015.6484375,3348.77001953125,11222.7158203125,11444.1630859375,2930.02685546875,18.24633026123047,0.0,11439.900390625,0.07008832693099976,11.79749870300293,0.39104607701301575,1.1397899389266968,3.920736312866211,1.6159865856170654,2.622680425643921,5.087054252624512,0.0009780870750546455,0.3895043432712555,0.8677921891212463,0.0,0.0,0.0,0.0,3184.38671875,105.55135345458984,184.5003204345703,2051.074951171875,1154.837890625,0.0,773.0875854492188,0.04844166338443756,23.37026023864746,77.32028198242188,0.0,0.0,0.0,151.49798583984375,151.49798583984375,81.87357330322266,141.70147705078125,126.29732513427734,0.0,0.0,0.0,81.87357330322266,141.70147705078125,126.29732513427734,0.0,0.0,0.0,5.701689720153809,23.201353073120117,18.69563865661621,0.0,0.0,0.0
99.0,28.095962524414062,26279.95703125,3348.77001953125,11450.4794921875,11480.7080078125,2930.02685546875,18.992807388305664,0.0,11110.876953125,0.07008832693099976,11.97740364074707,0.40017545223236084,1.1397899389266968,3.9207470417022705,1.6159865856170654,2.622680425643921,5.090816020965576,0.0009780870750546455,0.3895043432712555,0.8677921891212463,0.0,0.0,0.0,0.0,3202.81005859375,107.0086669921875,183.3999481201172,2041.7275390625,956.8133544921875,0.0,741.5191040039062,0.04645029082894325,21.644941329956055,76.03533172607422,0.0,0.0,0.0,153.0474395751953,153.0474395751953,114.00321197509766,146.09725952148438,125.95360565185547,0.0,0.0,0.0,114.00321197509766,146.09725952148438,125.95360565185547,0.0,0.0,0.0,14.353131294250488,23.74064064025879,17.848621368408203,0.0,0.0,0.0
100.0,28.662137985229492,26524.21484375,3348.77001953125,11694.7373046875,11480.7080078125,2930.02685546875,19.159015655517578,0.0,11118.9326171875,0.07008832693099976,12.505623817443848,0.426961213350296,1.1397899389266968,3.9208478927612305,1.6159865856170654,2.622680425643921,5.101884365081787,0.0009780870750546455,0.3895043432712555,0.8677921891212463,0.0,0.0,0.0,0.0,3357.03955078125,114.61448669433594,183.8874969482422,2055.924560546875,592.7014770507812,0.0,930.0377197265625,0.0582103431224823,23.37026023864746,77.32028198242188,0.0,0.0,0.0,154.52516174316406,154.52516174316406,118.3402328491211,151.42245483398438,134.38052368164062,0.0,0.0,0.0,118.3402328491211,151.42245483398438,134.38052368164062,0.0,0.0,0.0,15.455503463745117,25.132051467895508,20.147289276123047,0.0,0.0,0.0
101.0,29.180883407592773,26699.412109375,3348.77001953125,11869.9345703125,11480.7080078125,2930.02685546875,20.197633743286133,0.0,10629.302734375,0.07008832693099976,12.989437103271484,0.45149439573287964,1.1397899389266968,3.921090841293335,1.6159865856170654,2.622680425643921,5.1120405197143555,0.0009780870750546455,0.3895043432712555,0.8677921891212463,0.0,0.0,0.0,0.0,3386.370361328125,117.70542907714844,180.5511932373047,2025.483154296875,416.1082763671875,0.0,784.7789306640625,0.04908066615462303,18.779972076416016,73.901611328125,0.0,0.0,0.0,155.94671630859375,155.94671630859375,97.07828521728516,147.61048889160156,118.10009765625,0.0,0.0,0.0,97.07828521728516,147.61048889160156,118.10009765625,0.0,0.0,0.0,8.19776439666748,22.978435516357422,14.346644401550293,0.0,0.0,0.0
102.0,29.609121322631836,26794.412109375,3348.77001953125,11964.9345703125,11480.7080078125,2930.02685546875,20.52071189880371,0.0,10504.0078125,0.07008832693099976,13.28763484954834,0.4659925103187561,1.2481399774551392,3.922025680541992,1.6159865856170654,2.622680425643921,5.118298530578613,0.0009780870750546455,0.3895043432712555,0.8677921891212463,0.0,0.0,0.0,0.0,3409.0029296875,119.55249786376953,194.75332641601562,2008.3887939453125,390.964599609375,0.0,709.3081665039062,0.04433930292725563,14.919720649719238,71.05473327636719,0.0,0.0,0.0,157.28927612304688,157.28927612304688,125.80420684814453,148.85093688964844,133.422607421875,0.0,0.0,0.0,125.80420684814453,148.85093688964844,133.422607421875,0.0,0.0,0.0,16.27701759338379,23.0181884765625,18.505401611328125,0.0,0.0,0.0
103.0,29.986827850341797,27033.859375,3348.77001953125,12204.3818359375,11480.7080078125,2930.02685546875,21.005949020385742,0.0,10358.34375,0.07008832693099976,13.4459810256958,0.4737579822540283,1.4555872678756714,3.9228479862213135,1.6159865856170654,2.622680425643921,5.121623516082764,0.0009780870750546455,0.3895043432712555,0.8677921891212463,0.0,0.0,0.0,0.0,3401.73779296875,119.85740661621094,223.3113555908203,518.700927734375,380.77105712890625,0.0,2053.024658203125,0.20769158005714417,35.055389404296875,85.91142272949219,0.0,0.0,0.0,158.58457946777344,158.58457946777344,180.20132446289062,191.157470703125,153.94497680664062,0.0,0.0,0.0,180.20132446289062,191.157470703125,153.94497680664062,0.0,0.0,0.0,31.70293617248535,34.90761184692383,24.0229549407959,0.0,0.0,0.0
104.0,30.454084396362305,27147.705078125,3348.77001953125,12318.2265625,11480.7080078125,2930.02685546875,20.50254249572754,0.0,10652.4921875,0.07008832693099976,13.609273910522461,0.4823956787586212,1.7465351819992065,3.9237911701202393,1.6159865856170654,2.622680425643921,5.125058174133301,0.0009780870750546455,0.3895043432712555,0.8677921891212463,0.0,0.0,0.0,0.0,3474.2880859375,123.14997100830078,267.1054992675781,1948.3062744140625,304.018310546875,0.0,777.53271484375,0.048578932881355286,35.055389404296875,85.91142272949219,0.0,0.0,0.0,159.8783721923828,159.8783721923828,107.22022247314453,172.26429748535156,162.5796356201172,0.0,0.0,0.0,107.22022247314453,172.26429748535156,162.5796356201172,0.0,0.0,0.0,10.859373092651367,29.884763717651367,27.052001953125,0.0,0.0,0.0
105.0,30.741737365722656,27212.94140625,3348.77001953125,12383.462890625,11480.7080078125,2930.02685546875,20.555706024169922,0.0,10652.4921875,0.07008832693099976,13.693573951721191,0.4868994355201721,1.9430872201919556,3.9243147373199463,1.6159865856170654,2.622680425643921,5.126832008361816,0.0009780870750546455,0.3895043432712555,0.8677921891212463,0.0,0.0,0.0,0.0,3476.616943359375,123.6173095703125,294.7315979003906,612.4429931640625,310.96087646484375,0.0,2074.62109375,0.12960146367549896,35.055389404296875,85.91142272949219,0.0,0.0,0.0,161.2075958251953,161.2075958251953,111.2679214477539,191.032470703125,130.73081970214844,0.0,0.0,0.0,111.2679214477539,191.032470703125,130.73081970214844,0.0,0.0,0.0,11.99016284942627,35.321292877197266,17.68305778503418,0.0,0.0,0.0
106.0,30.914880752563477,27238.912109375,3348.77001953125,12409.43359375,11480.7080078125,2930.02685546875,20.305566787719727,0.0,10792.8359375,0.07008832693099976,13.77069091796875,0.49167826771736145,2.032493829727173,3.9245316982269287,1.6159865856170654,2.622680425643921,5.128456115722656,0.0009780870750546455,0.3895043432712555,0.8677921891212463,0.0,0.0,0.0,0.0,3489.41943359375,124.58863830566406,307.3442077636719,601.466064453125,392.5726013183594,0.0,2070.78076171875,0.12934625148773193,35.055389404296875,85.91142272949219,0.0,0.0,0.0,162.55934143066406,162.55934143066406,115.10865783691406,189.97569274902344,139.87757873535156,0.0,0.0,0.0,115.10865783691406,189.97569274902344,139.87757873535156,0.0,0.0,0.0,13.363715171813965,35.26232147216797,20.608625411987305,0.0,0.0,0.0
107.0,31.07048225402832,27452.72265625,3348.77001953125,12623.2451171875,11480.7080078125,2930.02685546875,20.066612243652344,0.0,11004.34375,0.07008832693099976,13.895219802856445,0.4996837377548218,2.052893877029419,3.9245779514312744,1.6159865856170654,2.622680425643921,5.131076812744141,0.0009780870750546455,0.3895043432712555,0.8677921891212463,0.0,0.0,0.0,0.0,3483.0546875,125.2535629272461,308.26214599609375,1922.832763671875,682.07421875,0.0,605.8724365234375,0.037837252020835876,35.055389404296875,85.91142272949219,0.0,0.0,0.0,163.94007873535156,163.94007873535156,162.181640625,169.21180725097656,147.1972198486328,0.0,0.0,0.0,162.181640625,169.21180725097656,147.1972198486328,0.0,0.0,0.0,27.371517181396484,29.427841186523438,22.98857307434082,0.0,0.0,0.0
108.0,31.57926368713379,27636.01953125,3348.77001953125,12806.5419921875,11480.7080078125,3088.120849609375,19.53799057006836,0.0,11371.3857421875,0.07008832693099976,14.314678192138672,0.5250493884086609,2.1079111099243164,3.924703359603882,1.6159865856170654,2.622680425643921,5.139892578125,0.0009780870750546455,0.3895043432712555,0.8677921891212463,0.0,0.0,0.0,0.0,3556.446044921875,130.44720458984375,314.5616149902344,1911.169921875,899.937255859375,0.0,560.6080932617188,0.03498821705579758,35.055389404296875,85.91142272949219,0.0,0.0,0.0,165.35433959960938,165.35433959960938,134.2549591064453,151.54466247558594,135.05751037597656,0.0,0.0,0.0,134.2549591064453,151.54466247558594,135.05751037597656,0.0,0.0,0.0,19.731584548950195,24.788822174072266,19.966331481933594,0.0,0.0,0.0
109.0,31.93356704711914,27827.533203125,3348.77001953125,12864.5380859375,11614.2255859375,3088.120849609375,18.91691780090332,0.0,11818.4462890625,0.07008832693099976,14.6101655960083,0.5428884029388428,2.1425998210906982,3.9247817993164062,1.6159865856170654,2.622680425643921,5.146102428436279,0.0009780870750546455,0.3895043432712555,0.8677921891212463,0.0,0.0,0.0,0.0,3626.388427734375,134.75030517578125,319.4510803222656,1957.8233642578125,1109.5858154296875,0.0,573.271728515625,0.035762570798397064,11.68513011932373,60.86431121826172,0.0,0.0,0.0,166.80068969726562,166.80068969726562,89.65218353271484,134.96722412109375,121.42251586914062,0.0,0.0,0.0,89.65218353271484,134.96722412109375,121.42251586914062,0.0,0.0,0.0,7.306344032287598,20.56099510192871,16.599166870117188,0.0,0.0,0.0
110.0,32.10683822631836,28040.7421875,3348.77001953125,12882.888671875,11809.083984375,3088.120849609375,18.927793502807617,0.0,11902.5498046875,0.07008832693099976,14.713061332702637,0.5488790273666382,2.2019901275634766,3.924807548522949,1.6159865856170654,2.622680425643921,5.151072025299072,0.0009780870750546455,0.3895043432712555,0.8677921891212463,0.0,0.0,0.0,0.0,3651.425537109375,136.21847534179688,327.9576416015625,1959.252197265625,1109.510009765625,0.0,590.9339599609375,0.036850836127996445,11.68513011932373,62.039344787597656,0.0,0.0,0.0,168.24794006347656,168.24794006347656,117.16088104248047,137.6923370361328,128.66903686523438,0.0,0.0,0.0,117.16088104248047,137.6923370361328,128.66903686523438,0.0,0.0,0.0,15.341764450073242,21.34721565246582,18.70789909362793,0.0,0.0,0.0
111.0,32.250732421875,28191.978515625,3348.77001953125,12995.970703125,11847.23828125,3088.120849609375,19.609445571899414,0.0,11560.2265625,0.07008832693099976,14.754109382629395,0.5513277649879456,2.291607141494751,3.9248170852661133,1.6159865856170654,2.622680425643921,5.16184139251709,0.0009780870750546455,0.3895043432712555,0.8677921891212463,0.0,0.0,0.0,0.0,3637.3134765625,135.91818237304688,339.3005065917969,1948.732177734375,920.58251953125,0.0,563.3713989257812,0.035103995352983475,11.68513011932373,60.137996673583984,0.0,0.0,0.0,169.64892578125,169.64892578125,117.04045104980469,144.26296997070312,133.3309783935547,0.0,0.0,0.0,117.04045104980469,144.26296997070312,133.3309783935547,0.0,0.0,0.0,14.624887466430664,22.587472915649414,19.38986587524414,0.0,0.0,0.0
112.0,32.47038650512695,28250.6328125,3348.77001953125,13054.625,11847.23828125,3088.120849609375,19.639192581176758,0.0,11568.5966796875,0.07008832693099976,14.807819366455078,0.5547016859054565,2.435202121734619,3.9248292446136475,1.6159865856170654,2.622680425643921,5.180802822113037,0.0009780870750546455,0.3895043432712555,0.8677921891212463,0.0,0.0,0.0,0.0,3704.2724609375,138.7622528076172,362.97552490234375,1981.671142578125,573.0573120117188,0.0,771.3070678710938,0.047993648797273636,16.823963165283203,72.44485473632812,0.0,0.0,0.0,171.00033569335938,171.00033569335938,122.3564224243164,149.49400329589844,131.76644897460938,0.0,0.0,0.0,122.3564224243164,149.49400329589844,131.76644897460938,0.0,0.0,0.0,16.150060653686523,24.087804794311523,18.902496337890625,0.0,0.0,0.0
113.0,32.6021842956543,28270.421875,3348.77001953125,13074.4140625,11847.23828125,3088.120849609375,20.583221435546875,0.0,11059.1689453125,0.07008832693099976,14.836775779724121,0.5565317869186401,2.5221657752990723,3.9250874519348145,1.6159865856170654,2.622680425643921,5.1945953369140625,0.0009780870750546455,0.3895043432712555,0.8677921891212463,0.0,0.0,0.0,0.0,3658.325439453125,137.224853515625,371.94219970703125,1962.8582763671875,405.2843017578125,0.0,662.3079223632812,0.04116954281926155,11.990565299987793,66.93543243408203,0.0,0.0,0.0,172.3128204345703,172.3128204345703,100.2768325805664,144.7559814453125,129.53298950195312,0.0,0.0,0.0,100.2768325805664,144.7559814453125,129.53298950195312,0.0,0.0,0.0,8.747753143310547,21.757902145385742,17.305179595947266,0.0,0.0,0.0
114.0,32.666160583496094,28277.88671875,3348.77001953125,13081.87890625,11847.23828125,3088.120849609375,20.843751907348633,0.0,10928.8095703125,0.07008832693099976,14.849499702453613,0.5573367476463318,2.5634424686431885,3.926971912384033,1.6159865856170654,2.622680425643921,5.201879024505615,0.0009780870750546455,0.3895043432712555,0.8677921891212463,0.0,0.0,0.0,0.0,3642.411865234375,136.70831298828125,376.5328063964844,1953.8211669921875,382.7869873046875,0.0,620.2073974609375,0.03853195160627365,11.68513011932373,63.659881591796875,0.0,0.0,0.0,173.56394958496094,173.56394958496094,126.89250183105469,141.8123016357422,90.43138122558594,0.0,0.0,0.0,126.89250183105469,141.8123016357422,90.43138122558594,0.0,0.0,0.0,16.272306442260742,20.63634490966797,5.607428550720215,0.0,0.0,0.0
115.0,32.695613861083984,28281.33203125,3348.77001953125,13085.32421875,11847.23828125,3088.120849609375,21.150239944458008,0.0,10777.255859375,0.07008832693099976,14.852009773254395,0.5574911832809448,2.5877525806427,3.9278628826141357,1.6159865856170654,2.622680425643921,5.20346736907959,0.0009780870750546455,0.3895043432712555,0.8677921891212463,0.0,0.0,0.0,0.0,3619.83447265625,135.8756103515625,378.4257507324219,1891.1383056640625,374.17730712890625,0.0,564.1024780273438,0.035042159259319305,35.055389404296875,85.91142272949219,0.0,0.0,0.0,174.7770233154297,174.7770233154297,149.74330139160156,161.57115173339844,144.35447692871094,0.0,0.0,0.0,149.74330139160156,161.57115173339844,144.35447692871094,0.0,0.0,0.0,22.649673461914062,26.109323501586914,21.073444366455078,0.0,0.0,0.0
116.0,32.77690887451172,28383.150390625,3348.77001953125,13187.1416015625,11847.23828125,3088.120849609375,20.6296443939209,0.0,11083.298828125,0.07008832693099976,14.853388786315918,0.557575523853302,2.6658544540405273,3.92864990234375,1.6159865856170654,2.622680425643921,5.204411029815674,0.0009780870750546455,0.3895043432712555,0.8677921891212463,0.0,0.0,0.0,0.0,3677.867919921875,138.06204223632812,393.311767578125,1647.181640625,299.67584228515625,0.0,1012.3568725585938,0.0628833994269371,35.055389404296875,85.91142272949219,0.0,0.0,0.0,175.9905548095703,175.9905548095703,108.40093994140625,174.3764190673828,160.15621948242188,0.0,0.0,0.0,108.40093994140625,174.3764190673828,160.15621948242188,0.0,0.0,0.0,11.077630996704102,30.375455856323242,26.21605110168457,0.0,0.0,0.0
117.0,32.95580291748047,28433.6796875,3348.77001953125,13237.671875,11847.23828125,3088.120849609375,20.669937133789062,0.0,11083.298828125,0.07008832693099976,14.856035232543945,0.5577396750450134,2.838214159011841,3.930537462234497,1.6159865856170654,2.622680425643921,5.206246376037598,0.0009780870750546455,0.3895043432712555,0.8677921891212463,0.0,0.0,0.0,0.0,3670.32177734375,137.79478454589844,417.2052001953125,1659.60009765625,306.99920654296875,0.0,975.280029296875,0.06057209521532059,35.055389404296875,85.91142272949219,0.0,0.0,0.0,177.2479705810547,177.2479705810547,160.3326873779297,175.01145935058594,159.14698791503906,0.0,0.0,0.0,160.3326873779297,175.01145935058594,159.14698791503906,0.0,0.0,0.0,26.227373123168945,30.520915985107422,25.88055992126465,0.0,0.0,0.0
118.0,33.065696716308594,28450.27734375,3348.77001953125,13254.26953125,11847.23828125,3088.120849609375,20.410160064697266,0.15274615585803986,11229.3232421875,0.07008832693099976,14.887727737426758,0.5603966116905212,2.910484790802002,3.932448148727417,1.6159865856170654,2.622680425643921,5.207611560821533,0.0009780870750546455,0.3895043432712555,0.8677921891212463,0.0,0.0,0.0,0.0,3679.19921875,138.49063110351562,427.5615539550781,1932.5079345703125,387.97772216796875,0.0,698.5533447265625,0.04338105395436287,35.055389404296875,85.91142272949219,0.0,0.0,0.0,178.5350799560547,178.5350799560547,160.13316345214844,171.1220245361328,157.16424560546875,0.0,0.0,0.0,160.13316345214844,171.1220245361328,157.16424560546875,0.0,0.0,0.0,26.276044845581055,29.490285873413086,25.407636642456055,0.0,0.0,0.0
119.0,33.193695068359375,28664.26953125,3348.77001953125,13468.2607421875,11847.23828125,3088.120849609375,20.162643432617188,0.0,11449.37109375,0.07008832693099976,14.989563941955566,0.568426251411438,2.925495147705078,3.9332473278045654,1.6159865856170654,2.622680425643921,5.209931373596191,0.0009780870750546455,0.3895043432712555,0.8677921891212463,0.0,0.0,0.0,0.0,3673.99951171875,139.3234405517578,427.6109619140625,1887.74365234375,674.9476928710938,0.0,607.5635986328125,0.03772425651550293,35.055389404296875,85.91142272949219,0.0,0.0,0.0,179.86216735839844,179.86216735839844,158.14532470703125,160.26632690429688,160.1672821044922,0.0,0.0,0.0,158.14532470703125,160.26632690429688,160.1672821044922,0.0,0.0,0.0,26.094863891601562,26.71525764465332,26.68628692626953,0.0,0.0,0.0
120.0,33.69651794433594,28849.16015625,3348.77001953125,13653.15234375,11847.23828125,3088.120849609375,19.76673698425293,0.0,11748.9443359375,0.07008832693099976,15.399930000305176,0.5992167592048645,2.9745407104492188,3.9366354942321777,1.6159865856170654,2.622680425643921,5.219165325164795,0.0009780870750546455,0.3895043432712555,0.8677921891212463,0.0,0.0,0.0,0.0,3737.926025390625,145.44403076171875,432.1092224121094,1870.7481689453125,890.2257080078125,0.0,535.1594848632812,0.033206645399332047,35.055389404296875,85.91142272949219,0.0,0.0,0.0,181.229248046875,181.229248046875,134.75216674804688,156.56002807617188,141.1203155517578,0.0,0.0,0.0,134.75216674804688,156.56002807617188,141.1203155517578,0.0,0.0,0.0,19.648269653320312,26.027070999145508,21.510953903198242,0.0,0.0,0.0
121.0,34.0511360168457,29004.859375,3348.77001953125,13711.9951171875,11944.09375,3088.120849609375,19.108049392700195,0.0,12210.853515625,0.07008832693099976,15.692405700683594,0.6211301684379578,3.005683422088623,3.9391746520996094,1.6159865856170654,2.622680425643921,5.225710391998291,0.0009780870750546455,0.3895043432712555,0.8677921891212463,0.0,0.0,0.0,0.0,3810.879638671875,150.84063720703125,436.81085205078125,1922.39697265625,1098.3636474609375,0.0,551.1914672851562,0.03418540582060814,11.68513011932373,60.137996673583984,0.0,0.0,0.0,182.6332244873047,182.6332244873047,120.20323181152344,134.48953247070312,123.18382263183594,0.0,0.0,0.0,120.20323181152344,134.48953247070312,123.18382263183594,0.0,0.0,0.0,16.051395416259766,20.23013687133789,16.9232177734375,0.0,0.0,0.0
122.0,34.225399017333984,29208.14453125,3348.77001953125,13730.6142578125,12128.7607421875,3088.120849609375,19.106281280517578,0.0,12297.75,0.07008832693099976,15.777382850646973,0.6272379159927368,3.0862109661102295,3.939931631088257,1.6159865856170654,2.622680425643921,5.227604866027832,0.0009780870750546455,0.3895043432712555,0.8677921891212463,0.0,0.0,0.0,0.0,3832.899658203125,152.37887573242188,448.2797546386719,1926.2215576171875,1098.5400390625,0.0,569.2778930664062,0.03530232608318329,11.68513011932373,60.137996673583984,0.0,0.0,0.0,184.04913330078125,184.04913330078125,100.56415557861328,137.17347717285156,113.525146484375,0.0,0.0,0.0,100.56415557861328,137.17347717285156,113.525146484375,0.0,0.0,0.0,10.308733940124512,21.0169620513916,14.099823951721191,0.0,0.0,0.0
123.0,34.451908111572266,29474.6484375,3348.77001953125,13961.0712890625,12164.8076171875,3088.120849609375,19.86840057373047,0.0,11944.0556640625,0.07008832693099976,15.81650447845459,0.6301376223564148,3.267716884613037,3.940286636352539,1.6159865856170654,2.622680425643921,5.230231761932373,0.0009780870750546455,0.3895043432712555,0.8677921891212463,0.0,0.0,0.0,0.0,3812.8544921875,151.90606689453125,471.38690185546875,1904.12255859375,911.0636596679688,0.0,536.6513671875,0.03327271714806557,11.68513011932373,60.137996673583984,0.0,0.0,0.0,185.42294311523438,185.42294311523438,123.07233428955078,144.31613159179688,130.9310302734375,0.0,0.0,0.0,123.07233428955078,144.31613159179688,130.9310302734375,0.0,0.0,0.0,16.13025665283203,22.34406852722168,18.428926467895508,0.0,0.0,0.0
124.0,34.87056350708008,29592.755859375,3348.77001953125,14079.177734375,12164.8076171875,3088.120849609375,19.936603546142578,0.0,11952.7099609375,0.07008832693099976,15.878591537475586,0.6349483728408813,3.6093876361846924,3.9408528804779053,1.6159865856170654,2.622680425643921,5.239753723144531,0.0009780870750546455,0.3895043432712555,0.8677921891212463,0.0,0.0,0.0,0.0,3871.03466796875,154.79379272460938,522.5156860351562,1946.7271728515625,566.1917724609375,0.0,717.2171630859375,0.044437095522880554,14.827264785766602,70.9882583618164,0.0,0.0,0.0,186.7535858154297,186.7535858154297,133.4864959716797,148.7109375,128.3281707763672,0.0,0.0,0.0,133.4864959716797,148.7109375,128.3281707763672,0.0,0.0,0.0,19.108198165893555,23.561344146728516,17.599384307861328,0.0,0.0,0.0
125.0,35.13240051269531,29632.5,3348.77001953125,14118.921875,12164.8076171875,3088.120849609375,20.909461975097656,0.0,11426.3623046875,0.07008832693099976,15.91374683380127,0.6376650333404541,3.8248112201690674,3.941537618637085,1.6159865856170654,2.622680425643921,5.2476091384887695,0.0009780870750546455,0.3895043432712555,0.8677921891212463,0.0,0.0,0.0,0.0,3818.879150390625,153.02276611328125,547.0880737304688,1907.3026123046875,400.2173156738281,0.0,606.8645629882812,0.03757839649915695,11.68513011932373,63.40794372558594,0.0,0.0,0.0,188.0521697998047,188.0521697998047,85.2816390991211,145.13851928710938,115.28707122802734,0.0,0.0,0.0,85.2816390991211,145.13851928710938,115.28707122802734,0.0,0.0,0.0,4.0354180335998535,21.54355239868164,12.812005996704102,0.0,0.0,0.0
126.0,35.257164001464844,29645.798828125,3348.77001953125,14132.2197265625,12164.8076171875,3088.120849609375,21.178220748901367,0.0,11291.6806640625,0.07008832693099976,15.929104804992676,0.6388540863990784,3.9260878562927246,3.944248914718628,1.6159865856170654,2.622680425643921,5.2518391609191895,0.0009780870750546455,0.3895043432712555,0.8677921891212463,0.0,0.0,0.0,0.0,3792.78173828125,152.1136474609375,559.0985717773438,1899.8218994140625,377.58648681640625,0.0,563.2576293945312,0.034867431968450546,11.68513011932373,60.166481018066406,0.0,0.0,0.0,189.2920379638672,189.2920379638672,109.21780395507812,136.3149871826172,93.6923599243164,0.0,0.0,0.0,109.21780395507812,136.3149871826172,93.6923599243164,0.0,0.0,0.0,10.767987251281738,18.693912506103516,6.226794719696045,0.0,0.0,0.0
127.0,35.312557220458984,29651.259765625,3348.77001953125,14137.681640625,12164.8076171875,3088.120849609375,21.491239547729492,0.0,11135.0927734375,0.07008832693099976,15.932707786560059,0.6391279697418213,3.975322961807251,3.9454097747802734,1.6159865856170654,2.622680425643921,5.25295877456665,0.0009780870750546455,0.3895043432712555,0.8677921891212463,0.0,0.0,0.0,0.0,3769.345947265625,151.20433044433594,563.5985107421875,1833.4227294921875,369.1048278808594,0.0,515.1368408203125,0.031885989010334015,27.637901306152344,80.38861083984375,0.0,0.0,0.0,190.4922332763672,190.4922332763672,123.59256744384766,153.6038360595703,140.90928649902344,0.0,0.0,0.0,123.59256744384766,153.6038360595703,140.90928649902344,0.0,0.0,0.0,14.659586906433105,23.437883377075195,19.724727630615234,0.0,0.0,0.0
128.0,35.3931999206543,29737.875,3348.77001953125,14224.2978515625,12164.8076171875,3088.120849609375,20.94710350036621,0.0,11451.2998046875,0.07008832693099976,15.933992385864258,0.6392248868942261,4.053585529327393,3.9459738731384277,1.6159865856170654,2.622680425643921,5.253394603729248,0.0009780870750546455,0.3895043432712555,0.8677921891212463,0.0,0.0,0.0,0.0,3835.29345703125,153.8606719970703,579.7391967773438,407.50787353515625,295.7577819824219,0.0,2128.269775390625,0.2701343297958374,35.055389404296875,85.91142272949219,0.0,0.0,0.0,191.68899536132812,191.68899536132812,143.68629455566406,191.13194274902344,182.1607666015625,0.0,0.0,0.0,143.68629455566406,191.13194274902344,182.1607666015625,0.0,0.0,0.0,21.08113670349121,34.958988189697266,32.334922790527344,0.0,0.0,0.0
129.0,35.58143615722656,29829.091796875,3348.77001953125,14315.5146484375,12164.8076171875,3088.120849609375,21.014814376831055,0.0,11451.2998046875,0.07008832693099976,15.936210632324219,0.6393945813179016,4.2370805740356445,3.9475607872009277,1.6159865856170654,2.622680425643921,5.254161357879639,0.0009780870750546455,0.3895043432712555,0.8677921891212463,0.0,0.0,0.0,0.0,3819.75439453125,153.25665283203125,604.3778686523438,408.1134338378906,302.7358093261719,0.0,2110.963134765625,0.25906166434288025,35.055389404296875,85.91142272949219,0.0,0.0,0.0,192.9271697998047,192.9271697998047,141.09666442871094,191.33416748046875,165.49253845214844,0.0,0.0,0.0,141.09666442871094,191.33416748046875,165.49253845214844,0.0,0.0,0.0,20.25596046447754,34.95043182373047,27.39175033569336,0.0,0.0,0.0
130.0,35.75924301147461,29868.248046875,3348.77001953125,14354.6689453125,12164.8076171875,3088.120849609375,20.765310287475586,0.0,11602.169921875,0.07008832693099976,15.937929153442383,0.6395278573036194,4.401447296142578,3.9529693126678467,1.6159865856170654,2.622680425643921,5.26033878326416,0.0009780870750546455,0.3895043432712555,0.8677921891212463,0.0,0.0,0.0,0.0,3823.2822265625,153.4136199951172,627.451171875,399.9668884277344,382.67901611328125,0.0,2112.751953125,0.2671055495738983,35.055389404296875,85.91142272949219,0.0,0.0,0.0,194.19825744628906,194.19825744628906,157.00558471679688,189.80062866210938,182.64796447753906,0.0,0.0,0.0,157.00558471679688,189.80062866210938,182.64796447753906,0.0,0.0,0.0,25.15882110595703,34.751373291015625,32.659217834472656,0.0,0.0,0.0
131.0,35.86396026611328,29892.42578125,3348.77001953125,14378.8486328125,12164.8076171875,3088.120849609375,20.376161575317383,0.16753795742988586,11829.533203125,0.07008832693099976,15.938722610473633,0.6395900845527649,4.484525680541992,3.957347869873047,1.6159865856170654,2.622680425643921,5.276743412017822,0.0009780870750546455,0.3895043432712555,0.8677921891212463,0.0,0.0,0.0,0.0,3804.71923828125,152.67601013183594,636.69873046875,1584.8441162109375,666.68408203125,0.0,805.9707641601562,0.0498037151992321,35.055389404296875,85.91142272949219,0.0,0.0,0.0,195.51461791992188,195.51461791992188,156.3974609375,164.57151794433594,160.34117126464844,0.0,0.0,0.0,156.3974609375,164.57151794433594,160.34117126464844,0.0,0.0,0.0,25.202556610107422,27.593469619750977,26.356094360351562,0.0,0.0,0.0
132.0,35.933101654052734,29905.474609375,3348.77001953125,14391.8974609375,12164.8076171875,3266.89208984375,19.918209075927734,0.0,12102.0029296875,0.07008832693099976,15.939179420471191,0.6396238207817078,4.5344343185424805,3.961167812347412,1.6159865856170654,2.622680425643921,5.291664123535156,0.0009780870750546455,0.3895043432712555,0.8677921891212463,0.0,0.0,0.0,0.0,3804.964599609375,152.68954467773438,643.18701171875,1822.553466796875,883.1615600585938,0.0,527.2299194335938,0.032544806599617004,35.055389404296875,85.91142272949219,0.0,0.0,0.0,196.86851501464844,196.86851501464844,137.17303466796875,154.210693359375,134.18545532226562,0.0,0.0,0.0,137.17303466796875,154.210693359375,134.18545532226562,0.0,0.0,0.0,20.204904556274414,25.188417434692383,19.331037521362305,0.0,0.0,0.0
133.0,35.96928405761719,29990.02734375,3348.77001953125,14396.38671875,12244.87109375,3266.89208984375,19.204179763793945,0.0,12577.791015625,0.07008832693099976,15.939398765563965,0.6396395564079285,4.559088230133057,3.9635112285614014,1.6159865856170654,2.622680425643921,5.300614833831787,0.0009780870750546455,0.3895043432712555,0.8677921891212463,0.0,0.0,0.0,0.0,3839.508056640625,154.07742309570312,651.3150024414062,1894.39208984375,1094.150390625,0.0,563.5537109375,0.0347648523747921,11.68513011932373,65.1624755859375,0.0,0.0,0.0,198.25595092773438,198.25595092773438,89.13597106933594,130.74195861816406,124.03892517089844,0.0,0.0,0.0,89.13597106933594,130.74195861816406,124.03892517089844,0.0,0.0,0.0,6.868093013763428,19.037845611572266,17.077205657958984,0.0,0.0,0.0
134.0,35.98546600341797,30171.8359375,3348.77001953125,14397.8076171875,12425.2587890625,3266.89208984375,19.184045791625977,0.0,12667.2998046875,0.07008832693099976,15.93949031829834,0.639646053314209,4.569679260253906,3.9646620750427246,1.6159865856170654,2.622680425643921,5.304957866668701,0.0009780870750546455,0.3895043432712555,0.8677921891212463,0.0,0.0,0.0,0.0,3851.587890625,154.56285095214844,654.2034301757812,1906.8251953125,1095.7659912109375,0.0,588.831787109375,0.03631299361586571,12.585556983947754,68.37466430664062,0.0,0.0,0.0,199.65293884277344,199.65293884277344,102.451904296875,138.39622497558594,121.75226593017578,0.0,0.0,0.0,102.451904296875,138.39622497558594,121.75226593017578,0.0,0.0,0.0,10.783136367797852,21.296850204467773,16.428491592407227,0.0,0.0,0.0
135.0,35.99208450317383,30207.42578125,3348.77001953125,14398.2568359375,12460.3994140625,3266.89208984375,19.79279899597168,0.0,12302.974609375,0.07008832693099976,15.939518928527832,0.6396481394767761,4.573067665100098,3.9650633335113525,1.6159865856170654,2.622680425643921,5.307755947113037,0.0009780870750546455,0.3895043432712555,0.8677921891212463,0.0,0.0,0.0,0.0,3829.30419921875,153.66883850097656,651.812255859375,1893.203369140625,909.5075073242188,0.0,571.538818359375,0.03523955121636391,11.68513011932373,65.26032257080078,0.0,0.0,0.0,201.00927734375,201.00927734375,122.64356994628906,140.3846893310547,126.03048706054688,0.0,0.0,0.0,122.64356994628906,140.3846893310547,126.03048706054688,0.0,0.0,0.0,16.080446243286133,21.26972198486328,17.07111930847168,0.0,0.0,0.0
136.0,35.995914459228516,30211.103515625,3348.77001953125,14401.93359375,12460.3994140625,3266.89208984375,19.78372573852539,0.0,12311.8955078125,0.07008832693099976,15.93952465057373,0.6396484971046448,4.573672294616699,3.965139627456665,1.6159865856170654,2.622680425643921,5.3109002113342285,0.0009780870750546455,0.3895043432712555,0.8677921891212463,0.0,0.0,0.0,0.0,3897.120361328125,156.3903045654297,658.2520751953125,1943.0391845703125,566.89697265625,0.0,774.0324096679688,0.047714103013277054,20.068288803100586,74.8611068725586,0.0,0.0,0.0,202.3251953125,202.3251953125,124.70557403564453,150.78395080566406,131.5877685546875,0.0,0.0,0.0,124.70557403564453,150.78395080566406,131.5877685546875,0.0,0.0,0.0,16.692655563354492,24.32057762145996,18.705698013305664,0.0,0.0,0.0
137.0,36.0057487487793,30216.267578125,3348.77001953125,14407.099609375,12460.3994140625,3266.89208984375,20.725915908813477,0.0,11769.73046875,0.07008832693099976,15.939532279968262,0.6396490335464478,4.574625492095947,3.9655253887176514,1.6159865856170654,2.622680425643921,5.3193864822387695,0.0009780870750546455,0.3895043432712555,0.8677921891212463,0.0,0.0,0.0,0.0,3837.337646484375,153.99130249023438,652.6828002929688,1923.6080322265625,400.7984313964844,0.0,669.7609252929688,0.041261278092861176,14.939606666564941,71.06903076171875,0.0,0.0,0.0,203.6134796142578,203.6134796142578,104.0172348022461,143.6520233154297,112.94200134277344,0.0,0.0,0.0,104.0172348022461,143.6520233154297,112.94200134277344,0.0,0.0,0.0,9.699126243591309,21.292301177978516,12.309618949890137,0.0,0.0,0.0
138.0,36.0166015625,30219.912109375,3348.77001953125,14410.7421875,12460.3994140625,3266.89208984375,20.985652923583984,0.0,11631.001953125,0.07008832693099976,15.93953800201416,0.6396494507789612,4.575354099273682,3.9678094387054443,1.6159865856170654,2.622680425643921,5.327218532562256,0.0009780870750546455,0.3895043432712555,0.8677921891212463,0.0,0.0,0.0,0.0,3820.197021484375,153.30349731445312,650.9055786132812,1910.419677734375,378.6915283203125,0.0,633.2234497070312,0.0389888696372509,13.05401611328125,69.71333312988281,0.0,0.0,0.0,204.8511199951172,204.8511199951172,72.28541564941406,134.5208740234375,99.2103271484375,0.0,0.0,0.0,72.28541564941406,134.5208740234375,99.2103271484375,0.0,0.0,0.0,0.15783129632472992,18.36170196533203,8.033368110656738,0.0,0.0,0.0
139.0,36.02616882324219,30222.58203125,3348.77001953125,14413.4140625,12460.3994140625,3266.89208984375,21.29410171508789,0.0,11469.701171875,0.07008832693099976,15.939542770385742,0.6396497488021851,4.575881004333496,3.970625877380371,1.6159865856170654,2.622680425643921,5.333438396453857,0.0009780870750546455,0.3895043432712555,0.8677921891212463,0.0,0.0,0.0,0.0,3795.449462890625,152.31040954589844,647.6200561523438,1848.2877197265625,370.10162353515625,0.0,588.2032470703125,0.03620052710175514,33.17596435546875,84.51170349121094,0.0,0.0,0.0,206.05322265625,206.05322265625,133.57656860351562,154.47344970703125,135.14979553222656,0.0,0.0,0.0,133.57656860351562,154.47344970703125,135.14979553222656,0.0,0.0,0.0,17.77704429626465,23.88938331604004,18.237211227416992,0.0,0.0,0.0
140.0,36.032012939453125,30223.427734375,3348.77001953125,14414.259765625,12460.3994140625,3266.89208984375,20.69424057006836,0.0,11795.4091796875,0.07008832693099976,15.939544677734375,0.6396499276161194,4.576170921325684,3.972565174102783,1.6159865856170654,2.622680425643921,5.337051868438721,0.0009780870750546455,0.3895043432712555,0.8677921891212463,0.0,0.0,0.0,0.0,3866.5693359375,155.16444396972656,654.9566650390625,575.9234619140625,296.79827880859375,0.0,2067.239990234375,0.2662098705768585,35.055389404296875,85.91142272949219,0.0,0.0,0.0,207.25396728515625,207.25396728515625,177.3770751953125,188.81878662109375,177.62046813964844,0.0,0.0,0.0,177.3770751953125,188.81878662109375,177.62046813964844,0.0,0.0,0.0,31.188554763793945,34.53525161743164,31.259746551513672,0.0,0.0,0.0
141.0,36.03475570678711,30223.6953125,3348.77001953125,14414.5263671875,12460.3994140625,3266.89208984375,20.697751998901367,0.0,11795.4091796875,0.07008832693099976,15.939545631408691,0.6396499872207642,4.576297760009766,3.9735405445098877,1.6159865856170654,2.622680425643921,5.338689804077148,0.0009780870750546455,0.3895043432712555,0.8677921891212463,0.0,0.0,0.0,0.0,3864.91650390625,155.09812927246094,654.7805786132812,567.7662963867188,304.31195068359375,0.0,2068.531982421875,0.2690995931625366,35.055389404296875,85.91142272949219,0.0,0.0,0.0,208.4978485107422,208.4978485107422,171.7344970703125,189.90748596191406,179.77430725097656,0.0,0.0,0.0,171.7344970703125,189.90748596191406,179.77430725097656,0.0,0.0,0.0,29.534589767456055,34.85018539428711,31.886232376098633,0.0,0.0,0.0
142.0,36.03590393066406,30223.78125,3348.77001953125,14414.611328125,12460.3994140625,3266.89208984375,20.42483901977539,0.0,11950.8095703125,0.07008832693099976,15.939546585083008,0.6396499872207642,4.576329708099365,3.9738266468048096,1.6159865856170654,2.622680425643921,5.3395209312438965,0.0009780870750546455,0.3895043432712555,0.8677921891212463,0.0,0.0,0.0,0.0,3873.60693359375,155.44686889648438,655.774169921875,1622.7752685546875,384.9305419921875,0.0,1026.4752197265625,0.06314517557621002,35.055389404296875,85.91142272949219,0.0,0.0,0.0,209.77517700195312,209.77517700195312,106.22651672363281,172.85984802246094,156.51580810546875,0.0,0.0,0.0,106.22651672363281,172.85984802246094,156.51580810546875,0.0,0.0,0.0,10.646417617797852,30.136667251586914,25.356037139892578,0.0,0.0,0.0
143.0,36.03974533081055,30234.125,3348.77001953125,14424.95703125,12460.3994140625,3266.89208984375,20.032127380371094,0.0,12185.013671875,0.07008832693099976,15.939546585083008,0.6396499872207642,4.576333522796631,3.974327564239502,1.6159865856170654,2.622680425643921,5.342855930328369,0.0009780870750546455,0.3895043432712555,0.8677921891212463,0.0,0.0,0.0,0.0,3850.32421875,154.51254272460938,654.4110717773438,1891.1190185546875,670.3842163085938,0.0,654.7137451171875,0.04026611149311066,35.055389404296875,85.91142272949219,0.0,0.0,0.0,211.0967254638672,211.0967254638672,143.5651397705078,161.8990020751953,156.62449645996094,0.0,0.0,0.0,143.5651397705078,161.8990020751953,156.62449645996094,0.0,0.0,0.0,21.960676193237305,27.32332992553711,25.780536651611328,0.0,0.0,0.0
144.0,36.064849853515625,30244.181640625,3348.77001953125,14435.0126953125,12460.3994140625,3438.512939453125,19.456905364990234,0.0,12542.080078125,0.07008832693099976,15.939546585083008,0.6396500468254089,4.576354026794434,3.9777448177337646,1.6159865856170654,2.622680425643921,5.36452579498291,0.0009780870750546455,0.3895043432712555,0.8677921891212463,0.0,0.0,0.0,0.0,3864.4833984375,155.08074951171875,656.0992431640625,1896.7122802734375,889.6868286132812,0.0,652.5476684570312,0.040071502327919006,35.055389404296875,85.91142272949219,0.0,0.0,0.0,212.4644012451172,212.4644012451172,145.45301818847656,153.68472290039062,144.41653442382812,0.0,0.0,0.0,145.45301818847656,153.68472290039062,144.41653442382812,0.0,0.0,0.0,23.088102340698242,25.495878219604492,22.78493309020996,0.0,0.0,0.0
145.0,36.08340072631836,30364.451171875,3348.77001953125,14438.1943359375,12577.486328125,3438.512939453125,18.780128479003906,0.0,13035.1591796875,0.07008832693099976,15.939546585083008,0.6396500468254089,4.576367378234863,3.9803411960601807,1.6159865856170654,2.622680425643921,5.380465984344482,0.0009780870750546455,0.3895043432712555,0.8677921891212463,0.0,0.0,0.0,0.0,3906.1748046875,156.75381469726562,659.8978271484375,1940.703857421875,1102.81689453125,0.0,707.5310668945312,0.04339908808469772,18.624624252319336,73.78591918945312,0.0,0.0,0.0,213.8763885498047,213.8763885498047,93.54667663574219,141.00621032714844,120.08087158203125,0.0,0.0,0.0,93.54667663574219,141.00621032714844,120.08087158203125,0.0,0.0,0.0,8.582274436950684,22.464187622070312,16.343524932861328,0.0,0.0,0.0
146.0,36.09262466430664,30569.419921875,3348.77001953125,14439.201171875,12781.4482421875,3438.512939453125,18.773096084594727,0.0,13127.9267578125,0.07008832693099976,15.939546585083008,0.6396500468254089,4.57637357711792,3.981654405593872,1.6159865856170654,2.622680425643921,5.388371467590332,0.0009780870750546455,0.3895043432712555,0.8677921891212463,0.0,0.0,0.0,0.0,3918.56884765625,157.25119018554688,661.201904296875,1949.200927734375,1104.4326171875,0.0,741.5631103515625,0.04546122997999191,20.180334091186523,74.94454956054688,0.0,0.0,0.0,215.3060760498047,215.3060760498047,98.83650970458984,139.7667236328125,121.77701568603516,0.0,0.0,0.0,98.83650970458984,139.7667236328125,121.77701568603516,0.0,0.0,0.0,10.13658332824707,22.108671188354492,16.846681594848633,0.0,0.0,0.0
147.0,36.09660720825195,30609.6015625,3348.77001953125,14439.51953125,12821.3125,3438.512939453125,19.37196159362793,0.0,12750.3583984375,0.07008832693099976,15.939546585083008,0.6396500468254089,4.576375484466553,3.982041835784912,1.6159865856170654,2.622680425643921,5.391963481903076,0.0009780870750546455,0.3895043432712555,0.8677921891212463,0.0,0.0,0.0,0.0,3896.53125,156.3668212890625,658.6361694335938,1939.6474609375,916.8204956054688,0.0,711.58935546875,0.04361266270279884,18.409658432006836,73.62581634521484,0.0,0.0,0.0,216.70245361328125,216.70245361328125,118.142578125,147.1021728515625,129.7825927734375,0.0,0.0,0.0,118.142578125,147.1021728515625,129.7825927734375,0.0,0.0,0.0,15.184741020202637,23.655424118041992,18.589445114135742,0.0,0.0,0.0
148.0,36.101993560791016,30620.31640625,3348.77001953125,14450.234375,12821.3125,3438.512939453125,19.36749839782715,0.0,12759.5927734375,0.07008832693099976,15.939546585083008,0.6396500468254089,4.576375484466553,3.9821016788482666,1.6159865856170654,2.622680425643921,5.397289276123047,0.0009780870750546455,0.3895043432712555,0.8677921891212463,0.0,0.0,0.0,0.0,3957.69921875,158.82147216796875,664.8095092773438,1986.34033203125,570.9564819335938,0.0,937.156494140625,0.057415906339883804,23.37026023864746,77.32028198242188,0.0,0.0,0.0,218.06153869628906,218.06153869628906,120.60053253173828,152.6967010498047,126.53005981445312,0.0,0.0,0.0,120.60053253173828,152.6967010498047,126.53005981445312,0.0,0.0,0.0,15.908157348632812,25.29628562927246,17.64254379272461,0.0,0.0,0.0
149.0,36.127079010009766,30629.677734375,3348.77001953125,14459.59375,12821.3125,3438.512939453125,20.293550491333008,0.0,12197.71484375,0.07008832693099976,15.939546585083008,0.6396500468254089,4.576376438140869,3.9831809997558594,1.6159865856170654,2.622680425643921,5.421295166015625,0.0009780870750546455,0.3895043432712555,0.8677921891212463,0.0,0.0,0.0,0.0,3904.3173828125,156.6792755126953,658.89453125,1957.8079833984375,403.97247314453125,0.0,816.8255004882812,0.04995948076248169,21.933170318603516,76.24999237060547,0.0,0.0,0.0,219.39393615722656,219.39393615722656,95.43424224853516,149.67750549316406,105.208251953125,0.0,0.0,0.0,95.43424224853516,149.67750549316406,105.208251953125,0.0,0.0,0.0,7.620965003967285,23.48712158203125,10.479863166809082,0.0,0.0,0.0
150.0,36.14488983154297,30634.9375,3348.77001953125,14464.85546875,12821.3125,3438.512939453125,20.54918098449707,0.0,12053.9423828125,0.07008832693099976,15.939546585083008,0.6396500468254089,4.576376914978027,3.9861834049224854,1.6159865856170654,2.622680425643921,5.429088115692139,0.0009780870750546455,0.3895043432712555,0.8748060464859009,0.0,0.0,0.0,0.0,3886.58935546875,155.96786499023438,656.948974609375,1948.8023681640625,381.6700744628906,0.0,773.2557983398438,0.04726984724402428,19.949731826782227,75.37641906738281,0.0,0.0,0.0,220.67344665527344,220.67344665527344,88.80835723876953,146.50306701660156,128.30506896972656,0.0,0.0,0.0,88.80835723876953,146.50306701660156,128.30506896972656,0.0,0.0,0.0,5.427265167236328,22.302967071533203,16.980051040649414,0.0,0.0,0.0
151.0,36.184017181396484,30673.041015625,3348.77001953125,14502.9580078125,12821.3125,3438.512939453125,20.87563133239746,0.0,11886.7802734375,0.07008832693099976,15.939546585083008,0.6396500468254089,4.576376914978027,3.9903602600097656,1.6159865856170654,2.622680425643921,5.437607765197754,0.0009780870750546455,0.3895043432712555,0.9012377858161926,0.0,0.0,0.0,0.0,3854.616455078125,154.68479919433594,654.3829956054688,1913.7799072265625,372.79046630859375,0.0,710.1846923828125,0.04338797554373741,35.055389404296875,89.22254180908203,0.0,0.0,0.0,221.92410278320312,221.92410278320312,151.654541015625,162.5989990234375,139.2132568359375,0.0,0.0,0.0,151.654541015625,162.5989990234375,139.2132568359375,0.0,0.0,0.0,23.483322143554688,26.6845760345459,19.8442440032959,0.0,0.0,0.0
152.0,36.2535514831543,30697.0859375,3348.77001953125,14527.001953125,12821.3125,3438.512939453125,20.302305221557617,0.0,12224.333984375,0.07008832693099976,15.939546585083008,0.6396500468254089,4.5763773918151855,3.9965014457702637,1.6159865856170654,2.622680425643921,5.459327697753906,0.0009780870750546455,0.3895043432712555,0.9429094195365906,0.0,0.0,0.0,0.0,3926.031005859375,157.55064392089844,661.0263061523438,762.1349487304688,298.89202880859375,0.0,2076.7080078125,0.12667639553546906,35.055389404296875,93.34803009033203,0.0,0.0,0.0,223.18113708496094,223.18113708496094,113.60479736328125,189.119873046875,141.0831756591797,0.0,0.0,0.0,113.60479736328125,189.119873046875,141.0831756591797,0.0,0.0,0.0,12.927098274230957,35.0152587890625,20.96452522277832,0.0,0.0,0.0
153.0,36.310646057128906,30716.01953125,3348.77001953125,14545.9365234375,12821.3125,3438.512939453125,20.318138122558594,0.0,12224.333984375,0.07008832693099976,15.939546585083008,0.6396500468254089,4.5763773918151855,4.000340938568115,1.6159865856170654,2.622680425643921,5.485506057739258,0.0009780870750546455,0.3895043432712555,0.969986617565155,0.0,0.0,0.0,0.0,3924.32080078125,157.4820098876953,660.82568359375,752.166259765625,306.45703125,0.0,2077.105712890625,0.12646514177322388,35.055389404296875,96.02867126464844,0.0,0.0,0.0,224.4860076904297,224.4860076904297,106.72147369384766,189.0424346923828,138.0435333251953,0.0,0.0,0.0,106.72147369384766,189.0424346923828,138.0435333251953,0.0,0.0,0.0,10.897893905639648,34.97677230834961,20.05959701538086,0.0,0.0,0.0
154.0,36.357826232910156,30726.84765625,3348.77001953125,14556.7646484375,12821.3125,3438.512939453125,20.056989669799805,0.0,12385.3876953125,0.07008832693099976,15.939546585083008,0.6396500468254089,4.5763773918151855,4.002939224243164,1.6159865856170654,2.622680425643921,5.51298189163208,0.0009780870750546455,0.3895043432712555,0.9870920777320862,0.0,0.0,0.0,0.0,3933.35107421875,157.84439086914062,661.8546142578125,604.34423828125,387.6567077636719,0.0,2238.6572265625,0.2293265461921692,35.055389404296875,97.72211456298828,0.0,0.0,0.0,225.82110595703125,225.82110595703125,161.76365661621094,188.8686981201172,133.73228454589844,0.0,0.0,0.0,161.76365661621094,188.8686981201172,133.73228454589844,0.0,0.0,0.0,27.258880615234375,35.18710708618164,19.05970573425293,0.0,0.0,0.0
155.0,36.38999938964844,30746.390625,3348.77001953125,14576.30859375,12821.3125,3438.512939453125,19.676780700683594,0.0,12628.09375,0.07008832693099976,15.939546585083008,0.6396500468254089,4.5763773918151855,4.005269527435303,1.6159865856170654,2.622680425643921,5.536931991577148,0.0009780870750546455,0.3895043432712555,0.9929867386817932,0.0,0.0,0.0,0.0,3917.66552734375,157.21493530273438,660.45703125,1917.418212890625,675.7153930664062,0.0,816.9332275390625,0.04956013336777687,35.055389404296875,98.3056869506836,0.0,0.0,0.0,227.2029266357422,227.2029266357422,99.5244140625,162.6693115234375,148.66342163085938,0.0,0.0,0.0,99.5244140625,162.6693115234375,148.66342163085938,0.0,0.0,0.0,9.434111595153809,27.903993606567383,23.807270050048828,0.0,0.0,0.0
156.0,36.440101623535156,30762.94140625,3348.77001953125,14592.859375,12821.3125,3438.512939453125,19.13931655883789,0.0,12982.158203125,0.07008832693099976,15.939546585083008,0.6396500468254089,4.5763773918151855,4.010383129119873,1.6159865856170654,2.622680425643921,5.574671268463135,0.0009780870750546455,0.3895043432712555,1.0002365112304688,0.0,0.0,0.0,0.0,3929.982666015625,157.709228515625,661.9737548828125,1948.5771484375,896.5565795898438,0.0,786.953369140625,0.047616906464099884,35.055389404296875,99.02340698242188,0.0,0.0,0.0,228.62950134277344,228.62950134277344,130.2041778564453,160.08990478515625,142.6643829345703,0.0,0.0,0.0,130.2041778564453,160.08990478515625,142.6643829345703,0.0,0.0,0.0,18.945404052734375,27.686981201171875,22.590015411376953,0.0,0.0,0.0
157.0,36.47462844848633,30885.337890625,3348.77001953125,14598.90234375,12937.6640625,3438.512939453125,18.47291374206543,0.0,13492.5458984375,0.07008832693099976,15.939546585083008,0.6396500468254089,4.5763773918151855,4.014484405517578,1.6159865856170654,2.622680425643921,5.600646018981934,0.0009780870750546455,0.3895043432712555,1.0046865940093994,0.0,0.0,0.0,0.0,3965.02392578125,159.11541748046875,665.9114990234375,1992.58349609375,1110.4815673828125,0.0,852.1353759765625,0.051468685269355774,23.37026023864746,89.517578125,0.0,0.0,0.0,230.10435485839844,230.10435485839844,99.29728698730469,143.54727172851562,110.78702545166016,0.0,0.0,0.0,99.29728698730469,143.54727172851562,110.78702545166016,0.0,0.0,0.0,10.57154369354248,23.514665603637695,13.932291984558105,0.0,0.0,0.0
158.0,36.49192810058594,31095.951171875,3348.77001953125,14600.8154296875,13146.3671875,3438.512939453125,18.467172622680664,0.0,13588.5625,0.07008832693099976,15.944976806640625,0.6401171088218689,4.5763773918151855,4.015909671783447,1.6159865856170654,2.622680425643921,5.6092729568481445,0.0009780870750546455,0.3895043432712555,1.0060361623764038,0.0,0.0,0.0,0.0,3978.667724609375,159.72512817382812,667.2064819335938,2001.1832275390625,1112.0836181640625,0.0,889.4412231445312,0.05368994548916817,23.37026023864746,89.6378173828125,0.0,0.0,0.0,231.60020446777344,231.60020446777344,118.5551986694336,145.45791625976562,124.96509552001953,0.0,0.0,0.0,118.5551986694336,145.45791625976562,124.96509552001953,0.0,0.0,0.0,16.210224151611328,24.079267501831055,18.085119247436523,0.0,0.0,0.0
159.0,36.5262565612793,31212.482421875,3348.77001953125,14676.5732421875,13187.1396484375,3438.512939453125,19.10320472717285,0.0,13197.7421875,0.07008832693099976,15.97364330291748,0.6428248882293701,4.5763773918151855,4.016149520874023,1.6159865856170654,2.622680425643921,5.611785888671875,0.0009780870750546455,0.3895043432712555,1.0062392950057983,0.0,0.0,0.0,0.0,3960.036865234375,159.36317443847656,664.2579345703125,1989.1878662109375,922.7882690429688,0.0,847.9439697265625,0.05117608234286308,23.37026023864746,89.65591430664062,0.0,0.0,0.0,233.06570434570312,233.06570434570312,114.25664520263672,148.75331115722656,124.8766098022461,0.0,0.0,0.0,114.25664520263672,148.75331115722656,124.8766098022461,0.0,0.0,0.0,14.316863059997559,24.407140731811523,17.423202514648438,0.0,0.0,0.0
160.0,36.70257568359375,31278.7265625,3348.77001953125,14742.81640625,13187.1396484375,3438.512939453125,19.13266372680664,0.0,13207.30859375,0.07008832693099976,16.12067985534668,0.6570598483085632,4.5763773918151855,4.017207622528076,1.6159865856170654,2.622680425643921,5.6248931884765625,0.0009780870750546455,0.3895043432712555,1.0071191787719727,0.0,0.0,0.0,0.0,4044.427978515625,164.84609985351562,669.0702514648438,2028.1710205078125,573.7246704101562,0.0,1068.26220703125,0.06441467255353928,23.37026023864746,89.73432159423828,0.0,0.0,0.0,234.49374389648438,234.49374389648438,118.36450958251953,154.2439727783203,120.32881164550781,0.0,0.0,0.0,118.36450958251953,154.2439727783203,120.32881164550781,0.0,0.0,0.0,15.488957405090332,25.983699798583984,16.063514709472656,0.0,0.0,0.0
161.0,36.828948974609375,31301.701171875,3348.77001953125,14765.79296875,13187.1396484375,3438.512939453125,20.05708885192871,0.0,12625.71875,0.07008832693099976,16.222883224487305,0.666998028755188,4.5763773918151855,4.019115924835205,1.6159865856170654,2.622680425643921,5.6366753578186035,0.0009780870750546455,0.3895043432712555,1.0076621770858765,0.0,0.0,0.0,0.0,4003.33203125,164.59556579589844,661.93115234375,1996.1826171875,405.3621826171875,0.0,923.9140014648438,0.05566547438502312,23.37026023864746,89.78269958496094,0.0,0.0,0.0,235.8920135498047,235.8920135498047,94.0384292602539,150.6497039794922,99.06808471679688,0.0,0.0,0.0,94.0384292602539,150.6497039794922,99.06808471679688,0.0,0.0,0.0,7.449151515960693,24.007949829101562,8.92032527923584,0.0,0.0,0.0
162.0,36.89546203613281,31312.861328125,3348.77001953125,14776.9521484375,13187.1396484375,3438.512939453125,20.313823699951172,0.0,12476.8916015625,0.07008832693099976,16.249420166015625,0.6696968674659729,4.5763773918151855,4.023295879364014,1.6159865856170654,2.622680425643921,5.640151500701904,0.0009780870750546455,0.3895043432712555,1.0372813940048218,0.0,0.0,0.0,0.0,3988.645263671875,164.38636779785156,659.6734619140625,1986.145263671875,382.845703125,0.0,869.7962646484375,0.05239284783601761,23.157958984375,92.23262786865234,0.0,0.0,0.0,237.23605346679688,237.23605346679688,124.11026000976562,145.42471313476562,125.60501098632812,0.0,0.0,0.0,124.11026000976562,145.42471313476562,125.60501098632812,0.0,0.0,0.0,15.98842716217041,22.2229061126709,16.425640106201172,0.0,0.0,0.0
163.0,37.020469665527344,31446.939453125,3348.77001953125,14911.03125,13187.1396484375,3438.512939453125,20.699535369873047,0.0,12303.8681640625,0.07008832693099976,16.264934539794922,0.6711902618408203,4.5763773918151855,4.027939796447754,1.6159865856170654,2.622680425643921,5.645785808563232,0.0009780870750546455,0.3895043432712555,1.1350021362304688,0.0,0.0,0.0,0.0,3966.296875,163.67356872558594,656.9071655273438,1943.3228759765625,374.2037353515625,0.0,797.2000732421875,0.0480012446641922,35.055389404296875,112.3652114868164,0.0,0.0,0.0,238.5535125732422,238.5535125732422,146.56436157226562,164.97250366210938,145.67901611328125,0.0,0.0,0.0,146.56436157226562,164.97250366210938,145.67901611328125,0.0,0.0,0.0,22.17053985595703,27.554922103881836,21.911577224731445,0.0,0.0,0.0
164.0,37.26184844970703,31520.861328125,3348.77001953125,14984.9521484375,13187.1396484375,3438.512939453125,20.1619930267334,0.0,12653.2685546875,0.07008832693099976,16.28959083557129,0.6734846830368042,4.5763773918151855,4.036049842834473,1.6159865856170654,2.622680425643921,5.670294284820557,0.0009780870750546455,0.3895043432712555,1.3168126344680786,0.0,0.0,0.0,0.0,4034.906982421875,166.82113647460938,663.3801879882812,828.9379272460938,299.6740417480469,0.0,2123.828125,0.12766166031360626,35.055389404296875,130.3644561767578,0.0,0.0,0.0,239.87930297851562,239.87930297851562,143.51889038085938,189.30157470703125,158.2210693359375,0.0,0.0,0.0,143.51889038085938,189.30157470703125,158.2210693359375,0.0,0.0,0.0,21.81728172302246,35.208717346191406,26.11766815185547,0.0,0.0,0.0
165.0,37.42939376831055,31558.78125,3348.77001953125,15022.8720703125,13187.1396484375,3438.512939453125,20.189607620239258,0.0,12653.2685546875,0.07008832693099976,16.303499221801758,0.6747778654098511,4.5763773918151855,4.040928840637207,1.6159865856170654,2.622680425643921,5.704071998596191,0.0009780870750546455,0.3895043432712555,1.4305002689361572,0.0,0.0,0.0,0.0,4035.132568359375,167.0081787109375,663.03662109375,809.1260986328125,307.2071228027344,0.0,2123.40478515625,0.12733618915081024,35.055389404296875,141.61952209472656,0.0,0.0,0.0,241.2577667236328,241.2577667236328,112.14047241210938,189.07798767089844,150.02418518066406,0.0,0.0,0.0,112.14047241210938,189.07798767089844,150.02418518066406,0.0,0.0,0.0,12.611481666564941,35.11570358276367,23.692468643188477,0.0,0.0,0.0
166.0,37.534000396728516,31577.744140625,3348.77001953125,15041.8349609375,13187.1396484375,3438.512939453125,19.934864044189453,0.0,12819.96484375,0.07008832693099976,16.310407638549805,0.6754233241081238,4.5763773918151855,4.044410705566406,1.6159865856170654,2.622680425643921,5.7377214431762695,0.0009780870750546455,0.3895043432712555,1.490422010421753,0.0,0.0,0.0,0.0,4045.810302734375,167.53932189941406,664.0422973632812,1665.6744384765625,388.59246826171875,0.0,1278.244873046875,0.07647527009248734,35.055389404296875,147.55177307128906,0.0,0.0,0.0,242.67103576660156,242.67103576660156,104.87528991699219,175.7222442626953,149.98037719726562,0.0,0.0,0.0,104.87528991699219,175.7222442626953,149.98037719726562,0.0,0.0,0.0,10.741159439086914,31.46389389038086,23.93439483642578,0.0,0.0,0.0
167.0,37.59430694580078,31602.873046875,3348.77001953125,15066.9638671875,13187.1396484375,3438.512939453125,19.559738159179688,0.0,13071.1923828125,0.07008832693099976,16.312746047973633,0.6756418347358704,4.5763773918151855,4.0511956214904785,1.6159865856170654,2.622680425643921,5.767601013183594,0.0009780870750546455,0.3895043432712555,1.5115077495574951,0.0,0.0,0.0,0.0,4031.064453125,166.958740234375,662.7160034179688,1692.63330078125,677.406005859375,0.0,1144.810302734375,0.06834983080625534,35.055389404296875,149.63926696777344,0.0,0.0,0.0,244.12823486328125,244.12823486328125,159.4078369140625,172.69778442382812,126.26200103759766,0.0,0.0,0.0,159.4078369140625,172.69778442382812,126.26200103759766,0.0,0.0,0.0,27.06705665588379,30.95436668395996,17.371896743774414,0.0,0.0,0.0
168.0,37.664955139160156,31624.47265625,3348.77001953125,15088.564453125,13187.1396484375,3504.025146484375,19.050249099731445,0.0,13422.2265625,0.07008832693099976,16.314945220947266,0.6758499145507812,4.5763773918151855,4.061402320861816,1.6159865856170654,2.622680425643921,5.805451393127441,0.0009780870750546455,0.3895043432712555,1.5316911935806274,0.0,0.0,0.0,0.0,4042.858154296875,167.47621154785156,664.0905151367188,1986.7808837890625,898.6563110351562,0.0,848.6958618164062,0.05054045841097832,35.055389404296875,151.63742065429688,0.0,0.0,0.0,245.62838745117188,245.62838745117188,140.08523559570312,156.3271942138672,136.3907928466797,0.0,0.0,0.0,140.08523559570312,156.3271942138672,136.3907928466797,0.0,0.0,0.0,21.9246826171875,26.67545509338379,20.844058990478516,0.0,0.0,0.0
169.0,37.71009063720703,31744.076171875,3348.77001953125,15095.3984375,13299.908203125,3504.025146484375,18.382633209228516,0.0,13949.9140625,0.07008832693099976,16.316207885742188,0.6759697198867798,4.5763773918151855,4.068515300750732,1.6159865856170654,2.622680425643921,5.830377578735352,0.0009780870750546455,0.3895043432712555,1.5434037446975708,0.0,0.0,0.0,0.0,4080.184326171875,169.0393524169922,668.1506958007812,2037.7491455078125,1113.2174072265625,0.0,919.9144897460938,0.05468938872218132,23.37026023864746,137.51727294921875,0.0,0.0,0.0,247.17054748535156,247.17054748535156,89.54691314697266,143.0816650390625,121.84425354003906,0.0,0.0,0.0,89.54691314697266,143.0816650390625,121.84425354003906,0.0,0.0,0.0,7.809837818145752,23.468751907348633,17.25680923461914,0.0,0.0,0.0
170.0,37.7315788269043,31958.26171875,3348.77001953125,15097.560546875,13511.9306640625,3504.025146484375,18.37549591064453,0.0,14049.189453125,0.07008832693099976,16.323806762695312,0.6766252517700195,4.5763773918151855,4.0707316398620605,1.6159865856170654,2.622680425643921,5.838132381439209,0.0009780870750546455,0.3895043432712555,1.5466665029525757,0.0,0.0,0.0,0.0,4094.628662109375,169.7232208251953,669.4439697265625,2046.8909912109375,1114.8143310546875,0.0,957.771484375,0.05691016465425491,23.37026023864746,137.8079833984375,0.0,0.0,0.0,248.730224609375,248.730224609375,96.76370239257812,144.75328063964844,110.56242370605469,0.0,0.0,0.0,96.76370239257812,144.75328063964844,110.56242370605469,0.0,0.0,0.0,9.927887916564941,23.964839935302734,13.96401309967041,0.0,0.0,0.0
171.0,37.840126037597656,32280.8515625,3348.77001953125,15378.7548828125,13553.326171875,3504.025146484375,19.129154205322266,0.0,13645.1259765625,0.07008832693099976,16.41736602783203,0.6856924891471863,4.5763773918151855,4.072211265563965,1.6159865856170654,2.622680425643921,5.842251777648926,0.0009780870750546455,0.3895043432712555,1.5469892024993896,0.0,0.0,0.0,0.0,4084.005859375,170.5737762451172,665.7550048828125,2031.5916748046875,924.2626953125,0.0,903.3682861328125,0.05366281792521477,23.37026023864746,137.83673095703125,0.0,0.0,0.0,250.2513427734375,250.2513427734375,119.80648040771484,149.88330078125,119.70103454589844,0.0,0.0,0.0,119.80648040771484,149.88330078125,119.70103454589844,0.0,0.0,0.0,15.914239883422852,24.711711883544922,15.88339900970459,0.0,0.0,0.0
172.0,38.56740188598633,32739.904296875,3348.77001953125,15837.8076171875,13553.326171875,3504.025146484375,19.389949798583984,0.0,13655.0146484375,0.07008832693099976,17.046588897705078,0.7471528649330139,4.5763773918151855,4.083065986633301,1.6159865856170654,2.622680425643921,5.866507530212402,0.0009780870750546455,0.3895043432712555,1.5484709739685059,0.0,0.0,0.0,0.0,4238.54296875,185.7755584716797,665.6904296875,2053.209228515625,571.3385009765625,0.0,1070.0384521484375,0.0634610652923584,23.37026023864746,137.96876525878906,0.0,0.0,0.0,251.7330322265625,251.7330322265625,104.87995910644531,154.82534790039062,130.02301025390625,0.0,0.0,0.0,104.87995910644531,154.82534790039062,130.02301025390625,0.0,0.0,0.0,11.287437438964844,25.89646339416504,18.641782760620117,0.0,0.0,0.0
173.0,39.58062744140625,33163.65625,3348.77001953125,16261.55859375,13553.326171875,3504.025146484375,20.575822830200195,0.0,13053.703125,0.07008832693099976,17.9268798828125,0.8330809473991394,4.5763773918151855,4.0986504554748535,1.6159865856170654,2.622680425643921,5.896519660949707,0.0009780870750546455,0.3895043432712555,1.549880027770996,0.0,0.0,0.0,0.0,4295.6376953125,199.62278747558594,651.4927978515625,2004.6746826171875,399.9502258300781,0.0,841.1725463867188,0.04978800192475319,17.119882583618164,129.7949981689453,0.0,0.0,0.0,253.18421936035156,253.18421936035156,91.01434326171875,150.4905548095703,120.47142028808594,0.0,0.0,0.0,91.01434326171875,150.4905548095703,120.47142028808594,0.0,0.0,0.0,6.045871257781982,23.442663192749023,14.662065505981445,0.0,0.0,0.0
174.0,40.52753448486328,33391.54296875,3348.77001953125,16489.447265625,13553.326171875,3504.025146484375,20.97519302368164,0.0,12899.8408203125,0.07008832693099976,18.738094329833984,0.9125000238418579,4.5763773918151855,4.127355575561523,1.6159865856170654,2.622680425643921,5.9229888916015625,0.0009780870750546455,0.3895043432712555,1.5509802103042603,0.0,0.0,0.0,0.0,4385.8125,213.5784912109375,641.0276489257812,1973.722900390625,374.51776123046875,0.0,718.2184448242188,0.04243575036525726,11.68513011932373,115.88055419921875,0.0,0.0,0.0,254.57554626464844,254.57554626464844,143.18565368652344,142.21414184570312,122.27278900146484,0.0,0.0,0.0,143.18565368652344,142.21414184570312,122.27278900146484,0.0,0.0,0.0,20.906612396240234,20.622446060180664,14.78959846496582,0.0,0.0,0.0
175.0,41.08087921142578,33472.51953125,3348.77001953125,16570.421875,13553.326171875,3504.025146484375,21.334285736083984,0.0,12720.9462890625,0.07008832693099976,19.207355499267578,0.9582355618476868,4.5763773918151855,4.150162220001221,1.6159865856170654,2.622680425643921,5.93795108795166,0.0009780870750546455,0.3895043432712555,1.5515587329864502,0.0,0.0,0.0,0.0,4417.9951171875,220.4093017578125,632.0092163085938,1851.2056884765625,364.08819580078125,0.0,656.0568237304688,0.03872426226735115,27.393421173095703,143.43148803710938,0.0,0.0,0.0,255.93365478515625,255.93365478515625,98.33959197998047,157.93934631347656,136.20416259765625,0.0,0.0,0.0,98.33959197998047,157.93934631347656,136.20416259765625,0.0,0.0,0.0,7.4300456047058105,24.862972259521484,18.505434036254883,0.0,0.0,0.0
176.0,41.34136199951172,33498.140625,3348.77001953125,16596.04296875,13553.326171875,3504.025146484375,20.746723175048828,0.0,13082.18359375,0.07008832693099976,19.428747177124023,0.9796920418739319,4.5763773918151855,4.160897254943848,1.6159865856170654,2.622680425643921,5.944633483886719,0.0009780870750546455,0.3895043432712555,1.551777720451355,0.0,0.0,0.0,0.0,4521.9697265625,228.0197296142578,638.8880615234375,500.5530700683594,291.1788330078125,0.0,2192.947509765625,0.25925740599632263,31.660959243774414,149.11325073242188,0.0,0.0,0.0,257.29315185546875,257.29315185546875,137.4376220703125,185.3070526123047,167.7547149658203,0.0,0.0,0.0,137.4376220703125,185.3070526123047,167.7547149658203,0.0,0.0,0.0,19.453781127929688,33.455589294433594,28.321531295776367,0.0,0.0,0.0
177.0,41.47770690917969,33581.578125,3348.77001953125,16679.48046875,13553.326171875,3504.025146484375,20.801816940307617,0.0,13082.18359375,0.07008832693099976,19.5471248626709,0.9911567568778992,4.5763773918151855,4.164227485656738,1.6159865856170654,2.622680425643921,5.947750568389893,0.0009780870750546455,0.3895043432712555,1.5518323183059692,0.0,0.0,0.0,0.0,4535.4453125,229.9743194580078,637.2724609375,504.61279296875,298.1595764160156,0.0,2169.318603515625,0.24945160746574402,30.533403396606445,147.61940002441406,0.0,0.0,0.0,258.6988830566406,258.6988830566406,157.08946228027344,186.22422790527344,165.19007873535156,0.0,0.0,0.0,157.08946228027344,186.22422790527344,165.19007873535156,0.0,0.0,0.0,25.146848678588867,33.66876983642578,27.516281127929688,0.0,0.0,0.0
178.0,41.694602966308594,33651.26171875,3348.77001953125,16749.1640625,13553.326171875,3504.025146484375,20.569242477416992,0.0,13254.54296875,0.07050629705190659,19.735715866088867,1.0096443891525269,4.5763773918151855,4.168891906738281,1.6159865856170654,2.622680425643921,5.952435493469238,0.0009780870750546455,0.3895043432712555,1.551880955696106,0.0,0.0,0.0,0.0,4573.720703125,233.9834747314453,636.7064819335938,401.3630065917969,376.5353088378906,0.0,2269.1533203125,0.25280749797821045,29.66267204284668,146.4663543701172,0.0,0.0,0.0,260.1370544433594,260.1370544433594,152.6175079345703,185.76451110839844,166.77688598632812,0.0,0.0,0.0,152.6175079345703,185.76451110839844,166.77688598632812,0.0,0.0,0.0,24.07137680053711,33.766876220703125,28.212995529174805,0.0,0.0,0.0
179.0,41.949459075927734,33983.875,3348.77001953125,17081.779296875,13553.326171875,3504.025146484375,20.364971160888672,0.0,13514.2822265625,0.07179229706525803,19.960006713867188,1.0316122770309448,4.5763773918151855,4.170936107635498,1.6159865856170654,2.622680425643921,5.9576897621154785,0.0009780870750546455,0.3895043432712555,1.5518957376480103,0.0,0.0,0.0,0.0,4593.5966796875,237.41529846191406,632.7384643554688,1906.642822265625,655.2344360351562,0.0,648.75634765625,0.03824227675795555,25.6650390625,141.23350524902344,0.0,0.0,0.0,261.61492919921875,261.61492919921875,146.16197204589844,163.3294219970703,151.4274139404297,0.0,0.0,0.0,146.16197204589844,163.3294219970703,151.4274139404297,0.0,0.0,0.0,22.387407302856445,27.408885955810547,23.927547454833984,0.0,0.0,0.0
180.0,42.73265075683594,34263.578125,3348.77001953125,17361.48046875,13553.326171875,3610.321533203125,20.005605697631836,0.0,13862.2958984375,0.07590056955814362,20.64828872680664,1.0992738008499146,4.5763773918151855,4.177978515625,1.6159865856170654,2.622680425643921,5.973751544952393,0.0009780870750546455,0.3895043432712555,1.5519323348999023,0.0,0.0,0.0,0.0,4697.19970703125,250.069580078125,627.636962890625,1881.7381591796875,863.1358032226562,0.0,592.7516479492188,0.03490302711725235,23.37026023864746,138.2771759033203,0.0,0.0,0.0,263.1360168457031,263.1360168457031,122.31385803222656,156.1580810546875,138.50694274902344,0.0,0.0,0.0,122.31385803222656,156.1580810546875,138.50694274902344,0.0,0.0,0.0,15.771198272705078,25.67063331604004,20.507675170898438,0.0,0.0,0.0
181.0,43.27717208862305,34462.1875,3348.77001953125,17451.115234375,13662.3037109375,3610.321533203125,19.342430114746094,0.0,14407.2822265625,0.07880555093288422,21.126375198364258,1.146260380744934,4.5763773918151855,4.183359622955322,1.6159865856170654,2.622680425643921,5.984888076782227,0.0009780870750546455,0.3895043432712555,1.5519551038742065,0.0,0.0,0.0,0.0,4811.77587890625,261.07403564453125,628.7162475585938,1935.9423828125,1065.273681640625,0.0,617.6824951171875,0.036343663930892944,11.68513011932373,107.55049133300781,0.0,0.0,0.0,264.7049255371094,264.7049255371094,113.72520446777344,129.65797424316406,120.5728988647461,0.0,0.0,0.0,113.72520446777344,129.65797424316406,120.5728988647461,0.0,0.0,0.0,13.92219352722168,18.582529067993164,15.925143241882324,0.0,0.0,0.0
182.0,43.54399490356445,34705.7890625,3348.77001953125,17479.4765625,13877.54296875,3610.321533203125,19.34089469909668,0.0,14509.8154296875,0.08029428869485855,21.360410690307617,1.1692551374435425,4.5763773918151855,4.186215877532959,1.6159865856170654,2.622680425643921,5.990328788757324,0.0009780870750546455,0.3895043432712555,1.5519633293151855,0.0,0.0,0.0,0.0,4858.13134765625,265.9309997558594,628.2784423828125,1938.30126953125,1064.5513916015625,0.0,632.750732421875,0.03721657767891884,11.68513011932373,107.55106353759766,0.0,0.0,0.0,266.2886962890625,266.2886962890625,112.43144226074219,133.12747192382812,109.44368743896484,0.0,0.0,0.0,112.43144226074219,133.12747192382812,109.44368743896484,0.0,0.0,0.0,13.545302391052246,19.59889030456543,12.67138385772705,0.0,0.0,0.0
183.0,43.71236801147461,34911.3359375,3348.77001953125,17643.025390625,13919.5400390625,3610.321533203125,20.051551818847656,0.0,14092.4990234375,0.08129987120628357,21.505056381225586,1.1835585832595825,4.5763773918151855,4.19127893447876,1.6159865856170654,2.622680425643921,5.993683338165283,0.0009780870750546455,0.3895043432712555,1.5519649982452393,0.0,0.0,0.0,0.0,4834.34228515625,266.0643005371094,622.9911499023438,1915.5174560546875,881.0067138671875,0.0,585.3860473632812,0.03442295640707016,11.68513011932373,107.55117797851562,0.0,0.0,0.0,267.8323059082031,267.8323059082031,125.69877624511719,136.85562133789062,126.65825653076172,0.0,0.0,0.0,125.69877624511719,136.85562133789062,126.65825653076172,0.0,0.0,0.0,16.71533966064453,19.978717803955078,16.995986938476562,0.0,0.0,0.0
184.0,44.13287353515625,35096.5703125,3348.77001953125,17828.26171875,13919.5400390625,3610.321533203125,20.14618682861328,0.0,14102.7119140625,0.08378991484642029,21.859039306640625,1.2186880111694336,4.5763773918151855,4.211969375610352,1.6159865856170654,2.622680425643921,6.001891613006592,0.0009780870750546455,0.3895043432712555,1.5519678592681885,0.0,0.0,0.0,0.0,4950.26953125,275.9880676269531,626.9210815429688,1965.5482177734375,546.8713989257812,0.0,745.0823974609375,0.043789640069007874,11.68513011932373,107.55137634277344,0.0,0.0,0.0,269.3287353515625,269.3287353515625,104.57001495361328,142.3196258544922,121.33727264404297,0.0,0.0,0.0,104.57001495361328,142.3196258544922,121.33727264404297,0.0,0.0,0.0,10.440542221069336,21.482301712036133,15.344964981079102,0.0,0.0,0.0
185.0,44.5153923034668,35184.1328125,3348.77001953125,17915.822265625,13919.5400390625,3610.321533203125,21.158721923828125,0.0,13481.6875,0.08601602166891098,22.17430877685547,1.2499028444290161,4.5763773918151855,4.238469123840332,1.6159865856170654,2.622680425643921,6.009200096130371,0.0009780870750546455,0.3895043432712555,1.55197012424469,0.0,0.0,0.0,0.0,4897.84912109375,276.0778503417969,615.6951293945312,1922.34228515625,384.6385498046875,0.0,598.59765625,0.0351632684469223,9.848526000976562,105.10953521728516,0.0,0.0,0.0,270.7872009277344,270.7872009277344,77.01385498046875,133.15179443359375,114.00306701660156,0.0,0.0,0.0,77.01385498046875,133.15179443359375,114.00306701660156,0.0,0.0,0.0,1.3678311109542847,17.788177490234375,12.187174797058105,0.0,0.0,0.0
186.0,44.73028564453125,35218.88671875,3348.77001953125,17950.576171875,13919.5400390625,3610.321533203125,21.443531036376953,0.0,13322.78125,0.0871555358171463,22.335311889648438,1.2660179138183594,4.5763773918151855,4.271368026733398,1.6159865856170654,2.622680425643921,6.012933731079102,0.0009780870750546455,0.3895043432712555,1.5519710779190063,0.0,0.0,0.0,0.0,4888.234375,277.07659912109375,611.6327514648438,1906.634033203125,362.5342102050781,0.0,547.2625122070312,0.03213973715901375,7.0158562660217285,101.34322357177734,0.0,0.0,0.0,272.1791687011719,272.1791687011719,123.29219818115234,128.4875030517578,101.3604965209961,0.0,0.0,0.0,123.29219818115234,128.4875030517578,101.3604965209961,0.0,0.0,0.0,14.619436264038086,16.139062881469727,8.204413414001465,0.0,0.0,0.0
187.0,44.850765228271484,35240.375,3348.77001953125,17972.064453125,13919.5400390625,3610.321533203125,21.771358489990234,0.0,13138.025390625,0.08777426183223724,22.422290802001953,1.2744648456573486,4.5763773918151855,4.293783187866211,1.6159865856170654,2.622680425643921,6.014951229095459,0.0009780870750546455,0.3895043432712555,1.5519715547561646,0.0,0.0,0.0,0.0,4862.2939453125,276.3688659667969,607.512451171875,1879.46337890625,353.8319091796875,0.0,490.35601806640625,0.028793763369321823,6.050436496734619,100.05960845947266,0.0,0.0,0.0,273.5315856933594,273.5315856933594,121.54939270019531,137.64639282226562,130.96945190429688,0.0,0.0,0.0,121.54939270019531,137.64639282226562,130.96945190429688,0.0,0.0,0.0,13.781837463378906,18.49021339416504,16.53720474243164,0.0,0.0,0.0
188.0,44.92226028442383,35277.17578125,3348.77001953125,18008.865234375,13919.5400390625,3610.321533203125,21.176870346069336,0.0,13511.109375,0.08819165825843811,22.47995376586914,1.279894471168518,4.5763773918151855,4.300428867340088,1.6159865856170654,2.622680425643921,6.016294956207275,0.0009780870750546455,0.3895043432712555,1.551971673965454,0.0,0.0,0.0,0.0,4958.33740234375,282.3025817871094,615.3026733398438,417.6630554199219,283.691162109375,0.0,2106.78369140625,0.1899934560060501,23.37026023864746,138.28067016601562,0.0,0.0,0.0,274.8768310546875,274.8768310546875,137.91001892089844,185.6819610595703,161.54493713378906,0.0,0.0,0.0,137.91001892089844,185.6819610595703,161.54493713378906,0.0,0.0,0.0,19.16181182861328,33.13510513305664,26.075023651123047,0.0,0.0,0.0
189.0,45.06391906738281,35434.6796875,3348.77001953125,18166.369140625,13919.5400390625,3610.321533203125,21.274763107299805,0.0,13511.109375,0.08907494693994522,22.600738525390625,1.2917585372924805,4.5763773918151855,4.305722236633301,1.6159865856170654,2.622680425643921,6.0191240310668945,0.0009780870750546455,0.3895043432712555,1.5519717931747437,0.0,0.0,0.0,0.0,4969.59716796875,284.0402526855469,613.9747924804688,563.147705078125,290.4900207519531,0.0,1941.52001953125,0.11397353559732437,23.37026023864746,138.2806854248047,0.0,0.0,0.0,276.2634582519531,276.2634582519531,94.44697570800781,185.0148468017578,137.20021057128906,0.0,0.0,0.0,94.44697570800781,185.0148468017578,137.20021057128906,0.0,0.0,0.0,6.350977420806885,32.84208297729492,18.856298446655273,0.0,0.0,0.0
190.0,45.42169189453125,35560.74609375,3348.77001953125,18292.4375,13919.5400390625,3610.321533203125,21.067596435546875,1.343702793121338,13689.1103515625,0.09129878133535385,22.90401840209961,1.322017788887024,4.5763773918151855,4.320615768432617,1.6159865856170654,2.622680425643921,6.026241779327393,0.0009780870750546455,0.3895043432712555,1.5519717931747437,0.0,0.0,0.0,0.0,5021.38232421875,289.833740234375,612.8822631835938,1896.9825439453125,366.5279846191406,0.0,593.7202758789062,0.034836575388908386,23.37026023864746,138.2806854248047,0.0,0.0,0.0,277.6819763183594,277.6819763183594,154.0044708251953,171.9912109375,156.24269104003906,0.0,0.0,0.0,154.0044708251953,171.9912109375,156.24269104003906,0.0,0.0,0.0,22.635009765625,27.89613151550293,23.289688110351562,0.0,0.0,0.0
191.0,45.78844451904297,35919.23046875,3348.77001953125,18650.921875,13919.5400390625,3610.321533203125,20.86187744140625,0.0,13957.37109375,0.09362104535102844,23.219812393188477,1.3533718585968018,4.5763773918151855,4.330470561981201,1.6159865856170654,2.622680425643921,6.033668041229248,0.0009780870750546455,0.3895043432712555,1.5519719123840332,0.0,0.0,0.0,0.0,5050.56689453125,294.3733825683594,609.4703369140625,516.19189453125,637.501708984375,0.0,1852.3809814453125,0.10863400250673294,23.37026023864746,138.28070068359375,0.0,0.0,0.0,279.1471862792969,279.1471862792969,147.09188842773438,182.22654724121094,154.09194946289062,0.0,0.0,0.0,147.09188842773438,182.22654724121094,154.09194946289062,0.0,0.0,0.0,22.162500381469727,32.439388275146484,24.21001625061035,0.0,0.0,0.0
192.0,46.64025115966797,36211.21875,3348.77001953125,18942.91015625,13919.5400390625,3678.904296875,20.51234245300293,0.0,14302.3642578125,0.09900408983230591,23.951507568359375,1.426361083984375,4.5763773918151855,4.354999542236328,1.6159865856170654,2.622680425643921,6.050881385803223,0.0009780870750546455,0.3895043432712555,1.5519719123840332,0.0,0.0,0.0,0.0,5199.90869140625,309.6651611328125,609.3085327148438,1935.29833984375,636.977294921875,0.0,557.4835205078125,0.032656099647283554,5.33098840713501,99.10303497314453,0.0,0.0,0.0,280.6631774902344,280.6631774902344,128.56631469726562,140.34530639648438,129.01504516601562,0.0,0.0,0.0,128.56631469726562,140.34530639648438,129.01504516601562,0.0,0.0,0.0,17.093305587768555,20.538660049438477,17.224559783935547,0.0,0.0,0.0
193.0,47.22074890136719,36410.78515625,3348.77001953125,19037.30078125,14024.712890625,3678.904296875,19.82583999633789,0.0,14864.6591796875,0.10266710817813873,24.449338912963867,1.476000428199768,4.5763773918151855,4.372649669647217,1.6159865856170654,2.622680425643921,6.062593936920166,0.0009780870750546455,0.3895043432712555,1.5519720315933228,0.0,0.0,0.0,0.0,5280.98779296875,318.8119201660156,607.2544555664062,1905.734130859375,1038.2105712890625,0.0,482.8534851074219,0.028262175619602203,1.8507014513015747,94.5741195678711,0.0,0.0,0.0,282.2161865234375,282.2161865234375,104.37884521484375,116.99580383300781,87.24231719970703,0.0,0.0,0.0,104.37884521484375,116.99580383300781,87.24231719970703,0.0,0.0,0.0,10.704972267150879,14.39543342590332,5.692538261413574,0.0,0.0,0.0
194.0,47.50397491455078,36659.09765625,3348.77001953125,19067.166015625,14243.162109375,3678.904296875,19.819095611572266,0.0,14970.4423828125,0.10446714609861374,24.693456649780273,1.5003066062927246,4.5763773918151855,4.379904270172119,1.6159865856170654,2.622680425643921,6.06834077835083,0.0009780870750546455,0.3895043432712555,1.5519720315933228,0.0,0.0,0.0,0.0,5328.73681640625,323.7594299316406,607.0103759765625,1911.7015380859375,1037.7677001953125,0.0,494.32598876953125,0.028922518715262413,1.9567086696624756,94.71084594726562,0.0,0.0,0.0,283.7763671875,283.7763671875,103.27922058105469,128.67649841308594,114.98356628417969,0.0,0.0,0.0,103.27922058105469,128.67649841308594,114.98356628417969,0.0,0.0,0.0,10.39007568359375,17.81878089904785,13.813597679138184,0.0,0.0,0.0
195.0,47.67261505126953,36844.21875,3348.77001953125,19209.69140625,14285.7578125,3678.904296875,20.529911041259766,0.0,14539.8828125,0.10556051135063171,24.840930938720703,1.5149978399276733,4.5763773918151855,4.381809234619141,1.6159865856170654,2.622680425643921,6.071817874908447,0.0009780870750546455,0.3895043432712555,1.5519720315933228,0.0,0.0,0.0,0.0,5298.06884765625,323.1184387207031,601.90673828125,1880.4649658203125,858.9219360351562,0.0,453.7689208984375,0.026543403044342995,0.0,92.18714141845703,0.0,0.0,0.0,285.2955627441406,285.2955627441406,120.77702331542969,136.9152374267578,117.78811645507812,0.0,0.0,0.0,120.77702331542969,136.9152374267578,117.78811645507812,0.0,0.0,0.0,14.797368049621582,19.51779556274414,13.923111915588379,0.0,0.0,0.0
196.0,48.02778625488281,36964.7421875,3348.77001953125,19330.21484375,14285.7578125,3678.904296875,20.58489990234375,0.0,14550.4189453125,0.10785873979330063,25.150667190551758,1.5460501909255981,4.5763773918151855,4.386590003967285,1.6159865856170654,2.622680425643921,6.079122543334961,0.0009780870750546455,0.3895043432712555,1.5519720315933228,0.0,0.0,0.0,0.0,5402.17333984375,332.07989501953125,605.4701538085938,1947.64892578125,533.0095825195312,0.0,591.3524169921875,0.03457464277744293,4.4212164878845215,97.89338684082031,0.0,0.0,0.0,286.77191162109375,286.77191162109375,126.27959442138672,140.60665893554688,126.22956848144531,0.0,0.0,0.0,126.27959442138672,140.60665893554688,126.22956848144531,0.0,0.0,0.0,16.35188102722168,20.54254913330078,16.337247848510742,0.0,0.0,0.0
197.0,48.26877212524414,37003.8671875,3348.77001953125,19369.337890625,14285.7578125,3678.904296875,21.58932113647461,0.0,13909.681640625,0.10940799862146378,25.359405517578125,1.5669845342636108,4.5763773918151855,4.39143180847168,1.6159865856170654,2.622680425643921,6.08404541015625,0.0009780870750546455,0.3895043432712555,1.5519720315933228,0.0,0.0,0.0,0.0,5329.3818359375,329.3081359863281,595.9427490234375,1876.6624755859375,375.5594177246094,0.0,481.9821472167969,0.028170889243483543,0.0,92.18714141845703,0.0,0.0,0.0,288.21673583984375,288.21673583984375,110.79481506347656,136.67578125,121.17802429199219,0.0,0.0,0.0,110.79481506347656,136.67578125,121.17802429199219,0.0,0.0,0.0,10.81816291809082,18.388341903686523,13.85525131225586,0.0,0.0,0.0
198.0,48.386287689208984,37018.625,3348.77001953125,19384.099609375,14285.7578125,3678.904296875,21.867218017578125,0.0,13745.720703125,0.11011470854282379,25.4545841217041,1.5766327381134033,4.5763773918151855,4.401165962219238,1.6159865856170654,2.622680425643921,6.086291313171387,0.0009780870750546455,0.3895043432712555,1.5519720315933228,0.0,0.0,0.0,0.0,5310.65087890625,328.9366760253906,592.794921875,1850.297607421875,354.33868408203125,0.0,442.7633361816406,0.02587481029331684,0.0,89.4148941040039,0.0,0.0,0.0,289.6055603027344,289.6055603027344,106.64627838134766,118.91778564453125,123.48798370361328,0.0,0.0,0.0,106.64627838134766,118.91778564453125,123.48798370361328,0.0,0.0,0.0,9.326818466186523,12.916234016418457,14.253015518188477,0.0,0.0,0.0
199.0,48.44526672363281,37027.42578125,3348.77001953125,19392.8984375,14285.7578125,3678.904296875,22.193466186523438,0.0,13555.103515625,0.11046653985977173,25.501943588256836,1.5813084840774536,4.5763773918151855,4.406639575958252,1.6159865856170654,2.622680425643921,6.087410926818848,0.0009780870750546455,0.3895043432712555,1.5519720315933228,0.0,0.0,0.0,0.0,5278.63037109375,327.31396484375,589.3432006835938,1817.0313720703125,346.0819091796875,0.0,397.12335205078125,0.023205893114209175,0.0,83.92717742919922,0.0,0.0,0.0,290.9578552246094,290.9578552246094,99.40911865234375,130.94171142578125,128.44967651367188,0.0,0.0,0.0,99.40911865234375,130.94171142578125,128.44967651367188,0.0,0.0,0.0,6.883699893951416,16.106983184814453,15.37806510925293,0.0,0.0,0.0
200.0,48.50142288208008,37109.20703125,3348.77001953125,19474.677734375,14285.7578125,3678.904296875,21.611835479736328,0.0,13940.0341796875,0.11083050817251205,25.550785064697266,1.5860786437988281,4.5763773918151855,4.407660007476807,1.6159865856170654,2.622680425643921,6.088572025299072,0.0009780870750546455,0.3895043432712555,1.5519720315933228,0.0,0.0,0.0,0.0,5375.29541015625,333.6743469238281,596.5115356445312,1832.783447265625,277.3211975097656,0.0,520.1490478515625,0.030392488464713097,23.37026023864746,138.28070068359375,0.0,0.0,0.0,292.297119140625,292.297119140625,138.2575225830078,158.5243682861328,127.49221801757812,0.0,0.0,0.0,138.2575225830078,158.5243682861328,127.49221801757812,0.0,0.0,0.0,18.828489303588867,24.756542205810547,15.679638862609863,0.0,0.0,0.0
201.0,48.74831771850586,37327.76953125,3348.77001953125,19693.2421875,14285.7578125,3678.904296875,21.742387771606445,0.09026619791984558,13940.0341796875,0.1124432235956192,25.76677131652832,1.607648253440857,4.5763773918151855,4.4102373123168945,1.6159865856170654,2.622680425643921,6.093719005584717,0.0009780870750546455,0.3895043432712555,1.5519720315933228,0.0,0.0,0.0,0.0,5396.92724609375,336.72674560546875,594.7103881835938,517.4925537109375,283.800537109375,0.0,1804.5546875,0.18682761490345,23.37026023864746,138.28070068359375,0.0,0.0,0.0,293.6632080078125,293.6632080078125,162.92324829101562,184.90921020507812,160.84864807128906,0.0,0.0,0.0,162.92324829101562,184.90921020507812,160.84864807128906,0.0,0.0,0.0,25.822397232055664,32.253292083740234,25.215576171875,0.0,0.0,0.0
202.0,49.22572326660156,37481.4375,3348.77001953125,19846.91015625,14285.7578125,3678.904296875,21.5422420501709,0.0,14123.6884765625,0.11556088179349899,26.183767318725586,1.6494436264038086,4.5763773918151855,4.4157843589782715,1.6159865856170654,2.622680425643921,6.1036696434021,0.0009780870750546455,0.3895043432712555,1.5519720315933228,0.0,0.0,0.0,0.0,5463.56591796875,344.1767578125,593.3170776367188,514.9656372070312,357.962646484375,0.0,1782.5318603515625,0.18350353837013245,23.37026023864746,138.28070068359375,0.0,0.0,0.0,295.0644226074219,295.0644226074219,165.5752410888672,177.84225463867188,162.56846618652344,0.0,0.0,0.0,165.5752410888672,177.84225463867188,162.56846618652344,0.0,0.0,0.0,26.888517379760742,30.476619720458984,26.009035110473633,0.0,0.0,0.0
203.0,49.64976501464844,37834.64453125,3348.77001953125,20200.115234375,14285.7578125,3678.904296875,21.317472457885742,0.0,14400.4609375,0.11834736168384552,26.555728912353516,1.6866934299468994,4.5763773918151855,4.418932914733887,1.6159865856170654,2.622680425643921,6.1125640869140625,0.0009780870750546455,0.3895043432712555,1.5519720315933228,0.0,0.0,0.0,0.0,5505.38671875,349.67596435546875,590.5999145507812,1741.802001953125,623.0961303710938,0.0,431.09954833984375,0.025148700922727585,23.37026023864746,138.28070068359375,0.0,0.0,0.0,296.5107727050781,296.5107727050781,116.64698028564453,155.34913635253906,135.46945190429688,0.0,0.0,0.0,116.64698028564453,155.34913635253906,135.46945190429688,0.0,0.0,0.0,12.80176830291748,24.12215232849121,18.307342529296875,0.0,0.0,0.0
204.0,50.501407623291016,38116.97265625,3348.77001953125,20482.4453125,14285.7578125,4180.802734375,20.966249465942383,0.0,14742.451171875,0.12394754588603973,27.303028106689453,1.7616938352584839,4.5763773918151855,4.424800395965576,1.6159865856170654,2.622680425643921,6.130439758300781,0.0009780870750546455,0.3895043432712555,1.5519720315933228,0.0,0.0,0.0,0.0,5655.310546875,364.90185546875,590.7459716796875,1846.65234375,622.8817749023438,0.0,464.70684814453125,0.027076777070760727,0.0,86.97825622558594,0.0,0.0,0.0,298.00006103515625,298.00006103515625,116.42705535888672,138.90576171875,123.57266235351562,0.0,0.0,0.0,116.42705535888672,138.90576171875,123.57266235351562,0.0,0.0,0.0,13.088664054870605,19.66368293762207,15.178753852844238,0.0,0.0,0.0
205.0,51.06864547729492,38307.67578125,3348.77001953125,20571.77734375,14387.1279296875,4180.802734375,20.253475189208984,0.0,15322.037109375,0.1276787668466568,27.80086898803711,1.8116689920425415,4.5763773918151855,4.428578853607178,1.6159865856170654,2.622680425643921,6.142350196838379,0.0009780870750546455,0.3895043432712555,1.5519720315933228,0.0,0.0,0.0,0.0,5746.21630859375,374.4574279785156,589.936279296875,1807.9617919921875,1016.7510986328125,0.0,406.136474609375,0.023645242676138878,0.0,79.59178161621094,0.0,0.0,0.0,299.5269775390625,299.5269775390625,70.59247589111328,109.75411987304688,81.63064575195312,0.0,0.0,0.0,70.59247589111328,109.75411987304688,81.63064575195312,0.0,0.0,0.0,0.3948233425617218,11.849603652954102,3.623488187789917,0.0,0.0,0.0
206.0,51.34233856201172,38557.59765625,3348.77001953125,20600.04296875,14608.7861328125,4180.802734375,20.240360260009766,0.0,15431.078125,0.12947867810726166,28.041004180908203,1.8357778787612915,4.5763773918151855,4.430482864379883,1.6159865856170654,2.622680425643921,6.148095607757568,0.0009780870750546455,0.3895043432712555,1.5519720315933228,0.0,0.0,0.0,0.0,5793.87841796875,379.3114318847656,589.917724609375,1813.3709716796875,1016.6082763671875,0.0,419.4610595703125,0.02441161870956421,0.0,80.41694641113281,0.0,0.0,0.0,301.0599670410156,301.0599670410156,116.9987564086914,128.0603790283203,118.5759048461914,0.0,0.0,0.0,116.9987564086914,128.0603790283203,118.5759048461914,0.0,0.0,0.0,13.981776237487793,17.21729850769043,14.443092346191406,0.0,0.0,0.0
207.0,51.45874786376953,38609.9609375,3348.77001953125,20609.2109375,14651.98046875,4180.802734375,20.889673233032227,0.0,14987.2666015625,0.13023574650287628,28.142000198364258,1.8459360599517822,4.5763773918151855,4.432563781738281,1.6159865856170654,2.622680425643921,6.150512218475342,0.0009780870750546455,0.3895043432712555,1.5519720315933228,0.0,0.0,0.0,0.0,5751.66259765625,377.2724609375,585.3008422851562,1776.624755859375,841.8212280273438,0.0,385.6474304199219,0.022440126165747643,0.0,74.19795989990234,0.0,0.0,0.0,302.55767822265625,302.55767822265625,108.39863586425781,135.40696716308594,117.63338470458984,0.0,0.0,0.0,108.39863586425781,135.40696716308594,117.63338470458984,0.0,0.0,0.0,10.816927909851074,18.716861724853516,13.518092155456543,0.0,0.0,0.0
208.0,51.50584030151367,38614.2265625,3348.77001953125,20613.474609375,14651.98046875,4180.802734375,20.879499435424805,0.0,14998.125,0.13051961362361908,28.17986297607422,1.8497763872146606,4.5763773918151855,4.436765670776367,1.6159865856170654,2.622680425643921,6.151418209075928,0.0009780870750546455,0.3895043432712555,1.5519720315933228,0.0,0.0,0.0,0.0,5820.50537109375,382.068359375,590.0523071289062,1870.8966064453125,523.1995239257812,0.0,521.0078735351562,0.030314678326249123,0.0,90.64306640625,0.0,0.0,0.0,304.0178527832031,304.0178527832031,122.40817260742188,139.4486846923828,126.04966735839844,0.0,0.0,0.0,122.40817260742188,139.4486846923828,126.04966735839844,0.0,0.0,0.0,14.924890518188477,19.90924072265625,15.990028381347656,0.0,0.0,0.0
209.0,51.52777862548828,38617.2578125,3348.77001953125,20616.505859375,14651.98046875,4180.802734375,21.877620697021484,0.0,14337.67578125,0.13063794374465942,28.195648193359375,1.8513529300689697,4.5763773918151855,4.440845012664795,1.6159865856170654,2.622680425643921,6.151795864105225,0.0009780870750546455,0.3895043432712555,1.5519720315933228,0.0,0.0,0.0,0.0,5719.44189453125,375.5439758300781,582.2728271484375,1797.1883544921875,369.3652038574219,0.0,428.8471374511719,0.02495170384645462,0.0,79.42153930664062,0.0,0.0,0.0,305.4505615234375,305.4505615234375,100.61871337890625,133.73406982421875,119.00961303710938,0.0,0.0,0.0,100.61871337890625,133.73406982421875,119.00961303710938,0.0,0.0,0.0,7.553353309631348,17.23959732055664,12.932692527770996,0.0,0.0,0.0
210.0,51.53791809082031,38620.6015625,3348.77001953125,20619.849609375,14651.98046875,4180.802734375,22.152433395385742,0.0,14168.6708984375,0.13066889345645905,28.19977378845215,1.8517743349075317,4.5763773918151855,4.446304798126221,1.6159865856170654,2.622680425643921,6.151894569396973,0.0009780870750546455,0.3895043432712555,1.5519720315933228,0.0,0.0,0.0,0.0,5689.24365234375,373.59149169921875,579.918212890625,1772.6024169921875,348.8121337890625,0.0,397.81005859375,0.02314571663737297,0.0,74.88621520996094,0.0,0.0,0.0,306.8309326171875,306.8309326171875,84.45995330810547,122.5148696899414,118.56797790527344,0.0,0.0,0.0,84.45995330810547,122.5148696899414,118.56797790527344,0.0,0.0,0.0,2.55210280418396,13.683167457580566,12.528700828552246,0.0,0.0,0.0
211.0,51.55088806152344,38625.79296875,3348.77001953125,20625.041015625,14651.98046875,4180.802734375,22.480791091918945,0.0,13972.19140625,0.13072757422924042,28.20755386352539,1.852461576461792,4.5763773918151855,4.450565814971924,1.6159865856170654,2.622680425643921,6.15208101272583,0.0009780870750546455,0.3895043432712555,1.5519720315933228,0.0,0.0,0.0,0.0,5651.38818359375,371.1410217285156,576.9298706054688,1734.9554443359375,340.85693359375,0.0,358.1499938964844,0.020837901160120964,0.0,69.75308990478516,0.0,0.0,0.0,308.1785583496094,308.1785583496094,102.77102661132812,121.70372009277344,104.6406021118164,0.0,0.0,0.0,102.77102661132812,121.70372009277344,104.6406021118164,0.0,0.0,0.0,7.5797343254089355,13.117547035217285,8.126585960388184,0.0,0.0,0.0
212.0,51.65443801879883,38890.5546875,3348.77001953125,20889.802734375,14651.98046875,4180.802734375,21.992441177368164,0.0,14368.958984375,0.13136368989944458,28.291316986083984,1.8606985807418823,4.584334373474121,4.451505661010742,1.6159865856170654,2.622680425643921,6.154099464416504,0.0009780870750546455,0.3895043432712555,1.5519720315933228,0.0,0.0,0.0,0.0,5753.47119140625,378.4014587402344,584.3583984375,1826.3309326171875,272.9306945800781,0.0,469.8233642578125,0.027331558987498283,0.0,83.7752914428711,0.0,0.0,0.0,309.50946044921875,309.50946044921875,127.47100067138672,142.94468688964844,124.34747314453125,0.0,0.0,0.0,127.47100067138672,142.94468688964844,124.34747314453125,0.0,0.0,0.0,15.292828559875488,19.81888198852539,14.379194259643555,0.0,0.0,0.0
213.0,52.3739128112793,39603.54296875,3581.070068359375,21370.4921875,14651.98046875,4180.802734375,22.39885902404785,0.0,14368.958984375,0.135740727186203,28.867103576660156,1.9184340238571167,4.646842002868652,4.456686973571777,1.6159865856170654,2.622680425643921,6.167985916137695,0.0009780870750546455,0.3895043432712555,1.5519720315933228,0.0,0.0,0.0,0.0,5811.83544921875,386.2397766113281,587.9959716796875,1726.215576171875,278.5744934082031,0.0,436.3011474609375,0.02535785362124443,14.296768188476562,126.28459930419922,0.0,0.0,0.0,310.8591613769531,310.8591613769531,146.89053344726562,162.63812255859375,125.72591400146484,0.0,0.0,0.0,146.89053344726562,162.63812255859375,125.72591400146484,0.0,0.0,0.0,20.566619873046875,25.172788619995117,14.375968933105469,0.0,0.0,0.0
214.0,53.351112365722656,39873.921875,3581.070068359375,21640.869140625,14651.98046875,4180.802734375,22.25214958190918,0.0,14558.265625,0.14175643026828766,29.657270431518555,1.9983397722244263,4.721543312072754,4.464009761810303,1.6159865856170654,2.622680425643921,6.187071323394775,0.0009780870750546455,0.3895043432712555,1.5519720315933228,0.0,0.0,0.0,0.0,5918.5068359375,398.7955627441406,593.6697998046875,1658.0582275390625,350.55419921875,0.0,419.8713073730469,0.02437184937298298,20.26972770690918,134.15817260742188,0.0,0.0,0.0,312.233154296875,312.233154296875,123.15725708007812,161.68357849121094,141.41334533691406,0.0,0.0,0.0,123.15725708007812,161.68357849121094,141.41334533691406,0.0,0.0,0.0,13.771347999572754,25.04029655456543,19.11125373840332,0.0,0.0,0.0
215.0,54.07699203491211,40322.19921875,3581.070068359375,22089.1484375,14651.98046875,4180.802734375,22.059112548828125,0.0,14843.5595703125,0.14641298353672028,30.267301559448242,2.0601234436035156,4.7526936531066895,4.467495441436768,1.6159865856170654,2.622680425643921,6.201844692230225,0.0009780870750546455,0.3895043432712555,1.5519720315933228,0.0,0.0,0.0,0.0,5991.3515625,407.7973327636719,594.094482421875,1595.1024169921875,609.7877197265625,0.0,344.6739501953125,0.01998719573020935,14.841691017150879,126.9874267578125,0.0,0.0,0.0,313.65264892578125,313.65264892578125,139.3334503173828,155.80892944335938,139.47772216796875,0.0,0.0,0.0,139.3334503173828,155.80892944335938,139.47772216796875,0.0,0.0,0.0,18.695919036865234,23.514999389648438,18.73811912536621,0.0,0.0,0.0
216.0,55.19043731689453,40667.109375,3581.070068359375,22434.056640625,14651.98046875,4180.802734375,21.73859977722168,0.0,15182.51953125,0.15317560732364655,31.152820587158203,2.1488826274871826,4.8592000007629395,4.47193717956543,1.6159865856170654,2.622680425643921,6.223299503326416,0.0009780870750546455,0.3895043432712555,1.5519720315933228,0.0,0.0,0.0,0.0,6151.90771484375,424.3509216308594,606.3646850585938,1680.7491455078125,609.1298217773438,0.0,373.9353942871094,0.02165309153497219,0.0,65.04927062988281,0.0,0.0,0.0,315.1170959472656,315.1170959472656,117.48915100097656,134.7230682373047,117.615966796875,0.0,0.0,0.0,117.48915100097656,134.7230682373047,117.615966796875,0.0,0.0,0.0,12.626976013183594,17.667898178100586,12.664069175720215,0.0,0.0,0.0
217.0,55.968971252441406,40966.24609375,3581.070068359375,22635.63671875,14749.5390625,4180.802734375,21.047903060913086,0.0,15779.4052734375,0.15741460025310516,31.707778930664062,2.2043709754943848,5.006978511810303,4.4745588302612305,1.6159865856170654,2.622680425643921,6.236748218536377,0.0009780870750546455,0.3895043432712555,1.5519720315933228,0.0,0.0,0.0,0.0,6251.42919921875,434.60845947265625,623.7178955078125,1617.81787109375,994.3988037109375,0.0,328.6097106933594,0.019011469557881355,0.0,61.458091735839844,0.0,0.0,0.0,316.6159973144531,316.6159973144531,83.06622314453125,111.09268188476562,89.44031524658203,0.0,0.0,0.0,83.06622314453125,111.09268188476562,89.44031524658203,0.0,0.0,0.0,3.2489662170410156,11.446707725524902,5.113388538360596,0.0,0.0,0.0
218.0,56.470069885253906,41271.75390625,3581.070068359375,22716.28125,14974.4033203125,4180.802734375,21.05350685119629,0.0,15891.7041015625,0.15948332846164703,31.978567123413086,2.231715440750122,5.199913024902344,4.475958824157715,1.6159865856170654,2.622680425643921,6.243310928344727,0.0009780870750546455,0.3895043432712555,1.5519720315933228,0.0,0.0,0.0,0.0,6296.40673828125,439.4126892089844,646.4093627929688,1613.0968017578125,993.725830078125,0.0,335.6684265136719,0.01941138133406639,0.0,61.458091735839844,0.0,0.0,0.0,318.1203918457031,318.1203918457031,112.36299896240234,130.089111328125,109.1457748413086,0.0,0.0,0.0,112.36299896240234,130.089111328125,109.1457748413086,0.0,0.0,0.0,11.812671661376953,16.99755859375,10.87163257598877,0.0,0.0,0.0
219.0,56.824581146240234,41505.796875,3581.070068359375,22906.52734375,15018.197265625,4180.802734375,21.822856903076172,0.0,15434.650390625,0.1603938341140747,32.09773254394531,2.243880271911621,5.417023181915283,4.478231430053711,1.6159865856170654,2.622680425643921,6.246199607849121,0.0009780870750546455,0.3895043432712555,1.5519720315933228,0.0,0.0,0.0,0.0,6237.2578125,436.0326843261719,666.5781860351562,1553.1478271484375,821.8134765625,0.0,300.5538330078125,0.017377404496073723,0.0,61.458091735839844,0.0,0.0,0.0,319.5960388183594,319.5960388183594,122.61172485351562,133.367431640625,115.6003189086914,0.0,0.0,0.0,122.61172485351562,133.367431640625,115.6003189086914,0.0,0.0,0.0,14.041071891784668,17.187118530273438,11.990236282348633,0.0,0.0,0.0
220.0,57.21380615234375,41598.0703125,3581.070068359375,22998.802734375,15018.197265625,4180.802734375,21.858163833618164,0.0,15445.8310546875,0.16125059127807617,32.209842681884766,2.2556474208831787,5.671131610870361,4.484307289123535,1.6159865856170654,2.622680425643921,6.25050687789917,0.0009780870750546455,0.3895043432712555,1.5519720315933228,0.0,0.0,0.0,0.0,6309.29052734375,441.83807373046875,700.1470336914062,1651.1436767578125,510.2679138183594,0.0,402.1666259765625,0.02324579656124115,0.0,68.07176971435547,0.0,0.0,0.0,321.0381164550781,321.0381164550781,127.91600036621094,140.7560272216797,121.09534454345703,0.0,0.0,0.0,127.91600036621094,140.7560272216797,121.09534454345703,0.0,0.0,0.0,15.557265281677246,19.312973022460938,13.562224388122559,0.0,0.0,0.0
221.0,57.43804931640625,41631.59765625,3581.070068359375,23032.328125,15018.197265625,4180.802734375,22.920467376708984,0.0,14765.66015625,0.1616915464401245,32.267539978027344,2.2617290019989014,5.818923473358154,4.490294456481934,1.6159865856170654,2.622680425643921,6.25675106048584,0.0009780870750546455,0.3895043432712555,1.5519720315933228,0.0,0.0,0.0,0.0,6192.06982421875,434.02081298828125,707.89794921875,1547.7210693359375,359.7264404296875,0.0,320.46759033203125,0.0185158159583807,0.0,61.458091735839844,0.0,0.0,0.0,322.4576110839844,322.4576110839844,107.56884002685547,135.88125610351562,118.69058227539062,0.0,0.0,0.0,107.56884002685547,135.88125610351562,118.69058227539062,0.0,0.0,0.0,8.543418884277344,16.824800491333008,11.796527862548828,0.0,0.0,0.0
222.0,57.547096252441406,41645.85546875,3581.070068359375,23046.5859375,15018.197265625,4180.802734375,23.21442413330078,0.0,14591.6201171875,0.16187791526317596,32.29192352294922,2.264309883117676,5.886617183685303,4.500485420227051,1.6159865856170654,2.622680425643921,6.2607598304748535,0.0009780870750546455,0.3895043432712555,1.5519720315933228,0.0,0.0,0.0,0.0,6156.68017578125,431.7064514160156,712.7946166992188,1511.651123046875,339.497802734375,0.0,290.9712219238281,0.016807150095701218,0.0,61.458091735839844,0.0,0.0,0.0,323.8315734863281,323.8315734863281,106.39115905761719,125.50654602050781,123.03717041015625,0.0,0.0,0.0,106.39115905761719,125.50654602050781,123.03717041015625,0.0,0.0,0.0,7.904989242553711,13.496240615844727,12.773946762084961,0.0,0.0,0.0
223.0,57.6026496887207,41654.3515625,3581.070068359375,23055.083984375,15018.197265625,4180.802734375,23.560365676879883,0.0,14389.26953125,0.16196341812610626,32.30311584472656,2.265456199645996,5.9192891120910645,4.508645057678223,1.6159865856170654,2.622680425643921,6.263060569763184,0.0009780870750546455,0.3895043432712555,1.5519720315933228,0.0,0.0,0.0,0.0,6111.15087890625,428.58233642578125,713.0741577148438,1458.8189697265625,331.5607604980469,0.0,256.89080810546875,0.014836317859590054,0.0,67.03458404541016,0.0,0.0,0.0,325.1822509765625,325.1822509765625,102.46556854248047,124.09931945800781,123.41279602050781,0.0,0.0,0.0,102.46556854248047,124.09931945800781,123.41279602050781,0.0,0.0,0.0,6.410813331604004,12.738685607910156,12.537877082824707,0.0,0.0,0.0
224.0,57.629188537597656,41657.0390625,3581.070068359375,23057.7734375,15018.197265625,4180.802734375,22.892518997192383,0.0,14797.8837890625,0.1619984358549118,32.30769729614258,2.2659153938293457,5.933131694793701,4.51298189163208,1.6159865856170654,2.622680425643921,6.26634407043457,0.0009780870750546455,0.3895043432712555,1.5519720315933228,0.0,0.0,0.0,0.0,6219.19189453125,436.1859130859375,722.479248046875,1585.852783203125,265.9147033691406,0.0,349.91497802734375,0.020204368978738785,0.0,61.458091735839844,0.0,0.0,0.0,326.52520751953125,326.52520751953125,111.64468383789062,111.48727416992188,128.9697265625,0.0,0.0,0.0,111.64468383789062,111.48727416992188,128.9697265625,0.0,0.0,0.0,9.763551712036133,9.717508316040039,14.83112621307373,0.0,0.0,0.0
225.0,57.641761779785156,41661.6328125,3581.070068359375,23062.365234375,15018.197265625,4180.802734375,22.89825439453125,0.0,14797.8837890625,0.16200809180736542,32.308963775634766,2.2660412788391113,5.938000202178955,4.5143890380859375,1.6159865856170654,2.622680425643921,6.271236896514893,0.0009780870750546455,0.3895043432712555,1.5519720315933228,0.0,0.0,0.0,0.0,6217.13818359375,436.0490417480469,722.8419799804688,1576.779296875,272.6477355957031,0.0,346.9498596191406,0.02002662792801857,0.0,67.23937225341797,0.0,0.0,0.0,327.8775939941406,327.8775939941406,106.84264373779297,132.90797424316406,116.5261459350586,0.0,0.0,0.0,106.84264373779297,132.90797424316406,116.5261459350586,0.0,0.0,0.0,8.353218078613281,15.977328300476074,11.185643196105957,0.0,0.0,0.0
226.0,57.656158447265625,41667.140625,3581.070068359375,23067.875,15018.197265625,4180.802734375,22.59661865234375,0.0,14992.8427734375,0.16201482713222504,32.309844970703125,2.2661240100860596,5.9428887367248535,4.515446186065674,1.6159865856170654,2.622680425643921,6.278717994689941,0.0009780870750546455,0.3895043432712555,1.5519720315933228,0.0,0.0,0.0,0.0,6244.6337890625,437.9814758300781,725.4857788085938,1540.031982421875,345.23944091796875,0.0,357.00439453125,0.020596733316779137,11.68513011932373,107.5516586303711,0.0,0.0,0.0,329.2290954589844,329.2290954589844,125.71746826171875,148.21926879882812,95.8816146850586,0.0,0.0,0.0,125.71746826171875,148.21926879882812,95.8816146850586,0.0,0.0,0.0,14.175740242004395,20.757518768310547,5.448753356933594,0.0,0.0,0.0
227.0,57.6697883605957,41675.8828125,3581.070068359375,23076.615234375,15018.197265625,4180.802734375,22.155675888061523,0.0,15286.6494140625,0.16201642155647278,32.310054779052734,2.266143321990967,5.9514970779418945,4.515702724456787,1.6159865856170654,2.622680425643921,6.283252239227295,0.0009780870750546455,0.3895043432712555,1.5519720315933228,0.0,0.0,0.0,0.0,6252.50390625,438.5343933105469,727.31396484375,1504.299072265625,603.06884765625,0.0,321.1843566894531,0.018524562940001488,11.68513011932373,107.5516586303711,0.0,0.0,0.0,330.6049499511719,330.6049499511719,102.6796646118164,149.32180786132812,114.61333465576172,0.0,0.0,0.0,102.6796646118164,149.32180786132812,114.61333465576172,0.0,0.0,0.0,7.87812614440918,21.520954132080078,11.368724822998047,0.0,0.0,0.0
228.0,57.73408126831055,41746.32421875,3581.070068359375,23147.05859375,15018.197265625,4180.802734375,21.703420639038086,0.0,15622.5888671875,0.1620178371667862,32.310237884521484,2.266159772872925,6.009759902954102,4.51593542098999,1.6159865856170654,2.622680425643921,6.288849353790283,0.0009780870750546455,0.3895043432712555,1.5519720315933228,0.0,0.0,0.0,0.0,6322.81396484375,443.4664611816406,739.5668334960938,1631.7010498046875,606.3775024414062,0.0,380.7326965332031,0.0219508595764637,0.0,66.35069274902344,0.0,0.0,0.0,332.015625,332.015625,115.63027954101562,124.33213806152344,93.40257263183594,0.0,0.0,0.0,115.63027954101562,124.33213806152344,93.40257263183594,0.0,0.0,0.0,12.118436813354492,14.663729667663574,5.6168317794799805,0.0,0.0,0.0
229.0,57.92268753051758,41969.9453125,3581.070068359375,23276.923828125,15111.9501953125,4180.802734375,20.971296310424805,0.0,16236.7822265625,0.1620205044746399,32.31058883666992,2.2661936283111572,6.186219215393066,4.516378402709961,1.6159865856170654,2.622680425643921,6.30016565322876,0.0009780870750546455,0.3895043432712555,1.5519720315933228,0.0,0.0,0.0,0.0,6366.69384765625,446.5458679199219,764.1400146484375,1611.30712890625,993.9454345703125,0.0,356.6435546875,0.020546618849039078,0.0,64.00594329833984,0.0,0.0,0.0,333.4523620605469,333.4523620605469,94.93378448486328,117.44911193847656,108.36357116699219,0.0,0.0,0.0,94.93378448486328,117.44911193847656,108.36357116699219,0.0,0.0,0.0,6.796834945678711,13.382568359375,10.72504711151123,0.0,0.0,0.0
230.0,58.1630744934082,42256.60546875,3581.070068359375,23335.51171875,15340.0224609375,4180.802734375,20.963523864746094,0.0,16352.3310546875,0.16202259063720703,32.31086349487305,2.2662198543548584,6.416581630706787,4.517097473144531,1.6159865856170654,2.622680425643921,6.309171676635742,0.0009780870750546455,0.3895043432712555,1.5519720315933228,0.0,0.0,0.0,0.0,6381.11669921875,447.55889892578125,792.7935180664062,1623.6331787109375,994.9195556640625,0.0,372.55633544921875,0.021450599655508995,0.0,67.08380889892578,0.0,0.0,0.0,334.9024353027344,334.9024353027344,109.2457275390625,133.04486083984375,117.99199676513672,0.0,0.0,0.0,109.2457275390625,133.04486083984375,117.99199676513672,0.0,0.0,0.0,10.990851402282715,17.952098846435547,13.5491361618042,0.0,0.0,0.0
231.0,58.40507888793945,42475.62890625,3581.070068359375,23510.142578125,15384.4150390625,4180.802734375,21.719356536865234,0.0,15882.0244140625,0.1620236337184906,32.31100082397461,2.266233444213867,6.649299621582031,4.521581649780273,1.6159865856170654,2.622680425643921,6.313819408416748,0.0009780870750546455,0.3895043432712555,1.5519720315933228,0.0,0.0,0.0,0.0,6312.29736328125,442.7327880859375,814.0752563476562,1567.8226318359375,823.8847045898438,0.0,338.1721496582031,0.019464896991848946,0.0,62.45418167114258,0.0,0.0,0.0,336.33831787109375,336.33831787109375,124.4863510131836,137.6399688720703,112.44793701171875,0.0,0.0,0.0,124.4863510131836,137.6399688720703,112.44793701171875,0.0,0.0,0.0,14.692900657653809,18.540334701538086,11.17166519165039,0.0,0.0,0.0
232.0,58.74123764038086,42563.7734375,3581.070068359375,23598.287109375,15384.4150390625,4180.802734375,21.751115798950195,0.0,15893.5380859375,0.1620248705148697,32.311161041259766,2.266249179840088,6.96840763092041,4.532977104187012,1.6159865856170654,2.622680425643921,6.319295406341553,0.0009780870750546455,0.3895043432712555,1.5519720315933228,0.0,0.0,0.0,0.0,6361.2099609375,446.164306640625,856.38330078125,1667.0838623046875,511.25372314453125,0.0,448.8562316894531,0.02582644298672676,0.0,76.82261657714844,0.0,0.0,0.0,337.7527160644531,337.7527160644531,128.3420867919922,141.6203155517578,116.7948989868164,0.0,0.0,0.0,128.3420867919922,141.6203155517578,116.7948989868164,0.0,0.0,0.0,15.788941383361816,19.672828674316406,12.411392211914062,0.0,0.0,0.0
233.0,58.94419479370117,42594.06640625,3581.070068359375,23628.58203125,15384.4150390625,4180.802734375,22.806703567504883,0.0,15193.654296875,0.1620255410671234,32.311248779296875,2.2662575244903564,7.15800666809082,4.543217658996582,1.6159865856170654,2.622680425643921,6.322317600250244,0.0009780870750546455,0.3895043432712555,1.5519720315933228,0.0,0.0,0.0,0.0,6243.2236328125,437.889404296875,866.3872680664062,1563.888671875,360.8302307128906,0.0,356.8212890625,0.020526809617877007,0.0,65.91248321533203,0.0,0.0,0.0,339.1520080566406,339.1520080566406,99.7806396484375,137.03187561035156,114.24260711669922,0.0,0.0,0.0,99.7806396484375,137.03187561035156,114.24260711669922,0.0,0.0,0.0,6.379133701324463,17.27511978149414,10.609257698059082,0.0,0.0,0.0
234.0,59.04039001464844,42606.4296875,3581.070068359375,23640.943359375,15384.4150390625,4180.802734375,23.098098754882812,0.0,15014.5595703125,0.1620258092880249,32.311283111572266,2.266260862350464,7.239691257476807,4.556346416473389,1.6159865856170654,2.622680425643921,6.323662281036377,0.0009780870750546455,0.3895043432712555,1.5519720315933228,0.0,0.0,0.0,0.0,6202.41650390625,435.0274353027344,869.9625244140625,1531.6650390625,340.3759460449219,0.0,331.85614013671875,0.019088955596089363,0.0,61.65643310546875,0.0,0.0,0.0,340.51239013671875,340.51239013671875,108.14607238769531,128.268798828125,125.15990447998047,0.0,0.0,0.0,108.14607238769531,128.268798828125,125.15990447998047,0.0,0.0,0.0,8.534626960754395,14.420525550842285,13.511175155639648,0.0,0.0,0.0
235.0,59.09101867675781,42615.06640625,3581.070068359375,23649.580078125,15384.4150390625,4180.802734375,23.442419052124023,0.0,14806.3388671875,0.16202592849731445,32.31129837036133,2.2662625312805176,7.278050899505615,4.566243648529053,1.6159865856170654,2.622680425643921,6.326014995574951,0.0009780870750546455,0.3895043432712555,1.5519720315933228,0.0,0.0,0.0,0.0,6152.05712890625,431.4953918457031,867.5554809570312,1487.0037841796875,332.18707275390625,0.0,299.6117248535156,0.017231527715921402,0.0,61.458091735839844,0.0,0.0,0.0,341.8524475097656,341.8524475097656,101.72325134277344,117.86369323730469,115.1551513671875,0.0,0.0,0.0,101.72325134277344,117.86369323730469,115.1551513671875,0.0,0.0,0.0,6.31163215637207,11.032710075378418,10.240462303161621,0.0,0.0,0.0
236.0,59.11707305908203,42620.3984375,3581.070068359375,23654.9140625,15384.4150390625,4180.802734375,22.77869415283203,0.0,15226.7998046875,0.16202595829963684,32.311302185058594,2.2662627696990967,7.297850608825684,4.56925630569458,1.6159865856170654,2.622680425643921,6.329254150390625,0.0009780870750546455,0.3895043432712555,1.5519720315933228,0.0,0.0,0.0,0.0,6261.8505859375,439.1961364746094,884.97900390625,1602.5028076171875,266.68829345703125,0.0,387.35223388671875,0.022272920235991478,0.0,70.67462158203125,0.0,0.0,0.0,343.1855773925781,343.1855773925781,109.4742431640625,118.07294464111328,124.34375,0.0,0.0,0.0,109.4742431640625,118.07294464111328,124.34375,0.0,0.0,0.0,9.242523193359375,11.757643699645996,13.591853141784668,0.0,0.0,0.0
237.0,59.161895751953125,42666.81640625,3581.070068359375,23701.330078125,15384.4150390625,4180.802734375,22.806594848632812,0.0,15226.7998046875,0.16202597320079803,32.31130599975586,2.266263008117676,7.334383487701416,4.571197509765625,1.6159865856170654,2.622680425643921,6.335599899291992,0.0009780870750546455,0.3895043432712555,1.5519720315933228,0.0,0.0,0.0,0.0,6258.60107421875,438.9682312011719,888.5985717773438,1592.3150634765625,273.4059143066406,0.0,383.1875915527344,0.02202416956424713,0.0,76.82261657714844,0.0,0.0,0.0,344.5303649902344,344.5303649902344,121.36105346679688,131.96388244628906,121.7666244506836,0.0,0.0,0.0,121.36105346679688,131.96388244628906,121.7666244506836,0.0,0.0,0.0,12.691514015197754,15.792841911315918,12.810141563415527,0.0,0.0,0.0
238.0,59.24742889404297,42690.87890625,3581.070068359375,23725.39453125,15384.4150390625,4180.802734375,22.515567779541016,0.0,15427.4111328125,0.16202598810195923,32.31130599975586,2.266263246536255,7.401200771331787,4.574318885803223,1.6159865856170654,2.622680425643921,6.35119104385376,0.0009780870750546455,0.3895043432712555,1.5519720315933228,0.0,0.0,0.0,0.0,6283.099609375,440.6865234375,899.1295166015625,1558.5169677734375,346.1078186035156,0.0,394.01483154296875,0.022623220458626747,11.68513011932373,112.43803405761719,0.0,0.0,0.0,345.8782043457031,345.8782043457031,120.14478302001953,149.11416625976562,94.6536636352539,0.0,0.0,0.0,120.14478302001953,149.11416625976562,94.6536636352539,0.0,0.0,0.0,12.626781463623047,21.100324630737305,5.170628070831299,0.0,0.0,0.0
239.0,59.3021125793457,42704.76953125,3581.070068359375,23739.283203125,15384.4150390625,4180.802734375,22.078344345092773,0.0,15729.7392578125,0.16202600300312042,32.311309814453125,2.266263484954834,7.442251682281494,4.575629234313965,1.6159865856170654,2.622680425643921,6.363513469696045,0.0009780870750546455,0.3895043432712555,1.5519720315933228,0.0,0.0,0.0,0.0,6291.83740234375,441.2994079589844,903.2744140625,1527.1605224609375,604.5028076171875,0.0,359.66082763671875,0.02063395269215107,11.68513011932373,108.53093719482422,0.0,0.0,0.0,347.2487487792969,347.2487487792969,105.56167602539062,143.08229064941406,121.86772918701172,0.0,0.0,0.0,105.56167602539062,143.08229064941406,121.86772918701172,0.0,0.0,0.0,8.798444747924805,19.77322769165039,13.567965507507324,0.0,0.0,0.0
240.0,59.36423873901367,42747.6015625,3581.070068359375,23782.115234375,15384.4150390625,4357.7470703125,21.630142211914062,0.0,16062.6572265625,0.16202600300312042,32.311309814453125,2.266263484954834,7.497041702270508,4.576993465423584,1.6159865856170654,2.622680425643921,6.36948299407959,0.0009780870750546455,0.3895043432712555,1.5519720315933228,0.0,0.0,0.0,0.0,6356.42529296875,445.8294677734375,917.9038696289062,1645.5465087890625,607.5797119140625,0.0,421.18145751953125,0.024153852835297585,0.0,76.32283020019531,0.0,0.0,0.0,348.65435791015625,348.65435791015625,93.88282012939453,122.74920654296875,101.68777465820312,0.0,0.0,0.0,93.88282012939453,122.74920654296875,101.68777465820312,0.0,0.0,0.0,5.8305816650390625,14.27400016784668,8.113531112670898,0.0,0.0,0.0
241.0,59.513267517089844,42957.15625,3581.070068359375,23901.7265625,15474.359375,4357.7470703125,20.890399932861328,0.0,16694.150390625,0.16202601790428162,32.311309814453125,2.266263484954834,7.635561943054199,4.579370021820068,1.6159865856170654,2.622680425643921,6.377613544464111,0.0009780870750546455,0.3895043432712555,1.5519720315933228,0.0,0.0,0.0,0.0,6403.37744140625,449.12261962890625,939.1614379882812,1634.7047119140625,996.1612548828125,0.0,397.8010559082031,0.02280079945921898,0.0,74.38722229003906,0.0,0.0,0.0,350.0895690917969,350.0895690917969,106.18561553955078,123.42247009277344,111.61577606201172,0.0,0.0,0.0,106.18561553955078,123.42247009277344,111.61577606201172,0.0,0.0,0.0,10.168891906738281,15.210671424865723,11.757214546203613,0.0,0.0,0.0
242.0,59.7314567565918,43244.234375,3581.070068359375,23957.52734375,15705.6396484375,4357.7470703125,20.87943458557129,0.0,16812.95703125,0.16202601790428162,32.311309814453125,2.266263484954834,7.844045162200928,4.581666469573975,1.6159865856170654,2.622680425643921,6.38502311706543,0.0009780870750546455,0.3895043432712555,1.5519720315933228,0.0,0.0,0.0,0.0,6418.74951171875,450.2008056640625,965.3070678710938,1647.3033447265625,997.1869506835938,0.0,417.71392822265625,0.023930462077260017,0.0,76.82261657714844,0.0,0.0,0.0,351.5462341308594,351.5462341308594,108.50370788574219,130.912353515625,116.63604736328125,0.0,0.0,0.0,108.50370788574219,130.912353515625,116.63604736328125,0.0,0.0,0.0,10.85789966583252,17.412429809570312,13.236610412597656,0.0,0.0,0.0
243.0,59.95683670043945,43451.171875,3581.070068359375,24119.470703125,15750.6318359375,4357.7470703125,21.62403678894043,0.0,16329.4072265625,0.16202601790428162,32.311309814453125,2.266263484954834,8.063695907592773,4.583412170410156,1.6159865856170654,2.622680425643921,6.3890061378479,0.0009780870750546455,0.3895043432712555,1.5519720315933228,0.0,0.0,0.0,0.0,6344.4482421875,444.9894104003906,979.3125,1597.2962646484375,824.8128662109375,0.0,382.6682434082031,0.021916978061199188,0.0,72.60551452636719,0.0,0.0,0.0,352.9902038574219,352.9902038574219,125.20331573486328,134.89251708984375,126.76187896728516,0.0,0.0,0.0,125.20331573486328,134.89251708984375,126.76187896728516,0.0,0.0,0.0,14.997932434082031,17.8320255279541,15.453812599182129,0.0,0.0,0.0
244.0,60.26475524902344,43530.125,3581.070068359375,24198.421875,15750.6318359375,4357.7470703125,21.650022506713867,0.0,16341.2353515625,0.16202601790428162,32.311309814453125,2.266263484954834,8.36003589630127,4.58933687210083,1.6159865856170654,2.622680425643921,6.394659042358398,0.0009780870750546455,0.3895043432712555,1.5519720315933228,0.0,0.0,0.0,0.0,6398.2197265625,448.7608642578125,1023.0938720703125,1678.7030029296875,512.3383178710938,0.0,504.962890625,0.028910549357533455,0.0,86.59087371826172,0.0,0.0,0.0,354.41363525390625,354.41363525390625,124.77952575683594,139.09764099121094,118.58065795898438,0.0,0.0,0.0,124.77952575683594,139.09764099121094,118.58065795898438,0.0,0.0,0.0,14.847989082336426,19.036039352416992,13.034820556640625,0.0,0.0,0.0
245.0,60.44965744018555,43559.1171875,3581.070068359375,24227.416015625,15750.6318359375,4357.7470703125,22.700326919555664,0.0,15621.638671875,0.16202601790428162,32.311309814453125,2.266263484954834,8.533052444458008,4.595547199249268,1.6159865856170654,2.622680425643921,6.400337219238281,0.0009780870750546455,0.3895043432712555,1.5519720315933228,0.0,0.0,0.0,0.0,6270.76708984375,439.8215637207031,1021.9109497070312,1585.4459228515625,360.9158935546875,0.0,406.2920837402344,0.023252686485648155,0.0,81.40658569335938,0.0,0.0,0.0,355.82342529296875,355.82342529296875,118.43161010742188,137.19509887695312,125.1455078125,0.0,0.0,0.0,118.43161010742188,137.19509887695312,125.1455078125,0.0,0.0,0.0,11.940919876098633,17.42923927307129,13.90473461151123,0.0,0.0,0.0
246.0,60.54056930541992,43571.640625,3581.070068359375,24239.94140625,15750.6318359375,4357.7470703125,22.990442276000977,0.0,15437.5,0.16202601790428162,32.311309814453125,2.266263484954834,8.610116004943848,4.606122016906738,1.6159865856170654,2.622680425643921,6.403607368469238,0.0009780870750546455,0.3895043432712555,1.5519720315933228,0.0,0.0,0.0,0.0,6232.55712890625,437.1415710449219,1023.9176025390625,1558.4127197265625,340.57952880859375,0.0,377.0325012207031,0.021573485806584358,0.0,71.51553344726562,0.0,0.0,0.0,357.1968994140625,357.1968994140625,110.97227478027344,133.0148468017578,121.59010314941406,0.0,0.0,0.0,110.97227478027344,133.0148468017578,121.59010314941406,0.0,0.0,0.0,9.468949317932129,15.916399002075195,12.574662208557129,0.0,0.0,0.0
247.0,60.58895492553711,43579.85546875,3581.070068359375,24248.15234375,15750.6318359375,4357.7470703125,23.33301544189453,0.0,15223.41796875,0.16202601790428162,32.311309814453125,2.266263723373413,8.647228240966797,4.614629745483398,1.6159865856170654,2.622680425643921,6.406373977661133,0.0009780870750546455,0.3895043432712555,1.5519720315933228,0.0,0.0,0.0,0.0,6187.1630859375,433.95770263671875,1020.1947021484375,1511.69091796875,332.6055908203125,0.0,344.1435546875,0.01968802511692047,0.0,65.84354400634766,0.0,0.0,0.0,358.55462646484375,358.55462646484375,104.80059051513672,125.06546783447266,117.94122314453125,0.0,0.0,0.0,104.80059051513672,125.06546783447266,117.94122314453125,0.0,0.0,0.0,7.321156978607178,13.24863338470459,11.164791107177734,0.0,0.0,0.0
248.0,60.61342239379883,43583.8515625,3581.070068359375,24252.1484375,15750.6318359375,4357.7470703125,22.67112922668457,0.0,15655.724609375,0.16202601790428162,32.311309814453125,2.266263723373413,8.662211418151855,4.618931770324707,1.6159865856170654,2.622680425643921,6.411559104919434,0.0009780870750546455,0.3895043432712555,1.5519720315933228,0.0,0.0,0.0,0.0,6290.17919921875,441.1830749511719,1039.7105712890625,1626.3719482421875,266.7777099609375,0.0,442.5005187988281,0.02530631050467491,0.0,78.7082290649414,0.0,0.0,0.0,359.9101257324219,359.9101257324219,125.41561889648438,115.60116577148438,109.83441162109375,0.0,0.0,0.0,125.41561889648438,115.60116577148438,109.83441162109375,0.0,0.0,0.0,14.012937545776367,11.142210960388184,9.455434799194336,0.0,0.0,0.0
249.0,60.62841033935547,43589.93359375,3581.070068359375,24258.234375,15750.6318359375,4357.7470703125,22.67734718322754,0.0,15655.724609375,0.16202601790428162,32.311309814453125,2.266263723373413,8.66800594329834,4.620821475982666,1.6159865856170654,2.622680425643921,6.418862819671631,0.0009780870750546455,0.3895043432712555,1.5519720315933228,0.0,0.0,0.0,0.0,6287.99169921875,441.0296630859375,1039.8394775390625,1616.326904296875,273.5265197753906,0.0,439.2267761230469,0.02510707452893257,0.0,86.11943817138672,0.0,0.0,0.0,361.281005859375,361.281005859375,112.47225952148438,133.90650939941406,102.1207046508789,0.0,0.0,0.0,112.47225952148438,133.90650939941406,102.1207046508789,0.0,0.0,0.0,10.220789909362793,16.49030876159668,7.192958354949951,0.0,0.0,0.0
250.0,60.6441650390625,43594.12890625,3581.070068359375,24262.4296875,15750.6318359375,4357.7470703125,22.37727165222168,0.0,15861.98828125,0.16202601790428162,32.311309814453125,2.266263723373413,8.672304153442383,4.622307777404785,1.6159865856170654,2.622680425643921,6.428831577301025,0.0009780870750546455,0.3895043432712555,1.5519720315933228,0.0,0.0,0.0,0.0,6315.75048828125,442.97662353515625,1044.5052490234375,1615.2572021484375,346.38995361328125,0.0,453.0513610839844,0.02588033303618431,4.323625564575195,99.3646469116211,0.0,0.0,0.0,362.6560974121094,362.6560974121094,114.29928588867188,145.45639038085938,91.03651428222656,0.0,0.0,0.0,114.29928588867188,145.45639038085938,91.03651428222656,0.0,0.0,0.0,11.055268287658691,20.16872215270996,4.2509074211120605,0.0,0.0,0.0
251.0,60.65568923950195,43601.37109375,3581.070068359375,24269.669921875,15750.6318359375,4357.7470703125,21.93893051147461,0.0,16172.828125,0.16202601790428162,32.311309814453125,2.266263723373413,8.67385482788086,4.622861385345459,1.6159865856170654,2.622680425643921,6.438248634338379,0.0009780870750546455,0.3895043432712555,1.5519720315933228,0.0,0.0,0.0,0.0,6327.38720703125,443.79278564453125,1044.994873046875,1559.8997802734375,605.214599609375,0.0,415.68963623046875,0.023731375113129616,11.68513011932373,120.93415832519531,0.0,0.0,0.0,364.0550231933594,364.0550231933594,124.40979766845703,143.21470642089844,114.98522186279297,0.0,0.0,0.0,124.40979766845703,143.21470642089844,114.98522186279297,0.0,0.0,0.0,14.450936317443848,19.951370239257812,11.694247245788574,0.0,0.0,0.0
252.0,60.673702239990234,43606.98828125,3581.070068359375,24275.287109375,15750.6318359375,4357.7470703125,21.491132736206055,0.0,16502.734375,0.16202601790428162,32.311309814453125,2.266263723373413,8.675809860229492,4.623581409454346,1.6159865856170654,2.622680425643921,6.453588962554932,0.0009780870750546455,0.3895043432712555,1.5519720315933228,0.0,0.0,0.0,0.0,6394.4375,448.49560546875,1056.5113525390625,1673.4063720703125,608.60498046875,0.0,483.6387939453125,0.02758270688354969,0.0,85.2834701538086,0.0,0.0,0.0,365.4892578125,365.4892578125,106.39046478271484,127.70854949951172,112.31909942626953,0.0,0.0,0.0,106.39046478271484,127.70854949951172,112.31909942626953,0.0,0.0,0.0,9.628077507019043,15.863617897033691,11.362202644348145,0.0,0.0,0.0
253.0,60.68532943725586,43695.68359375,3581.070068359375,24277.09375,15837.5205078125,4357.7470703125,20.696332931518555,0.0,17151.537109375,0.16202601790428162,32.311309814453125,2.266263723373413,8.676934242248535,4.624092102050781,1.6159865856170654,2.622680425643921,6.463578701019287,0.0009780870750546455,0.3895043432712555,1.5519720315933228,0.0,0.0,0.0,0.0,6447.4970703125,452.21710205078125,1063.275390625,1673.20849609375,998.365478515625,0.0,467.0904846191406,0.02662145346403122,0.0,84.2781982421875,0.0,0.0,0.0,366.9559326171875,366.9559326171875,103.63268280029297,124.53009033203125,114.0711898803711,0.0,0.0,0.0,103.63268280029297,124.53009033203125,114.0711898803711,0.0,0.0,0.0,9.616226196289062,15.728717803955078,12.669490814208984,0.0,0.0,0.0
254.0,60.69098663330078,43930.2890625,3581.070068359375,24277.716796875,16071.501953125,4357.7470703125,20.658367156982422,0.0,17273.59375,0.16202601790428162,32.311309814453125,2.266263723373413,8.677411079406738,4.624683380126953,1.6159865856170654,2.622680425643921,6.468170642852783,0.0009780870750546455,0.3895043432712555,1.5519720315933228,0.0,0.0,0.0,0.0,6471.3447265625,453.8897399902344,1067.2652587890625,1693.33935546875,1000.3241577148438,0.0,492.8790588378906,0.02808278612792492,0.0,87.61378479003906,0.0,0.0,0.0,368.44488525390625,368.44488525390625,109.80306243896484,131.536865234375,119.87944793701172,0.0,0.0,0.0,109.80306243896484,131.536865234375,119.87944793701172,0.0,0.0,0.0,11.459027290344238,17.816164016723633,14.4063720703125,0.0,0.0,0.0
255.0,60.69343566894531,43976.9140625,3581.070068359375,24278.85546875,16116.9892578125,4357.7470703125,21.316211700439453,0.0,16776.791015625,0.16202601790428162,32.311309814453125,2.266263723373413,8.677499771118164,4.626130104064941,1.6159865856170654,2.622680425643921,6.469081401824951,0.0009780870750546455,0.3895043432712555,1.5519720315933228,0.0,0.0,0.0,0.0,6404.23291015625,449.1826171875,1056.7794189453125,1656.203369140625,828.1654663085938,0.0,453.9286804199219,0.025861963629722595,0.0,82.05140686035156,0.0,0.0,0.0,369.92352294921875,369.92352294921875,116.8375015258789,135.5369110107422,117.77127838134766,0.0,0.0,0.0,116.8375015258789,135.5369110107422,117.77127838134766,0.0,0.0,0.0,12.858757972717285,18.32833480834961,13.131888389587402,0.0,0.0,0.0
256.0,60.6978759765625,43980.3359375,3581.070068359375,24282.275390625,16116.9892578125,4357.7470703125,21.30474853515625,0.0,16788.951171875,0.16202601790428162,32.311309814453125,2.266263723373413,8.677563667297363,4.629841327667236,1.6159865856170654,2.622680425643921,6.469749450683594,0.0009780870750546455,0.3895043432712555,1.5519720315933228,0.0,0.0,0.0,0.0,6469.68701171875,453.77349853515625,1068.990478515625,1742.8619384765625,515.0218505859375,0.0,594.7459106445312,0.03388335555791855,0.0,92.18714141845703,0.0,0.0,0.0,371.3822326660156,371.3822326660156,110.79757690429688,143.20359802246094,124.76634979248047,0.0,0.0,0.0,110.79757690429688,143.20359802246094,124.76634979248047,0.0,0.0,0.0,11.103544235229492,20.582304000854492,15.189409255981445,0.0,0.0,0.0
257.0,60.70661926269531,43983.890625,3581.070068359375,24285.830078125,16116.9892578125,4357.7470703125,22.325946807861328,0.0,16049.6328125,0.16202601790428162,32.311309814453125,2.266263723373413,8.677651405334473,4.637561321258545,1.6159865856170654,2.622680425643921,6.470685005187988,0.0009780870750546455,0.3895043432712555,1.5519720315933228,0.0,0.0,0.0,0.0,6347.18408203125,445.18133544921875,1049.673583984375,1667.0853271484375,363.12139892578125,0.0,481.2777404785156,0.027417263016104698,0.0,84.31739807128906,0.0,0.0,0.0,372.8262634277344,372.8262634277344,115.43731689453125,137.28851318359375,119.86479949951172,0.0,0.0,0.0,115.43731689453125,137.28851318359375,119.86479949951172,0.0,0.0,0.0,11.439468383789062,17.830944061279297,12.73450756072998,0.0,0.0,0.0
258.0,60.713134765625,43987.32421875,3581.070068359375,24289.263671875,16116.9892578125,4357.7470703125,22.606712341308594,0.0,15860.458984375,0.16202601790428162,32.311309814453125,2.266263723373413,8.677680015563965,4.643235683441162,1.6159865856170654,2.622680425643921,6.471497535705566,0.0009780870750546455,0.3895043432712555,1.5519720315933228,0.0,0.0,0.0,0.0,6311.0625,442.6478271484375,1043.5384521484375,1640.846435546875,342.763671875,0.0,448.2590026855469,0.025534912943840027,0.0,79.89523315429688,0.0,0.0,0.0,374.2325439453125,374.2325439453125,104.78107452392578,130.38787841796875,111.99503326416016,0.0,0.0,0.0,104.78107452392578,130.38787841796875,111.99503326416016,0.0,0.0,0.0,8.04175090789795,15.531742095947266,10.151833534240723,0.0,0.0,0.0
259.0,60.725894927978516,43995.3046875,3581.070068359375,24297.24609375,16116.9892578125,4357.7470703125,22.94364356994629,0.0,15640.505859375,0.16202601790428162,32.311309814453125,2.266263723373413,8.677705764770508,4.650478363037109,1.6159865856170654,2.622680425643921,6.476987838745117,0.0009780870750546455,0.3895043432712555,1.5519720315933228,0.0,0.0,0.0,0.0,6265.91748046875,439.4814147949219,1035.7847900390625,1603.1187744140625,334.7706298828125,0.0,404.43243408203125,0.023029986768960953,0.0,75.96359252929688,0.0,0.0,0.0,375.62286376953125,375.62286376953125,98.47932434082031,117.20445251464844,118.48551177978516,0.0,0.0,0.0,98.47932434082031,117.20445251464844,118.48551177978516,0.0,0.0,0.0,5.861557483673096,11.338658332824707,11.71336841583252,0.0,0.0,0.0
260.0,60.74384307861328,44005.6171875,3581.070068359375,24307.55859375,16116.9892578125,4357.7470703125,22.295515060424805,0.0,16084.6591796875,0.16202601790428162,32.311309814453125,2.266263723373413,8.677722930908203,4.656065464019775,1.6159865856170654,2.622680425643921,6.489331245422363,0.0009780870750546455,0.3895043432712555,1.5519720315933228,0.0,0.0,0.0,0.0,6372.302734375,446.943115234375,1054.28466796875,1702.919921875,268.5802917480469,0.0,522.8388061523438,0.02974831499159336,0.0,89.3786392211914,0.0,0.0,0.0,377.0096740722656,377.0096740722656,89.93706512451172,127.8443832397461,113.46063995361328,0.0,0.0,0.0,89.93706512451172,127.8443832397461,113.46063995361328,0.0,0.0,0.0,4.011075496673584,15.098965644836426,10.891721725463867,0.0,0.0,0.0
261.0,60.770538330078125,44021.11328125,3581.070068359375,24323.052734375,16116.9892578125,4357.7470703125,22.306354522705078,0.0,16084.6591796875,0.16202601790428162,32.311309814453125,2.266263723373413,8.677738189697266,4.660913944244385,1.6159865856170654,2.622680425643921,6.51116418838501,0.0009780870750546455,0.3895043432712555,1.5519720315933228,0.0,0.0,0.0,0.0,6370.29638671875,446.8023986816406,1053.804443359375,1702.3594970703125,275.38128662109375,0.0,518.304931640625,0.029448246583342552,0.0,88.89866638183594,0.0,0.0,0.0,378.4106140136719,378.4106140136719,108.85581970214844,138.92196655273438,111.4632797241211,0.0,0.0,0.0,108.85581970214844,138.92196655273438,111.4632797241211,0.0,0.0,0.0,9.533973693847656,18.328319549560547,10.296655654907227,0.0,0.0,0.0
262.0,60.80530548095703,44030.9453125,3581.070068359375,24332.88671875,16116.9892578125,4357.7470703125,22.0137882232666,0.0,16296.56640625,0.16202601790428162,32.311309814453125,2.266263723373413,8.677751541137695,4.665433406829834,1.6159865856170654,2.622680425643921,6.5413994789123535,0.0009780870750546455,0.3895043432712555,1.5519720315933228,0.0,0.0,0.0,0.0,6399.0078125,448.8161315917969,1058.151611328125,1662.96923828125,348.7622985839844,0.0,534.6265869140625,0.030315764248371124,16.154203414916992,128.68606567382812,0.0,0.0,0.0,379.8198547363281,379.8198547363281,139.59352111816406,154.10092163085938,128.56332397460938,0.0,0.0,0.0,139.59352111816406,154.10092163085938,128.56332397460938,0.0,0.0,0.0,18.81731414794922,23.060733795166016,15.590986251831055,0.0,0.0,0.0
263.0,60.83121109008789,44046.74609375,3581.070068359375,24348.6875,16116.9892578125,4357.7470703125,21.586450576782227,0.0,16615.927734375,0.16202601790428162,32.311309814453125,2.266263723373413,8.677756309509277,4.667287826538086,1.6159865856170654,2.622680425643921,6.565443992614746,0.0009780870750546455,0.3895043432712555,1.5519720315933228,0.0,0.0,0.0,0.0,6411.08740234375,449.6634216308594,1058.513427734375,1625.044921875,609.3748779296875,0.0,495.507080078125,0.028053538873791695,23.37026023864746,138.28070068359375,0.0,0.0,0.0,381.2684631347656,381.2684631347656,138.50540161132812,153.8582000732422,137.07412719726562,0.0,0.0,0.0,138.50540161132812,153.8582000732422,137.07412719726562,0.0,0.0,0.0,18.926380157470703,23.41707420349121,18.507734298706055,0.0,0.0,0.0
264.0,60.87051773071289,44059.46484375,3581.070068359375,24361.404296875,16116.9892578125,4496.46875,21.16456413269043,0.0,16942.8125,0.16202601790428162,32.311309814453125,2.266263723373413,8.677762985229492,4.671027183532715,1.6159865856170654,2.622680425643921,6.601006031036377,0.0009780870750546455,0.3895043432712555,1.5519720315933228,0.0,0.0,0.0,0.0,6477.31982421875,454.308837890625,1069.51025390625,1749.73486328125,612.7046508789062,0.0,573.7560424804688,0.032408688217401505,0.0,92.18714141845703,0.0,0.0,0.0,382.76806640625,382.76806640625,104.83951568603516,137.6128387451172,105.07799530029297,0.0,0.0,0.0,104.83951568603516,137.6128387451172,105.07799530029297,0.0,0.0,0.0,9.500993728637695,19.08719253540039,9.57075023651123,0.0,0.0,0.0
265.0,60.89788818359375,44149.01953125,3581.070068359375,24366.435546875,16201.513671875,4496.46875,20.3813533782959,0.0,17608.90625,0.16202601790428162,32.311309814453125,2.266263723373413,8.677766799926758,4.674105644226074,1.6159865856170654,2.622680425643921,6.625293731689453,0.0009780870750546455,0.3895043432712555,1.5519720315933228,0.0,0.0,0.0,0.0,6531.5712890625,458.11395263671875,1076.0792236328125,1754.7642822265625,1005.1041870117188,0.0,558.8240356445312,0.031515564769506454,0.0,92.18714141845703,0.0,0.0,0.0,384.3123474121094,384.3123474121094,82.43927764892578,121.90681457519531,84.82939147949219,0.0,0.0,0.0,82.43927764892578,121.90681457519531,84.82939147949219,0.0,0.0,0.0,3.732135772705078,15.276390075683594,4.431244373321533,0.0,0.0,0.0
266.0,60.9118537902832,44386.71875,3581.070068359375,24368.02734375,16437.619140625,4496.46875,20.344240188598633,0.0,17734.220703125,0.16202601790428162,32.311309814453125,2.266263723373413,8.677767753601074,4.676028251647949,1.6159865856170654,2.622680425643921,6.637335777282715,0.0009780870750546455,0.3895043432712555,1.5519720315933228,0.0,0.0,0.0,0.0,6554.40283203125,459.71533203125,1078.7462158203125,1776.8653564453125,1006.75341796875,0.0,590.8114624023438,0.03329356387257576,0.0,92.18714141845703,0.0,0.0,0.0,385.8819274902344,385.8819274902344,113.34033966064453,134.52943420410156,112.52058410644531,0.0,0.0,0.0,113.34033966064453,134.52943420410156,112.52058410644531,0.0,0.0,0.0,12.80781078338623,19.0056209564209,12.56803035736084,0.0,0.0,0.0
267.0,60.91795349121094,44433.59375,3581.070068359375,24369.037109375,16483.486328125,4496.46875,20.992467880249023,0.0,17224.1640625,0.16202601790428162,32.311309814453125,2.266263723373413,8.67776870727539,4.678198337554932,1.6159865856170654,2.622680425643921,6.641263008117676,0.0009780870750546455,0.3895043432712555,1.5519720315933228,0.0,0.0,0.0,0.0,6487.6943359375,455.0364990234375,1069.8106689453125,1738.137451171875,833.80322265625,0.0,537.6992797851562,0.03029291145503521,0.0,92.18714141845703,0.0,0.0,0.0,387.4358215332031,387.4358215332031,124.87355041503906,136.24176025390625,120.15596771240234,0.0,0.0,0.0,124.87355041503906,136.24176025390625,120.15596771240234,0.0,0.0,0.0,15.533044815063477,18.858247756958008,14.153153419494629,0.0,0.0,0.0
268.0,60.92226791381836,44436.2421875,3581.070068359375,24371.68359375,16483.486328125,4496.46875,20.98084831237793,0.0,17236.6484375,0.16202601790428162,32.311309814453125,2.266263723373413,8.67776870727539,4.681204795837402,1.6159865856170654,2.622680425643921,6.642571926116943,0.0009780870750546455,0.3895043432712555,1.5519720315933228,0.0,0.0,0.0,0.0,6549.4208984375,459.36590576171875,1077.8438720703125,1828.3839111328125,517.9755249023438,0.0,693.8424682617188,0.03908639773726463,0.9692537784576416,93.437255859375,0.0,0.0,0.0,388.9651184082031,388.9651184082031,109.55787658691406,143.7523651123047,116.98045349121094,0.0,0.0,0.0,109.55787658691406,143.7523651123047,116.98045349121094,0.0,0.0,0.0,11.06482982635498,21.066720962524414,13.235934257507324,0.0,0.0,0.0
269.0,60.93037414550781,44440.00390625,3581.070068359375,24375.447265625,16483.486328125,4496.46875,21.98738670349121,0.0,16477.6171875,0.16202601790428162,32.311309814453125,2.266263723373413,8.67776870727539,4.687196731567383,1.6159865856170654,2.622680425643921,6.644684314727783,0.0009780870750546455,0.3895043432712555,1.5519720315933228,0.0,0.0,0.0,0.0,6428.98974609375,450.9190673828125,1062.4462890625,1743.40283203125,365.5589599609375,0.0,564.9613037109375,0.03182172402739525,0.0,92.18714141845703,0.0,0.0,0.0,390.47857666015625,390.47857666015625,128.63528442382812,137.52207946777344,118.36738586425781,0.0,0.0,0.0,128.63528442382812,137.52207946777344,118.36738586425781,0.0,0.0,0.0,15.638436317443848,18.237823486328125,12.6350736618042,0.0,0.0,0.0
270.0,60.93736267089844,44443.5703125,3581.070068359375,24379.01171875,16483.486328125,4496.46875,22.264209747314453,0.0,16283.3994140625,0.16202601790428162,32.311309814453125,2.266263723373413,8.67776870727539,4.692110061645508,1.6159865856170654,2.622680425643921,6.646762847900391,0.0009780870750546455,0.3895043432712555,1.5519720315933228,0.0,0.0,0.0,0.0,6391.888671875,448.3168029785156,1056.13818359375,1720.7242431640625,345.0433654785156,0.0,524.0118408203125,0.029511259868741035,0.0,90.04873657226562,0.0,0.0,0.0,391.9536437988281,391.9536437988281,114.13221740722656,128.79644775390625,108.85028076171875,0.0,0.0,0.0,114.13221740722656,128.79644775390625,108.85028076171875,0.0,0.0,0.0,11.119463920593262,15.408750534057617,9.574498176574707,0.0,0.0,0.0
271.0,60.95207214355469,44457.140625,3581.070068359375,24392.58203125,16483.486328125,4496.46875,22.59913444519043,0.0,16057.583984375,0.16202601790428162,32.311309814453125,2.266263723373413,8.67776870727539,4.696747779846191,1.6159865856170654,2.622680425643921,6.656833648681641,0.0009780870750546455,0.3895043432712555,1.5519720315933228,0.0,0.0,0.0,0.0,6345.52783203125,445.0651550292969,1048.17041015625,1685.2783203125,336.97125244140625,0.0,477.56549072265625,0.026877738535404205,0.0,84.0352783203125,0.0,0.0,0.0,393.4095153808594,393.4095153808594,94.9419174194336,117.55125427246094,111.87325286865234,0.0,0.0,0.0,94.9419174194336,117.55125427246094,111.87325286865234,0.0,0.0,0.0,5.1713762283325195,11.784607887268066,10.123791694641113,0.0,0.0,0.0
272.0,60.98491668701172,44477.41015625,3581.070068359375,24412.853515625,16483.486328125,4496.46875,21.965194702148438,0.0,16513.57421875,0.16202601790428162,32.311309814453125,2.266263723373413,8.67776870727539,4.702530384063721,1.6159865856170654,2.622680425643921,6.68389368057251,0.0009780870750546455,0.3895043432712555,1.5519720315933228,0.0,0.0,0.0,0.0,6453.359375,452.6282958984375,1066.0225830078125,1778.1510009765625,270.3129577636719,0.0,615.6427612304688,0.034588053822517395,0.0,92.18714141845703,0.0,0.0,0.0,394.8571472167969,394.8571472167969,116.30829620361328,133.60316467285156,111.26410675048828,0.0,0.0,0.0,116.30829620361328,133.60316467285156,111.26410675048828,0.0,0.0,0.0,12.054981231689453,17.113731384277344,10.579554557800293,0.0,0.0,0.0
273.0,61.033782958984375,44502.62109375,3581.070068359375,24438.064453125,16483.486328125,4496.46875,21.98064422607422,0.0,16513.57421875,0.16202601790428162,32.311309814453125,2.266263723373413,8.67776870727539,4.70795202255249,1.6159865856170654,2.622680425643921,6.727340221405029,0.0009780870750546455,0.3895043432712555,1.5519720315933228,0.0,0.0,0.0,0.0,6451.56494140625,452.50244140625,1065.7518310546875,1723.6572265625,277.1731262207031,0.0,610.4478759765625,0.03420021012425423,16.542028427124023,129.20172119140625,0.0,0.0,0.0,396.3206481933594,396.3206481933594,122.96163177490234,150.79998779296875,96.05648040771484,0.0,0.0,0.0,122.96163177490234,150.79998779296875,96.05648040771484,0.0,0.0,0.0,13.98563289642334,22.12835121154785,6.115875720977783,0.0,0.0,0.0
274.0,61.09014129638672,44517.66796875,3581.070068359375,24453.109375,16483.486328125,4496.46875,21.69466781616211,0.0,16731.142578125,0.16202601790428162,32.311309814453125,2.266263723373413,8.67776870727539,4.7126078605651855,1.6159865856170654,2.622680425643921,6.779041767120361,0.0009780870750546455,0.3895043432712555,1.5519720315933228,0.0,0.0,0.0,0.0,6479.6875,454.4748840332031,1069.086181640625,795.355224609375,350.9432678222656,0.0,1560.6656494140625,0.08714599162340164,23.37026023864746,138.28070068359375,0.0,0.0,0.0,397.7955627441406,397.7955627441406,157.7126922607422,173.55125427246094,144.37120056152344,0.0,0.0,0.0,157.7126922607422,173.55125427246094,144.37120056152344,0.0,0.0,0.0,24.436294555664062,29.069076538085938,20.533910751342773,0.0,0.0,0.0
275.0,61.12925720214844,44537.58984375,3581.070068359375,24473.033203125,16483.486328125,4496.46875,21.27518653869629,0.0,17059.017578125,0.16202601790428162,32.311309814453125,2.266263723373413,8.67776870727539,4.714424133300781,1.6159865856170654,2.622680425643921,6.816340923309326,0.0009780870750546455,0.3895043432712555,1.5519720315933228,0.0,0.0,0.0,0.0,6493.759765625,455.4618835449219,1070.8199462890625,1707.5078125,613.4129638671875,0.0,588.6273193359375,0.03278985619544983,23.37026023864746,138.28070068359375,0.0,0.0,0.0,399.3215637207031,399.3215637207031,138.24363708496094,156.86814880371094,138.2202911376953,0.0,0.0,0.0,138.24363708496094,156.86814880371094,138.2202911376953,0.0,0.0,0.0,19.16107749938965,24.608749389648438,19.15424919128418,0.0,0.0,0.0
276.0,61.179908752441406,44552.421875,3581.070068359375,24487.8671875,16483.486328125,5057.33056640625,20.87468147277832,0.0,17382.880859375,0.16202601790428162,32.311309814453125,2.266263723373413,8.67776870727539,4.715391159057617,1.6159865856170654,2.622680425643921,6.8402934074401855,0.0009780870750546455,0.3895043432712555,1.5777040719985962,0.0,0.0,0.0,0.0,6554.95947265625,459.7543640136719,1078.0711669921875,1832.9658203125,616.1229248046875,0.0,671.3463745117188,0.03734051436185837,0.37399154901504517,94.20532989501953,0.0,0.0,0.0,400.90618896484375,400.90618896484375,124.8158187866211,137.6515350341797,129.94482421875,0.0,0.0,0.0,124.8158187866211,137.6515350341797,129.94482421875,0.0,0.0,0.0,15.63394546508789,19.38839340209961,17.134178161621094,0.0,0.0,0.0
277.0,61.288734436035156,44753.40625,3581.070068359375,24606.751953125,16565.5859375,5057.33056640625,20.151439666748047,0.0,18066.2734375,0.16202601790428162,32.311309814453125,2.266263723373413,8.67776870727539,4.716360569000244,1.6159865856170654,2.622680425643921,6.858443260192871,0.0009780870750546455,0.3895043432712555,1.6674126386642456,0.0,0.0,0.0,0.0,6610.6796875,463.6624755859375,1084.8253173828125,1838.724609375,1010.7937622070312,0.0,656.2334594726562,0.03645763546228409,1.060381531715393,100.5053939819336,0.0,0.0,0.0,402.5400390625,402.5400390625,101.896728515625,120.74385833740234,108.60702514648438,0.0,0.0,0.0,101.896728515625,120.74385833740234,108.60702514648438,0.0,0.0,0.0,9.653352737426758,15.166138648986816,11.61611557006836,0.0,0.0,0.0
278.0,61.50063705444336,45051.05078125,3581.070068359375,24666.220703125,16803.76171875,5057.33056640625,20.14006805419922,0.0,18194.845703125,0.16202601790428162,32.311309814453125,2.266263723373413,8.67776870727539,4.721581935882568,1.6159865856170654,2.622680425643921,6.889262676239014,0.0009780870750546455,0.3895043432712555,1.843273401260376,0.0,0.0,0.0,0.0,6634.08837890625,465.3043212890625,1087.5576171875,1858.656005859375,1012.484619140625,0.0,677.6251831054688,0.03757215291261673,2.4768290519714355,113.23562622070312,0.0,0.0,0.0,404.1994934082031,404.1994934082031,110.12998962402344,134.62881469726562,106.51007843017578,0.0,0.0,0.0,110.12998962402344,134.62881469726562,106.51007843017578,0.0,0.0,0.0,12.072954177856445,19.238859176635742,11.014130592346191,0.0,0.0,0.0
279.0,61.63307571411133,45120.04296875,3581.070068359375,24688.97265625,16850.0,5057.33056640625,20.792179107666016,0.0,17671.548828125,0.16202601790428162,32.311309814453125,2.266263723373413,8.67776870727539,4.7334513664245605,1.6159865856170654,2.622680425643921,6.90580415725708,0.0009780870750546455,0.3895043432712555,1.9473003149032593,0.0,0.0,0.0,0.0,6566.81787109375,460.5860900878906,1079.3875732421875,1824.219970703125,838.6849975585938,0.0,611.9446411132812,0.03389465808868408,0.0,115.66963958740234,0.0,0.0,0.0,405.838134765625,405.838134765625,121.6211166381836,139.8518829345703,115.73025512695312,0.0,0.0,0.0,121.6211166381836,139.8518829345703,115.73025512695312,0.0,0.0,0.0,14.781997680664062,20.11449432373047,13.058919906616211,0.0,0.0,0.0
280.0,61.704647064208984,45134.12890625,3581.070068359375,24703.05859375,16850.0,5057.33056640625,20.785991668701172,0.0,17684.35546875,0.16202601790428162,32.311309814453125,2.266263723373413,8.67776870727539,4.749971866607666,1.6159865856170654,2.622680425643921,6.913818836212158,0.0009780870750546455,0.3895043432712555,1.994337797164917,0.0,0.0,0.0,0.0,6628.8505859375,464.9369812011719,1086.6004638671875,1909.6475830078125,520.9169311523438,0.0,761.3120727539062,0.0421464629471302,5.140968322753906,126.91022491455078,0.0,0.0,0.0,407.4508972167969,407.4508972167969,118.4861831665039,144.26486206054688,126.5345230102539,0.0,0.0,0.0,118.4861831665039,144.26486206054688,126.5345230102539,0.0,0.0,0.0,13.871216773986816,21.411481857299805,16.225357055664062,0.0,0.0,0.0
281.0,61.75098419189453,45145.81640625,3581.070068359375,24714.74609375,16850.0,5057.33056640625,21.787817001342773,0.0,16905.611328125,0.16202601790428162,32.311309814453125,2.266263723373413,8.67776870727539,4.764755725860596,1.6159865856170654,2.622680425643921,6.920710563659668,0.0009780870750546455,0.3895043432712555,2.018996477127075,0.0,0.0,0.0,0.0,6506.52099609375,456.35693359375,1071.847900390625,1832.702880859375,367.66986083984375,0.0,623.1558837890625,0.03448297083377838,0.0,119.92839813232422,0.0,0.0,0.0,409.04638671875,409.04638671875,94.19835662841797,138.98504638671875,124.37855529785156,0.0,0.0,0.0,94.19835662841797,138.98504638671875,124.37855529785156,0.0,0.0,0.0,5.765201568603516,18.86530876159668,14.59290885925293,0.0,0.0,0.0
282.0,61.780120849609375,45155.359375,3581.070068359375,24724.291015625,16850.0,5057.33056640625,22.06532096862793,0.0,16706.33984375,0.16202601790428162,32.311309814453125,2.266263723373413,8.67776870727539,4.77897834777832,1.6159865856170654,2.622680425643921,6.926719665527344,0.0009780870750546455,0.3895043432712555,2.0279042720794678,0.0,0.0,0.0,0.0,6471.0478515625,453.8689270019531,1067.535888671875,1806.8756103515625,347.2121276855469,0.0,575.4119873046875,0.03182891383767128,0.0,120.45751953125,0.0,0.0,0.0,410.5963439941406,410.5963439941406,95.64215850830078,135.8220672607422,83.4344253540039,0.0,0.0,0.0,95.64215850830078,135.8220672607422,83.4344253540039,0.0,0.0,0.0,5.910009384155273,17.662630081176758,2.339247465133667,0.0,0.0,0.0
283.0,61.815181732177734,45176.34765625,3581.070068359375,24745.27734375,16850.0,5057.33056640625,22.401138305664062,0.0,16474.662109375,0.16202601790428162,32.311309814453125,2.266263723373413,8.67776870727539,4.791337490081787,1.6159865856170654,2.622680425643921,6.944207191467285,0.0009780870750546455,0.3895043432712555,2.033118486404419,0.0,0.0,0.0,0.0,6424.75439453125,450.6219787597656,1060.4207763671875,1775.3035888671875,339.15863037109375,0.0,518.1051025390625,0.02862681820988655,0.0,116.47303771972656,0.0,0.0,0.0,412.1200256347656,412.1200256347656,117.47319793701172,124.60231018066406,116.3697280883789,0.0,0.0,0.0,117.47319793701172,124.60231018066406,116.3697280883789,0.0,0.0,0.0,11.959772109985352,14.045036315917969,11.637005805969238,0.0,0.0,0.0
284.0,61.86417007446289,45201.08984375,3581.070068359375,24770.021484375,16850.0,5057.33056640625,21.774311065673828,0.0,16942.5,0.16226008534431458,32.329341888427734,2.267866611480713,8.67776870727539,4.798530578613281,1.6159865856170654,2.622680425643921,6.9634108543396,0.0009780870750546455,0.3895043432712555,2.0358426570892334,0.0,0.0,0.0,0.0,6532.21875,458.22772216796875,1074.281494140625,1842.6593017578125,271.7768249511719,0.0,666.5068969726562,0.03678085282444954,11.68513011932373,141.08389282226562,0.0,0.0,0.0,413.6343078613281,413.6343078613281,111.9698486328125,129.91038513183594,116.1212158203125,0.0,0.0,0.0,111.9698486328125,129.91038513183594,116.1212158203125,0.0,0.0,0.0,10.97686767578125,16.22447395324707,12.191143989562988,0.0,0.0,0.0
285.0,62.021270751953125,45731.74609375,3813.3701171875,25068.376953125,16850.0,5057.33056640625,22.033010482788086,0.0,16942.5,0.16386514902114868,32.45286178588867,2.279949903488159,8.67776870727539,4.801751613616943,1.6159865856170654,2.622680425643921,6.978936672210693,0.0009780870750546455,0.3895043432712555,2.0369887351989746,0.0,0.0,0.0,0.0,6544.14501953125,459.7536926269531,1072.8587646484375,1686.054931640625,278.4532165527344,0.0,750.7705078125,0.04138948395848274,23.37026023864746,181.49569702148438,0.0,0.0,0.0,415.167724609375,415.167724609375,95.14354705810547,154.2862091064453,141.7610626220703,0.0,0.0,0.0,95.14354705810547,154.2862091064453,141.7610626220703,0.0,0.0,0.0,5.796475410461426,23.095703125,19.43210220336914,0.0,0.0,0.0
286.0,62.70835876464844,45985.60546875,3813.3701171875,25322.234375,16850.0,5057.33056640625,21.859542846679688,0.0,17165.7109375,0.17065435647964478,33.00667190551758,2.3365042209625244,8.67776870727539,4.812045097351074,1.6159865856170654,2.622680425643921,7.034952163696289,0.0009780870750546455,0.3895043432712555,2.0406129360198975,0.0,0.0,0.0,0.0,6634.822265625,469.6714172363281,1071.1912841796875,1673.6246337890625,351.34429931640625,0.0,739.8558959960938,0.040643952786922455,23.37026023864746,181.818603515625,0.0,0.0,0.0,416.72283935546875,416.72283935546875,95.169677734375,167.27517700195312,151.9433135986328,0.0,0.0,0.0,95.169677734375,167.27517700195312,151.9433135986328,0.0,0.0,0.0,5.97758674621582,27.06844711303711,22.58387565612793,0.0,0.0,0.0
287.0,63.27291488647461,46288.28515625,3813.3701171875,25624.91796875,16850.0,5057.33056640625,21.56808853149414,0.0,17502.09765625,0.17567652463912964,33.479549407958984,2.3846933841705322,8.67776870727539,4.816809177398682,1.6159865856170654,2.622680425643921,7.067005157470703,0.0009780870750546455,0.3895043432712555,2.042262315750122,0.0,0.0,0.0,0.0,6703.5810546875,477.4850769042969,1068.8575439453125,1726.9276123046875,612.3936767578125,0.0,576.0953369140625,0.03158402070403099,23.37026023864746,181.96556091308594,0.0,0.0,0.0,418.33612060546875,418.33612060546875,140.67465209960938,156.8658447265625,150.5591583251953,0.0,0.0,0.0,140.67465209960938,156.8658447265625,150.5591583251953,0.0,0.0,0.0,19.579246520996094,24.315170288085938,22.47046661376953,0.0,0.0,0.0
288.0,64.02391052246094,46509.27734375,3813.3701171875,25845.908203125,16850.0,5057.33056640625,21.2698974609375,0.0,17822.958984375,0.18217481672763824,34.113643646240234,2.4494752883911133,8.67776870727539,4.822387218475342,1.6159865856170654,2.622680425643921,7.105267524719238,0.0009780870750546455,0.3895043432712555,2.044046401977539,0.0,0.0,0.0,0.0,6835.7958984375,490.83331298828125,1070.2593994140625,1832.451171875,612.6495361328125,0.0,621.725830078125,0.034003980457782745,0.0,121.41635131835938,0.0,0.0,0.0,420.0048828125,420.0048828125,128.50146484375,140.96034240722656,115.57511901855469,0.0,0.0,0.0,128.50146484375,140.96034240722656,115.57511901855469,0.0,0.0,0.0,16.3167781829834,19.961000442504883,12.5358247756958,0.0,0.0,0.0
289.0,64.49497985839844,46659.1171875,3813.3701171875,25916.078125,16929.669921875,5057.33056640625,20.50604820251465,0.0,18523.66015625,0.18618765473365784,34.51145553588867,2.4901368618011475,8.67776870727539,4.827239990234375,1.6159865856170654,2.622680425643921,7.127993106842041,0.0009780870750546455,0.3895043432712555,2.0450496673583984,0.0,0.0,0.0,0.0,6942.39794921875,500.9212341308594,1073.848388671875,1821.1126708984375,1002.9520874023438,0.0,593.2619018554688,0.032401081174612045,0.0,120.900634765625,0.0,0.0,0.0,421.7207336425781,421.7207336425781,99.64479064941406,121.16876220703125,80.40418243408203,0.0,0.0,0.0,99.64479064941406,121.16876220703125,80.40418243408203,0.0,0.0,0.0,8.640052795410156,14.93581485748291,3.0121753215789795,0.0,0.0,0.0
290.0,64.71803283691406,46924.59765625,3813.3701171875,25941.3125,17169.916015625,5057.33056640625,20.474870681762695,0.0,18655.482421875,0.18797540664672852,34.690467834472656,2.508570432662964,8.67776870727539,4.840779781341553,1.6159865856170654,2.622680425643921,7.137857913970947,0.0009780870750546455,0.3895043432712555,2.045468330383301,0.0,0.0,0.0,0.0,6987.02587890625,505.2525634765625,1074.981689453125,1837.4517822265625,1003.5471801757812,0.0,612.6884155273438,0.03344149515032768,0.0,121.50082397460938,0.0,0.0,0.0,423.45880126953125,423.45880126953125,118.39277648925781,134.49514770507812,122.88252258300781,0.0,0.0,0.0,118.39277648925781,134.49514770507812,122.88252258300781,0.0,0.0,0.0,14.155014991760254,18.864957809448242,15.468266487121582,0.0,0.0,0.0
291.0,64.82316589355469,46988.328125,3813.3701171875,25958.435546875,17216.521484375,5057.33056640625,21.134719848632812,0.0,18118.931640625,0.18868425488471985,34.761924743652344,2.5159647464752197,8.67776870727539,4.862346172332764,1.6159865856170654,2.622680425643921,7.141699314117432,0.0009780870750546455,0.3895043432712555,2.0456268787384033,0.0,0.0,0.0,0.0,6923.56298828125,501.1069030761719,1066.2681884765625,1793.2076416015625,830.9380493164062,0.0,549.5653076171875,0.029988985508680344,0.0,114.67680358886719,0.0,0.0,0.0,425.1754150390625,425.1754150390625,120.77691650390625,135.91238403320312,126.61896514892578,0.0,0.0,0.0,120.77691650390625,135.91238403320312,126.61896514892578,0.0,0.0,0.0,14.192526817321777,18.619651794433594,15.901327133178711,0.0,0.0,0.0
292.0,64.8846435546875,47004.91015625,3813.3701171875,25975.017578125,17216.521484375,5057.33056640625,21.129343032836914,0.0,18132.060546875,0.18898944556713104,34.79282760620117,2.5191006660461426,8.67776870727539,4.887781620025635,1.6159865856170654,2.622680425643921,7.14333438873291,0.0009780870750546455,0.3895043432712555,2.0456929206848145,0.0,0.0,0.0,0.0,6987.02294921875,505.88055419921875,1072.5753173828125,1893.1444091796875,515.7979736328125,0.0,690.5377807617188,0.03767779469490051,0.0,121.51416015625,0.0,0.0,0.0,426.8635559082031,426.8635559082031,117.0820083618164,143.54637145996094,131.95242309570312,0.0,0.0,0.0,117.0820083618164,143.54637145996094,131.95242309570312,0.0,0.0,0.0,13.117143630981445,20.857969284057617,17.466737747192383,0.0,0.0,0.0
293.0,64.93318939208984,47017.84375,3813.3701171875,25987.951171875,17216.521484375,5057.33056640625,22.148958206176758,0.0,17333.60546875,0.18918395042419434,34.81258010864258,2.521017074584961,8.67776870727539,4.9133830070495605,1.6159865856170654,2.622680425643921,7.144369602203369,0.0009780870750546455,0.3895043432712555,2.045734405517578,0.0,0.0,0.0,0.0,6860.4521484375,496.81231689453125,1057.5299072265625,1802.3424072265625,364.0232849121094,0.0,552.1127319335938,0.030122913420200348,0.0,113.71626281738281,0.0,0.0,0.0,428.531982421875,428.531982421875,117.39952850341797,139.63819885253906,121.758056640625,0.0,0.0,0.0,117.39952850341797,139.63819885253906,121.758056640625,0.0,0.0,0.0,12.190402030944824,18.69521713256836,13.465272903442383,0.0,0.0,0.0
294.0,64.96218872070312,47027.3046875,3813.3701171875,25997.4140625,17216.521484375,5057.33056640625,22.431110382080078,0.0,17129.298828125,0.18927320837974548,34.82219314575195,2.5219414234161377,8.67776870727539,4.931329727172852,1.6159865856170654,2.622680425643921,7.144782066345215,0.0009780870750546455,0.3895043432712555,2.0457472801208496,0.0,0.0,0.0,0.0,6821.83154296875,494.0601806640625,1051.0880126953125,1781.5777587890625,343.57220458984375,0.0,507.199462890625,0.02767173945903778,0.0,108.42650604248047,0.0,0.0,0.0,430.15130615234375,430.15130615234375,96.84315490722656,134.16845703125,118.1350326538086,0.0,0.0,0.0,96.84315490722656,134.16845703125,118.1350326538086,0.0,0.0,0.0,5.895512580871582,16.813161849975586,12.123387336730957,0.0,0.0,0.0
295.0,65.00167846679688,47057.20703125,3813.3701171875,26027.31640625,17216.521484375,5057.33056640625,22.776735305786133,0.0,16891.75,0.18949875235557556,34.84904861450195,2.5244078636169434,8.67776870727539,4.940525531768799,1.6159865856170654,2.622680425643921,7.1455302238464355,0.0009780870750546455,0.3895043432712555,2.0457520484924316,0.0,0.0,0.0,0.0,6775.42919921875,490.8009338378906,1042.8363037109375,1745.39111328125,335.4840087890625,0.0,455.5196838378906,0.024850962683558464,0.0,100.6976089477539,0.0,0.0,0.0,431.7442626953125,431.7442626953125,111.63175964355469,128.3136749267578,100.80411529541016,0.0,0.0,0.0,111.63175964355469,128.3136749267578,100.80411529541016,0.0,0.0,0.0,9.875554084777832,14.755013465881348,6.708467483520508,0.0,0.0,0.0
296.0,65.1383285522461,47279.8125,3813.3701171875,26249.921875,17216.521484375,5057.33056640625,22.23147964477539,0.0,17371.43359375,0.190458744764328,34.96470260620117,2.5359296798706055,8.67776870727539,4.946033954620361,1.6159865856170654,2.622680425643921,7.148531436920166,0.0009780870750546455,0.3895043432712555,2.0457544326782227,0.0,0.0,0.0,0.0,6901.00048828125,500.5176696777344,1059.084716796875,1830.6259765625,268.86920166015625,0.0,586.0568237304688,0.03196633979678154,0.0,121.51781463623047,0.0,0.0,0.0,433.3275451660156,433.3275451660156,113.53236389160156,123.48896026611328,119.86265563964844,0.0,0.0,0.0,113.53236389160156,123.48896026611328,119.86265563964844,0.0,0.0,0.0,10.976737976074219,13.889041900634766,12.828347206115723,0.0,0.0,0.0
297.0,65.72464752197266,47679.9453125,3813.3701171875,26650.0546875,17216.521484375,5057.33056640625,22.422807693481445,0.0,17371.43359375,0.19463500380516052,35.467979431152344,2.587239980697632,8.67776870727539,4.960567474365234,1.6159865856170654,2.622680425643921,7.161541938781738,0.0009780870750546455,0.3895043432712555,2.0457608699798584,0.0,0.0,0.0,0.0,6953.93212890625,507.2601013183594,1054.0640869140625,1786.6534423828125,274.86114501953125,0.0,554.79345703125,0.030236411839723587,4.851508617401123,129.65977478027344,0.0,0.0,0.0,434.92645263671875,434.92645263671875,137.42214965820312,138.37054443359375,128.14915466308594,0.0,0.0,0.0,137.42214965820312,138.37054443359375,128.14915466308594,0.0,0.0,0.0,17.773168563842773,18.050575256347656,15.060820579528809,0.0,0.0,0.0
298.0,66.57734680175781,47927.6953125,3813.3701171875,26897.806640625,17216.521484375,5057.33056640625,22.238218307495117,0.0,17600.2890625,0.2007460743188858,36.20468521118164,2.6624553203582764,8.67776870727539,4.976224422454834,1.6159865856170654,2.622680425643921,7.180553913116455,0.0009780870750546455,0.3895043432712555,2.0457675457000732,0.0,0.0,0.0,0.0,7065.0458984375,519.5562133789062,1050.49755859375,1604.704833984375,346.5135498046875,0.0,638.5195922851562,0.034758131951093674,19.08720588684082,174.68687438964844,0.0,0.0,0.0,436.537841796875,436.537841796875,90.81499481201172,155.95620727539062,129.11090087890625,0.0,0.0,0.0,90.81499481201172,155.95620727539062,129.11090087890625,0.0,0.0,0.0,4.325168132781982,23.37897300720215,15.526721000671387,0.0,0.0,0.0
299.0,67.18524932861328,48221.13671875,3813.3701171875,27191.244140625,17216.521484375,5057.33056640625,21.93133544921875,0.0,17945.1953125,0.20513316988945007,36.733917236328125,2.7164435386657715,8.67776870727539,4.9828877449035645,1.6159865856170654,2.622680425643921,7.194180965423584,0.0009780870750546455,0.3895043432712555,2.0457704067230225,0.0,0.0,0.0,0.0,7140.8095703125,528.0570678710938,1046.062255859375,1668.2642822265625,603.7450561523438,0.0,478.29931640625,0.026014281436800957,15.563139915466309,168.48834228515625,0.0,0.0,0.0,438.1910400390625,438.1910400390625,141.61288452148438,156.18544006347656,142.4957275390625,0.0,0.0,0.0,141.61288452148438,156.18544006347656,142.4957275390625,0.0,0.0,0.0,19.490432739257812,23.752906799316406,19.7486629486084,0.0,0.0,0.0
300.0,67.93189239501953,48435.57421875,3813.3701171875,27405.68359375,17216.521484375,5057.33056640625,21.634445190429688,0.0,18263.02734375,0.2105179876089096,37.38361740112305,2.782738208770752,8.67776870727539,4.991425037384033,1.6159865856170654,2.622680425643921,7.210899829864502,0.0009780870750546455,0.3895043432712555,2.0457730293273926,0.0,0.0,0.0,0.0,7276.2041015625,541.6214599609375,1049.106201171875,1771.1387939453125,604.3029174804688,0.0,516.9405517578125,0.028086597099900246,0.0,102.35292053222656,0.0,0.0,0.0,439.896240234375,439.896240234375,116.28435516357422,134.21044921875,114.20075988769531,0.0,0.0,0.0,116.28435516357422,134.21044921875,114.20075988769531,0.0,0.0,0.0,12.378729820251465,17.622114181518555,11.769278526306152,0.0,0.0,0.0
