time,Total Generation Capacity,Total Transmission,Transmission for Interconnection km,Total Transmission for Generation Connection,Total Transmission for Demand Connection,Total Interconnection Capacity,Transmission Tariff[f0],Congestion Tariff[f0],National Peak Demand[f0],Generation Capacity by Tech[TBiomass],Generation Capacity by Tech[TWindOnS],Generation Capacity by Tech[TWindOffS],Generation Capacity by Tech[TPV],Generation Capacity by Tech[THydroDam],Generation Capacity by Tech[THRoR],Generation Capacity by Tech[TThermo1],Generation Capacity by Tech[TThermo2],Generation Capacity by Tech[TGeothermal],Generation Capacity by Tech[TPVBESSOp1],Generation Capacity by Tech[TPVBESSOp2],Generation Capacity by Tech[TOther1],Generation Capacity by Tech[TOther2],Generation Capacity by Tech[TOther3],Generation by Tech per Month[TBiomass],Generation by Tech per Month[TWindOnS],Generation by Tech per Month[TWindOffS],Generation by Tech per Month[TPV],Generation by Tech per Month[THydroDam],Generation by Tech per Month[THRoR],Generation by Tech per Month[TThermo1],Generation by Tech per Month[TThermo2],Generation by Tech per Month[TGeothermal],Generation by Tech per Month[TPVBESSOp1],Generation by Tech per Month[TPVBESSOp2],Generation by Tech per Month[TOther1],Generation by Tech per Month[TOther2],Generation by Tech per Month[TOther3],Generation by Tech per Month[DERBESS],Generation by Tech per Month[DER],"Electricity Tariff[Regulated,Z1]","Electricity Tariff[Regulated,Z2]","Electricity Tariff[Regulated,Z3]","Electricity Tariff[Regulated,Z4]","Electricity Tariff[Regulated,Z5]","Electricity Tariff[Regulated,Z6]","Electricity Tariff[Unregulated,Z1]","Electricity Tariff[Unregulated,Z2]","Electricity Tariff[Unregulated,Z3]","Electricity Tariff[Unregulated,Z4]","Electricity Tariff[Unregulated,Z5]","Electricity Tariff[Unregulated,Z6]","Generation Tariff[f0,Z1]","Generation Tariff[f0,Z2]","Generation Tariff[f0,Z3]","Generation Tariff[f0,Z4]","Generation Tariff[f0,Z5]","Generation Tariff[f0,Z6]"
0.0,14.057049751281738,16177.3701171875,1836.469970703125,5622.81982421875,8718.080078125,1600.0,16.893709182739258,0.9912989735603333,7532.21728515625,0.06656000018119812,1.021299958229065,0.0,0.4778200089931488,3.705590009689331,1.5324699878692627,2.6226699352264404,4.630640029907227,0.0,0.0,0.0,0.0,0.0,0.0,0.0,279.896484375,0.0,79.0820083618164,2668.02490234375,894.5088500976562,0.0,1152.0262451171875,0.0,0.0,0.0,0.0,0.0,0.0,0.0046911598183214664,0.0046911598183214664,181.14532470703125,182.1839599609375,196.01895141601562,0.0,0.0,0.0,181.14532470703125,182.1839599609375,196.01895141601562,0.0,0.0,0.0,35.10000228881836,35.40380096435547,39.45053482055664,0.0,0.0,0.0
1.0,14.069549560546875,16177.3701171875,1836.469970703125,5622.81982421875,8718.080078125,1600.0,16.25835609436035,0.0,7828.341796875,0.06656000018119812,1.021299958229065,0.0,0.4778200089931488,3.705590009689331,1.5449700355529785,2.6226699352264404,4.630640029907227,0.0,0.0,0.0,0.0,0.0,0.0,0.0,279.896484375,0.0,79.0820083618164,2668.02490234375,1112.37841796875,0.0,1132.4234619140625,0.0,0.0,0.0,0.0,0.0,0.0,1.2011514902114868,1.2011514902114868,149.28768920898438,174.43544006347656,170.4100341796875,0.0,0.0,0.0,149.28768920898438,174.43544006347656,170.4100341796875,0.0,0.0,0.0,27.408294677734375,34.76401138305664,33.58658218383789,0.0,0.0,0.0
2.0,14.069549560546875,16182.3701171875,1836.469970703125,5627.81982421875,8718.080078125,1600.0,16.152149200439453,0.0,7884.0498046875,0.06656000018119812,1.021299958229065,0.0,0.4778200089931488,3.705590009689331,1.5449700355529785,2.6226699352264404,4.630640029907227,0.0,0.0,0.0,0.0,0.0,0.0,0.0,279.896484375,0.0,79.0820083618164,2668.02490234375,1112.37841796875,0.0,1168.727783203125,0.0,0.0,0.0,0.0,0.0,0.0,2.420572280883789,2.420572280883789,92.01058197021484,174.9427490234375,179.04220581054688,0.0,0.0,0.0,92.01058197021484,174.9427490234375,179.04220581054688,0.0,0.0,0.0,10.760946273803711,35.01860809326172,36.21769714355469,0.0,0.0,0.0
3.0,14.069549560546875,16182.3701171875,1836.469970703125,5627.81982421875,8718.080078125,1600.0,16.634536743164062,0.0,7657.29443359375,0.06656000018119812,1.021299958229065,0.0,0.4778200089931488,3.705590009689331,1.5449700355529785,2.6226699352264404,4.630640029907227,0.0,0.0,0.0,0.0,0.0,0.0,0.0,279.896484375,0.0,79.0820083618164,2668.02490234375,925.83251953125,0.0,1201.3428955078125,0.0,0.0,0.0,0.0,0.0,0.0,3.613690137863159,3.613690137863159,56.88529968261719,177.14736938476562,187.5083770751953,0.0,0.0,0.0,56.88529968261719,177.14736938476562,187.5083770751953,0.0,0.0,0.0,0.00441327877342701,35.181068420410156,38.211666107177734,0.0,0.0,0.0
4.0,14.069549560546875,16182.3701171875,1836.469970703125,5627.81982421875,8718.080078125,1600.0,16.626197814941406,0.0,7662.84228515625,0.06656000018119812,1.021299958229065,0.0,0.4778200089931488,3.705590009689331,1.5449700355529785,2.6226699352264404,4.630640029907227,0.0,0.0,0.0,0.0,0.0,0.0,0.0,279.896484375,0.0,79.0820083618164,2668.02490234375,572.429931640625,0.0,1557.3306884765625,0.0,0.0,0.0,0.0,0.0,0.0,4.765506744384766,4.765506744384766,122.92841339111328,184.44395446777344,188.17349243164062,0.0,0.0,0.0,122.92841339111328,184.44395446777344,188.17349243164062,0.0,0.0,0.0,19.330364227294922,37.32365798950195,38.41455078125,0.0,0.0,0.0
5.0,14.069549560546875,16182.3701171875,1836.469970703125,5627.81982421875,8718.080078125,1600.0,17.396760940551758,0.0,7325.412109375,0.06656000018119812,1.021299958229065,0.0,0.4778200089931488,3.705590009689331,1.5449700355529785,2.6226699352264404,4.630640029907227,0.0,0.0,0.0,0.0,0.0,0.0,0.0,279.896484375,0.0,79.0820083618164,1161.14404296875,407.575439453125,0.0,3000.65478515625,0.0,0.0,0.0,0.0,0.0,0.0,5.890523433685303,5.890523433685303,231.78379821777344,219.47610473632812,232.1256103515625,0.0,0.0,0.0,231.78379821777344,219.47610473632812,232.1256103515625,0.0,0.0,0.0,50.400001525878906,46.79999923706055,50.49998092651367,0.0,0.0,0.0
6.0,14.069549560546875,16182.3701171875,1836.469970703125,5627.81982421875,8718.080078125,1600.0,17.608539581298828,0.0,7239.06640625,0.06656000018119812,1.021299958229065,0.0,0.4778200089931488,3.705590009689331,1.5449700355529785,2.6226699352264404,4.630640029907227,0.0,0.0,0.0,0.0,0.0,0.0,11.96236801147461,279.896484375,0.0,79.0820083618164,1111.5997314453125,385.8840637207031,0.0,3000.65478515625,0.0,0.0,0.0,0.0,0.0,0.0,7.003342628479004,7.003342628479004,232.50782775878906,232.2210235595703,232.84963989257812,0.0,0.0,0.0,232.50782775878906,232.2210235595703,232.84963989257812,0.0,0.0,0.0,50.400001525878906,50.31610870361328,50.49998092651367,0.0,0.0,0.0
7.0,14.069549560546875,16182.3701171875,1836.469970703125,5627.81982421875,8718.080078125,1600.0,17.860780715942383,0.0,7138.67041015625,0.06656000018119812,1.021299958229065,0.0,0.4778200089931488,3.705590009689331,1.5449700355529785,2.6226699352264404,4.630640029907227,0.0,0.0,0.0,0.0,0.0,0.0,30.670848846435547,279.896484375,0.0,79.0820083618164,294.9912109375,378.31988525390625,736.6998901367188,3000.65478515625,0.0,0.0,0.0,0.0,0.0,0.0,8.143054962158203,8.143054962158203,273.5069274902344,238.00588989257812,233.75326538085938,0.0,0.0,0.0,273.5069274902344,238.00588989257812,233.75326538085938,0.0,0.0,0.0,62.13999938964844,51.755943298339844,50.512046813964844,0.0,0.0,0.0
8.0,14.278849601745605,16182.3701171875,1836.469970703125,5627.81982421875,8718.080078125,1600.0,17.370935440063477,0.0,7341.39111328125,0.06656000018119812,1.021299958229065,0.0,0.4778200089931488,3.9148900508880615,1.5449700355529785,2.6226699352264404,4.630640029907227,0.0,0.0,0.0,0.0,0.0,0.0,0.0,279.896484375,0.0,79.0820083618164,1275.2591552734375,300.787109375,0.0,3000.65478515625,0.0,0.0,0.0,0.0,0.0,0.0,9.326860427856445,9.326860427856445,231.6955108642578,223.41839599609375,232.03712463378906,0.0,0.0,0.0,231.6955108642578,223.41839599609375,232.03712463378906,0.0,0.0,0.0,50.400001525878906,47.97894287109375,50.49991989135742,0.0,0.0,0.0
9.0,14.278849601745605,16266.08984375,1836.469970703125,5711.5400390625,8718.080078125,1600.0,17.4652156829834,0.0,7341.39111328125,0.06656000018119812,1.021299958229065,0.0,0.4778200089931488,3.9148900508880615,1.5449700355529785,2.6226699352264404,4.630640029907227,0.0,0.0,0.0,0.0,0.0,0.0,30.670848846435547,279.896484375,0.0,79.0820083618164,0.0,308.4625244140625,1235.6663818359375,3000.65478515625,0.0,0.0,0.0,0.0,0.0,0.0,10.573357582092285,10.573357582092285,272.1545715332031,237.0378875732422,251.8331298828125,0.0,0.0,0.0,272.1545715332031,237.0378875732422,251.8331298828125,0.0,0.0,0.0,62.13999938964844,51.86836624145508,56.19597625732422,0.0,0.0,0.0
10.0,14.278849601745605,16266.08984375,1836.469970703125,5711.5400390625,8718.080078125,1600.0,17.242095947265625,0.0,7438.1103515625,0.06656000018119812,1.021299958229065,0.0,0.4778200089931488,3.9148900508880615,1.5449700355529785,2.6226699352264404,4.630640029907227,0.0,0.0,0.0,0.0,0.0,0.0,11.96236801147461,279.896484375,0.0,79.0820083618164,1236.913818359375,389.77740478515625,0.0,3000.65478515625,0.0,0.0,0.0,0.0,0.0,0.0,11.867768287658691,11.867768287658691,231.25503540039062,232.58168029785156,232.2768096923828,0.0,0.0,0.0,231.25503540039062,232.58168029785156,232.2768096923828,0.0,0.0,0.0,50.400001525878906,50.788047790527344,50.69887161254883,0.0,0.0,0.0
11.0,14.278849601745605,16266.08984375,1836.469970703125,5711.5400390625,8718.080078125,1600.0,16.914396286010742,0.0,7583.87841796875,0.06656000018119812,1.021299958229065,0.0,0.4778200089931488,3.9148900508880615,1.5449700355529785,2.6226699352264404,4.630640029907227,0.0,0.0,0.0,0.0,0.0,0.0,0.0,279.896484375,0.0,79.0820083618164,1054.8260498046875,680.6643676757812,0.0,3000.65478515625,0.0,0.0,0.0,0.0,0.0,0.0,13.217222213745117,13.217222213745117,230.1346893310547,217.82699584960938,230.4763946533203,0.0,0.0,0.0,230.1346893310547,217.82699584960938,230.4763946533203,0.0,0.0,0.0,50.400001525878906,46.79999923706055,50.49995040893555,0.0,0.0,0.0
12.0,14.278849601745605,16266.08984375,1836.469970703125,5711.5400390625,8718.080078125,1600.0,16.127281188964844,0.0,7955.15771484375,0.06656000018119812,1.021299958229065,0.0,0.4778200089931488,3.9148900508880615,1.5449700355529785,2.6226699352264404,4.630640029907227,0.0,0.0,0.0,0.0,0.0,0.0,0.0,279.896484375,0.0,79.0820083618164,2398.435302734375,901.80517578125,0.0,1684.5797119140625,0.0,0.0,0.0,0.0,0.0,0.0,14.628063201904297,14.628063201904297,160.7863006591797,184.5751953125,186.3335418701172,0.0,0.0,0.0,160.7863006591797,184.5751953125,186.3335418701172,0.0,0.0,0.0,30.902711868286133,37.8609619140625,38.37527847290039,0.0,0.0,0.0
13.0,14.755249977111816,16366.169921875,1836.469970703125,5711.5400390625,8818.1591796875,1600.0,15.615215301513672,0.0,8267.9072265625,0.06656000018119812,1.021299958229065,0.0,0.934220016002655,3.9148900508880615,1.5649700164794922,2.6226699352264404,4.630640029907227,0.0,0.0,0.0,0.0,0.0,0.0,0.0,279.896484375,0.0,154.6413116455078,2818.720703125,1126.7784423828125,0.0,1172.9560546875,0.0,0.0,0.0,0.0,0.0,0.0,16.09513282775879,16.09513282775879,170.58168029785156,178.15859985351562,170.791259765625,0.0,0.0,0.0,170.58168029785156,178.15859985351562,170.791259765625,0.0,0.0,0.0,34.27992630004883,36.49617385864258,34.34122848510742,0.0,0.0,0.0
14.0,14.755249977111816,16735.841796875,1836.469970703125,5902.10009765625,8997.2724609375,1600.0,15.85894775390625,0.0,8326.75,0.06656000018119812,1.021299958229065,0.0,0.934220016002655,3.9148900508880615,1.5649700164794922,2.6226699352264404,4.630640029907227,0.0,0.0,0.0,0.0,0.0,0.0,0.0,279.896484375,0.0,154.6413116455078,2818.720703125,1126.7784423828125,0.0,1211.1146240234375,0.0,0.0,0.0,0.0,0.0,0.0,17.571910858154297,17.571910858154297,114.50093841552734,174.94244384765625,175.01358032226562,0.0,0.0,0.0,114.50093841552734,174.94244384765625,175.01358032226562,0.0,0.0,0.0,17.63257598876953,35.31171798706055,35.33252716064453,0.0,0.0,0.0
15.0,14.755249977111816,16780.6171875,1836.469970703125,5902.10009765625,9042.0478515625,1600.0,16.37809944152832,0.0,8087.2646484375,0.06656000018119812,1.021299958229065,0.0,0.934220016002655,3.9148900508880615,1.5649700164794922,2.6226699352264404,4.630640029907227,0.0,0.0,0.0,0.0,0.0,0.0,0.0,279.896484375,0.0,154.6413116455078,2818.720703125,937.8176879882812,0.0,1237.3323974609375,0.0,0.0,0.0,0.0,0.0,0.0,19.002473831176758,19.002473831176758,79.5013427734375,177.31842041015625,165.12423706054688,0.0,0.0,0.0,79.5013427734375,177.31842041015625,165.12423706054688,0.0,0.0,0.0,6.876043796539307,35.48754119873047,31.920740127563477,0.0,0.0,0.0
16.0,14.755249977111816,16780.6171875,1836.469970703125,5902.10009765625,9042.0478515625,1600.0,16.37031364440918,0.0,8093.1259765625,0.06656000018119812,1.021299958229065,0.0,0.934220016002655,3.9148900508880615,1.5649700164794922,2.6226699352264404,4.630640029907227,0.0,0.0,0.0,0.0,0.0,0.0,0.0,279.896484375,0.0,154.6413116455078,2818.720703125,579.8401489257812,0.0,1597.8916015625,0.0,0.0,0.0,0.0,0.0,0.0,20.36896514892578,20.36896514892578,141.76075744628906,185.5728302001953,163.91134643554688,0.0,0.0,0.0,141.76075744628906,185.5728302001953,163.91134643554688,0.0,0.0,0.0,25.094709396362305,37.90974044799805,31.57375717163086,0.0,0.0,0.0
17.0,14.755249977111816,16780.6171875,1836.469970703125,5902.10009765625,9042.0478515625,1600.0,17.131715774536133,0.0,7736.7431640625,0.06656000018119812,1.021299958229065,0.0,0.934220016002655,3.9148900508880615,1.5649700164794922,2.6226699352264404,4.630640029907227,0.0,0.0,0.0,0.0,0.0,0.0,0.0,279.896484375,0.0,154.6413116455078,1341.5711669921875,412.8515930175781,0.0,3000.65478515625,0.0,0.0,0.0,0.0,0.0,0.0,21.691875457763672,21.691875457763672,230.87765502929688,220.5992889404297,231.21954345703125,0.0,0.0,0.0,230.87765502929688,220.5992889404297,231.21954345703125,0.0,0.0,0.0,50.400001525878906,47.393577575683594,50.5,0.0,0.0,0.0
18.0,14.755249977111816,16780.6171875,1836.469970703125,5902.10009765625,9042.0478515625,1600.0,17.341341018676758,0.0,7645.54296875,0.06656000018119812,1.021299958229065,0.0,0.934220016002655,3.9148900508880615,1.5649700164794922,2.6226699352264404,4.630640029907227,0.0,0.0,0.0,0.0,0.0,0.0,30.670848846435547,279.896484375,0.0,154.6413116455078,420.2856140136719,390.8794250488281,849.853759765625,3000.65478515625,0.0,0.0,0.0,0.0,0.0,0.0,22.994579315185547,22.994579315185547,271.7310791015625,238.62567138671875,234.44757080078125,0.0,0.0,0.0,271.7310791015625,238.62567138671875,234.44757080078125,0.0,0.0,0.0,62.13999938964844,52.456668853759766,51.23457336425781,0.0,0.0,0.0
19.0,14.755249977111816,16780.6171875,1836.469970703125,5902.10009765625,9042.0478515625,1600.0,17.59090805053711,0.0,7539.52294921875,0.06656000018119812,1.021299958229065,0.0,0.934220016002655,3.9148900508880615,1.5649700164794922,2.6226699352264404,4.630640029907227,0.0,0.0,0.0,0.0,0.0,0.0,11.96236801147461,279.896484375,0.0,154.6413116455078,1223.7733154296875,383.21734619140625,0.0,3000.65478515625,0.0,0.0,0.0,0.0,0.0,0.0,24.31843376159668,24.31843376159668,232.4475555419922,226.49795532226562,232.78924560546875,0.0,0.0,0.0,232.4475555419922,226.49795532226562,232.78924560546875,0.0,0.0,0.0,50.400001525878906,48.65974426269531,50.499942779541016,0.0,0.0,0.0
20.0,14.755249977111816,16780.6171875,1836.469970703125,5902.10009765625,9042.0478515625,1600.0,17.107389450073242,0.0,7753.62451171875,0.06656000018119812,1.021299958229065,0.0,0.934220016002655,3.9148900508880615,1.5649700164794922,2.6226699352264404,4.630640029907227,0.0,0.0,0.0,0.0,0.0,0.0,30.670848846435547,279.896484375,0.0,154.6413116455078,47.31910705566406,304.6808776855469,1379.1314697265625,3000.65478515625,0.0,0.0,0.0,0.0,0.0,0.0,25.683364868164062,25.683364868164062,270.9312438964844,239.1705322265625,261.63232421875,0.0,0.0,0.0,270.9312438964844,239.1705322265625,261.63232421875,0.0,0.0,0.0,62.13999938964844,52.84999465942383,59.420066833496094,0.0,0.0,0.0
21.0,14.755249977111816,16780.6171875,1836.469970703125,5902.10009765625,9042.0478515625,1600.0,17.112089157104492,0.0,7753.62451171875,0.06656000018119812,1.021299958229065,0.0,0.934220016002655,3.9148900508880615,1.5649700164794922,2.6226699352264404,4.630640029907227,0.0,0.0,0.0,0.0,0.0,0.0,30.670848846435547,279.896484375,0.0,154.6413116455078,45.051483154296875,312.4556579589844,1372.1968994140625,3000.65478515625,0.0,0.0,0.0,0.0,0.0,0.0,27.110816955566406,27.110816955566406,270.94732666015625,238.02857971191406,261.10687255859375,0.0,0.0,0.0,270.94732666015625,238.02857971191406,261.10687255859375,0.0,0.0,0.0,62.13999938964844,52.51127243041992,59.26166915893555,0.0,0.0,0.0
22.0,14.755249977111816,16780.6171875,1836.469970703125,5902.10009765625,9042.0478515625,1600.0,16.893152236938477,0.0,7855.77783203125,0.06656000018119812,1.021299958229065,0.0,0.934220016002655,3.9148900508880615,1.5649700164794922,2.6226699352264404,4.630640029907227,0.0,0.0,0.0,0.0,0.0,0.0,11.96236801147461,279.896484375,0.0,154.6413116455078,1420.924072265625,394.8231506347656,0.0,3000.65478515625,0.0,0.0,0.0,0.0,0.0,0.0,28.584537506103516,28.584537506103516,230.0620574951172,231.79627990722656,230.57098388671875,0.0,0.0,0.0,230.0620574951172,231.79627990722656,230.57098388671875,0.0,0.0,0.0,50.400001525878906,50.90726089477539,50.548858642578125,0.0,0.0,0.0
23.0,14.755249977111816,16780.6171875,1836.469970703125,5902.10009765625,9042.0478515625,1600.0,16.57149314880371,0.0,8009.7158203125,0.06656000018119812,1.021299958229065,0.0,0.934220016002655,3.9148900508880615,1.5649700164794922,2.6226699352264404,4.630640029907227,0.0,0.0,0.0,0.0,0.0,0.0,0.0,279.896484375,0.0,154.6413116455078,1240.3890380859375,689.4757080078125,0.0,3000.65478515625,0.0,0.0,0.0,0.0,0.0,0.0,30.118677139282227,30.118677139282227,228.96237182617188,216.65467834472656,229.34671020507812,0.0,0.0,0.0,228.96237182617188,216.65467834472656,229.34671020507812,0.0,0.0,0.0,50.400001525878906,46.79999923706055,50.512420654296875,0.0,0.0,0.0
24.0,14.755249977111816,16784.4375,1836.469970703125,5902.10009765625,9045.8681640625,1600.0,15.848782539367676,0.0,8377.1953125,0.06656000018119812,1.021299958229065,0.0,0.934220016002655,3.9148900508880615,1.5649700164794922,2.6226699352264404,4.630640029907227,0.0,0.0,0.0,0.0,0.0,0.0,0.0,279.896484375,0.0,154.6413116455078,1277.2540283203125,913.479248046875,0.0,2985.7119140625,0.0,0.0,0.0,0.0,0.0,0.0,31.71917152404785,31.71917152404785,226.49154663085938,214.18386840820312,159.0589599609375,0.0,0.0,0.0,226.49154663085938,214.18386840820312,159.0589599609375,0.0,0.0,0.0,50.399993896484375,46.79999923706055,30.675966262817383,0.0,0.0,0.0
25.0,14.755249977111816,16919.51953125,1836.469970703125,5902.10009765625,9180.9501953125,1600.0,15.373068809509277,0.0,8706.541015625,0.06656000018119812,1.021299958229065,0.0,0.934220016002655,3.9148900508880615,1.5649700164794922,2.6226699352264404,4.630640029907227,0.0,0.0,0.0,0.0,0.0,0.0,0.0,279.896484375,0.0,154.6413116455078,2818.720703125,1126.7784423828125,0.0,1451.130859375,0.0,0.0,0.0,0.0,0.0,0.0,33.37491989135742,33.37491989135742,167.83348083496094,178.84031677246094,169.84512329101562,0.0,0.0,0.0,167.83348083496094,178.84031677246094,169.84512329101562,0.0,0.0,0.0,33.71822738647461,36.93772506713867,34.30663299560547,0.0,0.0,0.0
26.0,14.755249977111816,17070.619140625,1836.469970703125,5902.10009765625,9332.048828125,1600.0,15.404486656188965,0.0,8768.5,0.06656000018119812,1.021299958229065,0.0,0.934220016002655,3.9148900508880615,1.5649700164794922,2.6226699352264404,4.630640029907227,0.0,0.0,0.0,0.0,0.0,0.0,0.0,279.896484375,0.0,154.6413116455078,2818.720703125,1126.7784423828125,0.0,1491.20654296875,0.0,0.0,0.0,0.0,0.0,0.0,35.033512115478516,35.033512115478516,111.02688598632812,179.88478088378906,157.57928466796875,0.0,0.0,0.0,111.02688598632812,179.88478088378906,157.57928466796875,0.0,0.0,0.0,17.070877075195312,37.21181106567383,30.687456130981445,0.0,0.0,0.0
27.0,14.755249977111816,17098.947265625,1836.469970703125,5902.10009765625,9360.3759765625,1600.0,15.894233703613281,0.0,8516.3134765625,0.06656000018119812,1.021299958229065,0.0,0.934220016002655,3.9148900508880615,1.5649700164794922,2.6226699352264404,4.630640029907227,0.0,0.0,0.0,0.0,0.0,0.0,0.0,279.896484375,0.0,154.6413116455078,2818.720703125,937.8176879882812,0.0,1508.7000732421875,0.0,0.0,0.0,0.0,0.0,0.0,36.6328010559082,36.6328010559082,75.92676544189453,181.58636474609375,175.08314514160156,0.0,0.0,0.0,75.92676544189453,181.58636474609375,175.08314514160156,0.0,0.0,0.0,6.314344882965088,37.21977615356445,35.317588806152344,0.0,0.0,0.0
28.0,14.755249977111816,17098.947265625,1836.469970703125,5902.10009765625,9360.3759765625,1600.0,15.8869047164917,0.0,8522.478515625,0.06656000018119812,1.021299958229065,0.0,0.934220016002655,3.9148900508880615,1.5649700164794922,2.6226699352264404,4.630640029907227,0.0,0.0,0.0,0.0,0.0,0.0,0.0,279.896484375,0.0,154.6413116455078,2818.720703125,579.8401489257812,0.0,1869.3070068359375,0.0,0.0,0.0,0.0,0.0,0.0,38.15635681152344,38.15635681152344,127.45640563964844,189.9939422607422,177.13955688476562,0.0,0.0,0.0,127.45640563964844,189.9939422607422,177.13955688476562,0.0,0.0,0.0,21.394092559814453,39.68632125854492,35.92641830444336,0.0,0.0,0.0
29.0,14.755249977111816,17098.947265625,1836.469970703125,5902.10009765625,9360.3759765625,1600.0,16.628326416015625,0.0,8147.1904296875,0.06656000018119812,1.021299958229065,0.0,0.934220016002655,3.9148900508880615,1.5649700164794922,2.6226699352264404,4.630640029907227,0.0,0.0,0.0,0.0,0.0,0.0,0.0,279.896484375,0.0,154.6413116455078,1600.103515625,412.8515930175781,0.0,3000.65478515625,0.0,0.0,0.0,0.0,0.0,0.0,39.62833786010742,39.62833786010742,229.15667724609375,218.1802978515625,229.49855041503906,0.0,0.0,0.0,229.15667724609375,218.1802978515625,229.49855041503906,0.0,0.0,0.0,50.400001525878906,47.18941116333008,50.5,0.0,0.0,0.0
30.0,14.755249977111816,17098.947265625,1836.469970703125,5902.10009765625,9360.3759765625,1600.0,16.8326416015625,0.0,8051.15478515625,0.06656000018119812,1.021299958229065,0.0,0.934220016002655,3.9148900508880615,1.5649700164794922,2.6226699352264404,4.630640029907227,0.0,0.0,0.0,0.0,0.0,0.0,30.670848846435547,279.896484375,0.0,154.6413116455078,420.2856140136719,390.8794250488281,1104.9893798828125,3000.65478515625,0.0,0.0,0.0,0.0,0.0,0.0,41.07063293457031,41.07063293457031,269.991943359375,237.2225341796875,243.0858917236328,0.0,0.0,0.0,269.991943359375,237.2225341796875,243.0858917236328,0.0,0.0,0.0,62.13999938964844,52.55495071411133,54.269981384277344,0.0,0.0,0.0
31.0,14.767749786376953,17098.947265625,1836.469970703125,5902.10009765625,9360.3759765625,1600.0,17.075881958007812,0.0,7939.50146484375,0.06656000018119812,1.021299958229065,0.0,0.934220016002655,3.9148900508880615,1.5774699449539185,2.6226699352264404,4.630640029907227,0.0,0.0,0.0,0.0,0.0,0.0,30.670848846435547,279.896484375,0.0,154.6413116455078,1078.419189453125,386.2782287597656,374.79168701171875,3000.65478515625,0.0,0.0,0.0,0.0,0.0,0.0,42.52854919433594,42.52854919433594,270.8235168457031,236.72647094726562,231.02865600585938,0.0,0.0,0.0,270.8235168457031,236.72647094726562,231.02865600585938,0.0,0.0,0.0,62.13999938964844,52.16661071777344,50.5,0.0,0.0,0.0
32.0,14.767749786376953,17103.947265625,1836.469970703125,5907.10009765625,9360.3759765625,1600.0,16.61008644104004,0.0,8164.96484375,0.06656000018119812,1.021299958229065,0.0,0.934220016002655,3.9148900508880615,1.5774699449539185,2.6226699352264404,4.630640029907227,0.0,0.0,0.0,0.0,0.0,0.0,30.670848846435547,279.896484375,0.0,154.6413116455078,173.8208770751953,307.1144714355469,1508.92626953125,3000.65478515625,0.0,0.0,0.0,0.0,0.0,0.0,44.023529052734375,44.023529052734375,269.2310791015625,237.89041137695312,269.99395751953125,0.0,0.0,0.0,269.2310791015625,237.89041137695312,269.99395751953125,0.0,0.0,0.0,62.13999938964844,52.97285842895508,62.36314392089844,0.0,0.0,0.0
33.0,14.767749786376953,17103.947265625,1836.469970703125,5907.10009765625,9360.3759765625,1600.0,16.614839553833008,0.0,8164.96484375,0.06656000018119812,1.021299958229065,0.0,0.934220016002655,3.9148900508880615,1.5774699449539185,2.6226699352264404,4.630640029907227,0.0,0.0,0.0,0.0,0.0,0.0,30.670848846435547,279.896484375,0.0,154.6413116455078,165.2521514892578,314.95135498046875,1508.097900390625,3000.65478515625,0.0,0.0,0.0,0.0,0.0,0.0,45.58369827270508,45.58369827270508,269.247314453125,236.83038330078125,269.9479675292969,0.0,0.0,0.0,269.247314453125,236.83038330078125,269.9479675292969,0.0,0.0,0.0,62.13999938964844,52.65804672241211,62.344940185546875,0.0,0.0,0.0
34.0,14.767749786376953,17103.947265625,1836.469970703125,5907.10009765625,9360.3759765625,1600.0,16.401775360107422,0.0,8272.533203125,0.06656000018119812,1.021299958229065,0.0,0.934220016002655,3.9148900508880615,1.5774699449539185,2.6226699352264404,4.630640029907227,0.0,0.0,0.0,0.0,0.0,0.0,30.670848846435547,279.896484375,0.0,154.6413116455078,426.6051940917969,397.97674560546875,1234.5704345703125,3000.65478515625,0.0,0.0,0.0,0.0,0.0,0.0,47.18858337402344,47.18858337402344,268.5188903808594,237.65029907226562,248.5709228515625,0.0,0.0,0.0,268.5188903808594,237.65029907226562,248.5709228515625,0.0,0.0,0.0,62.13999938964844,53.110939025878906,56.30521774291992,0.0,0.0,0.0
35.0,14.767749786376953,17103.947265625,1836.469970703125,5907.10009765625,9360.3759765625,1600.0,16.08863067626953,0.0,8434.6513671875,0.06656000018119812,1.021299958229065,0.0,0.934220016002655,3.9148900508880615,1.5774699449539185,2.6226699352264404,4.630640029907227,0.0,0.0,0.0,0.0,0.0,0.0,11.96236801147461,279.896484375,0.0,154.6413116455078,1490.415771484375,694.9827880859375,0.0,3000.65478515625,0.0,0.0,0.0,0.0,0.0,0.0,48.84979248046875,48.84979248046875,227.31155395507812,224.36309814453125,227.79537963867188,0.0,0.0,0.0,227.31155395507812,224.36309814453125,227.79537963867188,0.0,0.0,0.0,50.400001525878906,49.53757858276367,50.54151916503906,0.0,0.0,0.0
36.0,14.767749786376953,17108.814453125,1836.469970703125,5907.10009765625,9365.244140625,1600.0,15.425413131713867,0.0,8799.232421875,0.06656000018119812,1.021299958229065,0.0,0.934220016002655,3.9148900508880615,1.5774699449539185,2.6226699352264404,4.630640029907227,0.0,0.0,0.0,0.0,0.0,0.0,0.0,279.896484375,0.0,154.6413116455078,1626.876220703125,920.7755737304688,0.0,2894.207763671875,0.0,0.0,0.0,0.0,0.0,0.0,50.58037185668945,50.58037185668945,145.04415893554688,212.7364501953125,191.86981201171875,0.0,0.0,0.0,145.04415893554688,212.7364501953125,191.86981201171875,0.0,0.0,0.0,27.000001907348633,46.79999923706055,40.69650650024414,0.0,0.0,0.0
37.0,14.987750053405762,17226.72265625,1836.469970703125,5907.10009765625,9483.1533203125,1600.0,14.943732261657715,0.0,9145.1650390625,0.06656000018119812,1.2412999868392944,0.0,0.934220016002655,3.9148900508880615,1.5774699449539185,2.6226699352264404,4.630640029907227,0.0,0.0,0.0,0.0,0.0,0.0,0.0,340.189453125,0.0,154.6413116455078,2818.720703125,1135.7784423828125,0.0,1658.28515625,0.0,0.0,0.0,0.0,0.0,0.0,52.375850677490234,52.375850677490234,171.03530883789062,181.69287109375,166.18788146972656,0.0,0.0,0.0,171.03530883789062,181.69287109375,166.18788146972656,0.0,0.0,0.0,35.08409881591797,38.20143127441406,33.66622543334961,0.0,0.0,0.0
38.0,14.987750053405762,17459.5390625,1836.469970703125,5995.10009765625,9627.9697265625,1600.0,15.042145729064941,0.0,9210.25,0.06656000018119812,1.2412999868392944,0.0,0.934220016002655,3.9148900508880615,1.5774699449539185,2.6226699352264404,4.630640029907227,0.0,0.0,0.0,0.0,0.0,0.0,0.0,340.189453125,0.0,154.6413116455078,2818.720703125,1135.7784423828125,0.0,1700.3292236328125,0.0,0.0,0.0,0.0,0.0,0.0,54.17125701904297,54.17125701904297,114.45775604248047,182.9803009033203,172.791748046875,0.0,0.0,0.0,114.45775604248047,182.9803009033203,172.791748046875,0.0,0.0,0.0,18.436748504638672,38.479591369628906,35.49944305419922,0.0,0.0,0.0
39.0,14.987750053405762,17486.4375,1836.469970703125,5995.10009765625,9654.8681640625,1600.0,15.519997596740723,0.0,8945.3515625,0.06656000018119812,1.2412999868392944,0.0,0.934220016002655,3.9148900508880615,1.5774699449539185,2.6226699352264404,4.630640029907227,0.0,0.0,0.0,0.0,0.0,0.0,0.0,340.189453125,0.0,154.6413116455078,2818.720703125,945.308349609375,0.0,1710.6375732421875,0.0,0.0,0.0,0.0,0.0,0.0,55.90324401855469,55.90324401855469,79.31697082519531,184.91586303710938,161.16452026367188,0.0,0.0,0.0,79.31697082519531,184.91586303710938,161.16452026367188,0.0,0.0,0.0,7.680215835571289,38.56789016723633,31.620624542236328,0.0,0.0,0.0
40.0,14.987750053405762,17486.4375,1836.469970703125,5995.10009765625,9654.8681640625,1600.0,15.512920379638672,0.0,8951.8408203125,0.06656000018119812,1.2412999868392944,0.0,0.934220016002655,3.9148900508880615,1.5774699449539185,2.6226699352264404,4.630640029907227,0.0,0.0,0.0,0.0,0.0,0.0,0.0,340.189453125,0.0,154.6413116455078,2818.720703125,584.4715576171875,0.0,2074.197509765625,0.0,0.0,0.0,0.0,0.0,0.0,57.5506477355957,57.5506477355957,92.50650024414062,193.92657470703125,196.89088439941406,0.0,0.0,0.0,92.50650024414062,193.92657470703125,196.89088439941406,0.0,0.0,0.0,11.5452299118042,41.210601806640625,42.07766342163086,0.0,0.0,0.0
41.0,14.987750053405762,17486.4375,1836.469970703125,5995.10009765625,9654.8681640625,1600.0,16.239242553710938,0.0,8557.6376953125,0.06656000018119812,1.2412999868392944,0.0,0.934220016002655,3.9148900508880615,1.5774699449539185,2.6226699352264404,4.630640029907227,0.0,0.0,0.0,0.0,0.0,0.0,11.96236801147461,340.189453125,0.0,154.6413116455078,1781.5078125,416.1492004394531,0.0,3000.65478515625,0.0,0.0,0.0,0.0,0.0,0.0,59.13985824584961,59.13985824584961,168.57589721679688,223.35214233398438,230.34156799316406,0.0,0.0,0.0,168.57589721679688,223.35214233398438,230.34156799316406,0.0,0.0,0.0,33.06920623779297,49.09125900268555,51.13566589355469,0.0,0.0,0.0
42.0,14.987750053405762,17486.4375,1836.469970703125,5995.10009765625,9654.8681640625,1600.0,16.439498901367188,0.0,8456.7666015625,0.06656000018119812,1.2412999868392944,0.0,0.934220016002655,3.9148900508880615,1.5774699449539185,2.6226699352264404,4.630640029907227,0.0,0.0,0.0,0.0,0.0,0.0,11.96236801147461,340.189453125,0.0,154.6413116455078,1734.1591796875,394.00152587890625,0.0,3000.65478515625,0.0,0.0,0.0,0.0,0.0,0.0,60.69155502319336,60.69155502319336,132.9626922607422,227.8117218017578,231.33059692382812,0.0,0.0,0.0,132.9626922607422,227.8117218017578,231.33059692382812,0.0,0.0,0.0,22.45208740234375,50.19542694091797,51.224700927734375,0.0,0.0,0.0
43.0,14.987750053405762,17486.4375,1836.469970703125,5995.10009765625,9654.8681640625,1600.0,16.677915573120117,0.0,8339.4892578125,0.06656000018119812,1.2412999868392944,0.0,0.934220016002655,3.9148900508880615,1.5774699449539185,2.6226699352264404,4.630640029907227,0.0,0.0,0.0,0.0,0.0,0.0,30.670848846435547,340.189453125,0.0,154.6413116455078,152.074462890625,386.2782287597656,1490.5364990234375,3000.65478515625,0.0,0.0,0.0,0.0,0.0,0.0,62.258934020996094,62.258934020996094,269.46295166015625,238.12159729003906,268.7671813964844,0.0,0.0,0.0,269.46295166015625,238.12159729003906,268.7671813964844,0.0,0.0,0.0,62.13999938964844,52.97264862060547,61.93648910522461,0.0,0.0,0.0
44.0,14.987750053405762,17486.4375,1836.469970703125,5995.10009765625,9654.8681640625,1600.0,16.21693229675293,0.0,8576.3154296875,0.06656000018119812,1.2412999868392944,0.0,0.934220016002655,3.9148900508880615,1.5774699449539185,2.6226699352264404,4.630640029907227,0.0,0.0,0.0,0.0,0.0,0.0,30.670848846435547,340.189453125,0.0,154.6413116455078,483.9545593261719,307.1144714355469,1395.7286376953125,3000.65478515625,0.0,0.0,0.0,0.0,0.0,0.0,63.871150970458984,63.871150970458984,267.8869323730469,237.69668579101562,260.0549621582031,0.0,0.0,0.0,267.8869323730469,237.69668579101562,260.0549621582031,0.0,0.0,0.0,62.13999938964844,53.309349060058594,59.84914779663086,0.0,0.0,0.0
45.0,14.987750053405762,17486.4375,1836.469970703125,5995.10009765625,9654.8681640625,1600.0,16.221702575683594,0.0,8576.3154296875,0.06656000018119812,1.2412999868392944,0.0,0.934220016002655,3.9148900508880615,1.5774699449539185,2.6226699352264404,4.630640029907227,0.0,0.0,0.0,0.0,0.0,0.0,30.670848846435547,340.189453125,0.0,154.6413116455078,481.34228515625,314.95135498046875,1388.823486328125,3000.65478515625,0.0,0.0,0.0,0.0,0.0,0.0,65.55168914794922,65.55168914794922,267.90325927734375,237.83724975585938,259.3634948730469,0.0,0.0,0.0,267.90325927734375,237.83724975585938,259.3634948730469,0.0,0.0,0.0,62.13999938964844,53.3456916809082,59.64212417602539,0.0,0.0,0.0
46.0,14.987750053405762,17486.4375,1836.469970703125,5995.10009765625,9654.8681640625,1600.0,16.013172149658203,0.0,8689.298828125,0.06656000018119812,1.2412999868392944,0.0,0.934220016002655,3.9148900508880615,1.5774699449539185,2.6226699352264404,4.630640029907227,0.0,0.0,0.0,0.0,0.0,0.0,30.670848846435547,340.189453125,0.0,154.6413116455078,478.82080078125,397.97674560546875,1382.6942138671875,3000.65478515625,0.0,0.0,0.0,0.0,0.0,0.0,67.28032684326172,67.28032684326172,267.1903381347656,236.4917755126953,258.209228515625,0.0,0.0,0.0,267.1903381347656,236.4917755126953,258.209228515625,0.0,0.0,0.0,62.13999938964844,53.16067123413086,59.513023376464844,0.0,0.0,0.0
47.0,14.987750053405762,17523.443359375,1836.469970703125,6032.10400390625,9654.8681640625,1600.0,15.739874839782715,0.0,8859.5859375,0.06656000018119812,1.2412999868392944,0.0,0.934220016002655,3.9148900508880615,1.5774699449539185,2.6226699352264404,4.630640029907227,0.0,0.0,0.0,0.0,0.0,0.0,11.96236801147461,340.189453125,0.0,154.6413116455078,1696.1322021484375,694.9827880859375,0.0,3000.65478515625,0.0,0.0,0.0,0.0,0.0,0.0,69.06774139404297,69.06774139404297,226.11923217773438,227.6060791015625,226.4611053466797,0.0,0.0,0.0,226.11923217773438,227.6060791015625,226.4611053466797,0.0,0.0,0.0,50.400001525878906,50.834903717041016,50.5,0.0,0.0,0.0
48.0,15.123624801635742,17615.126953125,1836.469970703125,6107.99169921875,9670.6650390625,1600.0,15.199251174926758,0.0,9221.26953125,0.06656000018119812,1.2412999868392944,0.0,0.934220016002655,3.9148900508880615,1.5774699449539185,2.6226699352264404,4.630640029907227,0.0,0.06351491063833237,0.07235971838235855,0.0,0.0,0.0,0.0,340.189453125,0.0,154.6413116455078,1708.566162109375,920.7755737304688,0.0,3000.65478515625,0.0,7.62178897857666,7.8799729347229,0.0,0.0,0.0,70.92438507080078,70.92438507080078,224.2709197998047,211.9632568359375,224.61264038085938,0.0,0.0,0.0,224.2709197998047,211.9632568359375,224.61264038085938,0.0,0.0,0.0,50.399993896484375,46.79999923706055,50.49994659423828,0.0,0.0,0.0
49.0,15.24665355682373,17762.6015625,1836.469970703125,6132.0029296875,9794.1279296875,1600.0,14.744766235351562,0.0,9583.7998046875,0.06656000018119812,1.2412999868392944,0.0,0.934220016002655,3.9148900508880615,1.5774699449539185,2.6226699352264404,4.630640029907227,0.0,0.12102514505386353,0.13787856698036194,0.0,0.0,0.0,0.0,340.189453125,0.0,154.6413116455078,2818.720703125,1135.7784423828125,0.0,1903.71875,0.0,14.523016929626465,15.014976501464844,0.0,0.0,0.0,72.85884857177734,72.85884857177734,128.01931762695312,185.91748046875,177.0446319580078,0.0,0.0,0.0,128.01931762695312,185.91748046875,177.0446319580078,0.0,0.0,0.0,22.700883865356445,39.63609313964844,37.04078674316406,0.0,0.0,0.0
50.0,15.310905456542969,17899.998046875,1836.469970703125,6139.60009765625,9923.927734375,1600.0,14.75709056854248,0.0,9652.0,0.06656000018119812,1.2412999868392944,0.0,0.934220016002655,3.9148900508880615,1.5774699449539185,2.6226699352264404,4.630640029907227,0.0,0.15105967223644257,0.17209558188915253,0.0,0.0,0.0,0.0,340.189453125,0.0,154.6413116455078,2818.720703125,1135.7784423828125,0.0,1940.3873291015625,0.0,18.127161026000977,18.741209030151367,0.0,0.0,0.0,74.79827117919922,74.79827117919922,71.14743041992188,187.64369201660156,164.98927307128906,0.0,0.0,0.0,71.14743041992188,187.64369201660156,164.98927307128906,0.0,0.0,0.0,6.053534030914307,40.12868881225586,33.50227355957031,0.0,0.0,0.0
51.0,15.339247703552246,17926.099609375,1836.469970703125,6142.00390625,9947.625,1600.0,15.226027488708496,0.0,9374.400390625,0.06656000018119812,1.2412999868392944,0.0,0.934220016002655,3.9148900508880615,1.5774699449539185,2.6226699352264404,4.630640029907227,0.0,0.16430838406085968,0.1871892511844635,0.0,0.0,0.0,0.0,340.189453125,0.0,154.6413116455078,2818.720703125,945.308349609375,0.0,1938.77783203125,0.0,19.71700668334961,20.384910583496094,0.0,0.0,0.0,76.65913391113281,76.65913391113281,63.68626022338867,188.29367065429688,176.97479248046875,0.0,0.0,0.0,63.68626022338867,188.29367065429688,176.97479248046875,0.0,0.0,0.0,3.4022042751312256,39.84986877441406,36.53909683227539,0.0,0.0,0.0
52.0,15.350750923156738,17926.859375,1836.469970703125,6142.7646484375,9947.625,1600.0,15.219826698303223,0.0,9381.193359375,0.06656000018119812,1.2412999868392944,0.0,0.934220016002655,3.9148900508880615,1.5774699449539185,2.6226699352264404,4.630640029907227,0.0,0.169685497879982,0.19331514835357666,0.0,0.0,0.0,0.0,340.189453125,0.0,154.6413116455078,2818.720703125,584.4715576171875,0.0,2301.1083984375,0.0,20.362258911132812,21.052019119262695,0.0,0.0,0.0,78.42829132080078,78.42829132080078,85.52459716796875,198.2276611328125,210.598388671875,0.0,0.0,0.0,85.52459716796875,198.2276611328125,210.598388671875,0.0,0.0,0.0,9.79611873626709,42.76176452636719,46.38019943237305,0.0,0.0,0.0
53.0,15.355192184448242,17927.099609375,1836.469970703125,6143.00537109375,9947.625,1600.0,15.934922218322754,0.0,8968.0859375,0.06656000018119812,1.2412999868392944,0.0,0.934220016002655,3.9148900508880615,1.5774699449539185,2.6226699352264404,4.630640029907227,0.0,0.17176182568073273,0.1956806182861328,0.0,0.0,0.0,30.670848846435547,340.189453125,0.0,154.6413116455078,1976.348388671875,416.1492004394531,0.0,3000.65478515625,0.0,20.611419677734375,21.309619903564453,0.0,0.0,0.0,80.1385269165039,80.1385269165039,160.78305053710938,230.9541778564453,233.032470703125,0.0,0.0,0.0,160.78305053710938,230.9541778564453,233.032470703125,0.0,0.0,0.0,31.0941219329834,51.61917495727539,52.22707748413086,0.0,0.0,0.0
54.0,15.356851577758789,17927.17578125,1836.469970703125,6143.08154296875,9947.625,1600.0,16.13222312927246,0.0,8862.37890625,0.06656000018119812,1.2412999868392944,0.0,0.934220016002655,3.9148900508880615,1.5774699449539185,2.6226699352264404,4.630640029907227,0.0,0.1725374311208725,0.19656424224376678,0.0,0.0,0.0,30.670848846435547,340.189453125,0.0,154.6413116455078,481.9297790527344,394.00152587890625,1443.502685546875,3000.65478515625,0.0,20.704492568969727,21.405845642089844,0.0,0.0,0.0,81.81120300292969,81.81120300292969,267.59735107421875,237.22010803222656,263.27716064453125,0.0,0.0,0.0,267.59735107421875,237.22010803222656,263.27716064453125,0.0,0.0,0.0,62.13999938964844,53.25465774536133,60.8763427734375,0.0,0.0,0.0
55.0,15.357457160949707,17927.201171875,1836.469970703125,6143.10546875,9947.625,1600.0,16.36707878112793,0.0,8739.4775390625,0.06656000018119812,1.2412999868392944,0.0,0.934220016002655,3.9148900508880615,1.5774699449539185,2.6226699352264404,4.630640029907227,0.0,0.17282038927078247,0.1968865990638733,0.0,0.0,0.0,30.670848846435547,340.189453125,0.0,154.6413116455078,1473.8189697265625,386.2782287597656,374.79168701171875,3000.65478515625,0.0,20.738447189331055,21.440950393676758,0.0,0.0,0.0,83.5033950805664,83.5033950805664,268.4002685546875,235.18759155273438,232.48757934570312,0.0,0.0,0.0,268.4002685546875,235.18759155273438,232.48757934570312,0.0,0.0,0.0,62.13999938964844,52.42529296875,51.63554000854492,0.0,0.0,0.0
56.0,15.357673645019531,17927.208984375,1836.469970703125,6143.11328125,9947.625,1600.0,15.913444519042969,0.0,8987.6552734375,0.06656000018119812,1.2412999868392944,0.0,0.934220016002655,3.9148900508880615,1.5774699449539185,2.6226699352264404,4.630640029907227,0.0,0.1729217916727066,0.1970021277666092,0.0,0.0,0.0,30.670848846435547,340.189453125,0.0,154.6413116455078,582.5226440429688,307.1144714355469,1510.657958984375,3000.65478515625,0.0,20.750614166259766,21.45353126525879,0.0,0.0,0.0,85.23998260498047,85.23998260498047,266.8493957519531,234.95294189453125,267.73828125,0.0,0.0,0.0,266.8493957519531,234.95294189453125,267.73828125,0.0,0.0,0.0,62.13999938964844,52.8102912902832,62.400001525878906,0.0,0.0,0.0
57.0,15.35775089263916,17927.2109375,1836.469970703125,6143.11572265625,9947.625,1600.0,15.918285369873047,0.0,8987.6552734375,0.06656000018119812,1.2412999868392944,0.0,0.934220016002655,3.9148900508880615,1.5774699449539185,2.6226699352264404,4.630640029907227,0.0,0.1729576289653778,0.19704295694828033,0.0,0.0,0.0,13.521408081054688,340.189453125,0.0,154.6413116455078,2097.87158203125,314.95135498046875,2.798464775085449,3000.65478515625,0.0,20.75491714477539,21.457977294921875,0.0,0.0,0.0,87.05420684814453,87.05420684814453,135.8770294189453,223.10134887695312,232.70558166503906,0.0,0.0,0.0,135.8770294189453,223.10134887695312,232.70558166503906,0.0,0.0,0.0,23.825746536254883,49.33885955810547,52.14809799194336,0.0,0.0,0.0
58.0,15.35777759552002,17927.2109375,1836.469970703125,6143.1162109375,9947.625,1600.0,15.713165283203125,0.0,9106.0634765625,0.06656008213758469,1.2413241863250732,7.149879479584342e-07,0.934220016002655,3.9148900508880615,1.5774704217910767,2.6226699352264404,4.630641460418701,2.1522863491441058e-08,0.1729576289653778,0.19704295694828033,0.0,0.0,0.0,30.67088508605957,340.1960754394531,0.0001959489018190652,154.6413116455078,567.72119140625,397.97686767578125,1510.657958984375,3000.655517578125,1.2397169484756887e-05,20.75491714477539,21.457977294921875,0.0,0.0,0.0,88.91963958740234,88.91963958740234,266.1646728515625,251.94244384765625,267.0535583496094,0.0,0.0,0.0,266.1646728515625,251.94244384765625,267.0535583496094,0.0,0.0,0.0,62.13999938964844,57.97999954223633,62.400001525878906,0.0,0.0,0.0
59.0,15.711038589477539,18296.28125,1836.469970703125,6512.18603515625,9947.625,1600.0,15.728951454162598,0.0,9284.51171875,0.06741373240947723,1.5580250024795532,0.01046284381300211,0.934220016002655,3.9148900508880615,1.5835613012313843,2.6226727962493896,4.64954948425293,0.0002329848794033751,0.17296232283115387,0.19704829156398773,0.0,0.0,0.0,31.06424903869629,426.99078369140625,2.8674368858337402,154.6413116455078,480.413818359375,697.6664428710938,1314.08447265625,3012.908203125,0.13419929146766663,20.755477905273438,21.458559036254883,0.0,0.0,0.0,90.86651611328125,90.86651611328125,266.2186279296875,251.9964141845703,252.69151306152344,0.0,0.0,0.0,266.2186279296875,251.9964141845703,252.69151306152344,0.0,0.0,0.0,62.13999938964844,57.97999954223633,58.183319091796875,0.0,0.0,0.0
60.0,16.327085494995117,18573.62890625,1836.469970703125,6749.13037109375,9988.0283203125,1600.0,15.324394226074219,0.0,9671.4365234375,0.06865166872739792,2.1090192794799805,0.028560930863022804,0.934220016002655,3.9148900508880615,1.5943632125854492,2.6226768493652344,4.684108734130859,0.0005708175012841821,0.17296838760375977,0.19705520570278168,0.0,0.0,0.0,0.0,577.9957275390625,7.827380657196045,154.6413116455078,1672.6270751953125,930.6361694335938,0.0,3035.30224609375,0.3287908732891083,20.756206512451172,21.459312438964844,0.0,0.0,0.0,92.90196228027344,92.90196228027344,224.6987762451172,212.39108276367188,225.4696502685547,0.0,0.0,0.0,224.6987762451172,212.39108276367188,225.4696502685547,0.0,0.0,0.0,50.400001525878906,46.79999923706055,50.6254768371582,0.0,0.0,0.0
61.0,16.850971221923828,18938.529296875,1836.469970703125,6906.7041015625,10195.35546875,1600.0,15.030914306640625,0.0,10051.6650390625,0.06957881897687912,2.5770063400268555,0.04380062222480774,0.934220016002655,3.9148900508880615,1.6036500930786133,2.6226799488067627,4.714288234710693,0.0008238370646722615,0.17297261953353882,0.19706003367900848,0.0,0.0,0.0,0.0,706.2517700195312,12.003955841064453,154.6413116455078,2818.720703125,1154.6280517578125,0.0,1787.02001953125,0.09632159024477005,20.7567138671875,21.459836959838867,0.0,0.0,0.0,95.0111312866211,95.0111312866211,174.46417236328125,184.58091735839844,150.2180633544922,0.0,0.0,0.0,174.46417236328125,184.58091735839844,150.2180633544922,0.0,0.0,0.0,35.999855041503906,38.95900344848633,28.90787124633789,0.0,0.0,0.0
62.0,17.18292236328125,19183.78515625,1836.469970703125,6956.56103515625,10390.7548828125,1600.0,15.121180534362793,0.0,10123.2001953125,0.06990883499383926,2.872185230255127,0.05331459641456604,0.934220016002655,3.9148900508880615,1.6072046756744385,2.622680902481079,4.733494281768799,0.0009138979366980493,0.17396476864814758,0.2001446932554245,0.0,0.0,0.0,0.0,787.1482543945312,14.611346244812012,154.6413116455078,2818.720703125,1157.1873779296875,0.0,1746.57666015625,0.10470345616340637,20.87577247619629,21.79575538635254,0.0,0.0,0.0,97.11249542236328,97.11249542236328,144.00404357910156,183.25718688964844,188.55784606933594,0.0,0.0,0.0,144.00404357910156,183.25718688964844,188.55784606933594,0.0,0.0,0.0,27.000003814697266,38.48154830932617,40.031986236572266,0.0,0.0,0.0
63.0,17.550132751464844,19480.69921875,1836.469970703125,7215.0166015625,10429.2138671875,1600.0,15.82157039642334,0.0,9832.0439453125,0.07008974999189377,3.1663529872894287,0.06303394585847855,0.934220016002655,3.9148900508880615,1.6092098951339722,2.6226816177368164,4.751259803771973,0.0009632697328925133,0.18450471758842468,0.2329259067773819,0.0,0.0,0.0,0.0,867.767578125,17.275020599365234,154.6413116455078,2818.720703125,964.3287353515625,0.0,1653.19140625,0.10442159324884415,22.140565872192383,25.365631103515625,0.0,0.0,0.0,99.12237548828125,99.12237548828125,146.39852905273438,184.13888549804688,109.07917022705078,0.0,0.0,0.0,146.39852905273438,184.13888549804688,109.07917022705078,0.0,0.0,0.0,27.0,38.03905487060547,16.08408546447754,0.0,0.0,0.0
64.0,18.08979606628418,19696.419921875,1836.469970703125,7430.73583984375,10429.2138671875,1600.0,15.989652633666992,0.0,9839.1689453125,0.07030065357685089,3.5886664390563965,0.0771251693367958,0.934220016002655,3.9148900508880615,1.6115665435791016,2.6226823329925537,4.775824069976807,0.0010208257008343935,0.20301012694835663,0.29049015045166016,0.0,0.0,0.0,0.0,983.50634765625,21.13684844970703,154.6413116455078,2818.720703125,597.104736328125,0.0,1895.20703125,0.12678396701812744,24.36121368408203,31.634376525878906,0.0,0.0,0.0,101.01766204833984,101.01766204833984,142.55770874023438,189.13731384277344,150.0806884765625,0.0,0.0,0.0,142.55770874023438,189.13731384277344,150.0806884765625,0.0,0.0,0.0,25.70847511291504,39.333011627197266,27.908950805664062,0.0,0.0,0.0
65.0,18.488065719604492,19764.673828125,1836.469970703125,7498.99072265625,10429.2138671875,1600.0,16.8010196685791,0.0,9405.90234375,0.07043968141078949,3.897336959838867,0.0874386578798294,0.934220016002655,3.9148900508880615,1.6131302118301392,2.622682809829712,4.793484210968018,0.00105876789893955,0.21757730841636658,0.335807204246521,0.0,0.0,0.0,0.0,1068.100341796875,23.96335220336914,154.6413116455078,1391.05615234375,425.5566711425781,0.0,3106.177734375,0.6098503470420837,26.109277725219727,36.56940460205078,0.0,0.0,0.0,102.83392333984375,102.83392333984375,229.7470703125,217.4393768310547,230.0888214111328,0.0,0.0,0.0,229.7470703125,217.4393768310547,230.0888214111328,0.0,0.0,0.0,50.400001525878906,46.79999923706055,50.499961853027344,0.0,0.0,0.0
66.0,18.686067581176758,19786.271484375,1836.469970703125,7520.5869140625,10429.2138671875,1600.0,17.02823257446289,0.0,9295.0283203125,0.07047463208436966,4.064721584320068,0.09302254021167755,0.934220016002655,3.9148900508880615,1.6135255098342896,2.622682809829712,4.801329135894775,0.001068305573426187,0.22165155410766602,0.3484821915626526,0.0,0.0,0.0,12.563407897949219,1113.9736328125,25.49366569519043,154.6413116455078,1270.2318115234375,403.00701904296875,0.0024685142561793327,3111.26123046875,0.6153440475463867,26.598186492919922,37.949710845947266,0.0,0.0,0.0,104.59749603271484,104.59749603271484,234.73789978027344,256.43841552734375,235.0640869140625,0.0,0.0,0.0,234.73789978027344,256.43841552734375,235.0640869140625,0.0,0.0,0.0,51.63260269165039,57.97999954223633,51.72801208496094,0.0,0.0,0.0
67.0,18.92902374267578,19957.685546875,1836.469970703125,7692.00244140625,10429.2138671875,1600.0,17.426546096801758,0.0,9166.1318359375,0.07049648463726044,4.279961109161377,0.10021591186523438,0.934220016002655,3.9148900508880615,1.6137731075286865,2.622683048248291,4.810426235198975,0.0010742684826254845,0.22436372935771942,0.3569194972515106,0.0,0.0,0.0,27.505294799804688,1172.9619140625,27.46507453918457,154.6413116455078,825.97802734375,395.1678466796875,280.4525451660156,3117.15625,0.618778645992279,26.923646926879883,38.8685302734375,0.0,0.0,0.0,106.37434387207031,106.37434387207031,260.9836730957031,257.3848876953125,233.07960510253906,0.0,0.0,0.0,260.9836730957031,257.3848876953125,233.07960510253906,0.0,0.0,0.0,58.91117858886719,57.85853576660156,50.749237060546875,0.0,0.0,0.0
68.0,19.2498779296875,20077.9453125,1836.469970703125,7812.26220703125,10429.2138671875,1600.0,17.044208526611328,0.0,9426.4228515625,0.0705171450972557,4.568281650543213,0.10985617339611053,0.934220016002655,3.9148900508880615,1.6140073537826538,2.622683048248291,4.82230281829834,0.001079907058738172,0.22698062658309937,0.3650601804256439,0.0,0.0,0.0,12.570080757141113,1251.978759765625,30.107072830200195,154.6413116455078,1285.2425537109375,314.2278747558594,0.0,3124.852294921875,0.6220265030860901,27.237674713134766,39.75505447387695,0.0,0.0,0.0,108.20506286621094,108.20506286621094,234.66537475585938,224.40353393554688,235.26866149902344,0.0,0.0,0.0,234.66537475585938,224.40353393554688,235.26866149902344,0.0,0.0,0.0,51.59541320800781,48.59382629394531,51.771873474121094,0.0,0.0,0.0
69.0,19.520978927612305,20160.654296875,1836.469970703125,7894.97021484375,10429.2138671875,1600.0,17.119661331176758,0.0,9426.4228515625,0.07053139805793762,4.813509941101074,0.1180485263466835,0.934220016002655,3.9148900508880615,1.6141691207885742,2.622683048248291,4.832293510437012,0.001083795796148479,0.22880733013153076,0.3707430064678192,0.0,0.0,0.0,12.048473358154297,1319.185791015625,32.352264404296875,154.6413116455078,1201.5169677734375,322.2785339355469,0.0,3128.85400390625,0.6155253648757935,27.456880569458008,40.3739128112793,0.0,0.0,0.0,110.11609649658203,110.11609649658203,231.9691162109375,225.1280975341797,234.94586181640625,0.0,0.0,0.0,231.9691162109375,225.1280975341797,234.94586181640625,0.0,0.0,0.0,50.73130416870117,48.730308532714844,51.60200500488281,0.0,0.0,0.0
70.0,19.693988800048828,20186.82421875,1836.469970703125,7921.1396484375,10429.2138671875,1600.0,16.920337677001953,0.0,9550.6162109375,0.07053956389427185,4.9704766273498535,0.12328760325908661,0.934220016002655,3.9148900508880615,1.6142618656158447,2.622683048248291,4.838655948638916,0.0010860252659767866,0.22986239194869995,0.3740253746509552,0.0,0.0,0.0,11.00190544128418,1362.203857421875,33.78807830810547,154.6413116455078,1158.6422119140625,407.2588806152344,0.0,3124.570068359375,0.5968697667121887,27.583486557006836,40.73136520385742,0.0,0.0,0.0,112.07582092285156,112.07582092285156,234.2317657470703,223.5198211669922,225.62112426757812,0.0,0.0,0.0,234.2317657470703,223.5198211669922,225.62112426757812,0.0,0.0,0.0,51.59245300292969,48.45920944213867,49.0738410949707,0.0,0.0,0.0
71.0,19.776330947875977,20195.103515625,1836.469970703125,7929.419921875,10429.2138671875,1600.0,16.601505279541016,0.0,9737.775390625,0.07054316997528076,5.045324325561523,0.12578502297401428,0.934220016002655,3.9148900508880615,1.6143028736114502,2.622683048248291,4.841680526733398,0.0010870099067687988,0.23033097386360168,0.3754831850528717,0.0,0.0,0.0,0.0,1382.716552734375,34.47251892089844,154.6413116455078,993.3368530273438,711.2101440429688,0.0,3099.59716796875,0.5513614416122437,27.63971710205078,40.89012145996094,0.0,0.0,0.0,114.10474395751953,114.10474395751953,210.9414520263672,216.60841369628906,201.3065185546875,0.0,0.0,0.0,210.9414520263672,216.60841369628906,201.3065185546875,0.0,0.0,0.0,45.09886932373047,46.7564582824707,42.2806510925293,0.0,0.0,0.0
72.0,19.81111717224121,20197.72265625,1836.469970703125,7932.03955078125,10429.2138671875,1600.0,16.0782470703125,0.0,10053.5458984375,0.07054461538791656,5.076987266540527,0.12684133648872375,0.934220016002655,3.9148900508880615,1.6143192052841187,2.622683048248291,4.842957019805908,0.0010874029248952866,0.23051881790161133,0.3760676085948944,0.0,0.0,0.0,0.0,1391.3941650390625,34.76201248168945,154.6413116455078,2814.501953125,942.2845458984375,0.0,1249.3812255859375,0.08869972079992294,27.66225814819336,40.95376205444336,0.0,0.0,0.0,116.18695831298828,116.18695831298828,147.7754669189453,179.7299346923828,191.13668823242188,0.0,0.0,0.0,147.7754669189453,179.7299346923828,191.13668823242188,0.0,0.0,0.0,27.146076202392578,36.492759704589844,39.82923126220703,0.0,0.0,0.0
73.0,19.824886322021484,20317.056640625,1836.469970703125,7932.86865234375,10547.716796875,1600.0,15.55591106414795,0.0,10448.7939453125,0.07054515928030014,5.089533805847168,0.12725985050201416,0.934220016002655,3.9148900508880615,1.6143254041671753,2.622683048248291,4.843461990356445,0.0010875514708459377,0.2305901199579239,0.376289427280426,0.0,0.0,0.0,0.0,1394.83251953125,34.876708984375,154.6413116455078,2816.83642578125,1162.3143310546875,0.0,1287.5560302734375,0.09141906350851059,27.670814514160156,40.9779167175293,0.0,0.0,0.0,118.2898941040039,118.2898941040039,157.53573608398438,182.0076446533203,141.49209594726562,0.0,0.0,0.0,157.53573608398438,182.0076446533203,141.49209594726562,0.0,0.0,0.0,30.523290634155273,37.68132781982422,25.830528259277344,0.0,0.0,0.0
74.0,19.83011817932129,20489.73828125,1836.469970703125,7933.130859375,10720.1376953125,1600.0,15.580060958862305,0.0,10523.150390625,0.07054516673088074,5.094107627868652,0.12741494178771973,0.934220016002655,3.9148900508880615,1.6143255233764648,2.622683048248291,4.843790054321289,0.001087554031983018,0.2306331843137741,0.3764200210571289,0.0,0.0,0.0,0.0,1396.086181640625,34.919212341308594,154.6413116455078,2818.720703125,1162.3143310546875,0.0,1332.3497314453125,0.09459740668535233,27.675981521606445,40.99214172363281,0.0,0.0,0.0,120.37796020507812,120.37796020507812,106.83892059326172,175.6818389892578,88.20735168457031,0.0,0.0,0.0,106.83892059326172,175.6818389892578,88.20735168457031,0.0,0.0,0.0,15.670323371887207,35.80687713623047,10.220588684082031,0.0,0.0,0.0
75.0,19.941646575927734,20666.0390625,1836.469970703125,8075.669921875,10753.8994140625,1600.0,16.19249153137207,0.0,10220.4990234375,0.07054521143436432,5.171523571014404,0.13007645308971405,0.934220016002655,3.9148900508880615,1.614326000213623,2.622683048248291,4.848439693450928,0.001087565440684557,0.23728325963020325,0.39657220244407654,0.0,0.0,0.0,0.0,1417.3026123046875,35.648624420166016,154.6413116455078,2818.720703125,967.39453125,0.0,1296.484619140625,0.09201941639184952,28.473989486694336,43.18671417236328,0.0,0.0,0.0,122.3676986694336,122.3676986694336,66.02359008789062,176.8626708984375,110.48287963867188,0.0,0.0,0.0,66.02359008789062,176.8626708984375,110.48287963867188,0.0,0.0,0.0,3.1194093227386475,35.53984069824219,16.123750686645508,0.0,0.0,0.0
76.0,20.308277130126953,20872.30078125,1836.469970703125,8281.931640625,10753.8994140625,1600.0,16.3465576171875,0.0,10227.8994140625,0.07054531574249268,5.42350435256958,0.1388550102710724,0.934220016002655,3.9148900508880615,1.6143271923065186,2.622683048248291,4.862956523895264,0.0010875941952690482,0.2599494755268097,0.4652588367462158,0.0,0.0,0.0,0.0,1486.3602294921875,38.05447006225586,154.6413116455078,2818.720703125,598.1275634765625,0.0,1587.189453125,0.11253318935632706,31.19393539428711,50.66668701171875,0.0,0.0,0.0,124.2308349609375,124.2308349609375,130.23793029785156,183.08738708496094,143.83221435546875,0.0,0.0,0.0,130.23793029785156,183.08738708496094,143.83221435546875,0.0,0.0,0.0,21.748037338256836,37.206504821777344,25.724365234375,0.0,0.0,0.0
77.0,20.641822814941406,20937.5625,1836.469970703125,8347.1943359375,10753.8994140625,1600.0,17.172252655029297,0.0,9777.5048828125,0.07054539769887924,5.651904106140137,0.14681631326675415,0.934220016002655,3.9148900508880615,1.614328145980835,2.622683048248291,4.875887393951416,0.00108761724550277,0.28085410594940186,0.5286071300506592,0.0,0.0,0.0,0.0,1548.9552001953125,40.236331939697266,154.6413116455078,1104.949951171875,425.8726806640625,0.0,3093.463623046875,0.5296941995620728,33.70249557495117,57.5653190612793,0.0,0.0,0.0,126.00460815429688,126.00460815429688,219.81398010253906,218.24148559570312,205.26400756835938,0.0,0.0,0.0,219.81398010253906,218.24148559570312,205.26400756835938,0.0,0.0,0.0,47.12333679199219,46.66337966918945,42.867469787597656,0.0,0.0,0.0
78.0,20.816190719604492,20958.212890625,1836.469970703125,8367.84375,10753.8994140625,1600.0,17.40296173095703,0.0,9662.259765625,0.07054542005062103,5.791914939880371,0.15172848105430603,0.934220016002655,3.9148900508880615,1.614328384399414,2.622683048248291,4.882632255554199,0.0010876229498535395,0.28648605942726135,0.5456738471984863,0.0,0.0,0.0,0.0,1587.3265380859375,41.582557678222656,154.6413116455078,1032.1231689453125,403.20758056640625,0.0,3067.357177734375,0.5244446396827698,34.378326416015625,59.423885345458984,0.0,0.0,0.0,127.73002624511719,127.73002624511719,202.61447143554688,218.4112091064453,197.4275665283203,0.0,0.0,0.0,202.61447143554688,218.4112091064453,197.4275665283203,0.0,0.0,0.0,41.86177062988281,46.48231506347656,40.344600677490234,0.0,0.0,0.0
79.0,21.053451538085938,21132.236328125,1836.469970703125,8541.8671875,10753.8994140625,1600.0,17.804122924804688,0.0,9528.2626953125,0.07054543495178223,5.996344566345215,0.1588638722896576,0.934220016002655,3.9148900508880615,1.6143285036087036,2.622683048248291,4.891857147216797,0.0010876267915591598,0.29057303071022034,0.5580587983131409,0.0,0.0,0.0,0.0,1643.3521728515625,43.5380744934082,154.6413116455078,935.6883544921875,395.3038635253906,0.0,3019.90478515625,0.5153058767318726,34.86876678466797,60.77260208129883,0.0,0.0,0.0,129.45176696777344,129.45176696777344,211.55841064453125,218.901123046875,216.2574462890625,0.0,0.0,0.0,211.55841064453125,218.901123046875,216.2574462890625,0.0,0.0,0.0,44.07671356201172,46.224456787109375,45.45117950439453,0.0,0.0,0.0
80.0,21.36834144592285,21246.09765625,1836.469970703125,8655.7275390625,10753.8994140625,1600.0,17.40056037902832,0.0,9798.841796875,0.07054544985294342,6.273741245269775,0.1685241460800171,0.934220016002655,3.914975881576538,1.6143286228179932,2.622683048248291,4.90416145324707,0.0010876304004341364,0.294404536485672,0.5696695446968079,0.0,0.0,0.0,0.0,1719.3753662109375,46.18556213378906,154.6413116455078,1084.0191650390625,314.2904357910156,0.0,3052.70751953125,0.5171580910682678,35.32854461669922,62.03701400756836,0.0,0.0,0.0,131.19131469726562,131.19131469726562,189.4794921875,218.40090942382812,197.82952880859375,0.0,0.0,0.0,189.4794921875,218.40090942382812,197.82952880859375,0.0,0.0,0.0,38.022193908691406,46.48170852661133,40.464576721191406,0.0,0.0,0.0
81.0,21.644716262817383,21341.580078125,1836.469970703125,8751.2109375,10753.8994140625,1600.0,17.48358917236328,0.0,9798.841796875,0.07054545730352402,6.519120216369629,0.17705701291561127,0.934220016002655,3.9157745838165283,1.6143287420272827,2.622683048248291,4.91496467590332,0.0010876329615712166,0.2970993220806122,0.5778356194496155,0.0,0.0,0.0,9.430900573730469,1786.6236572265625,48.524070739746094,154.6413116455078,1026.98779296875,322.3104248046875,0.0,3019.70458984375,0.5144165754318237,35.65191650390625,62.926300048828125,0.0,0.0,0.0,132.97789001464844,132.97789001464844,206.16543579101562,222.4984588623047,198.5538330078125,0.0,0.0,0.0,206.16543579101562,222.4984588623047,198.5538330078125,0.0,0.0,0.0,42.819801330566406,47.59721374511719,40.593406677246094,0.0,0.0,0.0
82.0,21.83356475830078,21372.251953125,1836.469970703125,8781.8837890625,10753.8994140625,1600.0,17.28125,0.0,9927.9365234375,0.07054546475410461,6.6872477531433105,0.18288925290107727,0.934220016002655,3.916623115539551,1.6143288612365723,2.622683048248291,4.922343730926514,0.0010876344749704003,0.29875174164772034,0.5828430652618408,0.0,0.0,0.0,9.430901527404785,1832.7005615234375,50.12245178222656,154.6413116455078,998.7443237304688,407.2757873535156,0.0018856587121263146,2999.690673828125,0.5127249956130981,35.8502082824707,63.47161102294922,0.0,0.0,0.0,134.8068084716797,134.8068084716797,184.9065704345703,245.40005493164062,215.8685302734375,0.0,0.0,0.0,184.9065704345703,245.40005493164062,215.8685302734375,0.0,0.0,0.0,36.80392074584961,54.498268127441406,45.86029815673828,0.0,0.0,0.0
83.0,21.92566680908203,21381.95703125,1836.469970703125,8791.5888671875,10753.8994140625,1600.0,16.95486831665039,0.0,10122.4970703125,0.07054546475410461,6.769588947296143,0.18574723601341248,0.934220016002655,3.9170773029327393,1.6143819093704224,2.622683048248291,4.926021099090576,0.0010876351734623313,0.29942643642425537,0.5848875641822815,0.0,0.0,0.0,0.0,1855.266845703125,50.905704498291016,154.6413116455078,862.3461303710938,711.2449951171875,0.0,2947.0703125,0.5088741779327393,35.93117141723633,63.69425582885742,0.0,0.0,0.0,136.6911163330078,136.6911163330078,204.43719482421875,213.81573486328125,204.37127685546875,0.0,0.0,0.0,204.43719482421875,213.81573486328125,204.37127685546875,0.0,0.0,0.0,42.84300994873047,45.58623504638672,42.82373046875,0.0,0.0,0.0
84.0,21.973602294921875,21393.96875,1836.469970703125,8803.599609375,10753.8994140625,1600.0,16.329626083374023,0.0,10510.970703125,0.07054546475410461,6.813022136688232,0.18726664781570435,0.934220016002655,3.917186975479126,1.6145490407943726,2.622683048248291,4.928162574768066,0.0010876352898776531,0.299566388130188,0.5853117108345032,0.0,0.0,0.0,0.0,1867.1700439453125,51.322113037109375,154.6413116455078,2662.81787109375,942.4187622070312,0.0,1163.1968994140625,0.08205022662878036,35.947967529296875,63.740447998046875,0.0,0.0,0.0,138.6312255859375,138.6312255859375,151.55148315429688,186.1505126953125,156.89205932617188,0.0,0.0,0.0,151.55148315429688,186.1505126953125,156.89205932617188,0.0,0.0,0.0,27.99917984008789,38.1193962097168,29.561302185058594,0.0,0.0,0.0
85.0,22.058860778808594,21609.0234375,1836.469970703125,8867.3955078125,10905.158203125,1600.0,15.862222671508789,0.0,10924.2119140625,0.07054546475410461,6.890544414520264,0.18998365104198456,0.934220016002655,3.917314052581787,1.6149176359176636,2.622683048248291,4.9320807456970215,0.001087635406292975,0.29971668124198914,0.5857671499252319,0.0,0.0,0.0,0.0,1888.4158935546875,52.06673049926758,154.6413116455078,2677.474609375,1162.74072265625,0.0,1182.5272216796875,0.08338931202888489,35.96600341796875,63.790042877197266,0.0,0.0,0.0,140.6129608154297,140.6129608154297,122.36637115478516,172.87637329101562,158.68336486816406,0.0,0.0,0.0,122.36637115478516,172.87637329101562,158.68336486816406,0.0,0.0,0.0,19.929941177368164,34.70411682128906,30.55265998840332,0.0,0.0,0.0
86.0,22.153121948242188,21818.13671875,1836.469970703125,8887.5810546875,11094.0849609375,1600.0,15.904699325561523,0.0,11001.9501953125,0.07054546475410461,6.975697994232178,0.19296638667583466,0.934220016002655,3.917370557785034,1.6151071786880493,2.622683048248291,4.9376983642578125,0.001087635406292975,0.2997816503047943,0.585964024066925,0.0,0.0,0.0,0.0,1911.7529296875,52.884178161621094,154.6413116455078,2692.929443359375,1162.877197265625,0.0,1207.928466796875,0.08514449745416641,26.980350494384766,58.010440826416016,0.0,0.0,0.0,142.5926513671875,142.5926513671875,140.25241088867188,155.96127319335938,120.48600769042969,0.0,0.0,0.0,140.25241088867188,155.96127319335938,120.48600769042969,0.0,0.0,0.0,25.119131088256836,29.71397590637207,19.337459564208984,0.0,0.0,0.0
87.0,22.329782485961914,21992.7421875,1836.469970703125,9025.1357421875,11131.1357421875,2930.02685546875,16.520748138427734,0.0,10685.5244140625,0.07054546475410461,7.135919094085693,0.19867201149463654,0.934220016002655,3.917418956756592,1.615278720855713,2.622683048248291,4.947990417480469,0.0010876355227082968,0.29983678460121155,0.5861310958862305,0.0,0.0,0.0,0.0,1955.6629638671875,54.447853088378906,154.6413116455078,2662.301025390625,967.9654541015625,0.0,1172.948974609375,0.08261588215827942,26.98531150817871,58.0269775390625,0.0,0.0,0.0,144.4814910888672,144.4814910888672,67.48916625976562,155.50616455078125,89.26062774658203,0.0,0.0,0.0,67.48916625976562,155.50616455078125,89.26062774658203,0.0,0.0,0.0,3.2198331356048584,28.96480369567871,9.587985038757324,0.0,0.0,0.0
88.0,22.601337432861328,22110.005859375,1836.469970703125,9142.400390625,11131.1357421875,2930.02685546875,16.600719451904297,0.0,10693.2666015625,0.07054546475410461,7.382683753967285,0.2075064331293106,0.934220016002655,3.917477607727051,1.6154899597167969,2.622683048248291,4.963407039642334,0.0010876355227082968,0.2999035120010376,0.5863332748413086,0.0,0.0,0.0,0.0,2023.291015625,56.8690071105957,154.6413116455078,2719.725830078125,598.5584106445312,0.0,1418.287109375,0.0997827872633934,26.991315841674805,58.046993255615234,0.0,0.0,0.0,146.24835205078125,146.24835205078125,79.62693786621094,165.1137237548828,133.46263122558594,0.0,0.0,0.0,79.62693786621094,165.1137237548828,133.46263122558594,0.0,0.0,0.0,6.690160274505615,31.69504165649414,22.437097549438477,0.0,0.0,0.0
89.0,22.810937881469727,22147.109375,1836.469970703125,9179.50390625,11131.1357421875,2930.02685546875,17.415504455566406,0.0,10222.3798828125,0.07054546475410461,7.573309898376465,0.21434062719345093,0.934220016002655,3.917517900466919,1.6156365871429443,2.622683048248291,4.975174903869629,0.0010876356391236186,0.29994916915893555,0.5864716172218323,0.0,0.0,0.0,0.0,2075.533935546875,58.741981506347656,154.6413116455078,982.5277099609375,426.2178649902344,0.0,2939.62939453125,0.5065303444862366,35.993900299072266,63.86676025390625,0.0,0.0,0.0,147.92051696777344,147.92051696777344,185.44029235839844,214.84613037109375,201.37538146972656,0.0,0.0,0.0,185.44029235839844,214.84613037109375,201.37538146972656,0.0,0.0,0.0,36.82577896118164,45.42698669433594,41.486793518066406,0.0,0.0,0.0
90.0,22.9163875579834,22158.849609375,1836.469970703125,9191.2431640625,11131.1357421875,2930.02685546875,17.641454696655273,0.0,10101.8916015625,0.07054546475410461,7.670234680175781,0.21782033145427704,0.934220016002655,3.9175257682800293,1.6156659126281738,2.622683048248291,4.980147838592529,0.0010876356391236186,0.299958199262619,0.586499035358429,0.0,0.0,0.0,0.0,2102.096923828125,59.69562530517578,154.6413116455078,924.8353881835938,403.5416259765625,0.0,2909.714599609375,0.4990881681442261,35.9949836730957,63.86974334716797,0.0,0.0,0.0,149.5319366455078,149.5319366455078,186.1980743408203,214.8187255859375,195.1265106201172,0.0,0.0,0.0,186.1980743408203,214.8187255859375,195.1265106201172,0.0,0.0,0.0,36.82147979736328,45.19301986694336,39.43305206298828,0.0,0.0,0.0
91.0,23.102882385253906,22309.61328125,1836.469970703125,9342.0068359375,11131.1357421875,2930.02685546875,18.021381378173828,0.0,9961.8046875,0.07054546475410461,7.84231424331665,0.22398312389850616,0.934220016002655,3.917532444000244,1.6156903505325317,2.622683048248291,4.988337993621826,0.0010876356391236186,0.29996567964553833,0.5865217447280884,0.0,0.0,0.0,0.0,2149.2568359375,61.38459396362305,154.6413116455078,979.1929321289062,395.6373291015625,0.0,2718.476806640625,0.45722314715385437,35.99588394165039,63.872215270996094,0.0,0.0,0.0,151.1464080810547,151.1464080810547,182.6889190673828,212.59368896484375,216.50320434570312,0.0,0.0,0.0,182.6889190673828,212.59368896484375,216.50320434570312,0.0,0.0,0.0,35.41512680053711,44.16227340698242,45.30580520629883,0.0,0.0,0.0
92.0,23.37129020690918,22409.96484375,1836.469970703125,9442.3583984375,11131.1357421875,2930.02685546875,17.595664978027344,0.0,10244.685546875,0.07054546475410461,8.090141296386719,0.23285011947155,0.934220016002655,3.9175403118133545,1.615718960762024,2.622683048248291,4.999980926513672,0.0010876356391236186,0.2999744415283203,0.5865482687950134,0.0,0.0,0.0,0.0,2217.176025390625,63.814674377441406,154.6413116455078,992.6906127929688,314.56109619140625,0.0,2904.56689453125,0.4977515935897827,35.99693298339844,63.87510681152344,0.0,0.0,0.0,152.78433227539062,152.78433227539062,186.06985473632812,214.6527862548828,206.9576873779297,0.0,0.0,0.0,186.06985473632812,214.6527862548828,206.9576873779297,0.0,0.0,0.0,36.82976531982422,45.190277099609375,42.939456939697266,0.0,0.0,0.0
93.0,23.562055587768555,22441.716796875,1836.469970703125,9474.1103515625,11131.1357421875,2930.02685546875,17.624996185302734,0.0,10244.685546875,0.07054546475410461,8.26633358001709,0.23915140330791473,0.934220016002655,3.9175450801849365,1.6157371997833252,2.622683048248291,5.00820779800415,0.0010876356391236186,0.2999800145626068,0.5865650773048401,0.0,0.0,0.0,0.0,2265.463134765625,65.54159545898438,154.6413116455078,960.8189086914062,322.59161376953125,0.0,2876.71484375,0.48983651399612427,35.99760055541992,63.87693786621094,0.0,0.0,0.0,154.46884155273438,154.46884155273438,186.0525360107422,217.7999267578125,203.4358367919922,0.0,0.0,0.0,186.0525360107422,217.7999267578125,203.4358367919922,0.0,0.0,0.0,36.79536819458008,46.08148193359375,41.87998580932617,0.0,0.0,0.0
94.0,23.65590476989746,22451.76171875,1836.469970703125,9484.15625,11131.1357421875,2930.02685546875,17.40277862548828,0.0,10379.662109375,0.07054546475410461,8.353028297424316,0.24225156009197235,0.934220016002655,3.9175474643707275,1.6157454252243042,2.622683048248291,5.012239933013916,0.0010876356391236186,0.2999825179576874,0.5865727066993713,0.0,0.0,0.0,9.31507396697998,2289.22265625,66.39122772216797,154.6413116455078,940.9662475585938,407.6331787109375,0.0017809018027037382,2866.802001953125,0.487697035074234,35.997901916503906,63.877769470214844,0.0,0.0,0.0,156.1849365234375,156.1849365234375,213.44265747070312,241.28428649902344,195.46591186523438,0.0,0.0,0.0,213.44265747070312,241.28428649902344,195.46591186523438,0.0,0.0,0.0,45.029197692871094,53.17287826538086,39.770999908447266,0.0,0.0,0.0
95.0,23.69619369506836,22454.94140625,1836.469970703125,9487.3359375,11131.1357421875,2930.02685546875,17.06756019592285,0.0,10583.06640625,0.07054546475410461,8.390252113342285,0.243582621216774,0.934220016002655,3.917548179626465,1.6157487630844116,2.622683048248291,5.0139665603637695,0.0010876356391236186,0.29998353123664856,0.5865758061408997,0.0,0.0,0.0,0.0,2299.42431640625,66.75601196289062,154.6413116455078,826.8447265625,711.8472290039062,0.0,2810.7119140625,0.4724946618080139,35.998023986816406,63.87810516357422,0.0,0.0,0.0,157.95669555664062,157.95669555664062,176.5141143798828,210.7918243408203,181.19613647460938,0.0,0.0,0.0,176.5141143798828,210.7918243408203,181.19613647460938,0.0,0.0,0.0,34.56282043457031,44.58905029296875,35.93231201171875,0.0,0.0,0.0
96.0,23.712295532226562,22455.947265625,1836.469970703125,9488.3408203125,11131.1357421875,2930.02685546875,16.519813537597656,0.0,10929.3798828125,0.07054546475410461,8.404984474182129,0.24416294693946838,0.934220016002655,3.917548418045044,1.6157950162887573,2.622683048248291,5.014708042144775,0.0010876356391236186,0.2999837100505829,0.5865763425827026,0.0,0.0,0.0,0.0,2303.461669921875,66.91505432128906,154.6413116455078,2498.723876953125,943.14599609375,0.0,1135.17529296875,0.07954946905374527,35.998046875,63.87816619873047,0.0,0.0,0.0,159.78077697753906,159.78077697753906,170.48854064941406,182.71676635742188,158.2073974609375,0.0,0.0,0.0,170.48854064941406,182.71676635742188,158.2073974609375,0.0,0.0,0.0,33.34808349609375,36.924842834472656,29.755849838256836,0.0,0.0,0.0
97.0,23.736066818237305,22601.033203125,1836.469970703125,9507.0654296875,11257.498046875,2930.02685546875,15.988178253173828,0.0,11359.064453125,0.07054546475410461,8.426655769348145,0.2450494021177292,0.934220016002655,3.917548656463623,1.6158877611160278,2.622683048248291,5.015829086303711,0.0010876356391236186,0.2999838590621948,0.5865768194198608,0.0,0.0,0.0,0.0,2309.40087890625,67.15799713134766,154.6413116455078,2515.31689453125,1163.439208984375,0.0,1179.6634521484375,0.08266019821166992,35.99806594848633,63.87821578979492,0.0,0.0,0.0,161.64784240722656,161.64784240722656,151.4122772216797,176.2826690673828,153.53335571289062,0.0,0.0,0.0,151.4122772216797,176.2826690673828,153.53335571289062,0.0,0.0,0.0,28.299911499023438,35.57450485229492,28.92032814025879,0.0,0.0,0.0
98.0,23.763338088989258,24305.921875,3348.77001953125,9512.990234375,11444.1611328125,2930.02685546875,17.074390411376953,0.0,11439.900390625,0.07054546475410461,8.451517105102539,0.24610348045825958,0.934220016002655,3.917548656463623,1.6159039735794067,2.622683048248291,5.017168045043945,0.0010876356391236186,0.2999838888645172,0.5865768790245056,0.0,0.0,0.0,0.0,2316.21435546875,67.4468765258789,154.6413116455078,2549.062255859375,1163.450927734375,0.0,1206.176513671875,0.08450949937105179,26.998550415039062,58.071109771728516,0.0,0.0,0.0,163.5294952392578,163.5294952392578,125.92325592041016,158.8292236328125,111.34634399414062,0.0,0.0,0.0,125.92325592041016,158.8292236328125,111.34634399414062,0.0,0.0,0.0,19.758163452148438,29.383155822753906,15.494414329528809,0.0,0.0,0.0
99.0,23.964122772216797,24538.57421875,3348.77001953125,9709.0966796875,11480.70703125,2930.02685546875,17.764066696166992,0.0,11110.876953125,0.07054546475410461,8.634414672851562,0.2540307939052582,0.934220016002655,3.917548656463623,1.6159664392471313,2.622683048248291,5.027064323425293,0.0010876356391236186,0.2999839782714844,0.5865771174430847,0.0,0.0,0.0,0.0,2366.33935546875,69.61943054199219,154.6413116455078,2512.78369140625,968.3775634765625,0.0,1161.80517578125,0.08134224265813828,26.998558044433594,58.071136474609375,0.0,0.0,0.0,165.33543395996094,165.33543395996094,102.93895721435547,160.58677673339844,135.45164489746094,0.0,0.0,0.0,102.93895721435547,160.58677673339844,135.45164489746094,0.0,0.0,0.0,12.345577239990234,29.207565307617188,21.855541229248047,0.0,0.0,0.0
100.0,24.23448371887207,24600.623046875,3348.77001953125,9771.146484375,11480.70703125,2930.02685546875,17.799942016601562,0.0,11118.9326171875,0.07054546475410461,8.880681037902832,0.264718621969223,0.934220016002655,3.917548656463623,1.6160420179367065,2.622683048248291,5.040395259857178,0.0010876356391236186,0.29998406767845154,0.5865774154663086,0.0,0.0,0.0,0.0,2433.83056640625,72.54852294921875,154.6413116455078,2570.114013671875,598.762939453125,0.0,1407.3699951171875,0.09844012558460236,26.998565673828125,58.071163177490234,0.0,0.0,0.0,167.043701171875,167.043701171875,130.50448608398438,164.5955047607422,113.57099151611328,0.0,0.0,0.0,130.50448608398438,164.5955047607422,113.57099151611328,0.0,0.0,0.0,20.37261962890625,30.344242095947266,15.419572830200195,0.0,0.0,0.0
101.0,24.385469436645508,24620.255859375,3348.77001953125,9790.779296875,11480.70703125,2930.02685546875,18.65869140625,0.0,10629.302734375,0.07054546475410461,9.018210411071777,0.2706892788410187,0.934220016002655,3.917548894882202,1.6160811185836792,2.622683048248291,5.047842025756836,0.0010876356391236186,0.2999841272830963,0.5865775346755981,0.0,0.0,0.0,0.0,2471.521728515625,74.1848373413086,154.6413116455078,2482.842529296875,426.33514404296875,0.0,1281.5101318359375,0.0895884707570076,35.99809265136719,63.8782958984375,0.0,0.0,0.0,168.6729278564453,168.6729278564453,113.5787353515625,192.44749450683594,147.97544860839844,0.0,0.0,0.0,113.5787353515625,192.44749450683594,147.97544860839844,0.0,0.0,0.0,14.563089370727539,37.632198333740234,24.624126434326172,0.0,0.0,0.0
102.0,24.453948974609375,24626.466796875,3348.77001953125,9796.9912109375,11480.70703125,2930.02685546875,18.89572525024414,0.0,10504.0078125,0.07054546475410461,9.082141876220703,0.27347156405448914,0.934220016002655,3.917548894882202,1.6160844564437866,2.622683048248291,5.0496039390563965,0.0010876356391236186,0.2999841272830963,0.5865775942802429,0.0,0.0,0.0,0.0,2489.04296875,74.94734191894531,154.6413116455078,900.8289184570312,403.64617919921875,0.0,2781.59619140625,0.46738386154174805,35.99809646606445,63.8782958984375,0.0,0.0,0.0,170.23147583007812,170.23147583007812,182.6044921875,216.2173614501953,186.7838592529297,0.0,0.0,0.0,182.6044921875,216.2173614501953,186.7838592529297,0.0,0.0,0.0,34.51608657836914,44.34785461425781,35.738555908203125,0.0,0.0,0.0
103.0,24.765966415405273,24924.9375,3348.77001953125,10095.4619140625,11480.70703125,2930.02685546875,19.404865264892578,0.0,10358.34375,0.07054546475410461,9.374529838562012,0.28615573048591614,0.934220016002655,3.917548894882202,1.6160905361175537,2.622683048248291,5.056542873382568,0.0010876356391236186,0.2999841272830963,0.5865775942802429,0.0,0.0,0.0,0.0,2569.17431640625,78.4235610961914,154.6413116455078,806.77099609375,395.7353210449219,0.0,2700.290771484375,0.4536910355091095,35.99809646606445,63.878299713134766,0.0,0.0,0.0,171.7959442138672,171.7959442138672,205.925048828125,216.2645263671875,188.3732147216797,0.0,0.0,0.0,205.925048828125,216.2645263671875,188.3732147216797,0.0,0.0,0.0,40.82821273803711,43.85251235961914,35.69430160522461,0.0,0.0,0.0
104.0,25.293062210083008,25138.041015625,3348.77001953125,10308.564453125,11480.70703125,2930.02685546875,19.021434783935547,0.0,10652.4921875,0.07054546475410461,9.868843078613281,0.3075847625732422,0.934220016002655,3.917548894882202,1.6160974502563477,2.622683048248291,5.067890644073486,0.0010876356391236186,0.2999841272830963,0.5865775942802429,0.0,0.0,0.0,0.0,2704.6455078125,84.29637908935547,154.6413116455078,930.5045166015625,314.6347961425781,0.0,2712.84765625,0.4585716724395752,35.99809646606445,63.87830352783203,0.0,0.0,0.0,173.38949584960938,173.38949584960938,210.64183044433594,215.3114471435547,187.22801208496094,0.0,0.0,0.0,210.64183044433594,215.3114471435547,187.22801208496094,0.0,0.0,0.0,42.59130096435547,43.95716094970703,35.742759704589844,0.0,0.0,0.0
105.0,25.796480178833008,25322.36328125,3348.77001953125,10492.8857421875,11480.70703125,2930.02685546875,19.165403366088867,0.0,10652.4921875,0.07054546475410461,10.341132164001465,0.32803457975387573,0.934220016002655,3.917548894882202,1.616102695465088,2.622683048248291,5.078564643859863,0.0010876356391236186,0.2999841570854187,0.5865776538848877,0.0,0.0,0.0,0.0,2834.080322265625,89.90083312988281,154.6413116455078,868.5391845703125,322.66461181640625,0.0,2630.111083984375,0.448071151971817,35.99809646606445,63.87830352783203,0.0,0.0,0.0,175.0325927734375,175.0325927734375,180.4790496826172,214.966552734375,188.30540466308594,0.0,0.0,0.0,180.4790496826172,214.966552734375,188.30540466308594,0.0,0.0,0.0,33.624717712402344,43.71231460571289,35.91392517089844,0.0,0.0,0.0
106.0,26.15016746520996,25380.68359375,3348.77001953125,10551.2060546875,11480.70703125,2930.02685546875,18.95807647705078,0.0,10792.8359375,0.07054546475410461,10.673003196716309,0.3423926532268524,0.934220016002655,3.917548894882202,1.6161060333251953,2.622683048248291,5.086018085479736,0.0010876356391236186,0.2999841570854187,0.5865776538848877,0.0,0.0,0.0,0.0,2925.03271484375,93.8357925415039,154.6413116455078,833.3095703125,407.7241516113281,0.0,2578.25244140625,0.4442143440246582,35.99809646606445,63.8783073425293,0.0,0.0,0.0,176.71066284179688,176.71066284179688,208.61978149414062,213.16932678222656,187.76907348632812,0.0,0.0,0.0,208.61978149414062,213.16932678222656,187.76907348632812,0.0,0.0,0.0,42.06321334838867,43.393951416015625,35.96437454223633,0.0,0.0,0.0
107.0,26.323585510253906,25399.134765625,3348.77001953125,10569.6591796875,11480.70703125,2930.02685546875,18.602750778198242,0.0,11004.34375,0.07054546475410461,10.835740089416504,0.3494316637516022,0.934220016002655,3.917548894882202,1.61610746383667,2.622683048248291,5.089658260345459,0.0010876356391236186,0.2999841570854187,0.5865776538848877,0.0,0.0,0.0,0.0,2969.63232421875,95.76490020751953,154.6413116455078,1864.4464111328125,712.0052490234375,0.0,1338.5509033203125,0.09327077865600586,35.300846099853516,63.42028045654297,0.0,0.0,0.0,178.4388885498047,178.4388885498047,115.189208984375,194.22146606445312,136.8810577392578,0.0,0.0,0.0,115.189208984375,194.22146606445312,136.8810577392578,0.0,0.0,0.0,15.090092658996582,38.207027435302734,21.43495750427246,0.0,0.0,0.0
108.0,26.397916793823242,25404.974609375,3348.77001953125,10575.498046875,11480.70703125,2930.02685546875,17.996376037597656,0.0,11371.3857421875,0.07054546475410461,10.905338287353516,0.3524486720561981,0.934220016002655,3.9177136421203613,1.6161080598831177,2.622683048248291,5.091210842132568,0.0010876356391236186,0.2999841570854187,0.5865776538848877,0.0,0.0,0.0,0.0,2988.7060546875,96.59173583984375,154.6413116455078,2177.6279296875,943.3287353515625,0.0,1020.3950805664062,0.07109292596578598,34.83670425415039,63.11538314819336,0.0,0.0,0.0,180.2121124267578,180.2121124267578,152.62814331054688,177.0309295654297,154.44847106933594,0.0,0.0,0.0,152.62814331054688,177.0309295654297,154.44847106933594,0.0,0.0,0.0,26.647356033325195,33.78517150878906,27.179800033569336,0.0,0.0,0.0
109.0,26.427595138549805,25540.650390625,3348.77001953125,10577.6552734375,11614.224609375,2930.02685546875,17.396303176879883,0.0,11818.4462890625,0.07054546475410461,10.932183265686035,0.3536531925201416,0.934220016002655,3.9187428951263428,1.6161082983016968,2.622683048248291,5.091809272766113,0.0010876356391236186,0.2999841570854187,0.5865776538848877,0.0,0.0,0.0,0.0,2996.063232421875,96.92184448242188,154.6413116455078,2232.520751953125,1163.5980224609375,0.0,1064.546142578125,0.07416575402021408,17.999048233032227,52.264068603515625,0.0,0.0,0.0,182.02801513671875,182.02801513671875,149.37550354003906,167.1145477294922,123.79762268066406,0.0,0.0,0.0,149.37550354003906,167.1145477294922,123.79762268066406,0.0,0.0,0.0,26.296030044555664,31.48470115661621,18.81450080871582,0.0,0.0,0.0
110.0,26.44007110595703,25736.73046875,3348.77001953125,10578.8759765625,11809.083984375,2930.02685546875,17.407154083251953,0.0,11902.5498046875,0.07054546475410461,10.943816184997559,0.3541876971721649,0.934220016002655,3.9188098907470703,1.6161082983016968,2.622683048248291,5.0920515060424805,0.0010876356391236186,0.2999841570854187,0.5865776538848877,0.0,0.0,0.0,0.0,2999.25146484375,97.06832885742188,154.6413116455078,2249.418212890625,1163.5980224609375,0.0,1099.143310546875,0.07657450437545776,17.999048233032227,52.264068603515625,0.0,0.0,0.0,183.8468780517578,183.8468780517578,138.87876892089844,151.84458923339844,89.92347717285156,0.0,0.0,0.0,138.87876892089844,151.84458923339844,89.92347717285156,0.0,0.0,0.0,23.214887619018555,27.007387161254883,8.895463943481445,0.0,0.0,0.0
111.0,26.639501571655273,25978.16015625,3348.77001953125,10782.1513671875,11847.23828125,2930.02685546875,18.107463836669922,0.0,11560.2265625,0.07054546475410461,11.129264831542969,0.36386433243751526,0.934220016002655,3.919196128845215,1.6161082983016968,2.622683048248291,5.095970153808594,0.0010876356391236186,0.2999841570854187,0.5865776538848877,0.0,0.0,0.0,0.0,3050.0751953125,99.72030639648438,154.6413116455078,2200.071533203125,968.462646484375,0.0,1057.8338623046875,0.07367538660764694,17.999048233032227,52.264068603515625,0.0,0.0,0.0,185.58383178710938,185.58383178710938,144.2053680419922,160.27696228027344,148.82696533203125,0.0,0.0,0.0,144.2053680419922,160.27696228027344,148.82696533203125,0.0,0.0,0.0,24.07260513305664,28.773548126220703,25.424423217773438,0.0,0.0,0.0
112.0,27.029705047607422,26160.234375,3348.77001953125,10964.2265625,11847.23828125,2930.02685546875,18.224843978881836,0.0,11568.5966796875,0.07054546475410461,11.492131233215332,0.3828941583633423,0.934220016002655,3.9198224544525146,1.6161084175109863,2.622683048248291,5.1036505699157715,0.0010876356391236186,0.2999841570854187,0.5865776538848877,0.0,0.0,0.0,0.0,3149.522216796875,104.93559265136719,154.6413116455078,2256.901611328125,598.7875366210938,0.0,1269.976318359375,0.08840096741914749,17.999048233032227,52.264068603515625,0.0,0.0,0.0,187.246826171875,187.246826171875,145.46807861328125,170.50828552246094,98.9386978149414,0.0,0.0,0.0,145.46807861328125,170.50828552246094,98.9386978149414,0.0,0.0,0.0,24.324569702148438,31.648826599121094,10.71472454071045,0.0,0.0,0.0
113.0,27.34520149230957,26217.84375,3348.77001953125,11021.8369140625,11847.23828125,2930.02685546875,19.13224220275879,0.0,11059.1689453125,0.07054546475410461,11.785548210144043,0.3982977867126465,0.934220016002655,3.9202826023101807,1.6161084175109863,2.622683048248291,5.109865665435791,0.0010876356391236186,0.2999841570854187,0.5865776538848877,0.0,0.0,0.0,0.0,3229.935791015625,109.15709686279297,154.6413116455078,2144.264892578125,426.34234619140625,0.0,1125.6939697265625,0.07832217216491699,17.999048233032227,52.264068603515625,0.0,0.0,0.0,188.84616088867188,188.84616088867188,145.8162384033203,156.6503143310547,135.3463592529297,0.0,0.0,0.0,145.8162384033203,156.6503143310547,135.3463592529297,0.0,0.0,0.0,23.519006729125977,26.68797492980957,20.456565856933594,0.0,0.0,0.0
114.0,27.50578498840332,26236.072265625,3348.77001953125,11040.064453125,11847.23828125,2930.02685546875,19.384029388427734,0.0,10928.8095703125,0.07054546475410461,11.935011863708496,0.406150758266449,0.934220016002655,3.920363426208496,1.6161084175109863,2.622683048248291,5.113053321838379,0.0010876356391236186,0.2999841570854187,0.5865776538848877,0.0,0.0,0.0,0.0,3266.059326171875,111.1446304321289,154.34707641601562,2099.296630859375,403.3506164550781,0.0,1066.5155029296875,0.07418692857027054,17.999048233032227,52.264068603515625,0.0,0.0,0.0,190.36480712890625,190.36480712890625,155.7029266357422,171.4160614013672,159.160888671875,0.0,0.0,0.0,155.7029266357422,171.4160614013672,159.160888671875,0.0,0.0,0.0,26.159074783325195,30.755170822143555,27.1705322265625,0.0,0.0,0.0
115.0,27.85341453552246,26531.865234375,3348.77001953125,11335.8564453125,11847.23828125,2930.02685546875,19.889841079711914,0.0,10777.255859375,0.07054546475410461,12.258687973022461,0.4230930805206299,0.934220016002655,3.920459747314453,1.6161084175109863,2.622683048248291,5.119967937469482,0.0010876356391236186,0.2999841570854187,0.5865776538848877,0.0,0.0,0.0,0.0,3309.0234375,114.20674133300781,152.70277404785156,650.9487915039062,392.79693603515625,0.0,2362.320556640625,0.40979495644569397,26.998573303222656,58.071189880371094,0.0,0.0,0.0,191.85403442382812,191.85403442382812,185.6984405517578,190.84555053710938,186.4021759033203,0.0,0.0,0.0,185.6984405517578,190.84555053710938,186.4021759033203,0.0,0.0,0.0,34.42695236206055,35.9324836730957,34.63279724121094,0.0,0.0,0.0
116.0,28.275375366210938,26625.455078125,3348.77001953125,11429.447265625,11847.23828125,2930.02685546875,19.3983097076416,0.0,11083.298828125,0.07054546475410461,12.651609420776367,0.44364723563194275,0.934220016002655,3.9205329418182373,1.6161084175109863,2.622683048248291,5.128379821777344,0.0010876356391236186,0.2999841570854187,0.5865776538848877,0.0,0.0,0.0,0.0,3430.226806640625,120.28593444824219,153.1705780029297,801.5869750976562,312.973388671875,0.0,2368.40771484375,0.4020181894302368,26.998573303222656,58.071189880371094,0.0,0.0,0.0,193.35340881347656,193.35340881347656,185.91102600097656,189.18504333496094,186.33956909179688,0.0,0.0,0.0,185.91102600097656,189.18504333496094,186.33956909179688,0.0,0.0,0.0,34.98066711425781,35.93831253051758,35.106014251708984,0.0,0.0,0.0
117.0,28.67982292175293,26835.0078125,3348.77001953125,11639.0,11847.23828125,2930.02685546875,19.555105209350586,0.0,11083.298828125,0.07054546475410461,13.028257369995117,0.46332451701164246,0.934220016002655,3.9205825328826904,1.6161084175109863,2.622683048248291,5.1364521980285645,0.0010876356391236186,0.2999841570854187,0.5865776538848877,0.0,0.0,0.0,0.0,3481.0947265625,123.79832458496094,151.79971313476562,737.4135131835938,318.6907958984375,0.0,2372.30712890625,0.4153069257736206,26.998573303222656,58.071189880371094,0.0,0.0,0.0,194.8873291015625,194.8873291015625,185.36474609375,189.9376220703125,182.4810333251953,0.0,0.0,0.0,185.36474609375,189.9376220703125,182.4810333251953,0.0,0.0,0.0,34.66408157348633,36.00164794921875,33.820594787597656,0.0,0.0,0.0
118.0,29.028806686401367,26901.310546875,3348.77001953125,11705.3037109375,11847.23828125,2930.02685546875,19.34583854675293,0.0,11229.3232421875,0.07054546475410461,13.353254318237305,0.48029056191444397,0.934220016002655,3.920635223388672,1.6161084175109863,2.622683048248291,5.1434197425842285,0.0010876356391236186,0.2999841570854187,0.5865776538848877,0.0,0.0,0.0,0.0,3531.609130859375,127.02511596679688,150.8608856201172,918.7162475585938,400.7199401855469,0.0,2153.244140625,0.14943310618400574,26.998573303222656,58.071189880371094,0.0,0.0,0.0,196.44078063964844,196.44078063964844,108.03109741210938,188.02499389648438,151.71926879882812,0.0,0.0,0.0,108.03109741210938,188.02499389648438,151.71926879882812,0.0,0.0,0.0,12.253256797790527,35.65147399902344,25.032047271728516,0.0,0.0,0.0
119.0,29.209156036376953,26922.3203125,3348.77001953125,11726.3125,11847.23828125,2930.02685546875,18.98311424255371,0.0,11449.37109375,0.07054546475410461,13.521111488342285,0.4890570044517517,0.934220016002655,3.9207615852355957,1.6161084175109863,2.622683048248291,5.147019386291504,0.0010876356391236186,0.2999841570854187,0.5865776538848877,0.0,0.0,0.0,0.0,3527.802001953125,127.60018157958984,149.6129608154297,1736.452392578125,695.2342529296875,0.0,1192.1785888671875,0.08271326869726181,26.998573303222656,58.071189880371094,0.0,0.0,0.0,198.02255249023438,198.02255249023438,144.8122100830078,166.9525146484375,161.8927764892578,0.0,0.0,0.0,144.8122100830078,166.9525146484375,161.8927764892578,0.0,0.0,0.0,23.37445831298828,29.850496292114258,28.370521545410156,0.0,0.0,0.0
120.0,29.2884578704834,26929.01953125,3348.77001953125,11733.0126953125,11847.23828125,2930.02685546875,18.4951171875,0.0,11748.9443359375,0.07054546475410461,13.594555854797363,0.49290600419044495,0.934220016002655,3.921194314956665,1.6161084175109863,2.622683048248291,5.148594379425049,0.0010876356391236186,0.2999841570854187,0.5865776538848877,0.0,0.0,0.0,0.0,3538.43310546875,128.2950897216797,149.40277099609375,2013.2037353515625,920.0509643554688,0.0,879.6951293945312,0.06102583184838295,26.998573303222656,58.071189880371094,0.0,0.0,0.0,199.63026428222656,199.63026428222656,154.2377471923828,161.56463623046875,139.32855224609375,0.0,0.0,0.0,154.2377471923828,161.56463623046875,139.32855224609375,0.0,0.0,0.0,26.61942481994629,28.762540817260742,22.25848388671875,0.0,0.0,0.0
121.0,29.320613861083984,27028.634765625,3348.77001953125,11735.7705078125,11944.09375,2930.02685546875,17.847476959228516,0.0,12210.853515625,0.07054546475410461,13.622405052185059,0.49446403980255127,0.934220016002655,3.9233458042144775,1.6161084175109863,2.622683048248291,5.149192810058594,0.0010876356391236186,0.2999841570854187,0.5865776538848877,0.0,0.0,0.0,0.0,3568.066162109375,129.5131378173828,150.002197265625,2037.142333984375,1138.3067626953125,0.0,930.35400390625,0.06453726440668106,17.999048233032227,52.264068603515625,0.0,0.0,0.0,201.2617950439453,201.2617950439453,107.75687408447266,146.98976135253906,129.68243408203125,0.0,0.0,0.0,107.75687408447266,146.98976135253906,129.68243408203125,0.0,0.0,0.0,13.671408653259277,25.14702796936035,20.08463478088379,0.0,0.0,0.0
122.0,29.33536720275879,27215.28125,3348.77001953125,11737.7490234375,12128.7607421875,2930.02685546875,17.844186782836914,0.0,12297.75,0.07054546475410461,13.635693550109863,0.4951372742652893,0.9346446394920349,3.923431634902954,1.6161084175109863,2.622683048248291,5.149474620819092,0.0010876356391236186,0.2999841570854187,0.5865776538848877,0.0,0.0,0.0,0.0,3582.173828125,130.0753631591797,150.33946228027344,2041.71826171875,1139.9283447265625,0.0,966.0438232421875,0.06701149046421051,17.999048233032227,52.264068603515625,0.0,0.0,0.0,202.89620971679688,202.89620971679688,84.98468017578125,144.91456604003906,124.68550109863281,0.0,0.0,0.0,84.98468017578125,144.91456604003906,124.68550109863281,0.0,0.0,0.0,7.013833045959473,24.543323516845703,18.62632179260254,0.0,0.0,0.0
123.0,29.6981143951416,27694.75,3348.77001953125,12181.1728515625,12164.8076171875,2930.02685546875,18.713960647583008,0.0,11944.0556640625,0.07054546475410461,13.894370079040527,0.510732889175415,1.0169265270233154,3.924072742462158,1.6161084175109863,2.622683048248291,5.155025482177734,0.0010876356391236186,0.2999841570854187,0.5865776538848877,0.0,0.0,0.0,0.0,3602.18798828125,132.41017150878906,161.3352813720703,2026.9022216796875,942.7765502929688,0.0,904.8511962890625,0.06274127215147018,17.999048233032227,52.264068603515625,0.0,0.0,0.0,204.47499084472656,204.47499084472656,114.08586120605469,149.78509521484375,126.08342742919922,0.0,0.0,0.0,114.08586120605469,149.78509521484375,126.08342742919922,0.0,0.0,0.0,14.656153678894043,25.09817886352539,18.165441513061523,0.0,0.0,0.0
124.0,30.672792434692383,28173.978515625,3348.77001953125,12660.400390625,12164.8076171875,2930.02685546875,19.02732276916504,0.0,11952.7099609375,0.07054546475410461,14.572537422180176,0.5538339018821716,1.2543634176254272,3.9254536628723145,1.6161084175109863,2.622683048248291,5.169617652893066,0.0010876356391236186,0.2999841570854187,0.5865776538848877,0.0,0.0,0.0,0.0,3762.5087890625,142.99534606933594,196.06605529785156,2031.7879638671875,581.7572631835938,0.0,1059.6490478515625,0.0733974426984787,17.999048233032227,52.264068603515625,0.0,0.0,0.0,205.99281311035156,205.99281311035156,128.1122589111328,153.95318603515625,121.22100830078125,0.0,0.0,0.0,128.1122589111328,153.95318603515625,121.22100830078125,0.0,0.0,0.0,18.445512771606445,26.003982543945312,16.429821014404297,0.0,0.0,0.0
125.0,31.486621856689453,28325.609375,3348.77001953125,12812.03125,12164.8076171875,2930.02685546875,20.039081573486328,0.0,11426.3623046875,0.07054546475410461,15.133471488952637,0.589630126953125,1.4583436250686646,3.926495313644409,1.6161084175109863,2.622683048248291,5.181695461273193,0.0010876356391236186,0.2999841570854187,0.5865776538848877,0.0,0.0,0.0,0.0,3784.6669921875,147.45814514160156,221.68603515625,1992.640625,408.02825927734375,0.0,871.838623046875,0.060336094349622726,13.445967674255371,49.27313995361328,0.0,0.0,0.0,207.4593505859375,207.4593505859375,97.25926208496094,149.3168182373047,125.77824401855469,0.0,0.0,0.0,97.25926208496094,149.3168182373047,125.77824401855469,0.0,0.0,0.0,8.409253120422363,23.63608741760254,16.751054763793945,0.0,0.0,0.0
126.0,31.9040470123291,28373.5859375,3348.77001953125,12860.0087890625,12164.8076171875,2930.02685546875,20.32298469543457,0.0,11291.6806640625,0.07054546475410461,15.41955280303955,0.6078960299491882,1.5647586584091187,3.9269955158233643,1.6161084175109863,2.622683048248291,5.187857627868652,0.0010876356391236186,0.2999841570854187,0.5865776538848877,0.0,0.0,0.0,0.0,3803.513916015625,149.94863891601562,235.03012084960938,1975.0704345703125,383.8424377441406,0.0,793.6752319335938,0.05490238964557648,9.242053985595703,46.60867691040039,0.0,0.0,0.0,208.85232543945312,208.85232543945312,127.3010482788086,148.6357879638672,94.09989929199219,0.0,0.0,0.0,127.3010482788086,148.6357879638672,94.09989929199219,0.0,0.0,0.0,16.912572860717773,23.152986526489258,7.201236248016357,0.0,0.0,0.0
127.0,32.08672332763672,28388.765625,3348.77001953125,12875.1884765625,12164.8076171875,2930.02685546875,20.631797790527344,0.0,11135.0927734375,0.07054546475410461,15.544261932373047,0.6158590912818909,1.6118665933609009,3.927203893661499,1.6161084175109863,2.622683048248291,5.190544605255127,0.0010876356391236186,0.2999841570854187,0.5865776538848877,0.0,0.0,0.0,0.0,3795.83349609375,150.38980102539062,240.24612426757812,1921.3465576171875,374.5661926269531,0.0,722.6654052734375,0.04998062178492546,26.998573303222656,58.071189880371094,0.0,0.0,0.0,210.1964569091797,210.1964569091797,153.9737091064453,169.84071350097656,155.01242065429688,0.0,0.0,0.0,153.9737091064453,169.84071350097656,155.01242065429688,0.0,0.0,0.0,24.4055118560791,29.04660987854004,24.709333419799805,0.0,0.0,0.0
128.0,32.1605339050293,28393.5703125,3348.77001953125,12879.9921875,12164.8076171875,2930.02685546875,20.05310821533203,0.0,11451.2998046875,0.07054546475410461,15.58830451965332,0.6186575293540955,1.6378161907196045,3.9272754192352295,1.6161084175109863,2.622683048248291,5.191493511199951,0.0010876356391236186,0.2999841570854187,0.5865776538848877,0.0,0.0,0.0,0.0,3864.65625,153.3777313232422,246.26539611816406,847.8528442382812,299.89849853515625,0.0,2004.5556640625,0.13862860202789307,26.998573303222656,58.071189880371094,0.0,0.0,0.0,211.53961181640625,211.53961181640625,155.2987823486328,188.01828002929688,153.83282470703125,0.0,0.0,0.0,155.2987823486328,188.01828002929688,153.83282470703125,0.0,0.0,0.0,25.37178611755371,34.942237854003906,24.9429931640625,0.0,0.0,0.0
129.0,32.1889533996582,28455.73046875,3348.77001953125,12942.15234375,12164.8076171875,2930.02685546875,20.10071563720703,0.0,11451.2998046875,0.07054546475410461,15.598515510559082,0.6192643046379089,1.6551944017410278,3.9272782802581787,1.6161084175109863,2.622683048248291,5.191714286804199,0.0010876356391236186,0.2999841570854187,0.5865776538848877,0.0,0.0,0.0,0.0,3863.5654296875,153.3843536376953,248.6070098876953,562.41455078125,307.41644287109375,0.0,2279.587158203125,0.38737615942955017,26.998573303222656,58.071189880371094,0.0,0.0,0.0,212.92262268066406,212.92262268066406,164.4573211669922,190.5376434326172,177.589111328125,0.0,0.0,0.0,164.4573211669922,190.5376434326172,177.589111328125,0.0,0.0,0.0,28.003049850463867,35.63154602050781,31.844099044799805,0.0,0.0,0.0
130.0,32.53573226928711,28699.173828125,3348.77001953125,13185.595703125,12164.8076171875,2930.02685546875,20.005390167236328,0.44154179096221924,11602.169921875,0.07054546475410461,15.736136436462402,0.6280453205108643,1.8525663614273071,3.9272983074188232,1.6161084175109863,2.622683048248291,5.194698810577393,0.0010876356391236186,0.2999841570854187,0.5865776538848877,0.0,0.0,0.0,0.0,3883.35693359375,154.98875427246094,276.2523193359375,1679.8507080078125,387.78692626953125,0.0,1133.2607421875,0.07835407555103302,26.998573303222656,58.071189880371094,0.0,0.0,0.0,214.332763671875,214.332763671875,164.677490234375,175.27223205566406,167.32533264160156,0.0,0.0,0.0,164.677490234375,175.27223205566406,167.32533264160156,0.0,0.0,0.0,27.721233367919922,30.820194244384766,28.495725631713867,0.0,0.0,0.0
131.0,32.90221405029297,28776.201171875,3348.77001953125,13262.623046875,12164.8076171875,2930.02685546875,19.66655731201172,0.0,11829.533203125,0.07054546475410461,15.884215354919434,0.6373322010040283,2.058452606201172,3.927316904067993,1.6161084175109863,2.622683048248291,5.197908878326416,0.0010876356391236186,0.2999841570854187,0.5865776538848877,0.0,0.0,0.0,0.0,3878.78271484375,155.6308135986328,303.68798828125,1921.2415771484375,673.8834838867188,0.0,733.9989624023438,0.05073687061667442,26.998573303222656,58.071189880371094,0.0,0.0,0.0,215.77822875976562,215.77822875976562,149.63975524902344,165.9296417236328,144.04141235351562,0.0,0.0,0.0,149.63975524902344,165.9296417236328,144.04141235351562,0.0,0.0,0.0,24.103071212768555,28.867860794067383,22.465557098388672,0.0,0.0,0.0
132.0,33.09940719604492,28800.572265625,3348.77001953125,13286.9951171875,12164.8076171875,2930.02685546875,19.231590270996094,0.158034548163414,12102.0029296875,0.07054546475410461,15.998005867004395,0.645564079284668,2.1309564113616943,3.92741322517395,1.6162132024765015,2.622683048248291,5.200377941131592,0.0010876356391236186,0.2999841570854187,0.5865776538848877,0.0,0.0,0.0,0.0,3894.427978515625,157.15101623535156,313.40155029296875,1906.62890625,891.59716796875,0.0,686.0744018554688,0.04741566628217697,26.998573303222656,58.071189880371094,0.0,0.0,0.0,217.25567626953125,217.25567626953125,149.29336547851562,161.8826141357422,153.6663055419922,0.0,0.0,0.0,149.29336547851562,161.8826141357422,153.6663055419922,0.0,0.0,0.0,24.278684616088867,27.961042404174805,25.557769775390625,0.0,0.0,0.0
133.0,33.28174591064453,28987.2265625,3348.77001953125,13393.5849609375,12244.87109375,2930.02685546875,18.608171463012695,0.0,12577.791015625,0.07054546475410461,16.12065315246582,0.6545640230178833,2.1776556968688965,3.928590774536133,1.6163654327392578,2.622683048248291,5.203037738800049,0.0010876356391236186,0.2999841570854187,0.5865776538848877,0.0,0.0,0.0,0.0,3943.701416015625,160.13031005859375,321.0758972167969,1950.0218505859375,1102.3983154296875,0.0,722.560302734375,0.04992767423391342,8.999524116516113,44.42669677734375,0.0,0.0,0.0,218.77099609375,218.77099609375,122.62613677978516,140.7779541015625,123.01976013183594,0.0,0.0,0.0,122.62613677978516,140.7779541015625,123.01976013183594,0.0,0.0,0.0,17.259973526000977,22.569379806518555,17.375106811523438,0.0,0.0,0.0
134.0,33.45295715332031,29202.294921875,3348.77001953125,13428.2666015625,12425.2587890625,2930.02685546875,18.613704681396484,0.0,12667.2998046875,0.07054546475410461,16.26642608642578,0.6657928824424744,2.188091278076172,3.9291317462921143,1.6164066791534424,2.622683048248291,5.206230163574219,0.0010876356391236186,0.2999841570854187,0.5865776538848877,0.0,0.0,0.0,0.0,3977.253662109375,162.79095458984375,322.4698791503906,1951.0908203125,1102.1575927734375,0.0,742.1321411132812,0.051268186420202255,8.999524116516113,45.181922912597656,0.0,0.0,0.0,220.2988739013672,220.2988739013672,91.63961791992188,140.6865997314453,104.05408477783203,0.0,0.0,0.0,91.63961791992188,140.6865997314453,104.05408477783203,0.0,0.0,0.0,8.190882682800293,22.537126541137695,11.822113990783691,0.0,0.0,0.0
135.0,34.066261291503906,29794.134765625,3348.77001953125,13984.96484375,12460.3994140625,3166.038818359375,19.572267532348633,0.0,12302.974609375,0.07054546475410461,16.798120498657227,0.7068521976470947,2.215508460998535,3.9305179119110107,1.616490364074707,2.622683048248291,5.217894554138184,0.0010876356391236186,0.2999841570854187,0.5865776538848877,0.0,0.0,0.0,0.0,4031.70263671875,169.65098571777344,322.6154479980469,1913.5186767578125,909.584228515625,0.0,668.4793090820312,0.04614153876900673,8.999524116516113,40.64982986450195,0.0,0.0,0.0,221.77798461914062,221.77798461914062,118.26180267333984,145.9095458984375,127.06236267089844,0.0,0.0,0.0,118.26180267333984,145.9095458984375,127.06236267089844,0.0,0.0,0.0,15.019309043884277,23.10627555847168,17.593473434448242,0.0,0.0,0.0
136.0,34.84745788574219,29992.615234375,3348.77001953125,14183.447265625,12460.3994140625,3166.038818359375,19.691471099853516,0.0,12311.8955078125,0.07054546475410461,17.42853355407715,0.7550058960914612,2.30244779586792,3.9322898387908936,1.6165800094604492,2.622683048248291,5.231723308563232,0.0010876356391236186,0.2999841570854187,0.5865776538848877,0.0,0.0,0.0,0.0,4179.34423828125,181.04962158203125,334.67877197265625,1934.7969970703125,562.1895751953125,0.0,824.9821166992188,0.05688771978020668,8.999524116516113,43.72966003417969,0.0,0.0,0.0,223.2062225341797,223.2062225341797,109.28316497802734,150.78970336914062,122.09530639648438,0.0,0.0,0.0,109.28316497802734,150.78970336914062,122.09530639648438,0.0,0.0,0.0,12.273855209350586,24.414518356323242,16.021406173706055,0.0,0.0,0.0
137.0,35.3624382019043,30094.70703125,3348.77001953125,14285.5390625,12460.3994140625,3166.038818359375,20.698759078979492,0.0,11769.73046875,0.07054546475410461,17.821130752563477,0.7856022119522095,2.3827877044677734,3.9350650310516357,1.6166318655014038,2.622683048248291,5.240340709686279,0.0010876356391236186,0.2999841570854187,0.5865776538848877,0.0,0.0,0.0,0.0,4176.0009765625,184.08909606933594,340.978271484375,1878.6204833984375,396.12335205078125,0.0,677.7396240234375,0.04670575261116028,8.999524116516113,40.64982986450195,0.0,0.0,0.0,224.5946807861328,224.5946807861328,122.38164520263672,143.52899169921875,113.64862823486328,0.0,0.0,0.0,122.38164520263672,143.52899169921875,113.64862823486328,0.0,0.0,0.0,15.097871780395508,21.283470153808594,12.543465614318848,0.0,0.0,0.0
138.0,35.634483337402344,30127.958984375,3348.77001953125,14318.7890625,12460.3994140625,3166.038818359375,20.979724884033203,0.0,11631.001953125,0.07054546475410461,18.008560180664062,0.8003564476966858,2.446413278579712,3.937164068222046,1.6166555881500244,2.622683048248291,5.244455814361572,0.0010876356391236186,0.2999841570854187,0.5865776538848877,0.0,0.0,0.0,0.0,4181.7890625,185.85171508789062,347.7995300292969,1852.222900390625,373.51678466796875,0.0,617.6090698242188,0.042549483478069305,8.999524116516113,40.64982986450195,0.0,0.0,0.0,225.9169921875,225.9169921875,131.95339965820312,135.53912353515625,126.3239517211914,0.0,0.0,0.0,131.95339965820312,135.53912353515625,126.3239517211914,0.0,0.0,0.0,17.61664390563965,18.66546630859375,15.970030784606934,0.0,0.0,0.0
139.0,35.75563049316406,30193.1796875,3348.77001953125,14384.0107421875,12460.3994140625,3166.038818359375,21.3333797454834,0.0,11469.701171875,0.07054546475410461,18.044954299926758,0.8030797243118286,2.526724338531494,3.9380807876586914,1.6166601181030273,2.622683048248291,5.245254039764404,0.0010876356391236186,0.2999841570854187,0.5865776538848877,0.0,0.0,0.0,0.0,4147.32958984375,184.57440185546875,357.2204895019531,1817.70849609375,364.4706115722656,0.0,556.9437866210938,0.03836781531572342,17.999048233032227,52.264068603515625,0.0,0.0,0.0,227.2005615234375,227.2005615234375,156.96937561035156,152.8595733642578,121.09468841552734,0.0,0.0,0.0,156.96937561035156,152.8595733642578,121.09468841552734,0.0,0.0,0.0,24.580163955688477,23.37804412841797,14.086814880371094,0.0,0.0,0.0
140.0,36.00591278076172,30308.6875,3348.77001953125,14499.51953125,12460.3994140625,3166.038818359375,20.8096866607666,0.0,11795.4091796875,0.07054546475410461,18.09497833251953,0.807167649269104,2.7121472358703613,3.939821243286133,1.6166660785675049,2.622683048248291,5.25425386428833,0.0010876356391236186,0.2999841570854187,0.5865776538848877,0.0,0.0,0.0,0.0,4223.8837890625,188.4159393310547,385.4491882324219,592.6367797851562,291.82843017578125,0.0,1956.9344482421875,0.13472400605678558,22.358449935913086,55.0230827331543,0.0,0.0,0.0,228.4741668701172,228.4741668701172,102.77597045898438,189.81068420410156,131.50759887695312,0.0,0.0,0.0,102.77597045898438,189.81068420410156,131.50759887695312,0.0,0.0,0.0,9.252283096313477,34.709938049316406,17.656286239624023,0.0,0.0,0.0
141.0,36.21615219116211,30370.806640625,3348.77001953125,14561.638671875,12460.3994140625,3166.038818359375,20.85588264465332,0.0,11795.4091796875,0.07054546475410461,18.12522315979004,0.8096403479576111,2.8783822059631348,3.940990447998047,1.6166696548461914,2.622683048248291,5.264366149902344,0.0010876356391236186,0.2999841570854187,0.5865776538848877,0.0,0.0,0.0,0.0,4221.16552734375,188.55633544921875,407.66546630859375,507.7545471191406,298.9609069824219,0.0,2014.490478515625,0.2906593978404999,21.807926177978516,54.661441802978516,0.0,0.0,0.0,229.78594970703125,229.78594970703125,174.13897705078125,190.20704650878906,174.50656127929688,0.0,0.0,0.0,174.13897705078125,190.20704650878906,174.50656127929688,0.0,0.0,0.0,30.07976531982422,34.77967834472656,30.187288284301758,0.0,0.0,0.0
142.0,36.389896392822266,30418.1015625,3348.77001953125,14608.9326171875,12460.3994140625,3166.038818359375,20.612287521362305,0.0,11950.8095703125,0.07054546475410461,18.1458740234375,0.8113217353820801,3.0200772285461426,3.941837787628174,1.6166720390319824,2.622683048248291,5.273236274719238,0.0010876356391236186,0.2999841570854187,0.5865776538848877,0.0,0.0,0.0,0.0,4221.615234375,188.75299072265625,427.33837890625,425.6441650390625,377.61199951171875,0.0,2100.23828125,0.29671791195869446,22.243980407714844,54.9478874206543,0.0,0.0,0.0,231.12448120117188,231.12448120117188,174.3016357421875,190.2619171142578,176.2768096923828,0.0,0.0,0.0,174.3016357421875,190.2619171142578,176.2768096923828,0.0,0.0,0.0,30.370943069458008,35.03932189941406,30.948678970336914,0.0,0.0,0.0
143.0,36.4947509765625,30433.06640625,3348.77001953125,14623.8974609375,12460.3994140625,3166.038818359375,20.21805763244629,0.0,12185.013671875,0.07054546475410461,18.157154083251953,0.8122426867485046,3.1067628860473633,3.942317008972168,1.616673469543457,2.622683048248291,5.278724670410156,0.0010876356391236186,0.2999841570854187,0.5865776538848877,0.0,0.0,0.0,0.0,4209.623046875,188.3134307861328,438.33636474609375,1820.2623291015625,658.3933715820312,0.0,588.7779541015625,0.040461134165525436,18.649070739746094,52.67072677612305,0.0,0.0,0.0,232.50157165527344,232.50157165527344,134.70608520507812,163.91622924804688,137.2213134765625,0.0,0.0,0.0,134.70608520507812,163.91622924804688,137.2213134765625,0.0,0.0,0.0,19.183473587036133,27.72743797302246,19.919174194335938,0.0,0.0,0.0
144.0,36.5437126159668,30437.80078125,3348.77001953125,14628.6318359375,12460.3994140625,3166.038818359375,19.63260841369629,0.0,12542.080078125,0.07054546475410461,18.162017822265625,0.8126412034034729,3.147216558456421,3.9429798126220703,1.6166739463806152,2.622683048248291,5.281303882598877,0.0010876356391236186,0.2999841570854187,0.5865776538848877,0.0,0.0,0.0,0.0,4227.25048828125,189.14407348632812,445.00714111328125,1821.8323974609375,873.8312377929688,0.0,584.7605590820312,0.04017743840813637,19.250234603881836,53.046817779541016,0.0,0.0,0.0,233.9181365966797,233.9181365966797,131.08544921875,155.8340606689453,132.65428161621094,0.0,0.0,0.0,131.08544921875,155.8340606689453,132.65428161621094,0.0,0.0,0.0,18.70988655090332,25.9488525390625,19.16876792907715,0.0,0.0,0.0
145.0,36.5641975402832,30557.271484375,3348.77001953125,14631.015625,12577.486328125,3166.038818359375,18.946935653686523,0.0,13035.1591796875,0.07054546475410461,18.163686752319336,0.8127824664115906,3.161984920501709,3.9459445476531982,1.6166741847991943,2.622683048248291,5.282246112823486,0.0010876356391236186,0.2999841570854187,0.5865776538848877,0.0,0.0,0.0,0.0,4265.615234375,190.8762969970703,449.5956726074219,1871.642578125,1082.225341796875,0.0,635.1860961914062,0.04363907873630524,8.999524116516113,40.64982986450195,0.0,0.0,0.0,235.37451171875,235.37451171875,96.81373596191406,132.04005432128906,101.69967651367188,0.0,0.0,0.0,96.81373596191406,132.04005432128906,101.69967651367188,0.0,0.0,0.0,9.37108039855957,19.67477798461914,10.80021858215332,0.0,0.0,0.0
146.0,36.57550811767578,30996.310546875,3581.070068359375,14633.7919921875,12781.4482421875,3166.038818359375,19.082887649536133,0.0,13127.9267578125,0.07061507552862167,18.173004150390625,0.8136997818946838,3.1625969409942627,3.9461073875427246,1.6166741847991943,2.622683048248291,5.282477378845215,0.0010876356391236186,0.2999841570854187,0.5865776538848877,0.0,0.0,0.0,0.0,4279.84765625,191.63099670410156,450.46417236328125,1884.396484375,1083.60400390625,0.0,666.2157592773438,0.045770127326250076,8.999524116516113,40.64982986450195,0.0,0.0,0.0,236.84097290039062,236.84097290039062,119.19369506835938,137.5069580078125,117.60364532470703,0.0,0.0,0.0,119.19369506835938,137.5069580078125,117.60364532470703,0.0,0.0,0.0,15.781269073486328,21.137897491455078,15.316179275512695,0.0,0.0,0.0
147.0,36.87690734863281,31391.833984375,3581.070068359375,14989.451171875,12821.3125,3166.038818359375,19.918325424194336,0.0,12750.3583984375,0.07208196818828583,18.368934631347656,0.8319788575172424,3.239779472351074,3.9482839107513428,1.6166741847991943,2.622683048248291,5.288841247558594,0.0010876356391236186,0.2999841570854187,0.5865776538848877,0.0,0.0,0.0,0.0,4279.611328125,193.83518981933594,458.00225830078125,1853.22216796875,897.505126953125,0.0,618.2371215820312,0.042454589158296585,8.999524116516113,40.64982986450195,0.0,0.0,0.0,238.26803588867188,238.26803588867188,128.7283477783203,143.15411376953125,127.2627182006836,0.0,0.0,0.0,128.7283477783203,143.15411376953125,127.2627182006836,0.0,0.0,0.0,17.734716415405273,21.954254150390625,17.306018829345703,0.0,0.0,0.0
148.0,37.47416305541992,31589.65234375,3581.070068359375,15187.2705078125,12821.3125,3166.038818359375,20.032249450683594,0.0,12759.5927734375,0.07483286410570145,18.73609733581543,0.8673908114433289,3.414672374725342,3.9521470069885254,1.6166743040084839,2.622683048248291,5.302016258239746,0.0010876356391236186,0.2999841570854187,0.5865776538848877,0.0,0.0,0.0,0.0,4382.541015625,202.89048767089844,483.1552734375,1900.7347412109375,555.9036865234375,0.0,780.0092163085938,0.053513407707214355,8.999524116516113,40.64982986450195,0.0,0.0,0.0,239.65530395507812,239.65530395507812,109.7305679321289,150.01234436035156,127.43376159667969,0.0,0.0,0.0,109.7305679321289,150.01234436035156,127.43376159667969,0.0,0.0,0.0,12.063942909240723,23.84636116027832,17.242128372192383,0.0,0.0,0.0
149.0,37.87177658081055,31652.244140625,3581.070068359375,15249.861328125,12821.3125,3166.038818359375,21.027891159057617,0.0,12197.71484375,0.07660672813653946,18.97278594970703,0.890459418296814,3.5393588542938232,3.9545514583587646,1.6166743040084839,2.622683048248291,5.311006546020508,0.0010876356391236186,0.2999841570854187,0.5865776538848877,0.0,0.0,0.0,0.0,4344.59814453125,203.9072265625,492.4681396484375,1843.5379638671875,391.8384704589844,0.0,649.0695190429688,0.04450176656246185,8.999524116516113,40.64982986450195,0.0,0.0,0.0,241.01080322265625,241.01080322265625,72.29338836669922,139.0260009765625,115.2803726196289,0.0,0.0,0.0,72.29338836669922,139.0260009765625,115.2803726196289,0.0,0.0,0.0,0.1179255023598671,19.63721466064453,12.691617965698242,0.0,0.0,0.0
150.0,38.0635986328125,31672.048828125,3581.070068359375,15269.666015625,12821.3125,3166.038818359375,21.303197860717773,0.0,12053.9423828125,0.07736054807901382,19.07335090637207,0.9003286957740784,3.606490135192871,3.955549716949463,1.6166743040084839,2.622683048248291,5.323511123657227,0.0010876356391236186,0.2999841570854187,0.5865776538848877,0.0,0.0,0.0,0.0,4328.4423828125,204.31759643554688,498.0412902832031,1829.044189453125,369.30657958984375,0.0,598.1317749023438,0.0409727580845356,8.999524116516113,40.64982986450195,0.0,0.0,0.0,242.30738830566406,242.30738830566406,117.62133026123047,135.14183044433594,107.45227813720703,0.0,0.0,0.0,117.62133026123047,135.14183044433594,107.45227813720703,0.0,0.0,0.0,13.101040840148926,18.225788116455078,10.126594543457031,0.0,0.0,0.0
151.0,38.15332794189453,31720.58984375,3581.070068359375,15318.2080078125,12821.3125,3166.038818359375,21.64876365661621,0.0,11886.7802734375,0.07752306014299393,19.095046997070312,0.9023523330688477,3.6668508052825928,3.9557950496673584,1.6166743040084839,2.622683048248291,5.328752040863037,0.0010876356391236186,0.2999841570854187,0.5865776538848877,0.0,0.0,0.0,0.0,4296.044921875,203.01319885253906,502.6986999511719,1809.85693359375,360.4944763183594,0.0,541.3237915039062,0.03706736117601395,8.999524116516113,40.64982986450195,0.0,0.0,0.0,243.56597900390625,243.56597900390625,133.05943298339844,143.27859497070312,110.31376647949219,0.0,0.0,0.0,133.05943298339844,143.27859497070312,110.31376647949219,0.0,0.0,0.0,17.271121978759766,20.26022720336914,10.618014335632324,0.0,0.0,0.0
152.0,38.32127380371094,31794.76953125,3581.070068359375,15392.38671875,12821.3125,3166.038818359375,21.085233688354492,0.0,12224.333984375,0.07773247361183167,19.12298011779785,0.905096709728241,3.7925426959991455,3.9567837715148926,1.6166743040084839,2.622683048248291,5.339131832122803,0.0010876356391236186,0.2999841570854187,0.5865776538848877,0.0,0.0,0.0,0.0,4377.89892578125,207.20733642578125,525.951904296875,1829.173095703125,289.1182861328125,0.0,689.4644165039062,0.04717625305056572,18.06856346130371,52.307559967041016,0.0,0.0,0.0,244.8167724609375,244.8167724609375,153.11209106445312,168.32972717285156,146.41835021972656,0.0,0.0,0.0,153.11209106445312,168.32972717285156,146.41835021972656,0.0,0.0,0.0,23.700054168701172,28.151212692260742,21.74213409423828,0.0,0.0,0.0
153.0,38.45574951171875,31838.970703125,3581.070068359375,15436.5869140625,12821.3125,3166.038818359375,21.117944717407227,0.0,12224.333984375,0.07784111052751541,19.13747215270996,0.9065227508544922,3.9034430980682373,3.9575273990631104,1.6166743040084839,2.622683048248291,5.345935344696045,0.0010876356391236186,0.2999841570854187,0.5865776538848877,0.0,0.0,0.0,0.0,4372.5849609375,207.12493896484375,539.73095703125,1590.9222412109375,296.1794128417969,0.0,911.0834350585938,0.06231002137064934,17.999048233032227,52.264068603515625,0.0,0.0,0.0,246.1027069091797,246.1027069091797,144.39886474609375,170.43458557128906,123.69978332519531,0.0,0.0,0.0,144.39886474609375,170.43458557128906,123.69978332519531,0.0,0.0,0.0,21.11872100830078,28.734169006347656,15.064242362976074,0.0,0.0,0.0
154.0,38.59138870239258,31883.75390625,3581.070068359375,15481.3701171875,12821.3125,3166.038818359375,20.867685317993164,0.0,12385.3876953125,0.07792747020721436,19.148990631103516,0.9076638221740723,4.019447326660156,3.9583420753479004,1.6166743040084839,2.622683048248291,5.352011680603027,0.0010876356391236186,0.2999841570854187,0.5865776538848877,0.0,0.0,0.0,0.0,4381.9140625,207.70310974121094,555.602783203125,1571.4525146484375,374.488037109375,0.0,933.07080078125,0.06378597021102905,18.343660354614258,52.47966003417969,0.0,0.0,0.0,247.41766357421875,247.41766357421875,147.14198303222656,167.12457275390625,136.72467041015625,0.0,0.0,0.0,147.14198303222656,167.12457275390625,136.72467041015625,0.0,0.0,0.0,22.171342849731445,28.016254425048828,19.124279022216797,0.0,0.0,0.0
155.0,38.681541442871094,31898.18359375,3581.070068359375,15495.80078125,12821.3125,3166.038818359375,20.46721839904785,0.0,12628.09375,0.07797849178314209,19.155794143676758,0.9083419442176819,4.096915245056152,3.9596879482269287,1.6166743040084839,2.622683048248291,5.355814456939697,0.0010876356391236186,0.2999841570854187,0.5865776538848877,0.0,0.0,0.0,0.0,4363.72314453125,206.92185974121094,563.7040405273438,1803.429443359375,652.3182373046875,0.0,596.8446044921875,0.04078998789191246,17.999048233032227,52.264068603515625,0.0,0.0,0.0,248.77291870117188,248.77291870117188,132.5885009765625,155.59666442871094,142.14991760253906,0.0,0.0,0.0,132.5885009765625,155.59666442871094,142.14991760253906,0.0,0.0,0.0,18.31491470336914,25.044803619384766,21.111629486083984,0.0,0.0,0.0
156.0,38.72596740722656,31903.201171875,3581.070068359375,15500.8193359375,12821.3125,3166.038818359375,19.899063110351562,0.0,12982.158203125,0.07800129055976868,19.158836364746094,0.9086453914642334,4.134504795074463,3.9613866806030273,1.6166743040084839,2.622683048248291,5.357585430145264,0.0010876356391236186,0.2999841570854187,0.5865776538848877,0.0,0.0,0.0,0.0,4382.8359375,207.86459350585938,570.3333740234375,1804.8033447265625,865.9202270507812,0.0,592.2799072265625,0.04047289118170738,17.999048233032227,52.264068603515625,0.0,0.0,0.0,250.16775512695312,250.16775512695312,131.41085815429688,150.36817932128906,128.01785278320312,0.0,0.0,0.0,131.41085815429688,150.36817932128906,128.01785278320312,0.0,0.0,0.0,18.538612365722656,24.083629608154297,17.546157836914062,0.0,0.0,0.0
157.0,38.74531555175781,32022.630859375,3581.070068359375,15503.8955078125,12937.6640625,3166.038818359375,19.199735641479492,0.0,13492.5458984375,0.07800877094268799,19.159832000732422,0.9087490439414978,4.147647857666016,3.9658865928649902,1.6166743040084839,2.622683048248291,5.358183860778809,0.0010876356391236186,0.2999841570854187,0.5865776538848877,0.0,0.0,0.0,0.0,4431.47900390625,210.1846466064453,576.8738403320312,1851.7412109375,1073.829833984375,0.0,642.891845703125,0.043929558247327805,8.999524116516113,40.64982986450195,0.0,0.0,0.0,251.6011199951172,251.6011199951172,82.13052368164062,131.6339111328125,91.44631958007812,0.0,0.0,0.0,82.13052368164062,131.6339111328125,91.44631958007812,0.0,0.0,0.0,4.823441505432129,19.303186416625977,7.548313617706299,0.0,0.0,0.0
158.0,38.75857925415039,32234.88671875,3581.070068359375,15507.4501953125,13146.3671875,3166.038818359375,19.18968391418457,0.0,13588.5625,0.07800896465778351,19.17068099975586,0.9098069667816162,4.148539066314697,3.9660844802856445,1.6166743040084839,2.622683048248291,5.358450412750244,0.0010876356391236186,0.2999841570854187,0.5865776538848877,0.0,0.0,0.0,0.0,4447.83203125,211.08633422851562,578.5325927734375,1862.394287109375,1075.469482421875,0.0,674.9154052734375,0.046116869896650314,8.999524116516113,40.64982986450195,0.0,0.0,0.0,253.0439910888672,253.0439910888672,114.92567443847656,137.1016845703125,112.12718200683594,0.0,0.0,0.0,114.92567443847656,137.1016845703125,112.12718200683594,0.0,0.0,0.0,14.42607593536377,20.912555694580078,13.60751724243164,0.0,0.0,0.0
159.0,39.10170364379883,32711.224609375,3581.070068359375,15943.0146484375,13187.1396484375,3281.41845703125,20.0700740814209,0.0,13197.7421875,0.07801056653261185,19.368898391723633,0.9285138845443726,4.268000602722168,3.968096971511841,1.6166743040084839,2.622683048248291,5.363175868988037,0.0010876356391236186,0.2999841570854187,0.5865776538848877,0.0,0.0,0.0,0.0,4436.34423828125,212.67120361328125,588.5629272460938,1834.8668212890625,889.4840698242188,0.0,623.6480102539062,0.042599473148584366,8.999524116516113,40.64982986450195,0.0,0.0,0.0,254.4519500732422,254.4519500732422,117.14727020263672,139.21810913085938,114.38005828857422,0.0,0.0,0.0,117.14727020263672,139.21810913085938,114.38005828857422,0.0,0.0,0.0,14.195501327514648,20.651222229003906,13.386093139648438,0.0,0.0,0.0
160.0,39.89015579223633,32995.16015625,3581.070068359375,16226.9521484375,13187.1396484375,3281.41845703125,20.23239517211914,0.0,13207.30859375,0.07801362127065659,19.792179107666016,0.9702999591827393,4.5773396492004395,3.972072124481201,1.6166743040084839,2.622683048248291,5.373244762420654,0.0010876356391236186,0.2999841570854187,0.5865776538848877,0.0,0.0,0.0,0.0,4545.478515625,222.8394317626953,631.4389038085938,1871.1934814453125,550.7328491210938,0.0,768.9583740234375,0.052487824112176895,8.999524116516113,40.64982986450195,0.0,0.0,0.0,255.82138061523438,255.82138061523438,114.66336059570312,147.4372100830078,121.4583740234375,0.0,0.0,0.0,114.66336059570312,147.4372100830078,121.4583740234375,0.0,0.0,0.0,13.306636810302734,22.892990112304688,15.294178009033203,0.0,0.0,0.0
161.0,40.439090728759766,33085.0,3581.070068359375,16316.7919921875,13187.1396484375,3281.41845703125,21.25444221496582,0.0,12625.71875,0.0780155137181282,20.075279235839844,0.9985901713371277,4.805629730224609,3.974602222442627,1.6166743040084839,2.622683048248291,5.379968643188477,0.0010876356391236186,0.2999841570854187,0.5865776538848877,0.0,0.0,0.0,0.0,4494.00341796875,223.54197692871094,648.759765625,1801.100341796875,387.1913146972656,0.0,642.9669189453125,0.04386705160140991,8.999524116516113,40.64982986450195,0.0,0.0,0.0,257.1612854003906,257.1612854003906,125.90560913085938,140.07342529296875,128.7374267578125,0.0,0.0,0.0,125.90560913085938,140.07342529296875,128.7374267578125,0.0,0.0,0.0,15.572949409484863,19.717037200927734,16.401256561279297,0.0,0.0,0.0
162.0,40.7075309753418,33113.42578125,3581.070068359375,16345.2177734375,13187.1396484375,3281.41845703125,21.537858963012695,0.0,12476.8916015625,0.07801634818315506,20.206897735595703,1.011840581893921,4.918372631072998,3.976358652114868,1.6166743040084839,2.622683048248291,5.389040470123291,0.0010876356391236186,0.2999841570854187,0.5865776538848877,0.0,0.0,0.0,0.0,4479.2080078125,224.2919464111328,658.5475463867188,1771.443359375,364.79522705078125,0.0,597.7470092773438,0.04075568914413452,8.999524116516113,40.64982986450195,0.0,0.0,0.0,258.4480895996094,258.4480895996094,94.96147918701172,127.96076965332031,111.60173797607422,0.0,0.0,0.0,94.96147918701172,127.96076965332031,111.60173797607422,0.0,0.0,0.0,6.23837423324585,15.890665054321289,11.1056489944458,0.0,0.0,0.0
163.0,40.82743835449219,33128.8828125,3581.070068359375,16360.67578125,13187.1396484375,3281.41845703125,21.86409568786621,0.0,12303.8681640625,0.07801667600870132,20.26106071472168,1.0173161029815674,4.966716766357422,3.981088161468506,1.6166743040084839,2.622683048248291,5.396235942840576,0.0010876356391236186,0.2999841570854187,0.5865776538848877,0.0,0.0,0.0,0.0,4450.5693359375,223.4649200439453,660.2725830078125,1743.4970703125,356.0408935546875,0.0,544.39453125,0.03709908947348595,8.999524116516113,40.64982986450195,0.0,0.0,0.0,259.700439453125,259.700439453125,131.64271545410156,141.74107360839844,124.64219665527344,0.0,0.0,0.0,131.64271545410156,141.74107360839844,124.64219665527344,0.0,0.0,0.0,16.641399383544922,19.595169067382812,14.593746185302734,0.0,0.0,0.0
164.0,40.88494873046875,33135.94140625,3581.070068359375,16367.7314453125,13187.1396484375,3281.41845703125,21.249099731445312,0.0,12653.2685546875,0.07801681756973267,20.284257888793945,1.0196243524551392,4.987942218780518,3.9847753047943115,1.6166743040084839,2.622683048248291,5.40332555770874,0.0010876356391236186,0.2999841570854187,0.5865776538848877,0.0,0.0,0.0,0.0,4536.70556640625,228.04559326171875,671.8674926757812,597.391845703125,285.6163024902344,0.0,1871.9443359375,0.19686192274093628,17.999048233032227,52.264068603515625,0.0,0.0,0.0,260.9440612792969,260.9440612792969,159.15444946289062,184.16531372070312,127.54496765136719,0.0,0.0,0.0,159.15444946289062,184.16531372070312,127.54496765136719,0.0,0.0,0.0,25.303577423095703,32.61925506591797,16.057804107666016,0.0,0.0,0.0
165.0,40.91322326660156,33140.9296875,3581.070068359375,16372.71875,13187.1396484375,3281.41845703125,21.255582809448242,0.0,12653.2685546875,0.07801687717437744,20.294527053833008,1.0206217765808105,4.997481822967529,3.9869275093078613,1.6166743040084839,2.622683048248291,5.4086432456970215,0.0010876356391236186,0.2999841570854187,0.5865776538848877,0.0,0.0,0.0,0.0,4535.39697265625,228.08737182617188,672.6608276367188,585.3956298828125,292.7855529785156,0.0,1876.03662109375,0.1277341991662979,17.999048233032227,52.264068603515625,0.0,0.0,0.0,262.2212219238281,262.2212219238281,101.48070526123047,185.2467041015625,153.4747772216797,0.0,0.0,0.0,101.48070526123047,185.2467041015625,153.4747772216797,0.0,0.0,0.0,8.427522659301758,32.9290771484375,23.635787963867188,0.0,0.0,0.0
166.0,40.927433013916016,33142.5078125,3581.070068359375,16374.296875,13187.1396484375,3281.41845703125,20.974824905395508,0.18312489986419678,12819.96484375,0.07801690697669983,20.299362182617188,1.0210782289505005,5.002012252807617,3.988107919692993,1.6166743040084839,2.622683048248291,5.411847114562988,0.0010876356391236186,0.2999841570854187,0.5865776538848877,0.0,0.0,0.0,0.0,4550.93017578125,228.9163360595703,674.8006591796875,1554.30029296875,370.53045654296875,0.0,921.923095703125,0.06275680661201477,17.999048233032227,52.264068603515625,0.0,0.0,0.0,263.53131103515625,263.53131103515625,137.70445251464844,172.50799560546875,162.0970458984375,0.0,0.0,0.0,137.70445251464844,172.50799560546875,162.0970458984375,0.0,0.0,0.0,19.1205997467041,29.30063819885254,26.25543785095215,0.0,0.0,0.0
167.0,40.933589935302734,33143.0078125,3581.070068359375,16374.796875,13187.1396484375,3281.41845703125,20.562828063964844,0.0,13071.1923828125,0.07801691442728043,20.301359176635742,1.0212643146514893,5.0038981437683105,3.9886491298675537,1.6166743040084839,2.622683048248291,5.413395881652832,0.0010876356391236186,0.2999841570854187,0.5865776538848877,0.0,0.0,0.0,0.0,4538.923828125,228.33154296875,673.644775390625,1765.894287109375,646.0531616210938,0.0,616.4389038085938,0.04195733740925789,17.999048233032227,52.264068603515625,0.0,0.0,0.0,264.888671875,264.888671875,136.03297424316406,158.23451232910156,138.341064453125,0.0,0.0,0.0,136.03297424316406,158.23451232910156,138.341064453125,0.0,0.0,0.0,19.22681427001953,25.720766067504883,19.901931762695312,0.0,0.0,0.0
168.0,40.936065673828125,33143.1640625,3581.070068359375,16374.955078125,13187.1396484375,3281.41845703125,20.012107849121094,0.0,13422.2265625,0.07801692187786102,20.302059173583984,1.0213292837142944,5.004563331604004,3.989091396331787,1.6166743040084839,2.622683048248291,5.414000034332275,0.0010876356391236186,0.2999841570854187,0.5865776538848877,0.0,0.0,0.0,0.0,4560.0751953125,229.40225219726562,676.0150146484375,1768.661865234375,857.7938842773438,0.0,612.3844604492188,0.04167956858873367,17.999048233032227,52.264068603515625,0.0,0.0,0.0,266.2920837402344,266.2920837402344,127.85433197021484,150.6011199951172,127.03724670410156,0.0,0.0,0.0,127.85433197021484,150.6011199951172,127.03724670410156,0.0,0.0,0.0,17.385282516479492,24.038721084594727,17.146286010742188,0.0,0.0,0.0
169.0,40.937015533447266,33256.9609375,3581.070068359375,16375.9833984375,13299.908203125,3281.41845703125,19.302114486694336,0.0,13949.9140625,0.07801692187786102,20.302127838134766,1.0213359594345093,5.004629135131836,3.9898362159729004,1.6166743040084839,2.622683048248291,5.414063930511475,0.0010876356391236186,0.2999841570854187,0.5865776538848877,0.0,0.0,0.0,0.0,4615.138671875,232.17306518554688,682.0588989257812,1820.379638671875,1064.2978515625,0.0,664.8896484375,0.045252930372953415,8.999524116516113,40.64982986450195,0.0,0.0,0.0,267.73590087890625,267.73590087890625,109.16949462890625,124.84806823730469,112.00953674316406,0.0,0.0,0.0,109.16949462890625,124.84806823730469,112.00953674316406,0.0,0.0,0.0,12.629962921142578,17.215944290161133,13.460674285888672,0.0,0.0,0.0
170.0,40.94096374511719,33471.54296875,3581.070068359375,16378.541015625,13511.9306640625,3281.41845703125,19.28843879699707,0.0,14049.189453125,0.07801692187786102,20.30217933654785,1.0213406085968018,5.004678726196289,3.99109148979187,1.6166743040084839,2.622683048248291,5.416651725769043,0.0010876356391236186,0.2999841570854187,0.5865776538848877,0.0,0.0,0.0,0.0,4632.96240234375,233.0701904296875,683.9773559570312,1834.78125,1066.344970703125,0.0,693.213623046875,0.04717176780104637,8.999524116516113,40.64982986450195,0.0,0.0,0.0,269.19140625,269.19140625,101.7188949584961,132.57972717285156,108.9964599609375,0.0,0.0,0.0,101.7188949584961,132.57972717285156,108.9964599609375,0.0,0.0,0.0,10.464338302612305,19.491130828857422,12.593025207519531,0.0,0.0,0.0
171.0,40.9584846496582,33527.39453125,3581.070068359375,16393.0,13553.326171875,3542.92236328125,19.913183212280273,0.0,13645.1259765625,0.07801692187786102,20.302316665649414,1.021353006362915,5.004809856414795,3.9952685832977295,1.6166743040084839,2.622683048248291,5.429714679718018,0.0010876356391236186,0.2999841570854187,0.5865776538848877,0.0,0.0,0.0,0.0,4595.51904296875,231.18777465820312,679.7962646484375,1817.0672607421875,884.0186157226562,0.0,663.1748046875,0.04508616775274277,8.999524116516113,40.64982986450195,0.0,0.0,0.0,270.6109924316406,270.6109924316406,122.39364624023438,140.16543579101562,116.24608612060547,0.0,0.0,0.0,122.39364624023438,140.16543579101562,116.24608612060547,0.0,0.0,0.0,15.886956214904785,21.085206985473633,14.088796615600586,0.0,0.0,0.0
172.0,40.979278564453125,33531.96875,3581.070068359375,16397.57421875,13553.326171875,3542.92236328125,19.904123306274414,0.0,13655.0146484375,0.07801692187786102,20.30245590209961,1.021365761756897,5.00494384765625,4.000350475311279,1.6166743040084839,2.622683048248291,5.4451398849487305,0.0010876356391236186,0.2999841570854187,0.5865776538848877,0.0,0.0,0.0,0.0,4663.96630859375,234.63246154785156,688.09912109375,1893.2606201171875,550.6764526367188,0.0,841.8958740234375,0.05717474967241287,8.999524116516113,44.14927673339844,0.0,0.0,0.0,271.99395751953125,271.99395751953125,126.59226989746094,148.42808532714844,128.8762664794922,0.0,0.0,0.0,126.59226989746094,148.42808532714844,128.8762664794922,0.0,0.0,0.0,17.124116897583008,23.511091232299805,17.79218292236328,0.0,0.0,0.0
173.0,40.990684509277344,33534.71875,3581.070068359375,16400.3203125,13553.326171875,3542.92236328125,20.855295181274414,0.0,13053.703125,0.07801692187786102,20.302509307861328,1.0213704109191895,5.004993915557861,4.005272388458252,1.6166743040084839,2.622683048248291,5.451514720916748,0.0010876356391236186,0.2999841570854187,0.5865776538848877,0.0,0.0,0.0,0.0,4589.64892578125,230.8942108154297,679.0167846679688,1845.6285400390625,389.0399169921875,0.0,735.42041015625,0.04992150142788887,8.999524116516113,40.64982986450195,0.0,0.0,0.0,273.35162353515625,273.35162353515625,77.94844818115234,140.64698791503906,110.52913665771484,0.0,0.0,0.0,77.94844818115234,140.64698791503906,110.52913665771484,0.0,0.0,0.0,1.9446264505386353,20.283946990966797,11.474477767944336,0.0,0.0,0.0
174.0,41.000587463378906,33537.83984375,3581.070068359375,16403.443359375,13553.326171875,3542.92236328125,21.117368698120117,0.0,12899.8408203125,0.07801692187786102,20.30253028869629,1.0213724374771118,5.005014419555664,4.008403301239014,1.6166743040084839,2.622683048248291,5.458244323730469,0.0010876356391236186,0.2999841570854187,0.5865776538848877,0.0,0.0,0.0,0.0,4563.67724609375,229.58782958984375,676.1002807617188,1828.3465576171875,367.29901123046875,0.0,699.6957397460938,0.04747403785586357,8.999524116516113,40.64982986450195,0.0,0.0,0.0,274.65789794921875,274.65789794921875,100.13874053955078,135.80856323242188,120.14605712890625,0.0,0.0,0.0,100.13874053955078,135.80856323242188,120.14605712890625,0.0,0.0,0.0,8.173213005065918,18.606637954711914,14.025352478027344,0.0,0.0,0.0
175.0,41.01416015625,33546.671875,3581.070068359375,16412.275390625,13553.326171875,3542.92236328125,21.433116912841797,0.0,12720.9462890625,0.07801692187786102,20.30254364013672,1.0213737487792969,5.005028247833252,4.011513710021973,1.6166743040084839,2.622683048248291,5.468674659729004,0.0010876356391236186,0.2999841570854187,0.5865776538848877,0.0,0.0,0.0,0.0,4529.7509765625,227.88121032714844,672.307373046875,1804.3223876953125,358.76800537109375,0.0,649.9044799804688,0.04406345263123512,8.999524116516113,40.64982986450195,0.0,0.0,0.0,275.9340515136719,275.9340515136719,116.66292572021484,143.10943603515625,102.45967864990234,0.0,0.0,0.0,116.66292572021484,143.10943603515625,102.45967864990234,0.0,0.0,0.0,12.690788269042969,20.426393508911133,8.536337852478027,0.0,0.0,0.0
176.0,41.03366470336914,33555.24609375,3581.070068359375,16420.849609375,13553.326171875,3542.92236328125,20.830570220947266,0.0,13082.18359375,0.07801692187786102,20.302560806274414,1.0213751792907715,5.005043983459473,4.015506744384766,1.6166743040084839,2.622683048248291,5.484155654907227,0.0010876356391236186,0.2999841570854187,0.5865776538848877,0.0,0.0,0.0,0.0,4614.16455078125,232.12802124023438,681.8740844726562,609.1967163085938,287.874755859375,0.0,2035.9166259765625,0.28799018263816833,19.82984733581543,53.409427642822266,0.0,0.0,0.0,277.2017517089844,277.2017517089844,142.7389373779297,184.9356689453125,162.83583068847656,0.0,0.0,0.0,142.7389373779297,184.9356689453125,162.83583068847656,0.0,0.0,0.0,20.920568466186523,33.26311492919922,26.79891014099121,0.0,0.0,0.0
177.0,41.04888153076172,33557.9609375,3581.070068359375,16423.5625,13553.326171875,3542.92236328125,20.835447311401367,0.0,13082.18359375,0.07801692187786102,20.30257225036621,1.0213762521743774,5.005054473876953,4.018479347229004,1.6166743040084839,2.622683048248291,5.496375560760498,0.0010876356391236186,0.2999841570854187,0.5865776538848877,0.0,0.0,0.0,0.0,4612.3349609375,232.0360870361328,681.590087890625,1579.113525390625,295.1610107421875,0.0,1060.161865234375,0.07173918187618256,19.623849868774414,53.28055191040039,0.0,0.0,0.0,278.5099182128906,278.5099182128906,119.9541244506836,171.97930908203125,131.59751892089844,0.0,0.0,0.0,119.9541244506836,171.97930908203125,131.59751892089844,0.0,0.0,0.0,14.251134872436523,29.468502044677734,17.65682601928711,0.0,0.0,0.0
178.0,41.056556701660156,33558.81640625,3581.070068359375,16424.421875,13553.326171875,3542.92236328125,20.55950164794922,0.0,13254.54296875,0.07801692187786102,20.302576065063477,1.021376609802246,5.005059242248535,4.01993465423584,1.6166743040084839,2.622683048248291,5.502584457397461,0.0010876356391236186,0.2999841570854187,0.5865776538848877,0.0,0.0,0.0,0.0,4626.59521484375,232.75352478027344,683.2843627929688,1582.27685546875,373.5140075683594,0.0,1075.101806640625,0.07271843403577805,20.623661041259766,53.90604019165039,0.0,0.0,0.0,279.8528747558594,279.8528747558594,96.10803985595703,170.54542541503906,128.73716735839844,0.0,0.0,0.0,96.10803985595703,170.54542541503906,128.73716735839844,0.0,0.0,0.0,7.552098751068115,29.32503318786621,17.096120834350586,0.0,0.0,0.0
179.0,41.05989074707031,33559.08984375,3581.070068359375,16424.693359375,13553.326171875,3542.92236328125,20.155162811279297,0.2997659742832184,13514.2822265625,0.07801692187786102,20.30257797241211,1.0213768482208252,5.005061149597168,4.020451545715332,1.6166743040084839,2.622683048248291,5.505398273468018,0.0010876356391236186,0.2999841570854187,0.5865776538848877,0.0,0.0,0.0,0.0,4618.0048828125,232.32138061523438,681.890380859375,1834.9671630859375,651.5807495117188,0.0,732.6154174804688,0.049543336033821106,17.999048233032227,52.264068603515625,0.0,0.0,0.0,281.2432861328125,281.2432861328125,140.9431610107422,161.06655883789062,143.00059509277344,0.0,0.0,0.0,140.9431610107422,161.06655883789062,143.00059509277344,0.0,0.0,0.0,20.77094841003418,26.65703773498535,21.372745513916016,0.0,0.0,0.0
180.0,41.06178665161133,33559.75390625,3581.070068359375,16425.359375,13553.326171875,3542.92236328125,19.636959075927734,0.0,13862.2958984375,0.07801692187786102,20.302579879760742,1.0213768482208252,5.005061149597168,4.020596504211426,1.6166743040084839,2.622683048248291,5.507150173187256,0.0010876356391236186,0.2999841570854187,0.5865776538848877,0.0,0.0,0.0,0.0,4636.93408203125,233.273681640625,683.9700317382812,1837.2520751953125,864.9188232421875,0.0,727.8344116210938,0.049213990569114685,18.10637855529785,52.331214904785156,0.0,0.0,0.0,282.6803283691406,282.6803283691406,112.80339050292969,154.4961700439453,131.89691162109375,0.0,0.0,0.0,112.80339050292969,154.4961700439453,131.89691162109375,0.0,0.0,0.0,13.358033180236816,25.553173065185547,18.942888259887695,0.0,0.0,0.0
181.0,41.068443298339844,33675.89453125,3581.070068359375,16432.521484375,13662.3037109375,3542.92236328125,18.940153121948242,0.0,14407.2822265625,0.07801692187786102,20.302579879760742,1.0213768482208252,5.005061626434326,4.022771835327148,1.6166743040084839,2.622683048248291,5.511631488800049,0.0010876356391236186,0.2999841570854187,0.5865776538848877,0.0,0.0,0.0,0.0,4687.8154296875,235.83340454101562,690.2186889648438,1896.26123046875,1072.481201171875,0.0,786.8264770507812,0.053186677396297455,8.999524116516113,41.788387298583984,0.0,0.0,0.0,284.1640319824219,284.1640319824219,85.35492706298828,131.22874450683594,120.01019287109375,0.0,0.0,0.0,85.35492706298828,131.22874450683594,120.01019287109375,0.0,0.0,0.0,6.026163101196289,19.444255828857422,16.16282844543457,0.0,0.0,0.0
182.0,41.0816535949707,34128.05078125,3813.3701171875,16437.138671875,13877.54296875,3542.92236328125,19.05777359008789,0.0,14509.8154296875,0.07801692187786102,20.302579879760742,1.0213768482208252,5.005061626434326,4.025027275085449,1.6166743040084839,2.622683048248291,5.522585391998291,0.0010876356391236186,0.2999841570854187,0.5865776538848877,0.0,0.0,0.0,0.0,4703.62646484375,236.62881469726562,692.1945190429688,1907.5211181640625,1074.2451171875,0.0,819.870361328125,0.055377062410116196,8.999524116516113,44.69957733154297,0.0,0.0,0.0,285.6652526855469,285.6652526855469,123.2330093383789,139.16476440429688,121.70693969726562,0.0,0.0,0.0,123.2330093383789,139.16476440429688,121.70693969726562,0.0,0.0,0.0,16.987882614135742,21.647918701171875,16.541505813598633,0.0,0.0,0.0
183.0,41.10839080810547,34189.98828125,3813.3701171875,16457.080078125,13919.5400390625,3542.92236328125,19.678417205810547,0.0,14092.4990234375,0.07801692187786102,20.302579879760742,1.0213769674301147,5.005062103271484,4.0282883644104,1.6166743040084839,2.622683048248291,5.546061038970947,0.0010876356391236186,0.2999841570854187,0.5865776538848877,0.0,0.0,0.0,0.0,4668.48974609375,234.86119079589844,687.848388671875,1892.739990234375,890.8809814453125,0.0,780.75390625,0.05264826491475105,8.999524116516113,40.64982986450195,0.0,0.0,0.0,287.1344299316406,287.1344299316406,128.5288543701172,145.0966033935547,126.68331146240234,0.0,0.0,0.0,128.5288543701172,145.0966033935547,126.68331146240234,0.0,0.0,0.0,17.91627311706543,22.762338638305664,17.376449584960938,0.0,0.0,0.0
184.0,41.137882232666016,34196.296875,3813.3701171875,16463.388671875,13919.5400390625,3542.92236328125,19.67041778564453,0.0,14102.7119140625,0.07801692187786102,20.302579879760742,1.0213769674301147,5.005062580108643,4.031973838806152,1.6166743040084839,2.622683048248291,5.571865558624268,0.0010876356391236186,0.2999841570854187,0.5865776538848877,0.0,0.0,0.0,0.0,4732.505859375,238.08168029785156,696.3836059570312,1937.8843994140625,554.5911865234375,0.0,989.3480224609375,0.06659481674432755,12.92676067352295,48.932071685791016,0.0,0.0,0.0,288.5699157714844,288.5699157714844,112.3663330078125,150.4319610595703,123.22675323486328,0.0,0.0,0.0,112.3663330078125,150.4319610595703,123.22675323486328,0.0,0.0,0.0,13.196734428405762,24.330930709838867,16.3734073638916,0.0,0.0,0.0
185.0,41.15386962890625,34199.21875,3813.3701171875,16466.310546875,13919.5400390625,3542.92236328125,20.611328125,0.0,13481.6875,0.07801692187786102,20.302579879760742,1.0213769674301147,5.005062580108643,4.036048889160156,1.6166743040084839,2.622683048248291,5.583775520324707,0.0010876356391236186,0.2999841570854187,0.5865776538848877,0.0,0.0,0.0,0.0,4658.0732421875,234.33714294433594,686.9852905273438,1911.8692626953125,391.84320068359375,0.0,853.6061401367188,0.05741032212972641,8.999524116516113,45.22884750366211,0.0,0.0,0.0,289.9806823730469,289.9806823730469,80.31312561035156,145.96160888671875,109.67158508300781,0.0,0.0,0.0,80.31312561035156,145.96160888671875,109.67158508300781,0.0,0.0,0.0,2.8802618980407715,22.082443237304688,11.467611312866211,0.0,0.0,0.0
186.0,41.1644287109375,34201.75,3813.3701171875,16468.83984375,13919.5400390625,3542.92236328125,20.87018585205078,0.0,13322.78125,0.07801692187786102,20.302579879760742,1.0213769674301147,5.005062580108643,4.037477493286133,1.6166743040084839,2.622683048248291,5.592907905578613,0.0010876356391236186,0.2999841570854187,0.5865776538848877,0.0,0.0,0.0,0.0,4634.69873046875,233.16122436523438,683.968505859375,1898.0157470703125,370.0812683105469,0.0,812.1107177734375,0.0545848123729229,8.999524116516113,41.515106201171875,0.0,0.0,0.0,291.3396301269531,291.3396301269531,104.02952575683594,134.78607177734375,87.77037048339844,0.0,0.0,0.0,104.02952575683594,134.78607177734375,87.77037048339844,0.0,0.0,0.0,9.558449745178223,18.554737091064453,4.802647113800049,0.0,0.0,0.0
187.0,41.18781280517578,34221.19140625,3813.3701171875,16488.279296875,13919.5400390625,3542.92236328125,21.188989639282227,0.0,13138.025390625,0.07801692187786102,20.302579879760742,1.0213769674301147,5.005062580108643,4.039700508117676,1.6166743040084839,2.622683048248291,5.614069938659668,0.0010876356391236186,0.2999841570854187,0.5865776538848877,0.0,0.0,0.0,0.0,4604.404296875,231.63717651367188,680.0484008789062,1869.6373291015625,361.67059326171875,0.0,759.732421875,0.050989821553230286,8.999524116516113,40.64982986450195,0.0,0.0,0.0,292.6665954589844,292.6665954589844,123.2457504272461,150.23724365234375,133.52529907226562,0.0,0.0,0.0,123.2457504272461,150.23724365234375,133.52529907226562,0.0,0.0,0.0,14.860392570495605,22.75540542602539,17.867162704467773,0.0,0.0,0.0
188.0,41.229454040527344,34241.20703125,3813.3701171875,16508.296875,13919.5400390625,3542.92236328125,20.59959602355957,0.0,13511.109375,0.07801692187786102,20.302579879760742,1.0213769674301147,5.005062580108643,4.042662620544434,1.6166743040084839,2.622683048248291,5.652746677398682,0.0010876356391236186,0.2999841570854187,0.5865776538848877,0.0,0.0,0.0,0.0,4680.96435546875,235.48875427246094,689.920166015625,795.7388305664062,289.8802795410156,0.0,2029.59375,0.14921367168426514,26.998573303222656,58.071189880371094,0.0,0.0,0.0,293.9931640625,293.9931640625,107.1087875366211,185.19435119628906,156.3816375732422,0.0,0.0,0.0,107.1087875366211,185.19435119628906,156.3816375732422,0.0,0.0,0.0,10.729723930358887,33.56975173950195,25.142032623291016,0.0,0.0,0.0
189.0,41.274295806884766,34258.5703125,3813.3701171875,16525.658203125,13919.5400390625,3542.92236328125,20.613258361816406,0.0,13511.109375,0.07801692187786102,20.302579879760742,1.0213769674301147,5.005062580108643,4.045370578765869,1.6166743040084839,2.622683048248291,5.694881439208984,0.0010876356391236186,0.2999841570854187,0.5865776538848877,0.0,0.0,0.0,0.0,4679.068359375,235.39337158203125,689.6243286132812,790.7339477539062,297.21563720703125,0.0,2028.1793212890625,0.1465321034193039,26.998573303222656,58.071189880371094,0.0,0.0,0.0,295.3670959472656,295.3670959472656,137.843994140625,185.45166015625,157.37562561035156,0.0,0.0,0.0,137.843994140625,185.45166015625,157.37562561035156,0.0,0.0,0.0,19.706111907958984,33.63135528564453,25.419113159179688,0.0,0.0,0.0
190.0,41.30679702758789,34264.0625,3813.3701171875,16531.15234375,13919.5400390625,3542.92236328125,20.342832565307617,0.0,13689.1103515625,0.07801692187786102,20.302579879760742,1.0213769674301147,5.005062580108643,4.047194480895996,1.6166743040084839,2.622683048248291,5.725558757781982,0.0010876356391236186,0.2999841570854187,0.5865776538848877,0.0,0.0,0.0,0.0,4693.8095703125,236.13497924804688,691.3772583007812,1604.3966064453125,376.1288146972656,0.0,1236.91650390625,0.08238403499126434,26.998573303222656,58.071189880371094,0.0,0.0,0.0,296.7804260253906,296.7804260253906,138.1907501220703,171.96934509277344,139.0325164794922,0.0,0.0,0.0,138.1907501220703,171.96934509277344,139.0325164794922,0.0,0.0,0.0,20.07796287536621,29.958200454711914,20.324176788330078,0.0,0.0,0.0
191.0,41.3228759765625,34265.80078125,3813.3701171875,16532.890625,13919.5400390625,3542.92236328125,19.94331169128418,0.0,13957.37109375,0.07801692187786102,20.302579879760742,1.0213769674301147,5.005062580108643,4.0478339195251465,1.6166743040084839,2.622683048248291,5.740996360778809,0.0010876356391236186,0.2999841570854187,0.5865776538848877,0.0,0.0,0.0,0.0,4685.58544921875,235.7212371826172,689.9558715820312,1895.0089111328125,656.177978515625,0.0,857.7108154296875,0.05706692114472389,25.708171844482422,57.2235221862793,0.0,0.0,0.0,298.2423095703125,298.2423095703125,147.5568084716797,160.965576171875,140.60365295410156,0.0,0.0,0.0,147.5568084716797,160.965576171875,140.60365295410156,0.0,0.0,0.0,23.21705436706543,27.13912010192871,21.183258056640625,0.0,0.0,0.0
192.0,41.33473205566406,34271.5078125,3813.3701171875,16538.599609375,13919.5400390625,3542.92236328125,19.453275680541992,0.0,14302.3642578125,0.07801692187786102,20.302579879760742,1.0213769674301147,5.005062580108643,4.0484771728515625,1.6166743040084839,2.622683048248291,5.752211093902588,0.0010876356391236186,0.2999841570854187,0.5865776538848877,0.0,0.0,0.0,0.0,4741.849609375,238.5517578125,697.1153564453125,1923.76611328125,660.0322875976562,0.0,987.565185546875,0.06565621495246887,26.998573303222656,58.071189880371094,0.0,0.0,0.0,299.7554931640625,299.7554931640625,139.09628295898438,159.26785278320312,141.0991973876953,0.0,0.0,0.0,139.09628295898438,159.26785278320312,141.0991973876953,0.0,0.0,0.0,21.23238754272461,27.132570266723633,21.8182373046875,0.0,0.0,0.0
193.0,41.35331726074219,34390.39453125,3813.3701171875,16552.310546875,14024.712890625,3542.92236328125,18.762563705444336,0.0,14864.6591796875,0.07801692187786102,20.302579879760742,1.0213769674301147,5.005062580108643,4.053647041320801,1.6166743040084839,2.622683048248291,5.765627861022949,0.0010876356391236186,0.2999841570854187,0.5865776538848877,0.0,0.0,0.0,0.0,4754.8330078125,239.2049102783203,698.2763671875,1944.29248046875,1079.9136962890625,0.0,934.335693359375,0.06206086650490761,11.969457626342773,48.31495666503906,0.0,0.0,0.0,301.3188171386719,301.3188171386719,94.26326751708984,141.1193084716797,105.68331909179688,0.0,0.0,0.0,94.26326751708984,141.1193084716797,105.68331909179688,0.0,0.0,0.0,8.809443473815918,22.51483726501465,12.14980697631836,0.0,0.0,0.0
194.0,41.380714416503906,34617.85546875,3813.3701171875,16561.322265625,14243.162109375,3542.92236328125,18.752134323120117,0.0,14970.4423828125,0.07801692187786102,20.302579879760742,1.0213769674301147,5.005062580108643,4.059216022491455,1.6166743040084839,2.622683048248291,5.787454605102539,0.0010876356391236186,0.2999841570854187,0.5865776538848877,0.0,0.0,0.0,0.0,4771.13232421875,240.02490234375,700.3121337890625,1952.89599609375,1081.732177734375,0.0,971.4507446289062,0.06442882120609283,13.770864486694336,49.48656463623047,0.0,0.0,0.0,302.9041442871094,302.9041442871094,117.24105072021484,144.4889373779297,106.83688354492188,0.0,0.0,0.0,117.24105072021484,144.4889373779297,106.83688354492188,0.0,0.0,0.0,15.540873527526855,23.510881423950195,12.49765396118164,0.0,0.0,0.0
195.0,41.41864776611328,34683.9453125,3813.3701171875,16584.818359375,14285.7578125,3558.2099609375,19.36521339416504,0.0,14539.8828125,0.07801692187786102,20.302579879760742,1.0213769674301147,5.005062580108643,4.065299987792969,1.6166743040084839,2.622683048248291,5.819303035736084,0.0010876356391236186,0.2999841570854187,0.5865776538848877,0.0,0.0,0.0,0.0,4734.8154296875,238.19786071777344,695.81298828125,1945.99169921875,897.00341796875,0.0,918.9918212890625,0.06081630662083626,10.82721996307373,47.600364685058594,0.0,0.0,0.0,304.4574279785156,304.4574279785156,126.90760803222656,147.17869567871094,122.94140625,0.0,0.0,0.0,126.90760803222656,147.17869567871094,122.94140625,0.0,0.0,0.0,17.755260467529297,23.684553146362305,16.59514808654785,0.0,0.0,0.0
196.0,41.45542907714844,34691.37890625,3813.3701171875,16592.251953125,14285.7578125,3558.2099609375,19.357982635498047,0.0,14550.4189453125,0.07801692187786102,20.302579879760742,1.0213769674301147,5.005062580108643,4.0713958740234375,1.6166743040084839,2.622683048248291,5.849989414215088,0.0010876356391236186,0.2999841570854187,0.5865776538848877,0.0,0.0,0.0,0.0,4800.74462890625,241.51461791992188,704.591796875,1979.9739990234375,558.4884643554688,0.0,1139.2291259765625,0.07523314654827118,17.999048233032227,52.264068603515625,0.0,0.0,0.0,305.9744873046875,305.9744873046875,106.40764617919922,153.2541046142578,122.46929168701172,0.0,0.0,0.0,106.40764617919922,153.2541046142578,122.46929168701172,0.0,0.0,0.0,11.766254425048828,25.46884536743164,16.464284896850586,0.0,0.0,0.0
197.0,41.47490692138672,34695.2734375,3813.3701171875,16596.146484375,14285.7578125,3558.2099609375,20.285404205322266,0.0,13909.681640625,0.07801692187786102,20.302579879760742,1.0213769674301147,5.005062580108643,4.077927589416504,1.6166743040084839,2.622683048248291,5.862936496734619,0.0010876356391236186,0.2999841570854187,0.5865776538848877,0.0,0.0,0.0,0.0,4723.8857421875,237.6480255126953,694.8805541992188,1958.84375,394.51885986328125,0.0,990.0242919921875,0.0653221383690834,12.974528312683105,48.96345138549805,0.0,0.0,0.0,307.4638671875,307.4638671875,125.32746887207031,149.427978515625,112.15233612060547,0.0,0.0,0.0,125.32746887207031,149.427978515625,112.15233612060547,0.0,0.0,0.0,16.372879028320312,23.422279357910156,12.519153594970703,0.0,0.0,0.0
198.0,41.48921585083008,34700.23828125,3813.3701171875,16601.109375,14285.7578125,3558.2099609375,20.541915893554688,0.0,13745.720703125,0.07801692187786102,20.302579879760742,1.0213769674301147,5.005062580108643,4.0846428871154785,1.6166743040084839,2.622683048248291,5.870528221130371,0.0010876356391236186,0.2999841570854187,0.5865776538848877,0.0,0.0,0.0,0.0,4699.748046875,236.4337158203125,691.7634887695312,1953.7757568359375,372.5848083496094,0.0,937.744873046875,0.06184081733226776,10.450532913208008,47.364707946777344,0.0,0.0,0.0,308.900390625,308.900390625,131.32264709472656,144.14865112304688,93.98228454589844,0.0,0.0,0.0,131.32264709472656,144.14865112304688,93.98228454589844,0.0,0.0,0.0,17.86995506286621,21.621562957763672,6.947901248931885,0.0,0.0,0.0
199.0,41.50376510620117,34705.75390625,3813.3701171875,16606.626953125,14285.7578125,3558.2099609375,20.847537994384766,0.0,13555.103515625,0.07801692187786102,20.302579879760742,1.0213769674301147,5.005062580108643,4.08811092376709,1.6166743040084839,2.622683048248291,5.881275177001953,0.0010876356391236186,0.2999841570854187,0.5869128108024597,0.0,0.0,0.0,0.0,4668.4765625,234.8605194091797,687.715576171875,1889.35888671875,364.08770751953125,0.0,905.2736206054688,0.05965609848499298,17.999048233032227,52.2939338684082,0.0,0.0,0.0,310.30657958984375,310.30657958984375,139.780029296875,158.14414978027344,133.76966857910156,0.0,0.0,0.0,139.780029296875,158.14414978027344,133.76966857910156,0.0,0.0,0.0,20.03812026977539,25.409624099731445,18.28009033203125,0.0,0.0,0.0
200.0,41.53128433227539,34728.08203125,3813.3701171875,16628.953125,14285.7578125,3558.2099609375,20.268369674682617,0.0,13940.0341796875,0.07801692187786102,20.302579879760742,1.0213769674301147,5.005062580108643,4.090798377990723,1.6166743040084839,2.622683048248291,5.901012897491455,0.0010876356391236186,0.2999841570854187,0.5920054912567139,0.0,0.0,0.0,0.0,4747.427734375,238.83236694335938,697.8916015625,607.9100341796875,291.8746337890625,0.0,2408.112548828125,0.3404027223587036,26.998573303222656,58.608543395996094,0.0,0.0,0.0,311.7169189453125,311.7169189453125,164.31175231933594,185.5706024169922,174.6461944580078,0.0,0.0,0.0,164.31175231933594,185.5706024169922,174.6461944580078,0.0,0.0,0.0,27.792818069458008,34.01103210449219,30.815641403198242,0.0,0.0,0.0
201.0,41.58723068237305,34767.12890625,3813.3701171875,16668.001953125,14285.7578125,3558.2099609375,20.29444122314453,0.0,13940.0341796875,0.07801692187786102,20.302579879760742,1.0213769674301147,5.005062580108643,4.093859672546387,1.6166743040084839,2.622683048248291,5.930263519287109,0.0010876356391236186,0.2999841570854187,0.6156406402587891,0.0,0.0,0.0,0.0,4745.45556640625,238.733154296875,697.5830688476562,902.7361450195312,299.25836181640625,0.0,2104.661376953125,0.15382593870162964,26.998573303222656,60.94842529296875,0.0,0.0,0.0,313.1847839355469,313.1847839355469,158.22439575195312,184.8359375,154.90252685546875,0.0,0.0,0.0,158.22439575195312,184.8359375,154.90252685546875,0.0,0.0,0.0,25.986194610595703,33.77006912231445,25.01454734802246,0.0,0.0,0.0
202.0,41.672157287597656,34796.8828125,3813.3701171875,16697.755859375,14285.7578125,3558.2099609375,20.04198455810547,0.0,14123.6884765625,0.07801692187786102,20.302579879760742,1.0213769674301147,5.005062580108643,4.098546981811523,1.6166743040084839,2.622683048248291,5.969449996948242,0.0010876356391236186,0.2999841570854187,0.6566947102546692,0.0,0.0,0.0,0.0,4760.673828125,239.49874877929688,699.3939819335938,895.0125122070312,378.7283630371094,0.0,2133.250244140625,0.15676340460777283,26.998573303222656,65.01277923583984,0.0,0.0,0.0,314.6930847167969,314.6930847167969,121.90856170654297,183.9851531982422,153.8071746826172,0.0,0.0,0.0,121.90856170654297,183.9851531982422,153.8071746826172,0.0,0.0,0.0,15.616268157958984,33.77367401123047,24.946613311767578,0.0,0.0,0.0
203.0,41.730777740478516,34807.9296875,3813.3701171875,16708.802734375,14285.7578125,3558.2099609375,19.653366088867188,0.0,14400.4609375,0.07801692187786102,20.302579879760742,1.0213769674301147,5.005062580108643,4.103942394256592,1.6166743040084839,2.622683048248291,5.995074272155762,0.0010876356391236186,0.2999841570854187,0.6842963695526123,0.0,0.0,0.0,0.0,4752.26318359375,239.0756378173828,697.9453125,1912.264404296875,660.702880859375,0.0,1026.5341796875,0.06713176518678665,26.998573303222656,67.74534606933594,0.0,0.0,0.0,316.25067138671875,316.25067138671875,92.58538055419922,163.41761779785156,147.373046875,0.0,0.0,0.0,92.58538055419922,163.41761779785156,147.373046875,0.0,0.0,0.0,7.427859306335449,28.146286010742188,23.4532527923584,0.0,0.0,0.0
204.0,41.7728157043457,34852.7890625,3813.3701171875,16753.66015625,14285.7578125,3558.2099609375,19.210384368896484,0.0,14742.451171875,0.07801692187786102,20.302579879760742,1.0213769674301147,5.005062580108643,4.105898380279541,1.6166743040084839,2.622683048248291,6.004746437072754,0.0010876356391236186,0.2999841570854187,0.7147053480148315,0.0,0.0,0.0,0.0,4808.0009765625,241.87966918945312,705.0345458984375,1979.829345703125,664.5208129882812,0.0,1115.2562255859375,0.07288458943367004,26.998573303222656,70.75582885742188,0.0,0.0,0.0,317.85626220703125,317.85626220703125,134.61984252929688,161.99176025390625,144.52603149414062,0.0,0.0,0.0,134.61984252929688,161.99176025390625,144.52603149414062,0.0,0.0,0.0,20.165918350219727,28.172203063964844,23.063480377197266,0.0,0.0,0.0
205.0,41.92434310913086,35037.62109375,3813.3701171875,16837.123046875,14387.1279296875,3558.2099609375,18.56159782409668,0.0,15322.037109375,0.07801692187786102,20.302579879760742,1.0213769674301147,5.005062580108643,4.121932506561279,1.6166743040084839,2.622683048248291,6.035280704498291,0.0010876356391236186,0.2999841570854187,0.8196642398834229,0.0,0.0,0.0,0.0,4821.5,242.5587921142578,706.2587280273438,1999.8404541015625,1087.3028564453125,0.0,1053.2862548828125,0.06869424134492874,17.60499382019043,72.66819763183594,0.0,0.0,0.0,319.5122375488281,319.5122375488281,116.6722183227539,147.23817443847656,117.58629608154297,0.0,0.0,0.0,116.6722183227539,147.23817443847656,117.58629608154297,0.0,0.0,0.0,15.565025329589844,24.50556755065918,15.832391738891602,0.0,0.0,0.0
206.0,42.07252883911133,35293.78125,3813.3701171875,16871.625,14608.7861328125,3558.2099609375,18.56409454345703,0.0,15431.078125,0.07801692187786102,20.302579879760742,1.0213769674301147,5.005062580108643,4.138793468475342,1.6166743040084839,2.622683048248291,6.079445838928223,0.0010876356391236186,0.2999841570854187,0.9068224430084229,0.0,0.0,0.0,0.0,4838.28466796875,243.40318298339844,708.3536376953125,2013.7064208984375,1089.1751708984375,0.0,1081.0623779296875,0.070296511054039,17.999048233032227,80.79788208007812,0.0,0.0,0.0,321.19647216796875,321.19647216796875,119.31436157226562,145.3779754638672,123.02224731445312,0.0,0.0,0.0,119.31436157226562,145.3779754638672,123.02224731445312,0.0,0.0,0.0,16.335357666015625,23.958961486816406,17.419912338256836,0.0,0.0,0.0
207.0,42.17695236206055,35369.98828125,3813.3701171875,16904.63671875,14651.98046875,3620.318359375,19.176435470581055,0.0,14987.2666015625,0.07801692187786102,20.302579879760742,1.0213769674301147,5.005062580108643,4.150282859802246,1.6166743040084839,2.622683048248291,6.119094371795654,0.0010876356391236186,0.2999841570854187,0.9601073861122131,0.0,0.0,0.0,0.0,4800.77587890625,241.51620483398438,703.69921875,2008.4302978515625,903.088134765625,0.0,1015.94384765625,0.06588613986968994,15.697417259216309,83.04447174072266,0.0,0.0,0.0,322.8455505371094,322.8455505371094,125.48062896728516,147.97628784179688,121.30006408691406,0.0,0.0,0.0,125.48062896728516,147.97628784179688,121.30006408691406,0.0,0.0,0.0,17.526647567749023,24.10662841796875,16.3038330078125,0.0,0.0,0.0
208.0,42.244808197021484,35380.4296875,3813.3701171875,16915.080078125,14651.98046875,3620.318359375,19.1709041595459,0.0,14998.125,0.07801692187786102,20.302579879760742,1.0213769674301147,5.005062580108643,4.159326076507568,1.6166743040084839,2.622683048248291,6.146398544311523,0.0010876356391236186,0.2999841570854187,0.991615891456604,0.0,0.0,0.0,0.0,4863.61376953125,244.67742919921875,710.7307739257812,2051.45166015625,561.8848266601562,0.0,1239.17626953125,0.0802164226770401,17.999048233032227,88.35297393798828,0.0,0.0,0.0,324.4541015625,324.4541015625,103.7802505493164,156.77963256835938,124.84256744384766,0.0,0.0,0.0,103.7802505493164,156.77963256835938,124.84256744384766,0.0,0.0,0.0,11.18481731414795,26.6871395111084,17.345544815063477,0.0,0.0,0.0
209.0,42.27729415893555,35388.1171875,3813.3701171875,16922.767578125,14651.98046875,3620.318359375,20.092451095581055,0.0,14337.67578125,0.07801692187786102,20.302579879760742,1.0213769674301147,5.005062580108643,4.172230243682861,1.6166743040084839,2.622683048248291,6.155935287475586,0.0010876356391236186,0.2999841570854187,1.0016610622406006,0.0,0.0,0.0,0.0,4789.310546875,240.93939208984375,702.692138671875,2024.294677734375,397.1768493652344,0.0,1072.3529052734375,0.06937295943498611,16.80050277709961,87.8876724243164,0.0,0.0,0.0,326.03216552734375,326.03216552734375,80.19249725341797,150.1142120361328,128.79403686523438,0.0,0.0,0.0,80.19249725341797,150.1142120361328,128.79403686523438,0.0,0.0,0.0,3.3638527393341064,23.815956115722656,17.579803466796875,0.0,0.0,0.0
210.0,42.30714416503906,35401.296875,3813.3701171875,16935.947265625,14651.98046875,3620.318359375,20.351520538330078,0.0,14168.6708984375,0.07801692187786102,20.302579879760742,1.0213769674301147,5.005062580108643,4.190035820007324,1.6166743040084839,2.622683048248291,6.162668228149414,0.0010876356391236186,0.2999841570854187,1.0069739818572998,0.0,0.0,0.0,0.0,4764.40966796875,239.68667602539062,699.4745483398438,2020.256103515625,375.0715637207031,0.0,1013.05126953125,0.0655071809887886,16.332712173461914,87.8198013305664,0.0,0.0,0.0,327.5503845214844,327.5503845214844,131.6510009765625,150.95172119140625,125.42916870117188,0.0,0.0,0.0,131.6510009765625,150.95172119140625,125.42916870117188,0.0,0.0,0.0,18.15639877319336,23.80185890197754,16.336509704589844,0.0,0.0,0.0
211.0,42.34089279174805,35415.953125,3813.3701171875,16950.6015625,14651.98046875,3620.318359375,20.659963607788086,0.0,13972.19140625,0.07814285904169083,20.31244659423828,1.0223453044891357,5.005062580108643,4.205711364746094,1.6166743040084839,2.622683048248291,6.167147159576416,0.0010876356391236186,0.2999841570854187,1.0096054077148438,0.0,0.0,0.0,0.0,4733.45166015625,238.23924255371094,695.1842651367188,1933.9161376953125,366.45074462890625,0.0,988.0780029296875,0.06387318670749664,26.998573303222656,99.95093536376953,0.0,0.0,0.0,329.04052734375,329.04052734375,107.20989227294922,159.7757568359375,150.91761779785156,0.0,0.0,0.0,107.20989227294922,159.7757568359375,150.91761779785156,0.0,0.0,0.0,10.698930740356445,26.074447631835938,23.48343849182129,0.0,0.0,0.0
212.0,42.39786148071289,35450.0390625,3813.3701171875,16984.6875,14651.98046875,3620.318359375,20.09193992614746,0.0,14368.958984375,0.07861792296171188,20.349807739257812,1.0259811878204346,5.005062580108643,4.216055393218994,1.6166743040084839,2.622683048248291,6.170912742614746,0.0010876356391236186,0.2999841570854187,1.0109937191009521,0.0,0.0,0.0,0.0,4819.66845703125,242.994384765625,705.2084350585938,898.9757690429688,293.7070617675781,0.0,2260.219970703125,0.22928465902805328,26.998573303222656,100.08837127685547,0.0,0.0,0.0,330.5379943847656,330.5379943847656,163.29718017578125,183.7772216796875,155.41510009765625,0.0,0.0,0.0,163.29718017578125,183.7772216796875,155.41510009765625,0.0,0.0,0.0,27.672483444213867,33.66289520263672,25.366975784301758,0.0,0.0,0.0
213.0,42.53834915161133,35551.2109375,3813.3701171875,17085.859375,14651.98046875,3620.318359375,20.152626037597656,0.0,14368.958984375,0.07989682257175446,20.450319290161133,1.036299228668213,5.005062580108643,4.2344818115234375,1.6166743040084839,2.622683048248291,6.1786274909973145,0.0010876356391236186,0.2999841570854187,1.0132330656051636,0.0,0.0,0.0,0.0,4830.71337890625,244.79153442382812,703.6813354492188,646.6500854492188,300.81231689453125,0.0,2492.255126953125,0.3263317048549652,26.998573303222656,100.31007385253906,0.0,0.0,0.0,332.0893859863281,332.0893859863281,143.65972900390625,185.62899780273438,177.84707641601562,0.0,0.0,0.0,143.65972900390625,185.62899780273438,177.84707641601562,0.0,0.0,0.0,21.86784553527832,34.143856048583984,31.867645263671875,0.0,0.0,0.0
214.0,42.68950653076172,35584.48828125,3813.3701171875,17119.134765625,14651.98046875,3620.318359375,19.903339385986328,0.0,14558.265625,0.08125811815261841,20.557279586791992,1.0474352836608887,5.005062580108643,4.256443500518799,1.6166743040084839,2.622683048248291,6.186308860778809,0.0010876356391236186,0.2999841570854187,1.015288233757019,0.0,0.0,0.0,0.0,4860.5126953125,247.65301513671875,704.2777099609375,1089.52734375,380.2796325683594,0.0,2062.5654296875,0.13316179811954498,26.998573303222656,100.51353454589844,0.0,0.0,0.0,333.6800537109375,333.6800537109375,131.42208862304688,182.6339874267578,158.21263122558594,0.0,0.0,0.0,131.42208862304688,182.6339874267578,158.21263122558594,0.0,0.0,0.0,18.537620544433594,33.5171012878418,26.373855590820312,0.0,0.0,0.0
215.0,42.77574157714844,35599.4140625,3813.3701171875,17134.0625,14651.98046875,3620.318359375,19.519086837768555,0.0,14843.5595703125,0.08215489238500595,20.627304077148438,1.0545727014541626,5.005062580108643,4.261218070983887,1.6166743040084839,2.622683048248291,6.189446926116943,0.0010876356391236186,0.2999841570854187,1.015551209449768,0.0,0.0,0.0,0.0,4861.8681640625,248.5634307861328,702.0891723632812,1044.407958984375,662.9725952148438,0.0,2015.41796875,0.1300906389951706,26.998573303222656,100.53956604003906,0.0,0.0,0.0,335.3218994140625,335.3218994140625,140.69281005859375,180.12843322753906,141.51666259765625,0.0,0.0,0.0,140.69281005859375,180.12843322753906,141.51666259765625,0.0,0.0,0.0,21.633560180664062,33.168479919433594,21.874536514282227,0.0,0.0,0.0
216.0,43.09992218017578,35895.67578125,3813.3701171875,17430.32421875,14651.98046875,3620.318359375,19.23050880432129,0.0,15182.51953125,0.08514383435249329,20.902441024780273,1.082711100578308,5.005062580108643,4.269387245178223,1.6166743040084839,2.622683048248291,6.198890209197998,0.0010876356391236186,0.2999841570854187,1.0158557891845703,0.0,0.0,0.0,0.0,4953.8515625,256.60113525390625,705.8285522460938,2057.170166015625,664.8200073242188,0.0,1123.702880859375,0.07248664647340775,26.998573303222656,100.5697250366211,0.0,0.0,0.0,337.0105895996094,337.0105895996094,138.9716339111328,159.13397216796875,133.86878967285156,0.0,0.0,0.0,138.9716339111328,159.13397216796875,133.86878967285156,0.0,0.0,0.0,21.41869354248047,27.316179275512695,19.926111221313477,0.0,0.0,0.0
217.0,43.82497787475586,36415.99609375,3813.3701171875,17853.083984375,14749.5390625,3620.318359375,18.75028419494629,0.0,15779.4052734375,0.09150372445583344,21.512075424194336,1.1455901861190796,5.005062580108643,4.295229911804199,1.6166743040084839,2.622683048248291,6.218727111816406,0.0010876356391236186,0.2999841570854187,1.0163593292236328,0.0,0.0,0.0,0.0,5053.02783203125,269.0906677246094,700.6885375976562,2069.817626953125,1081.6405029296875,0.0,1018.0252075195312,0.06558310240507126,12.89533519744873,84.67754364013672,0.0,0.0,0.0,338.74639892578125,338.74639892578125,116.56980895996094,146.52407836914062,121.61092376708984,0.0,0.0,0.0,116.56980895996094,146.52407836914062,121.61092376708984,0.0,0.0,0.0,15.346384048461914,24.108009338378906,16.82090950012207,0.0,0.0,0.0
218.0,44.513668060302734,36783.5,3813.3701171875,17995.728515625,14974.4033203125,3620.318359375,18.80449104309082,0.0,15891.7041015625,0.09703156352043152,22.101146697998047,1.2060515880584717,5.005062580108643,4.311709880828857,1.6166743040084839,2.622683048248291,6.235630512237549,0.0010876356391236186,0.2999841570854187,1.0166079998016357,0.0,0.0,0.0,0.0,5150.36328125,281.0534973144531,696.5717163085938,2067.779052734375,1077.546142578125,0.0,998.1141357421875,0.06422778964042664,10.360711097717285,81.95919036865234,0.0,0.0,0.0,340.5055236816406,340.5055236816406,118.83628845214844,144.37039184570312,122.26045227050781,0.0,0.0,0.0,118.83628845214844,144.37039184570312,122.26045227050781,0.0,0.0,0.0,15.955121994018555,23.423847198486328,16.95669174194336,0.0,0.0,0.0
219.0,45.36262893676758,37374.55859375,3813.3701171875,18542.9921875,15018.197265625,4038.24267578125,19.694971084594727,0.0,15434.650390625,0.10359655320644379,22.83305549621582,1.2814098596572876,5.005062580108643,4.326739311218262,1.6166743040084839,2.622683048248291,6.255531311035156,0.0010876356391236186,0.2999841570854187,1.01680588722229,0.0,0.0,0.0,0.0,5203.87158203125,292.0455322265625,684.506591796875,2030.8218994140625,887.2742309570312,0.0,876.18896484375,0.056307386606931686,8.999524116516113,70.46464538574219,0.0,0.0,0.0,342.22613525390625,342.22613525390625,109.05725860595703,142.61488342285156,127.63441467285156,0.0,0.0,0.0,109.05725860595703,142.61488342285156,127.63441467285156,0.0,0.0,0.0,12.204277038574219,22.01988410949707,17.638093948364258,0.0,0.0,0.0
220.0,46.208438873291016,37547.71875,3813.3701171875,18716.150390625,15018.197265625,4038.24267578125,19.774700164794922,0.0,15445.8310546875,0.11007997393608093,23.56317138671875,1.3567787408828735,5.005062580108643,4.340794086456299,1.6166743040084839,2.622683048248291,6.275145053863525,0.0010876356391236186,0.2999841570854187,1.0169790983200073,0.0,0.0,0.0,0.0,5364.3427734375,308.8814392089844,684.8980712890625,2054.881591796875,548.4622192382812,0.0,1015.6297607421875,0.06518358737230301,8.999524116516113,73.92559814453125,0.0,0.0,0.0,343.90087890625,343.90087890625,106.65159606933594,149.797119140625,118.77367401123047,0.0,0.0,0.0,106.65159606933594,149.797119140625,118.77367401123047,0.0,0.0,0.0,11.420891761779785,24.040956497192383,14.966599464416504,0.0,0.0,0.0
221.0,46.658687591552734,37603.015625,3813.3701171875,18771.447265625,15018.197265625,4038.24267578125,20.75228500366211,0.0,14765.66015625,0.11348389834165573,23.948911666870117,1.396658182144165,5.005062580108643,4.351649284362793,1.6166743040084839,2.622683048248291,6.285429954528809,0.0010876356391236186,0.2999841570854187,1.017062783241272,0.0,0.0,0.0,0.0,5308.2685546875,309.56884765625,671.7164306640625,2010.5369873046875,385.4042053222656,0.0,835.2694091796875,0.053571488708257675,8.999524116516113,70.4824447631836,0.0,0.0,0.0,345.5374755859375,345.5374755859375,81.29061126708984,139.73779296875,109.6093521118164,0.0,0.0,0.0,81.29061126708984,139.73779296875,109.6093521118164,0.0,0.0,0.0,3.025218963623047,20.121021270751953,11.308451652526855,0.0,0.0,0.0
222.0,46.860801696777344,37625.63671875,3813.3701171875,18794.0703125,15018.197265625,4038.24267578125,21.024938583374023,0.0,14591.6201171875,0.1149267926812172,24.117868423461914,1.4141645431518555,5.005062580108643,4.36152458190918,1.6166743040084839,2.622683048248291,6.2897443771362305,0.0010876356391236186,0.2999841570854187,1.0170806646347046,0.0,0.0,0.0,0.0,5296.4609375,310.5608825683594,667.2327880859375,1987.5316162109375,363.2419738769531,0.0,776.9422607421875,0.04981636255979538,8.999524116516113,70.48368835449219,0.0,0.0,0.0,347.10455322265625,347.10455322265625,116.22509002685547,135.48529052734375,94.45877838134766,0.0,0.0,0.0,116.22509002685547,135.48529052734375,94.45877838134766,0.0,0.0,0.0,12.970901489257812,18.604509353637695,6.604254245758057,0.0,0.0,0.0
223.0,47.133583068847656,37825.92578125,3813.3701171875,18994.35546875,15018.197265625,4038.24267578125,21.44863510131836,0.0,14389.26953125,0.11678753048181534,24.338525772094727,1.4370932579040527,5.005062580108643,4.383305549621582,1.6166743040084839,2.622683048248291,6.295285224914551,0.0010876356391236186,0.2999841570854187,1.017094612121582,0.0,0.0,0.0,0.0,5281.7119140625,311.8641357421875,661.5398559570312,1955.854248046875,354.0596923828125,0.0,699.120361328125,0.04481023922562599,8.999524116516113,70.48465728759766,0.0,0.0,0.0,348.6298828125,348.6298828125,113.54346466064453,143.40728759765625,123.8906021118164,0.0,0.0,0.0,113.54346466064453,143.40728759765625,123.8906021118164,0.0,0.0,0.0,11.762828826904297,20.497997283935547,14.789365768432617,0.0,0.0,0.0
224.0,47.44190979003906,37896.4375,3813.3701171875,19064.87109375,15018.197265625,4038.24267578125,20.87704086303711,0.09347181767225266,14797.8837890625,0.11886253952980042,24.58515739440918,1.4626778364181519,5.005062580108643,4.411153793334961,1.6166743040084839,2.622683048248291,6.301459312438965,0.0010876356391236186,0.2999841570854187,1.01710844039917,0.0,0.0,0.0,0.0,5405.5068359375,321.59710693359375,668.3176879882812,470.8245849609375,283.33489990234375,0.0,2358.88671875,0.3054186999797821,17.999048233032227,90.62435913085938,0.0,0.0,0.0,350.1463928222656,350.1463928222656,169.392822265625,187.06198120117188,167.40284729003906,0.0,0.0,0.0,169.392822265625,187.06198120117188,167.40284729003906,0.0,0.0,0.0,28.576889038085938,33.7451171875,27.994821548461914,0.0,0.0,0.0
225.0,47.61383819580078,37918.75,3813.3701171875,19087.18359375,15018.197265625,4038.24267578125,20.892724990844727,0.0,14797.8837890625,0.12000339478254318,24.7209529876709,1.476737141609192,5.005062580108643,4.428685665130615,1.6166743040084839,2.622683048248291,6.304852485656738,0.0010876356391236186,0.2999841570854187,1.0171153545379639,0.0,0.0,0.0,0.0,5418.29052734375,323.6683654785156,666.8538818359375,1629.2435302734375,290.1182556152344,0.0,1178.9609375,0.07562345266342163,17.999048233032227,90.6249771118164,0.0,0.0,0.0,351.70819091796875,351.70819091796875,127.87128448486328,173.78839111328125,134.83509826660156,0.0,0.0,0.0,127.87128448486328,173.78839111328125,134.83509826660156,0.0,0.0,0.0,16.509626388549805,29.94038200378418,18.546539306640625,0.0,0.0,0.0
226.0,47.691768646240234,37927.83203125,3813.3701171875,19096.265625,15018.197265625,4038.24267578125,20.619564056396484,0.0,14992.8427734375,0.12046946585178375,24.776470184326172,1.4825520515441895,5.005062580108643,4.4434309005737305,1.6166743040084839,2.622683048248291,6.306238174438477,0.0010876356391236186,0.2999841570854187,1.017117977142334,0.0,0.0,0.0,0.0,5445.9052734375,325.8671569824219,668.2740478515625,1635.6617431640625,367.0944519042969,0.0,1194.05224609375,0.07704650610685349,17.999048233032227,90.62521362304688,0.0,0.0,0.0,353.3072509765625,353.3072509765625,138.90975952148438,171.95458984375,152.26170349121094,0.0,0.0,0.0,138.90975952148438,171.95458984375,152.26170349121094,0.0,0.0,0.0,20.01154136657715,29.677154541015625,23.91698455810547,0.0,0.0,0.0
227.0,47.73130416870117,37937.10546875,3813.3701171875,19105.5390625,15018.197265625,4038.24267578125,20.217479705810547,0.21426092088222504,15286.6494140625,0.12073270231485367,24.80801773071289,1.485735535621643,5.005062580108643,4.447192192077637,1.6166743040084839,2.622683048248291,6.307017803192139,0.0010876356391236186,0.2999841570854187,1.017118215560913,0.0,0.0,0.0,0.0,5447.43701171875,326.24334716796875,667.7030029296875,1989.0919189453125,640.6368408203125,0.0,762.0200805664062,0.04880426451563835,17.999048233032227,90.62523651123047,0.0,0.0,0.0,354.9598083496094,354.9598083496094,149.7911834716797,160.03326416015625,144.154541015625,0.0,0.0,0.0,149.7911834716797,160.03326416015625,144.154541015625,0.0,0.0,0.0,23.38218116760254,26.37799072265625,21.733463287353516,0.0,0.0,0.0
228.0,47.913673400878906,38104.3984375,3813.3701171875,19272.830078125,15018.197265625,4038.24267578125,19.858047485351562,0.0,15622.5888671875,0.1220194548368454,24.96193504333496,1.5015605688095093,5.005062580108643,4.454720973968506,1.6166743040084839,2.622683048248291,6.310825824737549,0.0010876356391236186,0.2999841570854187,1.0171185731887817,0.0,0.0,0.0,0.0,5529.57421875,332.6260986328125,672.2438354492188,2025.5286865234375,643.4286499023438,0.0,854.3058471679688,0.05470089986920357,17.999048233032227,90.6252670288086,0.0,0.0,0.0,356.660400390625,356.660400390625,131.3807830810547,156.05052185058594,130.64288330078125,0.0,0.0,0.0,131.3807830810547,156.05052185058594,130.64288330078125,0.0,0.0,0.0,18.570829391479492,25.78672981262207,18.35499382019043,0.0,0.0,0.0
229.0,48.383949279785156,38503.20703125,3813.3701171875,19577.888671875,15111.9501953125,4038.24267578125,19.284440994262695,0.0,16236.7822265625,0.12528233230113983,25.351938247680664,1.5423401594161987,5.005062580108643,4.481296539306641,1.6166743040084839,2.622683048248291,6.32048225402832,0.0010876356391236186,0.2999841570854187,1.0171191692352295,0.0,0.0,0.0,0.0,5604.6396484375,340.9704284667969,671.516845703125,2047.6544189453125,1050.2921142578125,0.0,783.7401733398438,0.05015065148472786,8.999524116516113,70.48635864257812,0.0,0.0,0.0,358.4051208496094,358.4051208496094,84.09169006347656,133.43557739257812,114.03849029541016,0.0,0.0,0.0,84.09169006347656,133.43557739257812,114.03849029541016,0.0,0.0,0.0,5.312376976013184,19.745464324951172,14.071817398071289,0.0,0.0,0.0
230.0,48.86866760253906,39069.5,4045.669921875,19683.806640625,15340.0224609375,4038.24267578125,19.42835807800293,0.0,16352.3310546875,0.12873533368110657,25.763912200927734,1.5850427150726318,5.005062580108643,4.497666358947754,1.6166743040084839,2.622683048248291,6.330700874328613,0.0010876356391236186,0.2999841570854187,1.0171194076538086,0.0,0.0,0.0,0.0,5673.61767578125,349.0512390136719,669.9517822265625,2050.104248046875,1048.3367919921875,0.0,783.8224487304688,0.050121843814849854,8.999524116516113,70.48638153076172,0.0,0.0,0.0,360.1655578613281,360.1655578613281,97.1324234008789,134.96771240234375,122.77228546142578,0.0,0.0,0.0,97.1324234008789,134.96771240234375,122.77228546142578,0.0,0.0,0.0,8.982876777648926,20.049697875976562,16.482534408569336,0.0,0.0,0.0
231.0,49.56710433959961,39600.16796875,4045.669921875,20170.08203125,15384.4150390625,4038.24267578125,20.299068450927734,0.0,15882.0244140625,0.13376352190971375,26.363323211669922,1.6474409103393555,5.005062580108643,4.514387130737305,1.6166743040084839,2.622683048248291,6.345580101013184,0.0010876356391236186,0.2999841570854187,1.0171197652816772,0.0,0.0,0.0,0.0,5688.212890625,355.45574951171875,660.3909912109375,1999.069580078125,863.9825439453125,0.0,690.8023071289062,0.04413016512989998,8.28968620300293,69.6679458618164,0.0,0.0,0.0,361.88134765625,361.88134765625,123.43952941894531,139.75633239746094,123.43120574951172,0.0,0.0,0.0,123.43952941894531,139.75633239746094,123.43120574951172,0.0,0.0,0.0,15.806994438171387,20.57965660095215,15.804558753967285,0.0,0.0,0.0
232.0,50.30096435546875,39754.02734375,4045.669921875,20323.943359375,15384.4150390625,4038.24267578125,20.36594581604004,0.0,15893.5380859375,0.13905516266822815,26.993999481201172,1.713297724723816,5.005062580108643,4.530760765075684,1.6166743040084839,2.622683048248291,6.361238956451416,0.0010876356391236186,0.2999841570854187,1.0171200037002563,0.0,0.0,0.0,0.0,5829.60693359375,370.002685546875,661.5320434570312,2051.697265625,534.5635375976562,0.0,815.0617065429688,0.052014440298080444,8.999524116516113,70.48641204833984,0.0,0.0,0.0,363.5502624511719,363.5502624511719,124.92913818359375,144.05311584472656,124.65037536621094,0.0,0.0,0.0,124.92913818359375,144.05311584472656,124.65037536621094,0.0,0.0,0.0,16.175827026367188,21.769590377807617,16.094289779663086,0.0,0.0,0.0
233.0,50.6954345703125,39803.25,4045.669921875,20373.1640625,15384.4150390625,4038.24267578125,21.368593215942383,0.0,15193.654296875,0.14188958704471588,27.331777572631836,1.7486112117767334,5.005062580108643,4.540918350219727,1.6166743040084839,2.622683048248291,6.369626522064209,0.0010876356391236186,0.2999841570854187,1.017120122909546,0.0,0.0,0.0,0.0,5759.5146484375,368.4777526855469,649.846923828125,1973.5260009765625,376.1544189453125,0.0,673.0848388671875,0.04293025657534599,3.801942825317383,64.49357604980469,0.0,0.0,0.0,365.182373046875,365.182373046875,88.56556701660156,138.9077911376953,125.19012451171875,0.0,0.0,0.0,88.56556701660156,138.9077911376953,125.19012451171875,0.0,0.0,0.0,4.536835193634033,19.26193618774414,15.249517440795898,0.0,0.0,0.0
234.0,50.87356948852539,39819.95703125,4045.669921875,20389.873046875,15384.4150390625,4038.24267578125,21.645584106445312,0.0,15014.5595703125,0.1431853473186493,27.48544692993164,1.7646312713623047,5.005062580108643,4.544244289398193,1.6166743040084839,2.622683048248291,6.373452186584473,0.0010876356391236186,0.2999841570854187,1.017120122909546,0.0,0.0,0.0,0.0,5744.1318359375,368.7869567871094,645.957763671875,1945.3504638671875,354.7270812988281,0.0,625.6964721679688,0.03989771008491516,0.794007420539856,61.259552001953125,0.0,0.0,0.0,366.7478332519531,366.7478332519531,112.54169464111328,133.39109802246094,95.21943664550781,0.0,0.0,0.0,112.54169464111328,133.39109802246094,95.21943664550781,0.0,0.0,0.0,11.272862434387207,17.37131118774414,6.206101417541504,0.0,0.0,0.0
235.0,51.07877731323242,39962.875,4045.669921875,20532.7890625,15384.4150390625,4038.24267578125,22.043916702270508,0.0,14806.3388671875,0.14467597007751465,27.661813735961914,1.7831093072891235,5.005062580108643,4.5487189292907715,1.6166743040084839,2.622683048248291,6.3778486251831055,0.0010876356391236186,0.2999841570854187,1.017120122909546,0.0,0.0,0.0,0.0,5722.63916015625,368.88726806640625,641.2265625,1902.77734375,346.09405517578125,0.0,562.892822265625,0.03588269650936127,0.0,60.416934967041016,0.0,0.0,0.0,368.2682800292969,368.2682800292969,107.89668273925781,137.11123657226562,109.5506362915039,0.0,0.0,0.0,107.89668273925781,137.11123657226562,109.5506362915039,0.0,0.0,0.0,9.515863418579102,18.06111717224121,9.999643325805664,0.0,0.0,0.0
236.0,51.29636001586914,40009.3671875,4045.669921875,20579.28125,15384.4150390625,4038.24267578125,21.440719604492188,0.29390573501586914,15226.7998046875,0.14625389873981476,27.848432540893555,1.8026676177978516,5.005062580108643,4.553891658782959,1.6166743040084839,2.622683048248291,6.38250207901001,0.0010876356391236186,0.2999841570854187,1.017120122909546,0.0,0.0,0.0,0.0,5841.25341796875,378.1123962402344,647.99462890625,1939.2650146484375,277.00762939453125,0.0,694.3756103515625,0.044250864535570145,17.999048233032227,90.62540435791016,0.0,0.0,0.0,369.7742614746094,369.7742614746094,142.70733642578125,162.2459259033203,140.05377197265625,0.0,0.0,0.0,142.70733642578125,162.2459259033203,140.05377197265625,0.0,0.0,0.0,20.00726890563965,25.722305297851562,19.231101989746094,0.0,0.0,0.0
237.0,51.41423797607422,40024.078125,4045.669921875,20593.9921875,15384.4150390625,4038.24267578125,21.451936721801758,1.2562652826309204,15226.7998046875,0.14709971845149994,27.94843864440918,1.813156008720398,5.005062580108643,4.55793571472168,1.6166743040084839,2.622683048248291,6.384995937347412,0.0010876356391236186,0.2999841570854187,1.017120122909546,0.0,0.0,0.0,0.0,5850.1083984375,379.5260009765625,647.0414428710938,1666.18310546875,283.7944030761719,0.0,949.802734375,0.06051876023411751,17.999048233032227,90.62540435791016,0.0,0.0,0.0,371.310546875,371.310546875,161.20095825195312,178.46371459960938,167.59605407714844,0.0,0.0,0.0,161.20095825195312,178.46371459960938,167.59605407714844,0.0,0.0,0.0,24.44308090209961,29.492435455322266,26.313644409179688,0.0,0.0,0.0
238.0,51.4670524597168,40031.015625,4045.669921875,20600.927734375,15384.4150390625,4038.24267578125,21.16965103149414,0.0,15427.4111328125,0.14742714166641235,27.98712921142578,1.8173081874847412,5.005062580108643,4.566612720489502,1.6166743040084839,2.622683048248291,6.385961532592773,0.0010876356391236186,0.2999841570854187,1.017120122909546,0.0,0.0,0.0,0.0,5878.521484375,381.7142333984375,648.6758422851562,1578.82275390625,359.1898193359375,0.0,1063.0736083984375,0.06795709580183029,17.999048233032227,90.62540435791016,0.0,0.0,0.0,372.88909912109375,372.88909912109375,97.4560317993164,171.70169067382812,147.35556030273438,0.0,0.0,0.0,97.4560317993164,171.70169067382812,147.35556030273438,0.0,0.0,0.0,7.336236953735352,29.053091049194336,21.931848526000977,0.0,0.0,0.0
239.0,51.49705123901367,40038.8125,4045.669921875,20608.728515625,15384.4150390625,4038.24267578125,20.75528335571289,1.0071749687194824,15729.7392578125,0.1476377248764038,28.01197052001953,1.8197929859161377,5.005062580108643,4.568456172943115,1.6166743040084839,2.622683048248291,6.386582374572754,0.0010876356391236186,0.2999841570854187,1.017120122909546,0.0,0.0,0.0,0.0,5885.85595703125,382.3736572265625,648.7291259765625,1921.7791748046875,627.267578125,0.0,646.027587890625,0.041158780455589294,17.999048233032227,90.62540435791016,0.0,0.0,0.0,374.5221252441406,374.5221252441406,150.1859588623047,171.01431274414062,152.3881072998047,0.0,0.0,0.0,150.1859588623047,171.01431274414062,152.3881072998047,0.0,0.0,0.0,22.16693687438965,28.259225845336914,22.81106185913086,0.0,0.0,0.0
240.0,51.69881820678711,40231.92578125,4045.669921875,20801.83984375,15384.4150390625,4038.24267578125,20.410930633544922,0.0,16062.6572265625,0.1491081714630127,28.184892654418945,1.8376975059509277,5.005062580108643,4.57358980178833,1.6166743040084839,2.622683048248291,6.390918731689453,0.0010876356391236186,0.2999841570854187,1.017120122909546,0.0,0.0,0.0,0.0,5969.8759765625,389.24493408203125,652.731689453125,1971.4608154296875,629.7098999023438,0.0,721.5651245117188,0.045958105474710464,17.999048233032227,90.62540435791016,0.0,0.0,0.0,376.20880126953125,376.20880126953125,111.63394165039062,156.21524047851562,129.0919189453125,0.0,0.0,0.0,111.63394165039062,156.21524047851562,129.0919189453125,0.0,0.0,0.0,12.241995811462402,25.282026290893555,17.348453521728516,0.0,0.0,0.0
241.0,52.21460723876953,40644.9296875,4045.669921875,21124.8984375,15474.359375,4038.24267578125,19.816617965698242,0.0,16694.150390625,0.1528446525335312,28.623992919921875,1.8836745023727417,5.005062580108643,4.589545249938965,1.6166743040084839,2.622683048248291,6.401937007904053,0.0010876356391236186,0.2999841570854187,1.017120122909546,0.0,0.0,0.0,0.0,6060.50537109375,398.82696533203125,652.7329711914062,1990.6689453125,1028.749267578125,0.0,668.6580200195312,0.0425574891269207,3.046057939529419,63.649478912353516,0.0,0.0,0.0,377.9484558105469,377.9484558105469,81.87903594970703,128.94964599609375,95.0253677368164,0.0,0.0,0.0,81.87903594970703,128.94964599609375,95.0253677368164,0.0,0.0,0.0,4.132998943328857,17.901153564453125,7.978302001953125,0.0,0.0,0.0
242.0,52.72524642944336,40982.87890625,4045.669921875,21231.568359375,15705.6396484375,4038.24267578125,19.838497161865234,0.0,16812.95703125,0.15659953653812408,29.064319610595703,1.929619550704956,5.005062580108643,4.599086284637451,1.6166743040084839,2.622683048248291,6.413010120391846,0.0010876356391236186,0.2999841570854187,1.017120122909546,0.0,0.0,0.0,0.0,6132.74365234375,407.1611328125,651.3958129882812,1990.027587890625,1027.0999755859375,0.0,671.6212158203125,0.04271485656499863,2.251821517944336,62.806617736816406,0.0,0.0,0.0,379.7035827636719,379.7035827636719,101.5191650390625,132.6230926513672,114.8462142944336,0.0,0.0,0.0,101.5191650390625,132.6230926513672,114.8462142944336,0.0,0.0,0.0,9.85585880279541,18.953758239746094,13.754020690917969,0.0,0.0,0.0
243.0,53.412757873535156,41493.5703125,4045.669921875,21697.267578125,15750.6318359375,4038.24267578125,20.705095291137695,0.0,16329.4072265625,0.16168628633022308,29.660287857055664,1.991980791091919,5.005062580108643,4.608178615570068,1.6166743040084839,2.622683048248291,6.4280104637146,0.0010876356391236186,0.2999841570854187,1.017120122909546,0.0,0.0,0.0,0.0,6139.828125,412.3500061035156,642.6767578125,1925.7376708984375,847.1551513671875,0.0,589.5267333984375,0.037456709891557693,0.0,60.41693878173828,0.0,0.0,0.0,381.4164123535156,381.4164123535156,121.95326232910156,139.7923126220703,118.25634002685547,0.0,0.0,0.0,121.95326232910156,139.7923126220703,118.25634002685547,0.0,0.0,0.0,14.966235160827637,20.184154510498047,13.884883880615234,0.0,0.0,0.0
244.0,54.121456146240234,41640.91796875,4045.669921875,21844.6171875,15750.6318359375,4038.24267578125,20.76630401611328,0.0,16341.2353515625,0.16693280637264252,30.274843215942383,2.0564093589782715,5.005062580108643,4.6171770095825195,1.6166743040084839,2.622683048248291,6.443481922149658,0.0010876356391236186,0.2999841570854187,1.017120122909546,0.0,0.0,0.0,0.0,6273.83447265625,426.14825439453125,643.7723999023438,1986.8116455078125,524.1707763671875,0.0,708.8269653320312,0.04499100148677826,0.0,60.41693878173828,0.0,0.0,0.0,383.0854187011719,383.0854187011719,119.16532135009766,143.30714416503906,117.00375366210938,0.0,0.0,0.0,119.16532135009766,143.30714416503906,117.00375366210938,0.0,0.0,0.0,14.089550971984863,21.151033401489258,13.457293510437012,0.0,0.0,0.0
245.0,54.501102447509766,41688.4453125,4045.669921875,21892.142578125,15750.6318359375,4038.24267578125,21.787372589111328,0.0,15621.638671875,0.1697232872247696,30.601667404174805,2.0907204151153564,5.005062580108643,4.624667644500732,1.6166743040084839,2.622683048248291,6.451711177825928,0.0010876356391236186,0.2999841570854187,1.017120122909546,0.0,0.0,0.0,0.0,6195.0087890625,423.2459716796875,632.9555053710938,1885.6383056640625,369.1247863769531,0.0,571.2606811523438,0.03623979166150093,0.0,60.41693878173828,0.0,0.0,0.0,384.71942138671875,384.71942138671875,112.67095947265625,136.81878662109375,121.59276580810547,0.0,0.0,0.0,112.67095947265625,136.81878662109375,121.59276580810547,0.0,0.0,0.0,11.168883323669434,18.23212242126465,13.778512001037598,0.0,0.0,0.0
246.0,54.673709869384766,41705.046875,4045.669921875,21908.74609375,15750.6318359375,4038.24267578125,22.069488525390625,0.0,15437.5,0.1709836721420288,30.749277114868164,2.1061904430389404,5.005062580108643,4.6292195320129395,1.6166743040084839,2.622683048248291,6.455428123474121,0.0010876356391236186,0.2999841570854187,1.017120122909546,0.0,0.0,0.0,0.0,6177.28515625,423.1169128417969,629.4440307617188,1851.0411376953125,348.22283935546875,0.0,526.952392578125,0.03342081233859062,0.0,55.98688888549805,0.0,0.0,0.0,386.2921447753906,386.2921447753906,106.14315032958984,126.91719818115234,114.9913330078125,0.0,0.0,0.0,106.14315032958984,126.91719818115234,114.9913330078125,0.0,0.0,0.0,8.977383613586426,15.053791999816895,11.565476417541504,0.0,0.0,0.0
247.0,54.7458381652832,41710.30078125,4045.669921875,21914.0,15750.6318359375,4038.24267578125,22.39829444885254,0.0,15223.41796875,0.17150789499282837,30.810670852661133,2.1126081943511963,5.005062580108643,4.631465911865234,1.6166743040084839,2.622683048248291,6.456973552703857,0.0010876356391236186,0.2999841570854187,1.017120122909546,0.0,0.0,0.0,0.0,6141.6376953125,421.1162414550781,625.8408813476562,1811.2489013671875,340.1523132324219,0.0,475.97479248046875,0.030184609815478325,0.0,50.34744644165039,0.0,0.0,0.0,387.8252868652344,387.8252868652344,110.14508819580078,127.8420639038086,112.57252502441406,0.0,0.0,0.0,110.14508819580078,127.8420639038086,112.57252502441406,0.0,0.0,0.0,9.819145202636719,14.995508193969727,10.529169082641602,0.0,0.0,0.0
248.0,54.774200439453125,41711.96484375,4045.669921875,21915.662109375,15750.6318359375,4038.24267578125,21.760299682617188,0.0,15655.724609375,0.17171327769756317,30.8347225189209,2.115118980407715,5.005062580108643,4.632453918457031,1.6166743040084839,2.622683048248291,6.457579612731934,0.0010876356391236186,0.2999841570854187,1.017120122909546,0.0,0.0,0.0,0.0,6244.38818359375,428.3360595703125,633.2178955078125,1906.6973876953125,272.47247314453125,0.0,610.4584350585938,0.0387115404009819,0.0,60.41693878173828,0.0,0.0,0.0,389.34002685546875,389.34002685546875,121.50631713867188,145.53396606445312,91.97760009765625,0.0,0.0,0.0,121.50631713867188,145.53396606445312,91.97760009765625,0.0,0.0,0.0,13.78029727935791,20.808385848999023,5.143149375915527,0.0,0.0,0.0
249.0,54.78492736816406,41712.48828125,4045.669921875,21916.1875,15750.6318359375,4038.24267578125,21.763858795166016,0.0,15655.724609375,0.17178811132907867,30.84348487854004,2.1160364151000977,5.005062580108643,4.633204936981201,1.6166743040084839,2.622683048248291,6.457799911499023,0.0010876356391236186,0.2999841570854187,1.017120122909546,0.0,0.0,0.0,0.0,6243.38916015625,428.33160400390625,632.97265625,1859.531494140625,279.3648681640625,0.0,606.1546020507812,0.03843805938959122,16.181188583374023,88.52940368652344,0.0,0.0,0.0,390.87274169921875,390.87274169921875,149.571044921875,165.65390014648438,121.56365966796875,0.0,0.0,0.0,149.571044921875,165.65390014648438,121.56365966796875,0.0,0.0,0.0,21.985671997070312,26.689905166625977,13.793510437011719,0.0,0.0,0.0
250.0,54.788875579833984,41713.44140625,4045.669921875,21917.140625,15750.6318359375,4038.24267578125,21.47383689880371,0.0,15861.98828125,0.17181706428527832,30.846866607666016,2.1163880825042725,5.005062580108643,4.633306980133057,1.6166743040084839,2.622683048248291,6.457885265350342,0.0010876356391236186,0.2999841570854187,1.017120122909546,0.0,0.0,0.0,0.0,6270.21435546875,430.1962890625,634.8677368164062,1621.693115234375,353.6938171386719,0.0,872.5281982421875,0.05532929301261902,17.999048233032227,90.62540435791016,0.0,0.0,0.0,392.428466796875,392.428466796875,155.44801330566406,166.6524658203125,117.158447265625,0.0,0.0,0.0,155.44801330566406,166.6524658203125,117.158447265625,0.0,0.0,0.0,23.994705200195312,27.272008895874023,12.795007705688477,0.0,0.0,0.0
251.0,54.90248489379883,41830.546875,4045.669921875,22034.24609375,15750.6318359375,4038.24267578125,21.108001708984375,0.0,16172.828125,0.1726571023464203,30.944795608520508,2.12662672996521,5.005062580108643,4.635435104370117,1.6166743040084839,2.622683048248291,6.4603590965271,0.0010876356391236186,0.2999841570854187,1.017120122909546,0.0,0.0,0.0,0.0,6290.7421875,432.3202209472656,634.8327026367188,1843.1414794921875,617.6043701171875,0.0,572.3399047851562,0.03628768026828766,17.999048233032227,90.62540435791016,0.0,0.0,0.0,394.03515625,394.03515625,145.93212890625,163.12692260742188,149.64202880859375,0.0,0.0,0.0,145.93212890625,163.12692260742188,149.64202880859375,0.0,0.0,0.0,21.577146530151367,26.60662269592285,22.662288665771484,0.0,0.0,0.0
252.0,55.26560974121094,42079.140625,4045.669921875,22282.83984375,15750.6318359375,4038.24267578125,20.796581268310547,0.0,16502.734375,0.17536543309688568,31.25984764099121,2.1595711708068848,5.005062580108643,4.6398797035217285,1.6166743040084839,2.622683048248291,6.468335151672363,0.0010876356391236186,0.2999841570854187,1.017120122909546,0.0,0.0,0.0,0.0,6390.103515625,441.4571533203125,637.6406860351562,1883.871826171875,619.2463989257812,0.0,639.2179565429688,0.04050667583942413,17.999048233032227,90.62540435791016,0.0,0.0,0.0,395.6922607421875,395.6922607421875,119.27073669433594,149.01792907714844,122.94535064697266,0.0,0.0,0.0,119.27073669433594,149.01792907714844,122.94535064697266,0.0,0.0,0.0,14.090109825134277,22.79116439819336,15.164935111999512,0.0,0.0,0.0
253.0,55.902462005615234,42518.390625,4045.669921875,22635.19921875,15837.5205078125,4038.24267578125,20.193668365478516,0.0,17151.537109375,0.18008805811405182,31.808822631835938,2.2172114849090576,5.005062580108643,4.651484966278076,1.6166743040084839,2.622683048248291,6.482242584228516,0.0010876356391236186,0.2999841570854187,1.017120122909546,0.0,0.0,0.0,0.0,6501.62060546875,453.1908874511719,637.7686767578125,1904.7620849609375,1011.8171997070312,0.0,585.9022216796875,0.03709431737661362,0.0,60.41693878173828,0.0,0.0,0.0,397.398681640625,397.398681640625,72.56654357910156,119.5745620727539,108.69463348388672,0.0,0.0,0.0,72.56654357910156,119.5745620727539,108.69463348388672,0.0,0.0,0.0,1.0320475101470947,14.781891822814941,11.599512100219727,0.0,0.0,0.0
254.0,56.481624603271484,42867.85546875,4045.669921875,22750.685546875,16071.501953125,4038.24267578125,20.213796615600586,0.0,17273.59375,0.1844184547662735,32.31103515625,2.269821882247925,5.005062580108643,4.658742427825928,1.6166743040084839,2.622683048248291,6.494995594024658,0.0010876356391236186,0.2999841570854187,1.017120122909546,0.0,0.0,0.0,0.0,6580.9970703125,462.30926513671875,636.40087890625,1898.796630859375,1010.1670532226562,0.0,587.2276000976562,0.03714713454246521,0.0,60.06996154785156,0.0,0.0,0.0,399.1234436035156,399.1234436035156,106.68309783935547,134.5828857421875,109.65815734863281,0.0,0.0,0.0,106.68309783935547,134.5828857421875,109.65815734863281,0.0,0.0,0.0,10.991010665893555,19.15169906616211,11.861215591430664,0.0,0.0,0.0
255.0,57.18330764770508,43364.2734375,4045.669921875,23201.61328125,16116.9892578125,4038.24267578125,21.078826904296875,0.0,16776.791015625,0.18968622386455536,32.92131423950195,2.3338892459869385,5.005062580108643,4.66529655456543,1.6166743040084839,2.622683048248291,6.5105085372924805,0.0010876356391236186,0.2999841570854187,1.017120122909546,0.0,0.0,0.0,0.0,6583.45068359375,466.72027587890625,628.2428588867188,1824.5513916015625,833.623046875,0.0,512.7100830078125,0.03240037336945534,0.0,50.34744644165039,0.0,0.0,0.0,400.8149108886719,400.8149108886719,122.53436279296875,138.16275024414062,108.28826904296875,0.0,0.0,0.0,122.53436279296875,138.16275024414062,108.28826904296875,0.0,0.0,0.0,14.76247501373291,19.333776473999023,10.595491409301758,0.0,0.0,0.0
256.0,57.88091278076172,43506.94921875,4045.669921875,23344.2890625,16116.9892578125,4038.24267578125,21.135499954223633,0.0,16788.951171875,0.19492514431476593,33.52809524536133,2.3976938724517822,5.005062580108643,4.671646595001221,1.6166743040084839,2.622683048248291,6.525936603546143,0.0010876356391236186,0.2999841570854187,1.017120122909546,0.0,0.0,0.0,0.0,6712.1318359375,480.0044860839844,629.2498168945312,1886.7186279296875,515.7816162109375,0.0,623.1385498046875,0.039339203387498856,0.0,59.15290832519531,0.0,0.0,0.0,402.4666442871094,402.4666442871094,127.21971893310547,143.2014617919922,121.42559814453125,0.0,0.0,0.0,127.21971893310547,143.2014617919922,121.42559814453125,0.0,0.0,0.0,16.07626724243164,20.75092887878418,14.381487846374512,0.0,0.0,0.0
257.0,58.25211715698242,43552.7734375,4045.669921875,23390.11328125,16116.9892578125,4038.24267578125,22.173526763916016,0.0,16049.6328125,0.19769729673862457,33.849124908447266,2.4314897060394287,5.005062580108643,4.677093982696533,1.6166743040084839,2.622683048248291,6.534100532531738,0.0010876356391236186,0.2999841570854187,1.017120122909546,0.0,0.0,0.0,0.0,6625.79248046875,475.95166015625,619.1078491210938,1774.4658203125,363.4350891113281,0.0,497.4735107421875,0.03138916939496994,0.0,50.34744644165039,0.0,0.0,0.0,404.0890197753906,404.0890197753906,100.8732681274414,137.72206115722656,124.57974243164062,0.0,0.0,0.0,100.8732681274414,137.72206115722656,124.57974243164062,0.0,0.0,0.0,7.331905364990234,18.11017608642578,14.266048431396484,0.0,0.0,0.0
258.0,58.419681549072266,43568.453125,4045.669921875,23405.79296875,16116.9892578125,4038.24267578125,22.459901809692383,0.0,15860.458984375,0.19895285367965698,33.99416732788086,2.4467244148254395,5.005062580108643,4.679431915283203,1.6166743040084839,2.622683048248291,6.537789821624756,0.0010876356391236186,0.2999841570854187,1.017120122909546,0.0,0.0,0.0,0.0,6605.236328125,475.4107360839844,615.8764038085938,1733.978759765625,342.9062805175781,0.0,458.13018798828125,0.0288997795432806,0.0,46.04690170288086,0.0,0.0,0.0,405.6568603515625,405.6568603515625,107.18966674804688,128.62213134765625,113.14450073242188,0.0,0.0,0.0,107.18966674804688,128.62213134765625,113.14450073242188,0.0,0.0,0.0,8.893075942993164,15.162069320678711,10.634862899780273,0.0,0.0,0.0
259.0,58.550193786621094,43637.1015625,4045.669921875,23474.44140625,16116.9892578125,4038.24267578125,22.827770233154297,0.0,15640.505859375,0.1999344676733017,34.10737991333008,2.4586329460144043,5.005062580108643,4.6809611320495605,1.6166743040084839,2.622683048248291,6.540670871734619,0.0010876356391236186,0.2999841570854187,1.017120122909546,0.0,0.0,0.0,0.0,6566.65234375,473.35760498046875,612.242431640625,1686.9449462890625,334.65789794921875,0.0,413.7653503417969,0.02609628438949585,0.0,40.277957916259766,0.0,0.0,0.0,407.19049072265625,407.19049072265625,99.27767181396484,115.19438934326172,121.33929443359375,0.0,0.0,0.0,99.27767181396484,115.19438934326172,121.33929443359375,0.0,0.0,0.0,6.210948467254639,10.86659049987793,12.663973808288574,0.0,0.0,0.0
260.0,58.66389083862305,43658.8203125,4045.669921875,23496.162109375,16116.9892578125,4038.24267578125,22.187057495117188,0.0,16084.6591796875,0.20079036056995392,34.20604705810547,2.4690349102020264,5.005062580108643,4.682225227355957,1.6166743040084839,2.622683048248291,6.543181419372559,0.0010876356391236186,0.2999841570854187,1.017120122909546,0.0,0.0,0.0,0.0,6687.3388671875,482.700439453125,618.69287109375,1790.0364990234375,268.0732421875,0.0,528.360107421875,0.033318400382995605,0.0,50.34744644165039,0.0,0.0,0.0,408.7048645019531,408.7048645019531,114.38170623779297,134.28172302246094,115.7175521850586,0.0,0.0,0.0,114.38170623779297,134.28172302246094,115.7175521850586,0.0,0.0,0.0,11.269590377807617,17.090343475341797,11.660326957702637,0.0,0.0,0.0
261.0,58.722774505615234,43665.6953125,4045.669921875,23503.03515625,16116.9892578125,4038.24267578125,22.193798065185547,0.0,16084.6591796875,0.20123004913330078,34.256717681884766,2.47438645362854,5.005062580108643,4.683355331420898,1.6166743040084839,2.622683048248291,6.544471263885498,0.0010876356391236186,0.2999841570854187,1.017120122909546,0.0,0.0,0.0,0.0,6690.9248046875,483.2901306152344,618.2529907226562,1753.65478515625,274.7925720214844,0.0,522.3770751953125,0.03293836861848831,8.999524116516113,71.73211669921875,0.0,0.0,0.0,410.23052978515625,410.23052978515625,135.65737915039062,157.74195861816406,82.44538116455078,0.0,0.0,0.0,135.65737915039062,157.74195861816406,82.44538116455078,0.0,0.0,0.0,17.485984802246094,23.945722579956055,1.9214746952056885,0.0,0.0,0.0
262.0,58.748653411865234,43668.87109375,4045.669921875,23506.212890625,16116.9892578125,4038.24267578125,21.898784637451172,0.0,16296.56640625,0.2014179676771164,34.27834701538086,2.476681709289551,5.005062580108643,4.684573173522949,1.6166743040084839,2.622683048248291,6.545022487640381,0.0010876356391236186,0.2999841570854187,1.017120122909546,0.0,0.0,0.0,0.0,6722.0302734375,485.6806640625,620.026611328125,808.1830444335938,347.866943359375,0.0,1498.321044921875,0.09447293728590012,8.999524116516113,74.0525894165039,0.0,0.0,0.0,411.7684020996094,411.7684020996094,145.35252380371094,175.023681640625,131.67433166503906,0.0,0.0,0.0,145.35252380371094,175.023681640625,131.67433166503906,0.0,0.0,0.0,20.6168270111084,29.295642852783203,16.615957260131836,0.0,0.0,0.0
263.0,58.8137092590332,43726.19140625,4045.669921875,23563.53125,16116.9892578125,4038.24267578125,21.493133544921875,0.0,16615.927734375,0.2019014209508896,34.33393096923828,2.482494831085205,5.005062580108643,4.686327934265137,1.6166743040084839,2.622683048248291,6.546440124511719,0.0010876356391236186,0.2999841570854187,1.017120122909546,0.0,0.0,0.0,0.0,6743.27978515625,487.5689392089844,620.6053466796875,1730.3170166015625,607.8414306640625,0.0,495.824951171875,0.03126012906432152,10.826027870178223,82.4942398071289,0.0,0.0,0.0,413.3497009277344,413.3497009277344,122.22329711914062,160.56626892089844,140.5673828125,0.0,0.0,0.0,122.22329711914062,160.56626892089844,140.5673828125,0.0,0.0,0.0,14.257181167602539,25.47249984741211,19.622827529907227,0.0,0.0,0.0
264.0,59.10408401489258,43961.6328125,4045.669921875,23798.974609375,16116.9892578125,4038.24267578125,21.179428100585938,0.0,16942.8125,0.20408904552459717,34.58496856689453,2.5087969303131104,5.005062580108643,4.690761566162109,1.6166743040084839,2.622683048248291,6.552855968475342,0.0010876356391236186,0.2999841570854187,1.017120122909546,0.0,0.0,0.0,0.0,6835.17333984375,495.8240966796875,623.5907592773438,1823.8197021484375,609.6253051757812,0.0,558.9241333007812,0.03522355854511261,0.0,50.34744644165039,0.0,0.0,0.0,414.981689453125,414.981689453125,129.46609497070312,140.13868713378906,120.34171295166016,0.0,0.0,0.0,129.46609497070312,140.13868713378906,120.34171295166016,0.0,0.0,0.0,16.689403533935547,19.811140060424805,14.020524024963379,0.0,0.0,0.0
265.0,59.71048355102539,44401.140625,4045.669921875,24153.958984375,16201.513671875,4038.24267578125,20.555681228637695,0.0,17608.90625,0.20863133668899536,35.10593795776367,2.563645124435425,5.005062580108643,4.70347785949707,1.6166743040084839,2.622683048248291,6.566177845001221,0.0010876356391236186,0.2999841570854187,1.017120122909546,0.0,0.0,0.0,0.0,6951.7421875,507.65771484375,624.581298828125,1796.0008544921875,997.0677490234375,0.0,516.8990478515625,0.032546885311603546,0.0,50.34744644165039,0.0,0.0,0.0,416.6592712402344,416.6592712402344,74.60977935791016,115.50048065185547,113.30907440185547,0.0,0.0,0.0,74.60977935791016,115.50048065185547,113.30907440185547,0.0,0.0,0.0,1.2676793336868286,13.22821044921875,12.587223052978516,0.0,0.0,0.0
266.0,60.28294372558594,44753.67578125,4045.669921875,24270.38671875,16437.619140625,4038.24267578125,20.570215225219727,0.0,17734.220703125,0.21295851469039917,35.601200103759766,2.615661859512329,5.005062580108643,4.711645603179932,1.6166743040084839,2.622683048248291,6.578868389129639,0.0010876356391236186,0.2999841570854187,1.017120122909546,0.0,0.0,0.0,0.0,7030.58349609375,516.5452270507812,623.563232421875,1790.11083984375,995.831298828125,0.0,520.0294189453125,0.03271689638495445,0.0,50.34744644165039,0.0,0.0,0.0,418.3537902832031,418.3537902832031,110.35884094238281,131.87730407714844,99.0775146484375,0.0,0.0,0.0,110.35884094238281,131.87730407714844,99.0775146484375,0.0,0.0,0.0,11.709745407104492,18.003896713256836,8.409957885742188,0.0,0.0,0.0
267.0,60.965396881103516,45231.859375,4045.669921875,24702.701171875,16483.486328125,4731.5615234375,21.43187713623047,0.0,17224.1640625,0.21814016997814178,36.19368362426758,2.678009033203125,5.005062580108643,4.718885898590088,1.6166743040084839,2.622683048248291,6.594065189361572,0.0010876356391236186,0.2999841570854187,1.017120122909546,0.0,0.0,0.0,0.0,7012.89599609375,518.8916015625,616.040283203125,1716.551025390625,821.189697265625,0.0,455.8175354003906,0.02864876016974449,0.0,40.399078369140625,0.0,0.0,0.0,420.0210876464844,420.0210876464844,120.88226318359375,138.2620391845703,114.2662353515625,0.0,0.0,0.0,120.88226318359375,138.2620391845703,114.2662353515625,0.0,0.0,0.0,13.92618465423584,19.009767532348633,11.990996360778809,0.0,0.0,0.0
268.0,61.63728713989258,45368.64453125,4045.669921875,24839.48828125,16483.486328125,4731.5615234375,21.48367691040039,0.0,17236.6484375,0.22324630618095398,36.77739715576172,2.7395269870758057,5.005062580108643,4.725462436676025,1.6166743040084839,2.622683048248291,6.6090407371521,0.0010876356391236186,0.2999841570854187,1.017120122909546,0.0,0.0,0.0,0.0,7141.8056640625,531.9889526367188,617.048583984375,1784.2630615234375,508.47930908203125,0.0,554.6195678710938,0.034824736416339874,0.0,50.34744644165039,0.0,0.0,0.0,421.6559753417969,421.6559753417969,122.76697540283203,142.43939208984375,125.08348083496094,0.0,0.0,0.0,122.76697540283203,142.43939208984375,125.08348083496094,0.0,0.0,0.0,14.42566204071045,20.179845809936523,15.103241920471191,0.0,0.0,0.0
269.0,61.994144439697266,45411.92578125,4045.669921875,24882.767578125,16483.486328125,4731.5615234375,22.537269592285156,0.0,16477.6171875,0.22595998644828796,37.08757400512695,2.7722244262695312,5.005062580108643,4.728773593902588,1.6166743040084839,2.622683048248291,6.616999626159668,0.0010876356391236186,0.2999841570854187,1.017120122909546,0.0,0.0,0.0,0.0,7027.3876953125,525.2836303710938,607.4952392578125,1667.5140380859375,357.6878356933594,0.0,446.483642578125,0.028020381927490234,0.0,43.827693939208984,0.0,0.0,0.0,423.2678527832031,423.2678527832031,106.88886260986328,138.64491271972656,113.10980224609375,0.0,0.0,0.0,106.88886260986328,138.64491271972656,113.10980224609375,0.0,0.0,0.0,8.727724075317383,18.016366958618164,10.547348022460938,0.0,0.0,0.0
270.0,62.15270233154297,45425.62109375,4045.669921875,24896.462890625,16483.486328125,4731.5615234375,22.82712745666504,0.0,16283.3994140625,0.2271694391965866,37.22563934326172,2.786776542663574,5.005062580108643,4.729960918426514,1.6166743040084839,2.622683048248291,6.620545387268066,0.0010876356391236186,0.2999841570854187,1.017120122909546,0.0,0.0,0.0,0.0,6993.7060546875,523.56103515625,604.5123901367188,1627.705078125,337.15814208984375,0.0,412.8299865722656,0.025902392342686653,0.0,43.827693939208984,0.0,0.0,0.0,424.82855224609375,424.82855224609375,85.7733383178711,126.97627258300781,125.73237609863281,0.0,0.0,0.0,85.7733383178711,126.97627258300781,125.73237609863281,0.0,0.0,0.0,2.2615725994110107,14.313431739807129,13.949592590332031,0.0,0.0,0.0
271.0,62.24325942993164,45457.05859375,4045.669921875,24927.900390625,16483.486328125,4731.5615234375,23.180713653564453,0.0,16057.583984375,0.22786195576190948,37.30459976196289,2.79510760307312,5.005062580108643,4.730502128601074,1.6166743040084839,2.622683048248291,6.622575283050537,0.0010876356391236186,0.2999841570854187,1.017120122909546,0.0,0.0,0.0,0.0,6943.6748046875,520.2660522460938,601.2689819335938,1580.4598388671875,328.95635986328125,0.0,371.21282958984375,0.023288123309612274,0.0,43.827693939208984,0.0,0.0,0.0,426.360595703125,426.360595703125,104.23796844482422,123.42184448242188,111.59487915039062,0.0,0.0,0.0,104.23796844482422,123.42184448242188,111.59487915039062,0.0,0.0,0.0,7.308892726898193,12.92017650604248,9.460787773132324,0.0,0.0,0.0
272.0,62.30506896972656,45467.00390625,4045.669921875,24937.84765625,16483.486328125,4731.5615234375,22.523235321044922,0.0,16513.57421875,0.22833597660064697,37.35870361328125,2.8008198738098145,5.005062580108643,4.730632781982422,1.6166743040084839,2.622683048248291,6.623963832855225,0.0010876356391236186,0.2999841570854187,1.017120122909546,0.0,0.0,0.0,0.0,7082.32958984375,530.9694213867188,607.5662231445312,1694.4049072265625,264.08929443359375,0.0,475.6487121582031,0.02983725629746914,0.0,40.277957916259766,0.0,0.0,0.0,427.8798522949219,427.8798522949219,98.23898315429688,121.12642669677734,123.00284576416016,0.0,0.0,0.0,98.23898315429688,121.12642669677734,123.00284576416016,0.0,0.0,0.0,6.211668491363525,12.906243324279785,13.455097198486328,0.0,0.0,0.0
273.0,62.502105712890625,45645.22265625,4045.669921875,25116.06640625,16483.486328125,4731.5615234375,22.6147518157959,0.0,16513.57421875,0.2298353761434555,37.52988815307617,2.8188929557800293,5.005062580108643,4.7325239181518555,1.6166743040084839,2.622683048248291,6.628355979919434,0.0010876356391236186,0.2999841570854187,1.017120122909546,0.0,0.0,0.0,0.0,7094.12646484375,532.84423828125,606.6124267578125,1682.4228515625,270.41290283203125,0.0,467.06219482421875,0.02929030917584896,0.0,40.277957916259766,0.0,0.0,0.0,429.4078369140625,429.4078369140625,107.87228393554688,141.7216339111328,115.06597137451172,0.0,0.0,0.0,107.87228393554688,141.7216339111328,115.06597137451172,0.0,0.0,0.0,8.937891960144043,18.83882713317871,11.042046546936035,0.0,0.0,0.0
274.0,62.753997802734375,45703.7734375,4045.669921875,25174.6171875,16483.486328125,4731.5615234375,22.34079933166504,0.0,16731.142578125,0.23168765008449554,37.74135971069336,2.841202735900879,5.009515762329102,4.738900184631348,1.6166743040084839,2.622683048248291,6.633781909942627,0.0010876356391236186,0.2999841570854187,1.017120122909546,0.0,0.0,0.0,0.0,7147.76953125,538.09033203125,607.999267578125,1650.289306640625,341.9953308105469,0.0,473.14599609375,0.02966143563389778,8.999524116516113,70.4864273071289,0.0,0.0,0.0,430.940673828125,430.940673828125,144.43328857421875,160.43736267089844,89.41343688964844,0.0,0.0,0.0,144.43328857421875,160.43736267089844,89.41343688964844,0.0,0.0,0.0,19.905935287475586,24.587127685546875,3.8126320838928223,0.0,0.0,0.0
275.0,62.89836502075195,45736.4296875,4045.669921875,25207.2734375,16483.486328125,4731.5615234375,21.913433074951172,0.0,17059.017578125,0.23263053596019745,37.84870147705078,2.8523497581481934,5.027811050415039,4.7427802085876465,1.6166743040084839,2.622683048248291,6.636542320251465,0.0010876356391236186,0.2999841570854187,1.017120122909546,0.0,0.0,0.0,0.0,7171.6943359375,540.4724731445312,610.713623046875,1619.6187744140625,597.1036987304688,0.0,438.9681701660156,0.02751392312347889,8.999524116516113,70.4864273071289,0.0,0.0,0.0,432.51031494140625,432.51031494140625,133.53765869140625,159.810546875,89.6187515258789,0.0,0.0,0.0,133.53765869140625,159.810546875,89.6187515258789,0.0,0.0,0.0,17.146329879760742,24.83115005493164,4.300051212310791,0.0,0.0,0.0
276.0,63.16900634765625,45983.09765625,4045.669921875,25453.939453125,16483.486328125,4731.5615234375,21.60848045349121,0.0,17382.880859375,0.23414528369903564,38.02056121826172,2.8701632022857666,5.099502086639404,4.74610710144043,1.6166743040084839,2.622683048248291,6.640976428985596,0.0010876356391236186,0.2999841570854187,1.017120122909546,0.0,0.0,0.0,0.0,7264.9541015625,548.4296875,622.1993408203125,1709.2550048828125,599.7423095703125,0.0,489.73406982421875,0.030687034130096436,0.0,40.277957916259766,0.0,0.0,0.0,434.1196594238281,434.1196594238281,104.58267211914062,134.39817810058594,113.15826416015625,0.0,0.0,0.0,104.58267211914062,134.39817810058594,113.15826416015625,0.0,0.0,0.0,8.981950759887695,17.702987670898438,11.490312576293945,0.0,0.0,0.0
277.0,63.89882278442383,46539.62890625,4045.669921875,25928.375,16565.5859375,4731.5615234375,21.015071868896484,0.0,18066.2734375,0.23775333166122437,38.429622650146484,2.9131059646606445,5.352429389953613,4.756821632385254,1.6166743040084839,2.622683048248291,6.6515374183654785,0.0010876356391236186,0.2999841570854187,1.017120122909546,0.0,0.0,0.0,0.0,7362.6484375,558.1156616210938,653.7074584960938,1676.6968994140625,980.8699340820312,0.0,460.9537048339844,0.028863901272416115,0.0,40.277957916259766,0.0,0.0,0.0,435.7626953125,435.7626953125,89.68414306640625,117.69903564453125,94.70657348632812,0.0,0.0,0.0,89.68414306640625,117.69903564453125,94.70657348632812,0.0,0.0,0.0,5.217541217803955,13.411897659301758,6.686600685119629,0.0,0.0,0.0
278.0,64.74697875976562,47237.66015625,4277.97021484375,26155.927734375,16803.76171875,4731.5615234375,21.176950454711914,0.0,18194.845703125,0.2424360066652298,38.959327697753906,2.9696102142333984,5.58663272857666,4.76617431640625,1.6166743040084839,2.622683048248291,6.665243148803711,0.0010876356391236186,0.2999841570854187,1.017120122909546,0.0,0.0,0.0,0.0,7432.74072265625,566.5482788085938,679.8554077148438,1660.203125,978.72216796875,0.0,459.86932373046875,0.02877039462327957,0.0,40.277957916259766,0.0,0.0,0.0,437.4198913574219,437.4198913574219,110.11627960205078,132.251708984375,104.22586822509766,0.0,0.0,0.0,110.11627960205078,132.251708984375,104.22586822509766,0.0,0.0,0.0,11.032060623168945,17.50667381286621,9.309115409851074,0.0,0.0,0.0
279.0,65.60931396484375,47776.85546875,4277.97021484375,26648.88671875,16850.0,4731.5615234375,22.080284118652344,0.0,17671.548828125,0.24692562222480774,39.46674728393555,3.022862195968628,5.863977432250977,4.77286958694458,1.6166743040084839,2.622683048248291,6.678383827209473,0.0010876356391236186,0.2999841570854187,1.017120122909546,0.0,0.0,0.0,0.0,7380.5009765625,565.2919921875,704.1944580078125,1569.692138671875,806.358642578125,0.0,397.7862243652344,0.024865208193659782,0.0,40.277957916259766,0.0,0.0,0.0,439.0560302734375,439.0560302734375,123.05883026123047,132.79409790039062,113.39817810058594,0.0,0.0,0.0,123.05883026123047,132.79409790039062,113.39817810058594,0.0,0.0,0.0,13.914424896240234,16.76198959350586,11.088685035705566,0.0,0.0,0.0
280.0,66.535888671875,48021.50390625,4277.97021484375,26893.533203125,16850.0,4731.5615234375,22.179773330688477,0.0,17684.35546875,0.2515755593776703,39.992149353027344,3.078226327896118,6.185020446777344,4.779375076293945,1.6166743040084839,2.622683048248291,6.691993713378906,0.0010876356391236186,0.2999841570854187,1.017120122909546,0.0,0.0,0.0,0.0,7497.0478515625,577.0535278320312,742.1466674804688,1632.606201171875,499.4617614746094,0.0,482.51885986328125,0.030135270208120346,0.0,40.277957916259766,0.0,0.0,0.0,440.6656799316406,440.6656799316406,123.13809204101562,143.3215789794922,118.02058410644531,0.0,0.0,0.0,123.13809204101562,143.3215789794922,118.02058410644531,0.0,0.0,0.0,13.838119506835938,19.741790771484375,12.341246604919434,0.0,0.0,0.0
281.0,67.08708953857422,48099.25390625,4277.97021484375,26971.283203125,16850.0,4731.5615234375,23.283611297607422,0.0,16905.611328125,0.2542824447154999,40.29795837402344,3.1106624603271484,6.382630348205566,4.784091472625732,1.6166743040084839,2.622683048248291,6.699916362762451,0.0010876356391236186,0.2999841570854187,1.017120122909546,0.0,0.0,0.0,0.0,7350.60205078125,567.4044799804688,750.5964965820312,1505.9532470703125,350.484130859375,0.0,376.1161804199219,0.023477979004383087,0.0,43.827693939208984,0.0,0.0,0.0,442.25628662109375,442.25628662109375,112.9806900024414,133.29408264160156,122.51201629638672,0.0,0.0,0.0,112.9806900024414,133.29408264160156,122.51201629638672,0.0,0.0,0.0,9.7632417678833,15.704906463623047,12.551155090332031,0.0,0.0,0.0
282.0,67.34439086914062,48124.4453125,4277.97021484375,26996.4765625,16850.0,4731.5615234375,23.58841323852539,0.0,16706.33984375,0.25552791357040405,40.43865203857422,3.1256048679351807,6.476813793182373,4.786679267883301,1.6166743040084839,2.622683048248291,6.703561782836914,0.0010876356391236186,0.2999841570854187,1.017120122909546,0.0,0.0,0.0,0.0,7308.2333984375,564.8716430664062,755.0975341796875,1469.3077392578125,330.0783386230469,0.0,341.35009765625,0.02130279317498207,0.0,40.277957916259766,0.0,0.0,0.0,443.80010986328125,443.80010986328125,113.70252227783203,128.70230102539062,117.3704833984375,0.0,0.0,0.0,113.70252227783203,128.70230102539062,117.3704833984375,0.0,0.0,0.0,9.669574737548828,14.057010650634766,10.742453575134277,0.0,0.0,0.0
283.0,67.4523696899414,48132.41796875,4277.97021484375,27004.447265625,16850.0,4731.5615234375,23.941328048706055,0.0,16474.662109375,0.25604522228240967,40.49708557128906,3.131810426712036,6.5169219970703125,4.787881374359131,1.6166743040084839,2.622683048248291,6.705075740814209,0.0010876356391236186,0.2999841570854187,1.017120122909546,0.0,0.0,0.0,0.0,7249.357421875,560.6233520507812,753.3351440429688,1420.8223876953125,321.8570861816406,0.0,305.37255859375,0.019055664539337158,0.0,40.277957916259766,0.0,0.0,0.0,445.321044921875,445.321044921875,84.07171630859375,125.01497650146484,125.84114837646484,0.0,0.0,0.0,84.07171630859375,125.01497650146484,125.84114837646484,0.0,0.0,0.0,0.6496479511260986,12.625553131103516,12.867206573486328,0.0,0.0,0.0
284.0,67.49494934082031,48134.9375,4277.97021484375,27006.970703125,16850.0,4731.5615234375,23.2578182220459,0.0,16942.5,0.25624680519104004,40.51985549926758,3.134229898452759,6.532854080200195,4.788543701171875,1.6166743040084839,2.622683048248291,6.7056660652160645,0.0010876356391236186,0.2999841570854187,1.017120122909546,0.0,0.0,0.0,0.0,7395.84716796875,572.072265625,767.8154907226562,1523.43994140625,258.78875732421875,0.0,403.4582214355469,0.02517538331449032,0.0,43.827693939208984,0.0,0.0,0.0,446.8360290527344,446.8360290527344,108.06684112548828,119.87848663330078,116.47846984863281,0.0,0.0,0.0,108.06684112548828,119.87848663330078,116.47846984863281,0.0,0.0,0.0,8.351734161376953,11.806640625,10.812135696411133,0.0,0.0,0.0
285.0,67.51107788085938,48136.015625,4277.97021484375,27008.048828125,16850.0,4731.5615234375,23.261581420898438,0.0,16942.5,0.25631624460220337,40.5276985168457,3.135075807571411,6.538436412811279,4.79013204574585,1.6166743040084839,2.622683048248291,6.705869197845459,0.0010876356391236186,0.2999841570854187,1.017120122909546,0.0,0.0,0.0,0.0,7393.64892578125,571.9458618164062,768.010986328125,1524.329345703125,265.30987548828125,0.0,400.19830322265625,0.02497163973748684,0.0,40.277957916259766,0.0,0.0,0.0,448.36480712890625,448.36480712890625,104.5066146850586,119.29195404052734,115.53985595703125,0.0,0.0,0.0,104.5066146850586,119.29195404052734,115.53985595703125,0.0,0.0,0.0,7.306602478027344,11.631316184997559,10.53382682800293,0.0,0.0,0.0
286.0,67.51805114746094,48137.98828125,4277.97021484375,27010.01953125,16850.0,4731.5615234375,22.950984954833984,0.0,17165.7109375,0.2566245198249817,40.52943420410156,3.1352720260620117,6.5396952629089355,4.7927069664001465,1.6166743040084839,2.622683048248291,6.70676851272583,0.0010876356391236186,0.2999841570854187,1.017120122909546,0.0,0.0,0.0,0.0,7433.8798828125,575.0693969726562,771.3927612304688,1540.6422119140625,336.2093811035156,0.0,415.075927734375,0.0258985236287117,0.0,40.277957916259766,0.0,0.0,0.0,449.8881530761719,449.8881530761719,102.20691680908203,127.2882308959961,116.84989166259766,0.0,0.0,0.0,102.20691680908203,127.2882308959961,116.84989166259766,0.0,0.0,0.0,6.944538593292236,14.280820846557617,11.227607727050781,0.0,0.0,0.0
287.0,67.5274887084961,48144.3203125,4277.97021484375,27016.3515625,16850.0,4731.5615234375,22.498382568359375,0.0,17502.09765625,0.25758910179138184,40.53007888793945,3.1353378295898438,6.541822910308838,4.795528888702393,1.6166743040084839,2.622683048248291,6.7095818519592285,0.0010876356391236186,0.2999841570854187,1.017120122909546,0.0,0.0,0.0,0.0,7452.9892578125,576.550537109375,772.4838256835938,1521.2452392578125,587.5388793945312,0.0,386.50799560546875,0.024111652746796608,0.0,40.277957916259766,0.0,0.0,0.0,451.4259338378906,451.4259338378906,110.58257293701172,127.15692901611328,118.45777130126953,0.0,0.0,0.0,110.58257293701172,127.15692901611328,118.45777130126953,0.0,0.0,0.0,9.847018241882324,14.69501781463623,12.15051555633545,0.0,0.0,0.0
288.0,67.55094146728516,48197.43359375,4277.97021484375,27069.462890625,16850.0,4731.5615234375,22.1048641204834,0.0,17822.958984375,0.2585160434246063,40.53031921386719,3.135357141494751,6.5598931312561035,4.797025203704834,1.6166743040084839,2.622683048248291,6.712285995483398,0.0010876356391236186,0.2999841570854187,1.017120122909546,0.0,0.0,0.0,0.0,7537.3251953125,583.0747680664062,781.865966796875,1574.43701171875,591.3245849609375,0.0,443.8511657714844,0.027683943510055542,0.0,40.277957916259766,0.0,0.0,0.0,452.9858703613281,452.9858703613281,80.18875885009766,113.13621520996094,119.38179016113281,0.0,0.0,0.0,80.18875885009766,113.13621520996094,119.38179016113281,0.0,0.0,0.0,1.3503485918045044,10.987479209899902,12.814309120178223,0.0,0.0,0.0
289.0,67.7228012084961,48414.5,4277.97021484375,27206.861328125,16929.669921875,4731.5615234375,21.33565330505371,0.0,18523.66015625,0.2625114619731903,40.531089782714844,3.1354331970214844,6.707023620605469,4.805256366729736,1.6166743040084839,2.622683048248291,6.723939418792725,0.0010876356391236186,0.2999841570854187,1.017120122909546,0.0,0.0,0.0,0.0,7610.146484375,588.711181640625,803.5511474609375,1574.9781494140625,970.5455932617188,0.0,434.3398132324219,0.02707032486796379,0.0,40.277957916259766,0.0,0.0,0.0,454.57025146484375,454.57025146484375,111.2663345336914,125.44395446777344,105.4609603881836,0.0,0.0,0.0,111.2663345336914,125.44395446777344,105.4609603881836,0.0,0.0,0.0,11.209749221801758,15.35670280456543,9.511677742004395,0.0,0.0,0.0
290.0,68.0411376953125,48777.11328125,4277.97021484375,27329.2265625,17169.916015625,4731.5615234375,21.3407039642334,0.0,18655.482421875,0.2706495523452759,40.5321159362793,3.1355371475219727,6.978921890258789,4.818687915802002,1.6166743040084839,2.622683048248291,6.747676849365234,0.0010876356391236186,0.2999841570854187,1.017120122909546,0.0,0.0,0.0,0.0,7632.728515625,590.4627685546875,835.7662353515625,1588.92431640625,971.92138671875,0.0,449.6469421386719,0.0279815923422575,0.0,40.277957916259766,0.0,0.0,0.0,456.1841125488281,456.1841125488281,117.28549194335938,132.7177276611328,113.82778930664062,0.0,0.0,0.0,117.28549194335938,132.7177276611328,113.82778930664062,0.0,0.0,0.0,12.965301513671875,17.479230880737305,11.953925132751465,0.0,0.0,0.0
291.0,68.28120422363281,48920.19140625,4277.97021484375,27425.69921875,17216.521484375,4731.5615234375,22.064735412597656,0.0,18118.931640625,0.2753283977508545,40.53255844116211,3.1355814933776855,7.193820953369141,4.825042247772217,1.6166743040084839,2.622683048248291,6.761323928833008,0.0010876356391236186,0.2999841570854187,1.017120122909546,0.0,0.0,0.0,0.0,7528.2568359375,582.3827514648438,849.9547119140625,1536.3800048828125,802.7237548828125,0.0,403.1921691894531,0.025068676099181175,0.0,43.827693939208984,0.0,0.0,0.0,457.7879638671875,457.7879638671875,118.89937591552734,137.72158813476562,115.1530532836914,0.0,0.0,0.0,118.89937591552734,137.72158813476562,115.1530532836914,0.0,0.0,0.0,12.713333129882812,18.218830108642578,11.617533683776855,0.0,0.0,0.0
292.0,68.58193969726562,49032.2421875,4277.97021484375,27537.751953125,17216.521484375,4731.5615234375,22.101613998413086,0.0,18132.060546875,0.28040286898612976,40.532981872558594,3.1356241703033447,7.467806816101074,4.831452369689941,1.6166743040084839,2.622683048248291,6.776125431060791,0.0010876356391236186,0.2999841570854187,1.017120122909546,0.0,0.0,0.0,0.0,7606.33154296875,588.4244384765625,888.3170166015625,1617.723876953125,499.546630859375,0.0,506.2517395019531,0.03144654259085655,0.0,47.3774299621582,0.0,0.0,0.0,459.3704833984375,459.3704833984375,120.38821411132812,140.6631622314453,112.46636199951172,0.0,0.0,0.0,120.38821411132812,140.6631622314453,112.46636199951172,0.0,0.0,0.0,13.111939430236816,19.042360305786133,10.79479694366455,0.0,0.0,0.0
293.0,68.79528045654297,49067.84375,4277.97021484375,27573.3515625,17216.521484375,4731.5615234375,23.181455612182617,0.0,17333.60546875,0.28380152583122253,40.53324508666992,3.135651111602783,7.662943363189697,4.836048603057861,1.6166743040084839,2.622683048248291,6.786038398742676,0.0010876356391236186,0.2999841570854187,1.017120122909546,0.0,0.0,0.0,0.0,7424.64306640625,574.3702392578125,891.5308837890625,1518.295654296875,350.85546875,0.0,411.0646667480469,0.025517629459500313,0.0,43.827693939208984,0.0,0.0,0.0,460.93804931640625,460.93804931640625,124.22027587890625,136.6190185546875,119.91259002685547,0.0,0.0,0.0,124.22027587890625,136.6190185546875,119.91259002685547,0.0,0.0,0.0,13.152975082397461,16.779605865478516,11.892975807189941,0.0,0.0,0.0
294.0,68.90070343017578,49079.35546875,4277.97021484375,27584.865234375,17216.521484375,4731.5615234375,23.47820472717285,0.0,17129.298828125,0.28541189432144165,40.53336715698242,3.1356632709503174,7.759122848510742,4.83885383605957,1.6166743040084839,2.622683048248291,6.790735721588135,0.0010876356391236186,0.2999841570854187,1.017120122909546,0.0,0.0,0.0,0.0,7370.55712890625,570.1866455078125,896.2443237304688,1479.8853759765625,330.7861633300781,0.0,383.9557189941406,0.02382761240005493,0.0,43.827693939208984,0.0,0.0,0.0,462.46746826171875,462.46746826171875,99.50257110595703,131.7935791015625,112.34750366210938,0.0,0.0,0.0,99.50257110595703,131.7935791015625,112.34750366210938,0.0,0.0,0.0,5.6262969970703125,15.071417808532715,9.383440971374512,0.0,0.0,0.0
295.0,68.94620513916016,49083.92578125,4277.97021484375,27589.43359375,17216.521484375,4731.5615234375,23.8278865814209,0.0,16891.75,0.2860437333583832,40.53341293334961,3.1356680393218994,7.79801082611084,4.842942237854004,1.6166743040084839,2.622683048248291,6.79257869720459,0.0010876356391236186,0.2999841570854187,1.017120122909546,0.0,0.0,0.0,0.0,7306.39453125,565.2232666015625,893.687744140625,1434.0928955078125,322.6883544921875,0.0,348.226806640625,0.021607792004942894,0.0,43.61046600341797,0.0,0.0,0.0,463.9815979003906,463.9815979003906,82.0980224609375,125.99258422851562,118.25213623046875,0.0,0.0,0.0,82.0980224609375,125.99258422851562,118.25213623046875,0.0,0.0,0.0,0.18578499555587769,13.024944305419922,10.76086139678955,0.0,0.0,0.0
296.0,68.96783447265625,49086.97265625,4277.97021484375,27592.48046875,17216.521484375,4731.5615234375,23.14730453491211,0.0,17371.43359375,0.2863217890262604,40.53343200683594,3.1356699466705322,7.815402507781982,4.846071720123291,1.6166743040084839,2.622683048248291,6.793389797210693,0.0010876356391236186,0.2999841570854187,1.017120122909546,0.0,0.0,0.0,0.0,7452.6845703125,576.5403442382812,910.7032470703125,1554.14013671875,259.5092468261719,0.0,441.65484619140625,0.027403661981225014,0.0,40.277957916259766,0.0,0.0,0.0,465.49456787109375,465.49456787109375,101.50458526611328,119.67456817626953,118.67279052734375,0.0,0.0,0.0,101.50458526611328,119.67456817626953,118.67279052734375,0.0,0.0,0.0,6.542786121368408,11.857505798339844,11.564486503601074,0.0,0.0,0.0
297.0,68.97789764404297,49087.9375,4277.97021484375,27593.4453125,17216.521484375,4731.5615234375,23.150911331176758,0.0,17371.43359375,0.28644025325775146,40.53343963623047,3.1356706619262695,7.822888374328613,4.848171234130859,1.6166743040084839,2.622683048248291,6.793735027313232,0.0010876356391236186,0.2999841570854187,1.017120122909546,0.0,0.0,0.0,0.0,7449.82861328125,576.3194580078125,911.0997924804688,1551.2562255859375,266.06439208984375,0.0,439.1347351074219,0.027246687561273575,0.0,40.277957916259766,0.0,0.0,0.0,467.02386474609375,467.02386474609375,120.77182006835938,112.50448608398438,106.7061767578125,0.0,0.0,0.0,120.77182006835938,112.50448608398438,106.7061767578125,0.0,0.0,0.0,12.174846649169922,9.756651878356934,8.060646057128906,0.0,0.0,0.0
298.0,68.98209381103516,49089.1171875,4277.97021484375,27594.625,17216.521484375,4731.5615234375,22.841144561767578,0.0,17600.2890625,0.2864682972431183,40.533443450927734,3.1356709003448486,7.824687957763672,4.850459575653076,1.6166743040084839,2.622683048248291,6.793817043304443,0.0010876356391236186,0.2999841570854187,1.017120122909546,0.0,0.0,0.0,0.0,7490.73095703125,579.483642578125,915.2633056640625,1570.78515625,337.18780517578125,0.0,452.8778076171875,0.028099248185753822,0.0,40.277957916259766,0.0,0.0,0.0,468.5492248535156,468.5492248535156,119.3028335571289,128.36412048339844,111.90609741210938,0.0,0.0,0.0,119.3028335571289,128.36412048339844,111.90609741210938,0.0,0.0,0.0,12.054933547973633,14.705361366271973,9.891387939453125,0.0,0.0,0.0
299.0,68.98695373535156,49092.40625,4277.97021484375,27597.916015625,17216.521484375,4731.5615234375,22.38890838623047,0.0,17945.1953125,0.28689637780189514,40.533443450927734,3.1356709003448486,7.826014995574951,4.852322101593018,1.6166743040084839,2.622683048248291,6.795059680938721,0.0010876356391236186,0.2999841570854187,1.017120122909546,0.0,0.0,0.0,0.0,7511.10009765625,581.0594482421875,916.8412475585938,1549.5184326171875,589.3314208984375,0.0,429.2582092285156,0.02663162350654602,0.0,40.277957916259766,0.0,0.0,0.0,470.0926818847656,470.0926818847656,114.79244232177734,128.5928955078125,111.48922729492188,0.0,0.0,0.0,114.79244232177734,128.5928955078125,111.48922729492188,0.0,0.0,0.0,11.187881469726562,15.224512100219727,10.22169017791748,0.0,0.0,0.0
300.0,69.00337219238281,49145.234375,4277.97021484375,27650.744140625,17216.521484375,4731.5615234375,22.01036834716797,0.0,18263.02734375,0.2874002158641815,40.533443450927734,3.1356709003448486,7.839545249938965,4.853241443634033,1.6166743040084839,2.622683048248291,6.79652214050293,0.0010876356391236186,0.2999841570854187,1.017120122909546,0.0,0.0,0.0,0.0,7593.81982421875,587.4586181640625,926.7691650390625,1605.3558349609375,593.03466796875,0.0,483.11029052734375,0.029969768598675728,0.0,40.35207748413086,0.0,0.0,0.0,471.6610107421875,471.6610107421875,77.7996597290039,114.9362564086914,116.47674560546875,0.0,0.0,0.0,77.7996597290039,114.9362564086914,116.47674560546875,0.0,0.0,0.0,0.7460339665412903,11.60848617553711,12.059080123901367,0.0,0.0,0.0
