time,Total Generation Capacity,Total Transmission,Transmission for Interconnection km,Total Transmission for Generation Connection,Total Transmission for Demand Connection,Total Interconnection Capacity,Transmission Tariff[f0],Congestion Tariff[f0],National Peak Demand[f0],Generation Capacity by Tech[TBiomass],Generation Capacity by Tech[TWindOnS],Generation Capacity by Tech[TWindOffS],Generation Capacity by Tech[TPV],Generation Capacity by Tech[THydroDam],Generation Capacity by Tech[THRoR],Generation Capacity by Tech[TThermo1],Generation Capacity by Tech[TThermo2],Generation Capacity by Tech[TGeothermal],Generation Capacity by Tech[TPVBESSOp1],Generation Capacity by Tech[TPVBESSOp2],Generation Capacity by Tech[TOther1],Generation Capacity by Tech[TOther2],Generation Capacity by Tech[TOther3],Generation by Tech per Month[TBiomass],Generation by Tech per Month[TWindOnS],Generation by Tech per Month[TWindOffS],Generation by Tech per Month[TPV],Generation by Tech per Month[THydroDam],Generation by Tech per Month[THRoR],Generation by Tech per Month[TThermo1],Generation by Tech per Month[TThermo2],Generation by Tech per Month[TGeothermal],Generation by Tech per Month[TPVBESSOp1],Generation by Tech per Month[TPVBESSOp2],Generation by Tech per Month[TOther1],Generation by Tech per Month[TOther2],Generation by Tech per Month[TOther3],Generation by Tech per Month[DERBESS],Generation by Tech per Month[DER],"Electricity Tariff[Regulated,Z1]","Electricity Tariff[Regulated,Z2]","Electricity Tariff[Regulated,Z3]","Electricity Tariff[Regulated,Z4]","Electricity Tariff[Regulated,Z5]","Electricity Tariff[Regulated,Z6]","Electricity Tariff[Unregulated,Z1]","Electricity Tariff[Unregulated,Z2]","Electricity Tariff[Unregulated,Z3]","Electricity Tariff[Unregulated,Z4]","Electricity Tariff[Unregulated,Z5]","Electricity Tariff[Unregulated,Z6]","Generation Tariff[f0,Z1]","Generation Tariff[f0,Z2]","Generation Tariff[f0,Z3]","Generation Tariff[f0,Z4]","Generation Tariff[f0,Z5]","Generation Tariff[f0,Z6]"
0.0,14.057049751281738,16177.3701171875,1836.469970703125,5622.81982421875,8718.080078125,1600.0,16.893709182739258,0.9912989735603333,7532.21728515625,0.06656000018119812,1.021299958229065,0.0,0.4778200089931488,3.705590009689331,1.5324699878692627,2.6226699352264404,4.630640029907227,0.0,0.0,0.0,0.0,0.0,0.0,0.0,279.896484375,0.0,79.0820083618164,2668.02490234375,894.5088500976562,0.0,1152.0262451171875,0.0,0.0,0.0,0.0,0.0,0.0,0.0046911598183214664,0.0046911598183214664,181.14532470703125,182.1839599609375,196.01895141601562,0.0,0.0,0.0,181.14532470703125,182.1839599609375,196.01895141601562,0.0,0.0,0.0,35.10000228881836,35.40380096435547,39.45053482055664,0.0,0.0,0.0
1.0,14.069549560546875,16177.3701171875,1836.469970703125,5622.81982421875,8718.080078125,1600.0,16.25835609436035,0.0,7828.341796875,0.06656000018119812,1.021299958229065,0.0,0.4778200089931488,3.705590009689331,1.5449700355529785,2.6226699352264404,4.630640029907227,0.0,0.0,0.0,0.0,0.0,0.0,0.0,279.896484375,0.0,79.0820083618164,2668.02490234375,1112.37841796875,0.0,1132.4234619140625,0.0,0.0,0.0,0.0,0.0,0.0,1.2011514902114868,1.2011514902114868,149.28768920898438,174.43544006347656,170.4100341796875,0.0,0.0,0.0,149.28768920898438,174.43544006347656,170.4100341796875,0.0,0.0,0.0,27.408294677734375,34.76401138305664,33.58658218383789,0.0,0.0,0.0
2.0,14.069549560546875,16182.3701171875,1836.469970703125,5627.81982421875,8718.080078125,1600.0,16.152149200439453,0.0,7884.0498046875,0.06656000018119812,1.021299958229065,0.0,0.4778200089931488,3.705590009689331,1.5449700355529785,2.6226699352264404,4.630640029907227,0.0,0.0,0.0,0.0,0.0,0.0,0.0,279.896484375,0.0,79.0820083618164,2668.02490234375,1112.37841796875,0.0,1168.727783203125,0.0,0.0,0.0,0.0,0.0,0.0,2.420572280883789,2.420572280883789,92.01058197021484,174.9427490234375,179.04220581054688,0.0,0.0,0.0,92.01058197021484,174.9427490234375,179.04220581054688,0.0,0.0,0.0,10.760946273803711,35.01860809326172,36.21769714355469,0.0,0.0,0.0
3.0,14.069549560546875,16182.3701171875,1836.469970703125,5627.81982421875,8718.080078125,1600.0,16.634536743164062,0.0,7657.29443359375,0.06656000018119812,1.021299958229065,0.0,0.4778200089931488,3.705590009689331,1.5449700355529785,2.6226699352264404,4.630640029907227,0.0,0.0,0.0,0.0,0.0,0.0,0.0,279.896484375,0.0,79.0820083618164,2668.02490234375,925.83251953125,0.0,1201.3428955078125,0.0,0.0,0.0,0.0,0.0,0.0,3.613690137863159,3.613690137863159,56.88529968261719,177.14736938476562,187.5083770751953,0.0,0.0,0.0,56.88529968261719,177.14736938476562,187.5083770751953,0.0,0.0,0.0,0.00441327877342701,35.181068420410156,38.211666107177734,0.0,0.0,0.0
4.0,14.069549560546875,16182.3701171875,1836.469970703125,5627.81982421875,8718.080078125,1600.0,16.626197814941406,0.0,7662.84228515625,0.06656000018119812,1.021299958229065,0.0,0.4778200089931488,3.705590009689331,1.5449700355529785,2.6226699352264404,4.630640029907227,0.0,0.0,0.0,0.0,0.0,0.0,0.0,279.896484375,0.0,79.0820083618164,2668.02490234375,572.429931640625,0.0,1557.3306884765625,0.0,0.0,0.0,0.0,0.0,0.0,4.765506744384766,4.765506744384766,122.92841339111328,184.44395446777344,188.17349243164062,0.0,0.0,0.0,122.92841339111328,184.44395446777344,188.17349243164062,0.0,0.0,0.0,19.330364227294922,37.32365798950195,38.41455078125,0.0,0.0,0.0
5.0,14.069549560546875,16182.3701171875,1836.469970703125,5627.81982421875,8718.080078125,1600.0,17.396760940551758,0.0,7325.412109375,0.06656000018119812,1.021299958229065,0.0,0.4778200089931488,3.705590009689331,1.5449700355529785,2.6226699352264404,4.630640029907227,0.0,0.0,0.0,0.0,0.0,0.0,0.0,279.896484375,0.0,79.0820083618164,1161.14404296875,407.575439453125,0.0,3000.65478515625,0.0,0.0,0.0,0.0,0.0,0.0,5.890523433685303,5.890523433685303,231.78379821777344,219.47610473632812,232.1256103515625,0.0,0.0,0.0,231.78379821777344,219.47610473632812,232.1256103515625,0.0,0.0,0.0,50.400001525878906,46.79999923706055,50.49998092651367,0.0,0.0,0.0
6.0,14.069549560546875,16182.3701171875,1836.469970703125,5627.81982421875,8718.080078125,1600.0,17.608539581298828,0.0,7239.06640625,0.06656000018119812,1.021299958229065,0.0,0.4778200089931488,3.705590009689331,1.5449700355529785,2.6226699352264404,4.630640029907227,0.0,0.0,0.0,0.0,0.0,0.0,11.96236801147461,279.896484375,0.0,79.0820083618164,1111.5997314453125,385.8840637207031,0.0,3000.65478515625,0.0,0.0,0.0,0.0,0.0,0.0,7.003342628479004,7.003342628479004,232.50782775878906,232.2210235595703,232.84963989257812,0.0,0.0,0.0,232.50782775878906,232.2210235595703,232.84963989257812,0.0,0.0,0.0,50.400001525878906,50.31610870361328,50.49998092651367,0.0,0.0,0.0
7.0,14.069549560546875,16182.3701171875,1836.469970703125,5627.81982421875,8718.080078125,1600.0,17.860780715942383,0.0,7138.67041015625,0.06656000018119812,1.021299958229065,0.0,0.4778200089931488,3.705590009689331,1.5449700355529785,2.6226699352264404,4.630640029907227,0.0,0.0,0.0,0.0,0.0,0.0,30.670848846435547,279.896484375,0.0,79.0820083618164,294.9912109375,378.31988525390625,736.6998901367188,3000.65478515625,0.0,0.0,0.0,0.0,0.0,0.0,8.143054962158203,8.143054962158203,273.5069274902344,238.00588989257812,233.75326538085938,0.0,0.0,0.0,273.5069274902344,238.00588989257812,233.75326538085938,0.0,0.0,0.0,62.13999938964844,51.755943298339844,50.512046813964844,0.0,0.0,0.0
8.0,14.278849601745605,16182.3701171875,1836.469970703125,5627.81982421875,8718.080078125,1600.0,17.370935440063477,0.0,7341.39111328125,0.06656000018119812,1.021299958229065,0.0,0.4778200089931488,3.9148900508880615,1.5449700355529785,2.6226699352264404,4.630640029907227,0.0,0.0,0.0,0.0,0.0,0.0,0.0,279.896484375,0.0,79.0820083618164,1275.2591552734375,300.787109375,0.0,3000.65478515625,0.0,0.0,0.0,0.0,0.0,0.0,9.326860427856445,9.326860427856445,231.6955108642578,223.41839599609375,232.03712463378906,0.0,0.0,0.0,231.6955108642578,223.41839599609375,232.03712463378906,0.0,0.0,0.0,50.400001525878906,47.97894287109375,50.49991989135742,0.0,0.0,0.0
9.0,14.278849601745605,16266.08984375,1836.469970703125,5711.5400390625,8718.080078125,1600.0,17.4652156829834,0.0,7341.39111328125,0.06656000018119812,1.021299958229065,0.0,0.4778200089931488,3.9148900508880615,1.5449700355529785,2.6226699352264404,4.630640029907227,0.0,0.0,0.0,0.0,0.0,0.0,30.670848846435547,279.896484375,0.0,79.0820083618164,0.0,308.4625244140625,1235.6663818359375,3000.65478515625,0.0,0.0,0.0,0.0,0.0,0.0,10.573357582092285,10.573357582092285,272.1545715332031,237.0378875732422,251.8331298828125,0.0,0.0,0.0,272.1545715332031,237.0378875732422,251.8331298828125,0.0,0.0,0.0,62.13999938964844,51.86836624145508,56.19597625732422,0.0,0.0,0.0
10.0,14.278849601745605,16266.08984375,1836.469970703125,5711.5400390625,8718.080078125,1600.0,17.242095947265625,0.0,7438.1103515625,0.06656000018119812,1.021299958229065,0.0,0.4778200089931488,3.9148900508880615,1.5449700355529785,2.6226699352264404,4.630640029907227,0.0,0.0,0.0,0.0,0.0,0.0,11.96236801147461,279.896484375,0.0,79.0820083618164,1236.913818359375,389.77740478515625,0.0,3000.65478515625,0.0,0.0,0.0,0.0,0.0,0.0,11.867768287658691,11.867768287658691,231.25503540039062,232.58168029785156,232.2768096923828,0.0,0.0,0.0,231.25503540039062,232.58168029785156,232.2768096923828,0.0,0.0,0.0,50.400001525878906,50.788047790527344,50.69887161254883,0.0,0.0,0.0
11.0,14.278849601745605,16266.08984375,1836.469970703125,5711.5400390625,8718.080078125,1600.0,16.914396286010742,0.0,7583.87841796875,0.06656000018119812,1.021299958229065,0.0,0.4778200089931488,3.9148900508880615,1.5449700355529785,2.6226699352264404,4.630640029907227,0.0,0.0,0.0,0.0,0.0,0.0,0.0,279.896484375,0.0,79.0820083618164,1054.8260498046875,680.6643676757812,0.0,3000.65478515625,0.0,0.0,0.0,0.0,0.0,0.0,13.217222213745117,13.217222213745117,230.1346893310547,217.82699584960938,230.4763946533203,0.0,0.0,0.0,230.1346893310547,217.82699584960938,230.4763946533203,0.0,0.0,0.0,50.400001525878906,46.79999923706055,50.49995040893555,0.0,0.0,0.0
12.0,14.278849601745605,16266.08984375,1836.469970703125,5711.5400390625,8718.080078125,1600.0,16.127281188964844,0.0,7955.15771484375,0.06656000018119812,1.021299958229065,0.0,0.4778200089931488,3.9148900508880615,1.5449700355529785,2.6226699352264404,4.630640029907227,0.0,0.0,0.0,0.0,0.0,0.0,0.0,279.896484375,0.0,79.0820083618164,2398.435302734375,901.80517578125,0.0,1684.5797119140625,0.0,0.0,0.0,0.0,0.0,0.0,14.628063201904297,14.628063201904297,160.7863006591797,184.5751953125,186.3335418701172,0.0,0.0,0.0,160.7863006591797,184.5751953125,186.3335418701172,0.0,0.0,0.0,30.902711868286133,37.8609619140625,38.37527847290039,0.0,0.0,0.0
13.0,14.755249977111816,16366.169921875,1836.469970703125,5711.5400390625,8818.1591796875,1600.0,15.615215301513672,0.0,8267.9072265625,0.06656000018119812,1.021299958229065,0.0,0.934220016002655,3.9148900508880615,1.5649700164794922,2.6226699352264404,4.630640029907227,0.0,0.0,0.0,0.0,0.0,0.0,0.0,279.896484375,0.0,154.6413116455078,2818.720703125,1126.7784423828125,0.0,1172.9560546875,0.0,0.0,0.0,0.0,0.0,0.0,16.09513282775879,16.09513282775879,170.58168029785156,178.15859985351562,170.791259765625,0.0,0.0,0.0,170.58168029785156,178.15859985351562,170.791259765625,0.0,0.0,0.0,34.27992630004883,36.49617385864258,34.34122848510742,0.0,0.0,0.0
14.0,14.755249977111816,16735.841796875,1836.469970703125,5902.10009765625,8997.2724609375,1600.0,15.85894775390625,0.0,8326.75,0.06656000018119812,1.021299958229065,0.0,0.934220016002655,3.9148900508880615,1.5649700164794922,2.6226699352264404,4.630640029907227,0.0,0.0,0.0,0.0,0.0,0.0,0.0,279.896484375,0.0,154.6413116455078,2818.720703125,1126.7784423828125,0.0,1211.1146240234375,0.0,0.0,0.0,0.0,0.0,0.0,17.571910858154297,17.571910858154297,114.50093841552734,174.94244384765625,175.01358032226562,0.0,0.0,0.0,114.50093841552734,174.94244384765625,175.01358032226562,0.0,0.0,0.0,17.63257598876953,35.31171798706055,35.33252716064453,0.0,0.0,0.0
15.0,14.755249977111816,16780.6171875,1836.469970703125,5902.10009765625,9042.0478515625,1600.0,16.37809944152832,0.0,8087.2646484375,0.06656000018119812,1.021299958229065,0.0,0.934220016002655,3.9148900508880615,1.5649700164794922,2.6226699352264404,4.630640029907227,0.0,0.0,0.0,0.0,0.0,0.0,0.0,279.896484375,0.0,154.6413116455078,2818.720703125,937.8176879882812,0.0,1237.3323974609375,0.0,0.0,0.0,0.0,0.0,0.0,19.002473831176758,19.002473831176758,79.5013427734375,177.31842041015625,165.12423706054688,0.0,0.0,0.0,79.5013427734375,177.31842041015625,165.12423706054688,0.0,0.0,0.0,6.876043796539307,35.48754119873047,31.920740127563477,0.0,0.0,0.0
16.0,14.755249977111816,16780.6171875,1836.469970703125,5902.10009765625,9042.0478515625,1600.0,16.37031364440918,0.0,8093.1259765625,0.06656000018119812,1.021299958229065,0.0,0.934220016002655,3.9148900508880615,1.5649700164794922,2.6226699352264404,4.630640029907227,0.0,0.0,0.0,0.0,0.0,0.0,0.0,279.896484375,0.0,154.6413116455078,2818.720703125,579.8401489257812,0.0,1597.8916015625,0.0,0.0,0.0,0.0,0.0,0.0,20.36896514892578,20.36896514892578,141.76075744628906,185.5728302001953,163.91134643554688,0.0,0.0,0.0,141.76075744628906,185.5728302001953,163.91134643554688,0.0,0.0,0.0,25.094709396362305,37.90974044799805,31.57375717163086,0.0,0.0,0.0
17.0,14.755249977111816,16780.6171875,1836.469970703125,5902.10009765625,9042.0478515625,1600.0,17.131715774536133,0.0,7736.7431640625,0.06656000018119812,1.021299958229065,0.0,0.934220016002655,3.9148900508880615,1.5649700164794922,2.6226699352264404,4.630640029907227,0.0,0.0,0.0,0.0,0.0,0.0,0.0,279.896484375,0.0,154.6413116455078,1341.5711669921875,412.8515930175781,0.0,3000.65478515625,0.0,0.0,0.0,0.0,0.0,0.0,21.691875457763672,21.691875457763672,230.87765502929688,220.5992889404297,231.21954345703125,0.0,0.0,0.0,230.87765502929688,220.5992889404297,231.21954345703125,0.0,0.0,0.0,50.400001525878906,47.393577575683594,50.5,0.0,0.0,0.0
18.0,14.755249977111816,16780.6171875,1836.469970703125,5902.10009765625,9042.0478515625,1600.0,17.341341018676758,0.0,7645.54296875,0.06656000018119812,1.021299958229065,0.0,0.934220016002655,3.9148900508880615,1.5649700164794922,2.6226699352264404,4.630640029907227,0.0,0.0,0.0,0.0,0.0,0.0,30.670848846435547,279.896484375,0.0,154.6413116455078,420.2856140136719,390.8794250488281,849.853759765625,3000.65478515625,0.0,0.0,0.0,0.0,0.0,0.0,22.994579315185547,22.994579315185547,271.7310791015625,238.62567138671875,234.44757080078125,0.0,0.0,0.0,271.7310791015625,238.62567138671875,234.44757080078125,0.0,0.0,0.0,62.13999938964844,52.456668853759766,51.23457336425781,0.0,0.0,0.0
19.0,14.755249977111816,16780.6171875,1836.469970703125,5902.10009765625,9042.0478515625,1600.0,17.59090805053711,0.0,7539.52294921875,0.06656000018119812,1.021299958229065,0.0,0.934220016002655,3.9148900508880615,1.5649700164794922,2.6226699352264404,4.630640029907227,0.0,0.0,0.0,0.0,0.0,0.0,11.96236801147461,279.896484375,0.0,154.6413116455078,1223.7733154296875,383.21734619140625,0.0,3000.65478515625,0.0,0.0,0.0,0.0,0.0,0.0,24.31843376159668,24.31843376159668,232.4475555419922,226.49795532226562,232.78924560546875,0.0,0.0,0.0,232.4475555419922,226.49795532226562,232.78924560546875,0.0,0.0,0.0,50.400001525878906,48.65974426269531,50.499942779541016,0.0,0.0,0.0
20.0,14.755249977111816,16780.6171875,1836.469970703125,5902.10009765625,9042.0478515625,1600.0,17.107389450073242,0.0,7753.62451171875,0.06656000018119812,1.021299958229065,0.0,0.934220016002655,3.9148900508880615,1.5649700164794922,2.6226699352264404,4.630640029907227,0.0,0.0,0.0,0.0,0.0,0.0,30.670848846435547,279.896484375,0.0,154.6413116455078,47.31910705566406,304.6808776855469,1379.1314697265625,3000.65478515625,0.0,0.0,0.0,0.0,0.0,0.0,25.683364868164062,25.683364868164062,270.9312438964844,239.1705322265625,261.63232421875,0.0,0.0,0.0,270.9312438964844,239.1705322265625,261.63232421875,0.0,0.0,0.0,62.13999938964844,52.84999465942383,59.420066833496094,0.0,0.0,0.0
21.0,14.755249977111816,16780.6171875,1836.469970703125,5902.10009765625,9042.0478515625,1600.0,17.112089157104492,0.0,7753.62451171875,0.06656000018119812,1.021299958229065,0.0,0.934220016002655,3.9148900508880615,1.5649700164794922,2.6226699352264404,4.630640029907227,0.0,0.0,0.0,0.0,0.0,0.0,30.670848846435547,279.896484375,0.0,154.6413116455078,45.051483154296875,312.4556579589844,1372.1968994140625,3000.65478515625,0.0,0.0,0.0,0.0,0.0,0.0,27.110816955566406,27.110816955566406,270.94732666015625,238.02857971191406,261.10687255859375,0.0,0.0,0.0,270.94732666015625,238.02857971191406,261.10687255859375,0.0,0.0,0.0,62.13999938964844,52.51127243041992,59.26166915893555,0.0,0.0,0.0
22.0,14.755249977111816,16780.6171875,1836.469970703125,5902.10009765625,9042.0478515625,1600.0,16.893152236938477,0.0,7855.77783203125,0.06656000018119812,1.021299958229065,0.0,0.934220016002655,3.9148900508880615,1.5649700164794922,2.6226699352264404,4.630640029907227,0.0,0.0,0.0,0.0,0.0,0.0,11.96236801147461,279.896484375,0.0,154.6413116455078,1420.924072265625,394.8231506347656,0.0,3000.65478515625,0.0,0.0,0.0,0.0,0.0,0.0,28.584537506103516,28.584537506103516,230.0620574951172,231.79627990722656,230.57098388671875,0.0,0.0,0.0,230.0620574951172,231.79627990722656,230.57098388671875,0.0,0.0,0.0,50.400001525878906,50.90726089477539,50.548858642578125,0.0,0.0,0.0
23.0,14.755249977111816,16780.6171875,1836.469970703125,5902.10009765625,9042.0478515625,1600.0,16.57149314880371,0.0,8009.7158203125,0.06656000018119812,1.021299958229065,0.0,0.934220016002655,3.9148900508880615,1.5649700164794922,2.6226699352264404,4.630640029907227,0.0,0.0,0.0,0.0,0.0,0.0,0.0,279.896484375,0.0,154.6413116455078,1240.3890380859375,689.4757080078125,0.0,3000.65478515625,0.0,0.0,0.0,0.0,0.0,0.0,30.118677139282227,30.118677139282227,228.96237182617188,216.65467834472656,229.34671020507812,0.0,0.0,0.0,228.96237182617188,216.65467834472656,229.34671020507812,0.0,0.0,0.0,50.400001525878906,46.79999923706055,50.512420654296875,0.0,0.0,0.0
24.0,14.755249977111816,16784.4375,1836.469970703125,5902.10009765625,9045.8681640625,1600.0,15.848782539367676,0.0,8377.1953125,0.06656000018119812,1.021299958229065,0.0,0.934220016002655,3.9148900508880615,1.5649700164794922,2.6226699352264404,4.630640029907227,0.0,0.0,0.0,0.0,0.0,0.0,0.0,279.896484375,0.0,154.6413116455078,1277.2540283203125,913.479248046875,0.0,2985.7119140625,0.0,0.0,0.0,0.0,0.0,0.0,31.71917152404785,31.71917152404785,226.49154663085938,214.18386840820312,159.0589599609375,0.0,0.0,0.0,226.49154663085938,214.18386840820312,159.0589599609375,0.0,0.0,0.0,50.399993896484375,46.79999923706055,30.675966262817383,0.0,0.0,0.0
25.0,14.755249977111816,16919.51953125,1836.469970703125,5902.10009765625,9180.9501953125,1600.0,15.373068809509277,0.0,8706.541015625,0.06656000018119812,1.021299958229065,0.0,0.934220016002655,3.9148900508880615,1.5649700164794922,2.6226699352264404,4.630640029907227,0.0,0.0,0.0,0.0,0.0,0.0,0.0,279.896484375,0.0,154.6413116455078,2818.720703125,1126.7784423828125,0.0,1451.130859375,0.0,0.0,0.0,0.0,0.0,0.0,33.37491989135742,33.37491989135742,167.83348083496094,178.84031677246094,169.84512329101562,0.0,0.0,0.0,167.83348083496094,178.84031677246094,169.84512329101562,0.0,0.0,0.0,33.71822738647461,36.93772506713867,34.30663299560547,0.0,0.0,0.0
26.0,14.755249977111816,17070.619140625,1836.469970703125,5902.10009765625,9332.048828125,1600.0,15.404486656188965,0.0,8768.5,0.06656000018119812,1.021299958229065,0.0,0.934220016002655,3.9148900508880615,1.5649700164794922,2.6226699352264404,4.630640029907227,0.0,0.0,0.0,0.0,0.0,0.0,0.0,279.896484375,0.0,154.6413116455078,2818.720703125,1126.7784423828125,0.0,1491.20654296875,0.0,0.0,0.0,0.0,0.0,0.0,35.033512115478516,35.033512115478516,111.02688598632812,179.88478088378906,157.57928466796875,0.0,0.0,0.0,111.02688598632812,179.88478088378906,157.57928466796875,0.0,0.0,0.0,17.070877075195312,37.21181106567383,30.687456130981445,0.0,0.0,0.0
27.0,14.755249977111816,17098.947265625,1836.469970703125,5902.10009765625,9360.3759765625,1600.0,15.894233703613281,0.0,8516.3134765625,0.06656000018119812,1.021299958229065,0.0,0.934220016002655,3.9148900508880615,1.5649700164794922,2.6226699352264404,4.630640029907227,0.0,0.0,0.0,0.0,0.0,0.0,0.0,279.896484375,0.0,154.6413116455078,2818.720703125,937.8176879882812,0.0,1508.7000732421875,0.0,0.0,0.0,0.0,0.0,0.0,36.6328010559082,36.6328010559082,75.92676544189453,181.58636474609375,175.08314514160156,0.0,0.0,0.0,75.92676544189453,181.58636474609375,175.08314514160156,0.0,0.0,0.0,6.314344882965088,37.21977615356445,35.317588806152344,0.0,0.0,0.0
28.0,14.755249977111816,17098.947265625,1836.469970703125,5902.10009765625,9360.3759765625,1600.0,15.8869047164917,0.0,8522.478515625,0.06656000018119812,1.021299958229065,0.0,0.934220016002655,3.9148900508880615,1.5649700164794922,2.6226699352264404,4.630640029907227,0.0,0.0,0.0,0.0,0.0,0.0,0.0,279.896484375,0.0,154.6413116455078,2818.720703125,579.8401489257812,0.0,1869.3070068359375,0.0,0.0,0.0,0.0,0.0,0.0,38.15635681152344,38.15635681152344,127.45640563964844,189.9939422607422,177.13955688476562,0.0,0.0,0.0,127.45640563964844,189.9939422607422,177.13955688476562,0.0,0.0,0.0,21.394092559814453,39.68632125854492,35.92641830444336,0.0,0.0,0.0
29.0,14.755249977111816,17098.947265625,1836.469970703125,5902.10009765625,9360.3759765625,1600.0,16.628326416015625,0.0,8147.1904296875,0.06656000018119812,1.021299958229065,0.0,0.934220016002655,3.9148900508880615,1.5649700164794922,2.6226699352264404,4.630640029907227,0.0,0.0,0.0,0.0,0.0,0.0,0.0,279.896484375,0.0,154.6413116455078,1600.103515625,412.8515930175781,0.0,3000.65478515625,0.0,0.0,0.0,0.0,0.0,0.0,39.62833786010742,39.62833786010742,229.15667724609375,218.1802978515625,229.49855041503906,0.0,0.0,0.0,229.15667724609375,218.1802978515625,229.49855041503906,0.0,0.0,0.0,50.400001525878906,47.18941116333008,50.5,0.0,0.0,0.0
30.0,14.755249977111816,17098.947265625,1836.469970703125,5902.10009765625,9360.3759765625,1600.0,16.8326416015625,0.0,8051.15478515625,0.06656000018119812,1.021299958229065,0.0,0.934220016002655,3.9148900508880615,1.5649700164794922,2.6226699352264404,4.630640029907227,0.0,0.0,0.0,0.0,0.0,0.0,30.670848846435547,279.896484375,0.0,154.6413116455078,420.2856140136719,390.8794250488281,1104.9893798828125,3000.65478515625,0.0,0.0,0.0,0.0,0.0,0.0,41.07063293457031,41.07063293457031,269.991943359375,237.2225341796875,243.0858917236328,0.0,0.0,0.0,269.991943359375,237.2225341796875,243.0858917236328,0.0,0.0,0.0,62.13999938964844,52.55495071411133,54.269981384277344,0.0,0.0,0.0
31.0,14.767749786376953,17098.947265625,1836.469970703125,5902.10009765625,9360.3759765625,1600.0,17.075881958007812,0.0,7939.50146484375,0.06656000018119812,1.021299958229065,0.0,0.934220016002655,3.9148900508880615,1.5774699449539185,2.6226699352264404,4.630640029907227,0.0,0.0,0.0,0.0,0.0,0.0,30.670848846435547,279.896484375,0.0,154.6413116455078,1078.419189453125,386.2782287597656,374.79168701171875,3000.65478515625,0.0,0.0,0.0,0.0,0.0,0.0,42.52854919433594,42.52854919433594,270.8235168457031,236.72647094726562,231.02865600585938,0.0,0.0,0.0,270.8235168457031,236.72647094726562,231.02865600585938,0.0,0.0,0.0,62.13999938964844,52.16661071777344,50.5,0.0,0.0,0.0
32.0,14.767749786376953,17103.947265625,1836.469970703125,5907.10009765625,9360.3759765625,1600.0,16.61008644104004,0.0,8164.96484375,0.06656000018119812,1.021299958229065,0.0,0.934220016002655,3.9148900508880615,1.5774699449539185,2.6226699352264404,4.630640029907227,0.0,0.0,0.0,0.0,0.0,0.0,30.670848846435547,279.896484375,0.0,154.6413116455078,173.8208770751953,307.1144714355469,1508.92626953125,3000.65478515625,0.0,0.0,0.0,0.0,0.0,0.0,44.023529052734375,44.023529052734375,269.2310791015625,237.89041137695312,269.99395751953125,0.0,0.0,0.0,269.2310791015625,237.89041137695312,269.99395751953125,0.0,0.0,0.0,62.13999938964844,52.97285842895508,62.36314392089844,0.0,0.0,0.0
33.0,14.767749786376953,17103.947265625,1836.469970703125,5907.10009765625,9360.3759765625,1600.0,16.614839553833008,0.0,8164.96484375,0.06656000018119812,1.021299958229065,0.0,0.934220016002655,3.9148900508880615,1.5774699449539185,2.6226699352264404,4.630640029907227,0.0,0.0,0.0,0.0,0.0,0.0,30.670848846435547,279.896484375,0.0,154.6413116455078,165.2521514892578,314.95135498046875,1508.097900390625,3000.65478515625,0.0,0.0,0.0,0.0,0.0,0.0,45.58369827270508,45.58369827270508,269.247314453125,236.83038330078125,269.9479675292969,0.0,0.0,0.0,269.247314453125,236.83038330078125,269.9479675292969,0.0,0.0,0.0,62.13999938964844,52.65804672241211,62.344940185546875,0.0,0.0,0.0
34.0,14.767749786376953,17103.947265625,1836.469970703125,5907.10009765625,9360.3759765625,1600.0,16.401775360107422,0.0,8272.533203125,0.06656000018119812,1.021299958229065,0.0,0.934220016002655,3.9148900508880615,1.5774699449539185,2.6226699352264404,4.630640029907227,0.0,0.0,0.0,0.0,0.0,0.0,30.670848846435547,279.896484375,0.0,154.6413116455078,426.6051940917969,397.97674560546875,1234.5704345703125,3000.65478515625,0.0,0.0,0.0,0.0,0.0,0.0,47.18858337402344,47.18858337402344,268.5188903808594,237.65029907226562,248.5709228515625,0.0,0.0,0.0,268.5188903808594,237.65029907226562,248.5709228515625,0.0,0.0,0.0,62.13999938964844,53.110939025878906,56.30521774291992,0.0,0.0,0.0
35.0,14.767749786376953,17103.947265625,1836.469970703125,5907.10009765625,9360.3759765625,1600.0,16.08863067626953,0.0,8434.6513671875,0.06656000018119812,1.021299958229065,0.0,0.934220016002655,3.9148900508880615,1.5774699449539185,2.6226699352264404,4.630640029907227,0.0,0.0,0.0,0.0,0.0,0.0,11.96236801147461,279.896484375,0.0,154.6413116455078,1490.415771484375,694.9827880859375,0.0,3000.65478515625,0.0,0.0,0.0,0.0,0.0,0.0,48.84979248046875,48.84979248046875,227.31155395507812,224.36309814453125,227.79537963867188,0.0,0.0,0.0,227.31155395507812,224.36309814453125,227.79537963867188,0.0,0.0,0.0,50.400001525878906,49.53757858276367,50.54151916503906,0.0,0.0,0.0
36.0,14.767749786376953,17108.814453125,1836.469970703125,5907.10009765625,9365.244140625,1600.0,15.425413131713867,0.0,8799.232421875,0.06656000018119812,1.021299958229065,0.0,0.934220016002655,3.9148900508880615,1.5774699449539185,2.6226699352264404,4.630640029907227,0.0,0.0,0.0,0.0,0.0,0.0,0.0,279.896484375,0.0,154.6413116455078,1626.876220703125,920.7755737304688,0.0,2894.207763671875,0.0,0.0,0.0,0.0,0.0,0.0,50.58037185668945,50.58037185668945,145.04415893554688,212.7364501953125,191.86981201171875,0.0,0.0,0.0,145.04415893554688,212.7364501953125,191.86981201171875,0.0,0.0,0.0,27.000001907348633,46.79999923706055,40.69650650024414,0.0,0.0,0.0
37.0,14.987750053405762,17226.72265625,1836.469970703125,5907.10009765625,9483.1533203125,1600.0,14.943732261657715,0.0,9145.1650390625,0.06656000018119812,1.2412999868392944,0.0,0.934220016002655,3.9148900508880615,1.5774699449539185,2.6226699352264404,4.630640029907227,0.0,0.0,0.0,0.0,0.0,0.0,0.0,340.189453125,0.0,154.6413116455078,2818.720703125,1135.7784423828125,0.0,1658.28515625,0.0,0.0,0.0,0.0,0.0,0.0,52.375850677490234,52.375850677490234,171.03530883789062,181.69287109375,166.18788146972656,0.0,0.0,0.0,171.03530883789062,181.69287109375,166.18788146972656,0.0,0.0,0.0,35.08409881591797,38.20143127441406,33.66622543334961,0.0,0.0,0.0
38.0,14.987750053405762,17459.5390625,1836.469970703125,5995.10009765625,9627.9697265625,1600.0,15.042145729064941,0.0,9210.25,0.06656000018119812,1.2412999868392944,0.0,0.934220016002655,3.9148900508880615,1.5774699449539185,2.6226699352264404,4.630640029907227,0.0,0.0,0.0,0.0,0.0,0.0,0.0,340.189453125,0.0,154.6413116455078,2818.720703125,1135.7784423828125,0.0,1700.3292236328125,0.0,0.0,0.0,0.0,0.0,0.0,54.17125701904297,54.17125701904297,114.45775604248047,182.9803009033203,172.791748046875,0.0,0.0,0.0,114.45775604248047,182.9803009033203,172.791748046875,0.0,0.0,0.0,18.436748504638672,38.479591369628906,35.49944305419922,0.0,0.0,0.0
39.0,14.987750053405762,17486.4375,1836.469970703125,5995.10009765625,9654.8681640625,1600.0,15.519997596740723,0.0,8945.3515625,0.06656000018119812,1.2412999868392944,0.0,0.934220016002655,3.9148900508880615,1.5774699449539185,2.6226699352264404,4.630640029907227,0.0,0.0,0.0,0.0,0.0,0.0,0.0,340.189453125,0.0,154.6413116455078,2818.720703125,945.308349609375,0.0,1710.6375732421875,0.0,0.0,0.0,0.0,0.0,0.0,55.90324401855469,55.90324401855469,79.31697082519531,184.91586303710938,161.16452026367188,0.0,0.0,0.0,79.31697082519531,184.91586303710938,161.16452026367188,0.0,0.0,0.0,7.680215835571289,38.56789016723633,31.620624542236328,0.0,0.0,0.0
40.0,14.987750053405762,17486.4375,1836.469970703125,5995.10009765625,9654.8681640625,1600.0,15.512920379638672,0.0,8951.8408203125,0.06656000018119812,1.2412999868392944,0.0,0.934220016002655,3.9148900508880615,1.5774699449539185,2.6226699352264404,4.630640029907227,0.0,0.0,0.0,0.0,0.0,0.0,0.0,340.189453125,0.0,154.6413116455078,2818.720703125,584.4715576171875,0.0,2074.197509765625,0.0,0.0,0.0,0.0,0.0,0.0,57.5506477355957,57.5506477355957,92.50650024414062,193.92657470703125,196.89088439941406,0.0,0.0,0.0,92.50650024414062,193.92657470703125,196.89088439941406,0.0,0.0,0.0,11.5452299118042,41.210601806640625,42.07766342163086,0.0,0.0,0.0
41.0,14.987750053405762,17486.4375,1836.469970703125,5995.10009765625,9654.8681640625,1600.0,16.239242553710938,0.0,8557.6376953125,0.06656000018119812,1.2412999868392944,0.0,0.934220016002655,3.9148900508880615,1.5774699449539185,2.6226699352264404,4.630640029907227,0.0,0.0,0.0,0.0,0.0,0.0,11.96236801147461,340.189453125,0.0,154.6413116455078,1781.5078125,416.1492004394531,0.0,3000.65478515625,0.0,0.0,0.0,0.0,0.0,0.0,59.13985824584961,59.13985824584961,168.57589721679688,223.35214233398438,230.34156799316406,0.0,0.0,0.0,168.57589721679688,223.35214233398438,230.34156799316406,0.0,0.0,0.0,33.06920623779297,49.09125900268555,51.13566589355469,0.0,0.0,0.0
42.0,14.987750053405762,17486.4375,1836.469970703125,5995.10009765625,9654.8681640625,1600.0,16.439498901367188,0.0,8456.7666015625,0.06656000018119812,1.2412999868392944,0.0,0.934220016002655,3.9148900508880615,1.5774699449539185,2.6226699352264404,4.630640029907227,0.0,0.0,0.0,0.0,0.0,0.0,11.96236801147461,340.189453125,0.0,154.6413116455078,1734.1591796875,394.00152587890625,0.0,3000.65478515625,0.0,0.0,0.0,0.0,0.0,0.0,60.69155502319336,60.69155502319336,132.9626922607422,227.8117218017578,231.33059692382812,0.0,0.0,0.0,132.9626922607422,227.8117218017578,231.33059692382812,0.0,0.0,0.0,22.45208740234375,50.19542694091797,51.224700927734375,0.0,0.0,0.0
43.0,14.987750053405762,17486.4375,1836.469970703125,5995.10009765625,9654.8681640625,1600.0,16.677915573120117,0.0,8339.4892578125,0.06656000018119812,1.2412999868392944,0.0,0.934220016002655,3.9148900508880615,1.5774699449539185,2.6226699352264404,4.630640029907227,0.0,0.0,0.0,0.0,0.0,0.0,30.670848846435547,340.189453125,0.0,154.6413116455078,152.074462890625,386.2782287597656,1490.5364990234375,3000.65478515625,0.0,0.0,0.0,0.0,0.0,0.0,62.258934020996094,62.258934020996094,269.46295166015625,238.12159729003906,268.7671813964844,0.0,0.0,0.0,269.46295166015625,238.12159729003906,268.7671813964844,0.0,0.0,0.0,62.13999938964844,52.97264862060547,61.93648910522461,0.0,0.0,0.0
44.0,14.987750053405762,17486.4375,1836.469970703125,5995.10009765625,9654.8681640625,1600.0,16.21693229675293,0.0,8576.3154296875,0.06656000018119812,1.2412999868392944,0.0,0.934220016002655,3.9148900508880615,1.5774699449539185,2.6226699352264404,4.630640029907227,0.0,0.0,0.0,0.0,0.0,0.0,30.670848846435547,340.189453125,0.0,154.6413116455078,483.9545593261719,307.1144714355469,1395.7286376953125,3000.65478515625,0.0,0.0,0.0,0.0,0.0,0.0,63.871150970458984,63.871150970458984,267.8869323730469,237.69668579101562,260.0549621582031,0.0,0.0,0.0,267.8869323730469,237.69668579101562,260.0549621582031,0.0,0.0,0.0,62.13999938964844,53.309349060058594,59.84914779663086,0.0,0.0,0.0
45.0,14.987750053405762,17486.4375,1836.469970703125,5995.10009765625,9654.8681640625,1600.0,16.221702575683594,0.0,8576.3154296875,0.06656000018119812,1.2412999868392944,0.0,0.934220016002655,3.9148900508880615,1.5774699449539185,2.6226699352264404,4.630640029907227,0.0,0.0,0.0,0.0,0.0,0.0,30.670848846435547,340.189453125,0.0,154.6413116455078,481.34228515625,314.95135498046875,1388.823486328125,3000.65478515625,0.0,0.0,0.0,0.0,0.0,0.0,65.55168914794922,65.55168914794922,267.90325927734375,237.83724975585938,259.3634948730469,0.0,0.0,0.0,267.90325927734375,237.83724975585938,259.3634948730469,0.0,0.0,0.0,62.13999938964844,53.3456916809082,59.64212417602539,0.0,0.0,0.0
46.0,14.987750053405762,17486.4375,1836.469970703125,5995.10009765625,9654.8681640625,1600.0,16.013172149658203,0.0,8689.298828125,0.06656000018119812,1.2412999868392944,0.0,0.934220016002655,3.9148900508880615,1.5774699449539185,2.6226699352264404,4.630640029907227,0.0,0.0,0.0,0.0,0.0,0.0,30.670848846435547,340.189453125,0.0,154.6413116455078,478.82080078125,397.97674560546875,1382.6942138671875,3000.65478515625,0.0,0.0,0.0,0.0,0.0,0.0,67.28032684326172,67.28032684326172,267.1903381347656,236.4917755126953,258.209228515625,0.0,0.0,0.0,267.1903381347656,236.4917755126953,258.209228515625,0.0,0.0,0.0,62.13999938964844,53.16067123413086,59.513023376464844,0.0,0.0,0.0
47.0,14.987750053405762,17486.4375,1836.469970703125,5995.10009765625,9654.8681640625,1600.0,15.706637382507324,0.0,8859.5859375,0.06656000018119812,1.2412999868392944,0.0,0.934220016002655,3.9148900508880615,1.5774699449539185,2.6226699352264404,4.630640029907227,0.0,0.0,0.0,0.0,0.0,0.0,11.96236801147461,340.189453125,0.0,154.6413116455078,1696.1322021484375,694.9827880859375,0.0,3000.65478515625,0.0,0.0,0.0,0.0,0.0,0.0,69.06774139404297,69.06774139404297,226.00559997558594,227.49244689941406,226.34747314453125,0.0,0.0,0.0,226.00559997558594,227.49244689941406,226.34747314453125,0.0,0.0,0.0,50.400001525878906,50.834903717041016,50.5,0.0,0.0,0.0
48.0,15.045639038085938,17587.91015625,1836.469970703125,6080.77587890625,9670.6650390625,1600.0,15.17576789855957,0.0,9221.26953125,0.06656000018119812,1.2412999868392944,0.0,0.934220016002655,3.9148900508880615,1.5774699449539185,2.6226699352264404,4.630640029907227,0.0,0.02706032246351242,0.030828624963760376,0.0,0.0,0.0,0.0,340.189453125,0.0,154.6413116455078,1717.4632568359375,920.7755737304688,0.0,3000.65478515625,0.0,3.2472386360168457,3.3572371006011963,0.0,0.0,0.0,70.92443084716797,70.92443084716797,224.19064331054688,211.88296508789062,224.53236389160156,0.0,0.0,0.0,224.19064331054688,211.88296508789062,224.53236389160156,0.0,0.0,0.0,50.399993896484375,46.79999923706055,50.49995040893555,0.0,0.0,0.0
49.0,15.193391799926758,17754.111328125,1836.469970703125,6123.51416015625,9794.1279296875,1600.0,14.737720489501953,0.0,9583.7998046875,0.06656000018119812,1.2412999868392944,0.0,0.934220016002655,3.9148900508880615,1.5774699449539185,2.6226699352264404,4.630640029907227,0.0,0.09612756967544556,0.10951387137174606,0.0,0.0,0.0,0.0,340.189453125,0.0,154.6413116455078,2818.720703125,1135.7784423828125,0.0,1909.795166015625,0.0,11.535307884216309,11.926060676574707,0.0,0.0,0.0,72.85905456542969,72.85905456542969,127.99522399902344,185.9242401123047,177.14358520507812,0.0,0.0,0.0,127.99522399902344,185.9242401123047,177.14358520507812,0.0,0.0,0.0,22.700883865356445,39.645118713378906,37.076778411865234,0.0,0.0,0.0
50.0,15.28521728515625,17897.43359375,1836.469970703125,6137.03662109375,9923.9267578125,1600.0,14.754977226257324,0.0,9652.0,0.06656000018119812,1.2412999868392944,0.0,0.934220016002655,3.9148900508880615,1.5774699449539185,2.6226699352264404,4.630640029907227,0.0,0.13905155658721924,0.1584152728319168,0.0,0.0,0.0,0.0,340.189453125,0.0,154.6413116455078,2818.720703125,1135.7784423828125,0.0,1943.3177490234375,0.0,16.686187744140625,17.251422882080078,0.0,0.0,0.0,74.79866027832031,74.79866027832031,71.14021301269531,186.12860107421875,184.3601837158203,0.0,0.0,0.0,71.14021301269531,186.12860107421875,184.3601837158203,0.0,0.0,0.0,6.053534030914307,39.68764114379883,39.170379638671875,0.0,0.0,0.0
51.0,15.328533172607422,17925.41015625,1836.469970703125,6141.3154296875,9947.6240234375,1600.0,15.225447654724121,0.0,9374.400390625,0.06656000018119812,1.2412999868392944,0.0,0.934220016002655,3.9148900508880615,1.5774699449539185,2.6226699352264404,4.630640029907227,0.0,0.15929988026618958,0.18148326873779297,0.0,0.0,0.0,0.0,340.189453125,0.0,154.6413116455078,2818.720703125,945.308349609375,0.0,1939.9976806640625,0.0,19.115983963012695,19.76352882385254,0.0,0.0,0.0,76.66172790527344,76.66172790527344,63.68428039550781,189.52584838867188,163.74334716796875,0.0,0.0,0.0,63.68428039550781,189.52584838867188,163.74334716796875,0.0,0.0,0.0,3.4022042751312256,40.21086502075195,32.66947937011719,0.0,0.0,0.0
52.0,15.34675121307373,17926.763671875,1836.469970703125,6142.6689453125,9947.6240234375,1600.0,15.219758987426758,0.0,9381.193359375,0.06656000018119812,1.2412999868392944,0.0,0.934220016002655,3.9148900508880615,1.5774699449539185,2.6226699352264404,4.630640029907227,0.0,0.16781601309776306,0.1911853402853012,0.0,0.0,0.0,0.0,340.189453125,0.0,154.6413116455078,2818.720703125,584.4715576171875,0.0,2301.558837890625,0.0,20.137922286987305,20.820083618164062,0.0,0.0,0.0,78.4341049194336,78.4341049194336,85.52437591552734,198.23822021484375,210.59487915039062,0.0,0.0,0.0,85.52437591552734,198.23822021484375,210.59487915039062,0.0,0.0,0.0,9.796121597290039,42.76491928100586,46.379241943359375,0.0,0.0,0.0
53.0,15.353943824768066,17927.19140625,1836.469970703125,6143.09765625,9947.6240234375,1600.0,15.935026168823242,0.0,8968.0859375,0.06656000018119812,1.2412999868392944,0.0,0.934220016002655,3.9148900508880615,1.5774699449539185,2.6226699352264404,4.630640029907227,0.0,0.17117801308631897,0.19501551985740662,0.0,0.0,0.0,30.670848846435547,340.189453125,0.0,154.6413116455078,1976.482177734375,416.1492004394531,0.0,3000.65478515625,0.0,20.541362762451172,21.23719024658203,0.0,0.0,0.0,80.14727020263672,80.14727020263672,160.78363037109375,231.81874084472656,233.0328369140625,0.0,0.0,0.0,160.78363037109375,231.81874084472656,233.0328369140625,0.0,0.0,0.0,31.09418487548828,51.87195587158203,52.22707748413086,0.0,0.0,0.0
54.0,15.356671333312988,17927.326171875,1836.469970703125,6143.23291015625,9947.6240234375,1600.0,16.13239097595215,0.0,8862.37890625,0.06656000018119812,1.2412999868392944,0.0,0.934220016002655,3.9148900508880615,1.5774699449539185,2.6226699352264404,4.630640029907227,0.0,0.17245295643806458,0.19646799564361572,0.0,0.0,0.0,30.670848846435547,340.189453125,0.0,154.6413116455078,414.7834777832031,394.00152587890625,1510.657958984375,3000.65478515625,0.0,20.694355010986328,21.39536476135254,0.0,0.0,0.0,81.82288360595703,81.82288360595703,267.5979309082031,236.2420654296875,268.48681640625,0.0,0.0,0.0,267.5979309082031,236.2420654296875,268.48681640625,0.0,0.0,0.0,62.13999938964844,52.968414306640625,62.400001525878906,0.0,0.0,0.0
55.0,15.35767650604248,17927.369140625,1836.469970703125,6143.27587890625,9947.6240234375,1600.0,16.36728286743164,0.0,8739.4775390625,0.06656000018119812,1.2412999868392944,0.0,0.934220016002655,3.9148900508880615,1.5774699449539185,2.6226699352264404,4.630640029907227,0.0,0.17292317748069763,0.19700369238853455,0.0,0.0,0.0,30.670848846435547,340.189453125,0.0,154.6413116455078,1473.776123046875,386.2782287597656,374.79168701171875,3000.65478515625,0.0,20.750782012939453,21.453702926635742,0.0,0.0,0.0,83.52111053466797,83.52111053466797,268.4009704589844,233.9742889404297,232.46482849121094,0.0,0.0,0.0,268.4009704589844,233.9742889404297,232.46482849121094,0.0,0.0,0.0,62.13999938964844,52.07019805908203,51.62868118286133,0.0,0.0,0.0
56.0,15.358040809631348,17927.3828125,1836.469970703125,6143.28955078125,9947.6240234375,1600.0,15.91365909576416,0.0,8987.6552734375,0.06656000018119812,1.2412999868392944,0.0,0.934220016002655,3.9148900508880615,1.5774699449539185,2.6226699352264404,4.630640029907227,0.0,0.17309309542179108,0.19719728827476501,0.0,0.0,0.0,30.670848846435547,340.189453125,0.0,154.6413116455078,582.4589233398438,307.1144714355469,1510.657958984375,3000.65478515625,0.0,20.77117156982422,21.47478485107422,0.0,0.0,0.0,85.26189422607422,85.26189422607422,266.8501281738281,235.74176025390625,267.739013671875,0.0,0.0,0.0,266.8501281738281,235.74176025390625,267.739013671875,0.0,0.0,0.0,62.13999938964844,53.04080581665039,62.400001525878906,0.0,0.0,0.0
57.0,15.358169555664062,17927.388671875,1836.469970703125,6143.2939453125,9947.6240234375,1600.0,15.918502807617188,0.0,8987.6552734375,0.06656000018119812,1.2412999868392944,0.0,0.934220016002655,3.9148900508880615,1.5774699449539185,2.6226699352264404,4.630640029907227,0.0,0.17315354943275452,0.19726616144180298,0.0,0.0,0.0,30.670848846435547,340.189453125,0.0,154.6413116455078,2078.55126953125,314.95135498046875,4.899093151092529,3000.65478515625,0.0,20.778427124023438,21.482284545898438,0.0,0.0,0.0,87.07675170898438,87.07675170898438,136.2247772216797,230.43008422851562,233.1203155517578,0.0,0.0,0.0,136.2247772216797,230.43008422851562,233.1203155517578,0.0,0.0,0.0,23.927244186401367,51.4822998046875,52.269187927246094,0.0,0.0,0.0
58.0,15.35821533203125,17927.388671875,1836.469970703125,6143.294921875,9947.6240234375,1600.0,15.71337890625,0.0,9106.0634765625,0.06656002253293991,1.2413066625595093,1.9588003397075227e-07,0.934220016002655,3.9148900508880615,1.5774701833724976,2.6226699352264404,4.630640506744385,5.91226001489531e-09,0.17317137122154236,0.197286456823349,0.0,0.0,0.0,30.67085838317871,340.1912536621094,5.368268830352463e-05,154.6413116455078,567.6524658203125,397.9767761230469,1510.657958984375,3000.655029296875,3.4054617117362795e-06,20.78056526184082,21.484495162963867,0.0,0.0,0.0,88.94190216064453,88.94190216064453,266.1654052734375,251.94317626953125,267.0542907714844,0.0,0.0,0.0,266.1654052734375,251.94317626953125,267.0542907714844,0.0,0.0,0.0,62.13999938964844,57.97999954223633,62.400001525878906,0.0,0.0,0.0
59.0,15.358230590820312,18062.38671875,1836.469970703125,6278.29248046875,9947.6240234375,1600.0,15.527921676635742,0.0,9284.51171875,0.06656006723642349,1.2413208484649658,6.180650302667345e-07,0.934220016002655,3.9148900508880615,1.5774704217910767,2.6226699352264404,4.630640983581543,1.8460067252590306e-08,0.17317137122154236,0.197286456823349,0.0,0.0,0.0,0.0,340.1951599121094,0.00016938630142249167,154.6413116455078,1930.226806640625,694.9829711914062,0.0,3000.655517578125,1.063299805537099e-05,20.78056526184082,21.484495162963867,0.0,0.0,0.0,90.88446044921875,90.88446044921875,210.6290740966797,213.0869140625,225.88478088378906,0.0,0.0,0.0,210.6290740966797,213.0869140625,225.88478088378906,0.0,0.0,0.0,46.08108139038086,46.79999923706055,50.54337692260742,0.0,0.0,0.0
60.0,15.853927612304688,18423.537109375,1836.469970703125,6599.0390625,9988.0283203125,1600.0,15.200592041015625,0.0,9671.4365234375,0.06772833317518234,1.6854698657989502,0.014694063924252987,0.934220016002655,3.9148900508880615,1.5860412120819092,2.622673749923706,4.657423496246338,0.00031865155324339867,0.17317616939544678,0.19729192554950714,0.0,0.0,0.0,0.0,461.918212890625,4.027040481567383,154.6413116455078,1814.7347412109375,925.7786254882812,0.0,3018.010498046875,0.18354329466819763,20.78114128112793,21.485090255737305,0.0,0.0,0.0,92.91619873046875,92.91619873046875,224.76376342773438,211.96783447265625,225.7718963623047,0.0,0.0,0.0,224.76376342773438,211.96783447265625,225.7718963623047,0.0,0.0,0.0,50.542808532714844,46.79999923706055,50.83768844604492,0.0,0.0,0.0
61.0,16.463947296142578,18836.921875,1836.469970703125,6806.845703125,10193.6064453125,1600.0,14.950308799743652,0.0,10051.6650390625,0.06891203671693802,2.2307825088500977,0.03258600831031799,0.934220016002655,3.9148900508880615,1.596774935722351,2.622677803039551,4.6919846534729,0.0006414938252419233,0.17318052053451538,0.1972968727350235,0.0,0.0,0.0,0.0,611.3660278320312,8.930489540100098,154.6413116455078,2818.720703125,1149.677978515625,0.0,1889.8792724609375,0.07899018377065659,20.781661987304688,21.48563003540039,0.0,0.0,0.0,95.02774047851562,95.02774047851562,143.4198760986328,187.0212860107422,140.15672302246094,0.0,0.0,0.0,143.4198760986328,187.0212860107422,140.15672302246094,0.0,0.0,0.0,27.000003814697266,39.753414154052734,26.045530319213867,0.0,0.0,0.0
62.0,16.955129623413086,19151.619140625,1836.469970703125,6924.94873046875,10390.201171875,1600.0,15.095860481262207,0.0,10123.2001953125,0.06972239911556244,2.6699514389038086,0.04686873033642769,0.934220016002655,3.9148900508880615,1.6050142049789429,2.622680425643921,4.720437049865723,0.0008625109912827611,0.17318330705165863,0.19730006158351898,0.0,0.0,0.0,0.0,731.7243041992188,12.84479808807373,154.6413116455078,2818.720703125,1155.6102294921875,0.0,1805.735595703125,0.10200394690036774,20.781997680664062,21.485977172851562,0.0,0.0,0.0,97.12752532958984,97.12752532958984,63.81745910644531,185.20907592773438,112.06229400634766,0.0,0.0,0.0,63.81745910644531,185.20907592773438,112.06229400634766,0.0,0.0,0.0,3.5707459449768066,39.07779312133789,17.682361602783203,0.0,0.0,0.0
63.0,17.235105514526367,19307.7578125,1836.469970703125,7042.3857421875,10428.90234375,1600.0,15.681139945983887,0.0,9832.0439453125,0.06994866579771042,2.9067018032073975,0.05450096353888512,0.934220016002655,3.9148900508880615,1.6074706315994263,2.622681140899658,4.735764503479004,0.000924224266782403,0.17744585871696472,0.2105575054883957,0.0,0.0,0.0,0.0,796.6077880859375,14.936480522155762,154.6413116455078,2818.720703125,963.2864379882812,0.0,1731.0032958984375,0.10493845492601395,21.29350471496582,22.929712295532227,0.0,0.0,0.0,99.13356018066406,99.13356018066406,145.91842651367188,185.795166015625,110.29610443115234,0.0,0.0,0.0,145.91842651367188,185.795166015625,110.29610443115234,0.0,0.0,0.0,27.0,38.663944244384766,16.58047103881836,0.0,0.0,0.0
64.0,17.69426918029785,19572.65625,1836.469970703125,7307.28369140625,10428.90234375,1600.0,15.889213562011719,0.0,9839.1689453125,0.07015953958034515,3.269568920135498,0.0665692687034607,0.934220016002655,3.9148900508880615,1.6097991466522217,2.6226818561553955,4.757556915283203,0.000981737393885851,0.1920078694820404,0.2558339238166809,0.0,0.0,0.0,0.0,896.0548706054688,18.243907928466797,154.6413116455078,2818.720703125,596.4498901367188,0.0,1991.28564453125,0.12815998494625092,23.040943145751953,27.860313415527344,0.0,0.0,0.0,101.03130340576172,101.03130340576172,125.21342468261719,190.65200805664062,185.31520080566406,0.0,0.0,0.0,125.21342468261719,190.65200805664062,185.31520080566406,0.0,0.0,0.0,20.7357120513916,39.876495361328125,38.31548309326172,0.0,0.0,0.0
65.0,18.2326602935791,19725.244140625,1836.469970703125,7459.8720703125,10428.90234375,1600.0,16.767566680908203,0.0,9405.90234375,0.07036618143320084,3.69189453125,0.08068479597568512,0.934220016002655,3.9148900508880615,1.6121007204055786,2.622682571411133,4.7822136878967285,0.001038096030242741,0.21019111573696136,0.31237807869911194,0.0,0.0,0.0,0.0,1011.7969970703125,22.112394332885742,154.6413116455078,1460.2113037109375,425.2850646972656,0.0,3098.87451171875,0.5979433059692383,25.22293472290039,34.01797103881836,0.0,0.0,0.0,102.85751342773438,102.85751342773438,222.29978942871094,217.7512664794922,230.20848083496094,0.0,0.0,0.0,222.29978942871094,217.7512664794922,230.20848083496094,0.0,0.0,0.0,48.255123138427734,46.924678802490234,50.56841278076172,0.0,0.0,0.0
66.0,18.56394386291504,19773.525390625,1836.469970703125,7508.15234375,10428.90234375,1600.0,17.017385482788086,0.0,9295.0283203125,0.07047440856695175,3.9539554119110107,0.08945285528898239,0.934220016002655,3.9148900508880615,1.6133136749267578,2.622682809829712,4.796949863433838,0.0010676145320758224,0.22098690271377563,0.34595009684562683,0.0,0.0,0.0,12.563315391540527,1083.6170654296875,24.51535987854004,154.6413116455078,1304.771728515625,402.9541320800781,0.0,3108.42333984375,0.6149459481239319,26.518428802490234,37.67396545410156,0.0,0.0,0.0,104.64147186279297,104.64147186279297,234.75572204589844,226.90057373046875,235.15818786621094,0.0,0.0,0.0,234.75572204589844,226.90057373046875,235.15818786621094,0.0,0.0,0.0,51.64866638183594,49.35103225708008,51.766387939453125,0.0,0.0,0.0
67.0,18.719684600830078,19848.77734375,1836.469970703125,7583.404296875,10428.90234375,1600.0,17.331666946411133,0.0,9166.1318359375,0.07049702107906342,4.088627338409424,0.0939546674489975,0.934220016002655,3.9148900508880615,1.6135683059692383,2.622683048248291,4.80318546295166,0.001073781168088317,0.223431795835495,0.3535528779029846,0.0,0.0,0.0,28.63425064086914,1120.525146484375,25.74912452697754,154.6413116455078,413.0532531738281,395.11767578125,751.5458984375,3112.464111328125,0.6184979677200317,26.81181526184082,38.50190734863281,0.0,0.0,0.0,106.4504623413086,106.4504623413086,261.0075988769531,253.20904541015625,236.50634765625,0.0,0.0,0.0,261.0075988769531,253.20904541015625,236.50634765625,0.0,0.0,0.0,59.0130500793457,56.73197937011719,51.846439361572266,0.0,0.0,0.0
68.0,19.00529670715332,20000.5234375,1836.469970703125,7735.15185546875,10428.90234375,1600.0,16.978757858276367,0.0,9426.4228515625,0.0705207884311676,4.343363285064697,0.10248283296823502,0.934220016002655,3.9148900508880615,1.613836407661438,2.622683048248291,4.8142409324646,0.0010802632896229625,0.22610725462436676,0.3618727922439575,0.0,0.0,0.0,12.570589065551758,1190.337890625,28.086345672607422,154.6413116455078,1354.5101318359375,314.194580078125,0.0025090728886425495,3119.6279296875,0.622231662273407,27.132871627807617,39.4079475402832,0.0,0.0,0.0,108.30531311035156,108.30531311035156,227.5289306640625,256.2692565917969,235.41746520996094,0.0,0.0,0.0,227.5289306640625,256.2692565917969,235.41746520996094,0.0,0.0,0.0,49.573455810546875,57.97999954223633,51.88085174560547,0.0,0.0,0.0
69.0,19.31830596923828,20106.255859375,1836.469970703125,7840.8828125,10428.90234375,1600.0,17.073810577392578,0.0,9426.4228515625,0.07053964585065842,4.6258015632629395,0.11193682253360748,0.934220016002655,3.9148900508880615,1.6140493154525757,2.622683048248291,4.826256275177002,0.0010854076826944947,0.2282639741897583,0.36857959628105164,0.0,0.0,0.0,12.5735502243042,1267.74267578125,30.677295684814453,154.6413116455078,1255.7393798828125,322.2546081542969,0.0,3127.4140625,0.6251948475837708,27.39167594909668,40.1383171081543,0.0,0.0,0.0,110.24161529541016,110.24161529541016,231.54379272460938,225.20809936523438,234.908935546875,0.0,0.0,0.0,231.54379272460938,225.20809936523438,234.908935546875,0.0,0.0,0.0,50.652748107910156,48.799556732177734,51.63705062866211,0.0,0.0,0.0
70.0,19.57135581970215,20167.873046875,1836.469970703125,7902.5,10428.90234375,1600.0,16.904876708984375,0.0,9550.6162109375,0.07055248320102692,4.855246067047119,0.11960797011852264,0.934220016002655,3.9148900508880615,1.614194393157959,2.62268328666687,4.835940837860107,0.001088909455575049,0.22974532842636108,0.37318646907806396,0.0,0.0,0.0,27.1306209564209,1330.6239013671875,32.779640197753906,154.6413116455078,366.2061767578125,407.2418518066406,800.1226806640625,3133.2783203125,0.6257451772689819,27.569438934326172,40.64000701904297,0.0,0.0,0.0,112.23420715332031,112.23420715332031,259.38385009765625,254.1610870361328,238.66505432128906,0.0,0.0,0.0,259.38385009765625,254.1610870361328,238.66505432128906,0.0,0.0,0.0,58.964900970458984,57.43724060058594,52.9046516418457,0.0,0.0,0.0
71.0,19.71640968322754,20187.369140625,1836.469970703125,7921.99609375,10428.90234375,1600.0,16.595624923706055,0.0,9737.775390625,0.07055916637182236,4.987081527709961,0.12401289492845535,0.934220016002655,3.9148900508880615,1.6142698526382446,2.62268328666687,4.841484069824219,0.001090731006115675,0.2305203676223755,0.3755968511104584,0.0,0.0,0.0,0.0,1366.7547607421875,33.98685073852539,154.6413116455078,1006.8934326171875,711.1956176757812,0.0,3102.260009765625,0.5729520320892334,27.662445068359375,40.902496337890625,0.0,0.0,0.0,114.2907943725586,114.2907943725586,221.3028564453125,216.4993438720703,217.19561767578125,0.0,0.0,0.0,221.3028564453125,216.4993438720703,217.19561767578125,0.0,0.0,0.0,48.13546371459961,46.73043441772461,46.9340934753418,0.0,0.0,0.0
72.0,19.782867431640625,20193.537109375,1836.469970703125,7928.16455078125,10428.90234375,1600.0,16.075424194335938,0.0,10053.5458984375,0.07056201994419098,5.04757833480835,0.1260337084531784,0.934220016002655,3.9148900508880615,1.614302158355713,2.62268328666687,4.844021320343018,0.0010915097082033753,0.2308531403541565,0.3766317665576935,0.0,0.0,0.0,0.0,1383.3343505859375,34.54067611694336,154.6413116455078,2815.577392578125,942.274658203125,0.0,1256.283935546875,0.08949336409568787,27.702377319335938,41.015201568603516,0.0,0.0,0.0,116.39757537841797,116.39757537841797,173.56971740722656,179.93475341796875,175.0661163330078,0.0,0.0,0.0,173.56971740722656,179.93475341796875,175.0661163330078,0.0,0.0,0.0,34.69371795654297,36.55548858642578,35.13141632080078,0.0,0.0,0.0
73.0,19.810400009155273,20314.205078125,1836.469970703125,7930.11669921875,10547.6181640625,1600.0,15.55427074432373,0.0,10448.7939453125,0.07056314498186111,5.0726704597473145,0.12687177956104279,0.934220016002655,3.9148900508880615,1.6143147945404053,2.62268328666687,4.845071315765381,0.0010918154148384929,0.23098427057266235,0.3770396113395691,0.0,0.0,0.0,0.0,1390.2110595703125,34.770355224609375,154.6413116455078,2817.24365234375,1162.306640625,0.0,1291.513427734375,0.09202121943235397,27.71811294555664,41.05961227416992,0.0,0.0,0.0,118.53128051757812,118.53128051757812,145.4846954345703,182.06161499023438,170.59912109375,0.0,0.0,0.0,145.4846954345703,182.06161499023438,170.59912109375,0.0,0.0,0.0,27.0,37.698753356933594,34.34597396850586,0.0,0.0,0.0
74.0,19.821170806884766,20487.310546875,1836.469970703125,7930.734375,10720.1064453125,1600.0,15.578841209411621,0.0,10523.150390625,0.07056349515914917,5.0824785232543945,0.1272002011537552,0.934220016002655,3.9148900508880615,1.61431884765625,2.62268328666687,4.845529556274414,0.0010919122723862529,0.23102596402168274,0.37716925144195557,0.0,0.0,0.0,0.0,1392.8990478515625,34.8603630065918,154.6413116455078,2818.720703125,1162.3095703125,0.0,1335.191162109375,0.09513836354017258,27.723114013671875,41.07373046875,0.0,0.0,0.0,120.65804290771484,120.65804290771484,145.56869506835938,175.6635284423828,163.9381561279297,0.0,0.0,0.0,145.56869506835938,175.6635284423828,163.9381561279297,0.0,0.0,0.0,27.000003814697266,35.80274200439453,32.373069763183594,0.0,0.0,0.0
75.0,19.82522964477539,20563.283203125,1836.469970703125,7972.9306640625,10753.8818359375,1600.0,16.112762451171875,0.0,10220.4990234375,0.07056350260972977,5.085531234741211,0.12730316817760468,0.934220016002655,3.9148900508880615,1.6143189668655396,2.62268328666687,4.845746994018555,0.0010919134365394711,0.23119619488716125,0.37768515944480896,0.0,0.0,0.0,0.0,1393.735595703125,34.888580322265625,154.6413116455078,2818.720703125,967.3903198242188,0.0,1323.2718505859375,0.09428759664297104,27.74354362487793,41.129913330078125,0.0,0.0,0.0,122.69682312011719,122.69682312011719,144.27967834472656,177.01959228515625,153.48118591308594,0.0,0.0,0.0,144.27967834472656,177.01959228515625,153.48118591308594,0.0,0.0,0.0,26.08904266357422,35.665470123291016,28.78048324584961,0.0,0.0,0.0
76.0,20.024768829345703,20755.341796875,1836.469970703125,8164.98974609375,10753.8818359375,1600.0,16.255916595458984,0.0,10227.8994140625,0.07056356966495514,5.2206268310546875,0.1319977045059204,0.934220016002655,3.9148900508880615,1.6143196821212769,2.62268328666687,4.853875160217285,0.0010919318301603198,0.24400398135185242,0.41649729013442993,0.0,0.0,0.0,0.0,1430.7598876953125,36.1751594543457,154.6413116455078,2818.720703125,598.1248168945312,0.0,1651.4912109375,0.1176031082868576,29.28047752380371,45.35655212402344,0.0,0.0,0.0,124.63003540039062,124.63003540039062,139.7535858154297,183.66249084472656,179.36915588378906,0.0,0.0,0.0,139.7535858154297,183.66249084472656,179.36915588378906,0.0,0.0,0.0,24.622005462646484,37.465362548828125,36.20956039428711,0.0,0.0,0.0
77.0,20.42735481262207,20899.052734375,1836.469970703125,8308.701171875,10753.8818359375,1600.0,17.14194107055664,0.0,9777.5048828125,0.07056368142366409,5.496005058288574,0.14160394668579102,0.934220016002655,3.9148900508880615,1.6143208742141724,2.62268328666687,4.86990213394165,0.0010919618653133512,0.26920586824417114,0.49286767840385437,0.0,0.0,0.0,0.0,1506.229736328125,38.807838439941406,154.6413116455078,1132.4495849609375,425.8707580566406,0.0,3114.88916015625,0.5707491636276245,32.30470657348633,53.67329025268555,0.0,0.0,0.0,126.48404693603516,126.48404693603516,223.22459411621094,218.2852020263672,221.97438049316406,0.0,0.0,0.0,223.22459411621094,218.2852020263672,221.97438049316406,0.0,0.0,0.0,48.15125274658203,46.70648193359375,47.78556442260742,0.0,0.0,0.0
78.0,20.70630645751953,20944.5234375,1836.469970703125,8354.171875,10753.8818359375,1600.0,17.393112182617188,0.0,9662.259765625,0.07056374102830887,5.692366600036621,0.148456409573555,0.934220016002655,3.9148900508880615,1.6143215894699097,2.62268328666687,4.880917072296143,0.0010919790947809815,0.28526437282562256,0.541530430316925,0.0,0.0,0.0,0.0,1560.04443359375,40.68581771850586,154.6413116455078,1046.9053955078125,403.20587158203125,0.0,3080.7880859375,0.53299480676651,34.231727600097656,58.972660064697266,0.0,0.0,0.0,128.2865753173828,128.2865753173828,217.7958221435547,218.74728393554688,206.77952575683594,0.0,0.0,0.0,217.7958221435547,218.74728393554688,206.77952575683594,0.0,0.0,0.0,46.312164306640625,46.5904655456543,43.08989715576172,0.0,0.0,0.0
79.0,20.842525482177734,21019.90625,1836.469970703125,8429.5546875,10753.8818359375,1600.0,17.711261749267578,0.0,9528.2626953125,0.07056375592947006,5.805276393890381,0.15242424607276917,0.934220016002655,3.9148900508880615,1.6143218278884888,2.62268328666687,4.886369228363037,0.0010919825872406363,0.28871068358421326,0.5519738793373108,0.0,0.0,0.0,0.0,1590.9884033203125,41.77323913574219,154.6413116455078,965.2180786132812,395.3022155761719,0.0,3044.756103515625,0.5193274021148682,34.64528274536133,60.109954833984375,0.0,0.0,0.0,130.0832061767578,130.0832061767578,207.79176330566406,219.37315368652344,203.5609893798828,0.0,0.0,0.0,207.79176330566406,219.37315368652344,203.5609893798828,0.0,0.0,0.0,43.06782913208008,46.455387115478516,41.83032989501953,0.0,0.0,0.0
80.0,21.124765396118164,21170.841796875,1836.469970703125,8580.4892578125,10753.8818359375,1600.0,17.3408145904541,0.0,9798.841796875,0.07056377083063126,6.050526142120361,0.16098317503929138,0.934220016002655,3.9148900508880615,1.6143219470977783,2.62268328666687,4.897753715515137,0.0010919866617769003,0.29294025897979736,0.5647908449172974,0.0,0.0,0.0,9.43301010131836,1658.2012939453125,44.11888885498047,154.6413116455078,1108.82275390625,314.28912353515625,0.0,3081.7041015625,0.528323769569397,35.152828216552734,61.5057258605957,0.0,0.0,0.0,131.89617919921875,131.89617919921875,195.80752563476562,224.69012451171875,210.03018188476562,0.0,0.0,0.0,195.80752563476562,224.69012451171875,210.03018188476562,0.0,0.0,0.0,39.93288803100586,48.381046295166016,44.093013763427734,0.0,0.0,0.0
81.0,21.428993225097656,21277.0390625,1836.469970703125,8686.6865234375,10753.8818359375,1600.0,17.432823181152344,0.0,9798.841796875,0.07056377828121185,6.319849967956543,0.17037059366703033,0.934220016002655,3.915111780166626,1.6143220663070679,2.62268328666687,4.9100823402404785,0.0010919898049905896,0.2961574196815491,0.5745399594306946,0.0,0.0,0.0,9.433011054992676,1732.0118408203125,46.69159698486328,154.6413116455078,1056.893798828125,322.30908203125,0.0019027176313102245,3045.92626953125,0.5185006260871887,35.53889083862305,62.56740188598633,0.0,0.0,0.0,133.7598876953125,133.7598876953125,206.26913452148438,246.9422607421875,219.8179931640625,0.0,0.0,0.0,206.26913452148438,246.9422607421875,219.8179931640625,0.0,0.0,0.0,42.90089797973633,54.797786712646484,46.86394119262695,0.0,0.0,0.0
82.0,21.693706512451172,21348.404296875,1836.469970703125,8758.0517578125,10753.8818359375,1600.0,17.26424217224121,0.0,9927.9365234375,0.07056378573179245,6.55537223815918,0.17856481671333313,0.934220016002655,3.916015386581421,1.6143221855163574,2.62268328666687,4.920806407928467,0.0010919920168817043,0.2984819710254669,0.5815841555595398,0.0,0.0,0.0,24.386844635009766,1796.558837890625,48.93729782104492,154.6413116455078,751.5565185546875,407.27410888671875,250.83456420898438,3017.720703125,0.5160917639732361,35.81783676147461,63.33451461791992,0.0,0.0,0.0,135.67088317871094,135.67088317871094,228.0536651611328,246.01158142089844,212.5589599609375,0.0,0.0,0.0,228.0536651611328,246.01158142089844,212.5589599609375,0.0,0.0,0.0,49.44145584106445,54.69414520263672,44.90925216674805,0.0,0.0,0.0
83.0,21.853261947631836,21371.248046875,1836.469970703125,8780.8955078125,10753.8818359375,1600.0,16.948781967163086,0.0,10122.4970703125,0.07056379318237305,6.697674751281738,0.18350595235824585,0.934220016002655,3.916778564453125,1.6143317222595215,2.62268328666687,4.927280902862549,0.0010919931810349226,0.29973894357681274,0.5853932499885559,0.0,0.0,0.0,0.0,1835.55810546875,50.29146194458008,154.6413116455078,870.9881591796875,711.222900390625,0.0,2957.729736328125,0.5115984082221985,35.96867370605469,63.74932098388672,0.0,0.0,0.0,137.63975524902344,137.63975524902344,183.80555725097656,214.13282775878906,208.68284606933594,0.0,0.0,0.0,183.80555725097656,214.13282775878906,208.68284606933594,0.0,0.0,0.0,36.8143424987793,45.6850700378418,44.09095001220703,0.0,0.0,0.0
84.0,21.927839279174805,21381.85546875,1836.469970703125,8791.50390625,10753.8818359375,1600.0,16.32279396057129,0.0,10510.970703125,0.07056379318237305,6.764565944671631,0.18583345413208008,0.934220016002655,3.917121410369873,1.6144139766693115,2.62268328666687,4.9304070472717285,0.00109199364669621,0.30018705129623413,0.5867511630058289,0.0,0.0,0.0,0.0,1853.890380859375,50.9293327331543,154.6413116455078,1062.913330078125,942.3399047851562,0.0,2775.345703125,0.3319460451602936,36.0224494934082,63.89720153808594,0.0,0.0,0.0,139.65736389160156,139.65736389160156,209.19735717773438,209.28244018554688,183.79608154296875,0.0,0.0,0.0,209.19735717773438,209.28244018554688,183.79608154296875,0.0,0.0,0.0,44.867431640625,44.8923225402832,37.43756103515625,0.0,0.0,0.0
85.0,21.971471786499023,21564.337890625,1836.469970703125,8822.71484375,10905.1533203125,1600.0,15.831833839416504,0.0,10924.2119140625,0.07056379318237305,6.804172515869141,0.18722045421600342,0.934220016002655,3.917206287384033,1.6145823001861572,2.62268328666687,4.93240213394165,0.0010919937631115317,0.30028411746025085,0.5870453119277954,0.0,0.0,0.0,0.0,1864.7447509765625,51.309452056884766,154.6413116455078,2689.547607421875,1162.499267578125,0.0,1193.815185546875,0.08447011560201645,36.034095764160156,63.929229736328125,0.0,0.0,0.0,141.71334838867188,141.71334838867188,146.43362426757812,175.1425018310547,173.07029724121094,0.0,0.0,0.0,146.43362426757812,175.1425018310547,173.07029724121094,0.0,0.0,0.0,27.000003814697266,35.39734649658203,34.791229248046875,0.0,0.0,0.0
86.0,22.07575035095215,21801.283203125,1836.469970703125,8870.73046875,11094.0830078125,1600.0,15.894981384277344,0.0,11001.9501953125,0.07056379318237305,6.898881912231445,0.19054436683654785,0.934220016002655,3.9173424243927,1.6149886846542358,2.62268328666687,4.9375128746032715,0.0010919938795268536,0.3004310429096222,0.587490439414978,0.0,0.0,0.0,0.0,1890.70068359375,52.220401763916016,154.6413116455078,2703.628173828125,1162.7918701171875,0.0,1217.6463623046875,0.0861230120062828,27.03879165649414,58.161556243896484,0.0,0.0,0.0,143.7666473388672,143.7666473388672,70.99359893798828,158.47836303710938,163.15521240234375,0.0,0.0,0.0,70.99359893798828,158.47836303710938,163.15521240234375,0.0,0.0,0.0,4.870646953582764,30.459938049316406,31.827917098999023,0.0,0.0,0.0
87.0,22.159387588500977,21901.6640625,1836.469970703125,8934.0595703125,11131.134765625,1600.0,16.455249786376953,0.0,10685.5244140625,0.07056379318237305,6.974418640136719,0.1931934952735901,0.934220016002655,3.9173829555511475,1.615127444267273,2.62268328666687,4.942613124847412,0.0010919938795268536,0.3004734516143799,0.5876190066337585,0.0,0.0,0.0,0.0,1911.40234375,52.94641876220703,154.6413116455078,2685.23583984375,967.8748168945312,0.0,1194.4097900390625,0.08444684743881226,27.04261016845703,58.17428207397461,0.0,0.0,0.0,145.732177734375,145.732177734375,121.22586059570312,152.63026428222656,157.06094360351562,0.0,0.0,0.0,121.22586059570312,152.63026428222656,157.06094360351562,0.0,0.0,0.0,19.00331687927246,28.189104080200195,29.485078811645508,0.0,0.0,0.0
88.0,22.378623962402344,22031.837890625,1836.469970703125,9064.2333984375,11131.134765625,1600.0,16.545166015625,0.0,10693.2666015625,0.07056379318237305,7.173267364501953,0.2003018856048584,0.934220016002655,3.9174396991729736,1.6153287887573242,2.62268328666687,4.955395221710205,0.0010919939959421754,0.30053290724754333,0.5877991914749146,0.0,0.0,0.0,0.0,1965.8985595703125,54.894535064697266,154.6413116455078,2749.56201171875,598.4987182617188,0.0,1446.3358154296875,0.10216101258993149,27.047962188720703,58.19212341308594,0.0,0.0,0.0,147.58609008789062,147.58609008789062,143.37326049804688,169.96856689453125,169.34799194335938,0.0,0.0,0.0,143.37326049804688,169.96856689453125,169.34799194335938,0.0,0.0,0.0,25.391515731811523,33.17063903808594,32.98912048339844,0.0,0.0,0.0
89.0,22.655031204223633,22119.24609375,1836.469970703125,9151.6416015625,11131.134765625,1600.0,17.39731216430664,0.0,10222.3798828125,0.07056379318237305,7.424363613128662,0.20930826663970947,0.934220016002655,3.9174978733062744,1.6155387163162231,2.62268328666687,4.971186637878418,0.0010919939959421754,0.30059370398521423,0.5879834294319153,0.0,0.0,0.0,0.0,2034.7138671875,57.362815856933594,154.6413116455078,1306.2152099609375,426.1920471191406,0.0,2656.80419921875,0.1874406337738037,36.07124328613281,64.0313949584961,0.0,0.0,0.0,149.3605194091797,149.3605194091797,144.1648406982422,212.1271209716797,190.28018188476562,0.0,0.0,0.0,144.1648406982422,212.1271209716797,190.28018188476562,0.0,0.0,0.0,24.770902633666992,44.649871826171875,38.259639739990234,0.0,0.0,0.0
90.0,22.83467674255371,22146.90234375,1836.469970703125,9179.2978515625,11131.134765625,2930.02685546875,17.636024475097656,0.0,10101.8916015625,0.07056379318237305,7.587907314300537,0.21518012881278992,0.934220016002655,3.9175291061401367,1.6156525611877441,2.62268328666687,4.981140613555908,0.0010919941123574972,0.3006262481212616,0.5880820751190186,0.0,0.0,0.0,0.0,2079.534423828125,58.97205352783203,154.6413116455078,959.87939453125,403.538330078125,0.0,2896.1953125,0.47180062532424927,36.07515335083008,64.0421371459961,0.0,0.0,0.0,151.07168579101562,151.07168579101562,212.94259643554688,214.98077392578125,195.47740173339844,0.0,0.0,0.0,212.94259643554688,214.98077392578125,195.47740173339844,0.0,0.0,0.0,44.64968490600586,45.245853424072266,39.541114807128906,0.0,0.0,0.0
91.0,22.920686721801758,22209.1796875,1836.469970703125,9241.57421875,11131.134765625,2930.02685546875,17.9446964263916,0.0,9961.8046875,0.07056379318237305,7.666989803314209,0.2180245816707611,0.934220016002655,3.917534351348877,1.6156715154647827,2.62268328666687,4.985177993774414,0.0010919941123574972,0.30063164234161377,0.588098406791687,0.0,0.0,0.0,0.0,2101.207763671875,59.7515983581543,154.6413116455078,864.3068237304688,395.6327209472656,0.0,2881.147216796875,0.4840766489505768,36.07579803466797,64.04391479492188,0.0,0.0,0.0,152.7705841064453,152.7705841064453,206.81097412109375,215.46597290039062,215.46792602539062,0.0,0.0,0.0,206.81097412109375,215.46597290039062,215.46792602539062,0.0,0.0,0.0,42.547515869140625,45.0791015625,45.07966995239258,0.0,0.0,0.0
92.0,23.153669357299805,22340.7890625,1836.469970703125,9373.18359375,11131.134765625,2930.02685546875,17.545766830444336,0.0,10244.685546875,0.07056379318237305,7.881736755371094,0.22572050988674164,0.934220016002655,3.9175422191619873,1.6157008409500122,2.62268328666687,4.995647430419922,0.0010919941123574972,0.30063989758491516,0.5881233811378479,0.0,0.0,0.0,0.0,2160.06103515625,61.860740661621094,154.6413116455078,1019.881591796875,314.55755615234375,0.0,2934.489501953125,0.5074141025543213,36.076786041259766,64.046630859375,0.0,0.0,0.0,154.48239135742188,154.48239135742188,185.9020538330078,215.16615295410156,212.1857147216797,0.0,0.0,0.0,185.9020538330078,215.16615295410156,212.1857147216797,0.0,0.0,0.0,36.83058166503906,45.39033508300781,44.5185546875,0.0,0.0,0.0
93.0,23.416107177734375,22415.505859375,1836.469970703125,9447.90234375,11131.134765625,2930.02685546875,17.60902976989746,0.0,10244.685546875,0.07056379318237305,8.123764991760254,0.23438672721385956,0.934220016002655,3.9175496101379395,1.6157282590866089,2.62268328666687,5.007322788238525,0.0010919941123574972,0.3006475567817688,0.5881466269493103,0.0,0.0,0.0,8.38490104675293,2226.39111328125,64.23579406738281,154.6413116455078,968.6544189453125,322.58984375,0.0,2898.846435546875,0.4965096414089203,36.07770919799805,64.0491714477539,0.0,0.0,0.0,156.23764038085938,156.23764038085938,186.1221466064453,221.58596801757812,186.40234375,0.0,0.0,0.0,186.1221466064453,221.58596801757812,186.40234375,0.0,0.0,0.0,36.83169937133789,47.20486831665039,36.913658142089844,0.0,0.0,0.0
94.0,23.57794761657715,22439.1484375,1836.469970703125,9471.54296875,11131.134765625,2930.02685546875,17.397672653198242,0.0,10379.662109375,0.07056379318237305,8.273059844970703,0.23973099887371063,0.934220016002655,3.9175539016723633,1.6157433986663818,2.62268328666687,5.014488220214844,0.0010919941123574972,0.3006518483161926,0.5881595611572266,0.0,0.0,0.0,22.20125389099121,2267.306640625,65.700439453125,154.6413116455078,935.2537231445312,407.6326904296875,0.001691311364993453,2880.142822265625,0.4919961094856262,36.07822036743164,64.05058288574219,0.0,0.0,0.0,158.02037048339844,158.02037048339844,212.6431884765625,240.5512237548828,199.34722900390625,0.0,0.0,0.0,212.6431884765625,240.5512237548828,199.34722900390625,0.0,0.0,0.0,44.80046081542969,52.96356201171875,40.91139602661133,0.0,0.0,0.0
95.0,23.654088973999023,22446.62890625,1836.469970703125,9479.0234375,11131.134765625,2930.02685546875,17.065914154052734,0.0,10583.06640625,0.07056379318237305,8.343310356140137,0.24224552512168884,0.934220016002655,3.917555570602417,1.6157500743865967,2.62268328666687,5.017848968505859,0.0010919941123574972,0.30065369606018066,0.5881652235984802,0.0,0.0,0.0,0.0,2286.5595703125,66.38957214355469,154.6413116455078,828.9639282226562,711.8477783203125,0.0,2819.65869140625,0.47538721561431885,36.07844543457031,64.05119323730469,0.0,0.0,0.0,159.8650665283203,159.8650665283203,201.3310089111328,211.1524200439453,198.37049865722656,0.0,0.0,0.0,201.3310089111328,211.1524200439453,198.37049865722656,0.0,0.0,0.0,41.82340621948242,44.6961669921875,40.95745849609375,0.0,0.0,0.0
96.0,23.68606948852539,22448.99609375,1836.469970703125,9481.390625,11131.134765625,2930.02685546875,16.519258499145508,0.0,10929.3798828125,0.07056379318237305,8.372785568237305,0.24331434071063995,0.934220016002655,3.9175562858581543,1.6157644987106323,2.62268328666687,5.01926851272583,0.0010919941123574972,0.30065441131591797,0.5881673097610474,0.0,0.0,0.0,0.0,2294.637451171875,66.68248748779297,154.6413116455078,2511.662353515625,943.128173828125,0.0,1129.0711669921875,0.0793495774269104,36.078529357910156,64.05142211914062,0.0,0.0,0.0,161.76788330078125,161.76788330078125,180.487548828125,183.20799255371094,153.05752563476562,0.0,0.0,0.0,180.487548828125,183.20799255371094,153.05752563476562,0.0,0.0,0.0,36.27334976196289,37.0690803527832,28.25006675720215,0.0,0.0,0.0
97.0,23.698684692382812,22582.98046875,1836.469970703125,9489.0126953125,11257.498046875,2930.02685546875,15.979808807373047,0.0,11359.064453125,0.07056379318237305,8.384303092956543,0.24377542734146118,0.934220016002655,3.9175562858581543,1.6158066987991333,2.62268328666687,5.019862174987793,0.0010919941123574972,0.30065450072288513,0.588167667388916,0.0,0.0,0.0,0.0,2297.7939453125,66.80885314941406,154.6413116455078,2520.71875,1163.380859375,0.0,1183.958740234375,0.08320330083370209,36.07854080200195,64.05146026611328,0.0,0.0,0.0,163.71121215820312,163.71121215820312,161.3844757080078,177.60560607910156,161.262939453125,0.0,0.0,0.0,161.3844757080078,177.60560607910156,161.262939453125,0.0,0.0,0.0,31.22515106201172,35.96983337402344,31.18960189819336,0.0,0.0,0.0
98.0,23.72870445251465,22783.9765625,1836.469970703125,9503.3447265625,11444.1611328125,2930.02685546875,16.009790420532227,0.0,11439.900390625,0.07056379318237305,8.411656379699707,0.2449072301387787,0.934220016002655,3.9175565242767334,1.6159008741378784,2.62268328666687,5.021301746368408,0.0010919941123574972,0.30065464973449707,0.5881680846214294,0.0,0.0,0.0,0.0,2305.290283203125,67.11903381347656,154.6413116455078,2554.102294921875,1163.4486083984375,0.0,1210.0361328125,0.08502672612667084,27.058917999267578,58.2286376953125,0.0,0.0,0.0,165.6656951904297,165.6656951904297,143.74449157714844,157.1544952392578,140.64073181152344,0.0,0.0,0.0,143.74449157714844,157.1544952392578,140.64073181152344,0.0,0.0,0.0,26.03547477722168,29.95789909362793,25.127622604370117,0.0,0.0,0.0
99.0,23.753318786621094,22896.130859375,1836.469970703125,9578.955078125,11480.70703125,2930.02685546875,16.58006477355957,0.0,11110.876953125,0.07056379318237305,8.434093475341797,0.24586082994937897,0.934220016002655,3.9175565242767334,1.6159123182296753,2.62268328666687,5.022513389587402,0.0010919941123574972,0.30065464973449707,0.5881680846214294,0.0,0.0,0.0,0.0,2311.439453125,67.38037872314453,154.6413116455078,2541.211181640625,968.3451538085938,0.0,1188.1212158203125,0.08347921073436737,27.058917999267578,58.228641510009766,0.0,0.0,0.0,167.54330444335938,167.54330444335938,145.2624969482422,157.64303588867188,137.79605102539062,0.0,0.0,0.0,145.2624969482422,157.64303588867188,137.79605102539062,0.0,0.0,0.0,25.90921401977539,29.530521392822266,23.725278854370117,0.0,0.0,0.0
100.0,24.026870727539062,23043.328125,1836.469970703125,9726.150390625,11480.70703125,2930.02685546875,16.678340911865234,0.0,11118.9326171875,0.07056379318237305,8.683241844177246,0.2566797733306885,0.934220016002655,3.9175565242767334,1.615997314453125,2.62268328666687,5.036012649536133,0.0010919941123574972,0.30065473914146423,0.5881683826446533,0.0,0.0,0.0,0.0,2379.720703125,70.34540557861328,154.6413116455078,2598.092041015625,598.7463989257812,0.0,1433.2230224609375,0.10060201585292816,27.058927536010742,58.22867202758789,0.0,0.0,0.0,169.3220977783203,169.3220977783203,92.13714599609375,159.3098907470703,136.84925842285156,0.0,0.0,0.0,92.13714599609375,159.3098907470703,136.84925842285156,0.0,0.0,0.0,10.271775245666504,29.919801712036133,23.350067138671875,0.0,0.0,0.0
101.0,24.26866912841797,23089.900390625,1836.469970703125,9772.724609375,11480.70703125,2930.02685546875,17.504756927490234,0.0,10629.302734375,0.07056379318237305,8.90346622467041,0.26624998450279236,0.934220016002655,3.9175567626953125,1.6160649061203003,2.62268328666687,5.047948837280273,0.0010919941123574972,0.3006548285484314,0.5881686210632324,0.0,0.0,0.0,0.0,2440.0751953125,72.96820831298828,154.6413116455078,2498.69873046875,426.33087158203125,0.0,1295.7266845703125,0.09087229520082474,36.07857894897461,64.05156707763672,0.0,0.0,0.0,171.01280212402344,171.01280212402344,177.24476623535156,188.78038024902344,177.12237548828125,0.0,0.0,0.0,177.24476623535156,188.78038024902344,177.12237548828125,0.0,0.0,0.0,34.33933639526367,37.713504791259766,34.30353546142578,0.0,0.0,0.0
102.0,24.394296646118164,24616.9375,3348.77001953125,9787.4609375,11480.70703125,2930.02685546875,18.894990921020508,0.0,10504.0078125,0.07056379318237305,9.018336296081543,0.271245539188385,0.934220016002655,3.9175567626953125,1.616093635559082,2.62268328666687,5.05368185043335,0.0010919941123574972,0.3006548583507538,0.588168740272522,0.0,0.0,0.0,0.0,2471.556396484375,74.3372802734375,154.6413116455078,912.0077514648438,403.6484680175781,0.0,2785.859375,0.46157464385032654,36.078582763671875,64.05157470703125,0.0,0.0,0.0,172.63604736328125,172.63604736328125,222.0618896484375,216.54539489746094,211.24488830566406,0.0,0.0,0.0,222.0618896484375,216.54539489746094,211.24488830566406,0.0,0.0,0.0,46.05811309814453,44.44453430175781,42.894134521484375,0.0,0.0,0.0
103.0,24.449586868286133,24728.279296875,3348.77001953125,9898.8017578125,11480.70703125,2930.02685546875,19.25876235961914,0.0,10358.34375,0.07056379318237305,9.070003509521484,0.2734983265399933,0.934220016002655,3.9175567626953125,1.6160956621170044,2.62268328666687,5.055050849914551,0.0010919941123574972,0.3006548583507538,0.588168740272522,0.0,0.0,0.0,0.0,2485.71630859375,74.95468139648438,154.6413116455078,846.12255859375,395.736572265625,0.0,2745.14013671875,0.4498927593231201,36.078582763671875,64.05157470703125,0.0,0.0,0.0,174.27085876464844,174.27085876464844,182.08030700683594,216.87574768066406,198.6918487548828,0.0,0.0,0.0,182.08030700683594,216.87574768066406,198.6918487548828,0.0,0.0,0.0,33.999725341796875,44.17739486694336,38.858604431152344,0.0,0.0,0.0
104.0,24.863712310791016,24990.978515625,3348.77001953125,10161.5009765625,11480.70703125,2930.02685546875,18.917015075683594,0.0,10652.4921875,0.07056379318237305,9.457880020141602,0.29034343361854553,0.934220016002655,3.9175567626953125,1.6161034107208252,2.62268328666687,5.064445495605469,0.0010919941123574972,0.3006548583507538,0.588168740272522,0.0,0.0,0.0,0.0,2592.01708984375,79.57123565673828,154.6413116455078,984.1087036132812,314.63592529296875,0.0,2773.80126953125,0.4603675603866577,36.078582763671875,64.05157470703125,0.0,0.0,0.0,175.92843627929688,175.92843627929688,179.48304748535156,216.33596801757812,224.55128479003906,0.0,0.0,0.0,179.48304748535156,216.33596801757812,224.55128479003906,0.0,0.0,0.0,33.58177947998047,44.36125564575195,46.76423645019531,0.0,0.0,0.0
105.0,25.382905960083008,25189.943359375,3348.77001953125,10360.4677734375,11480.70703125,2930.02685546875,19.072290420532227,0.0,10652.4921875,0.07056379318237305,9.944530487060547,0.311461865901947,0.934220016002655,3.9175567626953125,1.6161099672317505,2.62268328666687,5.075863361358643,0.0010919941123574972,0.30065488815307617,0.5881687998771667,0.0,0.0,0.0,0.0,2725.388427734375,85.35893249511719,154.6413116455078,910.9907836914062,322.6660461425781,0.0,2698.0205078125,0.45683059096336365,36.07858657836914,64.05158233642578,0.0,0.0,0.0,177.64178466796875,177.64178466796875,205.70018005371094,217.16275024414062,183.87574768066406,0.0,0.0,0.0,205.70018005371094,217.16275024414062,183.87574768066406,0.0,0.0,0.0,41.09501266479492,44.447811126708984,34.71136474609375,0.0,0.0,0.0
106.0,25.867538452148438,25326.130859375,3348.77001953125,10496.654296875,11480.70703125,2930.02685546875,18.924474716186523,0.0,10792.8359375,0.07056379318237305,10.398934364318848,0.3311544358730316,0.934220016002655,3.9175567626953125,1.6161150932312012,2.62268328666687,5.0863938331604,0.0010919941123574972,0.30065488815307617,0.5881687998771667,0.0,0.0,0.0,0.0,2849.921875,90.755859375,154.6413116455078,861.1278076171875,407.7264404296875,0.0,2625.685546875,0.4492754340171814,36.07858657836914,64.05158233642578,0.0,0.0,0.0,179.38877868652344,179.38877868652344,179.6862335205078,216.80682373046875,183.61265563964844,0.0,0.0,0.0,179.6862335205078,216.80682373046875,183.61265563964844,0.0,0.0,0.0,33.633750915527344,44.491519927978516,34.7822265625,0.0,0.0,0.0
107.0,26.164512634277344,25369.22265625,3348.77001953125,10539.7451171875,11480.70703125,2930.02685546875,18.5878963470459,0.0,11004.34375,0.07056379318237305,10.677427291870117,0.3432168662548065,0.934220016002655,3.9175567626953125,1.6161178350448608,2.62268328666687,5.0928120613098145,0.0010919941123574972,0.30065488815307617,0.5881687998771667,0.0,0.0,0.0,0.0,2926.2451171875,94.06167602539062,154.6413116455078,2204.578369140625,712.0098266601562,0.0,1039.3704833984375,0.07263107597827911,36.07858657836914,64.05158233642578,0.0,0.0,0.0,181.18487548828125,181.18487548828125,187.77713012695312,181.32557678222656,189.5896453857422,0.0,0.0,0.0,187.77713012695312,181.32557678222656,189.5896453857422,0.0,0.0,0.0,36.3369140625,34.449832916259766,36.8670768737793,0.0,0.0,0.0
108.0,26.303924560546875,25382.85546875,3348.77001953125,10553.37890625,11480.70703125,2930.02685546875,17.987483978271484,0.0,11371.3857421875,0.07056379318237305,10.808173179626465,0.3488788604736328,0.934220016002655,3.9175567626953125,1.616119146347046,2.62268328666687,5.095814228057861,0.0010919941123574972,0.30065488815307617,0.5881687998771667,0.0,0.0,0.0,0.0,2962.077392578125,95.61339569091797,154.6413116455078,2172.150634765625,943.335205078125,0.0,1048.4754638671875,0.07324933260679245,36.07858657836914,64.05158233642578,0.0,0.0,0.0,183.02975463867188,183.02975463867188,109.13811492919922,177.5831298828125,179.2371826171875,0.0,0.0,0.0,109.13811492919922,177.5831298828125,179.2371826171875,0.0,0.0,0.0,13.935415267944336,33.95558166503906,34.439395904541016,0.0,0.0,0.0
109.0,26.362415313720703,25520.6875,3348.77001953125,10557.693359375,11614.224609375,2930.02685546875,17.3891658782959,0.0,11818.4462890625,0.07056379318237305,10.862629890441895,0.35125428438186646,0.934220016002655,3.9179680347442627,1.616119623184204,2.62268328666687,5.097061634063721,0.0010919941123574972,0.30065488815307617,0.5881687998771667,0.0,0.0,0.0,0.0,2977.00146484375,96.264404296875,154.6413116455078,2243.057373046875,1163.6060791015625,0.0,1070.6483154296875,0.0747908428311348,18.03929328918457,52.40584182739258,0.0,0.0,0.0,184.9179229736328,184.9179229736328,140.6781768798828,170.98536682128906,152.5477752685547,0.0,0.0,0.0,140.6781768798828,170.98536682128906,152.5477752685547,0.0,0.0,0.0,23.759201049804688,32.624053955078125,27.23105812072754,0.0,0.0,0.0
110.0,26.38566780090332,25717.45703125,3348.77001953125,10559.6044921875,11809.083984375,2930.02685546875,17.400720596313477,0.0,11902.5498046875,0.07056379318237305,10.88362979888916,0.35221537947654724,0.934220016002655,3.9187850952148438,1.6161197423934937,2.62268328666687,5.0975341796875,0.0010919941123574972,0.30065488815307617,0.5881687998771667,0.0,0.0,0.0,0.0,2982.7568359375,96.52780151367188,154.6413116455078,2252.062255859375,1163.606201171875,0.0,1110.37158203125,0.07756293565034866,18.03929328918457,52.40584182739258,0.0,0.0,0.0,186.81851196289062,186.81851196289062,144.63441467285156,152.90260314941406,144.17361450195312,0.0,0.0,0.0,144.63441467285156,152.90260314941406,144.17361450195312,0.0,0.0,0.0,24.904848098754883,27.323293685913086,24.77005958557129,0.0,0.0,0.0
111.0,26.395662307739258,25830.435546875,3348.77001953125,10634.427734375,11847.23828125,2930.02685546875,18.011751174926758,0.0,11560.2265625,0.07056379318237305,10.892972946166992,0.3526284694671631,0.934220016002655,3.9188284873962402,1.6161197423934937,2.62268328666687,5.097729206085205,0.0010919941123574972,0.30065488815307617,0.5881687998771667,0.0,0.0,0.0,0.0,2985.3173828125,96.6410140991211,154.6413116455078,2240.6240234375,968.4694213867188,0.0,1081.8663330078125,0.07557041943073273,18.03929328918457,52.40584182739258,0.0,0.0,0.0,188.64529418945312,188.64529418945312,146.71788024902344,162.67938232421875,145.24642944335938,0.0,0.0,0.0,146.71788024902344,162.67938232421875,145.24642944335938,0.0,0.0,0.0,24.903230667114258,29.57196617126465,24.472827911376953,0.0,0.0,0.0
112.0,26.671180725097656,26025.20703125,3348.77001953125,10829.19921875,11847.23828125,2930.02685546875,18.138275146484375,0.0,11568.5966796875,0.07056379318237305,11.149104118347168,0.3660420775413513,0.934220016002655,3.9193472862243652,1.6161197423934937,2.62268328666687,5.103184700012207,0.0010919941123574972,0.30065488815307617,0.5881687998771667,0.0,0.0,0.0,0.0,3055.512451171875,100.31713104248047,154.6413116455078,2310.985595703125,598.791748046875,0.0,1309.9058837890625,0.09146245568990707,18.82744598388672,52.89915466308594,0.0,0.0,0.0,190.39068603515625,190.39068603515625,147.06887817382812,171.9703369140625,107.91642761230469,0.0,0.0,0.0,147.06887817382812,171.9703369140625,107.91642761230469,0.0,0.0,0.0,24.87937355041504,32.163047790527344,13.427279472351074,0.0,0.0,0.0
113.0,27.076072692871094,26161.248046875,3348.77001953125,10965.2412109375,11847.23828125,2930.02685546875,19.099441528320312,0.0,11059.1689453125,0.07056379318237305,11.525542259216309,0.38581517338752747,0.934220016002655,3.9199867248535156,1.6161198616027832,2.62268328666687,5.111225128173828,0.0010919941123574972,0.30065488815307617,0.5881687998771667,0.0,0.0,0.0,0.0,3158.6787109375,105.73612976074219,154.6413116455078,2184.2431640625,426.3453369140625,0.0,1152.194580078125,0.08040254563093185,20.98000717163086,54.2464599609375,0.0,0.0,0.0,192.076904296875,192.076904296875,157.88124084472656,154.3118438720703,142.57823181152344,0.0,0.0,0.0,157.88124084472656,154.3118438720703,142.57823181152344,0.0,0.0,0.0,27.080821990966797,26.036773681640625,22.604692459106445,0.0,0.0,0.0
114.0,27.34766387939453,26204.29296875,3348.77001953125,11008.28515625,11847.23828125,2930.02685546875,19.369497299194336,0.0,10928.8095703125,0.07056379318237305,11.778088569641113,0.39909040927886963,0.934220016002655,3.9203431606292725,1.6161198616027832,2.62268328666687,5.116638660430908,0.0010919941123574972,0.30065488815307617,0.5881687998771667,0.0,0.0,0.0,0.0,3227.830810546875,109.37226867675781,154.6378936767578,1792.9033203125,403.6512451171875,0.0,1385.16357421875,0.09662051498889923,32.4295768737793,61.653404235839844,0.0,0.0,0.0,193.6774444580078,193.6774444580078,163.8895263671875,186.0367431640625,168.42176818847656,0.0,0.0,0.0,163.8895263671875,186.0367431640625,168.42176818847656,0.0,0.0,0.0,28.568187713623047,35.04624938964844,29.89386749267578,0.0,0.0,0.0
115.0,27.478994369506836,26323.708984375,3348.77001953125,11127.701171875,11847.23828125,2930.02685546875,19.743276596069336,0.0,10777.255859375,0.07056379318237305,11.900278091430664,0.40551918745040894,0.934220016002655,3.9203948974609375,1.6161198616027832,2.62268328666687,5.119300365447998,0.0010919941123574972,0.30065488815307617,0.5881687998771667,0.0,0.0,0.0,0.0,3249.18896484375,110.72080993652344,153.91485595703125,766.9057006835938,394.9954528808594,0.0,2301.249267578125,0.2786009907722473,28.008739471435547,58.82320022583008,0.0,0.0,0.0,195.24737548828125,195.24737548828125,175.3001708984375,198.43890380859375,178.53067016601562,0.0,0.0,0.0,175.3001708984375,198.43890380859375,178.53067016601562,0.0,0.0,0.0,31.53202247619629,38.30010223388672,32.47694778442383,0.0,0.0,0.0
116.0,27.923385620117188,26586.5,3348.77001953125,11390.4921875,11847.23828125,2930.02685546875,19.37919044494629,0.0,11083.298828125,0.07056379318237305,12.313871383666992,0.42718422412872314,0.934220016002655,3.9204890727996826,1.6161198616027832,2.62268328666687,5.128339767456055,0.0010919941123574972,0.30065488815307617,0.5881687998771667,0.0,0.0,0.0,0.0,3367.232177734375,116.81366729736328,154.196044921875,821.7667846679688,314.2858581542969,0.0,2405.583740234375,0.4201962947845459,28.941869735717773,59.40725326538086,0.0,0.0,0.0,196.82908630371094,196.82908630371094,189.3670654296875,202.6781005859375,205.1952362060547,0.0,0.0,0.0,189.3670654296875,202.6781005859375,205.1952362060547,0.0,0.0,0.0,36.010677337646484,39.90415573120117,40.640419006347656,0.0,0.0,0.0
117.0,28.44980812072754,26784.634765625,3348.77001953125,11588.626953125,11847.23828125,2930.02685546875,19.527990341186523,0.0,11083.298828125,0.07056379318237305,12.803845405578613,0.45283105969429016,0.934220016002655,3.920564889907837,1.6161198616027832,2.62268328666687,5.139063835144043,0.0010919941123574972,0.30065488815307617,0.5881687998771667,0.0,0.0,0.0,0.0,3448.271484375,121.95433807373047,152.51071166992188,753.7099609375,319.9141845703125,0.0,2384.945068359375,0.42479580640792847,27.05893898010254,58.22871398925781,0.0,0.0,0.0,198.45838928222656,198.45838928222656,185.8716583251953,190.64437866210938,188.0133514404297,0.0,0.0,0.0,185.8716583251953,190.64437866210938,188.0133514404297,0.0,0.0,0.0,34.83946990966797,36.23549270629883,35.46591567993164,0.0,0.0,0.0
118.0,28.93783950805664,26921.876953125,3348.77001953125,11725.869140625,11847.23828125,2930.02685546875,19.370275497436523,0.0,11229.3232421875,0.07056379318237305,13.258109092712402,0.4765927791595459,0.934220016002655,3.9206225872039795,1.6161198616027832,2.62268328666687,5.149012565612793,0.0010919941123574972,0.30065488815307617,0.5881687998771667,0.0,0.0,0.0,0.0,3516.89013671875,126.42257690429688,151.1119842529297,716.1956787109375,401.2954406738281,0.0,2366.1123046875,0.40961045026779175,27.05893898010254,58.22871398925781,0.0,0.0,0.0,200.11019897460938,200.11019897460938,183.65524291992188,188.96334838867188,175.41607666015625,0.0,0.0,0.0,183.65524291992188,188.96334838867188,175.41607666015625,0.0,0.0,0.0,34.348880767822266,35.9015007019043,31.93892478942871,0.0,0.0,0.0
119.0,29.237003326416016,26965.30078125,3348.77001953125,11769.2939453125,11847.23828125,2930.02685546875,19.022960662841797,0.0,11449.37109375,0.07056379318237305,13.536540031433105,0.49115538597106934,0.934220016002655,3.920694351196289,1.6161198616027832,2.62268328666687,5.155111789703369,0.0010919941123574972,0.30065488815307617,0.5881687998771667,0.0,0.0,0.0,0.0,3528.837890625,128.03919982910156,149.51544189453125,2015.8641357421875,694.955810546875,0.0,907.7013549804688,0.06312362849712372,27.05893898010254,58.22871398925781,0.0,0.0,0.0,201.791015625,201.791015625,152.6510772705078,162.5377960205078,152.42892456054688,0.0,0.0,0.0,152.6510772705078,162.5377960205078,152.42892456054688,0.0,0.0,0.0,25.627477645874023,28.51934814453125,25.5625,0.0,0.0,0.0
120.0,29.377479553222656,26979.095703125,3348.77001953125,11783.0869140625,11847.23828125,2930.02685546875,18.538789749145508,0.0,11748.9443359375,0.07056379318237305,13.667187690734863,0.4979919493198395,0.934220016002655,3.920823097229004,1.6161198616027832,2.62268328666687,5.1579742431640625,0.0010919941123574972,0.30065488815307617,0.5881687998771667,0.0,0.0,0.0,0.0,3548.005126953125,129.27882385253906,149.14537048339844,2010.10693359375,918.9032592773438,0.0,869.5618286132812,0.06045764312148094,27.05893898010254,58.22871398925781,0.0,0.0,0.0,203.4921112060547,203.4921112060547,131.9608612060547,163.4916229248047,156.2072296142578,0.0,0.0,0.0,131.9608612060547,163.4916229248047,156.2072296142578,0.0,0.0,0.0,20.05976104736328,29.28251075744629,27.151826858520508,0.0,0.0,0.0
121.0,29.43653678894043,27080.345703125,3348.77001953125,11787.482421875,11944.09375,2930.02685546875,17.89043617248535,0.0,12210.853515625,0.07056379318237305,13.721269607543945,0.500860333442688,0.934220016002655,3.9217450618743896,1.6161198616027832,2.62268328666687,5.1591596603393555,0.0010919941123574972,0.30065488815307617,0.5881687998771667,0.0,0.0,0.0,0.0,3581.8173828125,130.74520874023438,149.6747283935547,2032.6383056640625,1136.470703125,0.0,917.904296875,0.06381278485059738,18.03929328918457,52.40584182739258,0.0,0.0,0.0,205.2144012451172,205.2144012451172,124.90756225585938,147.25811767578125,118.54724884033203,0.0,0.0,0.0,124.90756225585938,147.25811767578125,118.54724884033203,0.0,0.0,0.0,18.6450252532959,25.182565689086914,16.784635543823242,0.0,0.0,0.0
122.0,29.46025848388672,27267.5234375,3348.77001953125,11789.9921875,12128.7607421875,2930.02685546875,17.887380599975586,0.0,12297.75,0.07056379318237305,13.741720199584961,0.5020201802253723,0.934220016002655,3.9234089851379395,1.6161198616027832,2.62268328666687,5.159605979919434,0.0010919941123574972,0.30065488815307617,0.5881687998771667,0.0,0.0,0.0,0.0,3596.99755859375,131.4075164794922,149.9256134033203,2037.73583984375,1137.9608154296875,0.0,952.0321655273438,0.06618311256170273,18.03929328918457,52.40584182739258,0.0,0.0,0.0,206.93490600585938,206.93490600585938,117.54045104980469,144.43923950195312,125.93334197998047,0.0,0.0,0.0,117.54045104980469,144.43923950195312,125.93334197998047,0.0,0.0,0.0,16.493200302124023,24.361095428466797,18.9481201171875,0.0,0.0,0.0
123.0,29.4716854095459,27429.4765625,3348.77001953125,11915.8994140625,12164.8076171875,2930.02685546875,18.544445037841797,0.0,11944.0556640625,0.07056379318237305,13.75236988067627,0.5025160908699036,0.934220016002655,3.923466682434082,1.6161198616027832,2.62268328666687,5.1598310470581055,0.0010919941123574972,0.30065488815307617,0.5881687998771667,0.0,0.0,0.0,0.0,3583.3212890625,130.9357452392578,149.4750213623047,2032.355224609375,945.0477905273438,0.0,925.0283203125,0.0643046498298645,18.03929328918457,52.40584182739258,0.0,0.0,0.0,208.59130859375,208.59130859375,125.56407165527344,149.54554748535156,125.42676544189453,0.0,0.0,0.0,125.56407165527344,149.54554748535156,125.42676544189453,0.0,0.0,0.0,18.18304443359375,25.197628021240234,18.142881393432617,0.0,0.0,0.0
124.0,29.933889389038086,27759.080078125,3348.77001953125,12245.501953125,12164.8076171875,2930.02685546875,18.75712776184082,0.0,11952.7099609375,0.07056379318237305,14.140501022338867,0.5265936851501465,0.9748349189758301,3.9244728088378906,1.6161198616027832,2.62268328666687,5.168203830718994,0.0010919941123574972,0.30065488815307617,0.5881687998771667,0.0,0.0,0.0,0.0,3711.188232421875,138.2050323486328,156.24542236328125,2050.533447265625,586.3358764648438,0.0,1127.88427734375,0.07835833728313446,18.03929328918457,52.40584182739258,0.0,0.0,0.0,210.17803955078125,210.17803955078125,129.38934326171875,154.3928985595703,129.34552001953125,0.0,0.0,0.0,129.38934326171875,154.3928985595703,129.34552001953125,0.0,0.0,0.0,19.089256286621094,26.40279769897461,19.07643699645996,0.0,0.0,0.0
125.0,30.687570571899414,28089.884765625,3348.77001953125,12576.3076171875,12164.8076171875,2930.02685546875,19.88360023498535,0.0,11426.3623046875,0.07056379318237305,14.714714050292969,0.5623785853385925,1.1048543453216553,3.9257185459136963,1.6161198616027832,2.62268328666687,5.18062162399292,0.0010919941123574972,0.30065488815307617,0.5881687998771667,0.0,0.0,0.0,0.0,3738.630615234375,142.8859405517578,172.18441772460938,2012.5902099609375,411.0836486816406,0.0,938.949951171875,0.0651729553937912,16.84050178527832,51.617977142333984,0.0,0.0,0.0,211.70880126953125,211.70880126953125,99.38563537597656,149.97789001464844,129.33642578125,0.0,0.0,0.0,99.38563537597656,149.97789001464844,129.33642578125,0.0,0.0,0.0,9.186698913574219,23.98493194580078,17.94730567932129,0.0,0.0,0.0
126.0,31.3198184967041,28212.505859375,3348.77001953125,12698.9287109375,12164.8076171875,2930.02685546875,20.21938133239746,0.0,11291.6806640625,0.07056379318237305,15.187230110168457,0.5927883982658386,1.2230643033981323,3.926578998565674,1.6161198616027832,2.62268328666687,5.190873622894287,0.0010919941123574972,0.30065488815307617,0.5881687998771667,0.0,0.0,0.0,0.0,3782.71435546875,147.6470184326172,187.16094970703125,1988.88232421875,385.59088134765625,0.0,841.5263061523438,0.05836695432662964,11.170260429382324,47.92905807495117,0.0,0.0,0.0,213.15902709960938,213.15902709960938,130.06968688964844,150.08946228027344,132.79959106445312,0.0,0.0,0.0,130.06968688964844,150.08946228027344,132.79959106445312,0.0,0.0,0.0,17.826004028320312,23.681787490844727,18.62449836730957,0.0,0.0,0.0
127.0,31.649192810058594,28383.267578125,3348.77001953125,12869.6884765625,12164.8076171875,2930.02685546875,20.640165328979492,0.0,11135.0927734375,0.07056379318237305,15.460721969604492,0.61082923412323,1.2547106742858887,3.926774740219116,1.6161198616027832,2.62268328666687,5.196873188018799,0.0010919941123574972,0.30065488815307617,0.5881687998771667,0.0,0.0,0.0,0.0,3796.022216796875,149.97496032714844,190.03414916992188,720.4193115234375,375.52239990234375,0.0,1968.4031982421875,0.13646434247493744,27.05893898010254,58.22871398925781,0.0,0.0,0.0,214.56375122070312,214.56375122070312,152.8213653564453,189.37176513671875,155.84439086914062,0.0,0.0,0.0,152.8213653564453,189.37176513671875,155.84439086914062,0.0,0.0,0.0,24.060081481933594,34.751075744628906,24.944318771362305,0.0,0.0,0.0
128.0,32.27887725830078,28666.16796875,3348.77001953125,13152.58984375,12164.8076171875,2930.02685546875,20.257585525512695,0.0,11451.2998046875,0.07056379318237305,15.937810897827148,0.6404078602790833,1.3670095205307007,3.927018642425537,1.6161198616027832,2.62268328666687,5.207346439361572,0.0010919941123574972,0.30065488815307617,0.5881687998771667,0.0,0.0,0.0,0.0,3922.255615234375,157.602783203125,206.4409942626953,761.3379516601562,298.8831787109375,0.0,2065.437255859375,0.14307714998722076,27.05893898010254,58.22871398925781,0.0,0.0,0.0,215.9659881591797,215.9659881591797,161.84921264648438,189.9108428955078,159.57264709472656,0.0,0.0,0.0,161.84921264648438,189.9108428955078,159.57264709472656,0.0,0.0,0.0,27.083311080932617,35.29133605957031,26.41741180419922,0.0,0.0,0.0
129.0,32.853511810302734,28869.6796875,3348.77001953125,13356.1015625,12164.8076171875,2930.02685546875,20.405324935913086,0.0,11451.2998046875,0.07056379318237305,16.28953742980957,0.6619182825088501,1.5605251789093018,3.9271788597106934,1.6161198616027832,2.62268328666687,5.215069770812988,0.0010919941123574972,0.30065488815307617,0.5881687998771667,0.0,0.0,0.0,0.0,3962.130126953125,160.9994354248047,232.4656219482422,540.2650146484375,304.8517761230469,0.0,2209.612060546875,0.33558112382888794,27.05893898010254,58.22871398925781,0.0,0.0,0.0,217.40748596191406,217.40748596191406,184.54136657714844,190.87640380859375,171.64869689941406,0.0,0.0,0.0,184.54136657714844,190.87640380859375,171.64869689941406,0.0,0.0,0.0,33.57302474975586,35.426021575927734,29.801918029785156,0.0,0.0,0.0
130.0,33.33100509643555,28997.8515625,3348.77001953125,13484.2744140625,12164.8076171875,2930.02685546875,20.22568130493164,0.0,11602.169921875,0.07056379318237305,16.539705276489258,0.6779547333717346,1.7662111520767212,3.927283763885498,1.6161198616027832,2.62268328666687,5.220569610595703,0.0010919941123574972,0.30065488815307617,0.5881687998771667,0.0,0.0,0.0,0.0,3998.141357421875,163.88192749023438,260.64361572265625,1636.1114501953125,384.1142578125,0.0,1067.8465576171875,0.07389743626117706,27.05893898010254,58.22871398925781,0.0,0.0,0.0,218.87631225585938,218.87631225585938,147.7336883544922,171.26629638671875,155.80162048339844,0.0,0.0,0.0,147.7336883544922,171.26629638671875,155.80162048339844,0.0,0.0,0.0,22.986421585083008,29.86971092224121,25.34629249572754,0.0,0.0,0.0
131.0,33.63687515258789,29046.248046875,3348.77001953125,13532.6708984375,12164.8076171875,2930.02685546875,19.862899780273438,0.0,11829.533203125,0.07056379318237305,16.6878604888916,0.6876927614212036,1.9108672142028809,3.9273431301116943,1.6161198616027832,2.62268328666687,5.2238287925720215,0.0010919941123574972,0.30065488815307617,0.5881687998771667,0.0,0.0,0.0,0.0,3997.933349609375,164.75146484375,279.5162658691406,1876.91650390625,668.0208740234375,0.0,675.2749633789062,0.04671911522746086,27.05893898010254,58.22871398925781,0.0,0.0,0.0,220.37657165527344,220.37657165527344,150.85418701171875,160.11138916015625,155.9865264892578,0.0,0.0,0.0,150.85418701171875,160.11138916015625,155.9865264892578,0.0,0.0,0.0,24.261951446533203,26.969682693481445,25.763160705566406,0.0,0.0,0.0
132.0,33.784698486328125,29061.5625,3348.77001953125,13547.9833984375,12164.8076171875,2930.02685546875,19.417251586914062,0.0,12102.0029296875,0.07056379318237305,16.755929946899414,0.6922009587287903,1.9845879077911377,3.9273693561553955,1.6161198616027832,2.62268328666687,5.225327014923096,0.0010919941123574972,0.30065488815307617,0.5881687998771667,0.0,0.0,0.0,0.0,4008.534912109375,165.59580993652344,289.62359619140625,1864.9547119140625,884.4767456054688,0.0,631.2279663085938,0.04366679489612579,27.05893898010254,58.22871398925781,0.0,0.0,0.0,221.90892028808594,221.90892028808594,146.05889892578125,156.34848022460938,144.08734130859375,0.0,0.0,0.0,146.05889892578125,156.34848022460938,144.08734130859375,0.0,0.0,0.0,23.304973602294922,26.314678192138672,22.728294372558594,0.0,0.0,0.0
133.0,33.847618103027344,29146.470703125,3348.77001953125,13552.8291015625,12244.87109375,2930.02685546875,18.721057891845703,0.0,12577.791015625,0.07056379318237305,16.783592224121094,0.6940427422523499,2.0168166160583496,3.927949905395508,1.6161198616027832,2.62268328666687,5.225935459136963,0.0010919941123574972,0.30065488815307617,0.5881687998771667,0.0,0.0,0.0,0.0,4045.948486328125,167.30990600585938,295.58428955078125,1917.8563232421875,1094.822509765625,0.0,677.3169555664062,0.04685298353433609,9.019646644592285,40.76009750366211,0.0,0.0,0.0,223.47027587890625,223.47027587890625,93.26924133300781,137.79461669921875,96.35517883300781,0.0,0.0,0.0,93.26924133300781,137.79461669921875,96.35517883300781,0.0,0.0,0.0,8.560195922851562,21.58386993408203,9.462833404541016,0.0,0.0,0.0
134.0,33.872901916503906,29329.126953125,3348.77001953125,13555.09765625,12425.2587890625,2930.02685546875,18.705204010009766,0.0,12667.2998046875,0.07056379318237305,16.795948028564453,0.694943904876709,2.027289867401123,3.9292285442352295,1.6161198616027832,2.62268328666687,5.226208209991455,0.0010919941123574972,0.30065488815307617,0.5881687998771667,0.0,0.0,0.0,0.0,4059.965087890625,167.9838409423828,297.55712890625,1927.8463134765625,1096.1885986328125,0.0,708.0233764648438,0.048976097255945206,9.019646644592285,40.76009750366211,0.0,0.0,0.0,225.0335693359375,225.0335693359375,96.11820220947266,138.96144104003906,119.6243896484375,0.0,0.0,0.0,96.11820220947266,138.96144104003906,119.6243896484375,0.0,0.0,0.0,9.409371376037598,21.94101905822754,16.284931182861328,0.0,0.0,0.0
135.0,33.884273529052734,29523.69140625,3348.77001953125,13714.5234375,12460.3994140625,2930.02685546875,19.406082153320312,0.0,12302.974609375,0.07056379318237305,16.80606460571289,0.6957834362983704,2.02742862701416,3.9292714595794678,1.6161198616027832,2.62268328666687,5.226441860198975,0.0010919941123574972,0.30065488815307617,0.5881687998771667,0.0,0.0,0.0,0.0,4038.787841796875,167.20880126953125,296.4368896484375,1916.4415283203125,909.9198608398438,0.0,681.8573608398438,0.04716532677412033,9.019646644592285,40.76009750366211,0.0,0.0,0.0,226.5458526611328,226.5458526611328,118.3980941772461,145.9495391845703,126.70128631591797,0.0,0.0,0.0,118.3980941772461,145.9495391845703,126.70128631591797,0.0,0.0,0.0,15.225359916687012,23.28415870666504,17.65404510498047,0.0,0.0,0.0
136.0,34.4697151184082,29850.671875,3348.77001953125,14041.50390625,12460.3994140625,2930.02685546875,19.609939575195312,0.0,12311.8955078125,0.07056379318237305,17.297340393066406,0.7338210940361023,2.064849615097046,3.9309215545654297,1.6161198616027832,2.62268328666687,5.243499279022217,0.0010919941123574972,0.30065488815307617,0.5881687998771667,0.0,0.0,0.0,0.0,4168.61083984375,176.84884643554688,302.2539367675781,1945.01025390625,563.3200073242188,0.0,854.2439575195312,0.05901676043868065,9.019646644592285,45.66203308105469,0.0,0.0,0.0,228.00514221191406,228.00514221191406,130.8065643310547,150.51162719726562,134.80506896972656,0.0,0.0,0.0,130.8065643310547,150.51162719726562,134.80506896972656,0.0,0.0,0.0,18.650978088378906,24.414710998535156,19.820541381835938,0.0,0.0,0.0
137.0,35.04070281982422,30009.384765625,3348.77001953125,14200.2158203125,12460.3994140625,2930.02685546875,20.653026580810547,0.0,11769.73046875,0.07056379318237305,17.73981285095215,0.7679967284202576,2.139648914337158,3.9329311847686768,1.6161198616027832,2.62268328666687,5.261030197143555,0.0010919941123574972,0.30065488815307617,0.5881687998771667,0.0,0.0,0.0,0.0,4172.25439453125,180.62637329101562,308.0581970214844,1887.516357421875,396.6611022949219,0.0,703.47265625,0.048538777977228165,9.019646644592285,40.76009750366211,0.0,0.0,0.0,229.42518615722656,229.42518615722656,119.08867645263672,143.92422485351562,128.74964904785156,0.0,0.0,0.0,119.08867645263672,143.92422485351562,128.74964904785156,0.0,0.0,0.0,14.180412292480469,21.444808959960938,17.006248474121094,0.0,0.0,0.0
138.0,35.412353515625,30069.859375,3348.77001953125,14260.689453125,12460.3994140625,3147.59375,20.952661514282227,0.0,11631.001953125,0.07056379318237305,18.014616012573242,0.7897484302520752,2.2000513076782227,3.936004161834717,1.6161198616027832,2.62268328666687,5.272649765014648,0.0010919941123574972,0.30065488815307617,0.5881687998771667,0.0,0.0,0.0,0.0,4190.06787109375,183.689697265625,314.26348876953125,1858.5311279296875,373.6737365722656,0.0,633.5682983398438,0.043678853660821915,9.019646644592285,40.76009750366211,0.0,0.0,0.0,230.78057861328125,230.78057861328125,131.9917755126953,139.70819091796875,126.14491271972656,0.0,0.0,0.0,131.9917755126953,139.70819091796875,126.14491271972656,0.0,0.0,0.0,17.65493392944336,19.911985397338867,15.944726943969727,0.0,0.0,0.0
139.0,35.594947814941406,30089.90625,3348.77001953125,14280.73828125,12460.3994140625,3147.59375,21.2742977142334,0.0,11469.701171875,0.07056379318237305,18.10442352294922,0.796724796295166,2.2795495986938477,3.937880039215088,1.6161198616027832,2.62268328666687,5.277088165283203,0.0010919941123574972,0.30065488815307617,0.5881687998771667,0.0,0.0,0.0,0.0,4170.318359375,183.52398681640625,323.5105895996094,1799.9171142578125,364.68951416015625,0.0,581.2100219726562,0.0400562658905983,18.03929328918457,52.40584182739258,0.0,0.0,0.0,232.09471130371094,232.09471130371094,157.04324340820312,153.3549041748047,124.08235168457031,0.0,0.0,0.0,157.04324340820312,153.3549041748047,124.08235168457031,0.0,0.0,0.0,24.660852432250977,23.582014083862305,15.019791603088379,0.0,0.0,0.0
140.0,35.75891876220703,30224.76171875,3348.77001953125,14415.591796875,12460.3994140625,3147.59375,20.76531982421875,0.0,11795.4091796875,0.07056379318237305,18.140655517578125,0.7996036410331726,2.3958330154418945,3.939257860183716,1.6161198616027832,2.62268328666687,5.284285545349121,0.0010919941123574972,0.30065488815307617,0.5881687998771667,0.0,0.0,0.0,0.0,4239.99072265625,186.8902587890625,342.202880859375,601.8272094726562,291.904541015625,0.0,1971.8922119140625,0.13582758605480194,21.994789123535156,54.90047836303711,0.0,0.0,0.0,233.40042114257812,233.40042114257812,150.0145721435547,189.93785095214844,155.27493286132812,0.0,0.0,0.0,150.0145721435547,189.93785095214844,155.27493286132812,0.0,0.0,0.0,23.11394500732422,34.79150390625,24.652597427368164,0.0,0.0,0.0
141.0,36.01802062988281,30296.537109375,3348.77001953125,14487.3671875,12460.3994140625,3147.59375,20.818262100219727,0.0,11795.4091796875,0.07056379318237305,18.184463500976562,0.8031948804855347,2.5915117263793945,3.9411637783050537,1.6161198616027832,2.62268328666687,5.29840612411499,0.0010919941123574972,0.30065488815307617,0.5881687998771667,0.0,0.0,0.0,0.0,4238.076171875,187.19284057617188,368.4551696777344,394.5388488769531,298.9634094238281,0.0,2147.112548828125,0.33067622780799866,21.286075592041016,54.43803024291992,0.0,0.0,0.0,234.74525451660156,234.74525451660156,161.56317138671875,190.2705078125,174.47108459472656,0.0,0.0,0.0,161.56317138671875,190.2705078125,174.47108459472656,0.0,0.0,0.0,26.43896484375,34.83586502075195,30.214529037475586,0.0,0.0,0.0
142.0,36.20329284667969,30357.7421875,3348.77001953125,14548.5732421875,12460.3994140625,3147.59375,20.58453369140625,0.0,11950.8095703125,0.07056379318237305,18.208051681518555,0.8051179051399231,2.7402567863464355,3.942279100418091,1.6161198616027832,2.62268328666687,5.308303356170654,0.0010919941123574972,0.30065488815307617,0.5881687998771667,0.0,0.0,0.0,0.0,4246.98828125,187.79197692871094,389.0773010253906,1578.9798583984375,377.90728759765625,0.0,956.4932861328125,0.06576742231845856,21.690919876098633,54.70077133178711,0.0,0.0,0.0,236.11851501464844,236.11851501464844,139.40206909179688,175.07833862304688,153.6732177734375,0.0,0.0,0.0,139.40206909179688,175.07833862304688,153.6732177734375,0.0,0.0,0.0,20.190570831298828,30.625879287719727,24.364883422851562,0.0,0.0,0.0
143.0,36.343162536621094,30383.787109375,3348.77001953125,14574.6181640625,12460.3994140625,3147.59375,20.198055267333984,0.0,12185.013671875,0.07056379318237305,18.22371482849121,0.8064026236534119,2.8549957275390625,3.943051815032959,1.6161198616027832,2.62268328666687,5.315712928771973,0.0010919941123574972,0.30065488815307617,0.5881687998771667,0.0,0.0,0.0,0.0,4226.2861328125,187.01390075683594,403.92474365234375,1826.99609375,658.263427734375,0.0,597.0676879882812,0.04103109613060951,18.03929328918457,52.40584182739258,0.0,0.0,0.0,237.53074645996094,237.53074645996094,129.6279296875,160.46115112304688,144.90826416015625,0.0,0.0,0.0,129.6279296875,160.46115112304688,144.90826416015625,0.0,0.0,0.0,17.718114852905273,26.736827850341797,22.187610626220703,0.0,0.0,0.0
144.0,36.414886474609375,30392.02734375,3348.77001953125,14582.8583984375,12460.3994140625,3147.59375,19.61518096923828,0.0,12542.080078125,0.07056379318237305,18.23111343383789,0.8070106506347656,2.9145548343658447,3.9434280395507812,1.6161198616027832,2.62268328666687,5.319494724273682,0.0010919941123574972,0.30065488815307617,0.5881687998771667,0.0,0.0,0.0,0.0,4243.76708984375,187.85276794433594,413.0823974609375,1827.5433349609375,873.5834350585938,0.0,591.8552856445312,0.040661461651325226,18.60957908630371,52.762786865234375,0.0,0.0,0.0,238.98411560058594,238.98411560058594,137.70545959472656,150.4850616455078,137.1634521484375,0.0,0.0,0.0,137.70545959472656,150.4850616455078,137.1634521484375,0.0,0.0,0.0,20.663667678833008,24.401700973510742,20.505126953125,0.0,0.0,0.0
145.0,36.44626998901367,30511.72265625,3348.77001953125,14585.4658203125,12577.486328125,3147.59375,18.929988861083984,0.0,13035.1591796875,0.07056379318237305,18.23406219482422,0.8072550296783447,2.9399943351745605,3.944584608078003,1.6161198616027832,2.62268328666687,5.321090221405029,0.0010919941123574972,0.30065488815307617,0.5881687998771667,0.0,0.0,0.0,0.0,4282.17626953125,189.5797119140625,418.93438720703125,1875.0714111328125,1081.8717041015625,0.0,642.27783203125,0.04412035644054413,9.019646644592285,40.76009750366211,0.0,0.0,0.0,240.47348022460938,240.47348022460938,87.8825912475586,133.5054931640625,116.68951416015625,0.0,0.0,0.0,87.8825912475586,133.5054931640625,116.68951416015625,0.0,0.0,0.0,6.775668144226074,20.1203670501709,15.201692581176758,0.0,0.0,0.0
146.0,36.45945358276367,30717.9140625,3348.77001953125,14587.6962890625,12781.4482421875,3147.59375,18.92277717590332,0.0,13127.9267578125,0.07058034837245941,18.23706817626953,0.8075483441352844,2.9473025798797607,3.946641445159912,1.6161198616027832,2.62268328666687,5.321592807769775,0.0010919941123574972,0.30065488815307617,0.5881687998771667,0.0,0.0,0.0,0.0,4303.15380859375,190.54624938964844,420.6951904296875,1879.703857421875,1084.132568359375,0.0,672.6644287109375,0.0462060309946537,9.019646644592285,40.76009750366211,0.0,0.0,0.0,241.97279357910156,241.97279357910156,122.25016784667969,137.7622833251953,123.85147857666016,0.0,0.0,0.0,122.25016784667969,137.7622833251953,123.85147857666016,0.0,0.0,0.0,16.835397720336914,21.372690200805664,17.30377960205078,0.0,0.0,0.0
147.0,36.467857360839844,30871.919921875,3348.77001953125,14701.837890625,12821.3125,3147.59375,19.60055923461914,0.0,12750.3583984375,0.07063465565443039,18.24431800842285,0.8082432746887207,2.947437286376953,3.94673490524292,1.6161198616027832,2.62268328666687,5.321772575378418,0.0010919941123574972,0.30065488815307617,0.5881687998771667,0.0,0.0,0.0,0.0,4270.23046875,189.1759033203125,418.99267578125,1872.5875244140625,899.0753173828125,0.0,645.0543212890625,0.044308874756097794,9.019646644592285,40.76009750366211,0.0,0.0,0.0,243.43270874023438,243.43270874023438,132.115234375,145.32997131347656,133.08059692382812,0.0,0.0,0.0,132.115234375,145.32997131347656,133.08059692382812,0.0,0.0,0.0,19.04314613342285,22.90845489501953,19.325517654418945,0.0,0.0,0.0
148.0,36.88454055786133,31103.732421875,3348.77001953125,14933.6494140625,12821.3125,3147.59375,19.736379623413086,0.0,12759.5927734375,0.07333261519670486,18.603776931762695,0.8429065346717834,2.9517738819122314,3.950401782989502,1.6161198616027832,2.62268328666687,5.333629131317139,0.0010919941123574972,0.30065488815307617,0.5881687998771667,0.0,0.0,0.0,0.0,4386.27587890625,198.73495483398438,421.0169372558594,1912.43017578125,557.6967163085938,0.0,822.9057006835938,0.056477900594472885,9.019646644592285,41.60529327392578,0.0,0.0,0.0,244.85092163085938,244.85092163085938,124.80598449707031,150.49851989746094,134.54470825195312,0.0,0.0,0.0,124.80598449707031,150.49851989746094,134.54470825195312,0.0,0.0,0.0,16.769371032714844,24.284439086914062,19.617944717407227,0.0,0.0,0.0
149.0,37.26416778564453,31179.263671875,3348.77001953125,15009.1806640625,12821.3125,3147.59375,20.727251052856445,0.0,12197.71484375,0.07578139752149582,18.929988861083984,0.8743463754653931,2.9552509784698486,3.9545176029205322,1.6161198616027832,2.62268328666687,5.345561981201172,0.0010919941123574972,0.30065488815307617,0.5881687998771667,0.0,0.0,0.0,0.0,4362.6181640625,201.50245666503906,416.1043701171875,1860.783203125,393.03826904296875,0.0,686.0139770507812,0.04704281687736511,9.019646644592285,40.76009750366211,0.0,0.0,0.0,246.23658752441406,246.23658752441406,122.80329132080078,142.5776824951172,126.19591522216797,0.0,0.0,0.0,122.80329132080078,142.5776824951172,126.19591522216797,0.0,0.0,0.0,15.19271183013916,20.976722717285156,16.185054779052734,0.0,0.0,0.0
150.0,37.464447021484375,31436.8671875,3581.070068359375,15034.4853515625,12821.3125,3276.574462890625,21.159137725830078,0.0,12053.9423828125,0.07704703509807587,19.098569869995117,0.8906140923500061,2.956904649734497,3.95896053314209,1.6161198616027832,2.62268328666687,5.353631973266602,0.0010919941123574972,0.30065488815307617,0.5881687998771667,0.0,0.0,0.0,0.0,4359.244140625,203.28245544433594,413.9256896972656,1842.842041015625,370.40594482421875,0.0,632.1921997070312,0.043327078223228455,9.019646644592285,40.76009750366211,0.0,0.0,0.0,247.56617736816406,247.56617736816406,122.6947250366211,135.38819885253906,123.83794403076172,0.0,0.0,0.0,122.6947250366211,135.38819885253906,123.83794403076172,0.0,0.0,0.0,14.729069709777832,18.441911697387695,15.063462257385254,0.0,0.0,0.0
151.0,37.55610656738281,31448.796875,3581.070068359375,15046.4140625,12821.3125,3276.574462890625,21.477916717529297,0.0,11886.7802734375,0.07734101265668869,19.137744903564453,0.8942787647247314,2.9976933002471924,3.9603431224823,1.6161198616027832,2.62268328666687,5.359987258911133,0.0010919941123574972,0.30065488815307617,0.5881687998771667,0.0,0.0,0.0,0.0,4329.06591796875,202.29092407226562,416.53955078125,1827.226806640625,361.5032653808594,0.0,571.3790283203125,0.039141155779361725,9.019646644592285,40.76009750366211,0.0,0.0,0.0,248.86026000976562,248.86026000976562,145.37953186035156,144.31198120117188,127.15936279296875,0.0,0.0,0.0,145.37953186035156,144.31198120117188,127.15936279296875,0.0,0.0,0.0,21.04559898376465,20.73333740234375,15.71619701385498,0.0,0.0,0.0
152.0,37.71904754638672,31625.484375,3581.070068359375,15223.1025390625,12821.3125,3276.574462890625,20.986963272094727,0.0,12224.333984375,0.0775010958313942,19.159074783325195,0.8962851762771606,3.1298887729644775,3.9612345695495605,1.6161198616027832,2.62268328666687,5.366345405578613,0.0010919941123574972,0.30065488815307617,0.5881687998771667,0.0,0.0,0.0,0.0,4409.58740234375,206.2859344482422,439.502685546875,1578.63037109375,289.89324951171875,0.0,989.4979858398438,0.06775207072496414,18.03929328918457,52.40584182739258,0.0,0.0,0.0,250.14364624023438,250.14364624023438,125.24217987060547,175.70777893066406,125.50215911865234,0.0,0.0,0.0,125.24217987060547,175.70777893066406,125.50215911865234,0.0,0.0,0.0,15.646373748779297,30.407562255859375,15.722418785095215,0.0,0.0,0.0
153.0,38.03334045410156,31712.8671875,3581.070068359375,15310.484375,12821.3125,3276.574462890625,21.048433303833008,0.03514281287789345,12224.333984375,0.07774381339550018,19.191394805908203,0.8994417190551758,3.394443988800049,3.9626290798187256,1.6161198616027832,2.62268328666687,5.378968238830566,0.0010919941123574972,0.30065488815307617,0.5881687998771667,0.0,0.0,0.0,0.0,4400.3046875,206.228759765625,473.6910400390625,425.0156555175781,296.6962890625,0.0,2109.913330078125,0.29416486620903015,18.03929328918457,52.40584182739258,0.0,0.0,0.0,251.46470642089844,251.46470642089844,169.8011016845703,188.6597137451172,164.6524658203125,0.0,0.0,0.0,169.8011016845703,188.6597137451172,164.6524658203125,0.0,0.0,0.0,28.5832462310791,34.09939193725586,27.0772705078125,0.0,0.0,0.0
154.0,38.254947662353516,31782.943359375,3581.070068359375,15380.5615234375,12821.3125,3276.574462890625,20.81559181213379,0.16333164274692535,12385.3876953125,0.07787428796291351,19.208768844604492,0.9011382460594177,3.587877035140991,3.9633967876434326,1.6161198616027832,2.62268328666687,5.387172222137451,0.0010919941123574972,0.30065488815307617,0.5881687998771667,0.0,0.0,0.0,0.0,4407.19091796875,206.75392150878906,499.5230712890625,509.6981506347656,374.9594421386719,0.0,2020.8614501953125,0.28636401891708374,18.03929328918457,52.40584182739258,0.0,0.0,0.0,252.81785583496094,252.81785583496094,165.88539123535156,185.4188232421875,167.24407958984375,0.0,0.0,0.0,165.88539123535156,185.4188232421875,167.24407958984375,0.0,0.0,0.0,27.542552947998047,33.256080627441406,27.93996810913086,0.0,0.0,0.0
155.0,38.41759490966797,31812.56640625,3581.070068359375,15410.18359375,12821.3125,3276.574462890625,20.425739288330078,1.2753427028656006,12628.09375,0.07795873284339905,19.220014572143555,0.9022395014762878,3.731766939163208,3.963900089263916,1.6161198616027832,2.62268328666687,5.392998218536377,0.0010919941123574972,0.30065488815307617,0.5881687998771667,0.0,0.0,0.0,0.0,4385.65576171875,205.8745574951172,516.280517578125,1815.0244140625,652.77685546875,0.0,605.70654296875,0.04139301925897598,18.03929328918457,52.40584182739258,0.0,0.0,0.0,254.2128448486328,254.2128448486328,153.0638427734375,167.8377685546875,157.9299774169922,0.0,0.0,0.0,153.0638427734375,167.8377685546875,157.9299774169922,0.0,0.0,0.0,23.070091247558594,27.391464233398438,24.493436813354492,0.0,0.0,0.0
156.0,38.500301361083984,31821.9375,3581.070068359375,15419.5556640625,12821.3125,3276.574462890625,19.861202239990234,0.9716028571128845,12982.158203125,0.0779983326792717,19.22528648376465,0.9027563333511353,3.80549955368042,3.9641385078430176,1.6161198616027832,2.62268328666687,5.39590311050415,0.0010919941123574972,0.30065488815307617,0.5881687998771667,0.0,0.0,0.0,0.0,4403.49072265625,206.7734832763672,527.3771362304688,1815.5850830078125,866.3207397460938,0.0,598.8221435546875,0.040913891047239304,18.03929328918457,52.40584182739258,0.0,0.0,0.0,255.65309143066406,255.65309143066406,142.91856384277344,159.58990478515625,142.7146759033203,0.0,0.0,0.0,142.91856384277344,159.58990478515625,142.7146759033203,0.0,0.0,0.0,20.970874786376953,25.847244262695312,20.911235809326172,0.0,0.0,0.0
157.0,38.536354064941406,31941.255859375,3581.070068359375,15422.521484375,12937.6640625,3276.574462890625,19.162960052490234,0.0,13492.5458984375,0.07801393419504166,19.22736358642578,0.9029619693756104,3.83652400970459,3.9656710624694824,1.6161198616027832,2.62268328666687,5.397100925445557,0.0010919941123574972,0.30065488815307617,0.5881687998771667,0.0,0.0,0.0,0.0,4452.6376953125,209.1062774658203,535.8529663085938,1854.5045166015625,1074.33837890625,0.0,654.8895874023438,0.044740743935108185,9.019646644592285,40.76009750366211,0.0,0.0,0.0,257.14129638671875,257.14129638671875,112.52677154541016,134.82276916503906,122.02289581298828,0.0,0.0,0.0,112.52677154541016,134.82276916503906,122.02289581298828,0.0,0.0,0.0,13.751121520996094,20.27269744873047,16.528736114501953,0.0,0.0,0.0
158.0,38.55162811279297,32152.962890625,3581.070068359375,15425.525390625,13146.3671875,3276.574462890625,19.152965545654297,0.0,13588.5625,0.07803799211978912,19.230504989624023,0.9032881855964661,3.8450441360473633,3.968547821044922,1.6161198616027832,2.62268328666687,5.397484302520752,0.0010919941123574972,0.30065488815307617,0.5881687998771667,0.0,0.0,0.0,0.0,4467.70361328125,209.85531616210938,538.4627075195312,1866.44482421875,1076.024658203125,0.0,686.0081176757812,0.04686541482806206,9.019646644592285,40.76009750366211,0.0,0.0,0.0,258.64410400390625,258.64410400390625,116.50972747802734,136.23045349121094,96.98590850830078,0.0,0.0,0.0,116.50972747802734,136.23045349121094,96.98590850830078,0.0,0.0,0.0,14.926129341125488,20.694442749023438,9.215412139892578,0.0,0.0,0.0
159.0,38.56252670288086,32312.146484375,3581.070068359375,15543.9384765625,13187.1396484375,3276.574462890625,19.83821678161621,0.0,13197.7421875,0.07809402793645859,19.237810134887695,0.9039837121963501,3.8475537300109863,3.9687044620513916,1.6161198616027832,2.62268328666687,5.397659778594971,0.0010919941123574972,0.30065488815307617,0.5881687998771667,0.0,0.0,0.0,0.0,4437.4404296875,208.5150909423828,535.6327514648438,1852.1058349609375,892.5042724609375,0.0,653.588623046875,0.04465007036924362,9.019646644592285,40.76009750366211,0.0,0.0,0.0,260.1095886230469,260.1095886230469,128.70599365234375,139.41873168945312,131.08309936523438,0.0,0.0,0.0,128.70599365234375,139.41873168945312,131.08309936523438,0.0,0.0,0.0,17.80828857421875,20.94176483154297,18.503591537475586,0.0,0.0,0.0
160.0,39.12417984008789,32743.701171875,3581.070068359375,15975.4921875,13187.1396484375,3276.574462890625,20.09148406982422,0.0,13207.30859375,0.08034656196832657,19.531131744384766,0.9323187470436096,4.073399543762207,3.9736313819885254,1.6161198616027832,2.62268328666687,5.404631614685059,0.0010919941123574972,0.30065488815307617,0.5881687998771667,0.0,0.0,0.0,0.0,4531.646484375,216.31817626953125,569.3619384765625,1894.87060546875,553.4642333984375,0.0,817.816162109375,0.055841829627752304,9.019646644592285,42.07880783081055,0.0,0.0,0.0,261.5331115722656,261.5331115722656,127.0956802368164,148.25607299804688,129.20159912109375,0.0,0.0,0.0,127.0956802368164,148.25607299804688,129.20159912109375,0.0,0.0,0.0,17.084001541137695,23.273418426513672,17.699983596801758,0.0,0.0,0.0
161.0,39.84560012817383,32915.671875,3581.070068359375,16147.4609375,13187.1396484375,3276.574462890625,21.160449981689453,0.0,12625.71875,0.08313039690256119,19.893495559692383,0.9682800769805908,4.379310131072998,3.979438066482544,1.6161198616027832,2.62268328666687,5.413227558135986,0.0010919941123574972,0.30065488815307617,0.5881687998771667,0.0,0.0,0.0,0.0,4490.056640625,218.54542541503906,597.0538330078125,1834.306884765625,388.71551513671875,0.0,662.9892578125,0.045242633670568466,9.019646644592285,40.76009750366211,0.0,0.0,0.0,262.9254455566406,262.9254455566406,76.1652603149414,135.77609252929688,111.65254974365234,0.0,0.0,0.0,76.1652603149414,135.77609252929688,111.65254974365234,0.0,0.0,0.0,1.1178890466690063,18.554058074951172,11.49792194366455,0.0,0.0,0.0
162.0,40.2552375793457,32970.08203125,3581.070068359375,16201.873046875,13187.1396484375,3276.574462890625,21.45993423461914,0.0,12476.8916015625,0.08466329425573349,20.0930118560791,0.9881902933120728,4.55682897567749,3.9838244915008545,1.6161198616027832,2.62268328666687,5.419998645782471,0.0010919941123574972,0.30065488815307617,0.5881687998771667,0.0,0.0,0.0,0.0,4479.89892578125,220.32498168945312,614.65234375,1798.5821533203125,365.77532958984375,0.0,610.857177734375,0.041665151715278625,9.019646644592285,40.76009750366211,0.0,0.0,0.0,264.2591857910156,264.2591857910156,108.3089828491211,132.21873474121094,119.03672790527344,0.0,0.0,0.0,108.3089828491211,132.21873474121094,119.03672790527344,0.0,0.0,0.0,10.220443725585938,17.214048385620117,13.358308792114258,0.0,0.0,0.0
163.0,40.442867279052734,32993.1875,3581.070068359375,16224.9794921875,13187.1396484375,3276.574462890625,21.790437698364258,0.0,12303.8681640625,0.08529578149318695,20.175308227539062,0.9965398907661438,4.632740020751953,3.988877773284912,1.6161198616027832,2.62268328666687,5.435386657714844,0.0010919941123574972,0.30065488815307617,0.5881687998771667,0.0,0.0,0.0,0.0,4453.02490234375,219.952880859375,619.779541015625,1767.814697265625,356.80963134765625,0.0,554.8695678710938,0.03780478984117508,9.019646644592285,40.76009750366211,0.0,0.0,0.0,265.55755615234375,265.55755615234375,128.36053466796875,142.62168884277344,124.14141082763672,0.0,0.0,0.0,128.36053466796875,142.62168884277344,124.14141082763672,0.0,0.0,0.0,15.75501823425293,19.926406860351562,14.520925521850586,0.0,0.0,0.0
164.0,40.539642333984375,33009.3125,3581.070068359375,16241.1015625,13187.1396484375,3276.574462890625,21.18303108215332,0.0,12653.2685546875,0.08559224009513855,20.213899612426758,1.0003588199615479,4.66899299621582,3.9933922290802,1.6161198616027832,2.62268328666687,5.448686599731445,0.0010919941123574972,0.30065488815307617,0.5881687998771667,0.0,0.0,0.0,0.0,4540.8505859375,224.72061157226562,632.6614990234375,517.6708374023438,286.18170166015625,0.0,1983.3111572265625,0.2864445745944977,18.03929328918457,52.40584182739258,0.0,0.0,0.0,266.84716796875,266.84716796875,139.0423583984375,185.4286651611328,163.6543731689453,0.0,0.0,0.0,139.0423583984375,185.4286651611328,163.6543731689453,0.0,0.0,0.0,19.486860275268555,33.05485534667969,26.685874938964844,0.0,0.0,0.0
165.0,40.58802795410156,33015.796875,3581.070068359375,16247.58984375,13187.1396484375,3276.574462890625,21.190601348876953,0.0,12653.2685546875,0.08572345972061157,20.230987548828125,1.002014398574829,4.6852216720581055,3.9960508346557617,1.6161198616027832,2.62268328666687,5.459311008453369,0.0010919941123574972,0.30065488815307617,0.5881687998771667,0.0,0.0,0.0,0.0,4539.97265625,224.85891723632812,634.2398681640625,390.3739929199219,293.3283386230469,0.0,2101.271240234375,0.31067997217178345,18.03929328918457,52.40584182739258,0.0,0.0,0.0,268.1745910644531,268.1745910644531,157.78240966796875,186.1577911376953,167.59774780273438,0.0,0.0,0.0,157.78240966796875,186.1577911376953,167.59774780273438,0.0,0.0,0.0,24.960756301879883,33.26055145263672,27.831741333007812,0.0,0.0,0.0
166.0,40.612823486328125,33019.6015625,3581.070068359375,16251.3935546875,13187.1396484375,3276.574462890625,20.912046432495117,0.0,12819.96484375,0.08578468859195709,20.238964080810547,1.0027670860290527,4.692843437194824,3.9975104331970215,1.6161198616027832,2.62268328666687,5.466233730316162,0.0010919941123574972,0.30065488815307617,0.5881687998771667,0.0,0.0,0.0,0.0,4555.66455078125,225.71661376953125,636.6325073242188,606.4990234375,371.1944885253906,0.0,1899.439453125,0.1291271299123764,18.03929328918457,52.40584182739258,0.0,0.0,0.0,269.53778076171875,269.53778076171875,153.72010803222656,184.1416015625,130.85531616210938,0.0,0.0,0.0,153.72010803222656,184.1416015625,130.85531616210938,0.0,0.0,0.0,24.05108642578125,32.949371337890625,17.363134384155273,0.0,0.0,0.0
167.0,40.62467956542969,33020.8046875,3581.070068359375,16252.59765625,13187.1396484375,3276.574462890625,20.501554489135742,0.7198807001113892,13071.1923828125,0.08581223338842392,20.242555618286133,1.0030994415283203,4.696288585662842,3.9982364177703857,1.6161198616027832,2.62268328666687,5.469970226287842,0.0010919941123574972,0.30065488815307617,0.5881687998771667,0.0,0.0,0.0,0.0,4543.26611328125,225.13697814941406,635.6419067382812,1787.9183349609375,647.1512451171875,0.0,623.9327392578125,0.04240450635552406,18.03929328918457,52.40584182739258,0.0,0.0,0.0,270.94537353515625,270.94537353515625,138.54507446289062,166.29319763183594,154.88702392578125,0.0,0.0,0.0,138.54507446289062,166.29319763183594,154.88702392578125,0.0,0.0,0.0,19.303001403808594,27.41932487487793,24.083023071289062,0.0,0.0,0.0
168.0,40.629703521728516,33021.1875,3581.070068359375,16252.978515625,13187.1396484375,3276.574462890625,19.952342987060547,0.22590363025665283,13422.2265625,0.08582337945699692,20.244007110595703,1.003232717514038,4.69768762588501,3.998552083969116,1.6161198616027832,2.62268328666687,5.471680164337158,0.0010919941123574972,0.30065488815307617,0.5881687998771667,0.0,0.0,0.0,0.0,4564.26220703125,226.19122314453125,637.9247436523438,1790.5645751953125,859.2192993164062,0.0,619.882080078125,0.04212397336959839,18.03929328918457,52.40584182739258,0.0,0.0,0.0,272.3982849121094,272.3982849121094,132.47109985351562,156.15980529785156,135.3215789794922,0.0,0.0,0.0,132.47109985351562,156.15980529785156,135.3215789794922,0.0,0.0,0.0,18.569547653198242,25.498497009277344,19.4033145904541,0.0,0.0,0.0
169.0,40.631690979003906,33134.078125,3581.070068359375,16253.0986328125,13299.908203125,3276.574462890625,19.24378204345703,0.0,13949.9140625,0.08582494407892227,20.244213104248047,1.0032511949539185,4.699127197265625,3.9986205101013184,1.6161198616027832,2.62268328666687,5.471938133239746,0.0010919941123574972,0.30065488815307617,0.5881687998771667,0.0,0.0,0.0,0.0,4619.263671875,228.91883850097656,643.7891235351562,1842.018798828125,1066.058837890625,0.0,672.5963745117188,0.04570529982447624,9.019646644592285,40.76009750366211,0.0,0.0,0.0,273.89739990234375,273.89739990234375,87.17620086669922,127.91511535644531,105.83944702148438,0.0,0.0,0.0,87.17620086669922,127.91511535644531,105.83944702148438,0.0,0.0,0.0,6.2552571296691895,18.171388626098633,11.714256286621094,0.0,0.0,0.0
170.0,40.6669921875,33398.0703125,3581.070068359375,16305.0673828125,13511.9306640625,3276.574462890625,19.259124755859375,0.0,14049.189453125,0.0858258381485939,20.24432945251465,1.003261923789978,4.731192111968994,4.000333309173584,1.6161198616027832,2.62268328666687,5.47333288192749,0.0010919941123574972,0.30065488815307617,0.5881687998771667,0.0,0.0,0.0,0.0,4635.90087890625,229.74449157714844,649.6693115234375,1854.6864013671875,1067.955810546875,0.0,700.0439453125,0.04756581038236618,9.019646644592285,40.76009750366211,0.0,0.0,0.0,275.4095458984375,275.4095458984375,119.75627136230469,131.5226287841797,118.76091766357422,0.0,0.0,0.0,119.75627136230469,131.5226287841797,118.76091766357422,0.0,0.0,0.0,15.769584655761719,19.21124267578125,15.478443145751953,0.0,0.0,0.0
171.0,40.75815200805664,33471.58984375,3581.070068359375,16337.19140625,13553.326171875,3276.574462890625,19.89402961730957,0.0,13645.1259765625,0.08582764863967896,20.244564056396484,1.0032843351364136,4.804795265197754,4.005136013031006,1.6161198616027832,2.62268328666687,5.4858269691467285,0.0010919941123574972,0.30065488815307617,0.5881687998771667,0.0,0.0,0.0,0.0,4595.625,227.75091552734375,654.9434814453125,1832.8731689453125,885.0440063476562,0.0,668.12255859375,0.045357294380664825,9.019646644592285,40.76009750366211,0.0,0.0,0.0,276.8849182128906,276.8849182128906,112.83928680419922,139.9330291748047,126.33619689941406,0.0,0.0,0.0,112.83928680419922,139.9330291748047,126.33619689941406,0.0,0.0,0.0,13.11146068572998,21.0363826751709,17.059307098388672,0.0,0.0,0.0
172.0,40.83406066894531,33490.3125,3581.070068359375,16355.9150390625,13553.326171875,3276.574462890625,19.89349365234375,0.0,13655.0146484375,0.08582893013954163,20.244731903076172,1.003299355506897,4.861359596252441,4.009347915649414,1.6161198616027832,2.62268328666687,5.500775337219238,0.0010919941123574972,0.30065488815307617,0.5881687998771667,0.0,0.0,0.0,0.0,4661.14599609375,230.9995880126953,670.2097778320312,1902.0306396484375,551.1211547851562,0.0,849.9464111328125,0.05764058232307434,9.019646644592285,44.8805046081543,0.0,0.0,0.0,278.3190612792969,278.3190612792969,127.88353729248047,148.3482666015625,124.67831420898438,0.0,0.0,0.0,127.88353729248047,148.3482666015625,124.67831420898438,0.0,0.0,0.0,17.512441635131836,23.498374938964844,16.574913024902344,0.0,0.0,0.0
173.0,40.87782669067383,33496.234375,3581.070068359375,16361.83984375,13553.326171875,3276.574462890625,20.846954345703125,0.0,13053.703125,0.08582957834005356,20.244815826416016,1.0033067464828491,4.891560077667236,4.01326847076416,1.6161198616027832,2.62268328666687,5.510326385498047,0.0010919941123574972,0.30065488815307617,0.5881687998771667,0.0,0.0,0.0,0.0,4586.72998046875,227.3123779296875,665.1123657226562,1855.6990966796875,389.3466491699219,0.0,738.9463500976562,0.050079427659511566,9.019646644592285,40.76009750366211,0.0,0.0,0.0,279.7228698730469,279.7228698730469,116.64918518066406,140.46412658691406,123.17739868164062,0.0,0.0,0.0,116.64918518066406,140.46412658691406,123.17739868164062,0.0,0.0,0.0,13.272932052612305,20.238800048828125,15.18243408203125,0.0,0.0,0.0
174.0,40.89873123168945,33500.37109375,3581.070068359375,16365.9755859375,13553.326171875,3665.14453125,21.1098690032959,0.0,12899.8408203125,0.08582981675863266,20.244848251342773,1.0033094882965088,4.903083801269531,4.018001079559326,1.6161198616027832,2.62268328666687,5.514939785003662,0.0010919941123574972,0.30065488815307617,0.5881687998771667,0.0,0.0,0.0,0.0,4560.2412109375,225.9998779296875,663.6743774414062,1838.2574462890625,367.5634765625,0.0,702.42529296875,0.04758899286389351,9.019646644592285,40.76009750366211,0.0,0.0,0.0,281.0724792480469,281.0724792480469,119.30973052978516,136.00131225585938,99.44317626953125,0.0,0.0,0.0,119.30973052978516,136.00131225585938,99.44317626953125,0.0,0.0,0.0,13.788226127624512,18.67051124572754,7.977258205413818,0.0,0.0,0.0
175.0,40.91228103637695,33504.5859375,3581.070068359375,16370.1884765625,13553.326171875,3665.14453125,21.42290496826172,0.0,12720.9462890625,0.08582991361618042,20.24485969543457,1.0033105611801147,4.9078755378723145,4.021113395690918,1.6161198616027832,2.62268328666687,5.520572185516357,0.0010919941123574972,0.30065488815307617,0.5881687998771667,0.0,0.0,0.0,0.0,4526.046875,224.3053741455078,660.52490234375,1813.939453125,359.01226806640625,0.0,652.5187377929688,0.04419038072228432,9.019646644592285,40.76009750366211,0.0,0.0,0.0,282.3900451660156,282.3900451660156,131.064453125,143.54185485839844,127.25736999511719,0.0,0.0,0.0,131.064453125,143.54185485839844,127.25736999511719,0.0,0.0,0.0,16.913448333740234,20.563085556030273,15.79987621307373,0.0,0.0,0.0
176.0,40.92552185058594,33510.453125,3581.070068359375,16376.0556640625,13553.326171875,3665.14453125,20.818620681762695,0.0,13082.18359375,0.0858299732208252,20.2448673248291,1.0033111572265625,4.910686016082764,4.023984432220459,1.6161198616027832,2.62268328666687,5.528122425079346,0.0010919941123574972,0.30065488815307617,0.5881687998771667,0.0,0.0,0.0,0.0,4609.31787109375,228.43223571777344,670.320556640625,603.7796630859375,288.0332946777344,0.0,2053.245361328125,0.2888529598712921,20.69490623474121,54.06801223754883,0.0,0.0,0.0,283.7027893066406,283.7027893066406,162.4845733642578,185.39939880371094,163.99639892578125,0.0,0.0,0.0,162.4845733642578,185.39939880371094,163.99639892578125,0.0,0.0,0.0,26.708118438720703,33.41070556640625,27.150327682495117,0.0,0.0,0.0
177.0,40.93937301635742,33516.58984375,3581.070068359375,16382.193359375,13553.326171875,3665.14453125,20.825740814208984,0.0,13082.18359375,0.08583000302314758,20.244871139526367,1.0033115148544312,4.912413120269775,4.0260748863220215,1.6161198616027832,2.62268328666687,5.538153648376465,0.0010919941123574972,0.30065488815307617,0.5881687998771667,0.0,0.0,0.0,0.0,4607.39111328125,228.33676147460938,670.251708984375,797.3711547851562,295.3200378417969,0.0,1853.6021728515625,0.12537412345409393,20.489112854003906,53.939205169677734,0.0,0.0,0.0,285.0575256347656,285.0575256347656,133.59304809570312,182.8212432861328,146.81031799316406,0.0,0.0,0.0,133.59304809570312,182.8212432861328,146.81031799316406,0.0,0.0,0.0,18.250225067138672,32.649471282958984,22.11627769470215,0.0,0.0,0.0
178.0,40.95573806762695,33522.1796875,3581.070068359375,16387.78515625,13553.326171875,3665.14453125,20.55272674560547,0.0,13254.54296875,0.08583004027605057,20.244876861572266,1.0033118724822998,4.914017200469971,4.02816915512085,1.6161198616027832,2.62268328666687,5.550814628601074,0.0010919941123574972,0.30065488815307617,0.5881687998771667,0.0,0.0,0.0,0.0,4621.5458984375,229.03829956054688,672.1150512695312,805.7562866210938,373.7116394042969,0.0,1863.1865234375,0.12590791285037994,21.48764419555664,54.567176818847656,0.0,0.0,0.0,286.44635009765625,286.44635009765625,135.9527587890625,182.02035522460938,150.4419403076172,0.0,0.0,0.0,135.9527587890625,182.02035522460938,150.4419403076172,0.0,0.0,0.0,19.213455200195312,32.68822479248047,23.451541900634766,0.0,0.0,0.0
179.0,40.96681213378906,33523.94921875,3581.070068359375,16389.5546875,13553.326171875,3665.14453125,20.149221420288086,0.0,13514.2822265625,0.08583005517721176,20.2448787689209,1.003312110900879,4.914988994598389,4.029488563537598,1.6161198616027832,2.62268328666687,5.559596061706543,0.0010919941123574972,0.30065488815307617,0.5881687998771667,0.0,0.0,0.0,0.0,4613.25927734375,228.6276397705078,670.8306274414062,1843.88818359375,651.951171875,0.0,735.2789916992188,0.04965634271502495,18.484193801879883,52.68430709838867,0.0,0.0,0.0,287.8816833496094,287.8816833496094,146.0691680908203,164.75318908691406,152.33924865722656,0.0,0.0,0.0,146.0691680908203,164.75318908691406,152.33924865722656,0.0,0.0,0.0,22.57600975036621,28.041088104248047,24.410009384155273,0.0,0.0,0.0
180.0,40.97218322753906,33524.51171875,3581.070068359375,16390.11328125,13553.326171875,3665.14453125,19.630823135375977,0.0,13862.2958984375,0.08583006262779236,20.24488067626953,1.003312110900879,4.915395736694336,4.030056476593018,1.6161198616027832,2.62268328666687,5.563991069793701,0.0010919941123574972,0.30065488815307617,0.5881687998771667,0.0,0.0,0.0,0.0,4631.5126953125,229.5322723388672,672.9139404296875,1846.288818359375,865.3408203125,0.0,730.3792724609375,0.049309875816106796,18.977357864379883,52.992984771728516,0.0,0.0,0.0,289.3626708984375,289.3626708984375,138.88040161132812,158.01414489746094,137.86805725097656,0.0,0.0,0.0,138.88040161132812,158.01414489746094,137.86805725097656,0.0,0.0,0.0,20.991697311401367,26.588315963745117,20.69558334350586,0.0,0.0,0.0
181.0,40.97447204589844,33634.83984375,3581.070068359375,16391.46484375,13662.3037109375,3665.14453125,18.930585861206055,0.0,14407.2822265625,0.08583007007837296,20.24488067626953,1.0033122301101685,4.915457725524902,4.0303850173950195,1.6161198616027832,2.62268328666687,5.565889835357666,0.0010919941123574972,0.30065488815307617,0.5881687998771667,0.0,0.0,0.0,0.0,4682.34716796875,232.05154418945312,679.0723876953125,1904.4056396484375,1073.01025390625,0.0,791.019775390625,0.053396690636873245,9.019646644592285,42.56892395019531,0.0,0.0,0.0,290.893310546875,290.893310546875,114.8971176147461,136.83990478515625,114.2818603515625,0.0,0.0,0.0,114.8971176147461,136.83990478515625,114.2818603515625,0.0,0.0,0.0,14.676820755004883,21.09508514404297,14.496857643127441,0.0,0.0,0.0
182.0,40.98044967651367,33854.66015625,3581.070068359375,16396.044921875,13877.54296875,3665.14453125,18.91862678527832,0.0,14509.8154296875,0.08583007007837296,20.24488067626953,1.0033122301101685,4.915518283843994,4.032549858093262,1.6161198616027832,2.62268328666687,5.569642066955566,0.0010919941123574972,0.30065488815307617,0.5881687998771667,0.0,0.0,0.0,0.0,4698.16455078125,232.83544921875,681.02783203125,1914.4967041015625,1074.779541015625,0.0,825.1975708007812,0.05568946525454521,9.019646644592285,45.48284149169922,0.0,0.0,0.0,292.4466552734375,292.4466552734375,114.4933090209961,140.14320373535156,118.7568130493164,0.0,0.0,0.0,114.4933090209961,140.14320373535156,118.7568130493164,0.0,0.0,0.0,14.570664405822754,22.073257446289062,15.817740440368652,0.0,0.0,0.0
183.0,40.98958206176758,33905.21875,3581.070068359375,16404.609375,13919.5400390625,3665.14453125,19.529010772705078,0.0,14092.4990234375,0.08583007007837296,20.24488067626953,1.0033122301101685,4.915550708770752,4.03407621383667,1.6161198616027832,2.62268328666687,5.57721471786499,0.0010919941123574972,0.30065488815307617,0.5881687998771667,0.0,0.0,0.0,0.0,4663.05224609375,231.09532165527344,676.7511596679688,1900.1690673828125,891.31982421875,0.0,785.5404052734375,0.05298423022031784,9.019646644592285,41.44362258911133,0.0,0.0,0.0,293.966796875,293.966796875,125.41576385498047,144.45399475097656,125.28604125976562,0.0,0.0,0.0,125.41576385498047,144.45399475097656,125.28604125976562,0.0,0.0,0.0,17.155099868774414,22.723783493041992,17.117156982421875,0.0,0.0,0.0
184.0,41.01701354980469,33918.20703125,3581.070068359375,16417.595703125,13919.5400390625,3665.14453125,19.525033950805664,0.0,14102.7119140625,0.08583007007837296,20.24488067626953,1.0033122301101685,4.915618896484375,4.037674903869629,1.6161198616027832,2.62268328666687,5.600976943969727,0.0010919941123574972,0.30065488815307617,0.5881687998771667,0.0,0.0,0.0,0.0,4727.37939453125,234.28330993652344,685.21923828125,1943.2718505859375,554.8916015625,0.0,995.940185546875,0.06706485152244568,13.419225692749023,49.36946487426758,0.0,0.0,0.0,295.448486328125,295.448486328125,128.39501953125,149.9208526611328,127.78564453125,0.0,0.0,0.0,128.39501953125,149.9208526611328,127.78564453125,0.0,0.0,0.0,18.03050994873047,24.32681655883789,17.85226821899414,0.0,0.0,0.0
185.0,41.03938674926758,33922.31640625,3581.070068359375,16421.705078125,13919.5400390625,3665.14453125,20.46055030822754,0.0,13481.6875,0.08583007007837296,20.24488067626953,1.0033122301101685,4.915664196014404,4.042078018188477,1.6161198616027832,2.62268328666687,5.618904113769531,0.0010919941123574972,0.30065488815307617,0.5881687998771667,0.0,0.0,0.0,0.0,4652.8857421875,230.5914764404297,675.951904296875,1918.1640625,392.04656982421875,0.0,859.315185546875,0.05779315158724785,9.019646644592285,46.04636764526367,0.0,0.0,0.0,296.9021911621094,296.9021911621094,80.93006134033203,143.12249755859375,124.3338623046875,0.0,0.0,0.0,80.93006134033203,143.12249755859375,124.3338623046875,0.0,0.0,0.0,3.2114927768707275,21.402780532836914,15.907102584838867,0.0,0.0,0.0
186.0,41.052040100097656,34159.38671875,3813.3701171875,16426.478515625,13919.5400390625,3665.14453125,20.861064910888672,0.0,13322.78125,0.08583007007837296,20.24488067626953,1.0033122301101685,4.915678977966309,4.0471272468566895,1.6161198616027832,2.62268328666687,5.626493453979492,0.0010919941123574972,0.30065488815307617,0.5881687998771667,0.0,0.0,0.0,0.0,4629.46142578125,229.43060302734375,672.971923828125,1906.84033203125,370.2693786621094,0.0,815.3707885742188,0.05480889976024628,9.019646644592285,42.223670959472656,0.0,0.0,0.0,298.3024597167969,298.3024597167969,122.02745819091797,135.0386962890625,118.70146179199219,0.0,0.0,0.0,122.02745819091797,135.0386962890625,118.70146179199219,0.0,0.0,0.0,14.831966400146484,18.637752532958984,13.859111785888672,0.0,0.0,0.0
187.0,41.06502914428711,34168.90625,3813.3701171875,16435.99609375,13919.5400390625,3665.14453125,21.17394256591797,0.0,13138.025390625,0.08583007007837296,20.24488067626953,1.0033122301101685,4.915684223175049,4.050009727478027,1.6161198616027832,2.62268328666687,5.636595249176025,0.0010919941123574972,0.30065488815307617,0.5881687998771667,0.0,0.0,0.0,0.0,4599.095703125,227.92572021484375,669.0971069335938,1880.1729736328125,361.8490905761719,0.0,761.8567504882812,0.05117587745189667,9.019646644592285,40.76009750366211,0.0,0.0,0.0,299.6689147949219,299.6689147949219,128.9293975830078,150.6887664794922,131.80545043945312,0.0,0.0,0.0,128.9293975830078,150.6887664794922,131.80545043945312,0.0,0.0,0.0,16.537904739379883,22.902523040771484,17.379148483276367,0.0,0.0,0.0
188.0,41.09532928466797,34187.609375,3813.3701171875,16454.69921875,13919.5400390625,3665.14453125,20.583805084228516,0.0,13511.109375,0.08583007007837296,20.24488067626953,1.0033122301101685,4.915691375732422,4.054769992828369,1.6161198616027832,2.62268328666687,5.662128448486328,0.0010919941123574972,0.30065488815307617,0.5881687998771667,0.0,0.0,0.0,0.0,4675.84423828125,231.72927856445312,678.85595703125,798.1975708007812,290.0343322753906,0.0,2039.6671142578125,0.15008483827114105,27.05893898010254,58.22871398925781,0.0,0.0,0.0,301.032470703125,301.032470703125,107.43569946289062,185.22640991210938,157.8031463623047,0.0,0.0,0.0,107.43569946289062,185.22640991210938,157.8031463623047,0.0,0.0,0.0,10.841136932373047,33.59492111206055,25.57361602783203,0.0,0.0,0.0
189.0,41.13697052001953,34201.53125,3813.3701171875,16468.62109375,13919.5400390625,3665.14453125,20.595495223999023,0.0,13511.109375,0.08583007007837296,20.24488067626953,1.0033122301101685,4.915698528289795,4.06063175201416,1.6161198616027832,2.62268328666687,5.697896480560303,0.0010919941123574972,0.30065488815307617,0.5881687998771667,0.0,0.0,0.0,0.0,4673.92431640625,231.63414001464844,678.5608520507812,912.163330078125,297.3726501464844,0.0,1919.281982421875,0.12837496399879456,27.05893898010254,58.22871398925781,0.0,0.0,0.0,302.4454650878906,302.4454650878906,158.1156768798828,183.2430877685547,160.6577911376953,0.0,0.0,0.0,158.1156768798828,183.2430877685547,160.6577911376953,0.0,0.0,0.0,25.653343200683594,33.003108978271484,26.396909713745117,0.0,0.0,0.0
190.0,41.164825439453125,34205.9375,3813.3701171875,16473.02734375,13919.5400390625,3665.14453125,20.32453155517578,0.0,13689.1103515625,0.08583007007837296,20.24488067626953,1.0033122301101685,4.915703296661377,4.064362525939941,1.6161198616027832,2.62268328666687,5.722020149230957,0.0010919941123574972,0.30065488815307617,0.5881687998771667,0.0,0.0,0.0,0.0,4688.6298828125,232.3629150390625,680.2827758789062,1609.6229248046875,376.32708740234375,0.0,1244.2034912109375,0.0830816850066185,27.05893898010254,58.22871398925781,0.0,0.0,0.0,303.89697265625,303.89697265625,144.6717987060547,173.19590759277344,152.6556854248047,0.0,0.0,0.0,144.6717987060547,173.19590759277344,152.6556854248047,0.0,0.0,0.0,21.991971969604492,30.33527183532715,24.32725715637207,0.0,0.0,0.0
191.0,41.178287506103516,34207.33203125,3813.3701171875,16474.419921875,13919.5400390625,3665.14453125,19.924943923950195,0.0,13957.37109375,0.08583007007837296,20.24488067626953,1.0033122301101685,4.915704727172852,4.0659942626953125,1.6161198616027832,2.62268328666687,5.733847141265869,0.0010919941123574972,0.30065488815307617,0.5881687998771667,0.0,0.0,0.0,0.0,4680.1982421875,231.945068359375,678.8494262695312,1904.9951171875,656.5071411132812,0.0,858.979736328125,0.057311318814754486,26.560213088989258,57.900943756103516,0.0,0.0,0.0,305.3982849121094,305.3982849121094,143.44857788085938,166.85035705566406,142.8535919189453,0.0,0.0,0.0,143.44857788085938,166.85035705566406,142.8535919189453,0.0,0.0,0.0,22.033763885498047,28.878786087036133,21.859731674194336,0.0,0.0,0.0
192.0,41.184017181396484,34210.359375,3813.3701171875,16477.44921875,13919.5400390625,3665.14453125,19.433542251586914,0.0,14302.3642578125,0.08583007007837296,20.24488067626953,1.0033122301101685,4.91570520401001,4.066281318664551,1.6161198616027832,2.62268328666687,5.739288330078125,0.0010919941123574972,0.30065488815307617,0.5881687998771667,0.0,0.0,0.0,0.0,4736.55517578125,234.73805236816406,685.91943359375,1934.90966796875,660.378173828125,0.0,988.968994140625,0.06595934182405472,27.05893898010254,58.22871398925781,0.0,0.0,0.0,306.94805908203125,306.94805908203125,137.5955810546875,156.24484252929688,138.65261840820312,0.0,0.0,0.0,137.5955810546875,156.24484252929688,138.65261840820312,0.0,0.0,0.0,20.81316566467285,26.26807403564453,21.122350692749023,0.0,0.0,0.0
193.0,41.195796966552734,34324.86328125,3813.3701171875,16486.779296875,14024.712890625,3665.14453125,18.740758895874023,0.0,14864.6591796875,0.08583007007837296,20.24488067626953,1.0033122301101685,4.915705680847168,4.067477703094482,1.6161198616027832,2.62268328666687,5.749873161315918,0.0010919941123574972,0.30065488815307617,0.5881687998771667,0.0,0.0,0.0,0.0,4749.29541015625,235.36944580078125,687.0262451171875,1953.3056640625,1080.4527587890625,0.0,937.4852294921875,0.06248027831315994,12.326017379760742,48.6524543762207,0.0,0.0,0.0,308.5457763671875,308.5457763671875,114.3629150390625,139.88787841796875,124.8846435546875,0.0,0.0,0.0,114.3629150390625,139.88787841796875,124.8846435546875,0.0,0.0,0.0,14.710393905639648,22.17644500732422,17.788000106811523,0.0,0.0,0.0
194.0,41.22121047973633,34557.70703125,3813.3701171875,16501.173828125,14243.162109375,3665.14453125,18.733463287353516,0.0,14970.4423828125,0.08583007007837296,20.24488067626953,1.0033122301101685,4.915705680847168,4.073901176452637,1.6161198616027832,2.62268328666687,5.768861770629883,0.0010919941123574972,0.30065488815307617,0.5881687998771667,0.0,0.0,0.0,0.0,4765.6103515625,236.17799377441406,689.034423828125,1962.288818359375,1082.2777099609375,0.0,974.2275390625,0.06484515964984894,14.105414390563965,49.820438385009766,0.0,0.0,0.0,310.16693115234375,310.16693115234375,115.699951171875,144.78082275390625,120.81867980957031,0.0,0.0,0.0,115.699951171875,144.78082275390625,120.81867980957031,0.0,0.0,0.0,15.108772277832031,23.614925384521484,16.606000900268555,0.0,0.0,0.0
195.0,41.24979019165039,34615.4296875,3813.3701171875,16516.302734375,14285.7578125,3665.14453125,19.34183692932129,0.0,14539.8828125,0.08583007007837296,20.24488067626953,1.0033122301101685,4.915706157684326,4.078878402709961,1.6161198616027832,2.62268328666687,5.792463302612305,0.0010919941123574972,0.30065488815307617,0.5881687998771667,0.0,0.0,0.0,0.0,4729.32373046875,234.37966918945312,684.6036376953125,1954.8758544921875,897.451904296875,0.0,922.1799926757812,0.061280667781829834,11.186928749084473,47.939491271972656,0.0,0.0,0.0,311.75665283203125,311.75665283203125,125.54415130615234,147.326416015625,128.6411590576172,0.0,0.0,0.0,125.54415130615234,147.326416015625,128.6411590576172,0.0,0.0,0.0,17.37982749938965,23.75113868713379,18.285703659057617,0.0,0.0,0.0
196.0,41.2955322265625,34633.96484375,3813.3701171875,16534.8359375,14285.7578125,3665.14453125,19.340883255004883,0.0,14550.4189453125,0.08583007007837296,20.24488067626953,1.0033122301101685,4.915706157684326,4.085632801055908,1.6161198616027832,2.62268328666687,5.8314528465271,0.0010919941123574972,0.30065488815307617,0.5881687998771667,0.0,0.0,0.0,0.0,4795.578125,237.6631622314453,693.304931640625,1989.1392822265625,558.7959594726562,0.0,1142.544921875,0.07572200149297714,18.03929328918457,52.40584182739258,0.0,0.0,0.0,313.3084716796875,313.3084716796875,107.90117645263672,153.29049682617188,130.888671875,0.0,0.0,0.0,107.90117645263672,153.29049682617188,130.888671875,0.0,0.0,0.0,12.220209121704102,25.496585845947266,18.944053649902344,0.0,0.0,0.0
197.0,41.32955551147461,34639.828125,3813.3701171875,16540.701171875,14285.7578125,3665.14453125,20.269466400146484,0.0,13909.681640625,0.08583007007837296,20.24488067626953,1.0033122301101685,4.915706157684326,4.091272830963135,1.6161198616027832,2.62268328666687,5.859835147857666,0.0010919941123574972,0.30065488815307617,0.5881687998771667,0.0,0.0,0.0,0.0,4718.66064453125,233.85121154785156,683.7234497070312,1967.598388671875,394.7271423339844,0.0,993.1751098632812,0.0656953677535057,13.327130317687988,49.30894088745117,0.0,0.0,0.0,314.8311462402344,314.8311462402344,121.83642578125,149.46316528320312,127.43072509765625,0.0,0.0,0.0,121.83642578125,149.46316528320312,127.43072509765625,0.0,0.0,0.0,15.367688179016113,23.448509216308594,17.00402069091797,0.0,0.0,0.0
198.0,41.347076416015625,34643.28515625,3813.3701171875,16544.15625,14285.7578125,3665.14453125,20.525171279907227,0.0,13745.720703125,0.08583007007837296,20.24488067626953,1.0033122301101685,4.915706157684326,4.096329689025879,1.6161198616027832,2.62268328666687,5.8722991943359375,0.0010919941123574972,0.30065488815307617,0.5881687998771667,0.0,0.0,0.0,0.0,4694.47607421875,232.65264892578125,680.6431884765625,1961.779052734375,372.7776184082031,0.0,941.574951171875,0.062229376286268234,10.840248107910156,47.72249984741211,0.0,0.0,0.0,316.2998046875,316.2998046875,116.92931365966797,144.07431030273438,90.66588592529297,0.0,0.0,0.0,116.92931365966797,144.07431030273438,90.66588592529297,0.0,0.0,0.0,13.676653861999512,21.616565704345703,5.994601726531982,0.0,0.0,0.0
199.0,41.35844802856445,34647.3515625,3813.3701171875,16548.224609375,14285.7578125,3665.14453125,20.830007553100586,0.0,13555.103515625,0.08583007007837296,20.24488067626953,1.0033122301101685,4.915706157684326,4.100241661071777,1.6161198616027832,2.62268328666687,5.879758834838867,0.0010919941123574972,0.30065488815307617,0.5881687998771667,0.0,0.0,0.0,0.0,4663.13427734375,231.0994110107422,676.6419067382812,1896.372314453125,364.270751953125,0.0,910.6695556640625,0.06015629321336746,18.03929328918457,52.40584182739258,0.0,0.0,0.0,317.73858642578125,317.73858642578125,157.02655029296875,158.11058044433594,136.0883026123047,0.0,0.0,0.0,157.02655029296875,158.11058044433594,136.0883026123047,0.0,0.0,0.0,25.100255966186523,25.41733741760254,18.97582244873047,0.0,0.0,0.0
200.0,41.37099838256836,34659.86328125,3813.3701171875,16560.734375,14285.7578125,3665.14453125,20.245203018188477,0.0,13940.0341796875,0.08583007007837296,20.24488067626953,1.0033122301101685,4.915706157684326,4.103043556213379,1.6161198616027832,2.62268328666687,5.889506816864014,0.0010919941123574972,0.30065488815307617,0.5881687998771667,0.0,0.0,0.0,0.0,4742.28125,235.02183532714844,686.7010498046875,617.1455688476562,292.0327453613281,0.0,2411.7177734375,0.34387823939323425,27.05893898010254,58.22871398925781,0.0,0.0,0.0,319.18145751953125,319.18145751953125,168.85226440429688,185.53457641601562,174.7313232421875,0.0,0.0,0.0,168.85226440429688,185.53457641601562,174.7313232421875,0.0,0.0,0.0,29.144084930419922,34.02366256713867,30.863710403442383,0.0,0.0,0.0
201.0,41.40819549560547,34677.0625,3813.3701171875,16577.935546875,14285.7578125,3665.14453125,20.25859832763672,0.0,13940.0341796875,0.08583007007837296,20.24488067626953,1.0033122301101685,4.915706157684326,4.110244274139404,1.6161198616027832,2.62268328666687,5.919503688812256,0.0010919941123574972,0.30065488815307617,0.5881687998771667,0.0,0.0,0.0,0.0,4740.28857421875,234.92306518554688,686.3930053710938,893.6709594726562,299.4196472167969,0.0,2128.89208984375,0.15764054656028748,27.05893898010254,58.22871398925781,0.0,0.0,0.0,320.6808166503906,320.6808166503906,135.53860473632812,185.0979766845703,155.02899169921875,0.0,0.0,0.0,135.53860473632812,185.0979766845703,155.02899169921875,0.0,0.0,0.0,19.386444091796875,33.88256072998047,25.08738136291504,0.0,0.0,0.0
202.0,41.43905258178711,34683.1328125,3813.3701171875,16584.005859375,14285.7578125,3665.14453125,19.992826461791992,0.0,14123.6884765625,0.08583007007837296,20.24488067626953,1.0033122301101685,4.915706157684326,4.115921497344971,1.6161198616027832,2.62268328666687,5.9446845054626465,0.0010919941123574972,0.30065488815307617,0.5881687998771667,0.0,0.0,0.0,0.0,4755.47412109375,235.67564392089844,688.1722412109375,928.2190551757812,378.9322204589844,0.0,2119.286376953125,0.15239787101745605,27.05893898010254,58.22871398925781,0.0,0.0,0.0,322.2193908691406,322.2193908691406,151.9785614013672,183.9086151123047,153.87631225585938,0.0,0.0,0.0,151.9785614013672,183.9086151123047,153.87631225585938,0.0,0.0,0.0,24.46090316772461,33.800445556640625,25.0159969329834,0.0,0.0,0.0
203.0,41.45521926879883,34685.0546875,3813.3701171875,16585.92578125,14285.7578125,3665.14453125,19.59976577758789,0.0,14400.4609375,0.08583007007837296,20.24488067626953,1.0033122301101685,4.915706157684326,4.119154453277588,1.6161198616027832,2.62268328666687,5.957617282867432,0.0010919941123574972,0.30065488815307617,0.5881687998771667,0.0,0.0,0.0,0.0,4746.8564453125,235.2485809326172,686.7122192382812,1963.586669921875,661.041748046875,0.0,997.2431640625,0.06552798300981522,27.05893898010254,58.22871398925781,0.0,0.0,0.0,323.80523681640625,323.80523681640625,155.25210571289062,162.2516326904297,153.26654052734375,0.0,0.0,0.0,155.25210571289062,162.2516326904297,153.26654052734375,0.0,0.0,0.0,25.811473846435547,27.858837127685547,25.230695724487305,0.0,0.0,0.0
204.0,41.462860107421875,34691.859375,3813.3701171875,16592.732421875,14285.7578125,3665.14453125,19.13677978515625,0.0,14742.451171875,0.08583007007837296,20.24488067626953,1.0033122301101685,4.915706157684326,4.120307445526123,1.6161198616027832,2.62268328666687,5.9641032218933105,0.0010919941123574972,0.30065488815307617,0.5881687998771667,0.0,0.0,0.0,0.0,4802.68896484375,238.01556396484375,693.7133178710938,1990.2742919921875,664.8765258789062,0.0,1129.8348388671875,0.07420792430639267,27.05893898010254,58.22871398925781,0.0,0.0,0.0,325.4396057128906,325.4396057128906,143.15664672851562,161.78530883789062,143.44674682617188,0.0,0.0,0.0,143.15664672851562,161.78530883789062,143.44674682617188,0.0,0.0,0.0,22.736539840698242,28.185422897338867,22.821392059326172,0.0,0.0,0.0
205.0,41.486610412597656,34810.09375,3813.3701171875,16609.59375,14387.1279296875,3665.14453125,18.455110549926758,0.0,15322.037109375,0.08583007007837296,20.24488067626953,1.0033122301101685,4.915706157684326,4.124049186706543,1.6161198616027832,2.62268328666687,5.9841132164001465,0.0010919941123574972,0.30065488815307617,0.5881687998771667,0.0,0.0,0.0,0.0,4815.94287109375,238.6724090576172,694.8823852539062,2003.5299072265625,1087.8577880859375,0.0,1082.0750732421875,0.07097514718770981,18.03929328918457,52.40584182739258,0.0,0.0,0.0,327.125,327.125,121.85885620117188,145.72206115722656,123.8874740600586,0.0,0.0,0.0,121.85885620117188,145.72206115722656,123.8874740600586,0.0,0.0,0.0,17.18860626220703,24.16859245300293,17.7819766998291,0.0,0.0,0.0
206.0,41.52912139892578,35054.3515625,3813.3701171875,16632.1953125,14608.7861328125,3665.14453125,18.452157974243164,0.0,15431.078125,0.08583007007837296,20.24488067626953,1.0033122301101685,4.915706157684326,4.135931968688965,1.6161198616027832,2.62268328666687,6.01474142074585,0.0010919941123574972,0.30065488815307617,0.5881687998771667,0.0,0.0,0.0,0.0,4832.74609375,239.50514221191406,696.94921875,2015.1517333984375,1089.7371826171875,0.0,1120.602294921875,0.07335270941257477,18.03929328918457,52.40584182739258,0.0,0.0,0.0,328.83953857421875,328.83953857421875,87.80180358886719,145.95724487304688,96.79566955566406,0.0,0.0,0.0,87.80180358886719,145.95724487304688,96.79566955566406,0.0,0.0,0.0,7.2298688888549805,24.240337371826172,9.860574722290039,0.0,0.0,0.0
207.0,41.5755729675293,35118.2890625,3813.3701171875,16652.9375,14651.98046875,3665.14453125,19.0549373626709,0.0,14987.2666015625,0.08583007007837296,20.24488067626953,1.0033122301101685,4.915706157684326,4.141687870025635,1.6161198616027832,2.62268328666687,6.035432815551758,0.0010919941123574972,0.30065488815307617,0.6081736087799072,0.0,0.0,0.0,0.0,4795.26904296875,237.64784240722656,692.36572265625,2007.2857666015625,903.5501708984375,0.0,1056.2926025390625,0.06904466450214386,17.96738624572754,54.13936233520508,0.0,0.0,0.0,330.5200500488281,330.5200500488281,125.07292175292969,148.54425048828125,127.28449249267578,0.0,0.0,0.0,125.07292175292969,148.54425048828125,127.28449249267578,0.0,0.0,0.0,17.528892517089844,24.394258499145508,18.175777435302734,0.0,0.0,0.0
208.0,41.71512222290039,35258.22265625,3813.3701171875,16792.869140625,14651.98046875,3665.14453125,19.1197509765625,0.0,14998.125,0.08583007007837296,20.24488067626953,1.0033122301101685,4.915706157684326,4.148618698120117,1.6161198616027832,2.62268328666687,6.065877437591553,0.0010919941123574972,0.30065488815307617,0.7103464603424072,0.0,0.0,0.0,0.0,4865.4326171875,241.12506103515625,698.8802490234375,2041.802490234375,562.494384765625,0.0,1279.1129150390625,0.08343726396560669,18.03929328918457,63.2918701171875,0.0,0.0,0.0,332.1588134765625,332.1588134765625,130.26121520996094,154.9509735107422,133.5981903076172,0.0,0.0,0.0,130.26121520996094,154.9509735107422,133.5981903076172,0.0,0.0,0.0,18.98165512084961,26.20340919494629,19.957719802856445,0.0,0.0,0.0
209.0,41.96064758300781,35324.01171875,3813.3701171875,16858.66015625,14651.98046875,3665.14453125,20.072694778442383,0.0,14337.67578125,0.08583007007837296,20.24488067626953,1.0033122301101685,4.915706157684326,4.163701057434082,1.6161198616027832,2.62268328666687,6.114510536193848,0.0010919941123574972,0.30065488815307617,0.8921581506729126,0.0,0.0,0.0,0.0,4784.078125,237.0932159423828,691.4129638671875,2023.156005859375,397.391357421875,0.0,1093.3421630859375,0.07108708471059799,17.896699905395508,79.34713745117188,0.0,0.0,0.0,333.767822265625,333.767822265625,121.13382720947266,152.5111083984375,125.76374053955078,0.0,0.0,0.0,121.13382720947266,152.5111083984375,125.76374053955078,0.0,0.0,0.0,15.3589506149292,24.53680419921875,16.713199615478516,0.0,0.0,0.0
210.0,42.110206604003906,35351.78125,3813.3701171875,16886.427734375,14651.98046875,3665.14453125,20.340192794799805,0.0,14168.6708984375,0.08583007007837296,20.24488067626953,1.0033122301101685,4.915706157684326,4.184963703155518,1.6161198616027832,2.62268328666687,6.140617370605469,0.0010919941123574972,0.30065488815307617,0.9943468570709229,0.0,0.0,0.0,0.0,4759.12939453125,235.85679626464844,688.2335815429688,2020.7103271484375,375.2701721191406,0.0,1024.900146484375,0.06652087718248367,16.912145614624023,87.32247924804688,0.0,0.0,0.0,335.3165283203125,335.3165283203125,128.8351287841797,145.56715393066406,125.82347869873047,0.0,0.0,0.0,128.8351287841797,145.56715393066406,125.82347869873047,0.0,0.0,0.0,17.344079971313477,22.238197326660156,16.46317481994629,0.0,0.0,0.0
211.0,42.19649887084961,35370.87109375,3813.3701171875,16905.51953125,14651.98046875,3665.14453125,20.651384353637695,0.0,13972.19140625,0.08583007007837296,20.24488067626953,1.0033122301101685,4.915706157684326,4.204952239990234,1.6161198616027832,2.62268328666687,6.158633708953857,0.0010919941123574972,0.30065488815307617,1.0426356792449951,0.0,0.0,0.0,0.0,4726.80908203125,234.2550506591797,684.1060180664062,1936.832763671875,366.67694091796875,0.0,995.5156860351562,0.06453598290681839,27.05893898010254,103.22093200683594,0.0,0.0,0.0,336.833984375,336.833984375,145.50070190429688,160.9568328857422,139.49691772460938,0.0,0.0,0.0,145.50070190429688,160.9568328857422,139.49691772460938,0.0,0.0,0.0,21.90757179260254,26.428489685058594,20.151464462280273,0.0,0.0,0.0
212.0,42.25333023071289,35389.23828125,3813.3701171875,16923.88671875,14651.98046875,3665.14453125,20.074268341064453,0.0,14368.958984375,0.08583007007837296,20.24488067626953,1.0033122301101685,4.915706157684326,4.216087341308594,1.6161198616027832,2.62268328666687,6.183612823486328,0.0010919941123574972,0.30065488815307617,1.0633513927459717,0.0,0.0,0.0,0.0,4807.10888671875,238.234619140625,693.9785766601562,665.7998046875,293.9562683105469,0.0,2508.53369140625,0.3297214210033417,27.05893898010254,105.27178192138672,0.0,0.0,0.0,338.3559875488281,338.3559875488281,163.74549865722656,190.2329559326172,165.63516235351562,0.0,0.0,0.0,163.74549865722656,190.2329559326172,165.63516235351562,0.0,0.0,0.0,27.8212890625,35.568870544433594,28.374013900756836,0.0,0.0,0.0
213.0,42.30915451049805,35414.15234375,3813.3701171875,16948.80078125,14651.98046875,3665.14453125,20.091798782348633,0.0,14368.958984375,0.08583007007837296,20.24488067626953,1.0033122301101685,4.915706157684326,4.223536968231201,1.6161198616027832,2.62268328666687,6.219597816467285,0.0010919941123574972,0.30065488815307617,1.0757410526275635,0.0,0.0,0.0,0.0,4805.41064453125,238.1504364013672,693.8023071289062,649.3505249023438,301.40875244140625,0.0,2516.683837890625,0.32870858907699585,27.05893898010254,106.49836730957031,0.0,0.0,0.0,339.9358215332031,339.9358215332031,143.51878356933594,189.01934814453125,165.5414276123047,0.0,0.0,0.0,143.51878356933594,189.01934814453125,165.5414276123047,0.0,0.0,0.0,21.88744354248047,35.19636154174805,28.329071044921875,0.0,0.0,0.0
214.0,42.37104797363281,35433.93359375,3813.3701171875,16968.580078125,14651.98046875,3665.14453125,19.835628509521484,0.0,14558.265625,0.08583007007837296,20.24488067626953,1.0033122301101685,4.915706157684326,4.232120513916016,1.6161198616027832,2.62268328666687,6.262117385864258,0.0010919941123574972,0.30065488815307617,1.086531162261963,0.0,0.0,0.0,0.0,4819.85302734375,238.86619567871094,695.1589965820312,1100.5299072265625,381.3843994140625,0.0,2094.029296875,0.13481537997722626,27.05893898010254,107.56658172607422,0.0,0.0,0.0,341.5591125488281,341.5591125488281,164.53573608398438,186.57296752929688,159.02137756347656,0.0,0.0,0.0,164.53573608398438,186.57296752929688,159.02137756347656,0.0,0.0,0.0,28.291072845458984,34.73696517944336,26.678125381469727,0.0,0.0,0.0
215.0,42.412559509277344,35443.171875,3813.3701171875,16977.818359375,14651.98046875,3665.14453125,19.449342727661133,0.0,14843.5595703125,0.08583007007837296,20.24488067626953,1.0033122301101685,4.915706157684326,4.242634296417236,1.6161198616027832,2.62268328666687,6.28770112991333,0.0010919941123574972,0.30065488815307617,1.0919440984725952,0.0,0.0,0.0,0.0,4813.16064453125,238.53451538085938,694.4991455078125,1668.6298828125,665.5492553710938,0.0,1439.4482421875,0.09251585602760315,27.05893898010254,108.10246276855469,0.0,0.0,0.0,343.2340087890625,343.2340087890625,125.28377532958984,167.56207275390625,158.83058166503906,0.0,0.0,0.0,125.28377532958984,167.56207275390625,158.83058166503906,0.0,0.0,0.0,17.1961612701416,29.56256103515625,27.00860023498535,0.0,0.0,0.0
216.0,42.44044876098633,35456.26171875,3813.3701171875,16990.912109375,14651.98046875,3665.14453125,19.010379791259766,0.0,15182.51953125,0.08583007007837296,20.24488067626953,1.0033122301101685,4.915706157684326,4.251489639282227,1.6161198616027832,2.62268328666687,6.304847717285156,0.0010919941123574972,0.30065488815307617,1.0938336849212646,0.0,0.0,0.0,0.0,4862.953125,241.00218200683594,699.269287109375,2076.476318359375,668.7201538085938,0.0,1197.8212890625,0.07689861208200455,27.05893898010254,108.28953552246094,0.0,0.0,0.0,344.9580383300781,344.9580383300781,145.3649444580078,161.29739379882812,139.4541473388672,0.0,0.0,0.0,145.3649444580078,161.29739379882812,139.4541473388672,0.0,0.0,0.0,23.508867263793945,28.16910743713379,21.77996063232422,0.0,0.0,0.0
217.0,42.478599548339844,35572.4609375,3813.3701171875,17009.552734375,14749.5390625,3665.14453125,18.33017921447754,0.0,15779.4052734375,0.08583007007837296,20.24488067626953,1.0033122301101685,4.915706157684326,4.262986660003662,1.6161198616027832,2.62268328666687,6.330116271972656,0.0010919941123574972,0.30065488815307617,1.0952188968658447,0.0,0.0,0.0,0.0,4877.79833984375,241.73788452148438,700.9208374023438,2097.91552734375,1094.3927001953125,0.0,1153.4827880859375,0.07392800599336624,18.03929328918457,97.5840072631836,0.0,0.0,0.0,346.7298583984375,346.7298583984375,96.99689483642578,148.1903533935547,104.19033813476562,0.0,0.0,0.0,96.99689483642578,148.1903533935547,104.19033813476562,0.0,0.0,0.0,10.041413307189941,25.015499114990234,12.145495414733887,0.0,0.0,0.0
218.0,42.527008056640625,35821.46875,3813.3701171875,17033.6953125,14974.4033203125,3665.14453125,18.32686424255371,0.0,15891.7041015625,0.08595579862594604,20.254671096801758,1.0042003393173218,4.915706157684326,4.278901100158691,1.6161198616027832,2.62268328666687,6.3509416580200195,0.0010919941123574972,0.30065488815307617,1.0960814952850342,0.0,0.0,0.0,0.0,4902.4794921875,243.05857849121094,702.2237548828125,2105.231201171875,1096.6385498046875,0.0,1190.3828125,0.07618945837020874,18.03929328918457,97.66085815429688,0.0,0.0,0.0,348.52685546875,348.52685546875,90.297607421875,146.4443359375,102.97771453857422,0.0,0.0,0.0,90.297607421875,146.4443359375,102.97771453857422,0.0,0.0,0.0,8.085184097290039,24.508102416992188,11.794116973876953,0.0,0.0,0.0
219.0,42.57851791381836,36054.8828125,3813.3701171875,17223.31640625,15018.197265625,3665.14453125,19.014795303344727,0.0,15434.650390625,0.08647998422384262,20.29551887512207,1.0078195333480835,4.915706157684326,4.28122615814209,1.6161198616027832,2.62268328666687,6.355039119720459,0.0010919941123574972,0.30065488815307617,1.0961778163909912,0.0,0.0,0.0,0.0,4865.32470703125,241.59860229492188,698.5044555664062,2096.6884765625,908.7540893554688,0.0,1119.51904296875,0.07163304090499878,18.03929328918457,97.66944122314453,0.0,0.0,0.0,350.2854919433594,350.2854919433594,128.78851318359375,150.0867156982422,129.54742431640625,0.0,0.0,0.0,128.78851318359375,150.0867156982422,129.54742431640625,0.0,0.0,0.0,18.655845642089844,24.885568618774414,18.877826690673828,0.0,0.0,0.0
220.0,43.2572135925293,36421.3125,3813.3701171875,17589.744140625,15018.197265625,3665.14453125,19.196931838989258,0.0,15445.8310546875,0.09354498237371445,20.84423828125,1.0644797086715698,4.915706157684326,4.302945137023926,1.6161198616027832,2.62268328666687,6.398739337921143,0.0010919941123574972,0.30065488815307617,1.0970079898834229,0.0,0.0,0.0,0.0,5011.02978515625,255.9047393798828,699.0923461914062,2119.810791015625,562.5761108398438,0.0,1287.7066650390625,0.08215741813182831,18.03929328918457,97.74341583251953,0.0,0.0,0.0,352.0020751953125,352.0020751953125,101.5345687866211,157.9407196044922,134.03536987304688,0.0,0.0,0.0,101.5345687866211,157.9407196044922,134.03536987304688,0.0,0.0,0.0,10.50192928314209,27.000728607177734,20.00841522216797,0.0,0.0,0.0
221.0,43.858421325683594,36537.25390625,3813.3701171875,17705.685546875,15018.197265625,3665.14453125,20.181238174438477,0.0,14765.66015625,0.09983772039413452,21.332950592041016,1.1150685548782349,4.915706157684326,4.32125997543335,1.6161198616027832,2.62268328666687,6.435393810272217,0.0010919941123574972,0.30065488815307617,1.0976552963256836,0.0,0.0,0.0,0.0,4991.36669921875,260.89764404296875,686.4186401367188,2087.485107421875,395.5137939453125,0.0,1063.891357421875,0.06771448254585266,13.89476203918457,92.61781311035156,0.0,0.0,0.0,353.6839294433594,353.6839294433594,116.12690734863281,147.34381103515625,129.0616912841797,0.0,0.0,0.0,116.12690734863281,147.34381103515625,129.0616912841797,0.0,0.0,0.0,13.785881996154785,22.916828155517578,17.569307327270508,0.0,0.0,0.0
222.0,44.17136001586914,36575.140625,3813.3701171875,17743.57421875,15018.197265625,3687.484619140625,20.455610275268555,0.0,14591.6201171875,0.10299266874790192,21.584745407104492,1.1411776542663574,4.915706157684326,4.335555553436279,1.6161198616027832,2.62268328666687,6.452693939208984,0.0010919941123574972,0.30065488815307617,1.097938060760498,0.0,0.0,0.0,0.0,4998.0478515625,264.2449951171875,680.518798828125,2073.313720703125,372.5740966796875,0.0,981.0537719726562,0.06237129494547844,12.542333602905273,90.94982147216797,0.0,0.0,0.0,355.300048828125,355.300048828125,126.06754302978516,147.2501220703125,124.12444305419922,0.0,0.0,0.0,126.06754302978516,147.2501220703125,124.12444305419922,0.0,0.0,0.0,16.419147491455078,22.615053176879883,15.850790977478027,0.0,0.0,0.0
223.0,44.31444549560547,36664.859375,3813.3701171875,17833.291015625,15018.197265625,3687.484619140625,20.808637619018555,0.0,14389.26953125,0.1041574776172638,21.702016830444336,1.1532517671585083,4.915706157684326,4.3432230949401855,1.6161198616027832,2.62268328666687,6.457552433013916,0.0010919941123574972,0.30065488815307617,1.0979876518249512,0.0,0.0,0.0,0.0,4979.697265625,264.62261962890625,675.2399291992188,2024.595703125,363.6539306640625,0.0,899.9102172851562,0.057194266468286514,23.4586238861084,104.19673919677734,0.0,0.0,0.0,356.87713623046875,356.87713623046875,148.0711669921875,157.90423583984375,139.5084228515625,0.0,0.0,0.0,148.0711669921875,157.90423583984375,139.5084228515625,0.0,0.0,0.0,22.502178192138672,25.37835121154785,19.997575759887695,0.0,0.0,0.0
224.0,44.64482116699219,36834.78515625,3813.3701171875,18003.216796875,15018.197265625,3687.484619140625,20.309730529785156,0.0,14797.8837890625,0.10670347511768341,21.976322174072266,1.1815991401672363,4.915706157684326,4.358775615692139,1.6161198616027832,2.62268328666687,6.467105865478516,0.0010919941123574972,0.30065488815307617,1.0980583429336548,0.0,0.0,0.0,0.0,5098.57763671875,274.1347961425781,682.2108154296875,947.4413452148438,290.7216796875,0.0,2180.0771484375,0.15488317608833313,27.05893898010254,108.70777130126953,0.0,0.0,0.0,358.45806884765625,358.45806884765625,158.7905731201172,184.8304901123047,156.68959045410156,0.0,0.0,0.0,158.7905731201172,184.8304901123047,156.68959045410156,0.0,0.0,0.0,26.136512756347656,33.75318908691406,25.521974563598633,0.0,0.0,0.0
225.0,44.97211837768555,36917.32421875,3813.3701171875,18085.7578125,15018.197265625,3687.484619140625,20.358699798583984,0.0,14797.8837890625,0.10919126123189926,22.24913215637207,1.2098535299301147,4.915706157684326,4.373406887054443,1.6161198616027832,2.62268328666687,6.476161479949951,0.0010919941123574972,0.30065488815307617,1.098117470741272,0.0,0.0,0.0,0.0,5131.75048828125,279.0520324707031,679.0202026367188,1660.1337890625,297.29876708984375,0.0,1427.78369140625,0.09895830601453781,25.522722244262695,106.79156494140625,0.0,0.0,0.0,360.0909423828125,360.0909423828125,136.3384552001953,174.5556182861328,150.1736602783203,0.0,0.0,0.0,136.3384552001953,174.5556182861328,150.1736602783203,0.0,0.0,0.0,19.520299911499023,30.698820114135742,23.567094802856445,0.0,0.0,0.0
226.0,45.16273498535156,36943.44140625,3813.3701171875,18111.875,15018.197265625,3687.484619140625,20.101835250854492,0.0,14992.8427734375,0.11060023307800293,22.405040740966797,1.2260632514953613,4.915706157684326,4.385417461395264,1.6161198616027832,2.62268328666687,6.481207847595215,0.0010919941123574972,0.30065488815307617,1.098147988319397,0.0,0.0,0.0,0.0,5169.58544921875,282.8934326171875,679.2932739257812,889.2044677734375,375.73382568359375,0.0,2208.64453125,0.1626293659210205,25.19686508178711,106.38682556152344,0.0,0.0,0.0,361.76202392578125,361.76202392578125,118.57669067382812,183.99461364746094,148.6669464111328,0.0,0.0,0.0,118.57669067382812,183.99461364746094,148.6669464111328,0.0,0.0,0.0,14.5818452835083,33.71658706665039,23.383243560791016,0.0,0.0,0.0
227.0,45.2525749206543,36957.2578125,3813.3701171875,18125.69140625,15018.197265625,3687.484619140625,19.712200164794922,0.0,15286.6494140625,0.11118743568658829,22.471040725708008,1.23301362991333,4.915706157684326,4.3996663093566895,1.6161198616027832,2.62268328666687,6.483250617980957,0.0010919941123574972,0.30065488815307617,1.098158597946167,0.0,0.0,0.0,0.0,5174.28369140625,283.9193115234375,677.7891845703125,2059.21826171875,655.4083862304688,0.0,956.1685180664062,0.060668181627988815,22.90834617614746,103.52442932128906,0.0,0.0,0.0,363.48455810546875,363.48455810546875,137.21934509277344,160.8933868408203,144.2191619873047,0.0,0.0,0.0,137.21934509277344,160.8933868408203,144.2191619873047,0.0,0.0,0.0,20.424457550048828,27.349117279052734,22.47190284729004,0.0,0.0,0.0
228.0,45.30420684814453,37019.98828125,3813.3701171875,18188.419921875,15018.197265625,3687.484619140625,19.30922508239746,0.0,15622.5888671875,0.11153016239404678,22.512008666992188,1.2370978593826294,4.915706157684326,4.404849052429199,1.6161198616027832,2.62268328666687,6.484304428100586,0.0010919941123574972,0.30065488815307617,1.0981600284576416,0.0,0.0,0.0,0.0,5235.06005859375,287.6811828613281,683.6708984375,2084.594482421875,658.5901489257812,0.0,1072.415771484375,0.06803922355175018,27.03188705444336,108.68399810791016,0.0,0.0,0.0,365.2507019042969,365.2507019042969,134.6010284423828,159.45587158203125,135.5978240966797,0.0,0.0,0.0,134.6010284423828,159.45587158203125,135.5978240966797,0.0,0.0,0.0,20.06157684326172,27.331619262695312,20.35314178466797,0.0,0.0,0.0
229.0,45.521846771240234,37309.59375,3813.3701171875,18384.2734375,15111.9501953125,3687.484619140625,18.701919555664062,0.0,16236.7822265625,0.11302947252988815,22.692760467529297,1.2555656433105469,4.915706157684326,4.417280673980713,1.6161198616027832,2.62268328666687,6.488790988922119,0.0010919941123574972,0.30065488815307617,1.0981621742248535,0.0,0.0,0.0,0.0,5281.58740234375,292.2244567871094,683.887451171875,2118.469970703125,1076.5960693359375,0.0,1018.9786376953125,0.06462982296943665,9.908369064331055,87.97677612304688,0.0,0.0,0.0,367.06146240234375,367.06146240234375,94.53409576416016,143.7112579345703,119.50186920166016,0.0,0.0,0.0,94.53409576416016,143.7112579345703,119.50186920166016,0.0,0.0,0.0,8.949302673339844,23.333621978759766,16.252376556396484,0.0,0.0,0.0
230.0,46.030128479003906,37761.84375,3813.3701171875,18608.44921875,15340.0224609375,3687.484619140625,18.79348373413086,0.0,16352.3310546875,0.11648817360401154,23.1099910736084,1.2988778352737427,4.915706157684326,4.451252460479736,1.6161198616027832,2.62268328666687,6.499095439910889,0.0010919941123574972,0.30065488815307617,1.098165512084961,0.0,0.0,0.0,0.0,5355.8310546875,301.02001953125,681.7932739257812,2127.66845703125,1074.4266357421875,0.0,1010.87060546875,0.06407254934310913,9.019646644592285,84.99871826171875,0.0,0.0,0.0,368.8932189941406,368.8932189941406,113.34346771240234,142.2883758544922,123.9021224975586,0.0,0.0,0.0,113.34346771240234,142.2883758544922,123.9021224975586,0.0,0.0,0.0,14.359480857849121,22.825864791870117,17.447885513305664,0.0,0.0,0.0
231.0,46.43928909301758,38048.1640625,3813.3701171875,18850.37890625,15384.4150390625,3687.484619140625,19.520132064819336,0.0,15882.0244140625,0.11936626583337784,23.457439422607422,1.3344969749450684,4.915706157684326,4.465939998626709,1.6161198616027832,2.62268328666687,6.507623195648193,0.0010919941123574972,0.30065488815307617,1.0981667041778564,0.0,0.0,0.0,0.0,5356.24169921875,304.71734619140625,673.6788940429688,2101.724853515625,887.8681030273438,0.0,917.7033081054688,0.05813463032245636,9.019646644592285,76.10295104980469,0.0,0.0,0.0,370.6819763183594,370.6819763183594,119.00662231445312,145.9980926513672,116.71487426757812,0.0,0.0,0.0,119.00662231445312,145.9980926513672,116.71487426757812,0.0,0.0,0.0,15.289304733276367,23.184310913085938,14.618968963623047,0.0,0.0,0.0
232.0,47.25605392456055,38411.0859375,3813.3701171875,19213.30078125,15384.4150390625,3687.484619140625,19.69485092163086,0.0,15893.5380859375,0.1251540631055832,24.155988693237305,1.406812310218811,4.915706157684326,4.488921165466309,1.6161198616027832,2.62268328666687,6.524753570556641,0.0010919941123574972,0.30065488815307617,1.0981683731079102,0.0,0.0,0.0,0.0,5512.8662109375,321.0619201660156,674.3621826171875,2129.91943359375,548.97900390625,0.0,1056.2161865234375,0.0668344646692276,9.019646644592285,80.63993072509766,0.0,0.0,0.0,372.4212341308594,372.4212341308594,124.20025634765625,149.88998413085938,126.80876922607422,0.0,0.0,0.0,124.20025634765625,149.88998413085938,126.80876922607422,0.0,0.0,0.0,16.63372230529785,24.147968292236328,17.396713256835938,0.0,0.0,0.0
233.0,47.89725112915039,38525.91796875,3813.3701171875,19328.1328125,15384.4150390625,3687.484619140625,20.701602935791016,0.0,15193.654296875,0.12969903647899628,24.704513549804688,1.4637095928192139,4.915706157684326,4.506704330444336,1.6161198616027832,2.62268328666687,6.538200855255127,0.0010919941123574972,0.30065488815307617,1.0981694459915161,0.0,0.0,0.0,0.0,5471.19775390625,324.16119384765625,659.8336181640625,2081.40771484375,385.14227294921875,0.0,853.0842895507812,0.05393366515636444,9.019646644592285,76.10314178466797,0.0,0.0,0.0,374.12176513671875,374.12176513671875,113.63996887207031,141.36495971679688,98.38302612304688,0.0,0.0,0.0,113.63996887207031,141.36495971679688,98.38302612304688,0.0,0.0,0.0,12.53808879852295,20.647647857666016,8.075432777404785,0.0,0.0,0.0
234.0,48.22184753417969,38563.9375,3813.3701171875,19366.15234375,15384.4150390625,4009.00830078125,20.982208251953125,0.0,15014.5595703125,0.13195548951625824,24.976627349853516,1.492024302482605,4.915706157684326,4.521938800811768,1.6161198616027832,2.62268328666687,6.5448737144470215,0.0010919941123574972,0.30065488815307617,1.0981700420379639,0.0,0.0,0.0,0.0,5469.56103515625,326.73419189453125,654.5469360351562,2057.257080078125,362.6434631347656,0.0,781.8267822265625,0.0494072251021862,9.019646644592285,76.10317993164062,0.0,0.0,0.0,375.749755859375,375.749755859375,116.1191635131836,135.43576049804688,123.8826675415039,0.0,0.0,0.0,116.1191635131836,135.43576049804688,123.8826675415039,0.0,0.0,0.0,12.982646942138672,18.632753372192383,15.253472328186035,0.0,0.0,0.0
235.0,48.369384765625,38633.7265625,3813.3701171875,19435.94140625,15384.4150390625,4009.00830078125,21.33088493347168,0.0,14806.3388671875,0.13295631110668182,25.096567153930664,1.5044645071029663,4.915706157684326,4.53314208984375,1.6161198616027832,2.62268328666687,6.547826290130615,0.0010919941123574972,0.30065488815307617,1.0981700420379639,0.0,0.0,0.0,0.0,5442.2861328125,326.24884033203125,649.8466796875,2025.89990234375,353.83721923828125,0.0,712.6149291992188,0.04502473399043083,9.019646644592285,76.10318756103516,0.0,0.0,0.0,377.33660888671875,377.33660888671875,130.62496948242188,143.41668701171875,124.95059204101562,0.0,0.0,0.0,130.62496948242188,143.41668701171875,124.95059204101562,0.0,0.0,0.0,16.876916885375977,20.61849594116211,15.217164039611816,0.0,0.0,0.0
236.0,48.62942123413086,38762.0625,3813.3701171875,19564.275390625,15384.4150390625,4009.00830078125,20.79152488708496,0.08649850636720657,15226.7998046875,0.13468259572982788,25.30306053161621,1.5259578227996826,4.915706157684326,4.558378219604492,1.6161198616027832,2.62268328666687,6.552916526794434,0.0010919941123574972,0.30065488815307617,1.0981701612472534,0.0,0.0,0.0,0.0,5564.23974609375,335.56396484375,656.9052734375,479.9180603027344,283.27789306640625,0.0,2441.43896484375,0.3051316738128662,18.03929328918457,97.84696197509766,0.0,0.0,0.0,378.9161071777344,378.9161071777344,169.64907836914062,187.41586303710938,165.83473205566406,0.0,0.0,0.0,169.64907836914062,187.41586303710938,165.83473205566406,0.0,0.0,0.0,28.74433135986328,33.94111633300781,27.628637313842773,0.0,0.0,0.0
237.0,48.88015365600586,38885.90234375,3813.3701171875,19688.115234375,15384.4150390625,4009.00830078125,20.861392974853516,0.33247894048690796,15226.7998046875,0.1364111453294754,25.509918212890625,1.5472899675369263,4.915706157684326,4.574090957641602,1.6161198616027832,2.62268328666687,6.5580153465271,0.0010919941123574972,0.30065488815307617,1.098170280456543,0.0,0.0,0.0,0.0,5584.7529296875,338.7400817871094,654.8878784179688,682.7039184570312,289.8744812011719,0.0,2208.803466796875,0.25681453943252563,18.03929328918457,97.84696960449219,0.0,0.0,0.0,380.5456848144531,380.5456848144531,170.38681030273438,186.79852294921875,164.55908203125,0.0,0.0,0.0,170.38681030273438,186.79852294921875,164.55908203125,0.0,0.0,0.0,28.644271850585938,33.444698333740234,26.939661026000977,0.0,0.0,0.0
238.0,49.254364013671875,39033.94140625,3813.3701171875,19836.158203125,15384.4150390625,4009.00830078125,20.661605834960938,0.0,15427.4111328125,0.13900017738342285,25.81975555419922,1.5795363187789917,4.915706157684326,4.5959930419921875,1.6161198616027832,2.62268328666687,6.565653324127197,0.0010919941123574972,0.30065488815307617,1.098170280456543,0.0,0.0,0.0,0.0,5641.6025390625,345.1278076171875,654.2054443359375,610.3870849609375,365.9361572265625,0.0,2275.945068359375,0.2717370092868805,18.03929328918457,97.84697723388672,0.0,0.0,0.0,382.2171325683594,382.2171325683594,136.63966369628906,184.47474670410156,162.35867309570312,0.0,0.0,0.0,136.63966369628906,184.47474670410156,162.35867309570312,0.0,0.0,0.0,19.30549430847168,33.29725646972656,26.82830810546875,0.0,0.0,0.0
239.0,49.53048324584961,39085.1953125,3813.3701171875,19887.412109375,15384.4150390625,4009.00830078125,20.27964210510254,0.26394104957580566,15729.7392578125,0.1408514380455017,26.041223526000977,1.602735161781311,4.915706157684326,4.620131015777588,1.6161198616027832,2.62268328666687,6.5711140632629395,0.0010919941123574972,0.30065488815307617,1.0981703996658325,0.0,0.0,0.0,0.0,5666.70263671875,348.7633056640625,652.3069458007812,2046.70947265625,637.6613159179688,0.0,743.2006225585938,0.04688636586070061,18.03929328918457,97.84697723388672,0.0,0.0,0.0,383.9435729980469,383.9435729980469,137.90042114257812,166.31419372558594,148.4462127685547,0.0,0.0,0.0,137.90042114257812,166.31419372558594,148.4462127685547,0.0,0.0,0.0,19.79229164123535,28.103321075439453,22.876934051513672,0.0,0.0,0.0
240.0,49.67900085449219,39130.7578125,3813.3701171875,19932.970703125,15384.4150390625,4009.00830078125,19.8703670501709,0.47805649042129517,16062.6572265625,0.14183668792247772,26.158714294433594,1.614942193031311,4.915706157684326,4.635062217712402,1.6161198616027832,2.62268328666687,6.574017524719238,0.0010919941123574972,0.30065488815307617,1.0981703996658325,0.0,0.0,0.0,0.0,5744.361328125,354.6355895996094,656.8612060546875,2090.508056640625,640.5286865234375,0.0,830.916015625,0.05241021141409874,18.03929328918457,97.84697723388672,0.0,0.0,0.0,385.71826171875,385.71826171875,138.72354125976562,160.21475219726562,140.93272399902344,0.0,0.0,0.0,138.72354125976562,160.21475219726562,140.93272399902344,0.0,0.0,0.0,20.228212356567383,26.514389038085938,20.874399185180664,0.0,0.0,0.0
241.0,49.835758209228516,39353.93359375,3813.3701171875,20066.203125,15474.359375,4009.00830078125,19.204145431518555,0.0,16694.150390625,0.14293861389160156,26.289396286010742,1.6283289194107056,4.915706157684326,4.64340877532959,1.6161198616027832,2.62268328666687,6.577260494232178,0.0010919941123574972,0.30065488815307617,1.0981703996658325,0.0,0.0,0.0,0.0,5794.1455078125,358.8813781738281,658.6376342773438,2118.534423828125,1048.44921875,0.0,793.462890625,0.0500372089445591,9.019646644592285,76.10320281982422,0.0,0.0,0.0,387.54443359375,387.54443359375,104.43276977539062,133.90660095214844,114.1158447265625,0.0,0.0,0.0,104.43276977539062,133.90660095214844,114.1158447265625,0.0,0.0,0.0,11.342439651489258,19.96353530883789,14.174739837646484,0.0,0.0,0.0
242.0,50.235145568847656,39771.23828125,3813.3701171875,20252.228515625,15705.6396484375,4009.00830078125,19.269027709960938,0.0,16812.95703125,0.1457301527261734,26.619853973388672,1.662858247756958,4.915706157684326,4.666802406311035,1.6161198616027832,2.62268328666687,6.585474491119385,0.0010919941123574972,0.30065488815307617,1.0981703996658325,0.0,0.0,0.0,0.0,5854.17919921875,365.6921081542969,657.8403930664062,2127.146484375,1047.3634033203125,0.0,798.0734252929688,0.050301168113946915,9.019646644592285,76.10320281982422,0.0,0.0,0.0,389.3861999511719,389.3861999511719,102.5327377319336,135.75662231445312,118.35304260253906,0.0,0.0,0.0,102.5327377319336,135.75662231445312,118.35304260253906,0.0,0.0,0.0,10.72179889678955,20.439786911010742,15.349238395690918,0.0,0.0,0.0
243.0,50.565452575683594,40031.67578125,3813.3701171875,20467.673828125,15750.6318359375,4009.00830078125,19.993999481201172,0.0,16329.4072265625,0.148119255900383,26.901968002319336,1.692028522491455,4.915706157684326,4.67641019821167,1.6161198616027832,2.62268328666687,6.592502593994141,0.0010919941123574972,0.30065488815307617,1.0981703996658325,0.0,0.0,0.0,0.0,5829.611328125,366.65972900390625,650.8706665039062,2087.619873046875,865.5422973632812,0.0,722.4946899414062,0.04551663249731064,9.019646644592285,76.10321044921875,0.0,0.0,0.0,391.17828369140625,391.17828369140625,124.22976684570312,140.31973266601562,119.57291412353516,0.0,0.0,0.0,124.22976684570312,140.31973266601562,119.57291412353516,0.0,0.0,0.0,16.34320831298828,21.049522399902344,14.981077194213867,0.0,0.0,0.0
244.0,51.296993255615234,40364.78515625,3813.3701171875,20800.783203125,15750.6318359375,4009.00830078125,20.14854621887207,0.0,16341.2353515625,0.1534462571144104,27.530488967895508,1.757652759552002,4.915706157684326,4.692807674407959,1.6161198616027832,2.62268328666687,6.608172416687012,0.0010919941123574972,0.30065488815307617,1.0981703996658325,0.0,0.0,0.0,0.0,5971.4423828125,381.2399597167969,652.0057373046875,2134.667724609375,535.5362548828125,0.0,854.1246337890625,0.05375457927584648,9.019646644592285,76.10321044921875,0.0,0.0,0.0,392.9184265136719,392.9184265136719,114.4035415649414,143.91043090820312,118.7081298828125,0.0,0.0,0.0,114.4035415649414,143.91043090820312,118.7081298828125,0.0,0.0,0.0,13.314489364624023,21.945253372192383,14.573583602905273,0.0,0.0,0.0
245.0,51.879783630371094,40470.18359375,3813.3701171875,20906.181640625,15750.6318359375,4009.00830078125,21.171354293823242,0.0,15621.638671875,0.15768985450267792,28.031084060668945,1.8100074529647827,4.915706157684326,4.705922603607178,1.6161198616027832,2.62268328666687,6.620654582977295,0.0010919941123574972,0.30065488815307617,1.0981703996658325,0.0,0.0,0.0,0.0,5915.1259765625,381.9482116699219,639.1755981445312,2052.63330078125,376.2945556640625,0.0,689.2507934570312,0.043343182653188705,3.775261640548706,69.54129791259766,0.0,0.0,0.0,394.61859130859375,394.61859130859375,118.2755126953125,138.01193237304688,119.04202270507812,0.0,0.0,0.0,118.2755126953125,138.01193237304688,119.04202270507812,0.0,0.0,0.0,13.424234390258789,19.19713592529297,13.648439407348633,0.0,0.0,0.0
246.0,52.17593002319336,40737.46875,4045.669921875,20941.166015625,15750.6318359375,4009.00830078125,21.578929901123047,0.0,15437.5,0.15982604026794434,28.283048629760742,1.8363971710205078,4.915706157684326,4.715292930603027,1.6161198616027832,2.62268328666687,6.626938343048096,0.0010919941123574972,0.30065488815307617,1.0981703996658325,0.0,0.0,0.0,0.0,5909.30859375,383.68695068359375,634.64013671875,2021.0977783203125,354.5796813964844,0.0,633.1267700195312,0.03979768976569176,0.193584144115448,65.44965362548828,0.0,0.0,0.0,396.25238037109375,396.25238037109375,90.08458709716797,123.01679992675781,103.44999694824219,0.0,0.0,0.0,90.08458709716797,123.01679992675781,103.44999694824219,0.0,0.0,0.0,4.770811080932617,14.403485298156738,8.680193901062012,0.0,0.0,0.0
247.0,52.30852508544922,40749.83984375,4045.669921875,20953.5390625,15750.6318359375,4009.00830078125,21.904769897460938,0.0,15223.41796875,0.16077521443367004,28.39494514465332,1.848085641860962,4.915706157684326,4.720564365386963,1.6161198616027832,2.62268328666687,6.629730224609375,0.0010919941123574972,0.30065488815307617,1.0981703996658325,0.0,0.0,0.0,0.0,5879.41552734375,382.6618957519531,630.4446411132812,1980.2061767578125,346.13323974609375,0.0,572.2025146484375,0.03596155717968941,0.0,65.2313232421875,0.0,0.0,0.0,397.8422546386719,397.8422546386719,121.85485076904297,137.61215209960938,102.66057586669922,0.0,0.0,0.0,121.85485076904297,137.61215209960938,102.66057586669922,0.0,0.0,0.0,13.737773895263672,18.346786499023438,8.123449325561523,0.0,0.0,0.0
248.0,52.36397171020508,40780.4140625,4045.669921875,20984.11328125,15750.6318359375,4009.00830078125,21.295455932617188,0.0,15655.724609375,0.16118204593658447,28.44272232055664,1.8530359268188477,4.915706157684326,4.7216796875,1.6161198616027832,2.62268328666687,6.630926609039307,0.0010919941123574972,0.30065488815307617,1.0981703996658325,0.0,0.0,0.0,0.0,5985.56689453125,389.9581298828125,638.1444091796875,2023.1175537109375,277.35955810546875,0.0,715.8729858398438,0.044987406581640244,18.03929328918457,97.84697723388672,0.0,0.0,0.0,399.41583251953125,399.41583251953125,149.41775512695312,165.9790496826172,132.45669555664062,0.0,0.0,0.0,149.41775512695312,165.9790496826172,132.45669555664062,0.0,0.0,0.0,22.409236907958984,27.253414154052734,17.4481258392334,0.0,0.0,0.0
249.0,52.48295974731445,40835.9453125,4045.669921875,21039.64453125,15750.6318359375,4009.00830078125,21.327831268310547,0.09795072674751282,15655.724609375,0.16205942630767822,28.545654296875,1.863811731338501,4.915706157684326,4.723503112792969,1.6161198616027832,2.62268328666687,6.633505821228027,0.0010919941123574972,0.30065488815307617,1.0981703996658325,0.0,0.0,0.0,0.0,5994.67919921875,391.4064636230469,637.1924438476562,621.9677124023438,284.1514587402344,0.0,2098.831298828125,0.22948312759399414,18.03929328918457,97.84697723388672,0.0,0.0,0.0,401.0221252441406,401.0221252441406,164.0789337158203,186.00372314453125,161.7279815673828,0.0,0.0,0.0,164.0789337158203,186.00372314453125,161.7279815673828,0.0,0.0,0.0,26.567306518554688,32.980308532714844,25.87965202331543,0.0,0.0,0.0
250.0,52.57917785644531,40853.515625,4045.669921875,21057.21484375,15750.6318359375,4009.00830078125,21.052095413208008,0.3693114221096039,15861.98828125,0.1627659946680069,28.62851905822754,1.872506022453308,4.915706157684326,4.725377559661865,1.6161198616027832,2.62268328666687,6.63558292388916,0.0010919941123574972,0.30065488815307617,1.0981703996658325,0.0,0.0,0.0,0.0,6028.9921875,394.33837890625,638.532958984375,690.9257202148438,359.5314025878906,0.0,2053.199462890625,0.22840265929698944,18.03929328918457,97.84697723388672,0.0,0.0,0.0,402.6670227050781,402.6670227050781,166.27001953125,184.0415496826172,164.78378295898438,0.0,0.0,0.0,166.27001953125,184.0415496826172,164.78378295898438,0.0,0.0,0.0,27.21257209777832,32.41074752807617,26.777851104736328,0.0,0.0,0.0
251.0,52.62855911254883,40882.1171875,4045.669921875,21085.814453125,15750.6318359375,4009.00830078125,20.649734497070312,0.0,16172.828125,0.16312609612941742,28.670711517333984,1.8769357204437256,4.915706157684326,4.726717948913574,1.6161198616027832,2.62268328666687,6.636641025543213,0.0010919941123574972,0.30065488815307617,1.0981703996658325,0.0,0.0,0.0,0.0,6039.62890625,395.3858947753906,638.5642700195312,2001.5045166015625,627.844970703125,0.0,670.4539794921875,0.042117614299058914,18.03929328918457,97.84697723388672,0.0,0.0,0.0,404.3658142089844,404.3658142089844,120.67378234863281,163.48179626464844,134.66534423828125,0.0,0.0,0.0,120.67378234863281,163.48179626464844,134.66534423828125,0.0,0.0,0.0,14.647347450256348,27.168691635131836,18.73988151550293,0.0,0.0,0.0
252.0,52.73371124267578,41001.75,4045.669921875,21205.447265625,15750.6318359375,4009.00830078125,20.283828735351562,0.0,16502.734375,0.1639014482498169,28.76136016845703,1.8863869905471802,4.915706157684326,4.728717803955078,1.6161198616027832,2.62268328666687,6.638918876647949,0.0010919941123574972,0.30065488815307617,1.0981703996658325,0.0,0.0,0.0,0.0,6114.03466796875,401.0045471191406,642.9553833007812,2054.43798828125,630.6137084960938,0.0,750.7994384765625,0.047157928347587585,18.03929328918457,97.84697723388672,0.0,0.0,0.0,406.1154479980469,406.1154479980469,119.02349090576172,153.47784423828125,130.95445251464844,0.0,0.0,0.0,119.02349090576172,153.47784423828125,130.95445251464844,0.0,0.0,0.0,14.530542373657227,24.608440399169922,18.020347595214844,0.0,0.0,0.0
253.0,53.078392028808594,41345.96875,4045.669921875,21462.77734375,15837.5205078125,4009.00830078125,19.655359268188477,0.0,17151.537109375,0.16646283864974976,29.060096740722656,1.9175732135772705,4.915706157684326,4.7333903312683105,1.6161198616027832,2.62268328666687,6.646442413330078,0.0010919941123574972,0.30065488815307617,1.0981703996658325,0.0,0.0,0.0,0.0,6191.5078125,408.5557556152344,644.1083374023438,2079.228515625,1031.5333251953125,0.0,713.8428344726562,0.044814810156822205,5.04817533493042,71.13400268554688,0.0,0.0,0.0,407.9109191894531,407.9109191894531,89.13994598388672,125.46272277832031,85.23796081542969,0.0,0.0,0.0,89.13994598388672,125.46272277832031,85.23796081542969,0.0,0.0,0.0,6.418073654174805,17.0424861907959,5.276744365692139,0.0,0.0,0.0
254.0,53.714481353759766,41833.828125,4045.669921875,21716.654296875,16071.501953125,4009.00830078125,19.744834899902344,0.0,17273.59375,0.17116868495941162,29.608388900756836,1.9750467538833618,4.915706157684326,4.74518346786499,1.6161198616027832,2.62268328666687,6.660264492034912,0.0010919941123574972,0.30065488815307617,1.0981703996658325,0.0,0.0,0.0,0.0,6276.58203125,418.6834716796875,642.0874633789062,2074.740478515625,1029.0745849609375,0.0,710.8280639648438,0.04458571597933769,3.797774076461792,69.56946563720703,0.0,0.0,0.0,409.7207336425781,409.7207336425781,116.03549194335938,136.51705932617188,114.83350372314453,0.0,0.0,0.0,116.03549194335938,136.51705932617188,114.83350372314453,0.0,0.0,0.0,14.195547103881836,20.1864070892334,13.843964576721191,0.0,0.0,0.0
255.0,54.18806076049805,42112.63671875,4045.669921875,21949.978515625,16116.9892578125,4009.00830078125,20.49049949645996,0.0,16776.791015625,0.1747070699930191,30.019668579101562,2.0180022716522217,4.915706157684326,4.7505998611450195,1.6161198616027832,2.62268328666687,6.670657634735107,0.0010919941123574972,0.30065488815307617,1.0981703996658325,0.0,0.0,0.0,0.0,6260.41943359375,420.84210205078125,634.624267578125,2021.143310546875,849.8734741210938,0.0,636.8256225585938,0.039917103946208954,0.0,65.2313232421875,0.0,0.0,0.0,411.4935607910156,411.4935607910156,120.23741912841797,139.95126342773438,117.71240234375,0.0,0.0,0.0,120.23741912841797,139.95126342773438,117.71240234375,0.0,0.0,0.0,14.678945541381836,20.44524574279785,13.940378189086914,0.0,0.0,0.0
256.0,54.978515625,42447.91015625,4045.669921875,22285.25,16116.9892578125,4009.00830078125,20.64137840270996,0.0,16788.951171875,0.18062809109687805,30.707361221313477,2.0901217460632324,4.915706157684326,4.757927894592285,1.6161198616027832,2.62268328666687,6.688048839569092,0.0010919941123574972,0.30065488815307617,1.0981703996658325,0.0,0.0,0.0,0.0,6403.533203125,435.8617248535156,635.2296142578125,2073.013916015625,525.57275390625,0.0,752.4957885742188,0.04711458459496498,2.1040894985198975,67.6043930053711,0.0,0.0,0.0,413.2215270996094,413.2215270996094,126.01376342773438,143.53138732910156,116.12168884277344,0.0,0.0,0.0,126.01376342773438,143.53138732910156,116.12168884277344,0.0,0.0,0.0,16.217647552490234,21.341552734375,13.32421588897705,0.0,0.0,0.0
257.0,55.58222579956055,42553.9921875,4045.669921875,22391.33203125,16116.9892578125,4009.00830078125,21.687589645385742,0.0,16049.6328125,0.18514762818813324,31.232162475585938,2.145216703414917,4.915706157684326,4.7639479637146,1.6161198616027832,2.62268328666687,6.701323986053467,0.0010919941123574972,0.30065488815307617,1.0981703996658325,0.0,0.0,0.0,0.0,6342.3095703125,435.6287841796875,623.1890258789062,1960.9107666015625,369.54803466796875,0.0,598.9244384765625,0.03746727481484413,0.0,65.2313232421875,0.0,0.0,0.0,414.9150695800781,414.9150695800781,116.09393310546875,136.67022705078125,121.7505874633789,0.0,0.0,0.0,116.09393310546875,136.67022705078125,121.7505874633789,0.0,0.0,0.0,12.26988410949707,18.288450241088867,13.924456596374512,0.0,0.0,0.0
258.0,55.885536193847656,42588.7109375,4045.669921875,22426.05078125,16116.9892578125,4581.716796875,21.978126525878906,0.0,15860.458984375,0.18740515410900116,31.49419403076172,2.1727516651153564,4.915706157684326,4.768805503845215,1.6161198616027832,2.62268328666687,6.707953929901123,0.0010919941123574972,0.30065488815307617,1.0981703996658325,0.0,0.0,0.0,0.0,6335.85595703125,437.1040954589844,619.0213012695312,1918.873046875,348.3443603515625,0.0,546.5440063476562,0.03417590260505676,0.0,60.946937561035156,0.0,0.0,0.0,416.5475769042969,416.5475769042969,100.30725860595703,126.43048858642578,112.46232604980469,0.0,0.0,0.0,100.30725860595703,126.43048858642578,112.46232604980469,0.0,0.0,0.0,7.3617472648620605,15.002792358398438,10.91710376739502,0.0,0.0,0.0
259.0,56.0195198059082,42623.07421875,4045.669921875,22460.4140625,16116.9892578125,4581.716796875,22.321435928344727,0.0,15640.505859375,0.18840248882770538,31.609628677368164,2.1848533153533936,4.915706157684326,4.771329879760742,1.6161198616027832,2.62268328666687,6.710878372192383,0.0010919941123574972,0.30065488815307617,1.0981703996658325,0.0,0.0,0.0,0.0,6304.728515625,435.7820129394531,615.1390991210938,1875.2799072265625,340.1432189941406,0.0,491.51220703125,0.030728932470083237,0.0,54.359432220458984,0.0,0.0,0.0,418.14013671875,418.14013671875,106.46540069580078,128.74351501464844,104.66638946533203,0.0,0.0,0.0,106.46540069580078,128.74351501464844,104.66638946533203,0.0,0.0,0.0,8.819694519042969,15.336040496826172,8.29348373413086,0.0,0.0,0.0
260.0,56.1578369140625,42674.578125,4045.669921875,22511.919921875,16116.9892578125,4581.716796875,21.70979881286621,0.0,16084.6591796875,0.18941782414913177,31.726991653442383,2.197218418121338,4.915706157684326,4.775927543640137,1.6161198616027832,2.62268328666687,6.71385383605957,0.0010919941123574972,0.30065488815307617,1.0981703996658325,0.0,0.0,0.0,0.0,6420.185546875,444.62298583984375,621.8422241210938,1922.634765625,272.29205322265625,0.0,622.1864624023438,0.03889117389917374,15.766987800598145,95.00381469726562,0.0,0.0,0.0,419.7138977050781,419.7138977050781,129.1013641357422,150.80038452148438,129.49888610839844,0.0,0.0,0.0,129.1013641357422,150.80038452148438,129.49888610839844,0.0,0.0,0.0,16.052349090576172,22.39931297302246,16.168624877929688,0.0,0.0,0.0
261.0,56.25760269165039,42691.703125,4045.669921875,22529.044921875,16116.9892578125,4581.716796875,21.721837997436523,0.0,16084.6591796875,0.19014611840248108,31.811147689819336,2.2060649394989014,4.915706157684326,4.7798285484313965,1.6161198616027832,2.62268328666687,6.715987682342529,0.0010919941123574972,0.30065488815307617,1.0981703996658325,0.0,0.0,0.0,0.0,6427.2919921875,445.72503662109375,621.1464233398438,1917.859375,279.0368347167969,0.0,612.6445922851562,0.03828950598835945,15.085171699523926,94.15071105957031,0.0,0.0,0.0,421.3091735839844,421.3091735839844,150.0267333984375,165.59848022460938,122.80365753173828,0.0,0.0,0.0,150.0267333984375,165.59848022460938,122.80365753173828,0.0,0.0,0.0,22.16098403930664,26.715717315673828,14.198230743408203,0.0,0.0,0.0
262.0,56.307228088378906,42697.12109375,4045.669921875,22534.462890625,16116.9892578125,4581.716796875,21.434131622314453,0.0,16296.56640625,0.19050675630569458,31.85280418395996,2.210439682006836,4.915706157684326,4.782007217407227,1.6161198616027832,2.62268328666687,6.717043876647949,0.0010919941123574972,0.30065488815307617,1.0981703996658325,0.0,0.0,0.0,0.0,6459.5087890625,448.2605285644531,622.8109741210938,1546.0887451171875,353.1981506347656,0.0,1008.2716674804688,0.06464318186044693,18.03929328918457,97.84697723388672,0.0,0.0,0.0,422.9339294433594,422.9339294433594,102.76974487304688,167.4804229736328,123.40470886230469,0.0,0.0,0.0,102.76974487304688,167.4804229736328,123.40470886230469,0.0,0.0,0.0,8.626019477844238,27.55389404296875,14.66174602508545,0.0,0.0,0.0
263.0,56.32884216308594,42718.53515625,4045.669921875,22555.876953125,16116.9892578125,4581.716796875,21.019790649414062,0.0,16615.927734375,0.19066645205020905,31.871240615844727,2.2123677730560303,4.915706157684326,4.782628059387207,1.6161198616027832,2.62268328666687,6.717511177062988,0.0010919941123574972,0.30065488815307617,1.0981703996658325,0.0,0.0,0.0,0.0,6473.21435546875,449.3433532714844,623.3837890625,1903.6416015625,617.156982421875,0.0,584.8658447265625,0.03654981032013893,18.03929328918457,97.84697723388672,0.0,0.0,0.0,424.61041259765625,424.61041259765625,142.2764892578125,160.25289916992188,143.49444580078125,0.0,0.0,0.0,142.2764892578125,160.25289916992188,143.49444580078125,0.0,0.0,0.0,20.59608268737793,25.85418128967285,20.952335357666016,0.0,0.0,0.0
264.0,56.40974807739258,42839.65625,4045.669921875,22676.99609375,16116.9892578125,4581.716796875,20.66021728515625,0.0,16942.8125,0.19127261638641357,31.941118240356445,2.219675302505493,4.915706157684326,4.783969402313232,1.6161198616027832,2.62268328666687,6.719284534454346,0.0010919941123574972,0.30065488815307617,1.0981703996658325,0.0,0.0,0.0,0.0,6545.09716796875,454.8366394042969,627.514404296875,1965.8594970703125,619.7582397460938,0.0,665.6763305664062,0.04159511998295784,14.182769775390625,93.02159881591797,0.0,0.0,0.0,426.3338928222656,426.3338928222656,129.61788940429688,147.33876037597656,131.64959716796875,0.0,0.0,0.0,129.61788940429688,147.33876037597656,131.64959716796875,0.0,0.0,0.0,17.253015518188477,22.43636703491211,17.847291946411133,0.0,0.0,0.0
265.0,56.77157211303711,43202.1171875,4045.669921875,22954.93359375,16201.513671875,4581.716796875,20.020606994628906,0.0,17608.90625,0.19400069117546082,32.255001068115234,2.252556085586548,4.915706157684326,4.788323879241943,1.6161198616027832,2.62268328666687,6.727264881134033,0.0010919941123574972,0.30065488815307617,1.0981703996658325,0.0,0.0,0.0,0.0,6633.2587890625,463.2394104003906,629.2106323242188,1995.0047607421875,1014.4212646484375,0.0,632.4794921875,0.03950047120451927,0.0,65.2313232421875,0.0,0.0,0.0,428.1029052734375,428.1029052734375,70.26617431640625,118.53041076660156,106.57512664794922,0.0,0.0,0.0,70.26617431640625,118.53041076660156,106.57512664794922,0.0,0.0,0.0,0.5322484374046326,14.649537086486816,11.152617454528809,0.0,0.0,0.0
266.0,57.447181701660156,43706.8203125,4045.669921875,23223.529296875,16437.619140625,4581.716796875,20.109167098999023,0.0,17734.220703125,0.1990717053413391,32.83793640136719,2.3138389587402344,4.915706157684326,4.799807548522949,1.6161198616027832,2.62268328666687,6.742098331451416,0.0010919941123574972,0.30065488815307617,1.0981703996658325,0.0,0.0,0.0,0.0,6722.2734375,473.6673278808594,627.4179077148438,1986.181396484375,1012.2622680664062,0.0,628.4366455078125,0.03921058401465416,0.0,65.2313232421875,0.0,0.0,0.0,429.8878479003906,429.8878479003906,119.8947525024414,132.3474578857422,119.43192291259766,0.0,0.0,0.0,119.8947525024414,132.3474578857422,119.43192291259766,0.0,0.0,0.0,14.960047721862793,18.60246467590332,14.82466983795166,0.0,0.0,0.0
267.0,57.94879913330078,43984.390625,4045.669921875,23455.232421875,16483.486328125,4581.716796875,20.862476348876953,0.0,17224.1640625,0.2028694450855255,33.27349090576172,2.359480142593384,4.915706157684326,4.805323600769043,1.6161198616027832,2.62268328666687,6.753207683563232,0.0010919941123574972,0.30065488815307617,1.0981703996658325,0.0,0.0,0.0,0.0,6702.84326171875,475.3100891113281,620.2769165039062,1920.7359619140625,836.2109375,0.0,556.7239379882812,0.03471128270030022,0.0,58.058868408203125,0.0,0.0,0.0,431.6400451660156,431.6400451660156,122.39100646972656,138.22689819335938,114.1307144165039,0.0,0.0,0.0,122.39100646972656,138.22689819335938,114.1307144165039,0.0,0.0,0.0,14.936893463134766,19.568891525268555,12.520757675170898,0.0,0.0,0.0
268.0,58.7299690246582,44308.25,4045.669921875,23779.09375,16483.486328125,4581.716796875,21.003501892089844,0.0,17236.6484375,0.2087978720664978,33.952880859375,2.4309422969818115,4.915706157684326,4.812373638153076,1.6161198616027832,2.62268328666687,6.770549297332764,0.0010919941123574972,0.30065488815307617,1.0981703996658325,0.0,0.0,0.0,0.0,6840.458984375,489.7599182128906,620.8659057617188,1977.531982421875,517.147216796875,0.0,665.8531494140625,0.041469231247901917,0.0,65.2313232421875,0.0,0.0,0.0,433.35333251953125,433.35333251953125,122.48654174804688,142.74000549316406,124.28744506835938,0.0,0.0,0.0,122.48654174804688,142.74000549316406,124.28744506835938,0.0,0.0,0.0,14.823812484741211,20.74795150756836,15.350576400756836,0.0,0.0,0.0
269.0,59.31871032714844,44410.72265625,4045.669921875,23881.56640625,16483.486328125,4581.716796875,22.064714431762695,0.0,16477.6171875,0.21326929330825806,34.465179443359375,2.4848756790161133,4.915706157684326,4.817330360412598,1.6161198616027832,2.62268328666687,6.783628940582275,0.0010919941123574972,0.30065488815307617,1.0981703996658325,0.0,0.0,0.0,0.0,6770.861328125,488.16656494140625,609.7055053710938,1852.7540283203125,363.9259948730469,0.0,524.1324462890625,0.032615553587675095,0.0,54.359432220458984,0.0,0.0,0.0,435.0382080078125,435.0382080078125,115.7748031616211,137.18295288085938,131.166015625,0.0,0.0,0.0,115.7748031616211,137.18295288085938,131.166015625,0.0,0.0,0.0,11.79941463470459,18.061298370361328,16.30134391784668,0.0,0.0,0.0
270.0,59.613067626953125,44675.4453125,4277.97021484375,23913.990234375,16483.486328125,4581.716796875,22.475391387939453,0.0,16283.3994140625,0.2155027836561203,34.72100830078125,2.5118203163146973,4.915706157684326,4.820147514343262,1.6161198616027832,2.62268328666687,6.790162086486816,0.0010919941123574972,0.30065488815307617,1.0981703996658325,0.0,0.0,0.0,0.0,6762.12353515625,489.1919860839844,605.9251708984375,1802.8336181640625,343.1777648925781,0.0,477.5213928222656,0.02970263361930847,0.0,50.683250427246094,0.0,0.0,0.0,436.6681213378906,436.6681213378906,87.41582489013672,125.55205535888672,127.21759796142578,0.0,0.0,0.0,87.41582489013672,125.55205535888672,127.21759796142578,0.0,0.0,0.0,3.093735694885254,14.24858283996582,14.735755920410156,0.0,0.0,0.0
271.0,59.74064254760742,44695.80078125,4277.97021484375,23934.34375,16483.486328125,4581.716796875,22.81865119934082,0.0,16057.583984375,0.2164672464132309,34.831295013427734,2.5234427452087402,4.915706157684326,4.822030067443848,1.6161198616027832,2.62268328666687,6.7929816246032715,0.0010919941123574972,0.30065488815307617,1.0981703996658325,0.0,0.0,0.0,0.0,6723.1767578125,487.07781982421875,602.3458251953125,1755.416259765625,334.97833251953125,0.0,430.75067138671875,0.026788581162691116,0.0,44.01609420776367,0.0,0.0,0.0,438.2622985839844,438.2622985839844,96.0324935913086,112.77247619628906,115.90503692626953,0.0,0.0,0.0,96.0324935913086,112.77247619628906,115.90503692626953,0.0,0.0,0.0,5.270853519439697,10.167298316955566,11.083571434020996,0.0,0.0,0.0
272.0,59.8278923034668,44718.953125,4277.97021484375,23957.498046875,16483.486328125,4581.716796875,22.177457809448242,0.0,16513.57421875,0.21712754666805267,34.90673828125,2.531388998031616,4.915706157684326,4.823298931121826,1.6161198616027832,2.62268328666687,6.7949113845825195,0.0010919941123574972,0.30065488815307617,1.0981703996658325,0.0,0.0,0.0,0.0,6841.73681640625,496.1534118652344,608.857421875,1863.0142822265625,268.3023376464844,0.0,550.9039306640625,0.034256745129823685,0.0,54.359432220458984,0.0,0.0,0.0,439.83428955078125,439.83428955078125,124.02800750732422,136.70022583007812,122.91775512695312,0.0,0.0,0.0,124.02800750732422,136.70022583007812,122.91775512695312,0.0,0.0,0.0,14.100733757019043,17.807357788085938,13.775985717773438,0.0,0.0,0.0
273.0,59.879920959472656,44790.0,4277.97021484375,24028.54296875,16483.486328125,4581.716796875,22.215991973876953,0.0,16513.57421875,0.21752497553825378,34.95218276977539,2.5361697673797607,4.915706157684326,4.823543548583984,1.6161198616027832,2.62268328666687,6.7960734367370605,0.0010919941123574972,0.30065488815307617,1.0981703996658325,0.0,0.0,0.0,0.0,6844.72021484375,496.6606140136719,608.454833984375,1822.823974609375,275.0372314453125,0.0,545.4034423828125,0.033912189304828644,9.019646644592285,79.62068176269531,0.0,0.0,0.0,441.4217834472656,441.4217834472656,136.45004272460938,160.57199096679688,86.144775390625,0.0,0.0,0.0,136.45004272460938,160.57199096679688,86.144775390625,0.0,0.0,0.0,17.695646286010742,24.751314163208008,2.9813547134399414,0.0,0.0,0.0
274.0,60.13827896118164,44923.55859375,4277.97021484375,24162.099609375,16483.486328125,4581.716796875,21.983924865722656,0.0,16731.142578125,0.21948648989200592,35.17648696899414,2.5598227977752686,4.915706157684326,4.8262481689453125,1.6161198616027832,2.62268328666687,6.801808834075928,0.0010919941123574972,0.30065488815307617,1.0981703996658325,0.0,0.0,0.0,0.0,6898.765625,502.029052734375,609.1776123046875,854.8800659179688,347.77154541015625,0.0,1525.4984130859375,0.09481792896986008,9.019646644592285,79.48417663574219,0.0,0.0,0.0,443.02484130859375,443.02484130859375,146.61563110351562,175.6455535888672,136.18032836914062,0.0,0.0,0.0,146.61563110351562,175.6455535888672,136.18032836914062,0.0,0.0,0.0,20.901145935058594,29.392398834228516,17.848819732666016,0.0,0.0,0.0
275.0,60.36216735839844,44967.91015625,4277.97021484375,24206.453125,16483.486328125,4581.716796875,21.568950653076172,0.0,17059.017578125,0.2211594432592392,35.36771011352539,2.580012321472168,4.915706157684326,4.832157135009766,1.6161198616027832,2.62268328666687,6.806699752807617,0.0010919941123574972,0.30065488815307617,1.0981703996658325,0.0,0.0,0.0,0.0,6936.4912109375,506.00482177734375,609.1464233398438,1782.536865234375,607.2568969726562,0.0,505.6540832519531,0.0314192995429039,10.335229873657227,88.4588623046875,0.0,0.0,0.0,444.6789855957031,444.6789855957031,145.4055633544922,161.76080322265625,145.74240112304688,0.0,0.0,0.0,145.4055633544922,161.76080322265625,145.74240112304688,0.0,0.0,0.0,20.962175369262695,25.746084213256836,21.060699462890625,0.0,0.0,0.0
276.0,60.48268508911133,45046.06640625,4277.97021484375,24284.607421875,16483.486328125,4581.716796875,21.19120979309082,0.0,17382.880859375,0.2220645695924759,35.47083282470703,2.590827703475952,4.915706157684326,4.835189342498779,1.6161198616027832,2.62268328666687,6.809343338012695,0.0010919941123574972,0.30065488815307617,1.0981703996658325,0.0,0.0,0.0,0.0,7011.744140625,512.1453247070312,612.732421875,1887.5550537109375,609.4945678710938,0.0,574.287841796875,0.035677891224622726,0.0,54.359432220458984,0.0,0.0,0.0,446.3887023925781,446.3887023925781,130.6798095703125,141.6613311767578,131.94357299804688,0.0,0.0,0.0,130.6798095703125,141.6613311767578,131.94357299804688,0.0,0.0,0.0,17.032634735107422,20.244731903076172,17.402286529541016,0.0,0.0,0.0
277.0,60.76480484008789,45356.83984375,4277.97021484375,24513.28515625,16565.5859375,4581.716796875,20.50261878967285,0.0,18066.2734375,0.22420917451381683,35.714447021484375,2.6163854598999023,4.915706157684326,4.839730739593506,1.6161198616027832,2.62268328666687,6.815605163574219,0.0010919941123574972,0.30065488815307617,1.0981703996658325,0.0,0.0,0.0,0.0,7100.93994140625,520.2039184570312,615.2951049804688,1879.5711669921875,998.6256713867188,0.0,551.8853759765625,0.034272365272045135,0.0,54.359432220458984,0.0,0.0,0.0,448.14691162109375,448.14691162109375,83.11434936523438,114.65342712402344,104.68240356445312,0.0,0.0,0.0,83.11434936523438,114.65342712402344,104.68240356445312,0.0,0.0,0.0,3.8083276748657227,13.03350830078125,10.116983413696289,0.0,0.0,0.0
278.0,61.351463317871094,45840.15234375,4277.97021484375,24758.419921875,16803.76171875,4581.716796875,20.572202682495117,0.0,18194.845703125,0.22864924371242523,36.21832275390625,2.669506788253784,4.915706157684326,4.851986885070801,1.6161198616027832,2.62268328666687,6.828568458557129,0.0010919941123574972,0.30065488815307617,1.0981703996658325,0.0,0.0,0.0,0.0,7181.31494140625,529.3058471679688,614.2808837890625,1874.83203125,997.3737182617188,0.0,554.2409057617188,0.03439013659954071,0.0,54.359432220458984,0.0,0.0,0.0,449.9232482910156,449.9232482910156,121.02623748779297,131.97299194335938,104.01519775390625,0.0,0.0,0.0,121.02623748779297,131.97299194335938,104.01519775390625,0.0,0.0,0.0,14.827971458435059,18.029897689819336,9.852241516113281,0.0,0.0,0.0
279.0,61.800086975097656,46101.34375,4277.97021484375,24973.375,16850.0,4581.716796875,21.329404830932617,0.0,17671.548828125,0.2317100614309311,36.56493377685547,2.705538749694824,4.964454174041748,4.857228755950928,1.6161198616027832,2.62268328666687,6.837503910064697,0.0010919941123574972,0.30065488815307617,1.0981703996658325,0.0,0.0,0.0,0.0,7139.58154296875,528.277099609375,613.7302856445312,1806.0482177734375,824.0731201171875,0.0,491.1679382324219,0.030459079891443253,0.0,48.60561752319336,0.0,0.0,0.0,451.6687316894531,451.6687316894531,121.1270980834961,138.33523559570312,122.6775131225586,0.0,0.0,0.0,121.1270980834961,138.33523559570312,122.6775131225586,0.0,0.0,0.0,14.100272178649902,19.133651733398438,14.553768157958984,0.0,0.0,0.0
280.0,62.63451385498047,46569.51953125,4277.97021484375,25441.55078125,16850.0,4581.716796875,21.533010482788086,0.0,17684.35546875,0.23654335737228394,37.11186218261719,2.762556314468384,5.169332027435303,4.863887310028076,1.6161198616027832,2.62268328666687,6.851613998413086,0.0010919941123574972,0.30065488815307617,1.0981703996658325,0.0,0.0,0.0,0.0,7257.525390625,540.2402954101562,638.9942626953125,1863.0523681640625,510.04632568359375,0.0,594.1736450195312,0.03681369498372078,0.0,54.359432220458984,0.0,0.0,0.0,453.3803405761719,453.3803405761719,130.5760955810547,143.16741943359375,118.60893249511719,0.0,0.0,0.0,130.5760955810547,143.16741943359375,118.60893249511719,0.0,0.0,0.0,16.660497665405273,20.343460083007812,13.160101890563965,0.0,0.0,0.0
281.0,63.4678840637207,46747.8828125,4277.97021484375,25619.9140625,16850.0,4581.716796875,22.65596580505371,0.0,16905.611328125,0.24118119478225708,37.636531829833984,2.8183422088623047,5.3976731300354,4.870281219482422,1.6161198616027832,2.62268328666687,6.8651533126831055,0.0010919941123574972,0.30065488815307617,1.0981703996658325,0.0,0.0,0.0,0.0,7156.875,535.9293212890625,654.2391967773438,1722.2425537109375,358.2244567871094,0.0,461.1697082519531,0.02854839339852333,0.0,43.487548828125,0.0,0.0,0.0,455.0674133300781,455.0674133300781,121.25430297851562,139.71615600585938,125.50735473632812,0.0,0.0,0.0,121.25430297851562,139.71615600585938,125.50735473632812,0.0,0.0,0.0,12.810916900634766,18.211009979248047,14.05493450164795,0.0,0.0,0.0
282.0,63.919891357421875,46804.89453125,4277.97021484375,25676.92578125,16850.0,4581.716796875,22.96904945373535,0.0,16706.33984375,0.24363422393798828,37.91400909423828,2.8479650020599365,5.528720855712891,4.874527454376221,1.6161198616027832,2.62268328666687,6.872314453125,0.0010919941123574972,0.30065488815307617,1.0981703996658325,0.0,0.0,0.0,0.0,7131.78466796875,535.7141723632812,665.31494140625,1664.0609130859375,337.27899169921875,0.0,418.6673889160156,0.025905484333634377,0.0,43.487548828125,0.0,0.0,0.0,456.7038269042969,456.7038269042969,109.85613250732422,129.2473907470703,121.9983139038086,0.0,0.0,0.0,109.85613250732422,129.2473907470703,121.9983139038086,0.0,0.0,0.0,9.163869857788086,14.835811614990234,12.715457916259766,0.0,0.0,0.0
283.0,64.12369537353516,46823.2578125,4277.97021484375,25695.2890625,16850.0,4581.716796875,23.318584442138672,0.0,16474.662109375,0.24472159147262573,38.0369987487793,2.8610990047454834,5.589955806732178,4.876711845397949,1.6161198616027832,2.62268328666687,6.875488758087158,0.0010919941123574972,0.30065488815307617,1.0981703996658325,0.0,0.0,0.0,0.0,7082.25146484375,532.71875,668.4862670898438,1606.0819091796875,328.9179992675781,0.0,372.9252014160156,0.02307046949863434,0.0,47.26926803588867,0.0,0.0,0.0,458.31158447265625,458.31158447265625,110.07508087158203,119.24163818359375,111.53424072265625,0.0,0.0,0.0,110.07508087158203,119.24163818359375,111.53424072265625,0.0,0.0,0.0,8.878376007080078,11.559595108032227,9.305180549621582,0.0,0.0,0.0
284.0,64.2075424194336,46829.06640625,4277.97021484375,25701.099609375,16850.0,4581.716796875,22.653844833374023,0.0,16942.5,0.24516335129737854,38.08696365356445,2.8664331436157227,5.61579704284668,4.877691745758057,1.6161198616027832,2.62268328666687,6.8767781257629395,0.0010919941123574972,0.30065488815307617,1.0981703996658325,0.0,0.0,0.0,0.0,7220.16845703125,543.3914794921875,678.4513549804688,1723.724609375,263.988037109375,0.0,478.92254638671875,0.02962540090084076,0.0,43.530982971191406,0.0,0.0,0.0,459.90374755859375,459.90374755859375,108.32502746582031,120.55137634277344,111.07408142089844,0.0,0.0,0.0,108.32502746582031,120.55137634277344,111.07408142089844,0.0,0.0,0.0,9.031225204467773,12.60743236541748,9.83532428741455,0.0,0.0,0.0
285.0,64.24020385742188,46830.90625,4277.97021484375,25702.9375,16850.0,4581.716796875,22.658039093017578,0.0,16942.5,0.24530696868896484,38.10320281982422,2.8681552410125732,5.629335403442383,4.8782854080200195,1.6161198616027832,2.62268328666687,6.877197265625,0.0010919941123574972,0.30065488815307617,1.0981703996658325,0.0,0.0,0.0,0.0,7219.18603515625,543.4122314453125,679.7552490234375,1718.6688232421875,270.6471252441406,0.0,475.4233093261719,0.029408160597085953,0.0,43.487548828125,0.0,0.0,0.0,461.5011291503906,461.5011291503906,128.6658935546875,139.5604248046875,127.47980499267578,0.0,0.0,0.0,128.6658935546875,139.5604248046875,127.47980499267578,0.0,0.0,0.0,14.976733207702637,18.16338348388672,14.629804611206055,0.0,0.0,0.0
286.0,64.25714111328125,46838.62109375,4277.97021484375,25710.65234375,16850.0,4581.716796875,22.35806655883789,0.0,17165.7109375,0.24536718428134918,38.11000061035156,2.8688929080963135,5.637292861938477,4.879498481750488,1.6161198616027832,2.62268328666687,6.877373218536377,0.0010919941123574972,0.30065488815307617,1.0981703996658325,0.0,0.0,0.0,0.0,7254.2744140625,546.0964965820312,682.7578735351562,1698.043701171875,342.75372314453125,0.0,490.2808532714844,0.030326861888170242,9.019646644592285,76.10321044921875,0.0,0.0,0.0,463.10198974609375,463.10198974609375,134.4333038330078,158.61607360839844,111.30613708496094,0.0,0.0,0.0,134.4333038330078,158.61607360839844,111.30613708496094,0.0,0.0,0.0,16.963674545288086,24.037134170532227,10.198978424072266,0.0,0.0,0.0
287.0,64.27494049072266,46863.578125,4277.97021484375,25735.607421875,16850.0,4581.716796875,21.92561912536621,0.901047945022583,17502.09765625,0.24547964334487915,38.12264633178711,2.8702995777130127,5.6395111083984375,4.880584239959717,1.6161198616027832,2.62268328666687,6.877700328826904,0.0010919941123574972,0.30065488815307617,1.0981703996658325,0.0,0.0,0.0,0.0,7274.76025390625,547.7254028320312,684.2763671875,1671.579345703125,599.1182250976562,0.0,461.6962890625,0.02855813317000866,9.019646644592285,76.10321044921875,0.0,0.0,0.0,464.73663330078125,464.73663330078125,141.56808471679688,155.7378692626953,121.68558502197266,0.0,0.0,0.0,141.56808471679688,155.7378692626953,121.68558502197266,0.0,0.0,0.0,18.581998825073242,22.726659774780273,12.766366958618164,0.0,0.0,0.0
288.0,64.35987854003906,47006.484375,4277.97021484375,25878.513671875,16850.0,4581.716796875,21.58374786376953,0.0,17822.958984375,0.24604292213916779,38.1859016418457,2.876873731613159,5.650527000427246,4.882472515106201,1.6161198616027832,2.62268328666687,6.879339218139648,0.0010919941123574972,0.30065488815307617,1.0981703996658325,0.0,0.0,0.0,0.0,7352.154296875,553.9013061523438,689.544677734375,1772.1328125,601.7679443359375,0.0,519.5467529296875,0.03213309496641159,0.0,49.67513656616211,0.0,0.0,0.0,466.4150695800781,466.4150695800781,109.46974182128906,134.49969482421875,112.6861572265625,0.0,0.0,0.0,109.46974182128906,134.49969482421875,112.6861572265625,0.0,0.0,0.0,10.436151504516602,17.75741195678711,11.376952171325684,0.0,0.0,0.0
289.0,64.8522720336914,47496.0,4277.97021484375,26288.359375,16929.669921875,4581.716796875,20.95451545715332,0.0,18523.66015625,0.24905778467655182,38.52388000488281,2.912088632583618,5.751657009124756,4.888758182525635,1.6161198616027832,2.62268328666687,6.8881096839904785,0.0010919941123574972,0.30065488815307617,1.0981703996658325,0.0,0.0,0.0,0.0,7453.63232421875,563.433349609375,704.150390625,1757.735107421875,985.4481811523438,0.0,497.79888916015625,0.030770814046263695,0.0,46.787513732910156,0.0,0.0,0.0,468.131103515625,468.131103515625,85.92583465576172,119.08411407470703,106.71022033691406,0.0,0.0,0.0,85.92583465576172,119.08411407470703,106.71022033691406,0.0,0.0,0.0,4.178790092468262,13.877588272094727,10.258222579956055,0.0,0.0,0.0
290.0,65.83908081054688,48178.6484375,4277.97021484375,26730.763671875,17169.916015625,4581.716796875,21.10270881652832,0.0,18655.482421875,0.2552405297756195,39.15406036376953,2.9782986640930176,6.003395080566406,4.903270244598389,1.6161198616027832,2.62268328666687,6.906096935272217,0.0010919941123574972,0.30065488815307617,1.0981703996658325,0.0,0.0,0.0,0.0,7536.57275390625,573.278076171875,731.8091430664062,1734.0206298828125,982.932861328125,0.0,492.5618591308594,0.030412299558520317,0.0,44.869319915771484,0.0,0.0,0.0,469.8649597167969,469.8649597167969,120.1922378540039,133.70570373535156,117.42500305175781,0.0,0.0,0.0,120.1922378540039,133.70570373535156,117.42500305175781,0.0,0.0,0.0,14.053520202636719,18.006210327148438,13.244104385375977,0.0,0.0,0.0
291.0,66.6678237915039,48391.109375,4277.97021484375,26896.619140625,17216.521484375,4581.716796875,21.851755142211914,0.0,18118.931640625,0.2634459137916565,39.61223220825195,3.0266735553741455,6.2820539474487305,4.914730072021484,1.6161198616027832,2.62268328666687,6.929967403411865,0.0010919941123574972,0.30065488815307617,1.0981703996658325,0.0,0.0,0.0,0.0,7480.2861328125,571.55029296875,755.909423828125,1642.826416015625,810.2376708984375,0.0,428.6287841796875,0.02642481029033661,0.0,43.487548828125,0.0,0.0,0.0,471.57843017578125,471.57843017578125,119.30740356445312,139.21728515625,109.15238189697266,0.0,0.0,0.0,119.30740356445312,139.21728515625,109.15238189697266,0.0,0.0,0.0,13.045660972595215,18.869298934936523,10.075316429138184,0.0,0.0,0.0
292.0,67.19254302978516,48561.41015625,4277.97021484375,27066.91796875,17216.521484375,4581.716796875,21.915285110473633,0.0,18132.060546875,0.2691209614276886,39.843162536621094,3.050917387008667,6.52337121963501,4.920778274536133,1.6161198616027832,2.62268328666687,6.94647741317749,0.0010919941123574972,0.30065488815307617,1.0981703996658325,0.0,0.0,0.0,0.0,7573.35693359375,579.916015625,786.4962768554688,1723.6851806640625,502.90966796875,0.0,525.3784790039062,0.032355472445487976,0.0,48.336029052734375,0.0,0.0,0.0,473.2633056640625,473.2633056640625,129.33982849121094,143.34083557128906,115.99224090576172,0.0,0.0,0.0,129.33982849121094,143.34083557128906,115.99224090576172,0.0,0.0,0.0,15.91661548614502,20.01190948486328,12.012445449829102,0.0,0.0,0.0
293.0,67.58755493164062,48635.04296875,4277.97021484375,27140.55078125,17216.521484375,4581.716796875,23.005680084228516,0.0,17333.60546875,0.2735101878643036,40.00054931640625,3.0677666664123535,6.722601413726807,4.9251627922058105,1.6161198616027832,2.62268328666687,6.9592461585998535,0.0010919941123574972,0.30065488815307617,1.0981703996658325,0.0,0.0,0.0,0.0,7415.07763671875,568.6853637695312,796.0945434570312,1600.3621826171875,353.4072570800781,0.0,419.70294189453125,0.025826476514339447,0.0,47.26926803588867,0.0,0.0,0.0,474.92608642578125,474.92608642578125,121.7033462524414,139.3466033935547,118.80573272705078,0.0,0.0,0.0,121.7033462524414,139.3466033935547,118.80573272705078,0.0,0.0,0.0,12.592548370361328,17.75320053100586,11.744997024536133,0.0,0.0,0.0
294.0,67.79029083251953,48658.578125,4277.97021484375,27164.087890625,17216.521484375,4581.716796875,23.30653190612793,0.0,17129.298828125,0.27579465508461,40.07639694213867,3.0759332180023193,6.829823017120361,4.927727222442627,1.6161198616027832,2.62268328666687,6.965892314910889,0.0010919941123574972,0.30065488815307617,1.0981703996658325,0.0,0.0,0.0,0.0,7365.97119140625,565.35107421875,802.0773315429688,1563.4840087890625,332.949462890625,0.0,384.2673645019531,0.023635966703295708,0.0,47.26926803588867,0.0,0.0,0.0,476.54119873046875,476.54119873046875,107.76006317138672,130.45399475097656,124.2399673461914,0.0,0.0,0.0,107.76006317138672,130.45399475097656,124.2399673461914,0.0,0.0,0.0,8.213286399841309,14.8512601852417,13.033658981323242,0.0,0.0,0.0
295.0,67.87953186035156,48666.16015625,4277.97021484375,27171.669921875,17216.521484375,4581.716796875,23.655757904052734,0.0,16891.75,0.27679577469825745,40.10786819458008,3.0793354511260986,6.877838611602783,4.9301652908325195,1.6161198616027832,2.62268328666687,6.968804359436035,0.0010919941123574972,0.30065488815307617,1.0981703996658325,0.0,0.0,0.0,0.0,7303.3125,560.7216186523438,800.8876342773438,1515.036865234375,324.6786804199219,0.0,347.86639404296875,0.02139301598072052,0.0,47.26926803588867,0.0,0.0,0.0,478.1336364746094,478.1336364746094,83.94039916992188,127.31678771972656,120.6209945678711,0.0,0.0,0.0,83.94039916992188,127.31678771972656,120.6209945678711,0.0,0.0,0.0,0.8968084454536438,13.584402084350586,11.625883102416992,0.0,0.0,0.0
296.0,67.91633605957031,48670.171875,4277.97021484375,27175.6796875,17216.521484375,4581.716796875,22.9798526763916,0.0,17371.43359375,0.277206152677536,40.119441986083984,3.0806021690368652,6.896551609039307,4.933815956115723,1.6161198616027832,2.62268328666687,6.969998359680176,0.0010919941123574972,0.30065488815307617,1.0981703996658325,0.0,0.0,0.0,0.0,7451.9453125,572.203369140625,816.737060546875,1626.575927734375,261.1369323730469,0.0,449.1990051269531,0.027622662484645844,0.0,43.487548828125,0.0,0.0,0.0,479.71942138671875,479.71942138671875,109.97076416015625,117.99580383300781,119.0019760131836,0.0,0.0,0.0,109.97076416015625,117.99580383300781,119.0019760131836,0.0,0.0,0.0,9.18659496307373,11.533919334411621,11.828224182128906,0.0,0.0,0.0
297.0,67.93404388427734,48672.56640625,4277.97021484375,27178.07421875,17216.521484375,4581.716796875,22.984256744384766,0.0,17371.43359375,0.27756714820861816,40.1243896484375,3.081129789352417,6.904843330383301,4.936346054077148,1.6161198616027832,2.62268328666687,6.971047878265381,0.0010919941123574972,0.30065488815307617,1.0981703996658325,0.0,0.0,0.0,0.0,7449.33740234375,572.0304565429688,817.2128295898438,1624.1282958984375,267.71844482421875,0.0,445.77264404296875,0.027410143986344337,0.0,43.487548828125,0.0,0.0,0.0,481.3169860839844,481.3169860839844,109.0851821899414,123.87063598632812,117.0434799194336,0.0,0.0,0.0,109.0851821899414,123.87063598632812,117.0434799194336,0.0,0.0,0.0,8.923158645629883,13.247903823852539,11.250961303710938,0.0,0.0,0.0
298.0,67.94275665283203,48673.70703125,4277.97021484375,27179.21484375,17216.521484375,4581.716796875,22.67645263671875,0.0,17600.2890625,0.27778762578964233,40.12641143798828,3.0813400745391846,6.908308029174805,4.938497543334961,1.6161198616027832,2.62268328666687,6.971689224243164,0.0010919941123574972,0.30065488815307617,1.0981703996658325,0.0,0.0,0.0,0.0,7490.2841796875,575.1851196289062,821.112548828125,1641.1925048828125,339.2769470214844,0.0,461.7084045410156,0.028388867154717445,0.0,43.487548828125,0.0,0.0,0.0,482.90850830078125,482.90850830078125,123.36024475097656,135.1332550048828,119.53020477294922,0.0,0.0,0.0,123.36024475097656,135.1332550048828,119.53020477294922,0.0,0.0,0.0,13.406420707702637,16.850025177001953,12.286131858825684,0.0,0.0,0.0
299.0,67.94725799560547,48675.6015625,4277.97021484375,27181.111328125,17216.521484375,4581.716796875,22.226423263549805,0.0,17945.1953125,0.27794894576072693,40.126922607421875,3.0813939571380615,6.909200668334961,4.940918445587158,1.6161198616027832,2.62268328666687,6.972157001495361,0.0010919941123574972,0.30065488815307617,1.0981703996658325,0.0,0.0,0.0,0.0,7509.62109375,576.6727294921875,822.2378540039062,1623.2080078125,592.9107055664062,0.0,434.82244873046875,0.026734955608844757,0.0,43.487548828125,0.0,0.0,0.0,484.51904296875,484.51904296875,97.85938262939453,133.0408935546875,114.5555191040039,0.0,0.0,0.0,97.85938262939453,133.0408935546875,114.5555191040039,0.0,0.0,0.0,6.397446155548096,16.688037872314453,11.281064987182617,0.0,0.0,0.0
300.0,67.95330810546875,48682.21484375,4277.97021484375,27187.72265625,17216.521484375,4581.716796875,21.829740524291992,0.0,18263.02734375,0.2782176434993744,40.12700653076172,3.081402063369751,6.913086414337158,4.941936016082764,1.6161198616027832,2.62268328666687,6.972935199737549,0.0010919941123574972,0.30065488815307617,1.0981703996658325,0.0,0.0,0.0,0.0,7591.29443359375,582.9447631835938,829.3079223632812,1679.1326904296875,596.488037109375,0.0,492.00677490234375,0.030249403789639473,0.0,44.23283767700195,0.0,0.0,0.0,486.1533203125,486.1533203125,107.79281616210938,115.41592407226562,112.71258544921875,0.0,0.0,0.0,107.79281616210938,115.41592407226562,112.71258544921875,0.0,0.0,0.0,9.69965934753418,11.929417610168457,11.138692855834961,0.0,0.0,0.0
