time,Total Generation Capacity,Total Transmission,Transmission for Interconnection km,Total Transmission for Generation Connection,Total Transmission for Demand Connection,Total Interconnection Capacity,Transmission Tariff[f0],Congestion Tariff[f0],National Peak Demand[f0],Generation Capacity by Tech[TBiomass],Generation Capacity by Tech[TWindOnS],Generation Capacity by Tech[TWindOffS],Generation Capacity by Tech[TPV],Generation Capacity by Tech[THydroDam],Generation Capacity by Tech[THRoR],Generation Capacity by Tech[TThermo1],Generation Capacity by Tech[TThermo2],Generation Capacity by Tech[TGeothermal],Generation Capacity by Tech[TPVBESSOp1],Generation Capacity by Tech[TPVBESSOp2],Generation Capacity by Tech[TOther1],Generation Capacity by Tech[TOther2],Generation Capacity by Tech[TOther3],Generation by Tech per Month[TBiomass],Generation by Tech per Month[TWindOnS],Generation by Tech per Month[TWindOffS],Generation by Tech per Month[TPV],Generation by Tech per Month[THydroDam],Generation by Tech per Month[THRoR],Generation by Tech per Month[TThermo1],Generation by Tech per Month[TThermo2],Generation by Tech per Month[TGeothermal],Generation by Tech per Month[TPVBESSOp1],Generation by Tech per Month[TPVBESSOp2],Generation by Tech per Month[TOther1],Generation by Tech per Month[TOther2],Generation by Tech per Month[TOther3],Generation by Tech per Month[DERBESS],Generation by Tech per Month[DER],"Electricity Tariff[Regulated,Z1]","Electricity Tariff[Regulated,Z2]","Electricity Tariff[Regulated,Z3]","Electricity Tariff[Regulated,Z4]","Electricity Tariff[Regulated,Z5]","Electricity Tariff[Regulated,Z6]","Electricity Tariff[Unregulated,Z1]","Electricity Tariff[Unregulated,Z2]","Electricity Tariff[Unregulated,Z3]","Electricity Tariff[Unregulated,Z4]","Electricity Tariff[Unregulated,Z5]","Electricity Tariff[Unregulated,Z6]","Generation Tariff[f0,Z1]","Generation Tariff[f0,Z2]","Generation Tariff[f0,Z3]","Generation Tariff[f0,Z4]","Generation Tariff[f0,Z5]","Generation Tariff[f0,Z6]"
0.0,14.057049751281738,16177.3701171875,1836.469970703125,5622.81982421875,8718.080078125,1600.0,16.893709182739258,0.9912989735603333,7532.21728515625,0.06656000018119812,1.021299958229065,0.0,0.4778200089931488,3.705590009689331,1.5324699878692627,2.6226699352264404,4.630640029907227,0.0,0.0,0.0,0.0,0.0,0.0,0.0,279.896484375,0.0,79.0820083618164,2668.02490234375,894.5088500976562,0.0,1152.0262451171875,0.0,0.0,0.0,0.0,0.0,0.0,0.0046911598183214664,0.0046911598183214664,181.14532470703125,182.1839599609375,196.01895141601562,0.0,0.0,0.0,181.14532470703125,182.1839599609375,196.01895141601562,0.0,0.0,0.0,35.10000228881836,35.40380096435547,39.45053482055664,0.0,0.0,0.0
1.0,14.069549560546875,16177.3701171875,1836.469970703125,5622.81982421875,8718.080078125,1600.0,16.2564640045166,0.0,7829.2529296875,0.06656000018119812,1.021299958229065,0.0,0.4778200089931488,3.705590009689331,1.5449700355529785,2.6226699352264404,4.630640029907227,0.0,0.0,0.0,0.0,0.0,0.0,0.0,279.896484375,0.0,79.0820083618164,2668.02490234375,1112.37841796875,0.0,1133.036865234375,0.0,0.0,0.0,0.0,0.0,0.0,1.2013099193572998,1.2013099193572998,149.28443908691406,174.45584106445312,185.87631225585938,0.0,0.0,0.0,149.28443908691406,174.45584106445312,185.87631225585938,0.0,0.0,0.0,27.40923500061035,34.77186965942383,38.11235809326172,0.0,0.0,0.0
2.0,14.069549560546875,16182.3701171875,1836.469970703125,5627.81982421875,8718.080078125,1600.0,16.148393630981445,0.0,7885.88427734375,0.06656000018119812,1.021299958229065,0.0,0.4778200089931488,3.705590009689331,1.5449700355529785,2.6226699352264404,4.630640029907227,0.0,0.0,0.0,0.0,0.0,0.0,0.0,279.896484375,0.0,79.0820083618164,2668.02490234375,1112.37841796875,0.0,1169.962158203125,0.0,0.0,0.0,0.0,0.0,0.0,2.421818733215332,2.421818733215332,92.00096130371094,174.93270874023438,175.94871520996094,0.0,0.0,0.0,92.00096130371094,174.93270874023438,175.94871520996094,0.0,0.0,0.0,10.761886596679688,35.01942443847656,35.31660461425781,0.0,0.0,0.0
3.0,14.069549560546875,16182.3701171875,1836.469970703125,5627.81982421875,8718.080078125,1600.0,16.628740310668945,0.0,7659.966796875,0.06656000018119812,1.021299958229065,0.0,0.4778200089931488,3.705590009689331,1.5449700355529785,2.6226699352264404,4.630640029907227,0.0,0.0,0.0,0.0,0.0,0.0,0.0,279.896484375,0.0,79.0820083618164,2668.02490234375,925.83251953125,0.0,1203.1397705078125,0.0,0.0,0.0,0.0,0.0,0.0,3.6169071197509766,3.6169071197509766,56.86869812011719,177.2322998046875,180.53204345703125,0.0,0.0,0.0,56.86869812011719,177.2322998046875,180.53204345703125,0.0,0.0,0.0,0.005354371853172779,35.211708068847656,36.176883697509766,0.0,0.0,0.0
4.0,14.069549560546875,16182.3701171875,1836.469970703125,5627.81982421875,8718.080078125,1600.0,16.61847496032715,0.0,7666.408203125,0.06656000018119812,1.021299958229065,0.0,0.4778200089931488,3.705590009689331,1.5449700355529785,2.6226699352264404,4.630640029907227,0.0,0.0,0.0,0.0,0.0,0.0,0.0,279.896484375,0.0,79.0820083618164,2668.02490234375,572.429931640625,0.0,1559.72705078125,0.0,0.0,0.0,0.0,0.0,0.0,4.770921230316162,4.770921230316162,122.90522766113281,184.49171447753906,177.4174346923828,0.0,0.0,0.0,122.90522766113281,184.49171447753906,177.4174346923828,0.0,0.0,0.0,19.3313045501709,37.34535217285156,35.276123046875,0.0,0.0,0.0
5.0,14.069549560546875,16182.3701171875,1836.469970703125,5627.81982421875,8718.080078125,1600.0,17.386659622192383,0.0,7329.6728515625,0.06656000018119812,1.021299958229065,0.0,0.4778200089931488,3.705590009689331,1.5449700355529785,2.6226699352264404,4.630640029907227,0.0,0.0,0.0,0.0,0.0,0.0,0.0,279.896484375,0.0,79.0820083618164,1164.00732421875,407.575439453125,0.0,3000.65478515625,0.0,0.0,0.0,0.0,0.0,0.0,5.89736270904541,5.89736270904541,231.749267578125,219.4415740966797,232.09107971191406,0.0,0.0,0.0,231.749267578125,219.4415740966797,232.09107971191406,0.0,0.0,0.0,50.400001525878906,46.79999923706055,50.49998092651367,0.0,0.0,0.0
6.0,14.069549560546875,16182.3701171875,1836.469970703125,5627.81982421875,8718.080078125,1600.0,17.596271514892578,0.0,7244.119140625,0.06656000018119812,1.021299958229065,0.0,0.4778200089931488,3.705590009689331,1.5449700355529785,2.6226699352264404,4.630640029907227,0.0,0.0,0.0,0.0,0.0,0.0,11.96236801147461,279.896484375,0.0,79.0820083618164,1114.9945068359375,385.8840637207031,0.0,3000.65478515625,0.0,0.0,0.0,0.0,0.0,0.0,7.012072563171387,7.012072563171387,232.46588134765625,232.53921508789062,232.8076934814453,0.0,0.0,0.0,232.46588134765625,232.53921508789062,232.8076934814453,0.0,0.0,0.0,50.400001525878906,50.42144775390625,50.49998092651367,0.0,0.0,0.0
7.0,14.069549560546875,16182.3701171875,1836.469970703125,5627.81982421875,8718.080078125,1600.0,17.846263885498047,0.0,7144.48388671875,0.06656000018119812,1.021299958229065,0.0,0.4778200089931488,3.705590009689331,1.5449700355529785,2.6226699352264404,4.630640029907227,0.0,0.0,0.0,0.0,0.0,0.0,30.670848846435547,279.896484375,0.0,79.0820083618164,294.9912109375,378.31988525390625,740.6047973632812,3000.65478515625,0.0,0.0,0.0,0.0,0.0,0.0,8.15385913848877,8.15385913848877,273.4573059082031,236.05453491210938,233.71824645996094,0.0,0.0,0.0,273.4573059082031,236.05453491210938,233.71824645996094,0.0,0.0,0.0,62.13999938964844,51.19968795776367,50.51632308959961,0.0,0.0,0.0
8.0,14.278849601745605,16182.3701171875,1836.469970703125,5627.81982421875,8718.080078125,1600.0,17.354799270629883,0.0,7348.22314453125,0.06656000018119812,1.021299958229065,0.0,0.4778200089931488,3.9148900508880615,1.5449700355529785,2.6226699352264404,4.630640029907227,0.0,0.0,0.0,0.0,0.0,0.0,11.96236801147461,279.896484375,0.0,79.0820083618164,1267.885986328125,300.787109375,0.0,3000.65478515625,0.0,0.0,0.0,0.0,0.0,0.0,9.339858055114746,9.339858055114746,231.6403350830078,224.39247131347656,231.98199462890625,0.0,0.0,0.0,231.6403350830078,224.39247131347656,231.98199462890625,0.0,0.0,0.0,50.400001525878906,48.279998779296875,50.499935150146484,0.0,0.0,0.0
9.0,14.278849601745605,16266.08984375,1836.469970703125,5711.5400390625,8718.080078125,1600.0,17.446962356567383,0.0,7349.07763671875,0.06656000018119812,1.021299958229065,0.0,0.4778200089931488,3.9148900508880615,1.5449700355529785,2.6226699352264404,4.630640029907227,0.0,0.0,0.0,0.0,0.0,0.0,30.670848846435547,279.896484375,0.0,79.0820083618164,0.0,308.4625244140625,1240.8291015625,3000.65478515625,0.0,0.0,0.0,0.0,0.0,0.0,10.588114738464355,10.588114738464355,272.0921936035156,238.8645477294922,252.1619873046875,0.0,0.0,0.0,272.0921936035156,238.8645477294922,252.1619873046875,0.0,0.0,0.0,62.13999938964844,52.420921325683594,56.310420989990234,0.0,0.0,0.0
10.0,14.278849601745605,16266.08984375,1836.469970703125,5711.5400390625,8718.080078125,1600.0,17.222070693969727,0.0,7446.763671875,0.06656000018119812,1.021299958229065,0.0,0.4778200089931488,3.9148900508880615,1.5449700355529785,2.6226699352264404,4.630640029907227,0.0,0.0,0.0,0.0,0.0,0.0,30.670848846435547,279.896484375,0.0,79.0820083618164,1224.0172119140625,389.77740478515625,0.0,3000.65478515625,0.0,0.0,0.0,0.0,0.0,0.0,11.884404182434082,11.884404182434082,235.15237426757812,233.6970672607422,232.4441375732422,0.0,0.0,0.0,235.15237426757812,233.6970672607422,232.4441375732422,0.0,0.0,0.0,51.560001373291016,51.13431930541992,50.76783752441406,0.0,0.0,0.0
11.0,14.278849601745605,16266.08984375,1836.469970703125,5711.5400390625,8718.080078125,1600.0,16.892786026000977,0.0,7593.58349609375,0.06656000018119812,1.021299958229065,0.0,0.4778200089931488,3.9148900508880615,1.5449700355529785,2.6226699352264404,4.630640029907227,0.0,0.0,0.0,0.0,0.0,0.0,0.0,279.896484375,0.0,79.0820083618164,1061.3441162109375,680.6643676757812,0.0,3000.65478515625,0.0,0.0,0.0,0.0,0.0,0.0,13.236083984375,13.236083984375,230.06080627441406,217.75311279296875,230.40255737304688,0.0,0.0,0.0,230.06080627441406,217.75311279296875,230.40255737304688,0.0,0.0,0.0,50.400001525878906,46.79999923706055,50.499961853027344,0.0,0.0,0.0
12.0,14.278849601745605,16266.08984375,1836.469970703125,5711.5400390625,8718.080078125,1600.0,16.10480308532715,0.0,7966.2626953125,0.06656000018119812,1.021299958229065,0.0,0.4778200089931488,3.9148900508880615,1.5449700355529785,2.6226699352264404,4.630640029907227,0.0,0.0,0.0,0.0,0.0,0.0,0.0,279.896484375,0.0,79.0820083618164,2398.435302734375,901.80517578125,0.0,1692.0384521484375,0.0,0.0,0.0,0.0,0.0,0.0,14.649712562561035,14.649712562561035,160.77207946777344,183.50254821777344,189.3297882080078,0.0,0.0,0.0,160.77207946777344,183.50254821777344,189.3297882080078,0.0,0.0,0.0,30.921030044555664,37.56969451904297,39.27416229248047,0.0,0.0,0.0
13.0,14.755249977111816,16347.0390625,1836.469970703125,5711.5400390625,8799.0283203125,1600.0,15.573415756225586,0.0,8280.4111328125,0.06656000018119812,1.021299958229065,0.0,0.934220016002655,3.9148900508880615,1.5649700164794922,2.6226699352264404,4.630640029907227,0.0,0.0,0.0,0.0,0.0,0.0,0.0,279.896484375,0.0,154.6413116455078,2818.720703125,1126.7784423828125,0.0,1181.35205078125,0.0,0.0,0.0,0.0,0.0,0.0,16.121335983276367,16.121335983276367,170.50140380859375,173.24143981933594,172.34039306640625,0.0,0.0,0.0,170.50140380859375,173.24143981933594,172.34039306640625,0.0,0.0,0.0,34.29824447631836,35.099708557128906,34.836151123046875,0.0,0.0,0.0
14.0,14.755249977111816,16752.400390625,1836.469970703125,5902.10009765625,9013.830078125,1600.0,15.848836898803711,0.0,8340.3115234375,0.06656000018119812,1.021299958229065,0.0,0.934220016002655,3.9148900508880615,1.5649700164794922,2.6226699352264404,4.630640029907227,0.0,0.0,0.0,0.0,0.0,0.0,0.0,279.896484375,0.0,154.6413116455078,2818.720703125,1126.7784423828125,0.0,1220.2164306640625,0.0,0.0,0.0,0.0,0.0,0.0,17.604862213134766,17.604862213134766,114.52899932861328,175.12147521972656,174.40567016601562,0.0,0.0,0.0,114.52899932861328,175.12147521972656,174.40567016601562,0.0,0.0,0.0,17.650896072387695,35.37419509887695,35.16482162475586,0.0,0.0,0.0
15.0,14.755249977111816,16794.56640625,1836.469970703125,5902.10009765625,9055.9970703125,1600.0,16.363178253173828,0.0,8101.376953125,0.06656000018119812,1.021299958229065,0.0,0.934220016002655,3.9148900508880615,1.5649700164794922,2.6226699352264404,4.630640029907227,0.0,0.0,0.0,0.0,0.0,0.0,0.0,279.896484375,0.0,154.6413116455078,2818.720703125,937.8176879882812,0.0,1246.7984619140625,0.0,0.0,0.0,0.0,0.0,0.0,19.042163848876953,19.042163848876953,79.5129623413086,177.4814453125,182.1371307373047,0.0,0.0,0.0,79.5129623413086,177.4814453125,182.1371307373047,0.0,0.0,0.0,6.8943634033203125,35.55014419555664,36.911930084228516,0.0,0.0,0.0
16.0,14.755249977111816,16794.56640625,1836.469970703125,5902.10009765625,9055.9970703125,1600.0,16.353511810302734,0.0,8108.18994140625,0.06656000018119812,1.021299958229065,0.0,0.934220016002655,3.9148900508880615,1.5649700164794922,2.6226699352264404,4.630640029907227,0.0,0.0,0.0,0.0,0.0,0.0,0.0,279.896484375,0.0,154.6413116455078,2818.720703125,579.8401489257812,0.0,1607.990478515625,0.0,0.0,0.0,0.0,0.0,0.0,20.416824340820312,20.416824340820312,141.76385498046875,185.1966094970703,170.17970275878906,0.0,0.0,0.0,141.76385498046875,185.1966094970703,170.17970275878906,0.0,0.0,0.0,25.112417221069336,37.816497802734375,33.42405319213867,0.0,0.0,0.0
17.0,14.755249977111816,16794.56640625,1836.469970703125,5902.10009765625,9055.9970703125,1600.0,17.112150192260742,0.0,7752.04345703125,0.06656000018119812,1.021299958229065,0.0,0.934220016002655,3.9148900508880615,1.5649700164794922,2.6226699352264404,4.630640029907227,0.0,0.0,0.0,0.0,0.0,0.0,0.0,279.896484375,0.0,154.6413116455078,1351.8233642578125,412.8515930175781,0.0,3000.65478515625,0.0,0.0,0.0,0.0,0.0,0.0,21.745868682861328,21.745868682861328,230.81077575683594,218.50308227539062,231.15264892578125,0.0,0.0,0.0,230.81077575683594,218.50308227539062,231.15264892578125,0.0,0.0,0.0,50.400001525878906,46.79999923706055,50.5,0.0,0.0,0.0
18.0,14.755249977111816,16794.56640625,1836.469970703125,5902.10009765625,9055.9970703125,1600.0,17.319501876831055,0.0,7661.552734375,0.06656000018119812,1.021299958229065,0.0,0.934220016002655,3.9148900508880615,1.5649700164794922,2.6226699352264404,4.630640029907227,0.0,0.0,0.0,0.0,0.0,0.0,11.96236801147461,279.896484375,0.0,154.6413116455078,1299.57958984375,390.8794250488281,0.0,3000.65478515625,0.0,0.0,0.0,0.0,0.0,0.0,23.046630859375,23.046630859375,231.51966857910156,231.17811584472656,231.86154174804688,0.0,0.0,0.0,231.51966857910156,231.17811584472656,231.86154174804688,0.0,0.0,0.0,50.400001525878906,50.30009841918945,50.5,0.0,0.0,0.0
19.0,14.755249977111816,16794.56640625,1836.469970703125,5902.10009765625,9055.9970703125,1600.0,17.566675186157227,0.0,7556.18798828125,0.06656000018119812,1.021299958229065,0.0,0.934220016002655,3.9148900508880615,1.5649700164794922,2.6226699352264404,4.630640029907227,0.0,0.0,0.0,0.0,0.0,0.0,30.670848846435547,279.896484375,0.0,154.6413116455078,1216.2437744140625,383.21734619140625,0.0,3000.65478515625,0.0,0.0,0.0,0.0,0.0,0.0,24.364492416381836,24.364492416381836,236.33050537109375,235.01284790039062,232.7065887451172,0.0,0.0,0.0,236.33050537109375,235.01284790039062,232.7065887451172,0.0,0.0,0.0,51.55999755859375,51.17457962036133,50.5,0.0,0.0,0.0
20.0,14.755249977111816,16794.56640625,1836.469970703125,5902.10009765625,9055.9970703125,1600.0,17.08180046081543,0.0,7771.66455078125,0.06656000018119812,1.021299958229065,0.0,0.934220016002655,3.9148900508880615,1.5649700164794922,2.6226699352264404,4.630640029907227,0.0,0.0,0.0,0.0,0.0,0.0,30.670848846435547,279.896484375,0.0,154.6413116455078,68.87246704101562,304.6808776855469,1369.689208984375,3000.65478515625,0.0,0.0,0.0,0.0,0.0,0.0,25.72364044189453,25.72364044189453,270.84375,239.06784057617188,260.8111267089844,0.0,0.0,0.0,270.84375,239.06784057617188,260.8111267089844,0.0,0.0,0.0,62.13999938964844,52.845542907714844,59.2054557800293,0.0,0.0,0.0
21.0,14.755249977111816,16794.56640625,1836.469970703125,5902.10009765625,9055.9970703125,1600.0,17.084468841552734,0.0,7772.56640625,0.06656000018119812,1.021299958229065,0.0,0.934220016002655,3.9148900508880615,1.5649700164794922,2.6226699352264404,4.630640029907227,0.0,0.0,0.0,0.0,0.0,0.0,30.670848846435547,279.896484375,0.0,154.6413116455078,48.790042877197266,312.4556579589844,1381.183349609375,3000.65478515625,0.0,0.0,0.0,0.0,0.0,0.0,27.144752502441406,27.144752502441406,270.8528747558594,238.01220703125,261.7146911621094,0.0,0.0,0.0,270.8528747558594,238.01220703125,261.7146911621094,0.0,0.0,0.0,62.13999938964844,52.53409957885742,59.46707534790039,0.0,0.0,0.0
22.0,14.755249977111816,16794.56640625,1836.469970703125,5902.10009765625,9055.9970703125,1600.0,16.863889694213867,0.0,7875.8837890625,0.06656000018119812,1.021299958229065,0.0,0.934220016002655,3.9148900508880615,1.5649700164794922,2.6226699352264404,4.630640029907227,0.0,0.0,0.0,0.0,0.0,0.0,30.670848846435547,279.896484375,0.0,154.6413116455078,1415.7305908203125,394.8231506347656,0.0,3000.65478515625,0.0,0.0,0.0,0.0,0.0,0.0,28.612194061279297,28.612194061279297,233.92782592773438,232.7806396484375,230.30369567871094,0.0,0.0,0.0,233.92782592773438,232.7806396484375,230.30369567871094,0.0,0.0,0.0,51.560001373291016,51.224449157714844,50.49993896484375,0.0,0.0,0.0
23.0,14.755249977111816,16794.56640625,1836.469970703125,5902.10009765625,9055.9970703125,1600.0,16.540830612182617,0.0,8031.1474609375,0.06656000018119812,1.021299958229065,0.0,0.934220016002655,3.9148900508880615,1.5649700164794922,2.6226699352264404,4.630640029907227,0.0,0.0,0.0,0.0,0.0,0.0,0.0,279.896484375,0.0,154.6413116455078,1254.8023681640625,689.4757080078125,0.0,3000.65478515625,0.0,0.0,0.0,0.0,0.0,0.0,30.14108657836914,30.14108657836914,228.8575439453125,216.5498504638672,229.29222106933594,0.0,0.0,0.0,228.8575439453125,216.5498504638672,229.29222106933594,0.0,0.0,0.0,50.400001525878906,46.79999923706055,50.52714538574219,0.0,0.0,0.0
24.0,14.755249977111816,16799.37109375,1836.469970703125,5902.10009765625,9060.7998046875,1600.0,15.81851863861084,0.0,8400.583984375,0.06656000018119812,1.021299958229065,0.0,0.934220016002655,3.9148900508880615,1.5649700164794922,2.6226699352264404,4.630640029907227,0.0,0.0,0.0,0.0,0.0,0.0,0.0,279.896484375,0.0,154.6413116455078,1278.0474853515625,913.479248046875,0.0,3000.65478515625,0.0,0.0,0.0,0.0,0.0,0.0,31.737333297729492,31.737333297729492,226.38807678222656,214.0803985595703,226.7298126220703,0.0,0.0,0.0,226.38807678222656,214.0803985595703,226.7298126220703,0.0,0.0,0.0,50.399993896484375,46.79999923706055,50.49995422363281,0.0,0.0,0.0
25.0,14.755249977111816,16937.259765625,1836.469970703125,5902.10009765625,9198.689453125,1600.0,15.34435749053955,0.0,8731.8623046875,0.06656000018119812,1.021299958229065,0.0,0.934220016002655,3.9148900508880615,1.5649700164794922,2.6226699352264404,4.630640029907227,0.0,0.0,0.0,0.0,0.0,0.0,0.0,279.896484375,0.0,154.6413116455078,2818.720703125,1126.7784423828125,0.0,1468.166748046875,0.0,0.0,0.0,0.0,0.0,0.0,33.39497756958008,33.39497756958008,167.79795837402344,179.11517333984375,176.35873413085938,0.0,0.0,0.0,167.79795837402344,179.11517333984375,176.35873413085938,0.0,0.0,0.0,33.73654556274414,37.04682922363281,36.240570068359375,0.0,0.0,0.0
26.0,14.755249977111816,17090.05078125,1836.469970703125,5902.10009765625,9351.48046875,1600.0,15.375303268432617,0.0,8795.021484375,0.06656000018119812,1.021299958229065,0.0,0.934220016002655,3.9148900508880615,1.5649700164794922,2.6226699352264404,4.630640029907227,0.0,0.0,0.0,0.0,0.0,0.0,0.0,279.896484375,0.0,154.6413116455078,2818.720703125,1126.7784423828125,0.0,1509.046630859375,0.0,0.0,0.0,0.0,0.0,0.0,35.057899475097656,35.057899475097656,110.98974609375,180.22401428222656,166.57789611816406,0.0,0.0,0.0,110.98974609375,180.22401428222656,166.57789611816406,0.0,0.0,0.0,17.089197158813477,37.3402214050293,33.348731994628906,0.0,0.0,0.0
27.0,14.755249977111816,17118.951171875,1836.469970703125,5902.10009765625,9380.380859375,1600.0,15.86276912689209,0.0,8543.0625,0.06656000018119812,1.021299958229065,0.0,0.934220016002655,3.9148900508880615,1.5649700164794922,2.6226699352264404,4.630640029907227,0.0,0.0,0.0,0.0,0.0,0.0,0.0,279.896484375,0.0,154.6413116455078,2818.720703125,937.8176879882812,0.0,1526.6873779296875,0.0,0.0,0.0,0.0,0.0,0.0,36.66362762451172,36.66362762451172,75.88182830810547,181.9968719482422,169.0580291748047,0.0,0.0,0.0,75.88182830810547,181.9968719482422,169.0580291748047,0.0,0.0,0.0,6.332664489746094,37.371315002441406,33.58670425415039,0.0,0.0,0.0
28.0,14.755249977111816,17118.951171875,1836.469970703125,5902.10009765625,9380.380859375,1600.0,15.853609085083008,0.0,8550.2392578125,0.06656000018119812,1.021299958229065,0.0,0.934220016002655,3.9148900508880615,1.5649700164794922,2.6226699352264404,4.630640029907227,0.0,0.0,0.0,0.0,0.0,0.0,0.0,279.896484375,0.0,154.6413116455078,2818.720703125,579.8401489257812,0.0,1887.9686279296875,0.0,0.0,0.0,0.0,0.0,0.0,38.193634033203125,38.193634033203125,123.59235382080078,190.302978515625,174.8072052001953,0.0,0.0,0.0,123.59235382080078,190.302978515625,174.8072052001953,0.0,0.0,0.0,20.29715347290039,39.81001281738281,35.277496337890625,0.0,0.0,0.0
29.0,14.755249977111816,17118.951171875,1836.469970703125,5902.10009765625,9380.380859375,1600.0,16.591524124145508,0.0,8174.67626953125,0.06656000018119812,1.021299958229065,0.0,0.934220016002655,3.9148900508880615,1.5649700164794922,2.6226699352264404,4.630640029907227,0.0,0.0,0.0,0.0,0.0,0.0,11.96236801147461,279.896484375,0.0,154.6413116455078,1606.6136474609375,412.8515930175781,0.0,3000.65478515625,0.0,0.0,0.0,0.0,0.0,0.0,39.669761657714844,39.669761657714844,229.03085327148438,221.78298950195312,229.37274169921875,0.0,0.0,0.0,229.03085327148438,221.78298950195312,229.37274169921875,0.0,0.0,0.0,50.400001525878906,48.279998779296875,50.5,0.0,0.0,0.0
30.0,14.755249977111816,17118.951171875,1836.469970703125,5902.10009765625,9380.380859375,1600.0,16.793420791625977,0.0,8079.25341796875,0.06656000018119812,1.021299958229065,0.0,0.934220016002655,3.9148900508880615,1.5649700164794922,2.6226699352264404,4.630640029907227,0.0,0.0,0.0,0.0,0.0,0.0,30.670848846435547,279.896484375,0.0,154.6413116455078,420.2924499511719,390.8794250488281,1123.8634033203125,3000.65478515625,0.0,0.0,0.0,0.0,0.0,0.0,41.11631393432617,41.11631393432617,269.85784912109375,238.1487274169922,244.0158233642578,0.0,0.0,0.0,269.85784912109375,238.1487274169922,244.0158233642578,0.0,0.0,0.0,62.13999938964844,52.865081787109375,54.581207275390625,0.0,0.0,0.0
31.0,14.767749786376953,17118.951171875,1836.469970703125,5902.10009765625,9380.380859375,1600.0,17.03410530090332,0.0,7968.1337890625,0.06656000018119812,1.021299958229065,0.0,0.934220016002655,3.9148900508880615,1.5774699449539185,2.6226699352264404,4.630640029907227,0.0,0.0,0.0,0.0,0.0,0.0,30.670848846435547,279.896484375,0.0,154.6413116455078,445.68719482421875,386.2782287597656,1026.7576904296875,3000.65478515625,0.0,0.0,0.0,0.0,0.0,0.0,42.580814361572266,42.580814361572266,270.6806945800781,237.32861328125,238.8882598876953,0.0,0.0,0.0,270.6806945800781,237.32861328125,238.8882598876953,0.0,0.0,0.0,62.13999938964844,52.38451385498047,52.84071350097656,0.0,0.0,0.0
32.0,14.767749786376953,17123.951171875,1836.469970703125,5907.10009765625,9380.380859375,1600.0,16.567522048950195,0.0,8195.3603515625,0.06656000018119812,1.021299958229065,0.0,0.934220016002655,3.9148900508880615,1.5774699449539185,2.6226699352264404,4.630640029907227,0.0,0.0,0.0,0.0,0.0,0.0,30.670848846435547,279.896484375,0.0,154.6413116455078,194.58758544921875,307.1144714355469,1508.573486328125,3000.65478515625,0.0,0.0,0.0,0.0,0.0,0.0,44.083248138427734,44.083248138427734,269.0855407714844,237.54367065429688,269.8226013183594,0.0,0.0,0.0,269.0855407714844,237.54367065429688,269.8226013183594,0.0,0.0,0.0,62.13999938964844,52.913997650146484,62.355587005615234,0.0,0.0,0.0
33.0,14.767749786376953,17123.951171875,1836.469970703125,5907.10009765625,9380.380859375,1600.0,16.570310592651367,0.0,8196.310546875,0.06656000018119812,1.021299958229065,0.0,0.934220016002655,3.9148900508880615,1.5774699449539185,2.6226699352264404,4.630640029907227,0.0,0.0,0.0,0.0,0.0,0.0,30.670848846435547,279.896484375,0.0,154.6413116455078,1694.40283203125,314.95135498046875,0.0,3000.65478515625,0.0,0.0,0.0,0.0,0.0,0.0,45.64445495605469,45.64445495605469,164.9496612548828,232.8843536376953,230.89303588867188,0.0,0.0,0.0,164.9496612548828,232.8843536376953,230.89303588867188,0.0,0.0,0.0,31.677465438842773,51.548362731933594,50.965904235839844,0.0,0.0,0.0
34.0,14.767749786376953,17123.951171875,1836.469970703125,5907.10009765625,9380.380859375,1600.0,16.355905532836914,0.0,8305.25390625,0.06656000018119812,1.021299958229065,0.0,0.934220016002655,3.9148900508880615,1.5774699449539185,2.6226699352264404,4.630640029907227,0.0,0.0,0.0,0.0,0.0,0.0,30.670848846435547,279.896484375,0.0,154.6413116455078,429.4364013671875,397.97674560546875,1253.7139892578125,3000.65478515625,0.0,0.0,0.0,0.0,0.0,0.0,47.2537727355957,47.2537727355957,268.362060546875,237.1753387451172,250.5907745361328,0.0,0.0,0.0,268.362060546875,237.1753387451172,250.5907745361328,0.0,0.0,0.0,62.13999938964844,53.017879486083984,56.94189453125,0.0,0.0,0.0
35.0,14.767749786376953,17123.951171875,1836.469970703125,5907.10009765625,9380.380859375,1600.0,16.041765213012695,0.0,8468.994140625,0.06656000018119812,1.021299958229065,0.0,0.934220016002655,3.9148900508880615,1.5774699449539185,2.6226699352264404,4.630640029907227,0.0,0.0,0.0,0.0,0.0,0.0,11.96236801147461,279.896484375,0.0,154.6413116455078,1513.47802734375,694.9827880859375,0.0,3000.65478515625,0.0,0.0,0.0,0.0,0.0,0.0,48.92041778564453,48.92041778564453,227.15133666992188,225.07681274414062,227.49298095703125,0.0,0.0,0.0,227.15133666992188,225.07681274414062,227.49298095703125,0.0,0.0,0.0,50.400001525878906,49.79320526123047,50.499935150146484,0.0,0.0,0.0
36.0,14.767749786376953,17131.060546875,1836.469970703125,5907.10009765625,9387.490234375,1600.0,15.380701065063477,0.0,8836.083984375,0.06656000018119812,1.021299958229065,0.0,0.934220016002655,3.9148900508880615,1.5774699449539185,2.6226699352264404,4.630640029907227,0.0,0.0,0.0,0.0,0.0,0.0,0.0,279.896484375,0.0,154.6413116455078,2398.435302734375,920.7755737304688,0.0,2147.394775390625,0.0,0.0,0.0,0.0,0.0,0.0,50.65664291381836,50.65664291381836,161.6726531982422,192.99594116210938,170.30429077148438,0.0,0.0,0.0,161.6726531982422,192.99594116210938,170.30429077148438,0.0,0.0,0.0,31.908552169799805,41.07061004638672,34.43330383300781,0.0,0.0,0.0
37.0,14.987750053405762,17256.0546875,1836.469970703125,5907.10009765625,9512.4853515625,1600.0,14.904677391052246,0.0,9184.529296875,0.06656000018119812,1.2412999868392944,0.0,0.934220016002655,3.9148900508880615,1.5774699449539185,2.6226699352264404,4.630640029907227,0.0,0.0,0.0,0.0,0.0,0.0,0.0,340.189453125,0.0,154.6413116455078,2818.720703125,1135.7784423828125,0.0,1684.7156982421875,0.0,0.0,0.0,0.0,0.0,0.0,52.45995330810547,52.45995330810547,171.5912628173828,181.60537719726562,187.65859985351562,0.0,0.0,0.0,171.5912628173828,181.60537719726562,187.65859985351562,0.0,0.0,0.0,35.2857666015625,38.21489715576172,39.9854621887207,0.0,0.0,0.0
38.0,14.987750053405762,17490.072265625,1836.469970703125,5995.10009765625,9658.501953125,1600.0,15.001794815063477,0.0,9250.9658203125,0.06656000018119812,1.2412999868392944,0.0,0.934220016002655,3.9148900508880615,1.5774699449539185,2.6226699352264404,4.630640029907227,0.0,0.0,0.0,0.0,0.0,0.0,0.0,340.189453125,0.0,154.6413116455078,2818.720703125,1135.7784423828125,0.0,1727.653564453125,0.0,0.0,0.0,0.0,0.0,0.0,54.272090911865234,54.272090911865234,115.00926971435547,183.45050048828125,175.01687622070312,0.0,0.0,0.0,115.00926971435547,183.45050048828125,175.01687622070312,0.0,0.0,0.0,18.638416290283203,38.657474517822266,36.190643310546875,0.0,0.0,0.0
39.0,14.987750053405762,17517.4453125,1836.469970703125,5995.10009765625,9685.875,1600.0,15.476949691772461,0.0,8985.9375,0.06656000018119812,1.2412999868392944,0.0,0.934220016002655,3.9148900508880615,1.5774699449539185,2.6226699352264404,4.630640029907227,0.0,0.0,0.0,0.0,0.0,0.0,0.0,340.189453125,0.0,154.6413116455078,2818.720703125,945.308349609375,0.0,1737.8555908203125,0.0,0.0,0.0,0.0,0.0,0.0,56.022457122802734,56.022457122802734,79.85926055908203,184.8012237548828,177.0609588623047,0.0,0.0,0.0,79.85926055908203,184.8012237548828,177.0609588623047,0.0,0.0,0.0,7.881884574890137,38.57740783691406,36.31338119506836,0.0,0.0,0.0
40.0,14.987750053405762,17517.4453125,1836.469970703125,5995.10009765625,9685.875,1600.0,15.468114852905273,0.0,8993.49609375,0.06656000018119812,1.2412999868392944,0.0,0.934220016002655,3.9148900508880615,1.5774699449539185,2.6226699352264404,4.630640029907227,0.0,0.0,0.0,0.0,0.0,0.0,0.0,340.189453125,0.0,154.6413116455078,2818.720703125,584.4715576171875,0.0,2102.11767578125,0.0,0.0,0.0,0.0,0.0,0.0,57.68911361694336,57.68911361694336,89.09021759033203,194.14283752441406,204.885986328125,0.0,0.0,0.0,89.09021759033203,194.14283752441406,204.885986328125,0.0,0.0,0.0,10.590773582458496,41.31866455078125,44.461036682128906,0.0,0.0,0.0
41.0,14.987750053405762,17553.908203125,1836.469970703125,6031.56396484375,9685.875,1600.0,16.224164962768555,0.0,8598.455078125,0.06656000018119812,1.2412999868392944,0.0,0.934220016002655,3.9148900508880615,1.5774699449539185,2.6226699352264404,4.630640029907227,0.0,0.0,0.0,0.0,0.0,0.0,11.96236801147461,340.189453125,0.0,154.6413116455078,1808.8431396484375,416.1492004394531,0.0,3000.65478515625,0.0,0.0,0.0,0.0,0.0,0.0,59.29803466796875,59.29803466796875,198.1177520751953,224.76495361328125,228.11680603027344,0.0,0.0,0.0,198.1177520751953,224.76495361328125,228.11680603027344,0.0,0.0,0.0,41.72528076171875,49.51958465576172,50.5,0.0,0.0,0.0
42.0,15.121642112731934,17649.1484375,1836.469970703125,6126.80322265625,9685.875,1600.0,16.51144027709961,0.0,8498.0869140625,0.06656000018119812,1.2412999868392944,0.0,0.9730453491210938,3.9148900508880615,1.5774699449539185,2.6226699352264404,4.630640029907227,0.0,0.044416747987270355,0.050649601966142654,0.0,0.0,0.0,11.96236801147461,340.189453125,0.0,160.7169952392578,1744.893310546875,394.00152587890625,0.0,3000.65478515625,0.0,5.330009937286377,5.51574182510376,0.0,0.0,0.0,60.86812210083008,60.86812210083008,164.09869384765625,225.58465576171875,230.7149200439453,0.0,0.0,0.0,164.09869384765625,225.58465576171875,230.7149200439453,0.0,0.0,0.0,31.4874267578125,49.47207260131836,50.97267532348633,0.0,0.0,0.0
43.0,15.317997932434082,17714.765625,1836.469970703125,6192.4208984375,9685.875,1600.0,16.81123924255371,0.0,8381.2060546875,0.06656000018119812,1.2412999868392944,0.0,1.0433156490325928,3.9148900508880615,1.5774699449539185,2.6226699352264404,4.630640029907227,0.0,0.10335950553417206,0.11779316514730453,0.0,0.0,0.0,11.96236801147461,340.189453125,0.0,171.7022705078125,1646.932373046875,386.2782287597656,0.0,3000.65478515625,0.0,12.403141021728516,12.827675819396973,0.0,0.0,0.0,62.45384216308594,62.45384216308594,182.4287872314453,231.07826232910156,234.8021240234375,0.0,0.0,0.0,182.4287872314453,231.07826232910156,234.8021240234375,0.0,0.0,0.0,36.5491828918457,50.77915573120117,51.86838150024414,0.0,0.0,0.0
44.0,15.449333190917969,17735.52734375,1836.469970703125,6213.1826171875,9685.875,1600.0,16.363834381103516,0.0,8620.2138671875,0.06656000018119812,1.2412999868392944,0.0,1.0942308902740479,3.9148900508880615,1.5774699449539185,2.6226699352264404,4.630640029907227,0.0,0.14096134901046753,0.16061072051525116,0.0,0.0,0.0,30.670848846435547,340.189453125,0.0,179.65931701660156,338.963134765625,307.1144714355469,1510.657958984375,3000.65478515625,0.0,16.915361404418945,17.490507125854492,0.0,0.0,0.0,64.0790786743164,64.0790786743164,268.3891906738281,236.38497924804688,269.278076171875,0.0,0.0,0.0,268.3891906738281,236.38497924804688,269.278076171875,0.0,0.0,0.0,62.13999938964844,52.778770446777344,62.400001525878906,0.0,0.0,0.0
45.0,15.512784957885742,17742.09765625,1836.469970703125,6219.751953125,9685.875,1600.0,16.37281036376953,0.0,8621.2119140625,0.06656000018119812,1.2412999868392944,0.0,1.120017170906067,3.9148900508880615,1.5774699449539185,2.6226699352264404,4.630640029907227,0.0,0.15857380628585815,0.18066436052322388,0.0,0.0,0.0,30.670848846435547,340.189453125,0.0,183.68896484375,321.77691650390625,314.95135498046875,1510.657958984375,3000.65478515625,0.0,19.028858184814453,19.674348831176758,0.0,0.0,0.0,65.7734603881836,65.7734603881836,268.41986083984375,236.24745178222656,269.3087463378906,0.0,0.0,0.0,268.41986083984375,236.24745178222656,269.3087463378906,0.0,0.0,0.0,62.13999938964844,52.72956466674805,62.400001525878906,0.0,0.0,0.0
46.0,15.539790153503418,17744.17578125,1836.469970703125,6221.83056640625,9685.875,1600.0,16.162364959716797,0.0,8735.7978515625,0.06656000018119812,1.2412999868392944,0.0,1.1313488483428955,3.9148900508880615,1.5774699449539185,2.6226699352264404,4.630640029907227,0.0,0.16590280830860138,0.1890089213848114,0.0,0.0,0.0,11.96236801147461,340.189453125,0.0,185.45973205566406,1839.9962158203125,397.97674560546875,0.0,3000.65478515625,0.0,19.908336639404297,20.583072662353516,0.0,0.0,0.0,67.51881408691406,67.51881408691406,177.98959350585938,228.43272399902344,233.19378662109375,0.0,0.0,0.0,177.98959350585938,228.43272399902344,233.19378662109375,0.0,0.0,0.0,35.89958953857422,50.65420913696289,52.046817779541016,0.0,0.0,0.0
47.0,15.550527572631836,17744.83203125,1836.469970703125,6222.48828125,9685.875,1600.0,15.851737976074219,0.0,8908.02734375,0.06656000018119812,1.2412999868392944,0.0,1.1359622478485107,3.9148900508880615,1.5774699449539185,2.6226699352264404,4.630640029907227,0.0,0.16876615583896637,0.1922689825296402,0.0,0.0,0.0,0.0,340.189453125,0.0,186.18064880371094,1667.736328125,694.9827880859375,0.0,3000.65478515625,0.0,20.251937866210938,20.938093185424805,0.0,0.0,0.0,69.32561492919922,69.32561492919922,214.03564453125,214.1939697265625,230.66224670410156,0.0,0.0,0.0,214.03564453125,214.1939697265625,230.66224670410156,0.0,0.0,0.0,46.75368881225586,46.79999923706055,51.61697006225586,0.0,0.0,0.0
48.0,15.554617881774902,17769.326171875,1836.469970703125,6222.6962890625,9710.16015625,1600.0,15.246870040893555,0.0,9272.76171875,0.06656000018119812,1.2412999868392944,0.0,1.137752890586853,3.9148900508880615,1.5774699449539185,2.6226699352264404,4.630640029907227,0.0,0.1698417067527771,0.1934935450553894,0.0,0.0,0.0,0.0,340.189453125,0.0,186.46047973632812,1685.2021484375,920.7755737304688,0.0,3000.65478515625,0.0,20.381004333496094,21.071447372436523,0.0,0.0,0.0,71.20205688476562,71.20205688476562,224.43374633789062,212.1260528564453,224.77537536621094,0.0,0.0,0.0,224.43374633789062,212.1260528564453,224.77537536621094,0.0,0.0,0.0,50.400001525878906,46.79999923706055,50.49992752075195,0.0,0.0,0.0
49.0,15.556132316589355,17902.998046875,1836.469970703125,6222.76220703125,9843.765625,1600.0,14.776782989501953,0.0,9638.4306640625,0.06656000018119812,1.2412999868392944,0.0,1.1384257078170776,3.9148900508880615,1.5774699449539185,2.6226699352264404,4.630640029907227,0.0,0.17023499310016632,0.19394133985042572,0.0,0.0,0.0,0.0,340.189453125,0.0,186.56561279296875,2818.720703125,1135.7784423828125,0.0,1896.2939453125,0.0,20.428199768066406,21.120210647583008,0.0,0.0,0.0,73.14710235595703,73.14710235595703,145.12416076660156,186.39865112304688,172.88162231445312,0.0,0.0,0.0,145.12416076660156,186.39865112304688,172.88162231445312,0.0,0.0,0.0,27.672033309936523,39.74481964111328,35.79109191894531,0.0,0.0,0.0
50.0,15.556680679321289,18041.951171875,1836.469970703125,6222.78271484375,9982.6982421875,1600.0,14.7877779006958,0.0,9708.142578125,0.06656025350093842,1.2413806915283203,2.5486199319857405e-06,1.13863205909729,3.9148900508880615,1.5774714946746826,2.6226699352264404,4.63064432144165,6.875411884266214e-08,0.17035311460494995,0.1940758228302002,0.0,0.0,0.0,0.0,340.2115478515625,0.000698472314979881,186.59786987304688,2818.720703125,1135.779541015625,0.0,1941.220703125,9.504405170446262e-06,20.44237518310547,21.134857177734375,0.0,0.0,0.0,75.09191131591797,75.09191131591797,142.86419677734375,188.1741180419922,149.28883361816406,0.0,0.0,0.0,142.86419677734375,188.1741180419922,149.28883361816406,0.0,0.0,0.0,27.000001907348633,40.253150939941406,28.87920570373535,0.0,0.0,0.0
51.0,15.556876182556152,18201.96484375,1836.469970703125,6357.48388671875,10008.01171875,1600.0,15.368778228759766,0.0,9430.0185546875,0.0665607824921608,1.2415568828582764,8.118464393191971e-06,1.13863205909729,3.9148900508880615,1.5774747133255005,2.6226699352264404,4.630654335021973,2.1501500668819062e-07,0.17035314440727234,0.19407585263252258,0.0,0.0,0.0,0.0,340.2598571777344,0.0022249382454901934,186.59786987304688,2818.720703125,945.3112182617188,0.0,1942.4332275390625,2.9701155654038303e-05,20.4423770904541,21.134859085083008,0.0,0.0,0.0,76.95962524414062,76.95962524414062,53.45958709716797,189.67205810546875,99.38975524902344,0.0,0.0,0.0,53.45958709716797,189.67205810546875,99.38975524902344,0.0,0.0,0.0,0.26815128326416016,40.11029815673828,13.702726364135742,0.0,0.0,0.0
52.0,16.051525115966797,18556.103515625,1836.469970703125,6711.623046875,10008.01171875,1600.0,15.658886909484863,0.0,9437.943359375,0.06752557307481766,1.6899397373199463,0.014551244676113129,1.1386830806732178,3.9148900508880615,1.584920048713684,2.6226730346679688,4.6535868644714355,0.00026541296392679214,0.17038165032863617,0.19410835206508636,0.0,0.0,0.0,0.0,463.1432189941406,3.9878997802734375,186.60585021972656,2818.720703125,587.23193359375,0.0,2177.1611328125,0.03721271827816963,20.445798873901367,21.138399124145508,0.0,0.0,0.0,78.7275161743164,78.7275161743164,107.207275390625,196.501953125,203.30723571777344,0.0,0.0,0.0,107.207275390625,196.501953125,203.30723571777344,0.0,0.0,0.0,15.699241638183594,41.817935943603516,43.80847930908203,0.0,0.0,0.0
53.0,16.785442352294922,18823.498046875,1836.469970703125,6979.017578125,10008.01171875,1600.0,16.628616333007812,0.0,9023.3798828125,0.06872934103012085,2.355745792388916,0.03591671958565712,1.1387403011322021,3.9148900508880615,1.595726728439331,2.6226768493652344,4.687602519989014,0.0005963000585325062,0.17047810554504395,0.19434033334255219,0.0,0.0,0.0,12.291086196899414,645.6134033203125,9.843300819396973,186.61477661132812,1642.669189453125,420.9654541015625,0.0,3037.56640625,0.3434688150882721,20.457372665405273,21.16366195678711,0.0,0.0,0.0,80.43045806884766,80.43045806884766,227.5377655029297,224.20257568359375,229.92416381835938,0.0,0.0,0.0,227.5377655029297,224.20257568359375,229.92416381835938,0.0,0.0,0.0,49.92618179321289,48.95063781738281,50.624202728271484,0.0,0.0,0.0
54.0,17.352596282958984,18943.859375,1836.469970703125,7099.37841796875,10008.01171875,1600.0,16.940044403076172,0.0,8918.052734375,0.0695376992225647,2.866095542907715,0.052180904895067215,1.1387765407562256,3.9148900508880615,1.6035823822021484,2.6226792335510254,4.714048385620117,0.0008184979087673128,0.1717700958251953,0.1982172280550003,0.0,0.0,0.0,32.042972564697266,785.4793090820312,14.300647735595703,186.6204376220703,445.68719482421875,400.5235595703125,962.8857421875,3054.703369140625,0.47145476937294006,20.612411499023438,21.58585548400879,0.0,0.0,0.0,82.09932708740234,82.09932708740234,268.3034973144531,256.13690185546875,240.78680419921875,0.0,0.0,0.0,268.3034973144531,256.13690185546875,240.78680419921875,0.0,0.0,0.0,61.53873062133789,57.97999954223633,53.49009323120117,0.0,0.0,0.0
55.0,17.66078758239746,19061.494140625,1836.469970703125,7217.01220703125,10008.01171875,1600.0,17.29131507873535,0.0,8795.3955078125,0.06977976858615875,3.1321089267730713,0.06057725474238396,1.1387869119644165,3.9148900508880615,1.6060587167739868,2.6226799488067627,4.729215145111084,0.0008850370068103075,0.1756976991891861,0.21010802686214447,0.0,0.0,0.0,12.952001571655273,858.3826904296875,16.601741790771484,186.62208557128906,1263.748291015625,393.27880859375,0.0019195580389350653,3064.531494140625,0.5097813010215759,21.083724975585938,22.88076400756836,0.0,0.0,0.0,83.80014038085938,83.80014038085938,231.4232940673828,257.33782958984375,232.927001953125,0.0,0.0,0.0,231.4232940673828,257.33782958984375,232.927001953125,0.0,0.0,0.0,50.400001525878906,57.97999954223633,50.8398323059082,0.0,0.0,0.0
56.0,18.08745002746582,19234.619140625,1836.469970703125,7390.13818359375,10008.01171875,1600.0,16.962785720825195,0.0,9046.20703125,0.07002464681863785,3.485097646713257,0.07204592972993851,1.138797402381897,3.9148900508880615,1.608591079711914,2.622680902481079,4.749997138977051,0.000952348520513624,0.18526992201805115,0.2391037791967392,0.0,0.0,0.0,32.267356872558594,955.1223754882812,19.744836807250977,186.6237030029297,90.87834167480469,313.1733703613281,1283.1583251953125,3077.998291015625,0.5485527515411377,22.232389450073242,26.038402557373047,0.0,0.0,0.0,85.54859161376953,85.54859161376953,270.4368896484375,256.21466064453125,259.9391174316406,0.0,0.0,0.0,270.4368896484375,256.21466064453125,259.9391174316406,0.0,0.0,0.0,62.13999938964844,57.97999954223633,59.06940841674805,0.0,0.0,0.0
57.0,18.40504264831543,19320.712890625,1836.469970703125,7476.232421875,10008.01171875,1600.0,17.041915893554688,0.0,9047.2529296875,0.0701521635055542,3.6886937618255615,0.07861736416816711,1.1388027667999268,3.9148900508880615,1.6099263429641724,2.622681140899658,4.762085914611816,0.0009874004172161222,0.20855313539505005,0.30965331196784973,0.0,0.0,0.0,32.32611846923828,1010.9197387695312,21.54579734802246,186.62454223632812,54.750144958496094,321.43145751953125,1233.910888671875,3085.83154296875,0.5687426328659058,25.02637481689453,33.72124481201172,0.0,0.0,0.0,87.38212585449219,87.38212585449219,270.5322265625,256.48516845703125,259.0300598144531,0.0,0.0,0.0,270.5322265625,256.48516845703125,259.0300598144531,0.0,0.0,0.0,62.08876419067383,57.97999954223633,58.72438049316406,0.0,0.0,0.0
58.0,18.678295135498047,19402.26953125,1836.469970703125,7557.7880859375,10008.01171875,1600.0,16.891401290893555,0.0,9167.5048828125,0.07023652642965317,3.8443198204040527,0.08375780284404755,1.1388062238693237,3.9148900508880615,1.6108061075210571,2.6226813793182373,4.771091461181641,0.0010105896508321166,0.23398368060588837,0.38671189546585083,0.0,0.0,0.0,0.0,1053.5704345703125,22.954580307006836,186.62509155273438,1253.7835693359375,406.3870544433594,0.0,3091.667236328125,0.5820996165275574,28.07804298400879,42.1129264831543,0.0,0.0,0.0,89.2773666381836,89.2773666381836,234.24501037597656,221.25875854492188,231.33412170410156,0.0,0.0,0.0,234.24501037597656,221.25875854492188,231.33412170410156,0.0,0.0,0.0,51.62526321411133,47.826786041259766,50.773826599121094,0.0,0.0,0.0
59.0,18.85076904296875,19468.771484375,1836.469970703125,7624.2900390625,10008.01171875,1600.0,16.62216567993164,0.0,9348.2373046875,0.07026530057191849,3.9644036293029785,0.08779651671648026,1.1388074159622192,3.9148900508880615,1.611103892326355,2.6226816177368164,4.776708126068115,0.0010184991406276822,0.2445041537284851,0.41859084367752075,0.0,0.0,0.0,0.0,1086.4805908203125,24.061426162719727,186.62527465820312,1027.7452392578125,709.80078125,0.0,3095.306884765625,0.5866555571556091,29.340499877929688,45.58454513549805,0.0,0.0,0.0,91.24393463134766,91.24393463134766,229.13560485839844,216.82791137695312,233.44485473632812,0.0,0.0,0.0,229.13560485839844,216.82791137695312,233.44485473632812,0.0,0.0,0.0,50.400001525878906,46.79999923706055,51.66045379638672,0.0,0.0,0.0
60.0,19.081993103027344,19612.35546875,1836.469970703125,7730.7392578125,10045.146484375,1600.0,16.068553924560547,0.0,9738.943359375,0.07028938829898834,4.14283561706543,0.09369217604398727,1.1388084888458252,3.9148900508880615,1.6113554239273071,2.6226816177368164,4.78436279296875,0.0010251199128106236,0.25417056679725647,0.4478819668292999,0.0,0.0,0.0,0.0,1135.38134765625,25.67718505859375,186.62542724609375,2398.435302734375,940.5546264648438,0.0,1700.61181640625,0.11432069540023804,30.500469207763672,48.774349212646484,0.0,0.0,0.0,93.27257537841797,93.27257537841797,163.34141540527344,185.98020935058594,151.832763671875,0.0,0.0,0.0,163.34141540527344,185.98020935058594,151.832763671875,0.0,0.0,0.0,31.70880889892578,38.33065414428711,28.342529296875,0.0,0.0,0.0
61.0,19.30622100830078,19892.947265625,1836.469970703125,7805.16796875,10251.3095703125,1600.0,15.67635726928711,0.0,10122.9951171875,0.07030586153268814,4.3256072998046875,0.09969581663608551,1.138809084892273,3.9148900508880615,1.6115280389785767,2.6226816177368164,4.791933536529541,0.0010296476539224386,0.2610403597354889,0.46869874000549316,0.0,0.0,0.0,0.0,1185.4716796875,27.32253646850586,186.6255340576172,2818.720703125,1160.3001708984375,0.0,1262.401123046875,0.08518695831298828,31.32484245300293,51.04129409790039,0.0,0.0,0.0,95.34309387207031,95.34309387207031,173.54660034179688,174.62181091308594,170.80528259277344,0.0,0.0,0.0,173.54660034179688,174.62181091308594,170.80528259277344,0.0,0.0,0.0,35.08602523803711,35.40052032470703,34.28418731689453,0.0,0.0,0.0
62.0,19.49502182006836,20139.162109375,1836.469970703125,7854.79833984375,10447.8935546875,1600.0,15.759608268737793,0.0,10196.21484375,0.07031736522912979,4.482942581176758,0.10484020411968231,1.1388095617294312,3.9148900508880615,1.6116489171981812,2.6226816177368164,4.798365116119385,0.0010328093776479363,0.2659420669078827,0.48355188965797424,0.0,0.0,0.0,0.0,1228.5908203125,28.732402801513672,186.6256103515625,2818.720703125,1160.38720703125,0.0,1262.8372802734375,0.08543629944324493,31.91304588317871,52.6588020324707,0.0,0.0,0.0,97.40464782714844,97.40464782714844,116.91720581054688,174.8139190673828,175.62339782714844,0.0,0.0,0.0,116.91720581054688,174.8139190673828,175.62339782714844,0.0,0.0,0.0,18.438674926757812,35.37346267700195,35.61023712158203,0.0,0.0,0.0
63.0,19.607105255126953,20193.833984375,1836.469970703125,7870.50146484375,10486.86328125,1600.0,16.2802791595459,0.0,9904.103515625,0.07032350450754166,4.577329635620117,0.10792197287082672,1.1388099193572998,3.9148900508880615,1.6117192506790161,2.6226816177368164,4.802218437194824,0.0010344968177378178,0.26859256625175476,0.4915834367275238,0.0,0.0,0.0,0.0,1254.4583740234375,29.576988220214844,186.6256561279297,2818.720703125,965.8324584960938,0.0,1230.747802734375,0.08337704092264175,32.23110580444336,53.5334358215332,0.0,0.0,0.0,99.3852310180664,99.3852310180664,147.966796875,175.79270935058594,158.94561767578125,0.0,0.0,0.0,147.966796875,175.79270935058594,158.94561767578125,0.0,0.0,0.0,27.000009536743164,35.13908767700195,30.211315155029297,0.0,0.0,0.0
64.0,19.659130096435547,20200.16015625,1836.469970703125,7876.828125,10486.86328125,1600.0,16.27614402770996,0.0,9912.4248046875,0.07032576948404312,4.621798038482666,0.10938026756048203,1.1388099193572998,3.9148900508880615,1.6118098497390747,2.6226816177368164,4.804239273071289,0.001035120221786201,0.2695811688899994,0.49457913637161255,0.0,0.0,0.0,0.0,1266.6453857421875,29.976648330688477,186.62567138671875,2818.720703125,597.1948852539062,0.0,1590.0584716796875,0.10776688903570175,32.34973907470703,53.85966873168945,0.0,0.0,0.0,101.26167297363281,101.26167297363281,144.25332641601562,182.72900390625,185.4352264404297,0.0,0.0,0.0,144.25332641601562,182.72900390625,185.4352264404297,0.0,0.0,0.0,25.917953491210938,37.17209243774414,37.963661193847656,0.0,0.0,0.0
65.0,19.68581771850586,20220.771484375,1836.469970703125,7897.43896484375,10486.86328125,1600.0,17.058237075805664,0.0,9477.0263671875,0.07032616436481476,4.644886016845703,0.11014856398105621,1.1388099193572998,3.9148900508880615,1.6119630336761475,2.6226816177368164,4.805684566497803,0.0010352275567129254,0.26988327503204346,0.49550843238830566,0.0,0.0,0.0,0.0,1272.972900390625,30.187206268310547,186.62567138671875,1227.3057861328125,425.24871826171875,0.0,3051.272705078125,0.5027642250061035,32.385990142822266,53.96086883544922,0.0,0.0,0.0,103.06312561035156,103.06312561035156,207.0104217529297,217.7823944091797,219.7694549560547,0.0,0.0,0.0,207.0104217529297,217.7823944091797,219.7694549560547,0.0,0.0,0.0,43.4923095703125,46.64311218261719,47.22433090209961,0.0,0.0,0.0
66.0,19.758541107177734,20262.498046875,1836.469970703125,7939.16552734375,10486.86328125,1600.0,17.30356216430664,0.0,9366.3955078125,0.07032667845487595,4.696866989135742,0.11187995225191116,1.1388100385665894,3.9148900508880615,1.6122938394546509,2.6226816177368164,4.809128761291504,0.0010353706311434507,0.2735791802406311,0.5070489048957825,0.0,0.0,0.0,9.405694007873535,1287.21875,30.66170883178711,186.62567138671875,1094.977783203125,402.69940185546875,0.0,3103.995849609375,0.5642879605293274,32.82950210571289,55.217628479003906,0.0,0.0,0.0,104.8102035522461,104.8102035522461,233.7884063720703,224.4425048828125,225.4027862548828,0.0,0.0,0.0,233.7884063720703,224.4425048828125,225.4027862548828,0.0,0.0,0.0,51.07954406738281,48.34587097167969,48.62675476074219,0.0,0.0,0.0
67.0,19.843914031982422,20357.32421875,1836.469970703125,8033.99169921875,10486.86328125,1600.0,17.636173248291016,0.0,9237.576171875,0.07032685726881027,4.7606201171875,0.1139766052365303,1.1388100385665894,3.9148900508880615,1.6124272346496582,2.6226816177368164,4.8135762214660645,0.0010354181285947561,0.27723929286003113,0.5183305740356445,0.0,0.0,0.0,11.407279968261719,1304.69091796875,31.236316680908203,186.62567138671875,1005.6077270507812,394.8382873535156,0.0016884286887943745,3091.004638671875,0.5476539731025696,33.268714904785156,56.446197509765625,0.0,0.0,0.0,106.5616683959961,106.5616683959961,220.9733123779297,249.6876678466797,226.6508026123047,0.0,0.0,0.0,220.9733123779297,249.6876678466797,226.6508026123047,0.0,0.0,0.0,46.9985237121582,55.39746856689453,48.65918731689453,0.0,0.0,0.0
68.0,20.152729034423828,20528.115234375,1836.469970703125,8204.783203125,10486.86328125,1600.0,17.287643432617188,0.0,9500.9921875,0.07032722979784012,5.000561714172363,0.12215368449687958,1.1388100385665894,3.9148900508880615,1.6127164363861084,2.6226816177368164,4.829295635223389,0.0010355215054005384,0.2882147431373596,0.5520434379577637,0.0,0.0,0.0,29.16692543029785,1370.448974609375,33.477317810058594,186.62567138671875,66.39015197753906,313.9765319824219,1073.00927734375,3122.937255859375,0.5782433152198792,34.58576965332031,60.11752700805664,0.0,0.0,0.0,108.3543701171875,108.3543701171875,260.2501220703125,254.01651000976562,251.16053771972656,0.0,0.0,0.0,260.2501220703125,254.01651000976562,251.16053771972656,0.0,0.0,0.0,58.83551788330078,57.01218795776367,56.176815032958984,0.0,0.0,0.0
69.0,20.483745574951172,20617.392578125,1836.469970703125,8294.0595703125,10486.86328125,1600.0,17.365962982177734,0.0,9502.0888671875,0.07032756507396698,5.261176586151123,0.13107451796531677,1.1388100385665894,3.9148900508880615,1.612979769706726,2.6226816177368164,4.845943927764893,0.0010356141719967127,0.29916685819625854,0.5856591463088989,0.0,0.0,0.0,25.886096954345703,1441.872802734375,35.92215347290039,186.6256866455078,1074.177001953125,322.04107666015625,0.0018763949628919363,3103.426513671875,0.5459994077682495,35.9000244140625,63.778282165527344,0.0,0.0,0.0,110.22918701171875,110.22918701171875,227.25437927246094,251.79241943359375,226.2716827392578,0.0,0.0,0.0,227.25437927246094,251.79241943359375,226.2716827392578,0.0,0.0,0.0,49.1059455871582,56.28331756591797,48.81850051879883,0.0,0.0,0.0
70.0,20.682640075683594,20645.640625,1836.469970703125,8322.306640625,10486.86328125,1600.0,17.16288185119629,0.0,9628.3896484375,0.07032773643732071,5.420732498168945,0.13654576241970062,1.1388100385665894,3.915134906768799,1.6131130456924438,2.6226816177368164,4.855696201324463,0.0010356606217101216,0.30500149726867676,0.6035608053207397,0.0,0.0,0.0,9.405818939208984,1485.6005859375,37.42159652709961,186.6256866455078,1053.0118408203125,406.96905517578125,0.0016888324171304703,3091.433837890625,0.5288177728652954,36.600181579589844,65.72776794433594,0.0,0.0,0.0,112.15373229980469,112.15373229980469,217.9403839111328,247.1336212158203,208.75709533691406,0.0,0.0,0.0,217.9403839111328,247.1336212158203,208.75709533691406,0.0,0.0,0.0,46.584678649902344,55.12370300292969,43.89856719970703,0.0,0.0,0.0
71.0,20.775524139404297,20708.546875,1836.469970703125,8385.212890625,10486.86328125,1600.0,16.881755828857422,0.0,9818.2060546875,0.0703277662396431,5.502381324768066,0.13935376703739166,1.1388100385665894,3.915433406829834,1.613135576248169,2.6226816177368164,4.85963773727417,0.001035668421536684,0.30602535605430603,0.6067013144493103,0.0,0.0,0.0,0.0,1507.9771728515625,38.19115447998047,186.6256866455078,911.4441528320312,710.6959228515625,0.0,3040.98291015625,0.4923515319824219,36.72304153442383,66.06977081298828,0.0,0.0,0.0,114.13496398925781,114.13496398925781,189.69155883789062,216.34983825683594,219.31808471679688,0.0,0.0,0.0,189.69155883789062,216.34983825683594,219.31808471679688,0.0,0.0,0.0,38.603023529052734,46.400569915771484,47.26878356933594,0.0,0.0,0.0
72.0,21.0118408203125,20840.025390625,1836.469970703125,8516.69140625,10486.86328125,1600.0,16.449296951293945,0.0,10137.7548828125,0.07032780349254608,5.715025901794434,0.14666536450386047,1.1388100385665894,3.916065216064453,1.6131678819656372,2.6226816177368164,4.869290351867676,0.0010356794809922576,0.3075116276741028,0.611259937286377,0.0,0.0,0.0,0.0,1566.25439453125,40.19496536254883,186.6256866455078,1024.019287109375,941.612548828125,0.0,2850.050537109375,0.1923232525587082,36.901397705078125,66.56620788574219,0.0,0.0,0.0,116.1608657836914,116.1608657836914,179.6992950439453,213.90496826171875,197.3002471923828,0.0,0.0,0.0,179.6992950439453,213.90496826171875,197.3002471923828,0.0,0.0,0.0,36.11274719238281,46.11790466308594,41.26102828979492,0.0,0.0,0.0
73.0,21.273696899414062,21060.826171875,1836.469970703125,8611.2060546875,10613.150390625,1600.0,15.987141609191895,0.0,10537.5283203125,0.07032783329486847,5.952966213226318,0.15484267473220825,1.1388100385665894,3.9166040420532227,1.6131924390792847,2.6226816177368164,4.879846096038818,0.0010356878628954291,0.30864739418029785,0.6147432923316956,0.0,0.0,0.0,0.0,1631.464111328125,42.436031341552734,186.6256866455078,2741.4384765625,1161.49853515625,0.0,1112.11279296875,0.07498273998498917,37.037689208984375,66.94554138183594,0.0,0.0,0.0,118.22329711914062,118.22329711914062,146.35507202148438,174.92779541015625,165.593017578125,0.0,0.0,0.0,146.35507202148438,174.92779541015625,165.593017578125,0.0,0.0,0.0,26.82171630859375,35.17924118041992,32.448814392089844,0.0,0.0,0.0
74.0,21.5107479095459,21303.544921875,1836.469970703125,8677.2373046875,10789.8369140625,1600.0,16.05800437927246,0.0,10613.740234375,0.07032785564661026,6.169204235076904,0.1622561812400818,1.1388100385665894,3.917029857635498,1.6132107973098755,2.6226816177368164,4.889354705810547,0.0010356941493228078,0.3094950020313263,0.6173428893089294,0.0,0.0,0.0,0.0,1690.7259521484375,44.467769622802734,186.6256866455078,2738.443359375,1161.51171875,0.0,1118.0950927734375,0.0753282830119133,27.854549407958984,61.116947174072266,0.0,0.0,0.0,120.27562713623047,120.27562713623047,140.88235473632812,158.33981323242188,153.33554077148438,0.0,0.0,0.0,140.88235473632812,158.33981323242188,153.33554077148438,0.0,0.0,0.0,25.150083541870117,30.256393432617188,28.792644500732422,0.0,0.0,0.0
75.0,21.6553955078125,21359.341796875,1836.469970703125,8698.1298828125,10824.7421875,1600.0,16.588037490844727,0.0,10309.6728515625,0.07032787054777145,6.301280975341797,0.16678224503993988,1.1388100385665894,3.917264938354492,1.6132590770721436,2.6226816177368164,4.895274639129639,0.0010356975253671408,0.30994775891304016,0.6187314987182617,0.0,0.0,0.0,0.0,1726.9227294921875,45.70817947387695,186.6256866455078,2714.12255859375,966.7551879882812,0.0,1092.7874755859375,0.07358821481466293,27.89529800415039,61.254417419433594,0.0,0.0,0.0,122.23344421386719,122.23344421386719,79.68775177001953,161.58438110351562,150.74920654296875,0.0,0.0,0.0,79.68775177001953,161.58438110351562,150.74920654296875,0.0,0.0,0.0,6.720630645751953,30.67539405822754,27.506105422973633,0.0,0.0,0.0
76.0,21.72319793701172,21377.259765625,1836.469970703125,8716.0478515625,10824.7421875,1600.0,16.59226417541504,0.0,10318.328125,0.07032787799835205,6.362749099731445,0.168901726603508,1.1388100385665894,3.917332649230957,1.6134675741195679,2.6226816177368164,4.8986945152282715,0.0010356984566897154,0.3100752830505371,0.6191226243972778,0.0,0.0,0.0,0.0,1743.7686767578125,46.28904342651367,186.6256866455078,2792.901123046875,597.80908203125,0.0,1364.5146484375,0.09186241775751114,30.932798385620117,63.19525909423828,0.0,0.0,0.0,124.0802230834961,124.0802230834961,145.40057373046875,172.0827178955078,118.98724365234375,0.0,0.0,0.0,145.40057373046875,172.0827178955078,118.98724365234375,0.0,0.0,0.0,25.93740463256836,33.7419319152832,18.211503982543945,0.0,0.0,0.0
77.0,21.793140411376953,21418.697265625,1836.469970703125,8757.4853515625,10824.7421875,1600.0,17.407434463500977,0.0,9865.087890625,0.07032787799835205,6.425702095031738,0.17106987535953522,1.1388100385665894,3.9173665046691895,1.6138557195663452,2.6226816177368164,4.902838706970215,0.0010356989223510027,0.3101380467414856,0.6193150877952576,0.0,0.0,0.0,0.0,1761.0216064453125,46.88323974609375,186.6256866455078,996.0119018554688,425.748046875,0.0,2997.6416015625,0.48880311846733093,37.21656799316406,67.44341278076172,0.0,0.0,0.0,125.8348159790039,125.8348159790039,213.9786376953125,216.53585815429688,201.33428955078125,0.0,0.0,0.0,213.9786376953125,216.53585815429688,201.33428955078125,0.0,0.0,0.0,45.18131637573242,45.92930221557617,41.482845306396484,0.0,0.0,0.0
78.0,21.90126609802246,21459.833984375,1836.469970703125,8798.6220703125,10824.7421875,1600.0,17.655527114868164,0.0,9749.935546875,0.07032787799835205,6.523209095001221,0.17442698776721954,1.1388100385665894,3.9174013137817383,1.6144212484359741,2.6226816177368164,4.909236907958984,0.00103569938801229,0.31020233035087585,0.6195122599601746,0.0,0.0,0.0,0.0,1787.7442626953125,47.803287506103516,186.6256866455078,931.2875366210938,403.2307434082031,0.0,2977.952392578125,0.48724982142448425,37.22427749633789,67.46488189697266,0.0,0.0,0.0,127.53105163574219,127.53105163574219,194.5092010498047,216.82867431640625,210.66015625,0.0,0.0,0.0,194.5092010498047,216.82867431640625,210.66015625,0.0,0.0,0.0,39.2384147644043,45.76686096191406,43.96256637573242,0.0,0.0,0.0
79.0,21.978862762451172,21561.685546875,1836.469970703125,8900.4736328125,10824.7421875,1600.0,17.996484756469727,0.0,9615.830078125,0.07032787799835205,6.594239711761475,0.17687024176120758,1.1388100385665894,3.917407512664795,1.6145367622375488,2.6226816177368164,4.913192272186279,0.00103569938801229,0.3102134168148041,0.6195462942123413,0.0,0.0,0.0,0.0,1807.2109375,48.47288131713867,186.6256866455078,1027.865966796875,395.3548583984375,0.0,2777.386474609375,0.18677681684494019,37.22561264038086,67.46858978271484,0.0,0.0,0.0,129.22303771972656,129.22303771972656,169.71194458007812,217.22393798828125,175.6783447265625,0.0,0.0,0.0,169.71194458007812,217.22393798828125,175.6783447265625,0.0,0.0,0.0,31.64426040649414,45.5415153503418,33.38943099975586,0.0,0.0,0.0
80.0,22.343338012695312,21754.41796875,1836.469970703125,9093.2060546875,10824.7421875,1600.0,17.648588180541992,0.0,9890.0361328125,0.07032787799835205,6.928346633911133,0.18860983848571777,1.1388100385665894,3.9174256324768066,1.6148923635482788,2.6226816177368164,4.93131160736084,0.0010356996208429337,0.31024685502052307,0.6196488738059998,0.0,0.0,0.0,0.0,1898.77587890625,51.690223693847656,186.6256866455078,1115.4730224609375,314.4001770019531,0.0,2858.65771484375,0.4558880031108856,37.22962188720703,67.47976684570312,0.0,0.0,0.0,130.93222045898438,130.93222045898438,185.77980041503906,214.92066955566406,217.45352172851562,0.0,0.0,0.0,185.77980041503906,214.92066955566406,217.45352172851562,0.0,0.0,0.0,36.6920051574707,45.21570587158203,45.956565856933594,0.0,0.0,0.0
81.0,22.678760528564453,21826.552734375,1836.469970703125,9165.33984375,10824.7421875,1600.0,17.709779739379883,0.0,9891.17578125,0.07032787799835205,7.235982418060303,0.19943587481975555,1.1388100385665894,3.917440176010132,1.6151819229125977,2.6226816177368164,4.947861194610596,0.0010356998536735773,0.31027358770370483,0.6197308301925659,0.0,0.0,0.0,8.360742568969727,1983.086181640625,54.65719985961914,186.6256866455078,932.52783203125,322.48077392578125,0.0,2936.859619140625,0.4831215739250183,37.23283004760742,67.48868560791016,0.0,0.0,0.0,132.68521118164062,132.68521118164062,211.26806640625,221.8699493408203,207.49560546875,0.0,0.0,0.0,211.26806640625,221.8699493408203,207.49560546875,0.0,0.0,0.0,44.08613204956055,47.18717956542969,42.98268508911133,0.0,0.0,0.0
82.0,22.86096954345703,21849.376953125,1836.469970703125,9188.1640625,10824.7421875,1600.0,17.495803833007812,0.0,10022.642578125,0.07032787799835205,7.403277397155762,0.20532678067684174,1.1388100385665894,3.9174468517303467,1.6153167486190796,2.6226816177368164,4.956692695617676,0.0010356999700888991,0.3102858364582062,0.6197684407234192,0.0,0.0,0.0,9.397945404052734,2028.9349365234375,56.27165603637695,186.6256866455078,904.4380493164062,407.5250549316406,0.001595070119947195,2918.1708984375,0.4815579056739807,37.23429870605469,67.49278259277344,0.0,0.0,0.0,134.46701049804688,134.46701049804688,185.6548614501953,242.9788360595703,194.8895263671875,0.0,0.0,0.0,185.6548614501953,242.9788360595703,194.8895263671875,0.0,0.0,0.0,36.80824279785156,53.575504302978516,39.50938034057617,0.0,0.0,0.0
83.0,22.94269371032715,21902.341796875,1836.469970703125,9241.1298828125,10824.7421875,1600.0,17.197067260742188,0.0,10220.236328125,0.07032787799835205,7.47874641418457,0.20798805356025696,1.1388100385665894,3.917448043823242,1.6153391599655151,2.6226816177368164,4.960254669189453,0.0010356999700888991,0.31028786301612854,0.6197746396064758,0.0,0.0,0.0,0.0,2049.617919921875,57.000999450683594,186.6256866455078,956.2382202148438,711.666748046875,0.0,2681.774169921875,0.17972342669963837,37.23454284667969,67.49345397949219,0.0,0.0,0.0,136.3046875,136.3046875,164.95877075195312,212.4197235107422,172.79649353027344,0.0,0.0,0.0,164.95877075195312,212.4197235107422,172.79649353027344,0.0,0.0,0.0,31.053375244140625,44.935699462890625,33.345909118652344,0.0,0.0,0.0
84.0,23.144136428833008,22014.607421875,1836.469970703125,9353.173828125,10824.9638671875,2930.02685546875,16.63648223876953,0.0,10613.6845703125,0.07032787799835205,7.665122985839844,0.2145506739616394,1.1388100385665894,3.917449474334717,1.615370512008667,2.6226816177368164,4.968713283538818,0.0010356999700888991,0.310290664434433,0.6197832226753235,0.0,0.0,0.0,0.0,2100.696044921875,58.79954528808594,186.6256866455078,2555.469482421875,942.898193359375,0.0,1061.6705322265625,0.07110189646482468,37.23487854003906,67.49439239501953,0.0,0.0,0.0,138.19427490234375,138.19427490234375,150.35069274902344,182.00502014160156,185.0586395263672,0.0,0.0,0.0,150.35069274902344,182.00502014160156,185.0586395263672,0.0,0.0,0.0,27.341093063354492,36.59998321533203,37.49317169189453,0.0,0.0,0.0
85.0,23.36778450012207,22249.392578125,1836.469970703125,9427.7685546875,10985.154296875,2930.02685546875,16.168209075927734,0.0,11032.2333984375,0.07032787799835205,7.872708320617676,0.2218572050333023,1.1388100385665894,3.9174506664276123,1.6153957843780518,2.6226816177368164,4.977434158325195,0.0010356999700888991,0.31029292941093445,0.6197901368141174,0.0,0.0,0.0,0.0,2157.586669921875,60.80196762084961,186.6256866455078,2534.22802734375,1163.0849609375,0.0,1083.8231201171875,0.07253508269786835,37.23514938354492,67.49514770507812,0.0,0.0,0.0,140.1271209716797,140.1271209716797,123.82978820800781,177.06736755371094,131.44296264648438,0.0,0.0,0.0,123.82978820800781,177.06736755371094,131.44296264648438,0.0,0.0,0.0,20.052003860473633,35.62399673461914,22.278858184814453,0.0,0.0,0.0
86.0,23.54727554321289,22486.744140625,1836.469970703125,9471.2861328125,11178.98828125,2930.02685546875,16.22538948059082,0.0,11112.0205078125,0.07032787799835205,8.039149284362793,0.22772639989852905,1.1388100385665894,3.9178974628448486,1.6154128313064575,2.6226816177368164,4.9841437339782715,0.0010356999700888991,0.3102944493293762,0.6197947859764099,0.0,0.0,0.0,0.0,2203.201416015625,62.41047286987305,186.6256866455078,2548.18798828125,1163.0972900390625,0.0,1089.88134765625,0.07290158420801163,27.92650032043457,61.35968780517578,0.0,0.0,0.0,142.06015014648438,142.06015014648438,140.29832458496094,154.57569885253906,73.35302734375,0.0,0.0,0.0,140.29832458496094,154.57569885253906,73.35302734375,0.0,0.0,0.0,24.811872482299805,28.988000869750977,5.230371952056885,0.0,0.0,0.0
87.0,23.650203704833984,22539.521484375,1836.469970703125,9485.7265625,11217.32421875,2930.02685546875,16.75704002380371,0.0,10793.671875,0.07032787799835205,8.133628845214844,0.23108571767807007,1.1388100385665894,3.9192469120025635,1.6154215335845947,2.6226816177368164,4.987873554229736,0.0010356999700888991,0.3102952241897583,0.6197972297668457,0.0,0.0,0.0,0.0,2229.09423828125,63.33112716674805,186.6256866455078,2527.490234375,968.0510864257812,0.0,1062.5362548828125,0.07105166465044022,27.926570892333984,61.35992431640625,0.0,0.0,0.0,143.90431213378906,143.90431213378906,127.2054672241211,154.61045837402344,125.60161590576172,0.0,0.0,0.0,127.2054672241211,154.61045837402344,125.60161590576172,0.0,0.0,0.0,20.450559616088867,28.46651840209961,19.981433868408203,0.0,0.0,0.0
88.0,23.698766708374023,22544.46875,1836.469970703125,9490.673828125,11217.32421875,2930.02685546875,16.750446319580078,0.0,10802.7373046875,0.07032787799835205,8.177887916564941,0.23263438045978546,1.1388100385665894,3.920238971710205,1.6154353618621826,2.6226816177368164,4.989620685577393,0.001035700086504221,0.31029555201530457,0.6197982430458069,0.0,0.0,0.0,0.0,2241.223876953125,63.75554656982422,186.6256866455078,2615.012451171875,598.5382080078125,0.0,1336.32470703125,0.08934716880321503,27.926599502563477,61.360023498535156,0.0,0.0,0.0,145.6398468017578,145.6398468017578,124.75460052490234,160.76966857910156,125.46520233154297,0.0,0.0,0.0,124.75460052490234,160.76966857910156,125.46520233154297,0.0,0.0,0.0,19.74027442932129,30.274682998657227,19.9481258392334,0.0,0.0,0.0
89.0,23.719348907470703,22550.591796875,1836.469970703125,9496.7978515625,11217.32421875,2930.02685546875,17.54549789428711,0.0,10328.21875,0.07032787799835205,8.196576118469238,0.23331670463085175,1.1388100385665894,3.9205689430236816,1.6154836416244507,2.6226816177368164,4.99045467376709,0.001035700086504221,0.31029564142227173,0.619798481464386,0.0,0.0,0.0,0.0,2246.345458984375,63.942543029785156,186.6256866455078,2547.260498046875,426.177490234375,0.0,1234.41357421875,0.0825277790427208,37.235477447509766,67.49605560302734,0.0,0.0,0.0,147.2915802001953,147.2915802001953,152.2923126220703,191.4199981689453,143.5061492919922,0.0,0.0,0.0,152.2923126220703,191.4199981689453,143.5061492919922,0.0,0.0,0.0,27.000001907348633,38.44485092163086,24.4300479888916,0.0,0.0,0.0
90.0,23.74424934387207,22560.435546875,1836.469970703125,9506.640625,11217.32421875,2930.02685546875,17.76919174194336,0.0,10207.658203125,0.07032787799835205,8.21918773651123,0.23420315980911255,1.1388100385665894,3.9208290576934814,1.6155421733856201,2.6226816177368164,4.991538047790527,0.001035700086504221,0.3102957010269165,0.6197986602783203,0.0,0.0,0.0,0.0,2252.54248046875,64.18548583984375,186.6256866455078,880.7722778320312,403.5107421875,0.0,2833.96533203125,0.4561517834663391,37.2354850769043,67.4960708618164,0.0,0.0,0.0,148.87387084960938,148.87387084960938,210.01852416992188,214.09317016601562,197.25390625,0.0,0.0,0.0,210.01852416992188,214.09317016601562,197.25390625,0.0,0.0,0.0,43.661224365234375,44.85306167602539,39.927574157714844,0.0,0.0,0.0
91.0,23.762510299682617,22636.35546875,1836.469970703125,9582.560546875,11217.32421875,2930.02685546875,18.087539672851562,0.0,10067.263671875,0.07032787799835205,8.23587417602539,0.23489029705524445,1.1388100385665894,3.9208478927612305,1.6155469417572021,2.6226816177368164,4.992401599884033,0.001035700086504221,0.3102957010269165,0.6197986602783203,0.0,0.0,0.0,0.0,2257.115478515625,64.3738021850586,186.6256866455078,822.7911376953125,395.60223388671875,0.0,2798.950927734375,0.44329360127449036,37.2354850769043,67.49607849121094,0.0,0.0,0.0,150.4626007080078,150.4626007080078,209.926513671875,214.31256103515625,184.31309509277344,0.0,0.0,0.0,209.926513671875,214.31256103515625,184.31309509277344,0.0,0.0,0.0,43.31596755981445,44.59888458251953,35.82404327392578,0.0,0.0,0.0
92.0,24.038908004760742,22829.642578125,1836.469970703125,9775.8486328125,11217.32421875,2930.02685546875,17.72926139831543,0.0,10354.3310546875,0.07032787799835205,8.490203857421875,0.24575349688529968,1.1388100385665894,3.9209771156311035,1.615581750869751,2.6226816177368164,5.003441333770752,0.001035700086504221,0.3102957308292389,0.6197987198829651,0.0,0.0,0.0,0.0,2326.81689453125,67.35095977783203,186.6256866455078,970.1730346679688,314.5343933105469,0.0,2851.69384765625,0.4638386368751526,37.23548889160156,67.49608612060547,0.0,0.0,0.0,152.06964111328125,152.06964111328125,210.09095764160156,214.02525329589844,207.19842529296875,0.0,0.0,0.0,210.09095764160156,214.02525329589844,207.19842529296875,0.0,0.0,0.0,43.72234344482422,44.87312316894531,42.876277923583984,0.0,0.0,0.0
93.0,24.442739486694336,22965.3671875,1836.469970703125,9911.572265625,11217.32421875,2930.02685546875,17.83688735961914,0.0,10355.5234375,0.07032787799835205,8.862569808959961,0.26168981194496155,1.1388100385665894,3.9211299419403076,1.6156234741210938,2.6226816177368164,5.018777370452881,0.001035700086504221,0.3102957606315613,0.6197988390922546,0.0,0.0,0.0,0.0,2428.8671875,71.71844482421875,186.6256866455078,915.586669921875,322.5689392089844,0.0,2790.993408203125,0.4472600221633911,37.23548889160156,67.49609375,0.0,0.0,0.0,153.72328186035156,153.72328186035156,179.1053009033203,213.90048217773438,196.60569763183594,0.0,0.0,0.0,179.1053009033203,213.90048217773438,196.60569763183594,0.0,0.0,0.0,34.551414489746094,44.72900390625,39.67028045654297,0.0,0.0,0.0
94.0,24.713661193847656,23008.310546875,1836.469970703125,9954.5166015625,11217.32421875,2930.02685546875,17.63491439819336,0.0,10493.1669921875,0.07032787799835205,9.113062858581543,0.2724184989929199,1.1388100385665894,3.921213150024414,1.615646481513977,2.6226816177368164,5.028371334075928,0.001035700086504221,0.3102957606315613,0.6197988986968994,0.0,0.0,0.0,0.0,2497.516845703125,74.65874481201172,186.6256866455078,887.0794067382812,407.60821533203125,0.0,2753.906494140625,0.4409739673137665,37.23549270629883,67.49610137939453,0.0,0.0,0.0,155.4083709716797,155.4083709716797,206.00900268554688,214.47999572753906,179.3726348876953,0.0,0.0,0.0,206.00900268554688,214.47999572753906,179.3726348876953,0.0,0.0,0.0,42.622718811035156,45.10048294067383,34.831581115722656,0.0,0.0,0.0
95.0,24.844675064086914,24646.388671875,3348.77001953125,10080.294921875,11217.32421875,2930.02685546875,18.5217227935791,0.0,10700.02734375,0.07032787799835205,9.23560905456543,0.2776743769645691,1.1388100385665894,3.921224594116211,1.6156495809555054,2.6226816177368164,5.0315680503845215,0.001035700086504221,0.31029579043388367,0.6197988986968994,0.0,0.0,0.0,0.0,2531.101806640625,76.09916687011719,186.6256866455078,2051.808837890625,711.8035278320312,0.0,1387.9134521484375,0.09250868856906891,37.23549270629883,67.49610137939453,0.0,0.0,0.0,157.1363983154297,157.1363983154297,167.5491943359375,197.68203735351562,131.0867156982422,0.0,0.0,0.0,167.5491943359375,197.68203735351562,131.0867156982422,0.0,0.0,0.0,30.486417770385742,39.30027389526367,19.82114028930664,0.0,0.0,0.0
96.0,25.31241226196289,24926.599609375,3348.77001953125,10360.505859375,11217.32421875,2930.02685546875,18.12824249267578,0.0,11051.4384765625,0.07032787799835205,9.67418384552002,0.2963941693305969,1.1388100385665894,3.921246290206909,1.615655541419983,2.6226816177368164,5.041982173919678,0.001035700086504221,0.31029579043388367,0.6197988986968994,0.0,0.0,0.0,0.0,2651.29736328125,81.22949981689453,186.6256866455078,2309.32080078125,943.0646362304688,0.0,1008.7616577148438,0.06718230992555618,37.23549270629883,67.49610137939453,0.0,0.0,0.0,158.91819763183594,158.91819763183594,182.37132263183594,188.42738342285156,174.178955078125,0.0,0.0,0.0,182.37132263183594,188.42738342285156,174.178955078125,0.0,0.0,0.0,35.215370178222656,36.98677062988281,32.8191032409668,0.0,0.0,0.0
97.0,25.875890731811523,25275.486328125,3348.77001953125,10573.6513671875,11353.064453125,2930.02685546875,17.674245834350586,0.0,11487.244140625,0.07032787799835205,10.202978134155273,0.3189430236816406,1.1388100385665894,3.9212639331817627,1.615660548210144,2.6226816177368164,5.05409574508667,0.001035700086504221,0.31029579043388367,0.6197989583015442,0.0,0.0,0.0,0.0,2796.218017578125,87.40921020507812,186.6256866455078,2267.10205078125,1163.2755126953125,0.0,991.2067260742188,0.0659504160284996,25.4136962890625,59.49782180786133,0.0,0.0,0.0,160.7508544921875,160.7508544921875,136.33421325683594,173.70001220703125,155.49879455566406,0.0,0.0,0.0,136.33421325683594,173.70001220703125,155.49879455566406,0.0,0.0,0.0,22.203510284423828,33.13300704956055,27.809152603149414,0.0,0.0,0.0
98.0,26.396743774414062,25612.966796875,3348.77001953125,10719.1318359375,11545.064453125,2930.02685546875,17.783233642578125,0.0,11570.322265625,0.07032787799835205,10.691506385803223,0.33976608514785767,1.1388100385665894,3.921725273132324,1.6156642436981201,2.6226816177368164,5.0651326179504395,0.001035700086504221,0.31029579043388367,0.6197989583015442,0.0,0.0,0.0,0.0,2930.103759765625,93.11595916748047,186.6256866455078,2212.892578125,1163.2783203125,0.0,971.0023193359375,0.06455004215240479,18.617746353149414,55.22408676147461,0.0,0.0,0.0,162.60073852539062,162.60073852539062,71.8997573852539,148.91671752929688,94.22816467285156,0.0,0.0,0.0,71.8997573852539,148.91671752929688,94.22816467285156,0.0,0.0,0.0,3.247443675994873,25.774904251098633,9.778504371643066,0.0,0.0,0.0
99.0,26.715227127075195,25697.609375,3348.77001953125,10765.8486328125,11582.9912109375,2930.02685546875,18.38418960571289,0.0,11238.8408203125,0.07032787799835205,10.989174842834473,0.3524840474128723,1.1388100385665894,3.9231364727020264,1.6156662702560425,2.6226816177368164,5.071815490722656,0.001035700086504221,0.31029579043388367,0.6197989583015442,0.0,0.0,0.0,0.0,3011.682373046875,96.60143280029297,186.6256866455078,2146.923583984375,968.19775390625,0.0,921.9392700195312,0.06125636026263237,18.617746353149414,55.22408676147461,0.0,0.0,0.0,164.3733673095703,164.3733673095703,141.01356506347656,166.2539825439453,127.57482147216797,0.0,0.0,0.0,141.01356506347656,166.2539825439453,127.57482147216797,0.0,0.0,0.0,22.86227798461914,30.245100021362305,18.93144416809082,0.0,0.0,0.0
100.0,26.86604881286621,25712.77734375,3348.77001953125,10781.015625,11582.9912109375,2930.02685546875,18.383455276489258,0.0,11248.283203125,0.07032787799835205,11.129827499389648,0.35844776034355164,1.1388100385665894,3.92419695854187,1.6156672239303589,2.6226816177368164,5.074959754943848,0.001035700086504221,0.31029579043388367,0.6197989583015442,0.0,0.0,0.0,0.0,3050.2294921875,98.23583984375,186.6256866455078,2247.08544921875,598.6240844726562,0.0,1155.8212890625,0.07677700370550156,18.617748260498047,55.22408676147461,0.0,0.0,0.0,166.06639099121094,166.06639099121094,141.5476531982422,165.63204956054688,130.92869567871094,0.0,0.0,0.0,141.5476531982422,165.63204956054688,130.92869567871094,0.0,0.0,0.0,23.01923370361328,30.063920974731445,19.913188934326172,0.0,0.0,0.0
101.0,26.929765701293945,25717.576171875,3348.77001953125,10785.814453125,11582.9912109375,2930.02685546875,19.25591278076172,0.0,10754.193359375,0.07032787799835205,11.189152717590332,0.36094847321510315,1.1388100385665894,3.924765110015869,1.6156675815582275,2.6226816177368164,5.076282024383545,0.001035700086504221,0.31029579043388367,0.6197989583015442,0.0,0.0,0.0,0.0,3066.48828125,98.92118072509766,186.6256866455078,2177.29150390625,426.2260437011719,0.0,1046.6361083984375,0.0695168599486351,18.617748260498047,55.22408676147461,0.0,0.0,0.0,167.69825744628906,167.69825744628906,132.8518524169922,155.93597412109375,136.04124450683594,0.0,0.0,0.0,132.8518524169922,155.93597412109375,136.04124450683594,0.0,0.0,0.0,19.603254318237305,26.35536003112793,20.536151885986328,0.0,0.0,0.0
102.0,26.954988479614258,25719.09375,3348.77001953125,10787.3330078125,11582.9912109375,2930.02685546875,19.4942626953125,0.0,10628.6484375,0.07032787799835205,11.212627410888672,0.36196014285087585,1.1388100385665894,3.9249837398529053,1.615667700767517,2.6226816177368164,5.076798439025879,0.001035700086504221,0.31029579043388367,0.6197989583015442,0.0,0.0,0.0,0.0,3072.921630859375,99.19844055175781,186.6256866455078,2135.08740234375,403.5420837402344,0.0,1003.2667236328125,0.06663353741168976,27.926620483398438,61.3600959777832,0.0,0.0,0.0,169.23802185058594,169.23802185058594,155.46250915527344,166.1913299560547,159.0023193359375,0.0,0.0,0.0,155.46250915527344,166.1913299560547,159.0023193359375,0.0,0.0,0.0,25.978519439697266,29.116703033447266,27.013917922973633,0.0,0.0,0.0
103.0,26.964569091796875,25802.59375,3348.77001953125,10870.8330078125,11582.9912109375,2930.02685546875,19.841318130493164,0.0,10482.4609375,0.07032787799835205,11.221583366394043,0.36239513754844666,1.1388100385665894,3.924988269805908,1.615667700767517,2.6226816177368164,5.0769853591918945,0.001035700086504221,0.31029579043388367,0.6197989583015442,0.0,0.0,0.0,0.0,3075.201171875,99.31199645996094,186.6131134033203,830.5556640625,395.62054443359375,0.0,2211.474365234375,0.14687642455101013,29.041656494140625,62.061302185058594,0.0,0.0,0.0,170.73861694335938,170.73861694335938,116.3593521118164,207.28517150878906,124.83743286132812,0.0,0.0,0.0,116.3593521118164,207.28517150878906,124.83743286132812,0.0,0.0,0.0,14.193792343139648,40.78959274291992,16.673629760742188,0.0,0.0,0.0
104.0,27.272947311401367,26018.03125,3348.77001953125,11086.26953125,11582.9912109375,2930.02685546875,19.443103790283203,0.0,10781.373046875,0.07032787799835205,11.509008407592773,0.3772442936897278,1.1388100385665894,3.9250526428222656,1.615667700767517,2.6226816177368164,5.083024978637695,0.001035700086504221,0.31029579043388367,0.6197989583015442,0.0,0.0,0.0,0.0,3154.1474609375,103.38719940185547,186.6256866455078,982.5729370117188,314.5511169433594,0.0,2252.7158203125,0.1495494544506073,31.84706687927246,63.8504524230957,0.0,0.0,0.0,172.25880432128906,172.25880432128906,181.31935119628906,210.78207397460938,181.21754455566406,0.0,0.0,0.0,181.31935119628906,210.78207397460938,181.21754455566406,0.0,0.0,0.0,33.592803955078125,42.21065139770508,33.56303024291992,0.0,0.0,0.0
105.0,27.715585708618164,26164.29296875,3348.77001953125,11232.53125,11582.9912109375,2930.02685546875,19.5544376373291,0.0,10782.6123046875,0.07032787799835205,11.921538352966309,0.3985964059829712,1.1388100385665894,3.925128221511841,1.6156678199768066,2.6226816177368164,5.091705322265625,0.001035700086504221,0.31029579043388367,0.6197989583015442,0.0,0.0,0.0,0.0,3258.64208984375,108.95263671875,185.9840850830078,799.657958984375,322.1499328613281,0.0,2319.662109375,0.38189828395843506,30.6235408782959,63.056095123291016,0.0,0.0,0.0,173.8307647705078,173.8307647705078,176.3516082763672,189.6873321533203,202.54299926757812,0.0,0.0,0.0,176.3516082763672,189.6873321533203,202.54299926757812,0.0,0.0,0.0,32.02840805053711,35.929107666015625,39.68939208984375,0.0,0.0,0.0
106.0,28.009899139404297,26210.5703125,3348.77001953125,11278.8095703125,11582.9912109375,2930.02685546875,19.330175399780273,0.0,10925.92578125,0.07032787799835205,12.195820808410645,0.41280442476272583,1.1388100385665894,3.9251697063446045,1.6156678199768066,2.6226816177368164,5.097486972808838,0.001035700086504221,0.31029579043388367,0.6197989583015442,0.0,0.0,0.0,0.0,3315.2822265625,112.21574401855469,185.04791259765625,905.1310424804688,405.9653015136719,0.0,2170.966796875,0.14396978914737701,27.926620483398438,61.3600959777832,0.0,0.0,0.0,175.43405151367188,175.43405151367188,149.89743041992188,192.6495361328125,171.97398376464844,0.0,0.0,0.0,149.89743041992188,192.6495361328125,171.97398376464844,0.0,0.0,0.0,24.51482391357422,37.019813537597656,30.972211837768555,0.0,0.0,0.0
107.0,28.151832580566406,26334.390625,3348.77001953125,11402.6298828125,11582.9912109375,2930.02685546875,19.041259765625,0.0,11141.322265625,0.07032787799835205,12.32807731628418,0.4196653962135315,1.1388100385665894,3.925175666809082,1.6156678199768066,2.6226816177368164,5.100295543670654,0.001035700086504221,0.31029579043388367,0.6197989583015442,0.0,0.0,0.0,0.0,3304.52099609375,112.49063110351562,183.38772583007812,2037.1497802734375,704.1116943359375,0.0,896.490234375,0.059439051896333694,27.926620483398438,61.3600959777832,0.0,0.0,0.0,177.06300354003906,177.06300354003906,157.5308837890625,164.78684997558594,146.98440551757812,0.0,0.0,0.0,157.5308837890625,164.78684997558594,146.98440551757812,0.0,0.0,0.0,27.036523818969727,29.158891677856445,23.95168113708496,0.0,0.0,0.0
108.0,28.613069534301758,26607.197265625,3348.77001953125,11675.4365234375,11582.9912109375,2930.02685546875,18.604907989501953,0.0,11514.255859375,0.07032787799835205,12.757963180541992,0.44184383749961853,1.1388100385665894,3.925201177597046,1.6156678199768066,2.6226816177368164,5.109443664550781,0.001035700086504221,0.31029579043388367,0.6197989583015442,0.0,0.0,0.0,0.0,3377.3291015625,116.96632385253906,182.0185546875,2026.131103515625,927.2700805664062,0.0,857.9830932617188,0.056846342980861664,27.926620483398438,61.3600959777832,0.0,0.0,0.0,178.71884155273438,178.71884155273438,131.66578674316406,156.56515502929688,144.26119995117188,0.0,0.0,0.0,131.66578674316406,156.56515502929688,144.26119995117188,0.0,0.0,0.0,19.907337188720703,27.190401077270508,23.591493606567383,0.0,0.0,0.0
109.0,29.162622451782227,26913.833984375,3348.77001953125,11838.5791015625,11726.4853515625,2930.02685546875,18.09302520751953,0.0,11968.30859375,0.07032787799835205,13.270126342773438,0.46825096011161804,1.1388100385665894,3.925279140472412,1.6156678199768066,2.6226816177368164,5.12034797668457,0.001035700086504221,0.31029579043388367,0.6197989583015442,0.0,0.0,0.0,0.0,3478.175537109375,122.73124694824219,180.9576416015625,2033.701171875,1138.3544921875,0.0,853.3829345703125,0.05649456009268761,18.617748260498047,55.22408676147461,0.0,0.0,0.0,180.39907836914062,180.39907836914062,96.20947265625,144.9630889892578,106.62942504882812,0.0,0.0,0.0,96.20947265625,144.9630889892578,106.62942504882812,0.0,0.0,0.0,10.04824447631836,24.308679580688477,13.096080780029297,0.0,0.0,0.0
110.0,29.508607864379883,27166.166015625,3348.77001953125,11890.2177734375,11927.1787109375,2930.02685546875,18.13237190246582,0.0,12054.86328125,0.07032787799835205,13.583053588867188,0.4843143820762634,1.1486507654190063,3.925769329071045,1.6156678199768066,2.6226816177368164,5.127011775970459,0.001035700086504221,0.31029579043388367,0.6197989583015442,0.0,0.0,0.0,0.0,3537.3310546875,126.12629699707031,181.71775817871094,2028.6365966796875,1134.855224609375,0.0,855.2648315429688,0.05659038573503494,18.617748260498047,55.22408676147461,0.0,0.0,0.0,182.07176208496094,182.07176208496094,90.90135192871094,143.97763061523438,123.98397064208984,0.0,0.0,0.0,90.90135192871094,143.97763061523438,123.98397064208984,0.0,0.0,0.0,8.456274032592773,23.98108673095703,18.1329402923584,0.0,0.0,0.0
111.0,29.672773361206055,27245.78515625,3348.77001953125,11930.1904296875,11966.8251953125,2930.02685546875,18.738462448120117,0.0,11709.50390625,0.07032787799835205,13.687027931213379,0.48935553431510925,1.2006804943084717,3.92667818069458,1.6156678199768066,2.6226816177368164,5.129223346710205,0.001035700086504221,0.31029579043388367,0.6197989583015442,0.0,0.0,0.0,0.0,3536.504638671875,126.44148254394531,188.51864624023438,2020.1043701171875,941.0022583007812,0.0,820.1712036132812,0.05425909906625748,16.80228042602539,53.995792388916016,0.0,0.0,0.0,183.68069458007812,183.68069458007812,125.9698715209961,148.1861114501953,122.68252563476562,0.0,0.0,0.0,125.9698715209961,148.1861114501953,122.68252563476562,0.0,0.0,0.0,18.107723236083984,24.605976104736328,17.146175384521484,0.0,0.0,0.0
112.0,29.827775955200195,27298.66796875,3348.77001953125,11983.072265625,11966.8251953125,2930.02685546875,18.762466430664062,0.0,11719.3271484375,0.07032787799835205,13.765617370605469,0.4935089349746704,1.2702313661575317,3.927711248397827,1.6156678199768066,2.6226816177368164,5.130898475646973,0.001035700086504221,0.31029579043388367,0.6197989583015442,0.0,0.0,0.0,0.0,3617.5146484375,129.69093322753906,200.90777587890625,2047.8245849609375,586.5260009765625,0.0,1052.296875,0.06960666179656982,18.617748260498047,55.22408676147461,0.0,0.0,0.0,185.2199249267578,185.2199249267578,118.6930923461914,153.06344604492188,129.43685913085938,0.0,0.0,0.0,118.6930923461914,153.06344604492188,129.43685913085938,0.0,0.0,0.0,15.9552640914917,26.008588790893555,19.097816467285156,0.0,0.0,0.0
113.0,29.932592391967773,27315.400390625,3348.77001953125,11999.8046875,11966.8251953125,2930.02685546875,19.662174224853516,0.0,11204.548828125,0.07032787799835205,13.813994407653809,0.4961499273777008,1.3222609758377075,3.9284496307373047,1.6156678199768066,2.6226816177368164,5.131930351257324,0.001035700086504221,0.31029579043388367,0.6197989583015442,0.0,0.0,0.0,0.0,3576.758544921875,128.46453857421875,206.68435668945312,2028.998291015625,414.656982421875,0.0,930.9788818359375,0.06157698482275009,18.617748260498047,55.22408676147461,0.0,0.0,0.0,186.70315551757812,186.70315551757812,126.25934600830078,149.36509704589844,111.91381072998047,0.0,0.0,0.0,126.25934600830078,149.36509704589844,111.91381072998047,0.0,0.0,0.0,17.26868438720703,24.027114868164062,13.072613716125488,0.0,0.0,0.0
114.0,29.98340606689453,27320.6953125,3348.77001953125,12005.0986328125,11966.8251953125,2930.02685546875,19.908096313476562,0.0,11073.7470703125,0.07032787799835205,13.840160369873047,0.4977039396762848,1.344486951828003,3.9287586212158203,1.6156678199768066,2.6226816177368164,5.132487773895264,0.001035700086504221,0.31029579043388367,0.6197989583015442,0.0,0.0,0.0,0.0,3563.21630859375,128.13629150390625,209.19992065429688,2021.74072265625,391.52752685546875,0.0,883.6783447265625,0.058445993810892105,18.338932037353516,55.03544616699219,0.0,0.0,0.0,188.11123657226562,188.11123657226562,81.83220672607422,149.87380981445312,131.38638305664062,0.0,0.0,0.0,81.83220672607422,149.87380981445312,131.38638305664062,0.0,0.0,0.0,4.027824401855469,23.929994583129883,18.522422790527344,0.0,0.0,0.0
115.0,30.00506591796875,27529.4609375,3348.77001953125,12213.8642578125,11966.8251953125,2930.02685546875,20.3511962890625,0.0,10921.4375,0.07032787799835205,13.859618186950684,0.4990653097629547,1.344908595085144,3.9287641048431396,1.6156678199768066,2.6226816177368164,5.132901668548584,0.001035700086504221,0.31029579043388367,0.6197989583015442,0.0,0.0,0.0,0.0,3543.29248046875,127.58895874023438,208.32577514648438,786.9382934570312,382.5790100097656,0.0,2028.8284912109375,0.13418160378932953,27.926620483398438,61.3600959777832,0.0,0.0,0.0,189.4766387939453,189.4766387939453,151.73626708984375,189.71743774414062,152.02487182617188,0.0,0.0,0.0,151.73626708984375,189.71743774414062,152.02487182617188,0.0,0.0,0.0,24.03166389465332,35.141151428222656,24.116079330444336,0.0,0.0,0.0
116.0,30.774099349975586,28012.759765625,3348.77001953125,12697.1650390625,11966.8251953125,2930.02685546875,20.123313903808594,0.0,11232.8642578125,0.07032787799835205,14.561744689941406,0.5428208112716675,1.3529998064041138,3.928874969482422,1.6156678199768066,2.6226816177368164,5.147850036621094,0.001035700086504221,0.31029579043388367,0.6197989583015442,0.0,0.0,0.0,0.0,3705.5361328125,138.13194274902344,208.99436950683594,775.6329956054688,303.5101318359375,0.0,2154.043212890625,0.24533960223197937,27.926620483398438,61.3600959777832,0.0,0.0,0.0,190.83990478515625,190.83990478515625,184.83157348632812,189.40478515625,161.6075897216797,0.0,0.0,0.0,184.83157348632812,189.40478515625,161.6075897216797,0.0,0.0,0.0,33.939918518066406,35.277584075927734,27.14690399169922,0.0,0.0,0.0
117.0,31.679140090942383,28266.3984375,3348.77001953125,12950.8017578125,11966.8251953125,2930.02685546875,20.306995391845703,0.0,11234.1533203125,0.07032787799835205,15.378360748291016,0.5936148762702942,1.3731215000152588,3.928983449935913,1.6156678199768066,2.6226816177368164,5.165252208709717,0.001035700086504221,0.31029579043388367,0.6197989583015442,0.0,0.0,0.0,0.0,3816.753662109375,147.32920837402344,208.74081420898438,735.2079467773438,307.63409423828125,0.0,2069.7548828125,0.13656970858573914,27.926620483398438,61.3600959777832,0.0,0.0,0.0,192.24513244628906,192.24513244628906,108.88822174072266,189.97640991210938,136.30580139160156,0.0,0.0,0.0,108.88822174072266,189.97640991210938,136.30580139160156,0.0,0.0,0.0,11.542807579040527,35.261104583740234,19.562450408935547,0.0,0.0,0.0
118.0,32.233009338378906,28375.203125,3348.77001953125,13059.6083984375,11966.8251953125,2930.02685546875,20.114723205566406,0.0,11383.4716796875,0.07032787799835205,15.816513061523438,0.6202501058578491,1.4528074264526367,3.929033041000366,1.6156678199768066,2.6226816177368164,5.174598217010498,0.001035700086504221,0.31029579043388367,0.6197989583015442,0.0,0.0,0.0,0.0,3882.673583984375,152.26040649414062,218.76620483398438,598.7228393554688,386.75592041015625,0.0,2145.198974609375,0.333300918340683,27.926620483398438,61.3600959777832,0.0,0.0,0.0,193.66891479492188,193.66891479492188,182.80728149414062,189.63540649414062,182.10301208496094,0.0,0.0,0.0,182.80728149414062,189.63540649414062,182.10301208496094,0.0,0.0,0.0,33.356407165527344,35.353633880615234,33.15040969848633,0.0,0.0,0.0
119.0,32.59774398803711,28589.669921875,3348.77001953125,13274.07421875,11966.8251953125,2930.02685546875,19.86880111694336,0.0,11607.873046875,0.07032787799835205,16.114545822143555,0.6395053863525391,1.4938223361968994,3.929046869277954,1.6156678199768066,2.6226816177368164,5.18101692199707,0.001035700086504221,0.31029579043388367,0.6197989583015442,0.0,0.0,0.0,0.0,3905.041259765625,154.97149658203125,222.87249755859375,1871.6837158203125,671.3756103515625,0.0,708.4174194335938,0.046690434217453,27.926620483398438,61.3600959777832,0.0,0.0,0.0,195.1232452392578,195.1232452392578,102.92176818847656,163.8955841064453,145.3249969482422,0.0,0.0,0.0,102.92176818847656,163.8955841064453,145.3249969482422,0.0,0.0,0.0,10.23581600189209,28.07065773010254,22.63875961303711,0.0,0.0,0.0
120.0,33.28092575073242,28916.53515625,3348.77001953125,13600.939453125,11966.8251953125,2930.02685546875,19.572200775146484,0.0,11912.9599609375,0.07032787799835205,16.674585342407227,0.6746324300765991,1.5693327188491821,3.929063320159912,1.6156678199768066,2.6226816177368164,5.193504810333252,0.001035700086504221,0.31029579043388367,0.6197989583015442,0.0,0.0,0.0,0.0,3990.60107421875,161.45462036132812,231.843017578125,1862.64697265625,884.4265747070312,0.0,610.9794921875,0.04023146256804466,25.796974182128906,59.91923904418945,0.0,0.0,0.0,196.61056518554688,196.61056518554688,139.91554260253906,157.8856201171875,144.16148376464844,0.0,0.0,0.0,139.91554260253906,157.8856201171875,144.16148376464844,0.0,0.0,0.0,21.353092193603516,26.609342575073242,22.595033645629883,0.0,0.0,0.0
121.0,33.927268981933594,29239.556640625,3348.77001953125,13818.3974609375,12072.388671875,2930.02685546875,19.025434494018555,0.0,12382.7373046875,0.07032787799835205,17.104902267456055,0.7004480957984924,1.74699866771698,3.9290740489959717,1.6156678199768066,2.6226816177368164,5.206036567687988,0.001035700086504221,0.31029579043388367,0.6197989583015442,0.0,0.0,0.0,0.0,4081.64306640625,167.1438446044922,256.43939208984375,1886.2490234375,1089.4815673828125,0.0,609.3638305664062,0.0400875024497509,9.308874130249023,42.95206832885742,0.0,0.0,0.0,198.12940979003906,198.12940979003906,120.75984191894531,135.7470245361328,128.4156036376953,0.0,0.0,0.0,120.75984191894531,135.7470245361328,128.4156036376953,0.0,0.0,0.0,16.29681968688965,20.680572509765625,18.536130905151367,0.0,0.0,0.0
122.0,34.51139831542969,29599.580078125,3348.77001953125,13986.787109375,12264.0244140625,2930.02685546875,19.121623992919922,0.0,12472.2880859375,0.07032787799835205,17.444965362548828,0.7218221426010132,1.9577502012252808,3.9295897483825684,1.6156678199768066,2.6226816177368164,5.21746301651001,0.001035700086504221,0.31029579043388367,0.6197989583015442,0.0,0.0,0.0,0.0,4137.24072265625,171.18704223632812,284.9073791503906,1872.7803955078125,1086.4212646484375,0.0,596.5787353515625,0.03921331837773323,9.308874130249023,42.95206832885742,0.0,0.0,0.0,199.65480041503906,199.65480041503906,118.56941986083984,137.86463928222656,127.07972717285156,0.0,0.0,0.0,118.56941986083984,137.86463928222656,127.07972717285156,0.0,0.0,0.0,15.559931755065918,21.20378303527832,18.049196243286133,0.0,0.0,0.0
123.0,34.87410354614258,29707.1015625,3348.77001953125,14056.5302734375,12301.8017578125,2930.02685546875,19.774978637695312,0.0,12114.962890625,0.07032787799835205,17.62032699584961,0.7330092787742615,2.1259665489196777,3.9312398433685303,1.6156678199768066,2.6226816177368164,5.223754405975342,0.001035700086504221,0.31029579043388367,0.6197989583015442,0.0,0.0,0.0,0.0,4133.458984375,171.9527587890625,306.279052734375,1850.6575927734375,899.7353515625,0.0,544.8727416992188,0.0357980914413929,9.308874130249023,42.95206832885742,0.0,0.0,0.0,201.1305694580078,201.1305694580078,127.54878997802734,140.74978637695312,127.89351654052734,0.0,0.0,0.0,127.54878997802734,140.74978637695312,127.89351654052734,0.0,0.0,0.0,17.53304100036621,21.39433479309082,17.63387680053711,0.0,0.0,0.0
124.0,35.10447311401367,29757.189453125,3348.77001953125,14106.6181640625,12301.8017578125,2930.02685546875,19.794824600219727,0.0,12125.1318359375,0.07032787799835205,17.717918395996094,0.739368200302124,2.2466917037963867,3.9332892894744873,1.6156678199768066,2.6226816177368164,5.227397441864014,0.001035700086504221,0.31029579043388367,0.6197989583015442,0.0,0.0,0.0,0.0,4202.89990234375,175.3868865966797,325.1366882324219,1905.13134765625,559.1148071289062,0.0,744.7003784179688,0.048913706094026566,9.308874130249023,42.95206832885742,0.0,0.0,0.0,202.55380249023438,202.55380249023438,112.2674331665039,148.95420837402344,130.23265075683594,0.0,0.0,0.0,112.2674331665039,148.95420837402344,130.23265075683594,0.0,0.0,0.0,13.043400764465332,23.774282455444336,18.2982234954834,0.0,0.0,0.0
125.0,35.23065185546875,29773.265625,3348.77001953125,14122.6943359375,12301.8017578125,2930.02685546875,20.743473052978516,0.0,11592.5205078125,0.07032787799835205,17.767553329467773,0.7426393628120422,2.316641092300415,3.9347152709960938,1.6156678199768066,2.6226816177368164,5.229295253753662,0.001035700086504221,0.31029579043388367,0.6197989583015442,0.0,0.0,0.0,0.0,4152.68994140625,173.5720672607422,331.731201171875,1866.878662109375,395.432373046875,0.0,631.93505859375,0.04150126501917839,9.308874130249023,42.95206832885742,0.0,0.0,0.0,203.93641662597656,203.93641662597656,115.22395324707031,143.14637756347656,124.60228729248047,0.0,0.0,0.0,115.22395324707031,143.14637756347656,124.60228729248047,0.0,0.0,0.0,12.95953369140625,21.126842498779297,15.702693939208984,0.0,0.0,0.0
126.0,35.28752899169922,29778.3515625,3348.77001953125,14127.7802734375,12301.8017578125,2930.02685546875,21.00240707397461,0.0,11457.1943359375,0.07032787799835205,17.793251037597656,0.7444915771484375,2.344132423400879,3.9356815814971924,1.6156678199768066,2.6226816177368164,5.230165004730225,0.001035700086504221,0.31029579043388367,0.6197989583015442,0.0,0.0,0.0,0.0,4137.3232421875,173.11070251464844,334.4389343261719,1852.6776123046875,373.51568603515625,0.0,588.7046508789062,0.03865974396467209,9.308874130249023,42.95206832885742,0.0,0.0,0.0,205.25454711914062,205.25454711914062,123.3846206665039,138.260498046875,121.0915756225586,0.0,0.0,0.0,123.3846206665039,138.260498046875,121.0915756225586,0.0,0.0,0.0,15.087594032287598,19.438791275024414,14.416878700256348,0.0,0.0,0.0
127.0,35.31123733520508,29898.595703125,3348.77001953125,14248.0234375,12301.8017578125,2930.02685546875,21.393152236938477,0.0,11299.6064453125,0.07032787799835205,17.813678741455078,0.7462374567985535,2.3450424671173096,3.935823440551758,1.6156678199768066,2.6226816177368164,5.230647087097168,0.001035700086504221,0.31029579043388367,0.6197989583015442,0.0,0.0,0.0,0.0,4112.15869140625,172.2635040283203,333.2662658691406,1834.085205078125,364.9497375488281,0.0,535.6224365234375,0.035172685980796814,9.308874130249023,42.95206832885742,0.0,0.0,0.0,206.5347900390625,206.5347900390625,143.3300323486328,143.90748596191406,127.20061492919922,0.0,0.0,0.0,143.3300323486328,143.90748596191406,127.20061492919922,0.0,0.0,0.0,20.530881881713867,20.69978904724121,15.813026428222656,0.0,0.0,0.0
128.0,35.75475311279297,30143.2734375,3348.77001953125,14492.7021484375,12301.8017578125,2930.02685546875,20.957538604736328,0.0,11621.8173828125,0.07032787799835205,18.200498580932617,0.7761233448982239,2.3559296131134033,3.938668727874756,1.6156678199768066,2.6226816177368164,5.2437238693237305,0.001035700086504221,0.31029579043388367,0.6197989583015442,0.0,0.0,0.0,0.0,4232.36474609375,180.48060607910156,336.1101989746094,560.8876953125,291.1607666015625,0.0,1944.829833984375,0.12759160995483398,18.98870277404785,55.457366943359375,0.0,0.0,0.0,207.8043670654297,207.8043670654297,99.87963104248047,189.6917266845703,164.1079559326172,0.0,0.0,0.0,99.87963104248047,189.6917266845703,164.1079559326172,0.0,0.0,0.0,8.25725269317627,34.52729415893555,27.044036865234375,0.0,0.0,0.0
129.0,36.15782928466797,30223.720703125,3348.77001953125,14573.1494140625,12301.8017578125,2930.02685546875,21.014604568481445,0.0,11623.1494140625,0.07032787799835205,18.551658630371094,0.8032104969024658,2.364699125289917,3.941319227218628,1.6156678199768066,2.6226816177368164,5.257131576538086,0.001035700086504221,0.31029579043388367,0.6197989583015442,0.0,0.0,0.0,0.0,4273.28369140625,185.01559448242188,335.6769104003906,528.0849609375,297.266357421875,0.0,1926.7012939453125,0.12628112733364105,18.617748260498047,55.22408676147461,0.0,0.0,0.0,209.1122283935547,209.1122283935547,160.83969116210938,189.5791778564453,156.97418212890625,0.0,0.0,0.0,160.83969116210938,189.5791778564453,156.97418212890625,0.0,0.0,0.0,26.031003952026367,34.43730545043945,24.900346755981445,0.0,0.0,0.0
130.0,36.370208740234375,30249.173828125,3348.77001953125,14598.6025390625,12301.8017578125,2930.02685546875,20.752559661865234,1.5004920959472656,11777.6328125,0.07032787799835205,18.735151290893555,0.8173653483390808,2.3689301013946533,3.942725896835327,1.6156678199768066,2.6226816177368164,5.266229629516602,0.001035700086504221,0.31029579043388367,0.6197989583015442,0.0,0.0,0.0,0.0,4307.09423828125,187.90719604492188,335.98773193359375,1823.545166015625,375.2759094238281,0.0,619.0205688476562,0.04054584354162216,18.617748260498047,55.22408676147461,0.0,0.0,0.0,210.4523162841797,210.4523162841797,159.15536499023438,174.1255340576172,162.43385314941406,0.0,0.0,0.0,159.15536499023438,174.1255340576172,162.43385314941406,0.0,0.0,0.0,24.299894332885742,28.678667068481445,25.258848190307617,0.0,0.0,0.0
131.0,36.464256286621094,30260.427734375,3348.77001953125,14609.85546875,12301.8017578125,2930.02685546875,20.351778030395508,0.33712613582611084,12009.8115234375,0.07032787799835205,18.808029174804688,0.823036789894104,2.3705196380615234,3.9432902336120605,1.6156678199768066,2.6226816177368164,5.279570579528809,0.001035700086504221,0.31029579043388367,0.6197989583015442,0.0,0.0,0.0,0.0,4292.880859375,187.8558807373047,335.4444885253906,1804.6072998046875,653.1486206054688,0.0,529.91015625,0.03467589244246483,18.617748260498047,55.22408676147461,0.0,0.0,0.0,211.83184814453125,211.83184814453125,140.27243041992188,158.6368865966797,149.58865356445312,0.0,0.0,0.0,140.27243041992188,158.6368865966797,149.58865356445312,0.0,0.0,0.0,20.340782165527344,25.712383270263672,23.065778732299805,0.0,0.0,0.0
132.0,36.514251708984375,30269.53515625,3348.77001953125,14618.9638671875,12301.8017578125,3240.267578125,19.888662338256836,0.0,12287.8408203125,0.07032787799835205,18.837980270385742,0.8253206610679626,2.378948450088501,3.943523645401001,1.6156678199768066,2.6226816177368164,5.288669109344482,0.001035700086504221,0.31029579043388367,0.6197989583015442,0.0,0.0,0.0,0.0,4303.39794921875,188.5384063720703,336.8624267578125,1795.2186279296875,865.6444702148438,0.0,500.0499267578125,0.03270051255822182,18.617748260498047,55.22408676147461,0.0,0.0,0.0,213.2447967529297,213.2447967529297,129.04502868652344,147.6571807861328,133.5312042236328,0.0,0.0,0.0,129.04502868652344,147.6571807861328,133.5312042236328,0.0,0.0,0.0,17.85700798034668,23.30106544494629,19.16921615600586,0.0,0.0,0.0
133.0,36.539676666259766,30442.50390625,3348.77001953125,14702.90234375,12390.830078125,3240.267578125,19.227481842041016,0.0,12772.3984375,0.07032787799835205,18.839731216430664,0.8254305124282837,2.4015886783599854,3.9435372352600098,1.6156678199768066,2.6226816177368164,5.289581775665283,0.001035700086504221,0.31029579043388367,0.6197989583015442,0.0,0.0,0.0,0.0,4347.04150390625,190.45819091796875,341.8674011230469,1839.0760498046875,1072.719970703125,0.0,545.0728149414062,0.035642359405756,9.308874130249023,42.95206832885742,0.0,0.0,0.0,214.6861114501953,214.6861114501953,110.52151489257812,128.25282287597656,116.28144836425781,0.0,0.0,0.0,110.52151489257812,128.25282287597656,116.28144836425781,0.0,0.0,0.0,13.100061416625977,18.286470413208008,14.784842491149902,0.0,0.0,0.0
134.0,36.848392486572266,30797.404296875,3348.77001953125,14870.0439453125,12578.58984375,3240.267578125,19.311735153198242,0.0,12864.7666015625,0.07032787799835205,18.85281753540039,0.826433002948761,2.6864099502563477,3.9449353218078613,1.6156678199768066,2.6226816177368164,5.297987461090088,0.001035700086504221,0.31029579043388367,0.6197989583015442,0.0,0.0,0.0,0.0,4355.60693359375,190.9325714111328,381.0828552246094,1837.68701171875,1073.38671875,0.0,558.3091430664062,0.036485761404037476,9.308874130249023,42.95206832885742,0.0,0.0,0.0,216.13323974609375,216.13323974609375,102.05844116210938,136.59060668945312,120.7545166015625,0.0,0.0,0.0,102.05844116210938,136.59060668945312,120.7545166015625,0.0,0.0,0.0,10.540356636047363,20.641016006469727,16.00895881652832,0.0,0.0,0.0
135.0,37.12321090698242,30907.39453125,3348.77001953125,14943.07421875,12615.5498046875,3240.267578125,19.970827102661133,0.0,12496.193359375,0.07032787799835205,18.861433029174805,0.8270962834358215,2.94181227684021,3.949169874191284,1.6156678199768066,2.6226816177368164,5.303891181945801,0.001035700086504221,0.31029579043388367,0.6197989583015442,0.0,0.0,0.0,0.0,4317.2724609375,189.31753540039062,413.19329833984375,1821.2459716796875,889.3587646484375,0.0,516.9503173828125,0.033768586814403534,9.308874130249023,42.95206832885742,0.0,0.0,0.0,217.53993225097656,217.53993225097656,124.73857116699219,137.82861328125,128.037109375,0.0,0.0,0.0,124.73857116699219,137.82861328125,128.037109375,0.0,0.0,0.0,16.51520347595215,20.34404182434082,17.48002815246582,0.0,0.0,0.0
136.0,37.33658218383789,30963.24609375,3348.77001953125,14998.9248046875,12615.5498046875,3240.267578125,19.993003845214844,0.0,12506.6865234375,0.07032787799835205,18.86696434020996,0.8275207281112671,3.1401727199554443,3.9542763233184814,1.6156678199768066,2.6226816177368164,5.307839393615723,0.001035700086504221,0.31029579043388367,0.6197989583015442,0.0,0.0,0.0,0.0,4381.57958984375,192.17971801757812,443.93133544921875,1875.522705078125,553.7841796875,0.0,706.0335083007812,0.04610684886574745,9.308874130249023,42.95206832885742,0.0,0.0,0.0,218.90208435058594,218.90208435058594,129.89088439941406,149.1385498046875,132.06375122070312,0.0,0.0,0.0,129.89088439941406,149.1385498046875,132.06375122070312,0.0,0.0,0.0,18.000080108642578,23.630023956298828,18.635643005371094,0.0,0.0,0.0
137.0,37.46370315551758,30981.263671875,3348.77001953125,15016.9443359375,12615.5498046875,3240.267578125,20.952974319458008,0.0,11957.3125,0.07032787799835205,18.86994743347168,0.8277489542961121,3.2583274841308594,3.957853078842163,1.6156678199768066,2.6226816177368164,5.310019016265869,0.001035700086504221,0.31029579043388367,0.6197989583015442,0.0,0.0,0.0,0.0,4310.8701171875,189.10060119628906,455.0201721191406,1837.4344482421875,391.2218017578125,0.0,598.0158081054688,0.03904670104384422,9.308874130249023,42.95206832885742,0.0,0.0,0.0,220.23097229003906,220.23097229003906,123.24034881591797,137.9161376953125,119.8677978515625,0.0,0.0,0.0,123.24034881591797,137.9161376953125,119.8677978515625,0.0,0.0,0.0,15.094827651977539,19.387496948242188,14.108357429504395,0.0,0.0,0.0
138.0,37.52293014526367,30986.966796875,3348.77001953125,15022.6455078125,12615.5498046875,3240.267578125,21.21489715576172,0.0,11817.7265625,0.07038500159978867,18.878925323486328,0.828654944896698,3.304600954055786,3.9598731994628906,1.6156678199768066,2.6226816177368164,5.311010360717773,0.001035700086504221,0.31029579043388367,0.6197989583015442,0.0,0.0,0.0,0.0,4286.05517578125,188.12832641601562,458.9859619140625,1827.2642822265625,369.235595703125,0.0,556.7008666992188,0.036346495151519775,9.308874130249023,42.95206832885742,0.0,0.0,0.0,221.50393676757812,221.50393676757812,121.08515930175781,133.49301147460938,102.92665100097656,0.0,0.0,0.0,121.08515930175781,133.49301147460938,102.92665100097656,0.0,0.0,0.0,14.202513694763184,17.831809997558594,8.891148567199707,0.0,0.0,0.0
139.0,37.54817199707031,31111.03515625,3348.77001953125,15146.71484375,12615.5498046875,3240.267578125,21.609041213989258,0.0,11655.169921875,0.07053428888320923,18.899568557739258,0.8308115601539612,3.306175470352173,3.960099697113037,1.6156678199768066,2.6226816177368164,5.31150484085083,0.001035700086504221,0.31029579043388367,0.6197989583015442,0.0,0.0,0.0,0.0,4256.6796875,187.12060546875,456.44171142578125,1812.5557861328125,360.5599670410156,0.0,502.28399658203125,0.03279251977801323,9.308874130249023,42.95206832885742,0.0,0.0,0.0,222.7421875,222.7421875,132.5107421875,142.0148468017578,120.42361450195312,0.0,0.0,0.0,132.5107421875,142.0148468017578,120.42361450195312,0.0,0.0,0.0,17.150348663330078,19.930301666259766,13.614864349365234,0.0,0.0,0.0
140.0,38.005096435546875,31361.080078125,3348.77001953125,15396.759765625,12615.5498046875,3240.267578125,21.16499137878418,0.0,11987.5166015625,0.07315614074468613,19.26235580444336,0.86505526304245,3.3508527278900146,3.964179515838623,1.6156678199768066,2.6226816177368164,5.320016860961914,0.001035700086504221,0.31029579043388367,0.6197989583015442,0.0,0.0,0.0,0.0,4378.61083984375,196.63951110839844,465.8870544433594,1782.8193359375,288.02056884765625,0.0,664.7033081054688,0.043370138853788376,18.617748260498047,55.22408676147461,0.0,0.0,0.0,223.9733123779297,223.9733123779297,138.28280639648438,166.16217041015625,141.62759399414062,0.0,0.0,0.0,138.28280639648438,166.16217041015625,141.62759399414062,0.0,0.0,0.0,19.282726287841797,27.437442779541016,20.261077880859375,0.0,0.0,0.0
141.0,38.414031982421875,31528.37109375,3348.77001953125,15564.05078125,12615.5498046875,3240.267578125,21.278823852539062,0.26463088393211365,11988.888671875,0.07466530799865723,19.471282958984375,0.8839266896247864,3.522653102874756,3.967125177383423,1.6156678199768066,2.6226816177368164,5.324897289276123,0.001035700086504221,0.31029579043388367,0.6197989583015442,0.0,0.0,0.0,0.0,4392.18310546875,199.38941955566406,485.97503662109375,482.2296447753906,294.2091369628906,0.0,1922.153564453125,0.24101918935775757,18.617748260498047,55.22408676147461,0.0,0.0,0.0,225.2404327392578,225.2404327392578,169.9450225830078,188.1267852783203,164.10719299316406,0.0,0.0,0.0,169.9450225830078,188.1267852783203,164.10719299316406,0.0,0.0,0.0,28.165464401245117,33.4836311340332,26.457901000976562,0.0,0.0,0.0
142.0,38.9490966796875,31733.08203125,3348.77001953125,15768.76171875,12615.5498046875,3240.267578125,21.131568908691406,0.0,12148.2294921875,0.07624100148677826,19.6892032623291,0.9049502015113831,3.8067901134490967,3.9705333709716797,1.6156678199768066,2.6226816177368164,5.331899642944336,0.001035700086504221,0.31029579043388367,0.6197989583015442,0.0,0.0,0.0,0.0,4417.93505859375,203.0560302734375,521.2752075195312,503.0830383300781,370.7103271484375,0.0,1866.162841796875,0.1880524605512619,18.617748260498047,55.22408676147461,0.0,0.0,0.0,226.53895568847656,226.53895568847656,158.4052734375,184.22152709960938,155.63821411132812,0.0,0.0,0.0,158.4052734375,184.22152709960938,155.63821411132812,0.0,0.0,0.0,25.20197105407715,32.75322723388672,24.392608642578125,0.0,0.0,0.0
143.0,39.33430099487305,32034.69140625,3581.070068359375,15838.072265625,12615.5498046875,3240.267578125,20.911941528320312,0.7452389597892761,12387.7197265625,0.07724449038505554,19.827932357788086,0.9186664819717407,4.018113613128662,3.972799777984619,1.6156678199768066,2.6226816177368164,5.350066184997559,0.001035700086504221,0.31029579043388367,0.6197989583015442,0.0,0.0,0.0,0.0,4410.39111328125,204.3419647216797,545.1868896484375,1752.9124755859375,644.3638916015625,0.0,485.15869140625,0.03158757463097572,18.617748260498047,55.22408676147461,0.0,0.0,0.0,227.87832641601562,227.87832641601562,151.00856018066406,164.47955322265625,140.5338592529297,0.0,0.0,0.0,151.00856018066406,164.47955322265625,140.5338592529297,0.0,0.0,0.0,22.51282501220703,26.45309066772461,19.448972702026367,0.0,0.0,0.0
144.0,39.541160583496094,32064.4921875,3581.070068359375,15867.8720703125,12615.5498046875,3240.267578125,20.320213317871094,0.5623078346252441,12752.185546875,0.07773945480585098,19.896366119384766,0.9253801703453064,4.132391929626465,3.9739506244659424,1.6156678199768066,2.6226816177368164,5.365850448608398,0.001035700086504221,0.31029579043388367,0.6197989583015442,0.0,0.0,0.0,0.0,4438.2744140625,206.42417907714844,561.096923828125,1748.681396484375,854.7445068359375,0.0,477.24969482421875,0.031037578359246254,18.617748260498047,55.22408676147461,0.0,0.0,0.0,229.259521484375,229.259521484375,138.00758361816406,152.69497680664062,135.10501098632812,0.0,0.0,0.0,138.00758361816406,152.69497680664062,135.10501098632812,0.0,0.0,0.0,19.484697341918945,23.780759811401367,18.635692596435547,0.0,0.0,0.0
145.0,39.638038635253906,32201.96484375,3581.070068359375,15878.3115234375,12742.583984375,3240.267578125,19.615949630737305,0.0,13255.0400390625,0.07793479412794113,19.923377990722656,0.9280033111572266,4.18810510635376,3.9744136333465576,1.6156678199768066,2.6226816177368164,5.376725196838379,0.001035700086504221,0.31029579043388367,0.6197989583015442,0.0,0.0,0.0,0.0,4491.033203125,209.18609619140625,572.6781616210938,1795.0377197265625,1059.6446533203125,0.0,517.7591552734375,0.033645838499069214,9.308874130249023,42.95206832885742,0.0,0.0,0.0,230.6826934814453,230.6826934814453,93.40243530273438,123.49432373046875,113.6777572631836,0.0,0.0,0.0,93.40243530273438,123.49432373046875,113.6777572631836,0.0,0.0,0.0,7.704263687133789,16.506139755249023,13.634794235229492,0.0,0.0,0.0
146.0,39.682350158691406,32448.984375,3581.070068359375,15913.1982421875,12954.7158203125,3240.267578125,19.62397003173828,0.0,13350.900390625,0.07796398550271988,19.927419662475586,0.9283696413040161,4.225486755371094,3.974660873413086,1.6156678199768066,2.6226816177368164,5.378969669342041,0.001035700086504221,0.31029579043388367,0.6197989583015442,0.0,0.0,0.0,0.0,4507.4580078125,209.99142456054688,579.0126342773438,1806.2542724609375,1061.44140625,0.0,544.3160400390625,0.03536584973335266,9.308874130249023,42.95206832885742,0.0,0.0,0.0,232.1153106689453,232.1153106689453,100.7941665649414,130.2763671875,115.65343475341797,0.0,0.0,0.0,100.7941665649414,130.2763671875,115.65343475341797,0.0,0.0,0.0,9.858323097229004,18.481868743896484,14.204657554626465,0.0,0.0,0.0
147.0,39.8117790222168,32578.83984375,3581.070068359375,16001.197265625,12996.5712890625,3240.267578125,20.302806854248047,0.0,12968.40234375,0.07800325751304626,19.932851791381836,0.9288924336433411,4.343324661254883,3.976846218109131,1.6156678199768066,2.6226816177368164,5.382380962371826,0.001035700086504221,0.31029579043388367,0.6197989583015442,0.0,0.0,0.0,0.0,4468.9482421875,208.25782775878906,590.50390625,1783.936767578125,879.6016845703125,0.0,518.1924438476562,0.033660273998975754,9.308874130249023,42.95206832885742,0.0,0.0,0.0,233.50721740722656,233.50721740722656,125.27455139160156,138.3456573486328,124.61908721923828,0.0,0.0,0.0,125.27455139160156,138.3456573486328,124.61908721923828,0.0,0.0,0.0,16.34000015258789,20.163299560546875,16.148277282714844,0.0,0.0,0.0
148.0,40.00967025756836,32649.654296875,3581.070068359375,16072.0126953125,12996.5712890625,3240.267578125,20.33264923095703,0.0,12979.2783203125,0.07805051654577255,19.93938636779785,0.9295265078544617,4.524848937988281,3.981724262237549,1.6156678199768066,2.6226816177368164,5.386652946472168,0.001035700086504221,0.31029579043388367,0.6197989583015442,0.0,0.0,0.0,0.0,4537.75927734375,211.5395050048828,620.9152221679688,1850.62646484375,547.987548828125,0.0,686.5762329101562,0.04458431899547577,9.308874130249023,42.95206832885742,0.0,0.0,0.0,234.85906982421875,234.85906982421875,125.74372100830078,142.37364196777344,129.5262451171875,0.0,0.0,0.0,125.74372100830078,142.37364196777344,129.5262451171875,0.0,0.0,0.0,16.447389602661133,21.3116397857666,17.553775787353516,0.0,0.0,0.0
149.0,40.14811706542969,32672.625,3581.070068359375,16094.984375,12996.5712890625,3240.267578125,21.312280654907227,0.0,12409.146484375,0.07808000594377518,19.943464279174805,0.929921567440033,4.652166843414307,3.9856255054473877,1.6156678199768066,2.6226816177368164,5.389378070831299,0.001035700086504221,0.31029579043388367,0.6197989583015442,0.0,0.0,0.0,0.0,4455.9931640625,207.77354431152344,628.8319702148438,1798.3321533203125,386.62933349609375,0.0,592.4998779296875,0.03846774622797966,9.308874130249023,42.95206832885742,0.0,0.0,0.0,236.1804962158203,236.1804962158203,123.11295318603516,139.27723693847656,126.9415054321289,0.0,0.0,0.0,123.11295318603516,139.27723693847656,126.9415054321289,0.0,0.0,0.0,14.698259353637695,19.426313400268555,15.818111419677734,0.0,0.0,0.0
150.0,40.216148376464844,32679.89453125,3581.070068359375,16102.2529296875,12996.5712890625,3240.267578125,21.579633712768555,0.0,12264.283203125,0.07809276133775711,19.945228576660156,0.9300938844680786,4.711833477020264,3.9888758659362793,1.6156678199768066,2.6226816177368164,5.392544746398926,0.001035700086504221,0.31029579043388367,0.6197989583015442,0.0,0.0,0.0,0.0,4429.349609375,206.55120849609375,633.586181640625,1778.8717041015625,364.9433898925781,0.0,557.9150390625,0.036214232444763184,9.308874130249023,42.95206832885742,0.0,0.0,0.0,237.44895935058594,237.44895935058594,113.7989273071289,133.9391632080078,121.95016479492188,0.0,0.0,0.0,113.7989273071289,133.9391632080078,121.95016479492188,0.0,0.0,0.0,11.706552505493164,17.597572326660156,14.090788841247559,0.0,0.0,0.0
151.0,40.24604797363281,32689.001953125,3581.070068359375,16111.361328125,12996.5712890625,3240.267578125,21.899166107177734,0.0,12095.5869140625,0.07809606194496155,19.945682525634766,0.9301416277885437,4.728312015533447,3.9918103218078613,1.6156678199768066,2.6226816177368164,5.402525901794434,0.001035700086504221,0.31029579043388367,0.6197989583015442,0.0,0.0,0.0,0.0,4396.609375,205.03030395507812,632.1456909179688,1755.3231201171875,356.4754638671875,0.0,510.7681884765625,0.033130910247564316,9.308874130249023,42.95206832885742,0.0,0.0,0.0,238.68666076660156,238.68666076660156,128.4535675048828,140.73548889160156,125.31324768066406,0.0,0.0,0.0,128.4535675048828,140.73548889160156,125.31324768066406,0.0,0.0,0.0,15.673500061035156,19.265962600708008,14.754959106445312,0.0,0.0,0.0
152.0,40.28000259399414,32701.3671875,3581.070068359375,16123.7255859375,12996.5712890625,3240.267578125,21.285486221313477,0.0,12440.4931640625,0.07809837907552719,19.94600486755371,0.9301711916923523,4.74675989151001,3.9949405193328857,1.6156678199768066,2.6226816177368164,5.414546489715576,0.001035700086504221,0.31029579043388367,0.6197989583015442,0.0,0.0,0.0,0.0,4479.95166015625,208.92013549804688,643.3598022460938,564.93994140625,286.07452392578125,0.0,1882.458740234375,0.19035980105400085,18.617748260498047,55.22408676147461,0.0,0.0,0.0,239.91690063476562,239.91690063476562,137.00775146484375,184.18972778320312,131.50120544433594,0.0,0.0,0.0,137.00775146484375,184.18972778320312,131.50120544433594,0.0,0.0,0.0,18.789278030395508,32.59000778198242,17.178613662719727,0.0,0.0,0.0
153.0,40.30398178100586,32797.81640625,3581.070068359375,16220.1767578125,12996.5712890625,3240.267578125,21.34906005859375,0.0,12441.9150390625,0.07809853553771973,19.946025848388672,0.9301728010177612,4.769397735595703,3.9952619075775146,1.6156678199768066,2.6226816177368164,5.41554594039917,0.001035700086504221,0.31029579043388367,0.6197989583015442,0.0,0.0,0.0,0.0,4477.2236328125,208.7930450439453,645.956787109375,658.3531494140625,293.27899169921875,0.0,1781.8717041015625,0.11547459661960602,18.617748260498047,55.22408676147461,0.0,0.0,0.0,241.17730712890625,241.17730712890625,99.5625228881836,183.79116821289062,151.34141540527344,0.0,0.0,0.0,99.5625228881836,183.79116821289062,151.34141540527344,0.0,0.0,0.0,7.772977352142334,32.409854888916016,22.918302536010742,0.0,0.0,0.0
154.0,40.6546630859375,32988.1796875,3581.070068359375,16410.5390625,12996.5712890625,3240.267578125,21.18641471862793,1.698654055595398,12607.275390625,0.07810000330209732,19.946229934692383,0.9301910400390625,5.10662841796875,3.9986534118652344,1.6156678199768066,2.6226816177368164,5.425382137298584,0.001035700086504221,0.31029579043388367,0.6197989583015442,0.0,0.0,0.0,0.0,4478.59423828125,208.8589324951172,689.385986328125,1784.9991455078125,370.5560302734375,0.0,643.2471313476562,0.04165678843855858,18.617748260498047,55.22408676147461,0.0,0.0,0.0,242.47059631347656,242.47059631347656,159.5240936279297,174.65357971191406,161.31919860839844,0.0,0.0,0.0,159.5240936279297,174.65357971191406,161.31919860839844,0.0,0.0,0.0,23.775728225708008,28.20110321044922,24.300798416137695,0.0,0.0,0.0
155.0,40.96639633178711,33048.41015625,3581.070068359375,16470.76953125,12996.5712890625,3240.267578125,20.806270599365234,0.3982349634170532,12855.798828125,0.07810115069150925,19.946388244628906,0.9302053451538086,5.406736850738525,4.001431465148926,1.6156678199768066,2.6226816177368164,5.434051990509033,0.001035700086504221,0.31029579043388367,0.6197989583015442,0.0,0.0,0.0,0.0,4454.39794921875,207.73207092285156,724.9210815429688,1740.9908447265625,645.1417236328125,0.0,568.5245361328125,0.036795198917388916,18.617748260498047,55.22408676147461,0.0,0.0,0.0,243.80909729003906,243.80909729003906,140.15969848632812,159.3430938720703,154.01686096191406,0.0,0.0,0.0,140.15969848632812,159.3430938720703,154.01686096191406,0.0,0.0,0.0,19.792207717895508,25.40334701538086,23.84542465209961,0.0,0.0,0.0
156.0,41.12855529785156,33069.12890625,3581.070068359375,16491.486328125,12996.5712890625,3282.96240234375,20.23638153076172,0.0,13217.7587890625,0.07810167968273163,19.946460723876953,0.9302120208740234,5.557519435882568,4.002752304077148,1.6156678199768066,2.6226816177368164,5.444026947021484,0.001035700086504221,0.31029579043388367,0.6197989583015442,0.0,0.0,0.0,0.0,4471.92138671875,208.55001831054688,746.3004150390625,1736.9896240234375,856.2296752929688,0.0,564.1376342773438,0.03648556396365166,18.617748260498047,55.22408676147461,0.0,0.0,0.0,245.1971435546875,245.1971435546875,127.94893646240234,149.71343994140625,120.42522430419922,0.0,0.0,0.0,127.94893646240234,149.71343994140625,120.42522430419922,0.0,0.0,0.0,17.188682556152344,23.554800033569336,14.987997055053711,0.0,0.0,0.0
157.0,41.206050872802734,33206.61328125,3581.070068359375,16502.23828125,13123.302734375,3282.96240234375,19.531728744506836,0.0,13738.978515625,0.07810189574956894,19.946491241455078,0.9302147626876831,5.623863697052002,4.003312587738037,1.6156678199768066,2.6226816177368164,5.454585075378418,0.001035700086504221,0.31029579043388367,0.6197989583015442,0.0,0.0,0.0,0.0,4523.0263671875,210.93362426757812,761.1588745117188,1784.849609375,1061.98095703125,0.0,613.4093017578125,0.03964260593056679,9.308874130249023,42.95206832885742,0.0,0.0,0.0,246.62730407714844,246.62730407714844,76.47067260742188,123.72076416015625,110.3953857421875,0.0,0.0,0.0,76.47067260742188,123.72076416015625,110.3953857421875,0.0,0.0,0.0,2.8359439373016357,16.65659523010254,12.75892162322998,0.0,0.0,0.0
158.0,41.2453727722168,33429.72265625,3581.070068359375,16507.935546875,13340.71484375,3282.96240234375,19.521053314208984,0.0,13838.3291015625,0.0781019926071167,19.946504592895508,0.9302158951759338,5.654422760009766,4.0048112869262695,1.6156678199768066,2.6226816177368164,5.461836338043213,0.001035700086504221,0.31029579043388367,0.6197989583015442,0.0,0.0,0.0,0.0,4539.55712890625,211.70468139648438,767.1068725585938,1797.574462890625,1063.89501953125,0.0,640.9984741210938,0.0414043627679348,9.308874130249023,42.95206832885742,0.0,0.0,0.0,248.06817626953125,248.06817626953125,101.75990295410156,132.4608917236328,101.8807144165039,0.0,0.0,0.0,101.75990295410156,132.4608917236328,101.8807144165039,0.0,0.0,0.0,10.243718147277832,19.223758697509766,10.279057502746582,0.0,0.0,0.0
159.0,41.264488220214844,33476.26171875,3581.070068359375,16511.59375,13383.59765625,3282.96240234375,20.144268035888672,0.0,13441.8603515625,0.07810202986001968,19.946510314941406,0.930216372013092,5.666630744934082,4.008172512054443,1.6156678199768066,2.6226816177368164,5.4653754234313965,0.001035700086504221,0.31029579043388367,0.6197989583015442,0.0,0.0,0.0,0.0,4503.23583984375,210.0108642578125,763.9915161132812,1779.986572265625,882.0242309570312,0.0,613.129638671875,0.039594389498233795,9.308874130249023,42.95206832885742,0.0,0.0,0.0,249.47508239746094,249.47508239746094,124.6013412475586,138.7533721923828,121.87382507324219,0.0,0.0,0.0,124.6013412475586,138.7533721923828,121.87382507324219,0.0,0.0,0.0,16.301624298095703,20.44109344482422,15.503827095031738,0.0,0.0,0.0
160.0,41.27650451660156,33478.46484375,3581.070068359375,16513.796875,13383.59765625,3282.96240234375,20.131351470947266,0.0,13453.140625,0.07810205221176147,19.94651222229004,0.9302166104316711,5.673444747924805,4.0111589431762695,1.6156678199768066,2.6226816177368164,5.467590808868408,0.001035700086504221,0.31029579043388367,0.6197989583015442,0.0,0.0,0.0,0.0,4568.86376953125,213.07147216796875,774.0311889648438,1866.3402099609375,549.3093872070312,0.0,784.4495849609375,0.05064970999956131,9.308874130249023,45.48273468017578,0.0,0.0,0.0,250.84461975097656,250.84461975097656,116.24051666259766,148.01852416992188,125.85688781738281,0.0,0.0,0.0,116.24051666259766,148.01852416992188,125.85688781738281,0.0,0.0,0.0,13.868999481201172,23.164066314697266,16.681787490844727,0.0,0.0,0.0
161.0,41.282630920410156,33479.16015625,3581.070068359375,16514.4921875,13383.59765625,3282.96240234375,21.08765983581543,0.0,12862.1943359375,0.07810205966234207,19.946514129638672,0.9302167296409607,5.676675796508789,4.0129265785217285,1.6156678199768066,2.6226816177368164,5.468715667724609,0.001035700086504221,0.31029579043388367,0.6197989583015442,0.0,0.0,0.0,0.0,4498.74853515625,209.80162048339844,764.3610229492188,1807.9112548828125,388.209228515625,0.0,690.1777954101562,0.044559184461832047,9.308874130249023,42.95206832885742,0.0,0.0,0.0,252.1881866455078,252.1881866455078,110.59930419921875,138.83494567871094,123.34610748291016,0.0,0.0,0.0,110.59930419921875,138.83494567871094,123.34610748291016,0.0,0.0,0.0,11.262636184692383,19.52155876159668,14.99107551574707,0.0,0.0,0.0
162.0,41.28530502319336,33479.37890625,3581.070068359375,16514.712890625,13383.59765625,3282.96240234375,21.34778594970703,0.0,12712.03125,0.07810205966234207,19.946514129638672,0.9302167296409607,5.677627086639404,4.014046669006348,1.6156678199768066,2.6226816177368164,5.469316482543945,0.001035700086504221,0.31029579043388367,0.6197989583015442,0.0,0.0,0.0,0.0,4473.7060546875,208.6337432861328,761.269775390625,1790.4561767578125,366.5338439941406,0.0,656.171875,0.04236182942986488,9.308874130249023,42.95206832885742,0.0,0.0,0.0,253.4821319580078,253.4821319580078,112.88956451416016,127.76670837402344,125.60059356689453,0.0,0.0,0.0,112.88956451416016,127.76670837402344,125.60059356689453,0.0,0.0,0.0,11.672411918640137,16.023977279663086,15.390388488769531,0.0,0.0,0.0
163.0,41.28754806518555,33487.7109375,3581.070068359375,16523.044921875,13383.59765625,3282.96240234375,21.66346549987793,0.0,12537.177734375,0.07810205966234207,19.946514129638672,0.9302167296409607,5.677682876586914,4.01470422744751,1.6156678199768066,2.6226816177368164,5.470848083496094,0.001035700086504221,0.31029579043388367,0.6197989583015442,0.0,0.0,0.0,0.0,4440.904296875,207.10403442382812,757.0967407226562,1766.21630859375,358.0419921875,0.0,608.3685913085938,0.03927138075232506,9.308874130249023,42.95206832885742,0.0,0.0,0.0,254.74688720703125,254.74688720703125,129.22474670410156,142.1261444091797,123.14908599853516,0.0,0.0,0.0,129.22474670410156,142.1261444091797,123.14908599853516,0.0,0.0,0.0,16.134775161743164,19.908432006835938,14.357644081115723,0.0,0.0,0.0
164.0,41.31383514404297,33500.84765625,3581.070068359375,16536.1796875,13383.59765625,3282.96240234375,21.056108474731445,0.0,12894.67578125,0.07810206711292267,19.946514129638672,0.9302167892456055,5.678168773651123,4.022225379943848,1.6156678199768066,2.6226816177368164,5.489126682281494,0.001035700086504221,0.31029579043388367,0.6197989583015442,0.0,0.0,0.0,0.0,4521.5234375,210.86375427246094,767.8060302734375,652.0560913085938,287.2052917480469,0.0,1916.0859375,0.1935010403394699,18.617748260498047,55.22408676147461,0.0,0.0,0.0,256.0063171386719,256.0063171386719,160.34634399414062,183.56265258789062,128.5088653564453,0.0,0.0,0.0,160.34634399414062,183.56265258789062,128.5088653564453,0.0,0.0,0.0,25.845197677612305,32.63597106933594,16.53273582458496,0.0,0.0,0.0
165.0,41.33626174926758,33505.7265625,3581.070068359375,16541.05859375,13383.59765625,3282.96240234375,21.059934616088867,0.0,12896.1484375,0.07810206711292267,19.946514129638672,0.9302167892456055,5.678517818450928,4.02925968170166,1.6156678199768066,2.6226816177368164,5.504172325134277,0.001035700086504221,0.31029579043388367,0.6197989583015442,0.0,0.0,0.0,0.0,4519.96728515625,210.79116821289062,767.5695190429688,655.7781372070312,294.482421875,0.0,1901.7579345703125,0.12247614562511444,21.66411018371582,57.13983917236328,0.0,0.0,0.0,257.30120849609375,257.30120849609375,133.94236755371094,185.09422302246094,154.53724670410156,0.0,0.0,0.0,133.94236755371094,185.09422302246094,154.53724670410156,0.0,0.0,0.0,18.118207931518555,33.08012771606445,24.142210006713867,0.0,0.0,0.0
166.0,41.34933090209961,33507.6796875,3581.070068359375,16543.009765625,13383.59765625,3282.96240234375,20.779848098754883,0.0,13067.53515625,0.07810206711292267,19.946514129638672,0.9302167892456055,5.678682804107666,4.033134937286377,1.6156678199768066,2.6226816177368164,5.513200283050537,0.001035700086504221,0.31029579043388367,0.6197989583015442,0.0,0.0,0.0,0.0,4533.99560546875,211.4453887939453,769.5179443359375,665.7122802734375,372.6573791503906,0.0,1909.532470703125,0.12289927154779434,22.627517700195312,57.774879455566406,0.0,0.0,0.0,258.6306457519531,258.6306457519531,99.44046783447266,184.25445556640625,147.3854217529297,0.0,0.0,0.0,99.44046783447266,184.25445556640625,147.3854217529297,0.0,0.0,0.0,8.306488037109375,33.11457824707031,22.330387115478516,0.0,0.0,0.0
167.0,41.355525970458984,33513.796875,3581.070068359375,16549.12890625,13383.59765625,3282.96240234375,20.373149871826172,0.0,13325.1357421875,0.07810206711292267,19.946514129638672,0.9302167892456055,5.678704738616943,4.033706188201904,1.6156678199768066,2.6226816177368164,5.518800258636475,0.001035700086504221,0.31029579043388367,0.6197989583015442,0.0,0.0,0.0,0.0,4526.06640625,211.07562255859375,768.04248046875,714.550537109375,650.1406860351562,0.0,1770.0791015625,0.11387935280799866,19.608400344848633,55.84707260131836,0.0,0.0,0.0,260.00634765625,260.00634765625,147.4394073486328,179.43899536132812,146.27980041503906,0.0,0.0,0.0,147.4394073486328,179.43899536132812,146.27980041503906,0.0,0.0,0.0,22.752878189086914,32.112754821777344,22.4136905670166,0.0,0.0,0.0
168.0,41.37833023071289,33525.26953125,3581.070068359375,16560.603515625,13383.59765625,3718.10400390625,19.83246421813965,0.0,13684.55078125,0.07810206711292267,19.946514129638672,0.9302167892456055,5.678755760192871,4.035074234008789,1.6156678199768066,2.6226816177368164,5.540186882019043,0.001035700086504221,0.31029579043388367,0.6197989583015442,0.0,0.0,0.0,0.0,4546.30859375,212.01962280273438,770.7649536132812,1802.82421875,863.1572265625,0.0,684.4774169921875,0.04397086799144745,20.31234359741211,56.28976058959961,0.0,0.0,0.0,261.4275207519531,261.4275207519531,112.49395751953125,150.3949737548828,125.50004577636719,0.0,0.0,0.0,112.49395751953125,150.3949737548828,125.50004577636719,0.0,0.0,0.0,13.072019577026367,24.15806770324707,16.876300811767578,0.0,0.0,0.0
169.0,41.397647857666016,33657.8203125,3581.070068359375,16569.619140625,13507.12890625,3718.10400390625,19.1373291015625,0.0,14224.173828125,0.07810206711292267,19.946514129638672,0.9302167892456055,5.678777694702148,4.035677909851074,1.6156678199768066,2.6226816177368164,5.558879375457764,0.001035700086504221,0.31029579043388367,0.6197989583015442,0.0,0.0,0.0,0.0,4595.935546875,214.33399963378906,777.7839965820312,1866.34423828125,1070.2623291015625,0.0,740.57763671875,0.04751299321651459,9.308874130249023,43.62032699584961,0.0,0.0,0.0,262.889892578125,262.889892578125,77.87959289550781,132.1278533935547,110.56499481201172,0.0,0.0,0.0,77.87959289550781,132.1278533935547,110.56499481201172,0.0,0.0,0.0,3.642451047897339,19.51006507873535,13.202932357788086,0.0,0.0,0.0
170.0,41.4273681640625,33891.2734375,3581.070068359375,16581.814453125,13728.3896484375,3718.10400390625,19.130859375,0.0,14327.03515625,0.07810206711292267,19.946514129638672,0.9302167892456055,5.6788010597229,4.038497447967529,1.6156678199768066,2.6226816177368164,5.585756301879883,0.001035700086504221,0.31029579043388367,0.6197989583015442,0.0,0.0,0.0,0.0,4611.61328125,215.06512451171875,780.0249633789062,1881.964599609375,1072.0379638671875,0.0,769.4325561523438,0.04927248880267143,9.308874130249023,46.524131774902344,0.0,0.0,0.0,264.3687744140625,264.3687744140625,101.77938842773438,135.95738220214844,107.7525863647461,0.0,0.0,0.0,101.77938842773438,135.95738220214844,107.7525863647461,0.0,0.0,0.0,10.639612197875977,20.636676788330078,12.386772155761719,0.0,0.0,0.0
171.0,41.45115280151367,33943.0078125,3581.070068359375,16589.927734375,13772.01171875,3718.10400390625,19.744726181030273,0.0,13916.568359375,0.07810206711292267,19.946514129638672,0.9302167892456055,5.678813457489014,4.045139312744141,1.6156678199768066,2.6226816177368164,5.602887153625488,0.001035700086504221,0.31029579043388367,0.6197989583015442,0.0,0.0,0.0,0.0,4577.8212890625,213.48922729492188,775.2046508789062,1863.4888916015625,889.11376953125,0.0,736.6637573242188,0.04711884260177612,9.308874130249023,42.95206832885742,0.0,0.0,0.0,265.8178405761719,265.8178405761719,124.62572479248047,144.51914978027344,126.4122543334961,0.0,0.0,0.0,124.62572479248047,144.51914978027344,126.4122543334961,0.0,0.0,0.0,16.708297729492188,22.52712631225586,17.230857849121094,0.0,0.0,0.0
172.0,41.472076416015625,33949.91015625,3581.070068359375,16596.830078125,13772.01171875,3718.10400390625,19.734769821166992,0.0,13928.2431640625,0.07810206711292267,19.946514129638672,0.9302167892456055,5.678820610046387,4.050734519958496,1.6156678199768066,2.6226816177368164,5.618209362030029,0.001035700086504221,0.31029579043388367,0.6197989583015442,0.0,0.0,0.0,0.0,4640.95361328125,216.43344116210938,784.7052001953125,1934.14111328125,553.4912109375,0.0,920.0963134765625,0.05878780409693718,13.140176773071289,51.518123626708984,0.0,0.0,0.0,267.2332458496094,267.2332458496094,125.87508392333984,148.699462890625,125.13570404052734,0.0,0.0,0.0,125.87508392333984,148.699462890625,125.13570404052734,0.0,0.0,0.0,17.08369255065918,23.759822845458984,16.86742401123047,0.0,0.0,0.0
173.0,41.49106216430664,33958.83984375,3581.070068359375,16605.759765625,13772.01171875,3718.10400390625,20.678070068359375,0.0,13316.4169921875,0.07810206711292267,19.946514129638672,0.9302167892456055,5.678824424743652,4.054026126861572,1.6156678199768066,2.6226816177368164,5.6338982582092285,0.001035700086504221,0.31029579043388367,0.6197989583015442,0.0,0.0,0.0,0.0,4568.80029296875,213.0685272216797,774.2593994140625,1890.4486083984375,391.1060791015625,0.0,806.5838623046875,0.0514780655503273,9.308874130249023,47.40778732299805,0.0,0.0,0.0,268.6237487792969,268.6237487792969,78.65984344482422,145.33438110351562,124.91667175292969,0.0,0.0,0.0,78.65984344482422,145.33438110351562,124.91667175292969,0.0,0.0,0.0,2.329932689666748,21.832233428955078,15.860055923461914,0.0,0.0,0.0
174.0,41.515323638916016,33967.5234375,3581.070068359375,16614.44140625,13772.01171875,3718.10400390625,20.93857192993164,0.0,13160.9599609375,0.07810206711292267,19.946514129638672,0.9302167892456055,5.67882776260376,4.05722713470459,1.6156678199768066,2.6226816177368164,5.6549553871154785,0.001035700086504221,0.31029579043388367,0.6197989583015442,0.0,0.0,0.0,0.0,4546.2744140625,212.0180206298828,770.9356079101562,1872.890380859375,369.40301513671875,0.0,770.3604736328125,0.04909444600343704,9.308874130249023,43.74045944213867,0.0,0.0,0.0,269.9649658203125,269.9649658203125,109.21871185302734,130.55519104003906,103.66065979003906,0.0,0.0,0.0,109.21871185302734,130.55519104003906,103.66065979003906,0.0,0.0,0.0,11.007901191711426,17.248823165893555,9.382170677185059,0.0,0.0,0.0
175.0,41.53215789794922,33977.9140625,3581.070068359375,16624.83203125,13772.01171875,3718.10400390625,21.249698638916016,0.0,12979.923828125,0.07810206711292267,19.946514129638672,0.9302167892456055,5.678828716278076,4.058406352996826,1.6156678199768066,2.6226816177368164,5.670608043670654,0.001035700086504221,0.31029579043388367,0.6197989583015442,0.0,0.0,0.0,0.0,4516.97119140625,210.65145874023438,766.6066284179688,1843.58935546875,361.0268249511719,0.0,720.5752563476562,0.045871809124946594,9.308874130249023,42.95206832885742,0.0,0.0,0.0,271.27581787109375,271.27581787109375,135.1023406982422,144.49859619140625,127.88506317138672,0.0,0.0,0.0,135.1023406982422,144.49859619140625,127.88506317138672,0.0,0.0,0.0,18.26773452758789,21.016141891479492,16.156681060791016,0.0,0.0,0.0
176.0,41.568946838378906,33995.8515625,3581.070068359375,16642.771484375,13772.01171875,3718.10400390625,20.65625,0.0,13350.037109375,0.07810206711292267,19.946514129638672,0.9302167892456055,5.678830146789551,4.0627031326293945,1.6156678199768066,2.6226816177368164,5.70310115814209,0.001035700086504221,0.31029579043388367,0.6197989583015442,0.0,0.0,0.0,0.0,4592.04833984375,214.15272521972656,777.6268920898438,1857.5802001953125,289.3558349609375,0.0,899.6111450195312,0.05714108422398567,27.926620483398438,61.3600959777832,0.0,0.0,0.0,272.5849609375,272.5849609375,141.70301818847656,168.8666229248047,154.99269104003906,0.0,0.0,0.0,141.70301818847656,168.8666229248047,154.99269104003906,0.0,0.0,0.0,20.791879653930664,28.73723602294922,24.67911148071289,0.0,0.0,0.0
177.0,41.60148620605469,34003.4140625,3581.070068359375,16650.333984375,13772.01171875,3718.10400390625,20.6616268157959,0.0,13351.5595703125,0.07810206711292267,19.946514129638672,0.9302167892456055,5.678831100463867,4.06825065612793,1.6156678199768066,2.6226816177368164,5.730090618133545,0.001035700086504221,0.31029579043388367,0.6197989583015442,0.0,0.0,0.0,0.0,4590.44873046875,214.07810974121094,777.336669921875,635.9711303710938,296.68646240234375,0.0,2115.301513671875,0.28091123700141907,27.926620483398438,61.3600959777832,0.0,0.0,0.0,273.9393310546875,273.9393310546875,176.3731689453125,182.93527221679688,172.23577880859375,0.0,0.0,0.0,176.3731689453125,182.93527221679688,172.23577880859375,0.0,0.0,0.0,30.927526473999023,32.84694290161133,29.71734046936035,0.0,0.0,0.0
178.0,41.62101745605469,34006.4296875,3581.070068359375,16653.349609375,13772.01171875,3718.10400390625,20.387250900268555,0.0,13529.0087890625,0.07810206711292267,19.946514129638672,0.9302167892456055,5.678831577301025,4.071797847747803,1.6156678199768066,2.6226816177368164,5.7460737228393555,0.001035700086504221,0.31029579043388367,0.6197989583015442,0.0,0.0,0.0,0.0,4604.99853515625,214.75665283203125,779.3380737304688,789.5787963867188,375.462890625,0.0,1983.9732666015625,0.1256454437971115,27.926620483398438,61.3600959777832,0.0,0.0,0.0,275.33489990234375,275.33489990234375,156.1421356201172,183.58541870117188,149.60098266601562,0.0,0.0,0.0,156.1421356201172,183.58541870117188,149.60098266601562,0.0,0.0,0.0,25.284324645996094,33.31148147583008,23.371034622192383,0.0,0.0,0.0
179.0,41.630374908447266,34246.2109375,3813.3701171875,16660.830078125,13772.01171875,3718.10400390625,20.12522315979004,0.0,13795.69921875,0.07810206711292267,19.946514129638672,0.9302167892456055,5.678831577301025,4.072427272796631,1.6156678199768066,2.6226816177368164,5.75480318069458,0.001035700086504221,0.31029579043388367,0.6197989583015442,0.0,0.0,0.0,0.0,4596.8662109375,214.3773956298828,777.8280029296875,1874.056396484375,655.02392578125,0.0,808.2196655273438,0.05115404352545738,27.926620483398438,61.3600959777832,0.0,0.0,0.0,276.7829895019531,276.7829895019531,139.17245483398438,165.01416015625,156.43710327148438,0.0,0.0,0.0,139.17245483398438,165.01416015625,156.43710327148438,0.0,0.0,0.0,20.582719802856445,28.141420364379883,25.632627487182617,0.0,0.0,0.0
180.0,41.65830993652344,34265.38671875,3813.3701171875,16680.00390625,13772.01171875,3718.10400390625,19.616714477539062,0.0,14152.572265625,0.07810206711292267,19.946514129638672,0.9302167892456055,5.678831577301025,4.0733418464660645,1.6156678199768066,2.6226816177368164,5.781821250915527,0.001035700086504221,0.31029579043388367,0.6197989583015442,0.0,0.0,0.0,0.0,4615.4443359375,215.24380493164062,780.2990112304688,1878.47412109375,869.4719848632812,0.0,806.32421875,0.05094113573431969,27.926620483398438,61.3600959777832,0.0,0.0,0.0,278.2793273925781,278.2793273925781,137.1009063720703,158.666259765625,142.0030517578125,0.0,0.0,0.0,137.1009063720703,158.666259765625,142.0030517578125,0.0,0.0,0.0,20.48530387878418,26.793167114257812,21.91918182373047,0.0,0.0,0.0
181.0,41.70173263549805,34401.078125,3813.3701171875,16695.587890625,13892.12109375,3718.10400390625,18.9287109375,0.0,14710.646484375,0.07810206711292267,19.946514129638672,0.9302167892456055,5.678831577301025,4.074488639831543,1.6156678199768066,2.6226816177368164,5.824097156524658,0.001035700086504221,0.31029579043388367,0.6197989583015442,0.0,0.0,0.0,0.0,4666.81494140625,217.63949584960938,787.5676879882812,1939.854248046875,1078.2476806640625,0.0,875.1307373046875,0.055130571126937866,12.529767990112305,51.11358642578125,0.0,0.0,0.0,279.8285827636719,279.8285827636719,118.47763061523438,140.55030822753906,118.98143005371094,0.0,0.0,0.0,118.47763061523438,140.55030822753906,118.98143005371094,0.0,0.0,0.0,15.725996017456055,22.182252883911133,15.873355865478516,0.0,0.0,0.0
182.0,41.73190689086914,34631.0234375,3813.3701171875,16700.51953125,14117.1337890625,3718.10400390625,18.917551040649414,0.0,14817.02734375,0.07810206711292267,19.946514129638672,0.9302167892456055,5.678831577301025,4.077940464019775,1.6156678199768066,2.6226816177368164,5.850821495056152,0.001035700086504221,0.31029579043388367,0.6197989583015442,0.0,0.0,0.0,0.0,4683.0146484375,218.3949737548828,789.8786010742188,1950.3575439453125,1080.082275390625,0.0,910.5504150390625,0.05725950002670288,14.356531143188477,52.34107208251953,0.0,0.0,0.0,281.40411376953125,281.40411376953125,93.58562469482422,143.57955932617188,101.05175018310547,0.0,0.0,0.0,93.58562469482422,143.57955932617188,101.05175018310547,0.0,0.0,0.0,8.456243515014648,23.079471588134766,10.640085220336914,0.0,0.0,0.0
183.0,41.74848556518555,34682.04296875,3813.3701171875,16707.197265625,14161.4755859375,3718.10400390625,19.52413558959961,0.0,14392.5146484375,0.07810206711292267,19.946514129638672,0.9302167892456055,5.678831577301025,4.084403038024902,1.6156678199768066,2.6226816177368164,5.860935211181641,0.001035700086504221,0.31029579043388367,0.6197989583015442,0.0,0.0,0.0,0.0,4647.9990234375,216.7620086669922,784.8740234375,1938.086181640625,895.6942138671875,0.0,866.0447998046875,0.054424647241830826,11.539812088012695,50.49103546142578,0.0,0.0,0.0,282.949462890625,282.949462890625,113.91674041748047,146.48805236816406,122.4400863647461,0.0,0.0,0.0,113.91674041748047,146.48805236816406,122.4400863647461,0.0,0.0,0.0,13.79651165008545,23.323619842529297,16.28959083557129,0.0,0.0,0.0
184.0,41.7666015625,34691.05078125,3813.3701171875,16716.205078125,14161.4755859375,3718.10400390625,19.515470504760742,0.0,14404.5849609375,0.07810206711292267,19.946514129638672,0.9302167892456055,5.678831577301025,4.08964729309082,1.6156678199768066,2.6226816177368164,5.873807430267334,0.001035700086504221,0.31029579043388367,0.6197989583015442,0.0,0.0,0.0,0.0,4713.17236328125,219.80140686035156,794.66748046875,1979.231689453125,557.6806640625,0.0,1079.7059326171875,0.06779050827026367,18.617748260498047,55.22408676147461,0.0,0.0,0.0,284.4561462402344,284.4561462402344,108.8814926147461,151.85780334472656,128.7006072998047,0.0,0.0,0.0,108.8814926147461,151.85780334472656,128.7006072998047,0.0,0.0,0.0,12.332365989685059,24.902936935424805,18.129457473754883,0.0,0.0,0.0
185.0,41.792335510253906,34705.859375,3813.3701171875,16731.015625,14161.4755859375,3718.10400390625,20.452566146850586,0.0,13771.8359375,0.07810206711292267,19.946514129638672,0.9302167892456055,5.678832054138184,4.094014644622803,1.6156678199768066,2.6226816177368164,5.895174980163574,0.001035700086504221,0.31029579043388367,0.6197989583015442,0.0,0.0,0.0,0.0,4638.4873046875,216.31842041015625,783.8471069335938,1954.9564208984375,393.98382568359375,0.0,936.9322509765625,0.05873963609337807,13.88099479675293,52.01934051513672,0.0,0.0,0.0,285.93475341796875,285.93475341796875,77.79643249511719,144.33016967773438,120.69988250732422,0.0,0.0,0.0,77.79643249511719,144.33016967773438,120.69988250732422,0.0,0.0,0.0,2.302889585494995,21.764007568359375,14.852149963378906,0.0,0.0,0.0
186.0,41.829185485839844,34719.375,3813.3701171875,16744.52734375,14161.4755859375,3718.10400390625,20.71331214904785,0.0,13611.0595703125,0.07810206711292267,19.946514129638672,0.9302167892456055,5.678832054138184,4.100834369659424,1.6156678199768066,2.6226816177368164,5.925204277038574,0.001035700086504221,0.31029579043388367,0.6197989583015442,0.0,0.0,0.0,0.0,4615.17138671875,215.2310791015625,780.4042358398438,1944.879638671875,372.09637451171875,0.0,891.0585327148438,0.055749859660863876,11.44006633758545,50.42831039428711,0.0,0.0,0.0,287.3577575683594,287.3577575683594,109.83162689208984,140.42909240722656,93.15966033935547,0.0,0.0,0.0,109.83162689208984,140.42909240722656,93.15966033935547,0.0,0.0,0.0,11.412439346313477,20.362199783325195,6.535889625549316,0.0,0.0,0.0
187.0,41.857421875,34737.91796875,3813.3701171875,16763.0703125,14161.4755859375,3718.10400390625,21.026254653930664,0.0,13423.833984375,0.07810206711292267,19.946514129638672,0.9302167892456055,5.678832054138184,4.106898307800293,1.6156678199768066,2.6226816177368164,5.947379112243652,0.001035700086504221,0.31029579043388367,0.6197989583015442,0.0,0.0,0.0,0.0,4584.8515625,213.8170928955078,775.92333984375,1923.171142578125,363.6279296875,0.0,832.5516967773438,0.052010923624038696,9.843297958374023,49.424156188964844,0.0,0.0,0.0,288.7499694824219,288.7499694824219,140.90414428710938,148.24220275878906,133.6929473876953,0.0,0.0,0.0,140.90414428710938,148.24220275878906,133.6929473876953,0.0,0.0,0.0,20.188207626342773,22.3345890045166,18.078933715820312,0.0,0.0,0.0
188.0,41.91459655761719,34761.7578125,3813.3701171875,16786.912109375,14161.4755859375,3718.10400390625,20.44182777404785,0.0,13806.6064453125,0.07810206711292267,19.946514129638672,0.9302167892456055,5.678832054138184,4.1212029457092285,1.6156678199768066,2.6226816177368164,5.9902472496032715,0.001035700086504221,0.31029579043388367,0.6197989583015442,0.0,0.0,0.0,0.0,4662.45751953125,217.43629455566406,787.3101806640625,861.4542846679688,291.50177001953125,0.0,2100.108154296875,0.13980908691883087,27.926620483398438,61.3600959777832,0.0,0.0,0.0,290.1444091796875,290.1444091796875,114.67389678955078,185.1739501953125,133.35975646972656,0.0,0.0,0.0,114.67389678955078,185.1739501953125,133.35975646972656,0.0,0.0,0.0,13.100287437438965,33.72154998779297,18.565902709960938,0.0,0.0,0.0
189.0,41.95970916748047,34774.55859375,3813.3701171875,16799.7109375,14161.4755859375,3718.10400390625,20.45022964477539,0.0,13808.177734375,0.07810206711292267,19.946514129638672,0.9302167892456055,5.678832054138184,4.137594223022461,1.6156678199768066,2.6226816177368164,6.018968105316162,0.001035700086504221,0.31029579043388367,0.6197989583015442,0.0,0.0,0.0,0.0,4660.7900390625,217.3585205078125,787.0067749023438,849.1187133789062,298.8848876953125,0.0,2106.72119140625,0.1425248086452484,27.926620483398438,61.3600959777832,0.0,0.0,0.0,291.5885314941406,291.5885314941406,139.26498413085938,184.8708038330078,131.0640106201172,0.0,0.0,0.0,139.26498413085938,184.8708038330078,131.0640106201172,0.0,0.0,0.0,20.284778594970703,33.624481201171875,17.88599395751953,0.0,0.0,0.0
190.0,41.993465423583984,34781.5625,3813.3701171875,16806.71875,14161.4755859375,3718.10400390625,20.1807861328125,0.0,13991.685546875,0.07810206711292267,19.946514129638672,0.9302167892456055,5.678832054138184,4.151279926300049,1.6156678199768066,2.6226816177368164,6.039039611816406,0.001035700086504221,0.31029579043388367,0.6197989583015442,0.0,0.0,0.0,0.0,4675.84912109375,218.06080627441406,789.080078125,1011.8487548828125,378.26080322265625,0.0,1968.927978515625,0.12224416434764862,27.926620483398438,61.3600959777832,0.0,0.0,0.0,293.06854248046875,293.06854248046875,156.7218017578125,181.9158172607422,151.57266235351562,0.0,0.0,0.0,156.7218017578125,181.9158172607422,151.57266235351562,0.0,0.0,0.0,25.66033935546875,33.02959060668945,24.154218673706055,0.0,0.0,0.0
191.0,42.01153564453125,34785.390625,3813.3701171875,16810.544921875,14161.4755859375,3718.10400390625,19.783803939819336,0.0,14267.5,0.07810206711292267,19.946514129638672,0.9302167892456055,5.678832054138184,4.157516956329346,1.6156678199768066,2.6226816177368164,6.050873756408691,0.001035700086504221,0.31029579043388367,0.6197989583015442,0.0,0.0,0.0,0.0,4667.51953125,217.67236328125,787.5399780273438,1678.8201904296875,659.8944091796875,0.0,1214.8837890625,0.07536811381578445,27.926620483398438,61.3600959777832,0.0,0.0,0.0,294.5948181152344,294.5948181152344,141.57708740234375,170.41786193847656,127.58585357666016,0.0,0.0,0.0,141.57708740234375,170.41786193847656,127.58585357666016,0.0,0.0,0.0,21.62749671936035,30.06342315673828,17.535058975219727,0.0,0.0,0.0
192.0,42.02629852294922,34798.734375,3813.3701171875,16823.890625,14161.4755859375,3718.10400390625,19.30019760131836,0.0,14621.8212890625,0.07810206711292267,19.946514129638672,0.9302167892456055,5.678832054138184,4.161013126373291,1.6156678199768066,2.6226816177368164,6.06213903427124,0.001035700086504221,0.31029579043388367,0.6197989583015442,0.0,0.0,0.0,0.0,4724.59521484375,220.3341064453125,795.8284301757812,1997.8387451171875,663.8624267578125,0.0,1060.96875,0.06576995551586151,27.926620483398438,61.3600959777832,0.0,0.0,0.0,296.1710205078125,296.1710205078125,132.5938262939453,157.2630157470703,134.10093688964844,0.0,0.0,0.0,132.5938262939453,157.2630157470703,134.10093688964844,0.0,0.0,0.0,19.48349952697754,26.699234008789062,19.924325942993164,0.0,0.0,0.0
193.0,42.06760787963867,34944.04296875,3813.3701171875,16852.53125,14278.1396484375,3718.10400390625,18.626672744750977,0.0,15198.40625,0.07810206711292267,19.946514129638672,0.9302167892456055,5.678832054138184,4.170109272003174,1.6156678199768066,2.6226816177368164,6.094353199005127,0.001035700086504221,0.31029579043388367,0.6197989583015442,0.0,0.0,0.0,0.0,4737.56103515625,220.9387969970703,797.2905883789062,2013.9461669921875,1086.2137451171875,0.0,1009.6761474609375,0.06245590001344681,18.617748260498047,55.22408676147461,0.0,0.0,0.0,297.7951965332031,297.7951965332031,88.67741394042969,143.44091796875,99.9368896484375,0.0,0.0,0.0,88.67741394042969,143.44091796875,99.9368896484375,0.0,0.0,0.0,7.311469554901123,23.329795837402344,10.604866981506348,0.0,0.0,0.0
194.0,42.13338851928711,35196.02734375,3813.3701171875,16875.75,14506.90625,3718.10400390625,18.6253662109375,0.0,15308.3046875,0.07810206711292267,19.946514129638672,0.9302167892456055,5.678832054138184,4.1877899169921875,1.6156678199768066,2.6226816177368164,6.142454147338867,0.001035700086504221,0.31029579043388367,0.6197989583015442,0.0,0.0,0.0,0.0,4754.28955078125,221.71893310546875,799.6761474609375,2028.2371826171875,1088.108154296875,0.0,1045.9713134765625,0.06449446827173233,18.617748260498047,55.22408676147461,0.0,0.0,0.0,299.4440612792969,299.4440612792969,115.76848602294922,145.29736328125,126.05093383789062,0.0,0.0,0.0,115.76848602294922,145.29736328125,126.05093383789062,0.0,0.0,0.0,15.236915588378906,23.87411117553711,18.244531631469727,0.0,0.0,0.0
195.0,42.18193817138672,35257.5234375,3813.3701171875,16892.185546875,14551.9658203125,3718.10400390625,19.228397369384766,0.0,14869.720703125,0.07810206711292267,19.946514129638672,0.9302167892456055,5.678832054138184,4.208160877227783,1.6156678199768066,2.6226816177368164,6.170630931854248,0.001035700086504221,0.31029579043388367,0.6197989583015442,0.0,0.0,0.0,0.0,4718.05078125,220.02890014648438,794.4891357421875,2027.263427734375,902.2593383789062,0.0,980.2296752929688,0.06032926216721535,17.8076114654541,54.67597198486328,0.0,0.0,0.0,301.0654296875,301.0654296875,122.51566314697266,147.5532684326172,130.3350067138672,0.0,0.0,0.0,122.51566314697266,147.5532684326172,130.3350067138672,0.0,0.0,0.0,16.60743522644043,23.930936813354492,18.89459228515625,0.0,0.0,0.0
196.0,42.22498321533203,35271.984375,3813.3701171875,16906.6484375,14551.9658203125,3718.10400390625,19.222795486450195,0.0,14882.1875,0.07810206711292267,19.946514129638672,0.9302167892456055,5.678832054138184,4.223931789398193,1.6156678199768066,2.6226816177368164,6.197906494140625,0.001035700086504221,0.31029579043388367,0.6197989583015442,0.0,0.0,0.0,0.0,4785.26708984375,223.16358947753906,804.5763549804688,2065.686767578125,561.8606567382812,0.0,1207.21142578125,0.07416152954101562,18.617748260498047,55.22408676147461,0.0,0.0,0.0,302.6462097167969,302.6462097167969,123.036376953125,153.09146118164062,117.7222671508789,0.0,0.0,0.0,123.036376953125,153.09146118164062,117.7222671508789,0.0,0.0,0.0,16.765344619750977,25.55645751953125,15.210968971252441,0.0,0.0,0.0
197.0,42.26470947265625,35288.97265625,3813.3701171875,16923.634765625,14551.9658203125,3718.10400390625,20.147846221923828,0.0,14228.458984375,0.07810206711292267,19.946514129638672,0.9302167892456055,5.678832054138184,4.233607292175293,1.6156678199768066,2.6226816177368164,6.226877689361572,0.001035700086504221,0.31029579043388367,0.6208792924880981,0.0,0.0,0.0,0.0,4708.04541015625,219.5623016357422,793.3812255859375,2045.17919921875,396.85467529296875,0.0,1042.771240234375,0.06393416970968246,18.617748260498047,55.320343017578125,0.0,0.0,0.0,304.1944885253906,304.1944885253906,121.90752410888672,149.72134399414062,100.34497833251953,0.0,0.0,0.0,121.90752410888672,149.72134399414062,100.34497833251953,0.0,0.0,0.0,15.510104179382324,23.645647048950195,9.203059196472168,0.0,0.0,0.0
198.0,42.30885314941406,35308.31640625,3813.3701171875,16942.978515625,14551.9658203125,3718.10400390625,20.408254623413086,0.0,14062.33984375,0.0781615749001503,19.95429039001465,0.9309083223342896,5.678832054138184,4.240365505218506,1.6156678199768066,2.6226816177368164,6.247395038604736,0.001035700086504221,0.31029579043388367,0.6292187571525574,0.0,0.0,0.0,0.0,4684.9736328125,218.56356811523438,789.7185668945312,2039.6109619140625,374.7527160644531,0.0,987.0094604492188,0.06043242663145065,16.861730575561523,54.8569450378418,0.0,0.0,0.0,305.68829345703125,305.68829345703125,127.83415985107422,147.15054321289062,102.2331314086914,0.0,0.0,0.0,127.83415985107422,147.15054321289062,102.2331314086914,0.0,0.0,0.0,16.98323631286621,22.633277893066406,9.494935035705566,0.0,0.0,0.0
199.0,42.358768463134766,35682.09375,3813.3701171875,17316.755859375,14551.9658203125,3718.10400390625,20.92507553100586,0.0,13868.908203125,0.07846920192241669,19.99448013305664,0.9344682693481445,5.678832054138184,4.241444110870361,1.6156678199768066,2.6226816177368164,6.249605655670166,0.001035700086504221,0.31029579043388367,0.6317887902259827,0.0,0.0,0.0,0.0,4658.97216796875,217.74319458007812,784.5715942382812,1943.9688720703125,366.0411071777344,0.0,972.8199462890625,0.0595545694231987,27.926620483398438,62.547088623046875,0.0,0.0,0.0,307.1546936035156,307.1546936035156,141.82769775390625,159.39051818847656,142.36717224121094,0.0,0.0,0.0,141.82769775390625,159.39051818847656,142.36717224121094,0.0,0.0,0.0,20.559526443481445,25.6966495513916,20.71732521057129,0.0,0.0,0.0
200.0,43.69984436035156,36420.703125,3813.3701171875,18055.3671875,14551.9658203125,3718.10400390625,20.74981689453125,0.0,14264.3720703125,0.08667757362127304,21.064428329467773,1.0429482460021973,5.678832054138184,4.273153781890869,1.6156678199768066,2.6226816177368164,6.2979302406311035,0.001035700086504221,0.31029579043388367,0.7061938643455505,0.0,0.0,0.0,0.0,4879.173828125,241.5791015625,782.4380493164062,899.0192260742188,290.2606201171875,0.0,2109.107421875,0.1357164978981018,27.926620483398438,69.91319274902344,0.0,0.0,0.0,308.6269226074219,308.6269226074219,159.40008544921875,185.6036376953125,146.0989532470703,0.0,0.0,0.0,159.40008544921875,185.6036376953125,146.0989532470703,0.0,0.0,0.0,25.874706268310547,33.539249420166016,21.9841251373291,0.0,0.0,0.0
201.0,44.91029739379883,36686.20703125,3813.3701171875,18320.873046875,14551.9658203125,3718.10400390625,20.902055740356445,0.0,14265.994140625,0.09361656755208969,21.968786239624023,1.1353882551193237,5.678832054138184,4.3010101318359375,1.6156678199768066,2.6226816177368164,6.336673259735107,0.001035700086504221,0.31029579043388367,0.8463119864463806,0.0,0.0,0.0,0.0,4995.24169921875,258.16351318359375,771.3250122070312,836.0724487304688,295.0453186035156,0.0,2042.3818359375,0.12431555241346359,22.25472640991211,78.51177215576172,0.0,0.0,0.0,310.1527099609375,310.1527099609375,152.7860565185547,185.1531982421875,142.17752075195312,0.0,0.0,0.0,152.7860565185547,185.1531982421875,142.17752075195312,0.0,0.0,0.0,23.787864685058594,33.255252838134766,20.68486785888672,0.0,0.0,0.0
202.0,45.647342681884766,36819.26953125,3813.3701171875,18453.93359375,14551.9658203125,3718.10400390625,20.697113037109375,0.0,14455.5849609375,0.097645103931427,22.493940353393555,1.1883918046951294,5.678832054138184,4.317537307739258,1.6156678199768066,2.6226816177368164,6.35845422744751,0.001035700086504221,0.31029579043388367,0.9628609418869019,0.0,0.0,0.0,0.0,5079.5830078125,268.3627014160156,767.5253295898438,458.2665100097656,371.5993347167969,0.0,2375.2421875,0.275238960981369,18.617748260498047,85.79090881347656,0.0,0.0,0.0,311.7150573730469,311.7150573730469,149.98419189453125,185.9074249267578,167.2594451904297,0.0,0.0,0.0,149.98419189453125,185.9074249267578,167.2594451904297,0.0,0.0,0.0,23.173261642456055,33.680809020996094,28.226274490356445,0.0,0.0,0.0
203.0,46.0208854675293,36861.37109375,3813.3701171875,18496.03515625,14551.9658203125,3718.10400390625,20.310638427734375,0.0,14740.537109375,0.09961259365081787,22.750463485717773,1.2140122652053833,5.678832054138184,4.32910680770874,1.6156678199768066,2.6226816177368164,6.368879318237305,0.001035700086504221,0.31029579043388367,1.030298113822937,0.0,0.0,0.0,0.0,5102.48486328125,272.2792663574219,764.0318603515625,1687.3612060546875,646.6348266601562,0.0,1032.3193359375,0.06270185858011246,18.617748260498047,91.799560546875,0.0,0.0,0.0,313.3246765136719,313.3246765136719,139.81219482421875,163.66079711914062,124.1285400390625,0.0,0.0,0.0,139.81219482421875,163.66079711914062,124.1285400390625,0.0,0.0,0.0,20.584430694580078,27.560144424438477,15.996960639953613,0.0,0.0,0.0
204.0,46.18511199951172,36879.2578125,3813.3701171875,18513.919921875,14551.9658203125,3718.10400390625,19.835121154785156,0.0,15092.3193359375,0.10040146857500076,22.85331153869629,1.224299669265747,5.678832054138184,4.345234394073486,1.6156678199768066,2.6226816177368164,6.3729987144470215,0.001035700086504221,0.31029579043388367,1.0603517293930054,0.0,0.0,0.0,0.0,5181.15234375,277.5651550292969,770.31396484375,1995.390380859375,650.1262817382812,0.0,863.1921997070312,0.052415065467357635,18.617748260498047,94.47733306884766,0.0,0.0,0.0,314.981201171875,314.981201171875,135.17770385742188,155.61558532714844,129.51309204101562,0.0,0.0,0.0,135.17770385742188,155.61558532714844,129.51309204101562,0.0,0.0,0.0,19.704355239868164,25.68243980407715,18.04745864868164,0.0,0.0,0.0
205.0,46.26319122314453,37006.4609375,3813.3701171875,18527.9140625,14665.17578125,3718.10400390625,19.128440856933594,0.0,15687.4423828125,0.10071727633476257,22.894485473632812,1.2284001111984253,5.678832054138184,4.3632001876831055,1.6156678199768066,2.6226816177368164,6.374630451202393,0.001035700086504221,0.31029579043388367,1.0732440948486328,0.0,0.0,0.0,0.0,5208.21533203125,279.44598388671875,772.3505859375,2022.2100830078125,1064.0400390625,0.0,820.0542602539062,0.04979028180241585,9.308874130249023,74.37581634521484,0.0,0.0,0.0,316.6796569824219,316.6796569824219,101.4934310913086,133.40650939941406,116.309814453125,0.0,0.0,0.0,101.4934310913086,133.40650939941406,116.309814453125,0.0,0.0,0.0,10.558387756347656,19.892963409423828,14.892179489135742,0.0,0.0,0.0
206.0,46.309288024902344,37246.83984375,3813.3701171875,18535.765625,14897.7041015625,3718.10400390625,19.113407135009766,0.0,15800.87890625,0.10086631029844284,22.91392707824707,1.23029363155365,5.678832054138184,4.380712032318115,1.6156678199768066,2.6226816177368164,6.37539529800415,0.001035700086504221,0.31029579043388367,1.07957923412323,0.0,0.0,0.0,0.0,5231.01953125,280.8636779785156,774.356201171875,2043.0579833984375,1065.9140625,0.0,845.3595581054688,0.05132409557700157,9.308874130249023,74.81483459472656,0.0,0.0,0.0,318.39312744140625,318.39312744140625,117.1509780883789,137.3649139404297,115.98519897460938,0.0,0.0,0.0,117.1509780883789,137.3649139404297,115.98519897460938,0.0,0.0,0.0,15.153253555297852,21.065832138061523,14.812262535095215,0.0,0.0,0.0
207.0,46.335968017578125,37305.3125,3813.3701171875,18548.458984375,14943.4853515625,3718.10400390625,19.729291915893555,0.0,15348.1748046875,0.10094296932220459,22.922313690185547,1.2311022281646729,5.678832054138184,4.395864486694336,1.6156678199768066,2.6226816177368164,6.375720977783203,0.001035700086504221,0.31029579043388367,1.0815098285675049,0.0,0.0,0.0,0.0,5185.12060546875,278.4803466796875,768.9823608398438,2021.343505859375,883.1848754882812,0.0,796.7257690429688,0.048370346426963806,9.308874130249023,74.9486312866211,0.0,0.0,0.0,320.06414794921875,320.06414794921875,112.10771942138672,139.88214111328125,119.24903869628906,0.0,0.0,0.0,112.10771942138672,139.88214111328125,119.24903869628906,0.0,0.0,0.0,13.062215805053711,21.18623161315918,15.151050567626953,0.0,0.0,0.0
208.0,46.369300842285156,37331.87890625,3813.3701171875,18575.025390625,14943.4853515625,3718.10400390625,19.729476928710938,0.0,15361.0400390625,0.10118803381919861,22.94304656982422,1.2329660654067993,5.678832054138184,4.404716491699219,1.6156678199768066,2.6226816177368164,6.376513481140137,0.001035700086504221,0.31029579043388367,1.0823602676391602,0.0,0.0,0.0,0.0,5255.7197265625,282.4439392089844,777.110107421875,2089.143310546875,549.55078125,0.0,979.0960693359375,0.05943896248936653,9.308874130249023,82.7516860961914,0.0,0.0,0.0,321.6890869140625,321.6890869140625,124.93507385253906,148.98968505859375,129.4931640625,0.0,0.0,0.0,124.93507385253906,148.98968505859375,129.4931640625,0.0,0.0,0.0,16.81403160095215,23.850006103515625,18.147274017333984,0.0,0.0,0.0
209.0,46.452003479003906,37415.375,3813.3701171875,18658.517578125,14943.4853515625,3718.10400390625,20.71608543395996,0.0,14686.27734375,0.10198508948087692,23.007795333862305,1.2393817901611328,5.678832054138184,4.4123125076293945,1.6156678199768066,2.6226816177368164,6.378993988037109,0.001035700086504221,0.31029579043388367,1.083022117614746,0.0,0.0,0.0,0.0,5174.7666015625,278.75384521484375,765.6323852539062,2037.514404296875,387.8070068359375,0.0,840.1982421875,0.050998248159885406,9.308874130249023,75.05343627929688,0.0,0.0,0.0,323.2812194824219,323.2812194824219,118.55439758300781,138.0536346435547,125.7587661743164,0.0,0.0,0.0,118.55439758300781,138.0536346435547,125.7587661743164,0.0,0.0,0.0,13.961075782775879,19.66460418701172,16.0683536529541,0.0,0.0,0.0
210.0,46.68620300292969,37521.29296875,3813.3701171875,18764.439453125,14943.4853515625,3718.10400390625,21.03194236755371,0.0,14514.8115234375,0.10431891679763794,23.196393966674805,1.2586852312088013,5.678832054138184,4.427804946899414,1.6156678199768066,2.6226816177368164,6.386225700378418,0.001035700086504221,0.31029579043388367,1.0842609405517578,0.0,0.0,0.0,0.0,5166.3232421875,280.3356018066406,760.2947998046875,2012.868896484375,365.4009704589844,0.0,782.3410034179688,0.04746387153863907,9.308874130249023,75.1392822265625,0.0,0.0,0.0,324.8108825683594,324.8108825683594,105.5164794921875,135.36766052246094,118.23067474365234,0.0,0.0,0.0,105.5164794921875,135.36766052246094,118.23067474365234,0.0,0.0,0.0,9.831628799438477,18.56309700012207,13.550530433654785,0.0,0.0,0.0
211.0,46.8726806640625,37653.27734375,3813.3701171875,18896.423828125,14943.4853515625,3718.10400390625,21.41397476196289,0.0,14315.1572265625,0.10624860227108002,23.351579666137695,1.2745282649993896,5.678832054138184,4.434997081756592,1.6156678199768066,2.6226816177368164,6.392175674438477,0.001035700086504221,0.31029579043388367,1.0846396684646606,0.0,0.0,0.0,0.0,5145.51611328125,280.8420715332031,754.4429931640625,1979.84814453125,356.3587341308594,0.0,714.56201171875,0.043334778398275375,9.308874130249023,75.16553497314453,0.0,0.0,0.0,326.3009033203125,326.3009033203125,123.92693328857422,142.98983764648438,130.18081665039062,0.0,0.0,0.0,123.92693328857422,142.98983764648438,130.18081665039062,0.0,0.0,0.0,14.834653854370117,20.410552978515625,16.66391372680664,0.0,0.0,0.0
212.0,47.328704833984375,37871.625,3813.3701171875,19114.76953125,14943.4853515625,3718.10400390625,20.923961639404297,0.0,14723.3359375,0.11084974557161331,23.721229553222656,1.3124632835388184,5.678832054138184,4.464028835296631,1.6156678199768066,2.6226816177368164,6.4063496589660645,0.001035700086504221,0.31029579043388367,1.0852683782577515,0.0,0.0,0.0,0.0,5282.67236328125,292.2830505371094,760.9362182617188,425.1607666015625,284.8418273925781,0.0,2428.0400390625,0.29693323373794556,18.617748260498047,96.6974105834961,0.0,0.0,0.0,327.7827453613281,327.7827453613281,153.75587463378906,186.4480743408203,162.12210083007812,0.0,0.0,0.0,153.75587463378906,186.4480743408203,162.12210083007812,0.0,0.0,0.0,24.04962921142578,33.612098693847656,26.49675178527832,0.0,0.0,0.0
213.0,47.71511459350586,37952.90625,3813.3701171875,19196.052734375,14943.4853515625,3718.10400390625,20.969749450683594,0.3713846802711487,14725.0078125,0.11461157351732254,24.023386001586914,1.343423843383789,5.678832054138184,4.501519680023193,1.6156678199768066,2.6226816177368164,6.417935848236084,0.001035700086504221,0.31029579043388367,1.0857231616973877,0.0,0.0,0.0,0.0,5314.41552734375,297.1900939941406,757.5620727539062,653.7349243164062,291.1601867675781,0.0,2159.483642578125,0.24260884523391724,18.617748260498047,96.7379379272461,0.0,0.0,0.0,329.310302734375,329.310302734375,168.74911499023438,186.6627960205078,166.10569763183594,0.0,0.0,0.0,168.74911499023438,186.6627960205078,166.10569763183594,0.0,0.0,0.0,28.01798439025879,33.25773239135742,27.244783401489258,0.0,0.0,0.0
214.0,47.931880950927734,37982.96484375,3813.3701171875,19226.107421875,14943.4853515625,3718.10400390625,20.705129623413086,0.3380422294139862,14920.6982421875,0.11663640290498734,24.191287994384766,1.3604419231414795,5.678832054138184,4.524896621704102,1.6156678199768066,2.6226816177368164,6.424168586730957,0.001035700086504221,0.31029579043388367,1.0859371423721313,0.0,0.0,0.0,0.0,5354.34765625,301.1116638183594,758.0521240234375,1741.0916748046875,367.9998779296875,0.0,1081.3450927734375,0.06544084846973419,18.617748260498047,96.75700378417969,0.0,0.0,0.0,330.8798522949219,330.8798522949219,141.89845275878906,171.1541748046875,161.19212341308594,0.0,0.0,0.0,141.89845275878906,171.1541748046875,161.19212341308594,0.0,0.0,0.0,20.46212387084961,29.01942253112793,26.10552215576172,0.0,0.0,0.0
215.0,48.03216552734375,38045.95703125,3813.3701171875,19289.1015625,14943.4853515625,3718.10400390625,20.3284969329834,0.07099476456642151,15214.822265625,0.11742372810840607,24.274490356445312,1.3687480688095093,5.678832054138184,4.530435562133789,1.6156678199768066,2.6226816177368164,6.4265828132629395,0.001035700086504221,0.31029579043388367,1.0859748125076294,0.0,0.0,0.0,0.0,5361.18359375,302.29718017578125,756.9066772460938,2001.1824951171875,641.8563232421875,0.0,737.0321044921875,0.044596605002880096,18.617748260498047,96.7603530883789,0.0,0.0,0.0,332.5028991699219,332.5028991699219,139.10516357421875,158.16871643066406,137.76834106445312,0.0,0.0,0.0,139.10516357421875,158.16871643066406,137.76834106445312,0.0,0.0,0.0,20.288766860961914,25.86486053466797,19.897748947143555,0.0,0.0,0.0
216.0,48.271976470947266,38163.30859375,3813.3701171875,19406.455078125,14943.4853515625,3963.8701171875,19.92198371887207,0.0,15564.0263671875,0.119162417948246,24.467742919921875,1.3886668682098389,5.678832054138184,4.549948215484619,1.6156678199768066,2.6226816177368164,6.431909561157227,0.001035700086504221,0.31029579043388367,1.0860339403152466,0.0,0.0,0.0,0.0,5449.92333984375,309.3104248046875,761.9335327148438,2049.152587890625,644.5696411132812,0.0,819.1046752929688,0.049545563757419586,18.617748260498047,96.765625,0.0,0.0,0.0,334.17340087890625,334.17340087890625,114.16130828857422,153.82574462890625,128.200439453125,0.0,0.0,0.0,114.16130828857422,153.82574462890625,128.200439453125,0.0,0.0,0.0,13.470198631286621,25.072046279907227,17.57664680480957,0.0,0.0,0.0
217.0,48.47907638549805,38318.79296875,3813.3701171875,19452.205078125,15053.21875,3963.8701171875,19.223419189453125,0.0,16177.7451171875,0.12057727575302124,24.628067016601562,1.405206561088562,5.678832054138184,4.5743937492370605,1.6156678199768066,2.6226816177368164,6.436244010925293,0.001035700086504221,0.31029579043388367,1.0860750675201416,0.0,0.0,0.0,0.0,5497.3740234375,313.6643371582031,763.318603515625,2075.782958984375,1054.29638671875,0.0,772.045654296875,0.04668598249554634,9.308874130249023,75.26499938964844,0.0,0.0,0.0,335.8863220214844,335.8863220214844,100.87477111816406,126.66942596435547,118.38372802734375,0.0,0.0,0.0,100.87477111816406,126.66942596435547,118.38372802734375,0.0,0.0,0.0,10.282451629638672,17.827388763427734,15.40382194519043,0.0,0.0,0.0
218.0,48.59967803955078,38603.08203125,3813.3701171875,19500.197265625,15289.515625,3963.8701171875,19.22573471069336,0.0,16294.728515625,0.1213768944144249,24.723777770996094,1.4148551225662231,5.678832054138184,4.586371898651123,1.6156678199768066,2.6226816177368164,6.438696384429932,0.001035700086504221,0.31029579043388367,1.0860874652862549,0.0,0.0,0.0,0.0,5529.9296875,316.45849609375,764.5475463867188,2091.772216796875,1055.366455078125,0.0,795.477783203125,0.04809517785906792,9.308874130249023,75.26586151123047,0.0,0.0,0.0,337.61138916015625,337.61138916015625,117.1324691772461,133.15676879882812,120.67076110839844,0.0,0.0,0.0,117.1324691772461,133.15676879882812,120.67076110839844,0.0,0.0,0.0,15.035512924194336,19.722620010375977,16.070463180541992,0.0,0.0,0.0
219.0,48.7702751159668,38725.2421875,3813.3701171875,19575.853515625,15336.01953125,3963.8701171875,19.87728500366211,0.0,15827.87890625,0.12244538962841034,24.854089736938477,1.428251028060913,5.678832054138184,4.608903408050537,1.6156678199768066,2.6226816177368164,6.441973686218262,0.001035700086504221,0.31029579043388367,1.0860986709594727,0.0,0.0,0.0,0.0,5493.5771484375,315.6907958984375,757.9290161132812,2064.736083984375,873.342529296875,0.0,732.13525390625,0.04425599426031113,9.308874130249023,75.26663970947266,0.0,0.0,0.0,339.295166015625,339.295166015625,113.3966064453125,139.1434783935547,127.61647033691406,0.0,0.0,0.0,113.3966064453125,139.1434783935547,127.61647033691406,0.0,0.0,0.0,13.29122257232666,20.82218360900879,17.450532913208008,0.0,0.0,0.0
220.0,48.91336441040039,38811.078125,3813.3701171875,19661.689453125,15336.01953125,3963.8701171875,19.907276153564453,0.0,15841.1416015625,0.12339197844266891,24.971656799316406,1.4400194883346558,5.678832054138184,4.618811130523682,1.6156678199768066,2.6226816177368164,6.444870948791504,0.001035700086504221,0.31029579043388367,1.0861026048660278,0.0,0.0,0.0,0.0,5580.7587890625,321.8208923339844,764.3165893554688,2139.42236328125,543.0350341796875,0.0,895.3411865234375,0.05411101132631302,9.308874130249023,75.26690673828125,0.0,0.0,0.0,340.93505859375,340.93505859375,122.41810607910156,143.94793701171875,126.52252960205078,0.0,0.0,0.0,122.41810607910156,143.94793701171875,126.52252960205078,0.0,0.0,0.0,15.900020599365234,22.197494506835938,17.100563049316406,0.0,0.0,0.0
221.0,49.19912338256836,39030.51953125,3813.3701171875,19881.130859375,15336.01953125,3963.8701171875,20.974878311157227,0.0,15145.2802734375,0.1253499537706375,25.215877532958984,1.4648607969284058,5.678832054138184,4.627559185028076,1.6156678199768066,2.6226816177368164,6.450857639312744,0.001035700086504221,0.31029579043388367,1.0861057043075562,0.0,0.0,0.0,0.0,5505.03955078125,319.80316162109375,751.3582763671875,2065.729736328125,382.25494384765625,0.0,750.1944580078125,0.04532099515199661,9.308874130249023,75.26712036132812,0.0,0.0,0.0,342.5403137207031,342.5403137207031,118.44175720214844,138.23440551757812,124.16035461425781,0.0,0.0,0.0,118.44175720214844,138.23440551757812,124.16035461425781,0.0,0.0,0.0,13.669334411621094,19.45868682861328,15.342025756835938,0.0,0.0,0.0
222.0,49.76414108276367,39261.09375,3813.3701171875,20111.703125,15336.01953125,3963.8701171875,21.36017417907715,0.0,14968.462890625,0.1292511373758316,25.702651977539062,1.5147690773010254,5.678832054138184,4.640064239501953,1.6156678199768066,2.6226816177368164,6.462783336639404,0.001035700086504221,0.31029579043388367,1.08610999584198,0.0,0.0,0.0,0.0,5527.982421875,325.7880859375,743.6257934570312,2025.427490234375,359.30157470703125,0.0,673.74072265625,0.04067044332623482,8.341083526611328,74.10873413085938,0.0,0.0,0.0,344.085205078125,344.085205078125,106.43340301513672,135.73313903808594,84.1331787109375,0.0,0.0,0.0,106.43340301513672,135.73313903808594,84.1331787109375,0.0,0.0,0.0,9.771597862243652,18.34177017211914,3.248782157897949,0.0,0.0,0.0
223.0,50.186100006103516,39497.56640625,3813.3701171875,20348.177734375,15336.01953125,3963.8701171875,21.80270767211914,0.0,14762.5615234375,0.1322013884782791,26.07070541381836,1.5524778366088867,5.678832054138184,4.644290924072266,1.6156678199768066,2.6226816177368164,6.471799850463867,0.001035700086504221,0.31029579043388367,1.0861114263534546,0.0,0.0,0.0,0.0,5528.93115234375,329.24090576171875,736.3253784179688,1980.59619140625,349.88323974609375,0.0,600.7720336914062,0.036244217306375504,3.7555274963378906,68.6187973022461,0.0,0.0,0.0,345.5909423828125,345.5909423828125,109.15475463867188,137.922607421875,119.92887115478516,0.0,0.0,0.0,109.15475463867188,137.922607421875,119.92887115478516,0.0,0.0,0.0,10.125057220458984,18.539653778076172,13.276488304138184,0.0,0.0,0.0
224.0,50.99697494506836,39855.9921875,3813.3701171875,20706.6015625,15336.01953125,3963.8701171875,21.372529983520508,0.6880861520767212,15183.4970703125,0.13788671791553497,26.779870986938477,1.6252676248550415,5.678832054138184,4.650149822235107,1.6156678199768066,2.6226816177368164,6.4891743659973145,0.001035700086504221,0.31029579043388367,1.0861133337020874,0.0,0.0,0.0,0.0,5705.10302734375,346.2420959472656,739.6243286132812,1992.4281005859375,278.8237609863281,0.0,702.5455932617188,0.04233601316809654,18.617748260498047,96.77269744873047,0.0,0.0,0.0,347.0843505859375,347.0843505859375,148.12188720703125,168.72352600097656,148.39340209960938,0.0,0.0,0.0,148.12188720703125,168.72352600097656,148.39340209960938,0.0,0.0,0.0,21.26503562927246,27.291013717651367,21.344451904296875,0.0,0.0,0.0
225.0,51.631568908691406,39969.3984375,3813.3701171875,20820.009765625,15336.01953125,3963.8701171875,21.43415069580078,0.0,15185.21875,0.14233969151973724,27.335302352905273,1.682288646697998,5.678832054138184,4.654227256774902,1.6156678199768066,2.6226816177368164,6.502782344818115,0.001035700086504221,0.31029579043388367,1.0861146450042725,0.0,0.0,0.0,0.0,5764.423828125,354.7582702636719,734.64697265625,683.4661254882812,284.55145263671875,0.0,1942.473388671875,0.1180744469165802,18.617748260498047,96.77281951904297,0.0,0.0,0.0,348.61492919921875,348.61492919921875,100.52865600585938,185.2277069091797,145.39501953125,0.0,0.0,0.0,100.52865600585938,185.2277069091797,145.39501953125,0.0,0.0,0.0,7.970481872558594,32.744956970214844,21.09389305114746,0.0,0.0,0.0
226.0,51.951969146728516,40005.28125,3813.3701171875,20855.892578125,15336.01953125,3963.8701171875,21.16555404663086,0.24083027243614197,15387.0244140625,0.14458909630775452,27.615873336791992,1.711092233657837,5.678832054138184,4.656128406524658,1.6156678199768066,2.6226816177368164,6.5096564292907715,0.001035700086504221,0.31029579043388367,1.0861153602600098,0.0,0.0,0.0,0.0,5819.40380859375,360.57293701171875,734.5030517578125,652.0797729492188,359.43475341796875,0.0,1972.59521484375,0.20864734053611755,18.617748260498047,96.77287292480469,0.0,0.0,0.0,350.18756103515625,350.18756103515625,163.35260009765625,183.0174560546875,162.070556640625,0.0,0.0,0.0,163.35260009765625,183.0174560546875,162.070556640625,0.0,0.0,0.0,26.374252319335938,32.126220703125,25.999252319335938,0.0,0.0,0.0
227.0,52.091190338134766,40248.93359375,4045.669921875,20867.24609375,15336.01953125,3963.8701171875,20.872024536132812,0.0,15690.333984375,0.1455652415752411,27.737579345703125,1.7235901355743408,5.678832054138184,4.657186985015869,1.6156678199768066,2.6226816177368164,6.512638568878174,0.001035700086504221,0.31029579043388367,1.0861155986785889,0.0,0.0,0.0,0.0,5837.4755859375,362.73590087890625,733.8209838867188,1927.63720703125,627.205810546875,0.0,612.56689453125,0.036857299506664276,18.617748260498047,96.77289581298828,0.0,0.0,0.0,351.8088073730469,351.8088073730469,137.6951904296875,162.416259765625,129.08203125,0.0,0.0,0.0,137.6951904296875,162.416259765625,129.08203125,0.0,0.0,0.0,19.403818130493164,26.634733200073242,16.884469985961914,0.0,0.0,0.0
228.0,52.147430419921875,40291.90234375,4045.669921875,20910.212890625,15336.01953125,3963.8701171875,20.430753707885742,0.0,16036.9619140625,0.1459594964981079,27.78659439086914,1.7286229133605957,5.678832054138184,4.657784938812256,1.6156678199768066,2.6226816177368164,6.51384162902832,0.001035700086504221,0.31029579043388367,1.0861155986785889,0.0,0.0,0.0,0.0,5909.93701171875,367.66119384765625,739.6011352539062,1985.5416259765625,630.4163818359375,0.0,700.0906372070312,0.042120181024074554,18.617748260498047,96.77289581298828,0.0,0.0,0.0,353.4793395996094,353.4793395996094,127.98577880859375,152.89996337890625,131.22816467285156,0.0,0.0,0.0,127.98577880859375,152.89996337890625,131.22816467285156,0.0,0.0,0.0,17.00508689880371,24.2924861907959,17.953487396240234,0.0,0.0,0.0
229.0,52.313297271728516,40557.765625,4045.669921875,21069.822265625,15442.2734375,3963.8701171875,19.76314353942871,0.0,16669.3359375,0.14712069928646088,27.931053161621094,1.7434636354446411,5.678832054138184,4.659651279449463,1.6156678199768066,2.6226816177368164,6.517378807067871,0.001035700086504221,0.31029579043388367,1.0861155986785889,0.0,0.0,0.0,0.0,5966.4365234375,372.426513671875,741.9982299804688,2014.86865234375,1032.235107421875,0.0,668.5137939453125,0.04021117091178894,5.586443901062012,70.81112670898438,0.0,0.0,0.0,355.19732666015625,355.19732666015625,100.82183074951172,123.87635040283203,108.43798065185547,0.0,0.0,0.0,100.82183074951172,123.87635040283203,108.43798065185547,0.0,0.0,0.0,9.727241516113281,16.47068977355957,11.954965591430664,0.0,0.0,0.0
230.0,52.73689651489258,40982.3984375,4045.669921875,21254.37890625,15682.3515625,3963.8701171875,19.825191497802734,0.0,16789.865234375,0.15007255971431732,28.29833221435547,1.7811944484710693,5.678832054138184,4.666301250457764,1.6156678199768066,2.6226816177368164,6.526367664337158,0.001035700086504221,0.31029579043388367,1.0861157178878784,0.0,0.0,0.0,0.0,6030.89111328125,379.60504150390625,741.0518188476562,2016.9644775390625,1031.1173095703125,0.0,676.9775390625,0.04069653898477554,5.278200626373291,70.44208526611328,0.0,0.0,0.0,356.9312438964844,356.9312438964844,118.51630401611328,132.0284423828125,123.12932586669922,0.0,0.0,0.0,118.51630401611328,132.0284423828125,123.12932586669922,0.0,0.0,0.0,14.840826988220215,18.79312515258789,16.190135955810547,0.0,0.0,0.0
231.0,53.06686782836914,41091.640625,4045.669921875,21316.392578125,15729.5771484375,3963.8701171875,20.48731803894043,0.0,16308.8212890625,0.1523381471633911,28.580137252807617,1.810205340385437,5.678832054138184,4.676292896270752,1.6156678199768066,2.6226816177368164,6.533266544342041,0.001035700086504221,0.31029579043388367,1.0861157178878784,0.0,0.0,0.0,0.0,6004.65087890625,380.3218688964844,733.5205688476562,1976.6502685546875,852.4026489257812,0.0,613.0918579101562,0.036839600652456284,0.7017130851745605,65.27434539794922,0.0,0.0,0.0,358.627685546875,358.627685546875,119.59903717041016,138.52615356445312,124.69517517089844,0.0,0.0,0.0,119.59903717041016,138.52615356445312,124.69517517089844,0.0,0.0,0.0,14.495402336120605,20.031583786010742,15.986021995544434,0.0,0.0,0.0
232.0,53.24079895019531,41159.16015625,4045.669921875,21383.9140625,15729.5771484375,3963.8701171875,20.506406784057617,0.0,16322.494140625,0.15354718267917633,28.730112075805664,1.825508713722229,5.678832054138184,4.680053234100342,1.6156678199768066,2.6226816177368164,6.536948204040527,0.001035700086504221,0.31029579043388367,1.0861157178878784,0.0,0.0,0.0,0.0,6089.3310546875,386.91552734375,738.5046997070312,2049.28125,529.3546142578125,0.0,760.7703857421875,0.04570237547159195,7.226774215698242,72.7750244140625,0.0,0.0,0.0,360.28338623046875,360.28338623046875,124.64566040039062,143.7618865966797,122.56262969970703,0.0,0.0,0.0,124.64566040039062,143.7618865966797,122.56262969970703,0.0,0.0,0.0,15.9524507522583,21.5439453125,15.343162536621094,0.0,0.0,0.0
233.0,53.48708724975586,41350.40234375,4045.669921875,21575.154296875,15729.5771484375,3963.8701171875,21.58529281616211,0.0,15605.48828125,0.15528623759746552,28.945003509521484,1.8474855422973633,5.678832054138184,4.682438373565674,1.6156678199768066,2.6226816177368164,6.542243480682373,0.001035700086504221,0.31029579043388367,1.0861157178878784,0.0,0.0,0.0,0.0,6001.5009765625,383.0604553222656,726.76708984375,1969.0001220703125,372.9789123535156,0.0,631.760498046875,0.037939127534627914,0.0,64.51527404785156,0.0,0.0,0.0,361.9069519042969,361.9069519042969,100.22296905517578,136.5836944580078,132.7430877685547,0.0,0.0,0.0,100.22296905517578,136.5836944580078,132.7430877685547,0.0,0.0,0.0,7.729923725128174,18.365436553955078,17.24205780029297,0.0,0.0,0.0
234.0,54.003116607666016,41567.57421875,4045.669921875,21792.326171875,15729.5771484375,3963.8701171875,21.96767234802246,0.0,15423.2861328125,0.15893837809562683,29.39574432373047,1.893787145614624,5.678832054138184,4.686651706695557,1.6156678199768066,2.6226816177368164,6.553364276885986,0.001035700086504221,0.31029579043388367,1.0861157178878784,0.0,0.0,0.0,0.0,6018.06005859375,387.70660400390625,720.3768310546875,1917.1676025390625,351.0172424316406,0.0,566.452392578125,0.03399252891540527,0.0,64.51527404785156,0.0,0.0,0.0,363.4710693359375,363.4710693359375,105.72311401367188,125.94975280761719,117.10785675048828,0.0,0.0,0.0,105.72311401367188,125.94975280761719,117.10785675048828,0.0,0.0,0.0,8.956337928771973,14.872629165649414,12.286375045776367,0.0,0.0,0.0
235.0,54.39588165283203,41790.50390625,4045.669921875,22015.255859375,15729.5771484375,3963.8701171875,22.408329010009766,0.0,15211.1201171875,0.1617315262556076,29.739564895629883,1.9291136264801025,5.678832054138184,4.688972473144531,1.6156678199768066,2.6226816177368164,6.5618696212768555,0.001035700086504221,0.31029579043388367,1.0861157178878784,0.0,0.0,0.0,0.0,6014.16015625,390.1199645996094,714.1651000976562,1861.9677734375,342.15362548828125,0.0,497.0739440917969,0.029812604188919067,0.0,61.22232437133789,0.0,0.0,0.0,364.99749755859375,364.99749755859375,106.86421203613281,130.83847045898438,108.62583923339844,0.0,0.0,0.0,106.86421203613281,130.83847045898438,108.62583923339844,0.0,0.0,0.0,8.84945297241211,15.861924171447754,9.364727973937988,0.0,0.0,0.0
236.0,55.15705108642578,42127.05078125,4045.669921875,22351.8046875,15729.5771484375,3963.8701171875,21.943344116210938,0.0,15644.8466796875,0.16715125739574432,30.406246185302734,1.9977362155914307,5.678832054138184,4.6929144859313965,1.6156678199768066,2.6226816177368164,6.578372955322266,0.001035700086504221,0.31029579043388367,1.0861157178878784,0.0,0.0,0.0,0.0,6186.83984375,406.48468017578125,717.9972534179688,1877.03271484375,272.85003662109375,0.0,601.8743896484375,0.03605939447879791,15.443296432495117,92.97229766845703,0.0,0.0,0.0,366.50836181640625,366.50836181640625,134.4483184814453,152.06768798828125,125.15193176269531,0.0,0.0,0.0,134.4483184814453,152.06768798828125,125.15193176269531,0.0,0.0,0.0,17.382787704467773,22.536453247070312,14.663596153259277,0.0,0.0,0.0
237.0,55.75284194946289,42233.53515625,4045.669921875,22458.2890625,15729.5771484375,3963.8701171875,21.999549865722656,0.0,15646.6171875,0.17139141261577606,30.927730560302734,2.051438808441162,5.678832054138184,4.696368217468262,1.6156678199768066,2.6226816177368164,6.591284275054932,0.001035700086504221,0.31029579043388367,1.0861157178878784,0.0,0.0,0.0,0.0,6241.99951171875,414.0323181152344,714.119140625,1838.7178955078125,278.75140380859375,0.0,568.14404296875,0.03401000425219536,18.617748260498047,96.77291107177734,0.0,0.0,0.0,368.0435485839844,368.0435485839844,151.15432739257812,165.10928344726562,136.7479248046875,0.0,0.0,0.0,151.15432739257812,165.10928344726562,136.7479248046875,0.0,0.0,0.0,22.213088989257812,26.2949161529541,17.999217987060547,0.0,0.0,0.0
238.0,56.05390930175781,42267.92578125,4045.669921875,22492.677734375,15729.5771484375,3963.8701171875,21.721691131591797,0.0,15854.5546875,0.173525869846344,31.190208435058594,2.078483819961548,5.678832054138184,4.699280261993408,1.6156678199768066,2.6226816177368164,6.59778356552124,0.001035700086504221,0.31029579043388367,1.0861157178878784,0.0,0.0,0.0,0.0,6297.39892578125,419.6522521972656,714.4771728515625,1502.7392578125,352.2931823730469,0.0,907.6786499023438,0.05431216210126877,18.617748260498047,96.77291107177734,0.0,0.0,0.0,369.6102600097656,369.6102600097656,94.49654388427734,166.949951171875,151.69439697265625,0.0,0.0,0.0,94.49654388427734,166.949951171875,151.69439697265625,0.0,0.0,0.0,5.918548583984375,27.111169815063477,22.648921966552734,0.0,0.0,0.0
239.0,56.18623352050781,42279.19921875,4045.669921875,22503.951171875,15729.5771484375,3963.8701171875,21.295989990234375,0.2028481364250183,16167.0830078125,0.17445386946201324,31.304317474365234,2.090243101119995,5.678832054138184,4.701981067657471,1.6156678199768066,2.6226816177368164,6.600609302520752,0.001035700086504221,0.31029579043388367,1.0861157178878784,0.0,0.0,0.0,0.0,6320.78515625,422.0497131347656,714.4630737304688,1807.6229248046875,615.151611328125,0.0,523.0817260742188,0.03129355236887932,18.617748260498047,96.77291107177734,0.0,0.0,0.0,371.2308044433594,371.2308044433594,149.96511840820312,162.15269470214844,149.8358612060547,0.0,0.0,0.0,149.96511840820312,162.15269470214844,149.8358612060547,0.0,0.0,0.0,22.36595916748047,25.93082618713379,22.32815170288086,0.0,0.0,0.0
240.0,56.24047088623047,42284.1171875,4045.669921875,22508.87109375,15729.5771484375,4083.9150390625,20.842588424682617,0.0,16511.126953125,0.17481637001037598,31.348876953125,2.0948569774627686,5.678832054138184,4.705581188201904,1.6156678199768066,2.6226816177368164,6.601713180541992,0.001035700086504221,0.31029579043388367,1.0861157178878784,0.0,0.0,0.0,0.0,6392.78515625,427.1913757324219,719.6957397460938,1873.0086669921875,618.0397338867188,0.0,604.8814697265625,0.03618467599153519,17.53229331970215,95.47335052490234,0.0,0.0,0.0,372.9031982421875,372.9031982421875,112.74271392822266,146.92306518554688,126.50421142578125,0.0,0.0,0.0,112.74271392822266,146.92306518554688,126.50421142578125,0.0,0.0,0.0,12.134654998779297,22.13240623474121,16.159894943237305,0.0,0.0,0.0
241.0,56.26514434814453,42480.734375,4045.669921875,22602.7265625,15832.3388671875,4083.9150390625,20.121755599975586,0.0,17162.193359375,0.17498967051506042,31.370176315307617,2.096989870071411,5.678832054138184,4.706118106842041,1.6156678199768066,2.6226816177368164,6.602240562438965,0.001035700086504221,0.31029579043388367,1.0861157178878784,0.0,0.0,0.0,0.0,6445.591796875,430.865966796875,723.5536499023438,1921.84326171875,1013.4808349609375,0.0,585.5836181640625,0.03502903878688812,0.0,64.51527404785156,0.0,0.0,0.0,374.62237548828125,374.62237548828125,98.8052749633789,116.44862365722656,107.05536651611328,0.0,0.0,0.0,98.8052749633789,116.44862365722656,107.05536651611328,0.0,0.0,0.0,8.778788566589355,13.93946647644043,11.191938400268555,0.0,0.0,0.0
242.0,56.60828399658203,42910.5,4045.669921875,22788.626953125,16076.2041015625,4083.9150390625,20.177671432495117,0.0,17286.287109375,0.17738790810108185,31.664775848388672,2.127352714538574,5.678832054138184,4.714601039886475,1.6156678199768066,2.6226816177368164,6.609538555145264,0.001035700086504221,0.31029579043388367,1.0861157178878784,0.0,0.0,0.0,0.0,6502.125,436.83599853515625,723.4223022460938,1928.6285400390625,1013.2100830078125,0.0,598.5467529296875,0.035787537693977356,0.0,64.51527404785156,0.0,0.0,0.0,376.3596496582031,376.3596496582031,117.50868225097656,132.4462432861328,113.54866027832031,0.0,0.0,0.0,117.50868225097656,132.4462432861328,113.54866027832031,0.0,0.0,0.0,14.193617820739746,18.562854766845703,13.035311698913574,0.0,0.0,0.0
243.0,56.914310455322266,43021.1640625,4045.669921875,22851.3359375,16124.15625,4083.9150390625,20.850189208984375,0.0,16791.0234375,0.17949546873569489,31.92354965209961,2.154099464416504,5.678832054138184,4.726587772369385,1.6156678199768066,2.6226816177368164,6.6159515380859375,0.001035700086504221,0.31029579043388367,1.0861157178878784,0.0,0.0,0.0,0.0,6467.0556640625,436.3763427734375,716.4407348632812,1877.978759765625,837.9769287109375,0.0,535.7792358398438,0.03202133625745773,0.0,60.375308990478516,0.0,0.0,0.0,378.0650939941406,378.0650939941406,121.52893829345703,137.91632080078125,130.64991760253906,0.0,0.0,0.0,121.52893829345703,137.91632080078125,130.64991760253906,0.0,0.0,0.0,14.697026252746582,19.49033546447754,17.364913940429688,0.0,0.0,0.0
244.0,57.081703186035156,43108.1953125,4045.669921875,22938.3671875,16124.15625,4083.9150390625,20.87746238708496,0.0,16805.0859375,0.1806725114583969,32.06764221191406,2.168832302093506,5.678832054138184,4.730397701263428,1.6156678199768066,2.6226816177368164,6.619531631469727,0.001035700086504221,0.31029579043388367,1.0861157178878784,0.0,0.0,0.0,0.0,6546.841796875,442.7828369140625,720.7550659179688,1965.0526123046875,520.0963745117188,0.0,679.7354125976562,0.040615543723106384,0.0,64.51527404785156,0.0,0.0,0.0,379.732421875,379.732421875,122.04643249511719,142.6717529296875,124.9300308227539,0.0,0.0,0.0,122.04643249511719,142.6717529296875,124.9300308227539,0.0,0.0,0.0,14.821118354797363,20.854026794433594,15.664572715759277,0.0,0.0,0.0
245.0,57.39658737182617,43347.20703125,4045.669921875,23177.37890625,16124.15625,4083.9150390625,21.99629020690918,0.0,16066.880859375,0.1829208880662918,32.34197998046875,2.1970157623291016,5.678832054138184,4.733671188354492,1.6156678199768066,2.6226816177368164,6.626369476318359,0.001035700086504221,0.31029579043388367,1.0861157178878784,0.0,0.0,0.0,0.0,6458.02587890625,438.69866943359375,709.2798461914062,1862.36865234375,366.4910888671875,0.0,546.8860473632812,0.032662998884916306,0.0,59.16017150878906,0.0,0.0,0.0,381.3700256347656,381.3700256347656,103.6187515258789,138.23194885253906,121.78362274169922,0.0,0.0,0.0,103.6187515258789,138.23194885253906,121.78362274169922,0.0,0.0,0.0,8.312193870544434,18.436555862426758,13.625420570373535,0.0,0.0,0.0
246.0,58.00670623779297,43594.07421875,4045.669921875,23424.24609375,16124.15625,4083.9150390625,22.395992279052734,0.0,15879.2900390625,0.18729238212108612,32.87480545043945,2.251957416534424,5.678832054138184,4.738359451293945,1.6156678199768066,2.6226816177368164,6.6396636962890625,0.001035700086504221,0.31029579043388367,1.0861157178878784,0.0,0.0,0.0,0.0,6481.49462890625,443.9889221191406,703.0551147460938,1801.320556640625,344.9471435546875,0.0,484.40655517578125,0.028906451538205147,0.0,53.76272964477539,0.0,0.0,0.0,382.9512939453125,382.9512939453125,115.24034881591797,126.8805923461914,124.68030548095703,0.0,0.0,0.0,115.24034881591797,126.8805923461914,124.68030548095703,0.0,0.0,0.0,11.311811447143555,14.716581344604492,14.072998046875,0.0,0.0,0.0
247.0,58.46011734008789,43819.6640625,4045.669921875,23649.837890625,16124.15625,4083.9150390625,22.841188430786133,0.0,15660.8525390625,0.19056019186973572,33.27212142944336,2.2929322719573975,5.678832054138184,4.740275859832764,1.6156678199768066,2.6226816177368164,6.649601459503174,0.001035700086504221,0.31029579043388367,1.0861157178878784,0.0,0.0,0.0,0.0,6481.4560546875,446.6664733886719,697.1390380859375,1732.554931640625,336.3130798339844,0.0,421.9156188964844,0.02516113594174385,0.0,48.25112533569336,0.0,0.0,0.0,384.4989318847656,384.4989318847656,118.59908294677734,118.04617309570312,112.41555786132812,0.0,0.0,0.0,118.59908294677734,118.04617309570312,112.41555786132812,0.0,0.0,0.0,11.849041938781738,11.68731689453125,10.040360450744629,0.0,0.0,0.0
248.0,59.22781753540039,44147.7265625,4045.669921875,23977.90234375,16124.15625,4083.9150390625,22.354047775268555,0.0,16107.40234375,0.19608451426029205,33.94331359863281,2.3623087406158447,5.678832054138184,4.745081424713135,1.6156678199768066,2.6226816177368164,6.66640043258667,0.001035700086504221,0.31029579043388367,1.0861157178878784,0.0,0.0,0.0,0.0,6656.20556640625,463.2432861328125,701.0181884765625,1803.3397216796875,268.23516845703125,0.0,517.7429809570312,0.030842309817671776,0.0,53.76272964477539,0.0,0.0,0.0,386.0291748046875,386.0291748046875,117.69869232177734,138.02780151367188,111.99307250976562,0.0,0.0,0.0,117.69869232177734,138.02780151367188,111.99307250976562,0.0,0.0,0.0,12.072819709777832,18.019081115722656,10.403924942016602,0.0,0.0,0.0
249.0,59.81837844848633,44253.8046875,4045.669921875,24083.978515625,16124.15625,4083.9150390625,22.408445358276367,0.7466841340065002,16109.2236328125,0.2003134936094284,34.45701599121094,2.4154317378997803,5.678832054138184,4.7517266273498535,1.6156678199768066,2.6226816177368164,6.679260730743408,0.001035700086504221,0.31029579043388367,1.0861157178878784,0.0,0.0,0.0,0.0,6710.2080078125,470.38458251953125,697.7739868164062,1737.364990234375,274.20465087890625,0.0,488.71624755859375,0.02908898890018463,9.308874130249023,75.267822265625,0.0,0.0,0.0,387.5756530761719,387.5756530761719,143.3640899658203,163.25100708007812,131.68145751953125,0.0,0.0,0.0,143.3640899658203,163.25100708007812,131.68145751953125,0.0,0.0,0.0,18.778867721557617,24.595788955688477,15.361695289611816,0.0,0.0,0.0
250.0,60.1191291809082,44288.36328125,4045.669921875,24118.537109375,16124.15625,4083.9150390625,22.124338150024414,0.0,16323.3076171875,0.2024603635072708,34.717777252197266,2.442357301712036,5.678832054138184,4.756117343902588,1.6156678199768066,2.6226816177368164,6.685789108276367,0.001035700086504221,0.31029579043388367,1.0861157178878784,0.0,0.0,0.0,0.0,6767.6259765625,476.0950012207031,698.384765625,770.2203369140625,346.6412658691406,0.0,1448.0345458984375,0.08615245670080185,10.980352401733398,87.8284683227539,0.0,0.0,0.0,389.13995361328125,389.13995361328125,144.17262268066406,174.51560974121094,133.89857482910156,0.0,0.0,0.0,144.17262268066406,174.51560974121094,133.89857482910156,0.0,0.0,0.0,20.046152114868164,28.921476364135742,17.040992736816406,0.0,0.0,0.0
251.0,60.25074005126953,44299.296875,4045.669921875,24129.47265625,16124.15625,4083.9150390625,21.689865112304688,0.0,16645.0703125,0.20339269936084747,34.83099365234375,2.4540464878082275,5.678832054138184,4.759052753448486,1.6156678199768066,2.6226816177368164,6.688624382019043,0.001035700086504221,0.31029579043388367,1.0861157178878784,0.0,0.0,0.0,0.0,6795.20703125,478.7619323730469,698.8057250976562,1694.4532470703125,605.472900390625,0.0,452.9599914550781,0.026944436132907867,9.308874130249023,86.02037048339844,0.0,0.0,0.0,390.751708984375,390.751708984375,116.92527770996094,160.41873168945312,146.276611328125,0.0,0.0,0.0,116.92527770996094,160.41873168945312,146.276611328125,0.0,0.0,0.0,12.51077938079834,25.23261260986328,21.096044540405273,0.0,0.0,0.0
252.0,60.30432891845703,44313.58203125,4045.669921875,24143.7578125,16124.15625,4764.74365234375,21.248489379882812,0.0,16986.529296875,0.20376521348953247,34.87617111206055,2.458717107772827,5.678832054138184,4.761290073394775,1.6156678199768066,2.6226816177368164,6.689755439758301,0.001035700086504221,0.31029579043388367,1.0861157178878784,0.0,0.0,0.0,0.0,6868.27001953125,484.20257568359375,703.5557250976562,1806.6697998046875,608.1513671875,0.0,524.7094116210938,0.031210197135806084,0.0,53.76272964477539,0.0,0.0,0.0,392.4153747558594,392.4153747558594,120.54829406738281,138.9024200439453,130.3048858642578,0.0,0.0,0.0,120.54829406738281,138.9024200439453,130.3048858642578,0.0,0.0,0.0,14.011885643005371,19.38046646118164,16.86568832397461,0.0,0.0,0.0
253.0,60.36377716064453,44509.97265625,4045.669921875,24240.880859375,16223.421875,4764.74365234375,20.508411407470703,0.0,17656.34765625,0.20418614149093628,34.92723846435547,2.463958501815796,5.678832054138184,4.762731075286865,1.6156678199768066,2.6226816177368164,6.6910319328308105,0.001035700086504221,0.31029579043388367,1.0861157178878784,0.0,0.0,0.0,0.0,6933.6650390625,489.1386413574219,707.544677734375,1807.9776611328125,997.4404296875,0.0,509.2628173828125,0.030288925394415855,0.0,53.76272964477539,0.0,0.0,0.0,394.1214904785156,394.1214904785156,103.17823028564453,116.31781768798828,106.01397705078125,0.0,0.0,0.0,103.17823028564453,116.31781768798828,106.01397705078125,0.0,0.0,0.0,9.671221733093262,13.51455020904541,10.500676155090332,0.0,0.0,0.0
254.0,60.678436279296875,44916.10546875,4045.669921875,24399.34765625,16471.087890625,4764.74365234375,20.544979095458984,0.0,17784.005859375,0.2064032107591629,35.19621276855469,2.491786241531372,5.678832054138184,4.771651744842529,1.6156678199768066,2.6226816177368164,6.697755813598633,0.001035700086504221,0.31029579043388367,1.0861157178878784,0.0,0.0,0.0,0.0,6987.84326171875,494.7183532714844,707.7412109375,1817.8695068359375,997.5108642578125,0.0,523.6128540039062,0.031128965318202972,0.0,53.76272964477539,0.0,0.0,0.0,395.84136962890625,395.84136962890625,119.13236236572266,132.11865234375,123.32906341552734,0.0,0.0,0.0,119.13236236572266,132.11865234375,123.32906341552734,0.0,0.0,0.0,14.301237106323242,18.09972381591797,15.52877140045166,0.0,0.0,0.0
255.0,60.946529388427734,45018.83203125,4045.669921875,24453.396484375,16519.765625,4764.74365234375,21.223934173583984,0.0,17274.474609375,0.20826168358325958,35.42152404785156,2.515162467956543,5.678832054138184,4.783560276031494,1.6156678199768066,2.6226816177368164,6.703391075134277,0.001035700086504221,0.31029579043388367,1.0861157178878784,0.0,0.0,0.0,0.0,6942.07568359375,492.9332580566406,701.291259765625,1759.7362060546875,825.257080078125,0.0,467.56109619140625,0.027786631137132645,0.0,49.308345794677734,0.0,0.0,0.0,397.53173828125,397.53173828125,119.77816772460938,138.24533081054688,109.9061279296875,0.0,0.0,0.0,119.77816772460938,138.24533081054688,109.9061279296875,0.0,0.0,0.0,13.811179161071777,19.212825775146484,10.923606872558594,0.0,0.0,0.0
256.0,61.09280776977539,45111.80859375,4045.669921875,24546.37109375,16519.765625,4764.74365234375,21.25246238708496,0.0,17288.94921875,0.20930446684360504,35.54737854003906,2.52805757522583,5.678832054138184,4.786884784698486,1.6156678199768066,2.6226816177368164,6.706550598144531,0.001035700086504221,0.31029579043388367,1.0861157178878784,0.0,0.0,0.0,0.0,7017.29931640625,499.0560607910156,705.1278076171875,1859.1298828125,512.06103515625,0.0,597.9041748046875,0.03552551567554474,0.0,55.67006301879883,0.0,0.0,0.0,399.187744140625,399.187744140625,124.70866394042969,142.42794799804688,121.4193115234375,0.0,0.0,0.0,124.70866394042969,142.42794799804688,121.4193115234375,0.0,0.0,0.0,15.224822044372559,20.407711029052734,14.262686729431152,0.0,0.0,0.0
257.0,61.429969787597656,45372.5234375,4045.669921875,24807.08984375,16519.765625,4764.74365234375,22.397329330444336,0.0,16529.478515625,0.21174538135528564,35.840972900390625,2.5583393573760986,5.678832054138184,4.790341854095459,1.6156678199768066,2.6226816177368164,6.713944435119629,0.001035700086504221,0.31029579043388367,1.0861157178878784,0.0,0.0,0.0,0.0,6917.439453125,493.7688903808594,694.1865844726562,1743.8150634765625,360.73260498046875,0.0,474.7654113769531,0.028195537626743317,0.0,48.354148864746094,0.0,0.0,0.0,400.8187255859375,400.8187255859375,104.24160766601562,139.62301635742188,113.35760498046875,0.0,0.0,0.0,104.24160766601562,139.62301635742188,113.35760498046875,0.0,0.0,0.0,8.093341827392578,18.44240379333496,10.759769439697266,0.0,0.0,0.0
258.0,62.082557678222656,45634.55859375,4045.669921875,25069.125,16519.765625,4764.74365234375,22.806243896484375,0.0,16336.4951171875,0.21648554503917694,36.4105339050293,2.6172852516174316,5.678832054138184,4.795326232910156,1.6156678199768066,2.6226816177368164,6.728301525115967,0.001035700086504221,0.31029579043388367,1.0861157178878784,0.0,0.0,0.0,0.0,6931.55322265625,498.2583312988281,688.3953247070312,1676.399658203125,339.237060546875,0.0,424.6417541503906,0.025195449590682983,0.0,43.01018524169922,0.0,0.0,0.0,402.3984069824219,402.3984069824219,79.38953399658203,130.05621337890625,114.11495971679688,0.0,0.0,0.0,79.38953399658203,130.05621337890625,114.11495971679688,0.0,0.0,0.0,0.4151942729949951,15.235197067260742,10.572381019592285,0.0,0.0,0.0
259.0,62.565406799316406,45858.19140625,4045.669921875,25292.755859375,16519.765625,4764.74365234375,23.253437042236328,0.0,16111.7587890625,0.220013827085495,36.833499908447266,2.661062717437744,5.678832054138184,4.797216415405273,1.6156678199768066,2.6226816177368164,6.738987445831299,0.001035700086504221,0.31029579043388367,1.0861157178878784,0.0,0.0,0.0,0.0,6914.05517578125,499.5109558105469,682.8937377929688,1607.276123046875,330.1915283203125,0.0,371.634033203125,0.02203512378036976,0.0,43.01018524169922,0.0,0.0,0.0,403.9478454589844,403.9478454589844,98.29811096191406,117.59648895263672,126.72323608398438,0.0,0.0,0.0,98.29811096191406,117.59648895263672,126.72323608398438,0.0,0.0,0.0,5.49876070022583,11.143536567687988,13.813109397888184,0.0,0.0,0.0
260.0,63.32234191894531,46173.015625,4045.669921875,25607.580078125,16519.765625,4764.74365234375,22.74285888671875,0.0,16571.166015625,0.2255435287952423,37.49592590332031,2.7297616004943848,5.678832054138184,4.800749778747559,1.6156678199768066,2.6226816177368164,6.755734443664551,0.001035700086504221,0.31029579043388367,1.0861157178878784,0.0,0.0,0.0,0.0,7104.02001953125,517.1837158203125,686.8486328125,1685.613525390625,263.8343200683594,0.0,455.9693298339844,0.027006475254893303,0.0,43.01018524169922,0.0,0.0,0.0,405.4821472167969,405.4821472167969,111.1882553100586,122.60005187988281,122.69781494140625,0.0,0.0,0.0,111.1882553100586,122.60005187988281,122.69781494140625,0.0,0.0,0.0,9.779705047607422,13.117656707763672,13.146252632141113,0.0,0.0,0.0
261.0,63.89468002319336,46274.859375,4045.669921875,25709.42578125,16519.765625,4764.74365234375,22.793622970581055,0.0,16573.037109375,0.22970080375671387,37.99383544921875,2.781451463699341,5.678832054138184,4.806740760803223,1.6156678199768066,2.6226816177368164,6.768325328826904,0.001035700086504221,0.31029579043388367,1.0861157178878784,0.0,0.0,0.0,0.0,7143.60595703125,522.9688720703125,684.1342163085938,1653.9991455078125,269.48480224609375,0.0,436.1307067871094,0.02581058442592621,0.0,45.87382507324219,0.0,0.0,0.0,407.02593994140625,407.02593994140625,128.18666076660156,136.86448669433594,106.74646759033203,0.0,0.0,0.0,128.18666076660156,136.86448669433594,106.74646759033203,0.0,0.0,0.0,14.70097541809082,17.239238739013672,8.429718017578125,0.0,0.0,0.0
262.0,64.18572998046875,46308.33984375,4045.669921875,25742.904296875,16519.765625,4764.74365234375,22.50299644470215,0.5932881832122803,16793.275390625,0.23180723190307617,38.2460823059082,2.807591438293457,5.678832054138184,4.810912609100342,1.6156678199768066,2.6226816177368164,6.774704456329346,0.001035700086504221,0.31029579043388367,1.0861157178878784,0.0,0.0,0.0,0.0,7201.62548828125,528.6612548828125,684.9625854492188,1620.4901123046875,340.7427673339844,0.0,441.9382629394531,0.026143569499254227,9.308874130249023,75.267822265625,0.0,0.0,0.0,408.57281494140625,408.57281494140625,136.58021545410156,155.92120361328125,116.98564910888672,0.0,0.0,0.0,136.58021545410156,155.92120361328125,116.98564910888672,0.0,0.0,0.0,16.85342788696289,22.51066780090332,11.122018814086914,0.0,0.0,0.0
263.0,64.31312561035156,46553.59375,4277.97021484375,25755.85546875,16519.765625,4764.74365234375,22.171951293945312,1.772553563117981,17124.302734375,0.2327205240726471,38.355377197265625,2.818915843963623,5.678832054138184,4.8140130043029785,1.6156678199768066,2.6226816177368164,6.777469158172607,0.001035700086504221,0.31029579043388367,1.0861157178878784,0.0,0.0,0.0,0.0,7227.708984375,531.1980590820312,685.720947265625,1591.3251953125,595.0027465820312,0.0,408.8622741699219,0.02418261580169201,9.308874130249023,75.267822265625,0.0,0.0,0.0,410.15069580078125,410.15069580078125,144.10977172851562,161.4990234375,127.7137451171875,0.0,0.0,0.0,144.10977172851562,161.4990234375,127.7137451171875,0.0,0.0,0.0,18.207605361938477,23.293962478637695,13.411765098571777,0.0,0.0,0.0
264.0,64.37384796142578,46563.390625,4277.97021484375,25765.65625,16519.765625,4764.74365234375,21.733863830566406,0.0,17463.16015625,0.2331257313489914,38.403839111328125,2.823982000350952,5.678832054138184,4.819573879241943,1.6156678199768066,2.6226816177368164,6.778695583343506,0.001035700086504221,0.31029579043388367,1.0861157178878784,0.0,0.0,0.0,0.0,7316.2939453125,537.9952392578125,690.0515747070312,1697.8441162109375,598.4176025390625,0.0,467.40179443359375,0.027642833068966866,0.0,43.01018524169922,0.0,0.0,0.0,411.7754211425781,411.7754211425781,103.64904022216797,129.117431640625,81.43749237060547,0.0,0.0,0.0,103.64904022216797,129.117431640625,81.43749237060547,0.0,0.0,0.0,8.583480834960938,16.032983779907227,2.0866024494171143,0.0,0.0,0.0
265.0,64.40609741210938,46665.59765625,4277.97021484375,25772.111328125,16615.515625,4764.74365234375,20.929399490356445,0.0,18151.7578125,0.2333109825849533,38.425987243652344,2.8262946605682373,5.678832054138184,4.82662296295166,1.6156678199768066,2.6226816177368164,6.779256343841553,0.001035700086504221,0.31029579043388367,1.0861157178878784,0.0,0.0,0.0,0.0,7389.63232421875,543.5196533203125,694.4163208007812,1702.1170654296875,982.1709594726562,0.0,458.3216247558594,0.027104848995804787,0.0,43.01018524169922,0.0,0.0,0.0,413.4273986816406,413.4273986816406,88.91596984863281,117.42327880859375,109.80763244628906,0.0,0.0,0.0,88.91596984863281,117.42327880859375,109.80763244628906,0.0,0.0,0.0,5.078521728515625,13.416910171508789,11.18933391571045,0.0,0.0,0.0
266.0,64.4259033203125,46920.484375,4277.97021484375,25775.53125,16866.984375,4764.74365234375,20.890338897705078,0.0,18283.0,0.2334163933992386,38.438575744628906,2.827562093734741,5.678832054138184,4.832141876220703,1.6156678199768066,2.6226816177368164,6.779574871063232,0.001035700086504221,0.31029579043388367,1.0861157178878784,0.0,0.0,0.0,0.0,7420.392578125,545.8480224609375,696.0348510742188,1730.2032470703125,984.0828857421875,0.0,480.3486633300781,0.02840692736208439,0.0,43.01018524169922,0.0,0.0,0.0,415.0951232910156,415.0951232910156,113.86865234375,133.3452911376953,116.8222885131836,0.0,0.0,0.0,113.86865234375,133.3452911376953,116.8222885131836,0.0,0.0,0.0,12.416242599487305,18.113157272338867,13.280179977416992,0.0,0.0,0.0
267.0,64.43708801269531,47010.9453125,4277.97021484375,25816.5859375,16916.390625,4764.74365234375,21.573270797729492,0.0,17759.1640625,0.2334936112165451,38.44776916503906,2.8284382820129395,5.678832054138184,4.832949638366699,1.6156678199768066,2.6226816177368164,6.779808521270752,0.001035700086504221,0.31029579043388367,1.0861157178878784,0.0,0.0,0.0,0.0,7335.96826171875,539.6759033203125,690.9088134765625,1680.1097412109375,814.32177734375,0.0,441.4351501464844,0.026105253025889397,0.0,43.01018524169922,0.0,0.0,0.0,416.74371337890625,416.74371337890625,116.8906478881836,139.1953582763672,108.3350601196289,0.0,0.0,0.0,116.8906478881836,139.1953582763672,108.3350601196289,0.0,0.0,0.0,12.617243766784668,19.141372680664062,10.114734649658203,0.0,0.0,0.0
268.0,64.5831069946289,47195.70703125,4277.97021484375,26001.34765625,16916.390625,4764.74365234375,21.642311096191406,0.0,17774.041015625,0.23454152047634125,38.57219696044922,2.8412117958068848,5.680174827575684,4.836205959320068,1.6156678199768066,2.6226816177368164,6.782975196838379,0.001035700086504221,0.31029579043388367,1.0861157178878784,0.0,0.0,0.0,0.0,7423.4189453125,546.805908203125,694.5052490234375,1779.1094970703125,505.8921203613281,0.0,552.6217651367188,0.032673850655555725,0.0,51.46891784667969,0.0,0.0,0.0,418.3642272949219,418.3642272949219,116.00389862060547,143.0618896484375,124.15167999267578,0.0,0.0,0.0,116.00389862060547,143.0618896484375,124.15167999267578,0.0,0.0,0.0,12.288827896118164,20.203292846679688,14.672054290771484,0.0,0.0,0.0
269.0,65.10356903076172,47574.5078125,4277.97021484375,26380.146484375,16916.390625,4764.74365234375,22.85972785949707,0.0,16993.26171875,0.23807300627231598,38.99081802368164,2.8842623233795166,5.719174385070801,4.841794967651367,1.6156678199768066,2.6226816177368164,6.7936482429504395,0.001035700086504221,0.31029579043388367,1.0861157178878784,0.0,0.0,0.0,0.0,7305.35400390625,540.39794921875,687.85302734375,1651.17333984375,355.37261962890625,0.0,439.4761047363281,0.025966286659240723,0.0,46.68589782714844,0.0,0.0,0.0,419.9651184082031,419.9651184082031,111.95860290527344,141.203369140625,113.56454467773438,0.0,0.0,0.0,111.95860290527344,141.203369140625,113.56454467773438,0.0,0.0,0.0,9.888164520263672,18.442258834838867,10.357901573181152,0.0,0.0,0.0
270.0,66.02156829833984,47987.76171875,4277.97021484375,26793.400390625,16916.390625,4764.74365234375,23.344528198242188,0.0,16794.861328125,0.24337324500083923,39.61870193481445,2.9485416412353516,5.917284965515137,4.848202228546143,1.6156678199768066,2.6226816177368164,6.809666633605957,0.001035700086504221,0.31029579043388367,1.0861157178878784,0.0,0.0,0.0,0.0,7305.66796875,543.7095336914062,704.6803588867188,1572.8375244140625,333.69921875,0.0,383.8394775390625,0.02265576459467411,0.0,46.68589782714844,0.0,0.0,0.0,421.5218811035156,421.5218811035156,127.24522399902344,128.46192932128906,120.2940673828125,0.0,0.0,0.0,127.24522399902344,128.46192932128906,120.2940673828125,0.0,0.0,0.0,13.874699592590332,14.230586051940918,11.841486930847168,0.0,0.0,0.0
271.0,66.90213012695312,48403.8671875,4277.97021484375,27209.5078125,16916.390625,4764.74365234375,23.891708374023438,0.0,16563.8203125,0.2481594979763031,40.184669494628906,3.0076653957366943,6.1500630378723145,4.851640224456787,1.6156678199768066,2.6226816177368164,6.824131488800049,0.001035700086504221,0.31029579043388367,1.0861157178878784,0.0,0.0,0.0,0.0,7282.66552734375,545.0790405273438,722.1697387695312,1496.977783203125,324.0454406738281,0.0,320.0169372558594,0.018871178850531578,0.0,43.01018524169922,0.0,0.0,0.0,423.05755615234375,423.05755615234375,113.3678207397461,121.74363708496094,124.79557037353516,0.0,0.0,0.0,113.3678207397461,121.74363708496094,124.79557037353516,0.0,0.0,0.0,9.268380165100098,11.718305587768555,12.610995292663574,0.0,0.0,0.0
272.0,68.09899139404297,48853.3984375,4277.97021484375,27659.03515625,16916.390625,4764.74365234375,23.42275047302246,0.0,17036.107421875,0.2544768452644348,40.931243896484375,3.085721731185913,6.491933345794678,4.856598377227783,1.6156678199768066,2.6226816177368164,6.843224048614502,0.001035700086504221,0.31029579043388367,1.0861157178878784,0.0,0.0,0.0,0.0,7474.39453125,563.4791870117188,765.68359375,1545.0537109375,258.75531005859375,0.0,396.5008544921875,0.02335282601416111,0.0,46.68589782714844,0.0,0.0,0.0,424.5870056152344,424.5870056152344,116.44558715820312,113.67835235595703,113.14046478271484,0.0,0.0,0.0,116.44558715820312,113.67835235595703,113.14046478271484,0.0,0.0,0.0,10.637584686279297,9.828167915344238,9.67083740234375,0.0,0.0,0.0
273.0,68.95272064208984,49047.4375,4277.97021484375,27853.076171875,16916.390625,4764.74365234375,23.51630973815918,0.0,17038.029296875,0.2582910656929016,41.381919860839844,3.1323089599609375,6.827802658081055,4.861850738525391,1.6156678199768066,2.6226816177368164,6.854751110076904,0.001035700086504221,0.31029579043388367,1.0861157178878784,0.0,0.0,0.0,0.0,7493.89208984375,567.2328491210938,797.369140625,1513.2640380859375,264.02618408203125,0.0,371.51263427734375,0.02186499536037445,0.0,43.01018524169922,0.0,0.0,0.0,426.1286926269531,426.1286926269531,101.91212463378906,125.1207504272461,119.72075653076172,0.0,0.0,0.0,101.91212463378906,125.1207504272461,119.72075653076172,0.0,0.0,0.0,6.292987823486328,13.08150863647461,11.5020112991333,0.0,0.0,0.0
274.0,69.56005859375,49196.328125,4277.97021484375,28001.96875,16916.390625,4764.74365234375,23.269771575927734,0.0,17264.455078125,0.26071083545684814,41.66779327392578,3.1622793674468994,7.105327129364014,4.866082668304443,1.6156678199768066,2.6226816177368164,6.862064361572266,0.001035700086504221,0.31029579043388367,1.0861157178878784,0.0,0.0,0.0,0.0,7546.529296875,572.72607421875,827.6554565429688,1504.9619140625,333.5084228515625,0.0,372.89288330078125,0.021935971453785896,0.0,43.01018524169922,0.0,0.0,0.0,427.66717529296875,427.66717529296875,102.0800552368164,132.57301330566406,125.49513244628906,0.0,0.0,0.0,102.0800552368164,132.57301330566406,125.49513244628906,0.0,0.0,0.0,6.588645935058594,15.507833480834961,13.437556266784668,0.0,0.0,0.0
275.0,69.90925598144531,49243.4375,4277.97021484375,28049.078125,16916.390625,4764.74365234375,22.82806968688965,0.0,17604.763671875,0.2620168626308441,41.82207489013672,3.1786229610443115,7.274744510650635,4.869987964630127,1.6156678199768066,2.6226816177368164,6.866011619567871,0.001035700086504221,0.31029579043388367,1.0861157178878784,0.0,0.0,0.0,0.0,7573.97265625,575.6482543945312,845.3599243164062,1466.2049560546875,581.9006958007812,0.0,342.8571472167969,0.02016398124396801,0.0,43.01018524169922,0.0,0.0,0.0,429.2237854003906,429.2237854003906,109.65206146240234,126.35336303710938,113.3567886352539,0.0,0.0,0.0,109.65206146240234,126.35336303710938,113.3567886352539,0.0,0.0,0.0,9.245159149169922,14.130290031433105,10.328791618347168,0.0,0.0,0.0
276.0,70.07008361816406,49260.17578125,4277.97021484375,28065.814453125,16916.390625,4764.74365234375,22.395116806030273,0.0,17941.01171875,0.26257631182670593,41.888153076171875,3.185685873031616,7.353394031524658,4.876776695251465,1.6156678199768066,2.6226816177368164,6.867702007293701,0.001035700086504221,0.31029579043388367,1.0861157178878784,0.0,0.0,0.0,0.0,7665.1142578125,582.94873046875,861.3834228515625,1525.1910400390625,585.309814453125,0.0,390.903564453125,0.022987185046076775,0.0,43.01018524169922,0.0,0.0,0.0,430.8034362792969,430.8034362792969,78.62773895263672,115.6616439819336,115.48643493652344,0.0,0.0,0.0,78.62773895263672,115.6616439819336,115.48643493652344,0.0,0.0,0.0,0.6034960150718689,11.4359130859375,11.384666442871094,0.0,0.0,0.0
277.0,70.1416244506836,49362.51953125,4277.97021484375,28074.70703125,17009.841796875,4764.74365234375,21.562931060791016,0.0,18648.447265625,0.26280003786087036,41.91457748413086,3.18851375579834,7.386650562286377,4.884907245635986,1.6156678199768066,2.6226816177368164,6.868378162384033,0.001035700086504221,0.31029579043388367,1.0861157178878784,0.0,0.0,0.0,0.0,7749.2314453125,589.497314453125,871.4946899414062,1529.827392578125,961.1989135742188,0.0,384.5111999511719,0.02261030301451683,0.0,43.01018524169922,0.0,0.0,0.0,432.4078674316406,432.4078674316406,98.91520690917969,125.54643249511719,111.73787689208984,0.0,0.0,0.0,98.91520690917969,125.54643249511719,111.73787689208984,0.0,0.0,0.0,7.369767665863037,15.159401893615723,11.120399475097656,0.0,0.0,0.0
278.0,70.17655944824219,49621.22265625,4277.97021484375,28078.96484375,17264.287109375,4764.74365234375,21.51771354675293,0.0,18783.279296875,0.26289457082748413,41.925743103027344,3.1896812915802,7.401190280914307,4.892194747924805,1.6156678199768066,2.6226816177368164,6.869057655334473,0.001035700086504221,0.31029579043388367,1.0861157178878784,0.0,0.0,0.0,0.0,7784.009765625,592.2020263671875,876.12939453125,1552.974853515625,963.5006103515625,0.0,406.12908935546875,0.023880459368228912,0.0,43.01018524169922,0.0,0.0,0.0,434.0422668457031,434.0422668457031,105.31419372558594,132.57107543945312,116.24466705322266,0.0,0.0,0.0,105.31419372558594,132.57107543945312,116.24466705322266,0.0,0.0,0.0,9.286687850952148,17.259326934814453,12.483851432800293,0.0,0.0,0.0
279.0,70.19335174560547,49677.0546875,4277.97021484375,28084.828125,17314.255859375,4764.74365234375,22.203638076782227,0.0,18245.11328125,0.262921541929245,41.928932189941406,3.190019130706787,7.405456066131592,4.898268699645996,1.6156678199768066,2.6226816177368164,6.871955871582031,0.001035700086504221,0.31029579043388367,1.0861157178878784,0.0,0.0,0.0,0.0,7686.6259765625,584.8106079101562,867.6022338867188,1503.63720703125,796.4683227539062,0.0,368.00689697265625,0.021634910255670547,0.0,46.68589782714844,0.0,0.0,0.0,435.6662292480469,435.6662292480469,119.84122467041016,133.56983947753906,118.96102142333984,0.0,0.0,0.0,119.84122467041016,133.56983947753906,118.96102142333984,0.0,0.0,0.0,12.849918365478516,16.865537643432617,12.592458724975586,0.0,0.0,0.0
280.0,70.21151733398438,49685.96875,4277.97021484375,28093.744140625,17314.255859375,4764.74365234375,22.19135284423828,0.0,18260.392578125,0.26293712854385376,41.9307746887207,3.1902015209198,7.407931804656982,4.903127670288086,1.6156678199768066,2.6226816177368164,6.880744934082031,0.001035700086504221,0.31029579043388367,1.0861157178878784,0.0,0.0,0.0,0.0,7774.96728515625,591.5396118164062,877.025146484375,1603.4134521484375,496.064208984375,0.0,472.82586669921875,0.027781613171100616,0.0,46.68589782714844,0.0,0.0,0.0,437.2667541503906,437.2667541503906,121.17464447021484,140.0281219482422,115.5098876953125,0.0,0.0,0.0,121.17464447021484,140.0281219482422,115.5098876953125,0.0,0.0,0.0,13.252230644226074,18.76687240600586,11.595290184020996,0.0,0.0,0.0
281.0,70.23532104492188,49697.125,4277.97021484375,28104.8984375,17314.255859375,4764.74365234375,23.258819580078125,0.0,17458.25,0.2629476487636566,41.9320182800293,3.190319299697876,7.413688659667969,4.906792163848877,1.6156678199768066,2.6226816177368164,6.8937602043151855,0.001035700086504221,0.31029579043388367,1.0861157178878784,0.0,0.0,0.0,0.0,7598.22802734375,578.0970458984375,861.0150146484375,1507.4942626953125,348.72265625,0.0,380.3923034667969,0.02233193814754486,0.0,46.68589782714844,0.0,0.0,0.0,438.85198974609375,438.85198974609375,116.61145782470703,136.5095672607422,120.41937255859375,0.0,0.0,0.0,116.61145782470703,136.5095672607422,120.41937255859375,0.0,0.0,0.0,10.850031852722168,16.670230865478516,11.963848114013672,0.0,0.0,0.0
282.0,70.26141357421875,49759.7421875,4277.97021484375,28167.515625,17314.255859375,4764.74365234375,23.577301025390625,0.0,17254.40625,0.2629493176937103,41.932212829589844,3.1903340816497803,7.436161994934082,4.9073991775512695,1.6156678199768066,2.6226816177368164,6.896561145782471,0.001035700086504221,0.31029579043388367,1.0861157178878784,0.0,0.0,0.0,0.0,7546.70654296875,574.1770629882812,858.4583129882812,1475.3822021484375,328.8975524902344,0.0,354.2851867675781,0.020795438438653946,0.0,43.88128662109375,0.0,0.0,0.0,440.3965759277344,440.3965759277344,101.14635467529297,129.0277862548828,118.05671691894531,0.0,0.0,0.0,101.14635467529297,129.0277862548828,118.05671691894531,0.0,0.0,0.0,6.008006572723389,14.163326263427734,10.954288482666016,0.0,0.0,0.0
283.0,70.47859191894531,49924.5,4277.97021484375,28332.275390625,17314.255859375,4764.74365234375,24.001829147338867,0.0,17017.046875,0.26295509934425354,41.93289566040039,3.1904001235961914,7.635175704956055,4.9096221923828125,1.6156678199768066,2.6226816177368164,6.911746025085449,0.001035700086504221,0.31029579043388367,1.0861157178878784,0.0,0.0,0.0,0.0,7475.962890625,568.7971801757812,872.6497192382812,1421.5758056640625,320.6771545410156,0.0,317.7106628417969,0.018630588427186012,0.0,43.01018524169922,0.0,0.0,0.0,441.92218017578125,441.92218017578125,108.39295196533203,125.3715591430664,122.25305938720703,0.0,0.0,0.0,108.39295196533203,125.3715591430664,122.25305938720703,0.0,0.0,0.0,7.703108787536621,12.669351577758789,11.75719165802002,0.0,0.0,0.0
284.0,70.85257720947266,50063.76171875,4277.97021484375,28471.537109375,17314.255859375,4764.74365234375,23.378681182861328,0.0,17502.2578125,0.26296257972717285,41.933780670166016,3.190486192703247,7.982019424438477,4.912546634674072,1.6156678199768066,2.6226816177368164,6.934983253479004,0.001035700086504221,0.31029579043388367,1.0861157178878784,0.0,0.0,0.0,0.0,7611.251953125,579.0938720703125,923.117919921875,1518.4700927734375,257.5177917480469,0.0,409.5448913574219,0.023980287835001945,0.0,46.68589782714844,0.0,0.0,0.0,443.44580078125,443.44580078125,100.43756866455078,127.49478149414062,120.30635070800781,0.0,0.0,0.0,100.43756866455078,127.49478149414062,120.30635070800781,0.0,0.0,0.0,5.9993085861206055,13.913541793823242,11.810925483703613,0.0,0.0,0.0
285.0,71.11778259277344,50153.0859375,4277.97021484375,28560.861328125,17314.255859375,4764.74365234375,23.420835494995117,0.0,17504.228515625,0.26296576857566833,41.93415832519531,3.190523147583008,8.234733581542969,4.913812160491943,1.6156678199768066,2.6226816177368164,6.945791721343994,0.001035700086504221,0.31029579043388367,1.0861157178878784,0.0,0.0,0.0,0.0,7599.431640625,578.1959838867188,948.6759033203125,1506.7213134765625,263.785888671875,0.0,405.6469421386719,0.023735733702778816,0.0,43.01018524169922,0.0,0.0,0.0,444.98760986328125,444.98760986328125,118.16609191894531,109.71095275878906,121.26393127441406,0.0,0.0,0.0,118.16609191894531,109.71095275878906,121.26393127441406,0.0,0.0,0.0,11.142745971679688,8.669617652893066,12.048863410949707,0.0,0.0,0.0
286.0,71.41436767578125,50259.8515625,4277.97021484375,28667.626953125,17314.255859375,4764.74365234375,23.154075622558594,0.0,17736.837890625,0.262968510389328,41.93448257446289,3.1905548572540283,8.519669532775879,4.915450572967529,1.6156678199768066,2.6226816177368164,6.9554443359375,0.001035700086504221,0.31029579043388367,1.0861157178878784,0.0,0.0,0.0,0.0,7630.9091796875,580.5922241210938,982.0157470703125,1512.3936767578125,333.95440673828125,0.0,417.73529052734375,0.024428091943264008,0.0,43.01018524169922,0.0,0.0,0.0,446.52508544921875,446.52508544921875,117.87638092041016,124.53687286376953,114.37633514404297,0.0,0.0,0.0,117.87638092041016,124.53687286376953,114.37633514404297,0.0,0.0,0.0,11.324767112731934,13.27295970916748,10.301003456115723,0.0,0.0,0.0
287.0,71.62113189697266,50294.5234375,4277.97021484375,28702.296875,17314.255859375,4764.74365234375,22.708131790161133,0.0,18086.451171875,0.2629702091217041,41.9346809387207,3.1905741691589355,8.715896606445312,4.91972541809082,1.6156678199768066,2.6226816177368164,6.961484909057617,0.001035700086504221,0.31029579043388367,1.0861157178878784,0.0,0.0,0.0,0.0,7646.96044921875,581.814208984375,1003.9736938476562,1482.143310546875,583.3956909179688,0.0,393.2539367675781,0.02298767864704132,0.0,43.01018524169922,0.0,0.0,0.0,448.0783996582031,448.0783996582031,106.65740203857422,118.91773986816406,120.55400848388672,0.0,0.0,0.0,106.65740203857422,118.91773986816406,120.55400848388672,0.0,0.0,0.0,8.48915958404541,12.07530689239502,12.553915977478027,0.0,0.0,0.0
288.0,71.72505950927734,50308.60546875,4277.97021484375,28716.37890625,17314.255859375,4764.74365234375,22.290578842163086,0.0,18420.099609375,0.2629709243774414,41.93476867675781,3.190582752227783,8.808459281921387,4.928324222564697,1.6156678199768066,2.6226816177368164,6.964158058166504,0.001035700086504221,0.31029579043388367,1.0861157178878784,0.0,0.0,0.0,0.0,7730.59033203125,588.1775512695312,1022.9566650390625,1543.6588134765625,586.9664916992188,0.0,442.3512268066406,0.025853287428617477,0.0,43.01018524169922,0.0,0.0,0.0,449.6546325683594,449.6546325683594,94.67583465576172,116.5441665649414,123.89122009277344,0.0,0.0,0.0,94.67583465576172,116.5441665649414,123.89122009277344,0.0,0.0,0.0,5.402102947235107,11.798588752746582,13.947604179382324,0.0,0.0,0.0
289.0,71.77680206298828,50408.71875,4277.97021484375,28725.17578125,17405.57421875,4764.74365234375,21.45980453491211,0.0,19146.431640625,0.2629712224006653,41.9348030090332,3.1905863285064697,8.84920883178711,4.938145160675049,1.6156678199768066,2.6226816177368164,6.965287208557129,0.001035700086504221,0.31029579043388367,1.0861157178878784,0.0,0.0,0.0,0.0,7815.02099609375,594.6015625,1035.882568359375,1553.2813720703125,964.2897338867188,0.0,439.26220703125,0.025670913979411125,0.0,43.01018524169922,0.0,0.0,0.0,451.25958251953125,451.25958251953125,111.5769271850586,129.04525756835938,113.48759460449219,0.0,0.0,0.0,111.5769271850586,129.04525756835938,113.48759460449219,0.0,0.0,0.0,11.176445007324219,16.285934448242188,11.735315322875977,0.0,0.0,0.0
290.0,71.80570983886719,50670.28515625,4277.97021484375,28729.57421875,17662.744140625,4764.74365234375,21.413555145263672,0.0,19284.85546875,0.2629713714122772,41.93482208251953,3.1905879974365234,8.868840217590332,4.946876525878906,1.6156678199768066,2.6226816177368164,6.965819835662842,0.001035700086504221,0.31029579043388367,1.0861157178878784,0.0,0.0,0.0,0.0,7849.20068359375,597.2021484375,1041.6995849609375,1576.6871337890625,966.6793212890625,0.0,458.7900390625,0.026811229065060616,0.0,46.68589782714844,0.0,0.0,0.0,452.90185546875,452.90185546875,116.56227111816406,135.15797424316406,108.83743286132812,0.0,0.0,0.0,116.56227111816406,135.15797424316406,108.83743286132812,0.0,0.0,0.0,12.680910110473633,18.120153427124023,10.421392440795898,0.0,0.0,0.0
291.0,71.8207015991211,50725.52734375,4277.97021484375,28734.337890625,17713.220703125,4764.74365234375,22.09573745727539,0.03766569495201111,18732.3125,0.262971431016922,41.9348258972168,3.1905884742736816,8.875520706176758,4.954196929931641,1.6156678199768066,2.6226816177368164,6.966803073883057,0.001035700086504221,0.31029579043388367,1.0861157178878784,0.0,0.0,0.0,0.0,7749.52001953125,589.6179809570312,1031.518310546875,1525.806640625,799.0173950195312,0.0,420.9610900878906,0.024599017575383186,0.0,46.68589782714844,0.0,0.0,0.0,454.53924560546875,454.53924560546875,120.89250183105469,137.91433715820312,119.46293640136719,0.0,0.0,0.0,120.89250183105469,137.91433715820312,119.46293640136719,0.0,0.0,0.0,13.227652549743652,18.206541061401367,12.809505462646484,0.0,0.0,0.0
292.0,71.83431243896484,50732.015625,4277.97021484375,28740.826171875,17713.220703125,4764.74365234375,22.082324981689453,0.0,18747.994140625,0.2629714608192444,41.93482971191406,3.1905887126922607,8.878643989562988,4.958828449249268,1.6156678199768066,2.6226816177368164,6.972653388977051,0.001035700086504221,0.31029579043388367,1.0861157178878784,0.0,0.0,0.0,0.0,7837.67529296875,596.3252563476562,1042.1661376953125,1630.5897216796875,497.6076354980469,0.0,516.8579711914062,0.030191630125045776,0.0,50.84409713745117,0.0,0.0,0.0,456.15838623046875,456.15838623046875,121.58303833007812,140.71742248535156,119.95792388916016,0.0,0.0,0.0,121.58303833007812,140.71742248535156,119.95792388916016,0.0,0.0,0.0,13.480713844299316,19.07752227783203,13.005367279052734,0.0,0.0,0.0
293.0,71.85353088378906,50742.09375,4277.97021484375,28750.90625,17713.220703125,4764.74365234375,23.144561767578125,0.0,17924.431640625,0.2629714608192444,41.93482971191406,3.1905887126922607,8.884238243103027,4.962259292602539,1.6156678199768066,2.6226816177368164,6.98284387588501,0.001035700086504221,0.31029579043388367,1.0861157178878784,0.0,0.0,0.0,0.0,7657.93212890625,582.6495971679688,1022.8435668945312,1525.586181640625,349.7620849609375,0.0,430.2724304199219,0.025117574259638786,0.0,46.68589782714844,0.0,0.0,0.0,457.7635498046875,457.7635498046875,116.28424072265625,141.93038940429688,118.94889831542969,0.0,0.0,0.0,116.28424072265625,141.93038940429688,118.94889831542969,0.0,0.0,0.0,10.868579864501953,18.37007713317871,11.647991180419922,0.0,0.0,0.0
294.0,71.87725830078125,50808.3203125,4277.97021484375,28817.130859375,17713.220703125,4764.74365234375,23.462671279907227,0.0,17715.154296875,0.2629714608192444,41.93482971191406,3.19058895111084,8.90506362915039,4.962836742401123,1.6156678199768066,2.6226816177368164,6.985167026519775,0.001035700086504221,0.31029579043388367,1.0861157178878784,0.0,0.0,0.0,0.0,7605.7705078125,578.680908203125,1019.1508178710938,1489.6885986328125,329.87286376953125,0.0,403.3498229980469,0.0235423780977726,0.0,46.68589782714844,0.0,0.0,0.0,459.3319091796875,459.3319091796875,111.26493835449219,135.5623321533203,123.76828002929688,0.0,0.0,0.0,111.26493835449219,135.5623321533203,123.76828002929688,0.0,0.0,0.0,9.08232307434082,16.18931007385254,12.739548683166504,0.0,0.0,0.0
295.0,72.107421875,50933.1015625,4277.97021484375,28941.91015625,17713.220703125,4764.74365234375,23.8649845123291,0.0,17471.447265625,0.2629714906215668,41.93483352661133,3.19058895111084,9.10948371887207,4.9664483070373535,1.6156678199768066,2.6226816177368164,7.00730037689209,0.001035700086504221,0.31029579043388367,1.0861157178878784,0.0,0.0,0.0,0.0,7534.26904296875,573.2407836914062,1032.3653564453125,1433.7703857421875,321.63067626953125,0.0,365.5273742675781,0.02130492590367794,0.0,46.68589782714844,0.0,0.0,0.0,460.887939453125,460.887939453125,100.93135070800781,127.90699005126953,114.69367218017578,0.0,0.0,0.0,100.93135070800781,127.90699005126953,114.69367218017578,0.0,0.0,0.0,5.657436370849609,13.547809600830078,9.682915687561035,0.0,0.0,0.0
296.0,72.31854248046875,50977.015625,4277.97021484375,28985.826171875,17713.220703125,4764.74365234375,23.200281143188477,0.0,17969.61328125,0.2629714906215668,41.93483352661133,3.190589189529419,9.296303749084473,4.969359397888184,1.6156678199768066,2.6226816177368164,7.028690814971924,0.001035700086504221,0.31029579043388367,1.0861157178878784,0.0,0.0,0.0,0.0,7677.8564453125,584.16552734375,1068.501953125,1545.2308349609375,258.46807861328125,0.0,460.5723571777344,0.02680838666856289,0.0,46.68589782714844,0.0,0.0,0.0,462.445556640625,462.445556640625,113.8349838256836,129.68460083007812,123.10029602050781,0.0,0.0,0.0,113.8349838256836,129.68460083007812,123.10029602050781,0.0,0.0,0.0,10.096451759338379,14.732464790344238,12.806554794311523,0.0,0.0,0.0
297.0,72.4316635131836,50990.9140625,4277.97021484375,28999.72265625,17713.220703125,4764.74365234375,23.207040786743164,0.0,17971.634765625,0.2629714906215668,41.93483352661133,3.190589189529419,9.396178245544434,4.970793724060059,1.6156678199768066,2.6226816177368164,7.040501594543457,0.001035700086504221,0.31029579043388367,1.0861157178878784,0.0,0.0,0.0,0.0,7672.099609375,583.7275390625,1078.2269287109375,1541.4803466796875,264.9219665527344,0.0,457.796630859375,0.026626940816640854,0.0,43.01018524169922,0.0,0.0,0.0,464.02496337890625,464.02496337890625,109.8289794921875,117.61296844482422,118.40374755859375,0.0,0.0,0.0,109.8289794921875,117.61296844482422,118.40374755859375,0.0,0.0,0.0,8.917937278747559,11.19475269317627,11.426056861877441,0.0,0.0,0.0
298.0,72.48211669921875,50995.30859375,4277.97021484375,29004.119140625,17713.220703125,4764.74365234375,22.895776748657227,0.0,18210.443359375,0.2629714906215668,41.93483352661133,3.190589189529419,9.439921379089355,4.972217559814453,1.6156678199768066,2.6226816177368164,7.04578161239624,0.001035700086504221,0.31029579043388367,1.0861157178878784,0.0,0.0,0.0,0.0,7713.83447265625,586.9028930664062,1087.5252685546875,1560.8709716796875,335.71990966796875,0.0,472.67669677734375,0.027483249083161354,0.0,43.01018524169922,0.0,0.0,0.0,465.6036682128906,465.6036682128906,116.25997161865234,123.11290740966797,111.57117462158203,0.0,0.0,0.0,116.25997161865234,123.11290740966797,111.57117462158203,0.0,0.0,0.0,11.110265731811523,13.114748001098633,9.73879337310791,0.0,0.0,0.0
299.0,72.50311279296875,50997.8125,4277.97021484375,29006.625,17713.220703125,4764.74365234375,22.440155029296875,0.0,18569.396484375,0.2629714906215668,41.934837341308594,3.190589189529419,9.455137252807617,4.976142883300781,1.6156678199768066,2.6226816177368164,7.047636985778809,0.001035700086504221,0.31029579043388367,1.0861157178878784,0.0,0.0,0.0,0.0,7737.7734375,588.7243041992188,1091.4658203125,1541.791748046875,586.920654296875,0.0,451.0440368652344,0.026222383603453636,0.0,43.01018524169922,0.0,0.0,0.0,467.197509765625,467.197509765625,102.65534973144531,124.51382446289062,108.03372192382812,0.0,0.0,0.0,102.65534973144531,124.51382446289062,108.03372192382812,0.0,0.0,0.0,7.586535930633545,13.980138778686523,9.159709930419922,0.0,0.0,0.0
300.0,72.51493835449219,51002.796875,4277.97021484375,29011.607421875,17713.220703125,4821.4169921875,22.037233352661133,0.0,18900.408203125,0.2629714906215668,41.934837341308594,3.190589189529419,9.460068702697754,4.982429504394531,1.6156678199768066,2.6226816177368164,7.048244476318359,0.001035700086504221,0.31029579043388367,1.0861157178878784,0.0,0.0,0.0,0.0,7823.50732421875,595.247314453125,1101.9705810546875,1604.0926513671875,590.6204223632812,0.0,500.8008728027344,0.02911399118602276,0.0,45.835208892822266,0.0,0.0,0.0,468.8127136230469,468.8127136230469,102.55654907226562,116.943359375,115.31570434570312,0.0,0.0,0.0,102.55654907226562,116.943359375,115.31570434570312,0.0,0.0,0.0,7.960557460784912,12.168701171875,11.692609786987305,0.0,0.0,0.0
