time,Total Generation Capacity,Total Transmission,Transmission for Interconnection km,Total Transmission for Generation Connection,Total Transmission for Demand Connection,Total Interconnection Capacity,Transmission Tariff[f0],Congestion Tariff[f0],National Peak Demand[f0],Generation Capacity by Tech[TBiomass],Generation Capacity by Tech[TWindOnS],Generation Capacity by Tech[TWindOffS],Generation Capacity by Tech[TPV],Generation Capacity by Tech[THydroDam],Generation Capacity by Tech[THRoR],Generation Capacity by Tech[TThermo1],Generation Capacity by Tech[TThermo2],Generation Capacity by Tech[TGeothermal],Generation Capacity by Tech[TPVBESSOp1],Generation Capacity by Tech[TPVBESSOp2],Generation Capacity by Tech[TOther1],Generation Capacity by Tech[TOther2],Generation Capacity by Tech[TOther3],Generation by Tech per Month[TBiomass],Generation by Tech per Month[TWindOnS],Generation by Tech per Month[TWindOffS],Generation by Tech per Month[TPV],Generation by Tech per Month[THydroDam],Generation by Tech per Month[THRoR],Generation by Tech per Month[TThermo1],Generation by Tech per Month[TThermo2],Generation by Tech per Month[TGeothermal],Generation by Tech per Month[TPVBESSOp1],Generation by Tech per Month[TPVBESSOp2],Generation by Tech per Month[TOther1],Generation by Tech per Month[TOther2],Generation by Tech per Month[TOther3],Generation by Tech per Month[DERBESS],Generation by Tech per Month[DER],"Electricity Tariff[Regulated,Z1]","Electricity Tariff[Regulated,Z2]","Electricity Tariff[Regulated,Z3]","Electricity Tariff[Regulated,Z4]","Electricity Tariff[Regulated,Z5]","Electricity Tariff[Regulated,Z6]","Electricity Tariff[Unregulated,Z1]","Electricity Tariff[Unregulated,Z2]","Electricity Tariff[Unregulated,Z3]","Electricity Tariff[Unregulated,Z4]","Electricity Tariff[Unregulated,Z5]","Electricity Tariff[Unregulated,Z6]","Generation Tariff[f0,Z1]","Generation Tariff[f0,Z2]","Generation Tariff[f0,Z3]","Generation Tariff[f0,Z4]","Generation Tariff[f0,Z5]","Generation Tariff[f0,Z6]"
0.0,14.057049751281738,16177.3701171875,1836.469970703125,5622.81982421875,8718.080078125,1600.0,16.893709182739258,0.9912989735603333,7532.21728515625,0.06656000018119812,1.021299958229065,0.0,0.4778200089931488,3.705590009689331,1.5324699878692627,2.6226699352264404,4.630640029907227,0.0,0.0,0.0,0.0,0.0,0.0,0.0,279.896484375,0.0,79.0820083618164,2668.02490234375,894.5088500976562,0.0,1152.0262451171875,0.0,0.0,0.0,0.0,0.0,0.0,0.0046911598183214664,0.0046911598183214664,181.14532470703125,182.1839599609375,196.01895141601562,0.0,0.0,0.0,181.14532470703125,182.1839599609375,196.01895141601562,0.0,0.0,0.0,35.10000228881836,35.40380096435547,39.45053482055664,0.0,0.0,0.0
1.0,14.069549560546875,16177.3701171875,1836.469970703125,5622.81982421875,8718.080078125,1600.0,16.2587833404541,0.0,7828.1357421875,0.06656000018119812,1.021299958229065,0.0,0.4778200089931488,3.705590009689331,1.5449700355529785,2.6226699352264404,4.630640029907227,0.0,0.0,0.0,0.0,0.0,0.0,0.0,279.896484375,0.0,79.0820083618164,2668.02490234375,1112.37841796875,0.0,1132.2847900390625,0.0,0.0,0.0,0.0,0.0,0.0,1.2010098695755005,1.2010098695755005,149.28842163085938,174.43374633789062,179.4020538330078,0.0,0.0,0.0,149.28842163085938,174.43374633789062,179.4020538330078,0.0,0.0,0.0,27.4080810546875,34.76308822631836,36.21631622314453,0.0,0.0,0.0
2.0,14.069549560546875,16182.3701171875,1836.469970703125,5627.81982421875,8718.080078125,1600.0,16.15300178527832,0.0,7883.634765625,0.06656000018119812,1.021299958229065,0.0,0.4778200089931488,3.705590009689331,1.5449700355529785,2.6226699352264404,4.630640029907227,0.0,0.0,0.0,0.0,0.0,0.0,0.0,279.896484375,0.0,79.0820083618164,2668.02490234375,1112.37841796875,0.0,1168.447509765625,0.0,0.0,0.0,0.0,0.0,0.0,2.4211959838867188,2.4211959838867188,92.01276397705078,174.93910217285156,185.59127807617188,0.0,0.0,0.0,92.01276397705078,174.93910217285156,185.59127807617188,0.0,0.0,0.0,10.760732650756836,35.01668167114258,38.1324462890625,0.0,0.0,0.0
3.0,14.069549560546875,16182.3701171875,1836.469970703125,5627.81982421875,8718.080078125,1600.0,16.635862350463867,0.0,7656.689453125,0.06656000018119812,1.021299958229065,0.0,0.4778200089931488,3.705590009689331,1.5449700355529785,2.6226699352264404,4.630640029907227,0.0,0.0,0.0,0.0,0.0,0.0,0.0,279.896484375,0.0,79.0820083618164,2668.02490234375,925.83251953125,0.0,1200.9324951171875,0.0,0.0,0.0,0.0,0.0,0.0,3.6165952682495117,3.6165952682495117,56.88909912109375,177.27102661132812,167.79318237304688,0.0,0.0,0.0,56.88909912109375,177.27102661132812,167.79318237304688,0.0,0.0,0.0,0.00419993232935667,35.215911865234375,32.44364547729492,0.0,0.0,0.0
4.0,14.069549560546875,16182.3701171875,1836.469970703125,5627.81982421875,8718.080078125,1600.0,16.627967834472656,0.0,7662.03515625,0.06656000018119812,1.021299958229065,0.0,0.4778200089931488,3.705590009689331,1.5449700355529785,2.6226699352264404,4.630640029907227,0.0,0.0,0.0,0.0,0.0,0.0,0.0,279.896484375,0.0,79.0820083618164,2668.02490234375,572.429931640625,0.0,1556.78173828125,0.0,0.0,0.0,0.0,0.0,0.0,4.770710468292236,4.770710468292236,122.9337387084961,184.90711975097656,171.32276916503906,0.0,0.0,0.0,122.9337387084961,184.90711975097656,171.32276916503906,0.0,0.0,0.0,19.330150604248047,37.457366943359375,33.48394012451172,0.0,0.0,0.0
5.0,14.069549560546875,16182.3701171875,1836.469970703125,5627.81982421875,8718.080078125,1600.0,17.399076461791992,0.0,7324.447265625,0.06656000018119812,1.021299958229065,0.0,0.4778200089931488,3.705590009689331,1.5449700355529785,2.6226699352264404,4.630640029907227,0.0,0.0,0.0,0.0,0.0,0.0,0.0,279.896484375,0.0,79.0820083618164,1160.4881591796875,407.575439453125,0.0,3000.65478515625,0.0,0.0,0.0,0.0,0.0,0.0,5.896780967712402,5.896780967712402,231.79171752929688,219.48402404785156,232.13352966308594,0.0,0.0,0.0,231.79171752929688,219.48402404785156,232.13352966308594,0.0,0.0,0.0,50.400001525878906,46.79999923706055,50.49998092651367,0.0,0.0,0.0
6.0,14.069549560546875,16182.3701171875,1836.469970703125,5627.81982421875,8718.080078125,1600.0,17.611351013183594,0.0,7237.9228515625,0.06656000018119812,1.021299958229065,0.0,0.4778200089931488,3.705590009689331,1.5449700355529785,2.6226699352264404,4.630640029907227,0.0,0.0,0.0,0.0,0.0,0.0,11.96236801147461,279.896484375,0.0,79.0820083618164,1110.8221435546875,385.8840637207031,0.0,3000.65478515625,0.0,0.0,0.0,0.0,0.0,0.0,7.0105299949646,7.0105299949646,232.51744079589844,232.1481475830078,232.8592529296875,0.0,0.0,0.0,232.51744079589844,232.1481475830078,232.8592529296875,0.0,0.0,0.0,50.400001525878906,50.2919807434082,50.49998092651367,0.0,0.0,0.0
7.0,14.069549560546875,16182.3701171875,1836.469970703125,5627.81982421875,8718.080078125,1600.0,17.86410903930664,0.0,7137.3544921875,0.06656000018119812,1.021299958229065,0.0,0.4778200089931488,3.705590009689331,1.5449700355529785,2.6226699352264404,4.630640029907227,0.0,0.0,0.0,0.0,0.0,0.0,30.670848846435547,279.896484375,0.0,79.0820083618164,294.9912109375,378.31988525390625,735.8055419921875,3000.65478515625,0.0,0.0,0.0,0.0,0.0,0.0,8.151041030883789,8.151041030883789,273.518310546875,238.55215454101562,233.76133728027344,0.0,0.0,0.0,273.518310546875,238.55215454101562,233.76133728027344,0.0,0.0,0.0,62.13999938964844,51.91239929199219,50.51108169555664,0.0,0.0,0.0
8.0,14.278849601745605,16182.3701171875,1836.469970703125,5627.81982421875,8718.080078125,1600.0,17.3746337890625,0.0,7339.84423828125,0.06656000018119812,1.021299958229065,0.0,0.4778200089931488,3.9148900508880615,1.5449700355529785,2.6226699352264404,4.630640029907227,0.0,0.0,0.0,0.0,0.0,0.0,0.0,279.896484375,0.0,79.0820083618164,1274.208740234375,300.787109375,0.0,3000.65478515625,0.0,0.0,0.0,0.0,0.0,0.0,9.335559844970703,9.335559844970703,231.70814514160156,223.22251892089844,232.04978942871094,0.0,0.0,0.0,231.70814514160156,223.22251892089844,232.04978942871094,0.0,0.0,0.0,50.400001525878906,47.91795349121094,50.49992752075195,0.0,0.0,0.0
9.0,14.278849601745605,16266.08984375,1836.469970703125,5711.5400390625,8718.080078125,1600.0,17.469398498535156,0.0,7339.65087890625,0.06656000018119812,1.021299958229065,0.0,0.4778200089931488,3.9148900508880615,1.5449700355529785,2.6226699352264404,4.630640029907227,0.0,0.0,0.0,0.0,0.0,0.0,30.670848846435547,279.896484375,0.0,79.0820083618164,0.0,308.4625244140625,1234.485107421875,3000.65478515625,0.0,0.0,0.0,0.0,0.0,0.0,10.582721710205078,10.582721710205078,272.16888427734375,239.4149932861328,251.75784301757812,0.0,0.0,0.0,272.16888427734375,239.4149932861328,251.75784301757812,0.0,0.0,0.0,62.13999938964844,52.55949020385742,56.169769287109375,0.0,0.0,0.0
10.0,14.278849601745605,16266.08984375,1836.469970703125,5711.5400390625,8718.080078125,1600.0,17.24668312072754,0.0,7436.15185546875,0.06656000018119812,1.021299958229065,0.0,0.4778200089931488,3.9148900508880615,1.5449700355529785,2.6226699352264404,4.630640029907227,0.0,0.0,0.0,0.0,0.0,0.0,11.96236801147461,279.896484375,0.0,79.0820083618164,1235.5843505859375,389.77740478515625,0.0,3000.65478515625,0.0,0.0,0.0,0.0,0.0,0.0,11.877863883972168,11.877863883972168,231.2707061767578,232.2482452392578,232.3035125732422,0.0,0.0,0.0,231.2707061767578,232.2482452392578,232.3035125732422,0.0,0.0,0.0,50.400001525878906,50.68592834472656,50.70209503173828,0.0,0.0,0.0
11.0,14.278849601745605,16266.08984375,1836.469970703125,5711.5400390625,8718.080078125,1600.0,16.91934585571289,0.0,7581.681640625,0.06656000018119812,1.021299958229065,0.0,0.4778200089931488,3.9148900508880615,1.5449700355529785,2.6226699352264404,4.630640029907227,0.0,0.0,0.0,0.0,0.0,0.0,0.0,279.896484375,0.0,79.0820083618164,1053.33544921875,680.6643676757812,0.0,3000.65478515625,0.0,0.0,0.0,0.0,0.0,0.0,13.228078842163086,13.228078842163086,230.151611328125,217.8439178466797,230.49334716796875,0.0,0.0,0.0,230.151611328125,217.8439178466797,230.49334716796875,0.0,0.0,0.0,50.400001525878906,46.79999923706055,50.49995803833008,0.0,0.0,0.0
12.0,14.278849601745605,16266.08984375,1836.469970703125,5711.5400390625,8718.080078125,1600.0,16.132427215576172,0.0,7952.6435546875,0.06656000018119812,1.021299958229065,0.0,0.4778200089931488,3.9148900508880615,1.5449700355529785,2.6226699352264404,4.630640029907227,0.0,0.0,0.0,0.0,0.0,0.0,0.0,279.896484375,0.0,79.0820083618164,2398.435302734375,901.80517578125,0.0,1682.8751220703125,0.0,0.0,0.0,0.0,0.0,0.0,14.639321327209473,14.639321327209473,160.78955078125,184.28245544433594,179.77243041992188,0.0,0.0,0.0,160.78955078125,184.28245544433594,179.77243041992188,0.0,0.0,0.0,30.898515701293945,37.77019119262695,36.45100784301758,0.0,0.0,0.0
13.0,14.755249977111816,16346.7587890625,1836.469970703125,5711.5400390625,8798.7490234375,1600.0,15.602081298828125,0.0,8265.076171875,0.06656000018119812,1.021299958229065,0.0,0.934220016002655,3.9148900508880615,1.5649700164794922,2.6226699352264404,4.630640029907227,0.0,0.0,0.0,0.0,0.0,0.0,0.0,279.896484375,0.0,154.6413116455078,2818.720703125,1126.7784423828125,0.0,1171.0391845703125,0.0,0.0,0.0,0.0,0.0,0.0,16.105484008789062,16.105484008789062,170.52243041992188,177.59066772460938,164.74203491210938,0.0,0.0,0.0,170.52243041992188,177.59066772460938,164.74203491210938,0.0,0.0,0.0,34.27573013305664,36.34318923950195,32.584964752197266,0.0,0.0,0.0
14.0,14.755249977111816,16728.107421875,1836.469970703125,5902.10009765625,8989.537109375,1600.0,15.85750675201416,0.0,8323.6806640625,0.06656000018119812,1.021299958229065,0.0,0.934220016002655,3.9148900508880615,1.5649700164794922,2.6226699352264404,4.630640029907227,0.0,0.0,0.0,0.0,0.0,0.0,0.0,279.896484375,0.0,154.6413116455078,2818.720703125,1126.7784423828125,0.0,1209.0382080078125,0.0,0.0,0.0,0.0,0.0,0.0,17.580577850341797,17.580577850341797,114.48167419433594,174.88877868652344,175.03305053710938,0.0,0.0,0.0,114.48167419433594,174.88877868652344,175.03305053710938,0.0,0.0,0.0,17.628381729125977,35.297462463378906,35.33966064453125,0.0,0.0,0.0
15.0,14.755249977111816,16775.19921875,1836.469970703125,5902.10009765625,9036.6298828125,1600.0,16.379323959350586,0.0,8084.06982421875,0.06656000018119812,1.021299958229065,0.0,0.934220016002655,3.9148900508880615,1.5649700164794922,2.6226699352264404,4.630640029907227,0.0,0.0,0.0,0.0,0.0,0.0,0.0,279.896484375,0.0,154.6413116455078,2818.720703125,937.8176879882812,0.0,1235.1737060546875,0.0,0.0,0.0,0.0,0.0,0.0,19.009397506713867,19.009397506713867,79.4911880493164,177.2678985595703,173.35768127441406,0.0,0.0,0.0,79.4911880493164,177.2678985595703,173.35768127441406,0.0,0.0,0.0,6.871849060058594,35.471534729003906,34.32780075073242,0.0,0.0,0.0
16.0,14.755249977111816,16775.19921875,1836.469970703125,5902.10009765625,9036.6298828125,1600.0,16.371973037719727,0.0,8089.71630859375,0.06656000018119812,1.021299958229065,0.0,0.934220016002655,3.9148900508880615,1.5649700164794922,2.6226699352264404,4.630640029907227,0.0,0.0,0.0,0.0,0.0,0.0,0.0,279.896484375,0.0,154.6413116455078,2818.720703125,579.8401489257812,0.0,1595.5872802734375,0.0,0.0,0.0,0.0,0.0,0.0,20.37640953063965,20.37640953063965,141.75257873535156,185.3581085205078,167.03244018554688,0.0,0.0,0.0,141.75257873535156,185.3581085205078,167.03244018554688,0.0,0.0,0.0,25.090654373168945,37.84527587890625,32.485015869140625,0.0,0.0,0.0
17.0,14.755249977111816,16775.19921875,1836.469970703125,5902.10009765625,9036.6298828125,1600.0,17.133913040161133,0.0,7733.279296875,0.06656000018119812,1.021299958229065,0.0,0.934220016002655,3.9148900508880615,1.5649700164794922,2.6226699352264404,4.630640029907227,0.0,0.0,0.0,0.0,0.0,0.0,0.0,279.896484375,0.0,154.6413116455078,1339.22998046875,412.8515930175781,0.0,3000.65478515625,0.0,0.0,0.0,0.0,0.0,0.0,21.700084686279297,21.700084686279297,230.8851776123047,219.92922973632812,231.22705078125,0.0,0.0,0.0,230.8851776123047,219.92922973632812,231.22705078125,0.0,0.0,0.0,50.400001525878906,47.19538497924805,50.5,0.0,0.0,0.0
18.0,14.755249977111816,16775.19921875,1836.469970703125,5902.10009765625,9036.6298828125,1600.0,17.34402847290039,0.0,7641.9189453125,0.06656000018119812,1.021299958229065,0.0,0.934220016002655,3.9148900508880615,1.5649700164794922,2.6226699352264404,4.630640029907227,0.0,0.0,0.0,0.0,0.0,0.0,30.670848846435547,279.896484375,0.0,154.6413116455078,420.2856140136719,390.8794250488281,847.40380859375,3000.65478515625,0.0,0.0,0.0,0.0,0.0,0.0,23.003524780273438,23.003524780273438,271.7402648925781,236.7429962158203,234.41534423828125,0.0,0.0,0.0,271.7402648925781,236.7429962158203,234.41534423828125,0.0,0.0,0.0,62.13999938964844,51.903297424316406,51.22245788574219,0.0,0.0,0.0
19.0,14.755249977111816,16775.19921875,1836.469970703125,5902.10009765625,9036.6298828125,1600.0,17.594104766845703,0.0,7535.75048828125,0.06656000018119812,1.021299958229065,0.0,0.934220016002655,3.9148900508880615,1.5649700164794922,2.6226699352264404,4.630640029907227,0.0,0.0,0.0,0.0,0.0,0.0,11.96236801147461,279.896484375,0.0,154.6413116455078,1221.223388671875,383.21734619140625,0.0,3000.65478515625,0.0,0.0,0.0,0.0,0.0,0.0,24.327322006225586,24.327322006225586,232.45848083496094,225.93336486816406,232.80014038085938,0.0,0.0,0.0,232.45848083496094,225.93336486816406,232.80014038085938,0.0,0.0,0.0,50.400001525878906,48.49140167236328,50.49993896484375,0.0,0.0,0.0
20.0,14.755249977111816,16775.19921875,1836.469970703125,5902.10009765625,9036.6298828125,1600.0,17.11094856262207,0.0,7749.541015625,0.06656000018119812,1.021299958229065,0.0,0.934220016002655,3.9148900508880615,1.5649700164794922,2.6226699352264404,4.630640029907227,0.0,0.0,0.0,0.0,0.0,0.0,30.670848846435547,279.896484375,0.0,154.6413116455078,46.51314163208008,304.6808776855469,1377.178466796875,3000.65478515625,0.0,0.0,0.0,0.0,0.0,0.0,25.691757202148438,25.691757202148438,270.94342041015625,237.89869689941406,261.491943359375,0.0,0.0,0.0,270.94342041015625,237.89869689941406,261.491943359375,0.0,0.0,0.0,62.13999938964844,52.47441864013672,59.37544250488281,0.0,0.0,0.0
21.0,14.755249977111816,16775.19921875,1836.469970703125,5902.10009765625,9036.6298828125,1600.0,17.11610221862793,0.0,7749.3369140625,0.06656000018119812,1.021299958229065,0.0,0.934220016002655,3.9148900508880615,1.5649700164794922,2.6226699352264404,4.630640029907227,0.0,0.0,0.0,0.0,0.0,0.0,30.670848846435547,279.896484375,0.0,154.6413116455078,44.20520782470703,312.4556579589844,1370.147705078125,3000.65478515625,0.0,0.0,0.0,0.0,0.0,0.0,27.118162155151367,27.118162155151367,270.9610290527344,237.3538360595703,260.9605407714844,0.0,0.0,0.0,270.9610290527344,237.3538360595703,260.9605407714844,0.0,0.0,0.0,62.13999938964844,52.30989456176758,59.21485900878906,0.0,0.0,0.0
22.0,14.755249977111816,16775.19921875,1836.469970703125,5902.10009765625,9036.6298828125,1600.0,16.897560119628906,0.0,7851.22705078125,0.06656000018119812,1.021299958229065,0.0,0.934220016002655,3.9148900508880615,1.5649700164794922,2.6226699352264404,4.630640029907227,0.0,0.0,0.0,0.0,0.0,0.0,30.670848846435547,279.896484375,0.0,154.6413116455078,40.36799240112305,394.8231506347656,1358.7760009765625,3000.65478515625,0.0,0.0,0.0,0.0,0.0,0.0,28.590534210205078,28.590534210205078,270.2138671875,236.2714385986328,259.3371276855469,0.0,0.0,0.0,270.2138671875,236.2714385986328,259.3371276855469,0.0,0.0,0.0,62.13999938964844,52.21183776855469,58.958553314208984,0.0,0.0,0.0
23.0,14.755249977111816,16775.19921875,1836.469970703125,5902.10009765625,9036.6298828125,1600.0,16.576244354248047,0.0,8004.86474609375,0.06656000018119812,1.021299958229065,0.0,0.934220016002655,3.9148900508880615,1.5649700164794922,2.6226699352264404,4.630640029907227,0.0,0.0,0.0,0.0,0.0,0.0,11.96236801147461,279.896484375,0.0,154.6413116455078,1225.156982421875,689.4757080078125,0.0,3000.65478515625,0.0,0.0,0.0,0.0,0.0,0.0,30.12080955505371,30.12080955505371,228.97860717773438,221.95448303222656,229.32049560546875,0.0,0.0,0.0,228.97860717773438,221.95448303222656,229.32049560546875,0.0,0.0,0.0,50.400001525878906,48.34544372558594,50.5,0.0,0.0,0.0
24.0,14.755249977111816,16779.361328125,1836.469970703125,5902.10009765625,9040.791015625,1600.0,15.854059219360352,0.0,8371.900390625,0.06656000018119812,1.021299958229065,0.0,0.934220016002655,3.9148900508880615,1.5649700164794922,2.6226699352264404,4.630640029907227,0.0,0.0,0.0,0.0,0.0,0.0,0.0,279.896484375,0.0,154.6413116455078,1365.19384765625,913.479248046875,0.0,2894.207763671875,0.0,0.0,0.0,0.0,0.0,0.0,31.717334747314453,31.717334747314453,157.9175262451172,214.20191955566406,160.79173278808594,0.0,0.0,0.0,157.9175262451172,214.20191955566406,160.79173278808594,0.0,0.0,0.0,30.33681869506836,46.79999923706055,31.177522659301758,0.0,0.0,0.0
25.0,14.755249977111816,16914.97265625,1836.469970703125,5902.10009765625,9176.4033203125,1600.0,15.379096031188965,0.0,8700.8095703125,0.06656000018119812,1.021299958229065,0.0,0.934220016002655,3.9148900508880615,1.5649700164794922,2.6226699352264404,4.630640029907227,0.0,0.0,0.0,0.0,0.0,0.0,0.0,279.896484375,0.0,154.6413116455078,2818.720703125,1126.7784423828125,0.0,1447.2789306640625,0.0,0.0,0.0,0.0,0.0,0.0,33.365989685058594,33.365989685058594,167.83975219726562,178.82818603515625,171.7167510986328,0.0,0.0,0.0,167.83975219726562,178.82818603515625,171.7167510986328,0.0,0.0,0.0,33.71403121948242,36.92815017700195,34.848052978515625,0.0,0.0,0.0
26.0,14.755249977111816,17066.068359375,1836.469970703125,5902.10009765625,9327.4990234375,1600.0,15.410958290100098,0.0,8762.49609375,0.06656000018119812,1.021299958229065,0.0,0.934220016002655,3.9148900508880615,1.5649700164794922,2.6226699352264404,4.630640029907227,0.0,0.0,0.0,0.0,0.0,0.0,0.0,279.896484375,0.0,154.6413116455078,2818.720703125,1126.7784423828125,0.0,1487.1768798828125,0.0,0.0,0.0,0.0,0.0,0.0,35.019344329833984,35.019344329833984,111.03466796875,179.72805786132812,170.1584014892578,0.0,0.0,0.0,111.03466796875,179.72805786132812,170.1584014892578,0.0,0.0,0.0,17.066682815551758,37.15949630737305,34.360374450683594,0.0,0.0,0.0
27.0,14.755249977111816,17094.34765625,1836.469970703125,5902.10009765625,9355.7763671875,1600.0,15.901285171508789,0.0,8510.2578125,0.06656000018119812,1.021299958229065,0.0,0.934220016002655,3.9148900508880615,1.5649700164794922,2.6226699352264404,4.630640029907227,0.0,0.0,0.0,0.0,0.0,0.0,0.0,279.896484375,0.0,154.6413116455078,2818.720703125,937.8176879882812,0.0,1504.6400146484375,0.0,0.0,0.0,0.0,0.0,0.0,36.61433410644531,36.61433410644531,75.93653106689453,181.65219116210938,171.5398712158203,0.0,0.0,0.0,75.93653106689453,181.65219116210938,171.5398712158203,0.0,0.0,0.0,6.310150623321533,37.23197937011719,34.27412796020508,0.0,0.0,0.0
28.0,14.755249977111816,17094.34765625,1836.469970703125,5902.10009765625,9355.7763671875,1600.0,15.894364356994629,0.0,8516.1943359375,0.06656000018119812,1.021299958229065,0.0,0.934220016002655,3.9148900508880615,1.5649700164794922,2.6226699352264404,4.630640029907227,0.0,0.0,0.0,0.0,0.0,0.0,0.0,279.896484375,0.0,154.6413116455078,2818.720703125,579.8401489257812,0.0,1865.09765625,0.0,0.0,0.0,0.0,0.0,0.0,38.132957458496094,38.132957458496094,127.469970703125,189.18263244628906,185.90243530273438,0.0,0.0,0.0,127.469970703125,189.18263244628906,185.90243530273438,0.0,0.0,0.0,21.390602111816406,39.44155502319336,38.48209762573242,0.0,0.0,0.0
29.0,14.755249977111816,17094.34765625,1836.469970703125,5902.10009765625,9355.7763671875,1600.0,16.636560440063477,0.0,8140.96875,0.06656000018119812,1.021299958229065,0.0,0.934220016002655,3.9148900508880615,1.5649700164794922,2.6226699352264404,4.630640029907227,0.0,0.0,0.0,0.0,0.0,0.0,0.0,279.896484375,0.0,154.6413116455078,1595.9420166015625,412.8515930175781,0.0,3000.65478515625,0.0,0.0,0.0,0.0,0.0,0.0,39.5989875793457,39.5989875793457,229.18482971191406,216.87713623046875,229.52670288085938,0.0,0.0,0.0,229.18482971191406,216.87713623046875,229.52670288085938,0.0,0.0,0.0,50.400001525878906,46.79999923706055,50.5,0.0,0.0,0.0
30.0,14.755249977111816,17094.34765625,1836.469970703125,5902.10009765625,9355.7763671875,1600.0,16.841411590576172,0.0,8044.79443359375,0.06656000018119812,1.021299958229065,0.0,0.934220016002655,3.9148900508880615,1.5649700164794922,2.6226699352264404,4.630640029907227,0.0,0.0,0.0,0.0,0.0,0.0,30.670848846435547,279.896484375,0.0,154.6413116455078,71.99271392822266,390.8794250488281,1449.0328369140625,3000.65478515625,0.0,0.0,0.0,0.0,0.0,0.0,41.03582763671875,41.03582763671875,270.02191162109375,237.10516357421875,266.19268798828125,0.0,0.0,0.0,270.02191162109375,237.10516357421875,266.19268798828125,0.0,0.0,0.0,62.13999938964844,52.51184844970703,61.019954681396484,0.0,0.0,0.0
31.0,14.767749786376953,17094.34765625,1836.469970703125,5902.10009765625,9355.7763671875,1600.0,17.08521842956543,0.0,7933.02001953125,0.06656000018119812,1.021299958229065,0.0,0.934220016002655,3.9148900508880615,1.5774699449539185,2.6226699352264404,4.630640029907227,0.0,0.0,0.0,0.0,0.0,0.0,11.96236801147461,279.896484375,0.0,154.6413116455078,1467.593994140625,386.2782287597656,0.0,3000.65478515625,0.0,0.0,0.0,0.0,0.0,0.0,42.488197326660156,42.488197326660156,230.71868896484375,224.56954956054688,231.0603485107422,0.0,0.0,0.0,230.71868896484375,224.56954956054688,231.0603485107422,0.0,0.0,0.0,50.400001525878906,48.60137176513672,50.49993133544922,0.0,0.0,0.0
32.0,14.767749786376953,17099.34765625,1836.469970703125,5907.10009765625,9355.7763671875,1600.0,16.619604110717773,0.0,8158.08447265625,0.06656000018119812,1.021299958229065,0.0,0.934220016002655,3.9148900508880615,1.5774699449539185,2.6226699352264404,4.630640029907227,0.0,0.0,0.0,0.0,0.0,0.0,11.96236801147461,279.896484375,0.0,154.6413116455078,1696.865234375,307.1144714355469,0.0,3000.65478515625,0.0,0.0,0.0,0.0,0.0,0.0,43.97947692871094,43.97947692871094,133.46458435058594,225.7097930908203,231.2528533935547,0.0,0.0,0.0,133.46458435058594,225.7097930908203,231.2528533935547,0.0,0.0,0.0,22.418787002563477,49.4005126953125,51.02185821533203,0.0,0.0,0.0
33.0,14.767749786376953,17099.34765625,1836.469970703125,5907.10009765625,9355.7763671875,1600.0,16.62477684020996,0.0,8157.86962890625,0.06656000018119812,1.021299958229065,0.0,0.934220016002655,3.9148900508880615,1.5774699449539185,2.6226699352264404,4.630640029907227,0.0,0.0,0.0,0.0,0.0,0.0,30.670848846435547,279.896484375,0.0,154.6413116455078,1293.83203125,314.95135498046875,374.79168701171875,3000.65478515625,0.0,0.0,0.0,0.0,0.0,0.0,45.53081512451172,45.53081512451172,269.2812805175781,235.9286346435547,229.48614501953125,0.0,0.0,0.0,269.2812805175781,235.9286346435547,229.48614501953125,0.0,0.0,0.0,62.13999938964844,52.38434982299805,50.49991989135742,0.0,0.0,0.0
34.0,14.767749786376953,17099.34765625,1836.469970703125,5907.10009765625,9355.7763671875,1600.0,16.412017822265625,0.0,8265.126953125,0.06656000018119812,1.021299958229065,0.0,0.934220016002655,3.9148900508880615,1.5774699449539185,2.6226699352264404,4.630640029907227,0.0,0.0,0.0,0.0,0.0,0.0,30.670848846435547,279.896484375,0.0,154.6413116455078,425.9643249511719,397.97674560546875,1230.278564453125,3000.65478515625,0.0,0.0,0.0,0.0,0.0,0.0,47.13233947753906,47.13233947753906,268.55389404296875,236.93748474121094,248.30470275878906,0.0,0.0,0.0,268.55389404296875,236.93748474121094,248.30470275878906,0.0,0.0,0.0,62.13999938964844,52.89219665527344,56.21710968017578,0.0,0.0,0.0
35.0,14.767749786376953,17099.34765625,1836.469970703125,5907.10009765625,9355.7763671875,1600.0,16.099103927612305,0.0,8426.876953125,0.06656000018119812,1.021299958229065,0.0,0.934220016002655,3.9148900508880615,1.5774699449539185,2.6226699352264404,4.630640029907227,0.0,0.0,0.0,0.0,0.0,0.0,0.0,279.896484375,0.0,154.6413116455078,1497.2000732421875,694.9827880859375,0.0,3000.65478515625,0.0,0.0,0.0,0.0,0.0,0.0,48.79155349731445,48.79155349731445,227.3473663330078,216.52735900878906,227.68923950195312,0.0,0.0,0.0,227.3473663330078,216.52735900878906,227.68923950195312,0.0,0.0,0.0,50.400001525878906,47.23514938354492,50.5,0.0,0.0,0.0
36.0,14.767749786376953,17103.724609375,1836.469970703125,5907.10009765625,9360.154296875,1600.0,15.435416221618652,0.0,8790.890625,0.06656000018119812,1.021299958229065,0.0,0.934220016002655,3.9148900508880615,1.5774699449539185,2.6226699352264404,4.630640029907227,0.0,0.0,0.0,0.0,0.0,0.0,0.0,279.896484375,0.0,154.6413116455078,1621.3211669921875,920.7755737304688,0.0,2894.207763671875,0.0,0.0,0.0,0.0,0.0,0.0,50.516685485839844,50.516685485839844,152.04855346679688,212.77064514160156,178.51914978027344,0.0,0.0,0.0,152.04855346679688,212.77064514160156,178.51914978027344,0.0,0.0,0.0,29.038785934448242,46.79999923706055,36.78143310546875,0.0,0.0,0.0
37.0,14.987750053405762,17225.220703125,1836.469970703125,5907.10009765625,9481.650390625,1600.0,14.956930160522461,0.0,9136.2548828125,0.06656000018119812,1.2412999868392944,0.0,0.934220016002655,3.9148900508880615,1.5774699449539185,2.6226699352264404,4.630640029907227,0.0,0.0,0.0,0.0,0.0,0.0,0.0,340.189453125,0.0,154.6413116455078,2818.720703125,1135.7784423828125,0.0,1652.36328125,0.0,0.0,0.0,0.0,0.0,0.0,52.29584884643555,52.29584884643555,161.958740234375,181.96401977539062,159.1976776123047,0.0,0.0,0.0,161.958740234375,181.96401977539062,159.1976776123047,0.0,0.0,0.0,32.41600036621094,38.26754379272461,31.60839080810547,0.0,0.0,0.0
38.0,14.987750053405762,17454.3828125,1836.469970703125,5995.10009765625,9622.8125,1600.0,15.052669525146484,0.0,9201.033203125,0.06656000018119812,1.2412999868392944,0.0,0.934220016002655,3.9148900508880615,1.5774699449539185,2.6226699352264404,4.630640029907227,0.0,0.0,0.0,0.0,0.0,0.0,0.0,340.189453125,0.0,154.6413116455078,2818.720703125,1135.7784423828125,0.0,1694.21484375,0.0,0.0,0.0,0.0,0.0,0.0,54.07768249511719,54.07768249511719,105.37203979492188,183.4792022705078,153.85360717773438,0.0,0.0,0.0,105.37203979492188,183.4792022705078,153.85360717773438,0.0,0.0,0.0,15.768651962280273,38.61499786376953,29.949512481689453,0.0,0.0,0.0
39.0,14.987750053405762,17480.498046875,1836.469970703125,5995.10009765625,9648.927734375,1600.0,15.530536651611328,0.0,8936.1650390625,0.06656000018119812,1.2412999868392944,0.0,0.934220016002655,3.9148900508880615,1.5774699449539185,2.6226699352264404,4.630640029907227,0.0,0.0,0.0,0.0,0.0,0.0,0.0,340.189453125,0.0,154.6413116455078,2818.720703125,945.308349609375,0.0,1704.5599365234375,0.0,0.0,0.0,0.0,0.0,0.0,55.7928352355957,55.7928352355957,70.2313003540039,184.57308959960938,172.70379638671875,0.0,0.0,0.0,70.2313003540039,184.57308959960938,172.70379638671875,0.0,0.0,0.0,5.012119293212891,38.45709228515625,34.985321044921875,0.0,0.0,0.0
40.0,14.987750053405762,17516.869140625,1836.469970703125,6031.4716796875,9648.927734375,1600.0,15.556134223937988,0.0,8942.4111328125,0.06656000018119812,1.2412999868392944,0.0,0.934220016002655,3.9148900508880615,1.5774699449539185,2.6226699352264404,4.630640029907227,0.0,0.0,0.0,0.0,0.0,0.0,0.0,340.189453125,0.0,154.6413116455078,2818.720703125,584.4715576171875,0.0,2067.971435546875,0.0,0.0,0.0,0.0,0.0,0.0,57.42535400390625,57.42535400390625,91.94093322753906,193.35406494140625,199.21690368652344,0.0,0.0,0.0,91.94093322753906,193.35406494140625,199.21690368652344,0.0,0.0,0.0,11.336587905883789,40.99993133544922,42.71480941772461,0.0,0.0,0.0
41.0,15.121301651000977,17611.837890625,1836.469970703125,6126.43994140625,9648.927734375,1600.0,16.373165130615234,0.0,8548.3984375,0.06656000018119812,1.2412999868392944,0.0,0.9729086756706238,3.9148900508880615,1.5774699449539185,2.6226699352264404,4.630640029907227,0.0,0.04432179033756256,0.050541285425424576,0.0,0.0,0.0,0.0,340.189453125,0.0,160.6956024169922,1770.50732421875,416.1492004394531,0.0,3000.65478515625,0.0,5.318614959716797,5.503946304321289,0.0,0.0,0.0,59.00242233276367,59.00242233276367,195.82022094726562,217.69100952148438,228.6260223388672,0.0,0.0,0.0,195.82022094726562,217.69100952148438,228.6260223388672,0.0,0.0,0.0,40.90424728393555,47.301456451416016,50.49994659423828,0.0,0.0,0.0
42.0,15.317054748535156,17677.23046875,1836.469970703125,6191.83251953125,9648.927734375,1600.0,16.63703727722168,0.0,8447.4140625,0.06656000018119812,1.2412999868392944,0.0,1.0429011583328247,3.9148900508880615,1.5774699449539185,2.6226699352264404,4.630640029907227,0.0,0.10311216115951538,0.11751125752925873,0.0,0.0,0.0,0.0,340.189453125,0.0,171.63746643066406,1697.8004150390625,394.00152587890625,0.0,3000.65478515625,0.0,12.373458862304688,12.796976089477539,0.0,0.0,0.0,60.545997619628906,60.545997619628906,183.37489318847656,220.86256408691406,233.75698852539062,0.0,0.0,0.0,183.37489318847656,220.86256408691406,233.75698852539062,0.0,0.0,0.0,37.000118255615234,47.96525955200195,51.73688507080078,0.0,0.0,0.0
43.0,15.44796085357666,17697.919921875,1836.469970703125,6212.52294921875,9648.927734375,1600.0,16.898502349853516,0.0,8330.046875,0.06656000018119812,1.2412999868392944,0.0,1.0936083793640137,3.9148900508880615,1.5774699449539185,2.6226699352264404,4.630640029907227,0.0,0.14061084389686584,0.16021133959293365,0.0,0.0,0.0,11.96236801147461,340.189453125,0.0,179.56198120117188,1595.871337890625,386.2782287597656,0.0,3000.65478515625,0.0,16.873300552368164,17.4470157623291,0.0,0.0,0.0,62.10542297363281,62.10542297363281,205.0416717529297,223.49954223632812,234.39146423339844,0.0,0.0,0.0,205.0416717529297,223.49954223632812,234.39146423339844,0.0,0.0,0.0,43.0761833190918,48.47511291503906,51.6609992980957,0.0,0.0,0.0
44.0,15.511201858520508,17704.466796875,1836.469970703125,6219.06982421875,9648.927734375,1600.0,16.43790626525879,0.0,8566.3779296875,0.06656000018119812,1.2412999868392944,0.0,1.119288682937622,3.9148900508880615,1.5774699449539185,2.6226699352264404,4.630640029907227,0.0,0.1581743061542511,0.1802092045545578,0.0,0.0,0.0,30.670848846435547,340.189453125,0.0,183.57504272460938,1430.8271484375,307.1144714355469,374.79168701171875,3000.65478515625,0.0,18.98091697692871,19.62478256225586,0.0,0.0,0.0,63.70263671875,63.70263671875,268.6424255371094,234.49130249023438,232.19827270507812,0.0,0.0,0.0,268.6424255371094,234.49130249023438,232.19827270507812,0.0,0.0,0.0,62.13999938964844,52.15080261230469,51.4800910949707,0.0,0.0,0.0
45.0,15.538116455078125,17706.5390625,1836.469970703125,6221.14111328125,9648.927734375,1600.0,16.445068359375,0.0,8566.15234375,0.06656000018119812,1.2412999868392944,0.0,1.1305736303329468,3.9148900508880615,1.5774699449539185,2.6226699352264404,4.630640029907227,0.0,0.1654828041791916,0.18853041529655457,0.0,0.0,0.0,30.670848846435547,340.189453125,0.0,185.33853149414062,459.4869079589844,314.95135498046875,1332.930419921875,3000.65478515625,0.0,19.85793685913086,20.530963897705078,0.0,0.0,0.0,65.36852264404297,65.36852264404297,268.6669006347656,238.34323120117188,256.1886291503906,0.0,0.0,0.0,268.6669006347656,238.34323120117188,256.1886291503906,0.0,0.0,0.0,62.13999938964844,53.27032470703125,58.490108489990234,0.0,0.0,0.0
46.0,15.54881763458252,17707.193359375,1836.469970703125,6221.79638671875,9648.927734375,1600.0,16.23466682434082,0.0,8678.7724609375,0.06656000018119812,1.2412999868392944,0.0,1.1351680755615234,3.9148900508880615,1.5774699449539185,2.6226699352264404,4.630640029907227,0.0,0.1683381199836731,0.19178135693073273,0.0,0.0,0.0,30.670848846435547,340.189453125,0.0,186.05648803710938,271.46551513671875,397.97674560546875,1510.657958984375,3000.65478515625,0.0,20.20057487487793,20.88498878479004,0.0,0.0,0.0,67.08138275146484,67.08138275146484,267.94757080078125,235.77874755859375,268.8364562988281,0.0,0.0,0.0,267.94757080078125,235.77874755859375,268.8364562988281,0.0,0.0,0.0,62.13999938964844,52.730621337890625,62.400001525878906,0.0,0.0,0.0
47.0,15.552894592285156,17707.40234375,1836.469970703125,6222.00390625,9648.927734375,1600.0,15.924487113952637,0.0,8848.62109375,0.06656000018119812,1.2412999868392944,0.0,1.1369513273239136,3.9148900508880615,1.5774699449539185,2.6226699352264404,4.630640029907227,0.0,0.16941066086292267,0.19300247728824615,0.0,0.0,0.0,11.96236801147461,340.189453125,0.0,186.3351593017578,1615.91357421875,694.9827880859375,0.0,3000.65478515625,0.0,20.32927894592285,21.017969131469727,0.0,0.0,0.0,68.8592758178711,68.8592758178711,226.75038146972656,223.86785888671875,227.09226989746094,0.0,0.0,0.0,226.75038146972656,223.86785888671875,227.09226989746094,0.0,0.0,0.0,50.400001525878906,49.556861877441406,50.5,0.0,0.0,0.0
48.0,15.554403305053711,17722.453125,1836.469970703125,6222.0693359375,9663.9130859375,1600.0,15.310883522033691,0.0,9209.6142578125,0.06656000018119812,1.2412999868392944,0.0,1.1376214027404785,3.9148900508880615,1.5774699449539185,2.6226699352264404,4.630640029907227,0.0,0.16980284452438354,0.193449005484581,0.0,0.0,0.0,0.0,340.189453125,0.0,186.4398651123047,1658.138916015625,920.7755737304688,0.0,2985.7119140625,0.0,20.3763427734375,21.06659698486328,0.0,0.0,0.0,70.70362854003906,70.70362854003906,224.65257263183594,212.3448944091797,186.01051330566406,0.0,0.0,0.0,224.65257263183594,212.3448944091797,186.01051330566406,0.0,0.0,0.0,50.399993896484375,46.79999923706055,39.097190856933594,0.0,0.0,0.0
49.0,15.554949760437012,17853.232421875,1836.469970703125,6222.09033203125,9794.671875,1600.0,14.838802337646484,0.0,9571.43359375,0.06656056642532349,1.2414844036102295,5.810031325381715e-06,1.1377748250961304,3.9148900508880615,1.5774734020233154,2.6226699352264404,4.630650043487549,1.5586456925120729e-07,0.16989102959632874,0.19354939460754395,0.0,0.0,0.0,0.0,340.239990234375,0.001592291402630508,186.46385192871094,2818.720703125,1135.7808837890625,0.0,1851.827392578125,2.0552844944177195e-05,20.38692283630371,21.07752799987793,0.0,0.0,0.0,72.61687469482422,72.61687469482422,118.21087646484375,185.55026245117188,180.91123962402344,0.0,0.0,0.0,118.21087646484375,185.55026245117188,180.91123962402344,0.0,0.0,0.0,19.737878799438477,39.43465042114258,38.077735900878906,0.0,0.0,0.0
50.0,15.639297485351562,18225.953125,1836.469970703125,6457.72607421875,9931.7568359375,1600.0,15.045228958129883,0.0,9639.2919921875,0.06673956662416458,1.3178530931472778,0.0024758288636803627,1.13778817653656,3.9148900508880615,1.5787724256515503,2.6226706504821777,4.6346025466918945,4.941999213770032e-05,0.16989849507808685,0.19355791807174683,0.0,0.0,0.0,0.0,361.1695251464844,0.6785231828689575,186.46592712402344,2818.720703125,1136.716064453125,0.0,1873.0694580078125,0.006008645985275507,20.387819290161133,21.07845687866211,0.0,0.0,0.0,74.53118896484375,74.53118896484375,143.744384765625,187.2852325439453,160.45730590820312,0.0,0.0,0.0,143.744384765625,187.2852325439453,160.45730590820312,0.0,0.0,0.0,27.000001907348633,39.73570251464844,31.888534545898438,0.0,0.0,0.0
51.0,16.231197357177734,18636.08203125,1836.469970703125,6800.48388671875,9999.12890625,1600.0,15.84988021850586,0.0,9361.810546875,0.06782804429531097,1.854730248451233,0.019799118861556053,1.1378604173660278,3.9148900508880615,1.5876059532165527,2.622673988342285,4.661916732788086,0.0003489932860247791,0.1699391007423401,0.19360418617725372,0.0,0.0,0.0,0.0,508.3055419921875,5.426126956939697,186.47723388671875,2818.720703125,951.3823852539062,0.0,1717.7236328125,0.038749005645513535,20.39269256591797,21.08349609375,0.0,0.0,0.0,76.36795806884766,76.36795806884766,73.9747085571289,185.51983642578125,144.51992797851562,0.0,0.0,0.0,73.9747085571289,185.51983642578125,144.51992797851562,0.0,0.0,0.0,5.787722587585449,38.4146728515625,26.422197341918945,0.0,0.0,0.0
52.0,16.946897506713867,18855.798828125,1836.469970703125,7020.19970703125,9999.12890625,1600.0,16.02989387512207,0.0,9368.3466796875,0.06896224617958069,2.504124164581299,0.04054074361920357,1.1379292011260986,3.9148900508880615,1.5981178283691406,2.6226773262023926,4.695032119750977,0.0006611484568566084,0.17006078362464905,0.19390258193016052,0.0,0.0,0.0,0.0,686.2777709960938,11.110556602478027,186.48797607421875,2818.720703125,592.121826171875,0.0,1895.8895263671875,0.08185318857431412,20.40729522705078,21.115989685058594,0.0,0.0,0.0,78.10769653320312,78.10769653320312,135.48143005371094,190.39572143554688,168.10467529296875,0.0,0.0,0.0,135.48143005371094,190.39572143554688,168.10467529296875,0.0,0.0,0.0,23.598424911499023,39.66085433959961,33.140724182128906,0.0,0.0,0.0
53.0,17.444875717163086,18945.794921875,1836.469970703125,7110.19580078125,9999.12890625,1600.0,16.863248825073242,0.0,8955.5693359375,0.06960365176200867,2.9522652626037598,0.05476410314440727,1.137966275215149,3.9148900508880615,1.6044764518737793,2.6226794719696045,4.718652725219727,0.0008376785553991795,0.17125143110752106,0.19748970866203308,0.0,0.0,0.0,0.0,809.0949096679688,15.00859546661377,186.49375915527344,1418.406005859375,423.2737121582031,0.0,3057.686767578125,0.482502818107605,20.5501708984375,21.506629943847656,0.0,0.0,0.0,79.77959442138672,79.77959442138672,229.95980834960938,217.65213012695312,230.443603515625,0.0,0.0,0.0,229.95980834960938,217.65213012695312,230.443603515625,0.0,0.0,0.0,50.399993896484375,46.79999923706055,50.54150390625,0.0,0.0,0.0
54.0,17.742826461791992,19105.150390625,1836.469970703125,7269.55078125,9999.12890625,1600.0,17.215898513793945,0.0,8849.7763671875,0.06981074810028076,3.208657741546631,0.06287260353565216,1.1379778385162354,3.9148900508880615,1.606624722480774,2.6226799488067627,4.733433246612549,0.000894675962626934,0.1752820760011673,0.20970259606838226,0.0,0.0,0.0,12.961508750915527,879.361572265625,17.230802536010742,186.49557495117188,1270.62841796875,401.283447265625,0.0019204993732273579,3067.264892578125,0.515333354473114,21.033849716186523,22.836612701416016,0.0,0.0,0.0,81.40936279296875,81.40936279296875,235.46238708496094,257.0799865722656,235.861328125,0.0,0.0,0.0,235.46238708496094,257.0799865722656,235.861328125,0.0,0.0,0.0,51.65685272216797,57.97999954223633,51.77354049682617,0.0,0.0,0.0
55.0,18.164560317993164,19237.91015625,1836.469970703125,7402.31103515625,9999.12890625,1600.0,17.58823013305664,0.0,8726.8193359375,0.07004211843013763,3.5548620223999023,0.07413898408412933,1.1379905939102173,3.9148900508880615,1.6090362071990967,2.6226806640625,4.753825664520264,0.0009583521168678999,0.18546946346759796,0.24066615104675293,0.0,0.0,0.0,29.803064346313477,974.2420043945312,20.318458557128906,186.49755859375,776.6497802734375,394.0079040527344,284.1237487792969,3080.47900390625,0.5520108342170715,22.256336212158203,26.20854377746582,0.0,0.0,0.0,83.06348419189453,83.06348419189453,261.31085205078125,254.34170532226562,233.78826904296875,0.0,0.0,0.0,261.31085205078125,254.34170532226562,233.78826904296875,0.0,0.0,0.0,58.845191955566406,56.80672073364258,50.79484176635742,0.0,0.0,0.0
56.0,18.438020706176758,19312.87109375,1836.469970703125,7477.27099609375,9999.12890625,1600.0,17.167774200439453,0.0,8974.4013671875,0.07014292478561401,3.719712734222412,0.0795760452747345,1.1379960775375366,3.9148900508880615,1.6100900173187256,2.622681140899658,4.763627052307129,0.0009860978461802006,0.20820589363574982,0.3101126253604889,0.0,0.0,0.0,12.511944770812988,1019.4208374023438,21.80853271484375,186.49842834472656,1260.33935546875,313.4652099609375,0.0021183432545512915,3086.830322265625,0.5679923295974731,24.98470687866211,33.77126693725586,0.0,0.0,0.0,84.7672119140625,84.7672119140625,235.58734130859375,256.91546630859375,235.96995544433594,0.0,0.0,0.0,235.58734130859375,256.91546630859375,235.96995544433594,0.0,0.0,0.0,51.74152374267578,57.97999954223633,51.85343933105469,0.0,0.0,0.0
57.0,18.689849853515625,19393.7421875,1836.469970703125,7558.14306640625,9999.12890625,1600.0,17.245288848876953,0.0,8974.1650390625,0.07020781189203262,3.8600993156433105,0.0841493234038353,1.1379996538162231,3.9148900508880615,1.6107759475708008,2.622681140899658,4.771311283111572,0.001003954792395234,0.2324642539024353,0.3842680752277374,0.0,0.0,0.0,12.522185325622559,1057.89501953125,23.061880111694336,186.4989776611328,1194.5469970703125,321.60107421875,0.0,3091.809814453125,0.5782779455184937,27.895709991455078,41.84679412841797,0.0,0.0,0.0,86.55191040039062,86.55191040039062,235.49607849121094,226.92694091796875,235.803955078125,0.0,0.0,0.0,235.49607849121094,226.92694091796875,235.803955078125,0.0,0.0,0.0,51.63731384277344,49.13084030151367,51.72736740112305,0.0,0.0,0.0
58.0,18.878475189208984,19485.546875,1836.469970703125,7649.9482421875,9999.12890625,1600.0,17.10405731201172,0.0,9092.1552734375,0.07023483514785767,3.988725423812866,0.08832022547721863,1.1380010843276978,3.9148900508880615,1.6110637187957764,2.6226813793182373,4.777064800262451,0.0010113936150446534,0.2447240650653839,0.42175787687301636,0.0,0.0,0.0,13.091331481933594,1093.1461181640625,24.204954147338867,186.49920654296875,1141.0802001953125,406.4520568847656,0.002174725756049156,3095.537841796875,0.5825627446174622,29.36688804626465,45.9294319152832,0.0,0.0,0.0,88.39169311523438,88.39169311523438,234.50408935546875,256.6976318359375,237.2430419921875,0.0,0.0,0.0,234.50408935546875,256.6976318359375,237.2430419921875,0.0,0.0,0.0,51.48838806152344,57.97999954223633,52.28953170776367,0.0,0.0,0.0
59.0,19.118345260620117,19574.1953125,1836.469970703125,7738.5966796875,9999.12890625,1600.0,16.852548599243164,0.0,9270.0869140625,0.07025843113660812,4.167983055114746,0.09418854862451553,1.1380023956298828,3.9148900508880615,1.611314296722412,2.6226813793182373,4.784547328948975,0.0010178879601880908,0.2563028037548065,0.4571598768234253,0.0,0.0,0.0,0.0,1142.2733154296875,25.813220977783203,186.49940490722656,1007.1925048828125,709.8934936523438,0.0,3001.14501953125,0.484835147857666,30.75633430480957,49.78470993041992,0.0,0.0,0.0,90.29208374023438,90.29208374023438,217.8447723388672,216.2547607421875,218.35183715820312,0.0,0.0,0.0,217.8447723388672,216.2547607421875,218.35183715820312,0.0,0.0,0.0,46.86705017089844,46.40196990966797,47.01536560058594,0.0,0.0,0.0
60.0,19.321992874145508,19654.962890625,1836.469970703125,7803.8740234375,10014.619140625,1600.0,16.240943908691406,0.0,9656.15625,0.07027304917573929,4.329395294189453,0.09947849065065384,1.1380031108856201,3.9148900508880615,1.6114693880081177,2.6226813793182373,4.791053771972656,0.001021911040879786,0.2637615203857422,0.4799642562866211,0.0,0.0,0.0,0.0,1186.5098876953125,27.262975692749023,186.49952697753906,1058.206787109375,940.62109375,0.0,2928.7177734375,0.1961614340543747,31.65138053894043,52.268104553222656,0.0,0.0,0.0,92.24971771240234,92.24971771240234,119.88236999511719,215.5171356201172,153.3814697265625,0.0,0.0,0.0,119.88236999511719,215.5171356201172,153.3814697265625,0.0,0.0,0.0,18.824647903442383,46.797821044921875,28.623136520385742,0.0,0.0,0.0
61.0,19.483339309692383,19870.060546875,1836.469970703125,7838.39599609375,10195.1943359375,1600.0,15.79415512084961,0.0,10035.5185546875,0.07028298825025558,4.4601149559021,0.1037585660815239,1.1380037069320679,3.9148900508880615,1.6115747690200806,2.6226813793182373,4.7962565422058105,0.001024646102450788,0.26894378662109375,0.4958087205886841,0.0,0.0,0.0,0.0,1222.334716796875,28.435970306396484,186.49960327148438,2818.720703125,1160.3338623046875,0.0,1162.80126953125,0.07806515693664551,32.27325439453125,53.99357223510742,0.0,0.0,0.0,94.24298095703125,94.24298095703125,150.34332275390625,176.08494567871094,165.10313415527344,0.0,0.0,0.0,150.34332275390625,176.08494567871094,165.10313415527344,0.0,0.0,0.0,28.18126678466797,35.710693359375,32.49850845336914,0.0,0.0,0.0
62.0,19.57080078125,20067.56640625,1836.469970703125,7849.31884765625,10381.77734375,1600.0,15.841941833496094,0.0,10106.671875,0.0702878087759018,4.531918525695801,0.10610959678888321,1.138003945350647,3.9148900508880615,1.611641526222229,2.6226813793182373,4.7991461753845215,0.0010259725386276841,0.27149319648742676,0.5036033391952515,0.0,0.0,0.0,0.0,1242.0130615234375,29.080291748046875,186.49964904785156,2818.720703125,1160.3819580078125,0.0,1187.2218017578125,0.0797925516963005,32.57918167114258,54.842403411865234,0.0,0.0,0.0,96.2227554321289,96.2227554321289,144.01876831054688,173.43687438964844,122.3456802368164,0.0,0.0,0.0,144.01876831054688,173.43687438964844,122.3456802368164,0.0,0.0,0.0,26.283546447753906,34.888343811035156,19.944169998168945,0.0,0.0,0.0
63.0,19.610902786254883,20110.177734375,1836.469970703125,7855.3173828125,10418.3896484375,1600.0,16.357830047607422,0.0,9815.732421875,0.07028930634260178,4.565868377685547,0.10722820460796356,1.1380040645599365,3.9148900508880615,1.6117571592330933,2.6226816177368164,4.800821781158447,0.0010263839503750205,0.27229171991348267,0.5060446858406067,0.0,0.0,0.0,0.0,1251.3173828125,29.386856079101562,186.49966430664062,2818.720703125,965.8551635742188,0.0,1173.9154052734375,0.07892054319381714,32.67500686645508,55.10826873779297,0.0,0.0,0.0,98.11337280273438,98.11337280273438,148.23191833496094,174.7997589111328,157.4250030517578,0.0,0.0,0.0,148.23191833496094,174.7997589111328,157.4250030517578,0.0,0.0,0.0,27.0000057220459,34.77109909057617,29.688980102539062,0.0,0.0,0.0
64.0,19.642776489257812,20141.40234375,1836.469970703125,7886.54345703125,10418.3896484375,1600.0,16.376127243041992,0.0,9822.5869140625,0.07028968632221222,4.592632293701172,0.1081162765622139,1.1380040645599365,3.9148900508880615,1.6119531393051147,2.6226816177368164,4.802529335021973,0.0010264888405799866,0.27285560965538025,0.5077979564666748,0.0,0.0,0.0,0.0,1258.6522216796875,29.630239486694336,186.49966430664062,2818.720703125,597.2479858398438,0.0,1537.486083984375,0.10336064547300339,32.742671966552734,55.299198150634766,0.0,0.0,0.0,99.90536499023438,99.90536499023438,144.56895446777344,182.79544067382812,169.2505645751953,0.0,0.0,0.0,144.56895446777344,182.79544067382812,169.2505645751953,0.0,0.0,0.0,25.91029167175293,37.0915412902832,33.129661560058594,0.0,0.0,0.0
65.0,19.717554092407227,20174.09375,1836.469970703125,7919.234375,10418.3896484375,1600.0,17.17560386657715,0.0,9389.802734375,0.07029012590646744,4.648204803466797,0.10996004939079285,1.1380040645599365,3.9148900508880615,1.6122519969940186,2.6226816177368164,4.806253910064697,0.0010266107274219394,0.27608776092529297,0.5179027318954468,0.0,0.0,0.0,0.0,1273.8824462890625,30.135541915893555,186.49966430664062,1148.3380126953125,425.3249816894531,0.0,3068.94384765625,0.4927726089954376,33.130531311035156,56.39960861206055,0.0,0.0,0.0,101.62598419189453,101.62598419189453,221.14273071289062,218.7200164794922,221.57008361816406,0.0,0.0,0.0,221.14273071289062,218.7200164794922,221.57008361816406,0.0,0.0,0.0,47.508644104003906,46.79999923706055,47.633644104003906,0.0,0.0,0.0
66.0,19.830833435058594,20307.986328125,1836.469970703125,8053.126953125,10418.3896484375,1600.0,17.504478454589844,0.0,9278.873046875,0.07029031217098236,4.734434604644775,0.11281654238700867,1.1380040645599365,3.9148900508880615,1.6123977899551392,2.6226816177368164,4.812082290649414,0.0010266612516716123,0.28055116534233093,0.5316594243049622,0.0,0.0,0.0,0.0,1297.514404296875,30.91839027404785,186.49966430664062,1032.7662353515625,402.7253723144531,0.0,3104.20751953125,0.5570525527000427,33.666141510009766,57.89771270751953,0.0,0.0,0.0,103.30120086669922,103.30120086669922,226.86019897460938,219.84437561035156,225.4835662841797,0.0,0.0,0.0,226.86019897460938,219.84437561035156,225.4835662841797,0.0,0.0,0.0,48.85213088989258,46.79999923706055,48.449462890625,0.0,0.0,0.0
67.0,20.159561157226562,20456.490234375,1836.469970703125,8201.6298828125,10418.3896484375,1600.0,17.89009666442871,0.0,9149.9599609375,0.07029068470001221,4.98108434677124,0.12117172032594681,1.1380040645599365,3.9148900508880615,1.6126896142959595,2.6226816177368164,4.82796049118042,0.0010267628822475672,0.2947055995464325,0.5750555992126465,0.0,0.0,0.0,0.0,1365.111083984375,33.20820236206055,186.4996795654297,914.5497436523438,394.90252685546875,0.0,3065.4638671875,0.51690274477005,35.36467361450195,62.623558044433594,0.0,0.0,0.0,104.97996520996094,104.97996520996094,218.89500427246094,220.44647216796875,220.13189697265625,0.0,0.0,0.0,218.89500427246094,220.44647216796875,220.13189697265625,0.0,0.0,0.0,46.13669204711914,46.59049987792969,46.49848175048828,0.0,0.0,0.0
68.0,20.45785140991211,20553.650390625,1836.469970703125,8298.7900390625,10418.3896484375,1600.0,17.475608825683594,0.0,9409.54296875,0.07029090821743011,5.155355453491211,0.12704351544380188,1.1380040645599365,3.9149599075317383,1.6128709316253662,2.6226816177368164,4.838948726654053,0.0010268243495374918,0.32115060091018677,0.6555180549621582,0.0,0.0,0.0,0.0,1412.8717041015625,34.817420959472656,186.4996795654297,1065.6793212890625,314.0066223144531,0.0,3107.05029296875,0.5374873280525208,38.53807067871094,71.38591766357422,0.0,0.0,0.0,106.68355560302734,106.68355560302734,215.2822265625,221.482177734375,218.28932189941406,0.0,0.0,0.0,215.2822265625,221.482177734375,218.28932189941406,0.0,0.0,0.0,45.494441986083984,47.30792999267578,46.37401580810547,0.0,0.0,0.0
69.0,20.737321853637695,20639.39453125,1836.469970703125,8384.53515625,10418.3896484375,1600.0,17.553932189941406,0.0,9409.294921875,0.07029104977846146,5.313918113708496,0.13248299062252045,1.1380040645599365,3.9156174659729004,1.6129863262176514,2.6226816177368164,4.848055839538574,0.0010268641635775566,0.34729665517807007,0.7349603772163391,0.0,0.0,0.0,24.814897537231445,1456.3271484375,36.30815887451172,186.4996795654297,337.02020263671875,322.0423889160156,659.5743408203125,3084.638916015625,0.5241960287094116,41.67559814453125,80.03718566894531,0.0,0.0,0.0,108.44003295898438,108.44003295898438,250.64723205566406,246.59091186523438,218.58018493652344,0.0,0.0,0.0,250.64723205566406,246.59091186523438,218.58018493652344,0.0,0.0,0.0,55.76038360595703,54.573909759521484,46.38077163696289,0.0,0.0,0.0
70.0,20.949087142944336,20757.234375,1836.469970703125,8502.375,10418.3896484375,1600.0,17.42608642578125,0.0,9533.0107421875,0.07029110193252563,5.46397590637207,0.13766822218894958,1.138004183769226,3.9160659313201904,1.6130304336547852,2.6226816177368164,4.855193614959717,0.0010268796468153596,0.35940730571746826,0.7717413306236267,0.0,0.0,0.0,0.0,1497.4517822265625,37.729217529296875,186.4996795654297,986.0123291015625,406.9482116699219,0.0,3068.67041015625,0.5098444223403931,43.12887954711914,84.04263305664062,0.0,0.0,0.0,110.24256134033203,110.24256134033203,223.6876983642578,220.7022247314453,217.10877990722656,0.0,0.0,0.0,223.6876983642578,220.7022247314453,217.10877990722656,0.0,0.0,0.0,48.0025634765625,47.12931442260742,46.07823181152344,0.0,0.0,0.0
71.0,21.253801345825195,20875.16015625,1836.469970703125,8620.2998046875,10418.3896484375,1600.0,17.18790626525879,0.0,9719.5693359375,0.07029116153717041,5.698603630065918,0.1456940472126007,1.138004183769226,3.9165890216827393,1.6130741834640503,2.6226816177368164,4.865749835968018,0.0010268946643918753,0.37202590703964233,0.8100612163543701,0.0,0.0,0.0,0.0,1561.753662109375,39.928768157958984,186.4996795654297,927.417236328125,710.6688842773438,0.0,2875.220458984375,0.4499422013759613,44.64310836791992,88.21566772460938,0.0,0.0,0.0,112.09965515136719,112.09965515136719,186.99716186523438,213.7689971923828,214.02325439453125,0.0,0.0,0.0,186.99716186523438,213.7689971923828,214.02325439453125,0.0,0.0,0.0,37.50876235961914,45.33952331542969,45.41389846801758,0.0,0.0,0.0
72.0,21.52081871032715,20963.5234375,1836.469970703125,8708.6640625,10418.3896484375,1600.0,16.714611053466797,0.0,10034.484375,0.0702911913394928,5.915041446685791,0.1530761420726776,1.138004183769226,3.916948080062866,1.6131019592285156,2.6226816177368164,4.875217437744141,0.0010269040940329432,0.3802860677242279,0.8351441621780396,0.0,0.0,0.0,0.0,1621.0704345703125,41.95189666748047,186.4996795654297,2701.9404296875,941.5740966796875,0.0,1015.330810546875,0.06791176646947861,45.63432693481445,90.94719696044922,0.0,0.0,0.0,114.0006332397461,114.0006332397461,181.10995483398438,181.9143829345703,181.18150329589844,0.0,0.0,0.0,181.10995483398438,181.9143829345703,181.18150329589844,0.0,0.0,0.0,36.26005172729492,36.49534606933594,36.28097915649414,0.0,0.0,0.0
73.0,21.73749542236328,21125.970703125,1836.469970703125,8755.8916015625,10533.609375,1600.0,16.20142936706543,0.0,10428.70703125,0.07029122114181519,6.0940165519714355,0.15915873646736145,1.138004183769226,3.917208433151245,1.613121509552002,2.6226816177368164,4.882968425750732,0.0010269107297062874,0.3861297369003296,0.852888822555542,0.0,0.0,0.0,0.0,1670.1201171875,43.6188850402832,186.4996795654297,2718.49169921875,1161.447509765625,0.0,1009.1887817382812,0.06745977699756622,34.751678466796875,84.43598937988281,0.0,0.0,0.0,115.9361801147461,115.9361801147461,127.6420669555664,168.64871215820312,165.38941955566406,0.0,0.0,0.0,127.6420669555664,168.64871215820312,165.38941955566406,0.0,0.0,0.0,21.133874893188477,33.128318786621094,32.17497253417969,0.0,0.0,0.0
74.0,21.855863571166992,21311.88671875,1836.469970703125,8770.833984375,10704.5830078125,1600.0,16.231536865234375,0.3983703851699829,10502.6435546875,0.07029122859239578,6.193382740020752,0.1625402718782425,1.138004183769226,3.9173295497894287,1.6132230758666992,2.6226816177368164,4.887570381164551,0.001026913640089333,0.38880404829978943,0.8610092401504517,0.0,0.0,0.0,0.0,1697.352294921875,44.54562759399414,186.4996795654297,2716.511962890625,1161.5206298828125,0.0,1029.760986328125,0.06881031394004822,34.99236297607422,85.23991394042969,0.0,0.0,0.0,117.8675765991211,117.8675765991211,142.07296752929688,152.9891357421875,164.19573974609375,0.0,0.0,0.0,142.07296752929688,152.9891357421875,164.19573974609375,0.0,0.0,0.0,24.926433563232422,28.119415283203125,31.3973445892334,0.0,0.0,0.0
75.0,21.916288375854492,21370.21875,1836.469970703125,8795.759765625,10737.98828125,1600.0,16.77136993408203,0.0,10200.3134765625,0.07029122859239578,6.245705604553223,0.16433456540107727,1.138004183769226,3.9173624515533447,1.6134687662124634,2.6226816177368164,4.890678882598877,0.0010269144549965858,0.38952770829200745,0.8632065653800964,0.0,0.0,0.0,0.0,1711.69189453125,45.03737258911133,186.4996795654297,2703.92578125,966.880859375,0.0,1016.3875732421875,0.06790100783109665,35.0574951171875,85.45745086669922,0.0,0.0,0.0,119.7103042602539,119.7103042602539,131.7031707763672,152.25759887695312,153.5808868408203,0.0,0.0,0.0,131.7031707763672,152.25759887695312,153.5808868408203,0.0,0.0,0.0,21.751808166503906,27.763978958129883,28.15104103088379,0.0,0.0,0.0
76.0,21.99457550048828,21417.146484375,1836.469970703125,8842.6884765625,10737.98828125,1600.0,16.80058479309082,0.0,10207.4296875,0.07029123604297638,6.314542770385742,0.1666904240846634,1.138004183769226,3.9173853397369385,1.6139341592788696,2.6226816177368164,4.895278453826904,0.001026915037073195,0.3900247812271118,0.8647159337997437,0.0,0.0,0.0,0.0,1730.5572509765625,45.683013916015625,186.4996795654297,2783.937744140625,597.98193359375,0.0,1285.66748046875,0.08586124330759048,36.818328857421875,86.83415985107422,0.0,0.0,0.0,121.44461822509766,121.44461822509766,145.8787841796875,165.31983947753906,143.6285400390625,0.0,0.0,0.0,145.8787841796875,165.31983947753906,143.6285400390625,0.0,0.0,0.0,25.868959426879883,31.555469512939453,25.21076202392578,0.0,0.0,0.0
77.0,22.100351333618164,21447.56640625,1836.469970703125,8873.1064453125,10737.98828125,1600.0,17.619028091430664,0.0,9757.6787109375,0.07029123604297638,6.408318042755127,0.16990050673484802,1.138004183769226,3.917404890060425,1.6144349575042725,2.6226816177368164,4.901862621307373,0.0010269155027344823,0.3904425799846649,0.8659845590591431,0.0,0.0,0.0,0.0,1756.25732421875,46.562767028808594,186.4996795654297,2688.16943359375,425.9008483886719,0.0,1204.841796875,0.0804237574338913,46.853111267089844,94.30571746826172,0.0,0.0,0.0,123.09596252441406,123.09596252441406,188.32518005371094,189.80064392089844,163.364990234375,0.0,0.0,0.0,188.32518005371094,189.80064392089844,163.364990234375,0.0,0.0,0.0,37.466087341308594,37.89766311645508,30.16522979736328,0.0,0.0,0.0
78.0,22.200193405151367,21553.205078125,1836.469970703125,8978.74609375,10737.98828125,1600.0,17.926021575927734,0.0,9642.4140625,0.07029123604297638,6.497994899749756,0.17299553751945496,1.138004183769226,3.917410373687744,1.6145994663238525,2.6226816177368164,4.908281326293945,0.0010269156191498041,0.3905617892742157,0.866346538066864,0.0,0.0,0.0,0.0,1780.833984375,47.41098403930664,186.4996795654297,852.0791625976562,403.2752990722656,0.0,2958.449462890625,0.4818588197231293,46.86741638183594,94.34513854980469,0.0,0.0,0.0,124.68384552001953,124.68384552001953,203.74317932128906,217.8240966796875,195.0310821533203,0.0,0.0,0.0,203.74317932128906,217.8240966796875,195.0310821533203,0.0,0.0,0.0,41.668861389160156,45.78752899169922,39.12057113647461,0.0,0.0,0.0
79.0,22.464635848999023,21674.61328125,1836.469970703125,9100.1552734375,10737.98828125,1600.0,18.290668487548828,0.0,9508.4404296875,0.07029123604297638,6.736690044403076,0.18134856224060059,1.138004183769226,3.9174203872680664,1.6149048805236816,2.6226816177368164,4.924478530883789,0.0010269158519804478,0.3907802700996399,0.8670099377632141,0.0,0.0,0.0,0.0,1846.2506103515625,49.70021057128906,186.4996795654297,923.5873413085938,395.44500732421875,0.0,2735.4365234375,0.18228746950626373,46.89363098144531,94.4173812866211,0.0,0.0,0.0,126.27281951904297,126.27281951904297,170.506103515625,217.2719268798828,195.43812561035156,0.0,0.0,0.0,170.506103515625,217.2719268798828,195.43812561035156,0.0,0.0,0.0,31.582366943359375,45.26136779785156,38.87498474121094,0.0,0.0,0.0
80.0,22.71503448486328,21732.140625,1836.469970703125,9157.6806640625,10737.98828125,1600.0,17.827835083007812,0.0,9778.1982421875,0.07029123604297638,6.963124752044678,0.18929213285446167,1.138004183769226,3.917428493499756,1.6151560544967651,2.6226816177368164,4.939525604248047,0.0010269159683957696,0.3909569978713989,0.8675466179847717,0.0,0.0,0.0,0.0,1908.30712890625,51.87721633911133,186.4996795654297,904.2037963867188,314.4515075683594,0.0,2951.294189453125,0.4802846312522888,46.91484069824219,94.475830078125,0.0,0.0,0.0,127.88433837890625,127.88433837890625,203.6842041015625,216.65406799316406,207.04534912109375,0.0,0.0,0.0,203.6842041015625,216.65406799316406,207.04534912109375,0.0,0.0,0.0,41.74979782104492,45.543479919433594,42.73292922973633,0.0,0.0,0.0
81.0,22.854934692382812,21750.341796875,1836.469970703125,9175.8828125,10737.98828125,1600.0,17.84781837463379,0.0,9777.9404296875,0.07029123604297638,7.090433597564697,0.19376273453235626,1.138004183769226,3.9174318313598633,1.6152585744857788,2.6226816177368164,4.947251796722412,0.0010269160848110914,0.3910283148288727,0.8677631616592407,0.0,0.0,0.0,0.0,1943.197265625,53.10242462158203,186.4996795654297,878.0523681640625,322.4960632324219,0.0,2931.4326171875,0.47271135449409485,46.923397064208984,94.49940490722656,0.0,0.0,0.0,129.53897094726562,129.53897094726562,211.7300567626953,216.92861938476562,202.9788818359375,0.0,0.0,0.0,211.7300567626953,216.92861938476562,202.9788818359375,0.0,0.0,0.0,44.083221435546875,45.60380172729492,41.523502349853516,0.0,0.0,0.0
82.0,22.949893951416016,21844.294921875,1836.469970703125,9269.8359375,10737.98828125,1600.0,17.692243576049805,0.0,9906.4990234375,0.07029123604297638,7.178012371063232,0.1968400925397873,1.138004183769226,3.9174325466156006,1.615280270576477,2.6226816177368164,4.951472759246826,0.0010269160848110914,0.3910433351993561,0.8678087592124939,0.0,0.0,0.0,0.0,1967.1990966796875,53.94580078125,186.4996795654297,864.360595703125,407.5158386230469,0.0,2920.16845703125,0.4692361652851105,46.925201416015625,94.5043716430664,0.0,0.0,0.0,131.2211456298828,131.2211456298828,202.87644958496094,216.1483612060547,194.92276000976562,0.0,0.0,0.0,202.87644958496094,216.1483612060547,194.92276000976562,0.0,0.0,0.0,41.64912033081055,45.531150817871094,39.32266616821289,0.0,0.0,0.0
83.0,23.19036102294922,21954.234375,1836.469970703125,9379.775390625,10737.98828125,1600.0,17.437782287597656,0.0,10100.373046875,0.07029123604297638,7.400214672088623,0.2046421766281128,1.138004183769226,3.917433738708496,1.6153182983398438,2.6226816177368164,4.961791515350342,0.0010269160848110914,0.3910694420337677,0.8678880333900452,0.0,0.0,0.0,0.0,2028.095458984375,56.08403396606445,186.4996795654297,2530.074462890625,711.6575317382812,0.0,1016.5294189453125,0.06755249202251434,46.9283332824707,94.51300048828125,0.0,0.0,0.0,132.94891357421875,132.94891357421875,173.44163513183594,185.9783172607422,183.12083435058594,0.0,0.0,0.0,173.44163513183594,185.9783172607422,183.12083435058594,0.0,0.0,0.0,33.29389953613281,36.96087646484375,36.125064849853516,0.0,0.0,0.0
84.0,23.417234420776367,22006.232421875,1836.469970703125,9431.7744140625,10737.98828125,1600.0,16.82544708251953,0.0,10487.720703125,0.07029123604297638,7.609986782073975,0.21200309693813324,1.138004183769226,3.9174346923828125,1.6153489351272583,2.6226816177368164,4.971415042877197,0.0010269162012264132,0.3910904824733734,0.8679519295692444,0.0,0.0,0.0,0.0,2085.58544921875,58.10136032104492,186.4996795654297,1016.1488647460938,942.8856201171875,0.0,2498.74609375,0.16592876613140106,46.93085861206055,94.51996612548828,0.0,0.0,0.0,134.72398376464844,134.72398376464844,145.630615234375,207.19190979003906,180.54454040527344,0.0,0.0,0.0,145.630615234375,207.19190979003906,180.54454040527344,0.0,0.0,0.0,25.771509170532227,43.7781867980957,35.98383331298828,0.0,0.0,0.0
85.0,23.543861389160156,22171.802734375,1836.469970703125,9448.2265625,10887.1064453125,2930.02685546875,16.303361892700195,0.0,10899.759765625,0.07029123604297638,7.727107048034668,0.21611204743385315,1.138004183769226,3.9174351692199707,1.6153645515441895,2.6226816177368164,4.9767537117004395,0.0010269162012264132,0.3911011815071106,0.8679843544960022,0.0,0.0,0.0,0.0,2117.683349609375,59.22745132446289,186.4996795654297,2557.78564453125,1163.0625,0.0,999.8432006835938,0.06636707484722137,35.19910430908203,85.93045043945312,0.0,0.0,0.0,136.5509796142578,136.5509796142578,123.22509002685547,167.23402404785156,133.081298828125,0.0,0.0,0.0,123.22509002685547,167.23402404785156,133.081298828125,0.0,0.0,0.0,19.73997688293457,32.61259078979492,22.62291717529297,0.0,0.0,0.0
86.0,23.601280212402344,22364.787109375,1836.469970703125,9453.4326171875,11074.8837890625,2930.02685546875,16.33142852783203,0.0,10977.0341796875,0.07029123604297638,7.78022575378418,0.21797548234462738,1.138004183769226,3.91743540763855,1.6153712272644043,2.6226816177368164,4.9791646003723145,0.0010269162012264132,0.39110568165779114,0.8679981231689453,0.0,0.0,0.0,0.0,2132.240966796875,59.73814392089844,186.4996795654297,2563.0556640625,1163.0672607421875,0.0,1029.719970703125,0.06833750754594803,35.19951248168945,85.93180847167969,0.0,0.0,0.0,138.37799072265625,138.37799072265625,143.88568115234375,147.17025756835938,126.29571533203125,0.0,0.0,0.0,143.88568115234375,147.17025756835938,126.29571533203125,0.0,0.0,0.0,25.7551326751709,26.715871810913086,20.61006736755371,0.0,0.0,0.0
87.0,23.624937057495117,22403.185546875,1836.469970703125,9455.080078125,11111.6357421875,2930.02685546875,16.858068466186523,0.0,10661.0439453125,0.07029123604297638,7.802028656005859,0.2187727391719818,1.138004183769226,3.917435646057129,1.615401029586792,2.6226816177368164,4.980186939239502,0.0010269162012264132,0.39110708236694336,0.8680022954940796,0.0,0.0,0.0,0.0,2138.21630859375,59.956642150878906,186.4996795654297,2552.587890625,968.0387573242188,0.0,1014.431640625,0.06731769442558289,35.19963455200195,85.9322280883789,0.0,0.0,0.0,140.12437438964844,140.12437438964844,146.96446228027344,157.90126037597656,125.99507904052734,0.0,0.0,0.0,146.96446228027344,157.90126037597656,125.99507904052734,0.0,0.0,0.0,26.12903594970703,29.328048706054688,19.995492935180664,0.0,0.0,0.0
88.0,23.64035987854004,22421.06640625,1836.469970703125,9472.9609375,11111.6357421875,2930.02685546875,16.863479614257812,0.0,10668.486328125,0.07029123604297638,7.816102981567383,0.2193402200937271,1.138004183769226,3.917435646057129,1.6154640913009644,2.6226816177368164,4.980903625488281,0.0010269162012264132,0.39110732078552246,0.8680030107498169,0.0,0.0,0.0,0.0,2142.073486328125,60.11216354370117,186.4996795654297,2643.6669921875,598.548828125,0.0,1292.1702880859375,0.08574394881725311,35.19965744018555,85.93229675292969,0.0,0.0,0.0,141.77908325195312,141.77908325195312,122.25724792480469,155.2810516357422,112.25852966308594,0.0,0.0,0.0,122.25724792480469,155.2810516357422,112.25852966308594,0.0,0.0,0.0,18.896766662597656,28.55622673034668,15.972140312194824,0.0,0.0,0.0
89.0,23.683860778808594,22436.490234375,1836.469970703125,9488.3828125,11111.6357421875,2930.02685546875,17.67340850830078,0.0,10198.421875,0.07029123604297638,7.8557963371276855,0.22097115218639374,1.138004183769226,3.917435646057129,1.615580439567566,2.6226816177368164,4.982962131500244,0.0010269162012264132,0.3911076784133911,0.8680041432380676,0.0,0.0,0.0,0.0,2152.95166015625,60.55913543701172,186.4996795654297,2568.590576171875,426.20306396484375,0.0,1189.748046875,0.07893547415733337,46.93292236328125,94.52565002441406,0.0,0.0,0.0,143.3527374267578,143.3527374267578,170.72373962402344,186.064453125,113.14537048339844,0.0,0.0,0.0,170.72373962402344,186.064453125,113.14537048339844,0.0,0.0,0.0,32.26328659057617,36.75044250488281,15.421612739562988,0.0,0.0,0.0
90.0,23.760786056518555,22572.677734375,1836.469970703125,9624.5712890625,11111.6357421875,2930.02685546875,18.001893997192383,0.0,10077.9501953125,0.07029123604297638,7.926248073577881,0.22394537925720215,1.138004183769226,3.917435646057129,1.615614652633667,2.6226816177368164,4.986427307128906,0.0010269162012264132,0.3911077678203583,0.8680043816566467,0.0,0.0,0.0,0.0,2172.259765625,61.37424850463867,186.4996795654297,1145.7884521484375,403.5288391113281,0.0,2532.361328125,0.16797009110450745,46.93293380737305,94.52568054199219,0.0,0.0,0.0,144.8560028076172,144.8560028076172,123.3633041381836,212.08628845214844,175.82786560058594,0.0,0.0,0.0,123.3633041381836,212.08628845214844,175.82786560058594,0.0,0.0,0.0,18.081872940063477,44.03334426879883,33.427757263183594,0.0,0.0,0.0
91.0,24.094383239746094,22734.8203125,1836.469970703125,9786.712890625,11111.6357421875,2930.02685546875,18.396526336669922,0.0,9937.9326171875,0.07029123604297638,8.232645034790039,0.23698690533638,1.138004183769226,3.917435646057129,1.6157243251800537,2.6226816177368164,5.000473976135254,0.0010269162012264132,0.39110803604125977,0.8680052757263184,0.0,0.0,0.0,0.0,2256.23046875,64.94839477539062,186.4996795654297,922.53515625,395.6456604003906,0.0,2580.13525390625,0.1709641069173813,46.93296432495117,94.52577209472656,0.0,0.0,0.0,146.3579864501953,146.3579864501953,183.9138641357422,214.3309783935547,183.09861755371094,0.0,0.0,0.0,183.9138641357422,214.3309783935547,183.09861755371094,0.0,0.0,0.0,35.398277282714844,44.295284271240234,35.159820556640625,0.0,0.0,0.0
92.0,24.422388076782227,22811.541015625,1836.469970703125,9863.435546875,11111.6357421875,2930.02685546875,17.942380905151367,0.0,10219.8662109375,0.07029123604297638,8.534309387207031,0.2498471736907959,1.138004183769226,3.917435646057129,1.6158177852630615,2.6226816177368164,5.013858795166016,0.0010269162012264132,0.39110827445983887,0.8680059909820557,0.0,0.0,0.0,0.0,2338.904541015625,68.47286987304688,186.4996795654297,878.4872436523438,314.5803527832031,0.0,2807.163330078125,0.44118332862854004,46.9329948425293,94.52584838867188,0.0,0.0,0.0,147.87890625,147.87890625,211.7248992919922,213.90882873535156,183.54742431640625,0.0,0.0,0.0,211.7248992919922,213.90882873535156,183.54742431640625,0.0,0.0,0.0,43.987152099609375,44.62594985961914,35.7452392578125,0.0,0.0,0.0
93.0,24.607088088989258,22835.81640625,1836.469970703125,9887.7109375,11111.6357421875,2930.02685546875,17.966144561767578,0.0,10219.5966796875,0.07029123604297638,8.705240249633789,0.2571410536766052,1.138004183769226,3.917435646057129,1.615854263305664,2.6226816177368164,5.020298480987549,0.0010269162012264132,0.3911083936691284,0.8680062294006348,0.0,0.0,0.0,0.0,2385.74951171875,70.4718246459961,186.4996795654297,847.5225219726562,322.614990234375,0.0,2779.498779296875,0.4411230683326721,46.933006286621094,94.52587890625,0.0,0.0,0.0,149.4479217529297,149.4479217529297,207.96678161621094,213.6683807373047,196.49009704589844,0.0,0.0,0.0,207.96678161621094,213.6683807373047,196.49009704589844,0.0,0.0,0.0,42.864139556884766,44.53185272216797,39.507205963134766,0.0,0.0,0.0
94.0,24.754674911499023,23021.419921875,1836.469970703125,10073.3125,11111.6357421875,2930.02685546875,17.87615966796875,0.0,10353.96875,0.07029123604297638,8.843523979187012,0.2630392909049988,1.138004183769226,3.917435646057129,1.6158610582351685,2.6226816177368164,5.023695945739746,0.0010269162012264132,0.3911083936691284,0.8680062890052795,0.0,0.0,0.0,0.0,2423.6474609375,72.08828735351562,186.4996795654297,832.4406127929688,407.662353515625,0.0,2758.93017578125,0.4378809928894043,46.933006286621094,94.52588653564453,0.0,0.0,0.0,151.0499267578125,151.0499267578125,202.7069091796875,212.83816528320312,183.93719482421875,0.0,0.0,0.0,202.7069091796875,212.83816528320312,183.93719482421875,0.0,0.0,0.0,41.415611267089844,44.379005432128906,35.925472259521484,0.0,0.0,0.0
95.0,25.22456932067871,23249.951171875,1836.469970703125,10301.8447265625,11111.6357421875,2930.02685546875,17.703777313232422,0.0,10556.5908203125,0.07029123604297638,9.284435272216797,0.28181034326553345,1.138004183769226,3.917435646057129,1.6158751249313354,2.6226816177368164,5.033895015716553,0.0010269162012264132,0.3911084234714508,0.8680064082145691,0.0,0.0,0.0,0.0,2544.483154296875,77.232666015625,186.4996795654297,676.1718139648438,711.9028930664062,0.0,2619.826904296875,0.4197957515716553,46.93301010131836,94.52589416503906,0.0,0.0,0.0,152.70159912109375,152.70159912109375,208.0087890625,209.35435485839844,178.02969360351562,0.0,0.0,0.0,208.0087890625,209.35435485839844,178.02969360351562,0.0,0.0,0.0,43.1387939453125,43.532371520996094,34.36990737915039,0.0,0.0,0.0
96.0,25.719276428222656,24945.525390625,3348.77001953125,10485.1201171875,11111.6357421875,2930.02685546875,18.38506507873535,0.0,10901.75,0.07029123604297638,9.748862266540527,0.30156582593917847,1.138004183769226,3.9175608158111572,1.6158854961395264,2.6226816177368164,5.044282913208008,0.0010269162012264132,0.3911084532737732,0.8680064678192139,0.0,0.0,0.0,0.0,2671.763427734375,82.6468276977539,186.4996795654297,2255.826904296875,943.1988525390625,0.0,907.3310546875,0.059925343841314316,46.933013916015625,94.52590942382812,0.0,0.0,0.0,154.40367126464844,154.40367126464844,175.44923400878906,182.37509155273438,168.983154296875,0.0,0.0,0.0,175.44923400878906,182.37509155273438,168.983154296875,0.0,0.0,0.0,32.933837890625,34.959651947021484,31.042505264282227,0.0,0.0,0.0
97.0,26.15077781677246,25168.455078125,3348.77001953125,10583.81640625,11235.869140625,2930.02685546875,17.837858200073242,0.0,11330.0498046875,0.07029123604297638,10.153074264526367,0.31877216696739197,1.138004183769226,3.918703556060791,1.6158932447433472,2.6226816177368164,5.053215503692627,0.0010269162012264132,0.3911084830760956,0.8680065274238586,0.0,0.0,0.0,0.0,2782.54150390625,87.36238861083984,186.4996795654297,2253.179931640625,1163.443115234375,0.0,901.635986328125,0.05950876697897911,23.466508865356445,77.33938598632812,0.0,0.0,0.0,156.1547088623047,156.1547088623047,149.94442749023438,167.59066772460938,122.17784881591797,0.0,0.0,0.0,149.94442749023438,167.59066772460938,122.17784881591797,0.0,0.0,0.0,26.020885467529297,31.182411193847656,17.899160385131836,0.0,0.0,0.0
98.0,26.392314910888672,25385.740234375,3348.77001953125,10615.6494140625,11421.322265625,2930.02685546875,17.866748809814453,0.0,11410.376953125,0.07029123604297638,10.378989219665527,0.3283485472202301,1.138004183769226,3.9197843074798584,1.6158971786499023,2.6226816177368164,5.058176517486572,0.0010269162012264132,0.3911084830760956,0.8680065870285034,0.0,0.0,0.0,0.0,2844.45556640625,89.98687744140625,186.4996795654297,2231.668212890625,1163.446044921875,0.0,910.9517211914062,0.060100771486759186,23.466508865356445,77.33938598632812,0.0,0.0,0.0,157.91580200195312,157.91580200195312,125.15619659423828,147.43545532226562,111.64031982421875,0.0,0.0,0.0,125.15619659423828,147.43545532226562,111.64031982421875,0.0,0.0,0.0,18.741437911987305,25.258121490478516,14.788044929504395,0.0,0.0,0.0
99.0,26.50231170654297,25432.044921875,3348.77001953125,10625.7216796875,11457.5537109375,2930.02685546875,18.445602416992188,0.0,11081.9111328125,0.07029123604297638,10.481773376464844,0.3326861560344696,1.138004183769226,3.9204115867614746,1.615898847579956,2.6226816177368164,5.060423374176025,0.0010269162012264132,0.3911084830760956,0.8680065870285034,0.0,0.0,0.0,0.0,2872.62451171875,91.1756362915039,186.4996795654297,2200.697509765625,968.3370971679688,0.0,884.7388305664062,0.0583612285554409,23.466508865356445,77.33938598632812,0.0,0.0,0.0,159.6045379638672,159.6045379638672,144.94541931152344,163.029296875,148.66403198242188,0.0,0.0,0.0,144.94541931152344,163.029296875,148.66403198242188,0.0,0.0,0.0,23.950931549072266,29.240468978881836,25.03862762451172,0.0,0.0,0.0
100.0,26.547739028930664,25435.232421875,3348.77001953125,10628.908203125,11457.5537109375,2930.02685546875,18.4388370513916,0.0,11089.6533203125,0.07029123604297638,10.524189949035645,0.3344723582267761,1.138004183769226,3.920711040496826,1.6158995628356934,2.6226816177368164,5.061347961425781,0.0010269162012264132,0.3911084830760956,0.8680065870285034,0.0,0.0,0.0,0.0,2884.2490234375,91.66516876220703,186.4996795654297,2316.66748046875,598.710205078125,0.0,1129.8616943359375,0.07452526688575745,23.466508865356445,77.33938598632812,0.0,0.0,0.0,161.22308349609375,161.22308349609375,112.16315460205078,169.8860626220703,137.7876739501953,0.0,0.0,0.0,112.16315460205078,169.8860626220703,137.7876739501953,0.0,0.0,0.0,14.368886947631836,31.252838134765625,21.864055633544922,0.0,0.0,0.0
101.0,26.565473556518555,25436.240234375,3348.77001953125,10629.9169921875,11457.5537109375,2930.02685546875,19.313430786132812,0.0,10601.0322265625,0.07029123604297638,10.540750503540039,0.3352110981941223,1.138004183769226,3.920793294906616,1.615899682044983,2.6226816177368164,5.061700820922852,0.0010269162012264132,0.3911084830760956,0.8680065870285034,0.0,0.0,0.0,0.0,2888.78759765625,91.86762237548828,186.4996795654297,2248.260009765625,426.2872619628906,0.0,1027.0614013671875,0.06774275749921799,28.245567321777344,80.772216796875,0.0,0.0,0.0,162.78318786621094,162.78318786621094,134.64683532714844,148.54827880859375,134.53353881835938,0.0,0.0,0.0,134.64683532714844,148.54827880859375,134.53353881835938,0.0,0.0,0.0,20.070770263671875,24.136940002441406,20.037628173828125,0.0,0.0,0.0
102.0,26.61794090270996,25564.779296875,3348.77001953125,10758.455078125,11457.5537109375,2930.02685546875,19.652782440185547,0.0,10475.7939453125,0.07029123604297638,10.589699745178223,0.337709903717041,1.138004183769226,3.920801877975464,1.6158998012542725,2.6226816177368164,5.062711715698242,0.0010269162012264132,0.3911084830760956,0.8680065870285034,0.0,0.0,0.0,0.0,2902.20263671875,92.55244445800781,186.4996795654297,2187.282958984375,403.60003662109375,0.0,981.1652221679688,0.06471075862646103,45.317447662353516,93.32706451416016,0.0,0.0,0.0,164.2617950439453,164.2617950439453,161.28927612304688,184.90167236328125,161.07850646972656,0.0,0.0,0.0,161.28927612304688,184.90167236328125,161.07850646972656,0.0,0.0,0.0,27.524328231811523,34.43095397949219,27.46268081665039,0.0,0.0,0.0
103.0,26.950057983398438,25772.7265625,3348.77001953125,10966.40234375,11457.5537109375,2930.02685546875,20.102846145629883,0.0,10330.2490234375,0.07029123604297638,10.899454116821289,0.35362759232521057,1.138004183769226,3.9208414554595947,1.6158998012542725,2.6226816177368164,5.069116592407227,0.0010269162012264132,0.3911084830760956,0.8680065870285034,0.0,0.0,0.0,0.0,2987.09375,96.91483306884766,186.4996795654297,664.118896484375,395.6886291503906,0.0,2335.230712890625,0.2731226980686188,38.44424057006836,88.2553939819336,0.0,0.0,0.0,165.71875,165.71875,218.13990783691406,212.64805603027344,134.82196044921875,0.0,0.0,0.0,218.13990783691406,212.64805603027344,134.82196044921875,0.0,0.0,0.0,43.70307540893555,42.096710205078125,19.332578659057617,0.0,0.0,0.0
104.0,27.382783889770508,25892.046875,3348.77001953125,11085.7216796875,11457.5537109375,2930.02685546875,19.629722595214844,0.0,10623.3193359375,0.07029123604297638,11.303010940551758,0.3744035065174103,1.138004183769226,3.920884609222412,1.615899920463562,2.6226816177368164,5.077466011047363,0.0010269162012264132,0.3911084830760956,0.8680065870285034,0.0,0.0,0.0,0.0,3097.69189453125,102.60865783691406,186.4996795654297,715.010498046875,314.5963134765625,0.0,2443.5146484375,0.40902215242385864,39.265838623046875,88.84358215332031,0.0,0.0,0.0,167.20376586914062,167.20376586914062,206.84326171875,212.51339721679688,202.20074462890625,0.0,0.0,0.0,206.84326171875,212.51339721679688,202.20074462890625,0.0,0.0,0.0,40.87193298339844,42.53044509887695,39.51399612426758,0.0,0.0,0.0
105.0,27.645544052124023,25929.798828125,3348.77001953125,11123.4755859375,11457.5537109375,2930.02685546875,19.6632022857666,0.0,10623.0380859375,0.07029123604297638,11.548051834106445,0.3870304524898529,1.138004183769226,3.920902729034424,1.615899920463562,2.6226816177368164,5.082540988922119,0.0010269162012264132,0.3911084830760956,0.8680065870285034,0.0,0.0,0.0,0.0,3164.113037109375,106.04456329345703,186.44845581054688,683.4876708984375,322.5867004394531,0.0,2402.23291015625,0.39994922280311584,35.35617446899414,86.04463195800781,0.0,0.0,0.0,168.74087524414062,168.74087524414062,202.76478576660156,207.19357299804688,185.79147338867188,0.0,0.0,0.0,202.76478576660156,207.19357299804688,185.79147338867188,0.0,0.0,0.0,39.6454963684082,40.94091796875,34.68080520629883,0.0,0.0,0.0
106.0,27.848430633544922,26165.546875,3348.77001953125,11359.22265625,11457.5537109375,2930.02685546875,19.582704544067383,0.0,10762.7099609375,0.07029123604297638,11.737257957458496,0.39677169919013977,1.138004183769226,3.9209163188934326,1.615899920463562,2.6226816177368164,5.086467266082764,0.0010269162012264132,0.3911084830760956,0.8680065870285034,0.0,0.0,0.0,0.0,3209.042236328125,108.47994995117188,185.91754150390625,870.8509521484375,407.1809997558594,0.0,2171.60205078125,0.14297540485858917,38.03635787963867,87.96338653564453,0.0,0.0,0.0,170.31822204589844,170.31822204589844,173.45693969726562,201.7099151611328,134.7920684814453,0.0,0.0,0.0,173.45693969726562,201.7099151611328,134.7920684814453,0.0,0.0,0.0,31.15345001220703,39.41744613647461,19.843975067138672,0.0,0.0,0.0
107.0,28.416040420532227,26366.0703125,3348.77001953125,11559.74609375,11457.5537109375,2930.02685546875,19.34939193725586,0.0,10973.337890625,0.07029123604297638,12.250337600708008,0.42296838760375977,1.1555615663528442,3.9210376739501953,1.615899920463562,2.6226816177368164,5.09712028503418,0.0010269162012264132,0.3911084830760956,0.8680065870285034,0.0,0.0,0.0,0.0,3267.734619140625,112.8253402709961,185.3733673095703,2022.6956787109375,702.5551147460938,0.0,807.1144409179688,0.053097084164619446,35.199764251708984,85.93265533447266,0.0,0.0,0.0,171.92498779296875,171.92498779296875,145.7397003173828,160.9906768798828,150.01988220214844,0.0,0.0,0.0,145.7397003173828,160.9906768798828,150.01988220214844,0.0,0.0,0.0,23.279470443725586,27.740381240844727,24.53142547607422,0.0,0.0,0.0
108.0,28.843666076660156,26593.345703125,3348.77001953125,11787.021484375,11457.5537109375,2930.02685546875,18.876373291015625,0.6479023694992065,11339.0458984375,0.07029123604297638,12.551804542541504,0.43765944242477417,1.2606043815612793,3.9211978912353516,1.615899920463562,2.6226816177368164,5.103384494781494,0.0010269162012264132,0.3911084830760956,0.8680065870285034,0.0,0.0,0.0,0.0,3316.4599609375,115.63915252685547,200.0958709716797,2010.5604248046875,926.543212890625,0.0,773.7048950195312,0.050875063985586166,35.199764251708984,85.93265533447266,0.0,0.0,0.0,173.55580139160156,173.55580139160156,157.10174560546875,164.4895782470703,155.54722595214844,0.0,0.0,0.0,157.10174560546875,164.4895782470703,155.54722595214844,0.0,0.0,0.0,26.42798614501953,28.588926315307617,25.973285675048828,0.0,0.0,0.0
109.0,29.496416091918945,26961.37890625,3348.77001953125,12023.794921875,11588.8134765625,2930.02685546875,18.401935577392578,0.0,11784.5234375,0.07029123604297638,12.968783378601074,0.4592718183994293,1.4648295640945435,3.9224467277526855,1.615899920463562,2.6226816177368164,5.112070083618164,0.0010269162012264132,0.3911084830760956,0.8680065870285034,0.0,0.0,0.0,0.0,3393.939697265625,120.19175720214844,229.36900329589844,2024.8062744140625,1137.6307373046875,0.0,760.1581420898438,0.04995197430253029,20.962961196899414,75.48160552978516,0.0,0.0,0.0,175.21693420410156,175.21693420410156,114.30182647705078,144.24288940429688,126.8728256225586,0.0,0.0,0.0,114.30182647705078,144.24288940429688,126.8728256225586,0.0,0.0,0.0,15.031349182128906,23.789108276367188,18.708364486694336,0.0,0.0,0.0
110.0,29.95366096496582,27230.48828125,3348.77001953125,12099.3662109375,11782.3515625,2930.02685546875,18.455759048461914,0.0,11868.072265625,0.07029123604297638,13.250045776367188,0.4740673303604126,1.6188597679138184,3.923740863800049,1.615899920463562,2.6226816177368164,5.117931842803955,0.0010269162012264132,0.3911084830760956,0.8680065870285034,0.0,0.0,0.0,0.0,3442.566650390625,123.17001342773438,251.13702392578125,2017.9901123046875,1133.693603515625,0.0,753.4111328125,0.04948701709508896,20.24190330505371,74.946533203125,0.0,0.0,0.0,176.87716674804688,176.87716674804688,118.99948120117188,139.5921173095703,125.06910705566406,0.0,0.0,0.0,118.99948120117188,139.5921173095703,125.06910705566406,0.0,0.0,0.0,16.35158920288086,22.374935150146484,18.126956939697266,0.0,0.0,0.0
111.0,30.17803955078125,27292.21484375,3348.77001953125,12123.27734375,11820.16796875,2930.02685546875,19.062633514404297,0.0,11526.4365234375,0.07029123604297638,13.384847640991211,0.4811677932739258,1.6977627277374268,3.9245059490203857,1.615899920463562,2.6226816177368164,5.120741844177246,0.0010269162012264132,0.3911084830760956,0.8680065870285034,0.0,0.0,0.0,0.0,3446.12109375,123.88356018066406,261.24920654296875,2008.0616455078125,939.491943359375,0.0,715.2591552734375,0.046971190720796585,18.056720733642578,73.32499694824219,0.0,0.0,0.0,178.46954345703125,178.46954345703125,129.2579803466797,145.86111450195312,116.59029388427734,0.0,0.0,0.0,129.2579803466797,145.86111450195312,116.59029388427734,0.0,0.0,0.0,18.74532699584961,23.601743698120117,15.040026664733887,0.0,0.0,0.0
112.0,30.274253845214844,27299.78125,3348.77001953125,12130.84375,11820.16796875,2930.02685546875,19.05813217163086,0.0,11534.4765625,0.07029123604297638,13.441685676574707,0.4841620624065399,1.7325924634933472,3.924873113632202,1.615899920463562,2.6226816177368164,5.121926307678223,0.0010269162012264132,0.3911084830760956,0.8680065870285034,0.0,0.0,0.0,0.0,3523.7802734375,126.92461395263672,269.3858337402344,2036.776123046875,585.8912353515625,0.0,945.7645874023438,0.0621030256152153,23.466508865356445,77.33938598632812,0.0,0.0,0.0,179.99002075195312,179.99002075195312,126.62518310546875,151.65472412109375,119.7778549194336,0.0,0.0,0.0,126.62518310546875,151.65472412109375,119.7778549194336,0.0,0.0,0.0,17.979734420776367,25.30087661743164,15.97689151763916,0.0,0.0,0.0
113.0,30.31267547607422,27302.17578125,3348.77001953125,12133.2373046875,11820.16796875,2930.02685546875,19.964143753051758,0.0,11026.259765625,0.07029123604297638,13.468734741210938,0.48575499653816223,1.7417043447494507,3.924973726272583,1.615899920463562,2.6226816177368164,5.122493743896484,0.0010269162012264132,0.3911084830760956,0.8680065870285034,0.0,0.0,0.0,0.0,3483.279541015625,125.62579345703125,268.34051513671875,2019.605224609375,414.4638671875,0.0,836.2335205078125,0.05490844324231148,21.856321334838867,76.14453125,0.0,0.0,0.0,181.45237731933594,181.45237731933594,127.17974090576172,148.3053741455078,116.89161682128906,0.0,0.0,0.0,127.17974090576172,148.3053741455078,116.89161682128906,0.0,0.0,0.0,17.235931396484375,23.415176391601562,14.226654052734375,0.0,0.0,0.0
114.0,30.425369262695312,27577.361328125,3348.77001953125,12408.423828125,11820.16796875,2930.02685546875,20.4164981842041,0.0,10896.0009765625,0.07029123604297638,13.571738243103027,0.49218684434890747,1.742771863937378,3.9249861240386963,1.615899920463562,2.6226816177368164,5.124670505523682,0.0010269162012264132,0.3911084830760956,0.8680065870285034,0.0,0.0,0.0,0.0,3481.849365234375,126.27124786376953,267.1291809082031,2010.1817626953125,390.9132080078125,0.0,786.3720092773438,0.051626358181238174,19.394634246826172,74.31781005859375,0.0,0.0,0.0,182.83621215820312,182.83621215820312,87.9468994140625,151.26905822753906,130.21206665039062,0.0,0.0,0.0,87.9468994140625,151.26905822753906,130.21206665039062,0.0,0.0,0.0,5.307969570159912,23.82969856262207,17.670530319213867,0.0,0.0,0.0
115.0,31.09209442138672,27898.388671875,3348.77001953125,12729.4501953125,11820.16796875,2930.02685546875,20.956680297851562,0.0,10744.619140625,0.07029123604297638,14.182559967041016,0.5300710201263428,1.7478203773498535,3.925044536590576,1.615899920463562,2.6226816177368164,5.1375837326049805,0.0010269162012264132,0.3911084830760956,0.8680065870285034,0.0,0.0,0.0,0.0,3546.00537109375,132.5314178466797,263.6459045410156,653.319580078125,378.63671875,0.0,1957.775390625,0.12841123342514038,35.199764251708984,85.93265533447266,0.0,0.0,0.0,184.1737823486328,184.1737823486328,155.14251708984375,190.24935913085938,155.7471923828125,0.0,0.0,0.0,155.14251708984375,190.24935913085938,155.7471923828125,0.0,0.0,0.0,24.42250633239746,34.69125747680664,24.59937286376953,0.0,0.0,0.0
116.0,31.732236862182617,28044.732421875,3348.77001953125,12875.7939453125,11820.16796875,2930.02685546875,20.47446632385254,0.0,11049.4423828125,0.07029123604297638,14.769615173339844,0.5665178894996643,1.7519954442977905,3.925093173980713,1.615899920463562,2.6226816177368164,5.149999618530273,0.0010269162012264132,0.3911084830760956,0.8680065870285034,0.0,0.0,0.0,0.0,3690.46142578125,141.55496215820312,264.2479248046875,596.3670043945312,300.9537658691406,0.0,2142.12939453125,0.3136937916278839,35.199764251708984,85.93265533447266,0.0,0.0,0.0,185.51126098632812,185.51126098632812,183.61874389648438,192.051513671875,181.64199829101562,0.0,0.0,0.0,183.61874389648438,192.051513671875,181.64199829101562,0.0,0.0,0.0,33.234012603759766,35.70060348510742,32.655818939208984,0.0,0.0,0.0
117.0,32.08912658691406,28091.03515625,3348.77001953125,12922.09765625,11820.16796875,2930.02685546875,20.512725830078125,0.0,11049.150390625,0.07029123604297638,15.093062400817871,0.5866213440895081,1.7540971040725708,3.9251177310943604,1.615899920463562,2.6226816177368164,5.161214828491211,0.0010269162012264132,0.3911084830760956,0.8680065870285034,0.0,0.0,0.0,0.0,3733.804443359375,145.12159729003906,262.9418640136719,1648.2427978515625,307.2021789550781,0.0,1037.0721435546875,0.0679064467549324,35.199764251708984,85.93265533447266,0.0,0.0,0.0,186.89004516601562,186.89004516601562,139.71734619140625,174.6795654296875,157.34458923339844,0.0,0.0,0.0,139.71734619140625,174.6795654296875,157.34458923339844,0.0,0.0,0.0,20.354597091674805,30.5810489654541,25.51056480407715,0.0,0.0,0.0
118.0,32.253047943115234,28111.732421875,3348.77001953125,12942.794921875,11820.16796875,2930.02685546875,20.25853157043457,0.0,11194.4296875,0.07029123604297638,15.232534408569336,0.5953142046928406,1.754947304725647,3.9251277446746826,1.615899920463562,2.6226816177368164,5.176108360290527,0.0010269162012264132,0.3911084830760956,0.8680065870285034,0.0,0.0,0.0,0.0,3760.363525390625,146.96160888671875,262.744384765625,1660.176513671875,387.8055725097656,0.0,1012.7872314453125,0.06624476611614227,35.199764251708984,85.93265533447266,0.0,0.0,0.0,188.29481506347656,188.29481506347656,153.5444793701172,171.5243682861328,126.98998260498047,0.0,0.0,0.0,153.5444793701172,171.5243682861328,126.98998260498047,0.0,0.0,0.0,24.653230667114258,29.9123477935791,16.886037826538086,0.0,0.0,0.0
119.0,32.333621978759766,28121.68359375,3348.77001953125,12952.7451171875,11820.16796875,2930.02685546875,19.87078285217285,0.0,11413.4931640625,0.07029123604297638,15.28921127319336,0.5987982153892517,1.7664058208465576,3.9251315593719482,1.615899920463562,2.6226816177368164,5.185061931610107,0.0010269162012264132,0.3911084830760956,0.8680065870285034,0.0,0.0,0.0,0.0,3748.166259765625,146.7960205078125,263.28082275390625,1901.2965087890625,675.041259765625,0.0,642.3989868164062,0.04199104383587837,35.199764251708984,85.93265533447266,0.0,0.0,0.0,189.73431396484375,189.73431396484375,148.31568908691406,159.00070190429688,151.3092041015625,0.0,0.0,0.0,148.31568908691406,159.00070190429688,151.3092041015625,0.0,0.0,0.0,23.51155662536621,26.636920928955078,24.387157440185547,0.0,0.0,0.0
120.0,32.36961364746094,28212.17578125,3348.77001953125,13043.2373046875,11820.16796875,2930.02685546875,19.41814422607422,0.27468353509902954,11711.8173828125,0.07029123604297638,15.292854309082031,0.5989861488342285,1.7978543043136597,3.9251415729522705,1.615899920463562,2.6226816177368164,5.185760974884033,0.0010269162012264132,0.3911084830760956,0.8680065870285034,0.0,0.0,0.0,0.0,3752.661865234375,146.98318481445312,267.9725036621094,1897.025634765625,894.7515869140625,0.0,617.0604248046875,0.04033267870545387,35.199764251708984,85.93265533447266,0.0,0.0,0.0,191.20603942871094,191.20603942871094,148.2687530517578,157.85557556152344,147.6520233154297,0.0,0.0,0.0,148.2687530517578,157.85557556152344,147.6520233154297,0.0,0.0,0.0,23.67578125,26.479928970336914,23.495391845703125,0.0,0.0,0.0
121.0,32.70503616333008,28487.60546875,3348.77001953125,13223.78125,11915.052734375,2930.02685546875,18.852340698242188,0.0,12171.9453125,0.07029123604297638,15.314326286315918,0.6003328561782837,2.1047418117523193,3.9264187812805176,1.615899920463562,2.6226816177368164,5.190201759338379,0.0010269162012264132,0.3911084830760956,0.8680065870285034,0.0,0.0,0.0,0.0,3775.3193359375,147.99530029296875,312.5889892578125,1954.7493896484375,1106.013427734375,0.0,635.3798217773438,0.04151681438088417,11.733254432678223,62.236351013183594,0.0,0.0,0.0,192.708984375,192.708984375,96.41267395019531,138.31423950195312,107.52247619628906,0.0,0.0,0.0,96.41267395019531,138.31423950195312,107.52247619628906,0.0,0.0,0.0,9.348365783691406,21.604572296142578,12.597983360290527,0.0,0.0,0.0
122.0,33.0026969909668,28728.83203125,3348.77001953125,13281.919921875,12098.142578125,2930.02685546875,18.878469467163086,0.0,12258.2412109375,0.07029123604297638,15.331128120422363,0.6013907790184021,2.37860369682312,3.928793430328369,1.615899920463562,2.6226816177368164,5.193764686584473,0.0010269162012264132,0.3911084830760956,0.8680065870285034,0.0,0.0,0.0,0.0,3780.5498046875,148.2987823486328,351.654541015625,1956.9307861328125,1106.13427734375,0.0,642.8693237304688,0.041995421051979065,11.733254432678223,64.46430969238281,0.0,0.0,0.0,194.21636962890625,194.21636962890625,124.9400634765625,137.69354248046875,127.78202819824219,0.0,0.0,0.0,124.9400634765625,137.69354248046875,127.78202819824219,0.0,0.0,0.0,17.666500091552734,21.396892547607422,18.497774124145508,0.0,0.0,0.0
123.0,33.15891647338867,28783.361328125,3348.77001953125,13300.7939453125,12133.7978515625,2930.02685546875,19.492460250854492,0.0,11905.369140625,0.07029123604297638,15.339229583740234,0.6019001603126526,2.522733449935913,3.9305260181427,1.615899920463562,2.6226816177368164,5.19551420211792,0.0010269162012264132,0.3911084830760956,0.8680065870285034,0.0,0.0,0.0,0.0,3757.77099609375,147.4521942138672,370.5362548828125,1947.036376953125,917.8233642578125,0.0,608.9510498046875,0.03977469727396965,11.733254432678223,62.18980026245117,0.0,0.0,0.0,195.67271423339844,195.67271423339844,128.42466735839844,144.53704833984375,129.39743041992188,0.0,0.0,0.0,128.42466735839844,144.53704833984375,129.39743041992188,0.0,0.0,0.0,18.071754455566406,22.784624099731445,18.35628890991211,0.0,0.0,0.0
124.0,33.22825241088867,28789.333984375,3348.77001953125,13306.765625,12133.7978515625,2930.02685546875,19.486061096191406,0.0,11913.6806640625,0.07029123604297638,15.342592239379883,0.6021115779876709,2.5865087509155273,3.9317750930786133,1.615899920463562,2.6226816177368164,5.196250915527344,0.0010269162012264132,0.3911084830760956,0.8680065870285034,0.0,0.0,0.0,0.0,3819.360107421875,149.88868713378906,383.3171691894531,1981.2728271484375,571.7107543945312,0.0,830.0220947265625,0.054211460053920746,18.468887329101562,73.63084411621094,0.0,0.0,0.0,197.0787353515625,197.0787353515625,129.78268432617188,150.1375732421875,121.14884948730469,0.0,0.0,0.0,129.78268432617188,150.1375732421875,121.14884948730469,0.0,0.0,0.0,18.475372314453125,24.42917823791504,15.949975967407227,0.0,0.0,0.0
125.0,33.25648880004883,28791.86328125,3348.77001953125,13309.294921875,12133.7978515625,2930.02685546875,20.41341781616211,0.0,11388.7509765625,0.07029123604297638,15.35246753692627,0.6029556393623352,2.6022515296936035,3.9331767559051514,1.615899920463562,2.6226816177368164,5.196624755859375,0.0010269162012264132,0.3911084830760956,0.8680065870285034,0.0,0.0,0.0,0.0,3770.57568359375,148.08627319335938,382.18597412109375,1964.1524658203125,404.5167541503906,0.0,719.6883544921875,0.04700395464897156,13.508767127990723,70.01721954345703,0.0,0.0,0.0,198.4442901611328,198.4442901611328,129.34959411621094,145.37411499023438,113.94764709472656,0.0,0.0,0.0,129.34959411621094,145.37411499023438,113.94764709472656,0.0,0.0,0.0,17.42133903503418,22.108510971069336,12.916269302368164,0.0,0.0,0.0
126.0,33.34941864013672,29016.802734375,3348.77001953125,13534.2353515625,12133.7978515625,2930.02685546875,20.829118728637695,0.0,11254.21484375,0.07029123604297638,15.434372901916504,0.6093229055404663,2.6046173572540283,3.933661699295044,1.615899920463562,2.6226816177368164,5.198431015014648,0.0010269162012264132,0.3911084830760956,0.8680065870285034,0.0,0.0,0.0,0.0,3765.07177734375,148.63865661621094,380.8831787109375,1954.2120361328125,381.7903137207031,0.0,672.9679565429688,0.04394690692424774,11.733254432678223,65.51470184326172,0.0,0.0,0.0,199.74668884277344,199.74668884277344,131.9764404296875,145.6745147705078,128.1019744873047,0.0,0.0,0.0,131.9764404296875,145.6745147705078,128.1019744873047,0.0,0.0,0.0,17.773988723754883,21.780675888061523,16.64070701599121,0.0,0.0,0.0
127.0,33.869964599609375,29213.724609375,3348.77001953125,13731.1572265625,12133.7978515625,2930.02685546875,21.277753829956055,0.0,11097.853515625,0.07029123604297638,15.878355026245117,0.6432029604911804,2.6345431804656982,3.936645746231079,1.615899920463562,2.6226816177368164,5.2082014083862305,0.0010269162012264132,0.3911084830760956,0.8680065870285034,0.0,0.0,0.0,0.0,3803.641357421875,154.07850646972656,380.8467712402344,1831.568359375,371.2013854980469,0.0,611.7581176757812,0.03992176428437233,35.199764251708984,85.93265533447266,0.0,0.0,0.0,201.0133514404297,201.0133514404297,100.97559356689453,163.8936004638672,150.93988037109375,0.0,0.0,0.0,100.97559356689453,163.8936004638672,150.93988037109375,0.0,0.0,0.0,8.257608413696289,26.66112518310547,22.872163772583008,0.0,0.0,0.0
128.0,34.24312210083008,29328.296875,3348.77001953125,13845.728515625,12133.7978515625,2930.02685546875,20.75959014892578,0.0,11412.701171875,0.07029123604297638,16.10778045654297,0.6599542498588562,2.7547919750213623,3.9383420944213867,1.615899920463562,2.6226816177368164,5.213239669799805,0.0010269162012264132,0.3911084830760956,0.8680065870285034,0.0,0.0,0.0,0.0,3893.279296875,159.51211547851562,399.92840576171875,610.8728637695312,296.3365783691406,0.0,2003.8822021484375,0.1307206153869629,35.199764251708984,85.93265533447266,0.0,0.0,0.0,202.2809600830078,202.2809600830078,158.2830047607422,190.33706665039062,120.2110366821289,0.0,0.0,0.0,158.2830047607422,190.33706665039062,120.2110366821289,0.0,0.0,0.0,25.538188934326172,34.914005279541016,14.402137756347656,0.0,0.0,0.0
129.0,34.617488861083984,29454.3125,3348.77001953125,13971.744140625,12133.7978515625,2930.02685546875,20.852996826171875,0.0,11412.400390625,0.07029123604297638,16.295181274414062,0.6746281981468201,2.916285991668701,3.9397943019866943,1.615899920463562,2.6226816177368164,5.222583770751953,0.0010269162012264132,0.3911084830760956,0.8680065870285034,0.0,0.0,0.0,0.0,3912.28662109375,161.97052001953125,420.8141174316406,574.486328125,302.96484375,0.0,1989.779541015625,0.12971419095993042,35.199764251708984,85.93265533447266,0.0,0.0,0.0,203.58822631835938,203.58822631835938,143.96739196777344,190.79690551757812,140.05572509765625,0.0,0.0,0.0,143.96739196777344,190.79690551757812,140.05572509765625,0.0,0.0,0.0,21.257463455200195,34.955101013183594,20.11330223083496,0.0,0.0,0.0
130.0,34.87188720703125,29502.705078125,3348.77001953125,14020.13671875,12133.7978515625,2930.02685546875,20.6125431060791,0.0,11562.451171875,0.07029123604297638,16.406484603881836,0.6836228966712952,3.0306484699249268,3.940675735473633,1.615899920463562,2.6226816177368164,5.241443157196045,0.0010269162012264132,0.3911084830760956,0.8680065870285034,0.0,0.0,0.0,0.0,3932.6474609375,163.86495971679688,436.35150146484375,504.5510559082031,382.5455627441406,0.0,2041.926025390625,0.2823316752910614,35.199764251708984,85.93265533447266,0.0,0.0,0.0,204.92266845703125,204.92266845703125,140.655029296875,184.80886840820312,179.23739624023438,0.0,0.0,0.0,140.655029296875,184.80886840820312,179.23739624023438,0.0,0.0,0.0,20.529050827026367,33.44404983520508,31.81439781188965,0.0,0.0,0.0
131.0,35.013118743896484,29522.80859375,3348.77001953125,14040.240234375,12133.7978515625,2930.02685546875,20.223773956298828,0.0,11788.724609375,0.07029123604297638,16.458881378173828,0.6877877116203308,3.1015074253082275,3.941096305847168,1.615899920463562,2.6226816177368164,5.254832744598389,0.0010269162012264132,0.3911084830760956,0.8680065870285034,0.0,0.0,0.0,0.0,3922.667724609375,163.92138671875,444.73297119140625,1827.890869140625,666.292724609375,0.0,587.6680297851562,0.03822243958711624,35.199764251708984,85.93265533447266,0.0,0.0,0.0,206.29269409179688,206.29269409179688,159.65899658203125,161.26246643066406,146.15785217285156,0.0,0.0,0.0,159.65899658203125,161.26246643066406,146.15785217285156,0.0,0.0,0.0,26.47648048400879,26.945497512817383,22.527395248413086,0.0,0.0,0.0
132.0,35.079010009765625,29569.927734375,3348.77001953125,14087.359375,12133.7978515625,2930.02685546875,19.792163848876953,0.0,12059.935546875,0.07029123604297638,16.467653274536133,0.6884454488754272,3.1550633907318115,3.941246747970581,1.615899920463562,2.6226816177368164,5.257586479187012,0.0010269162012264132,0.3911084830760956,0.8680065870285034,0.0,0.0,0.0,0.0,3925.640380859375,164.11502075195312,452.3210144042969,1833.38671875,882.8543701171875,0.0,536.7770385742188,0.0349055714905262,34.832462310791016,85.66009521484375,0.0,0.0,0.0,207.69700622558594,207.69700622558594,134.44357299804688,158.91424560546875,138.81573486328125,0.0,0.0,0.0,134.44357299804688,158.91424560546875,138.81573486328125,0.0,0.0,0.0,19.53257942199707,26.690256118774414,20.811439514160156,0.0,0.0,0.0
133.0,35.256221771240234,29734.546875,3348.77001953125,14173.9443359375,12211.83203125,3290.01708984375,19.13435935974121,0.0,12533.7392578125,0.07029123604297638,16.483013153076172,0.6896767020225525,3.3075618743896484,3.9441123008728027,1.615899920463562,2.6226816177368164,5.262845516204834,0.0010269162012264132,0.3911084830760956,0.8680065870285034,0.0,0.0,0.0,0.0,3956.79052734375,165.55870056152344,475.63897705078125,1899.65625,1092.4632568359375,0.0,571.2973022460938,0.03713654354214668,11.733254432678223,60.15285873413086,0.0,0.0,0.0,209.13465881347656,209.13465881347656,96.23651123046875,136.9830780029297,120.93743896484375,0.0,0.0,0.0,96.23651123046875,136.9830780029297,120.93743896484375,0.0,0.0,0.0,9.014819145202637,20.933189392089844,16.239839553833008,0.0,0.0,0.0
134.0,35.40620040893555,29958.5,3348.77001953125,14219.1787109375,12390.55078125,3290.01708984375,19.14267349243164,0.0,12622.6015625,0.07029123604297638,16.491836547851562,0.6903834342956543,3.4417307376861572,3.9472718238830566,1.615899920463562,2.6226816177368164,5.265964984893799,0.0010269162012264132,0.3911084830760956,0.8680065870285034,0.0,0.0,0.0,0.0,3966.1376953125,166.03099060058594,494.8726501464844,1907.4984130859375,1093.3634033203125,0.0,591.9091796875,0.0384678840637207,11.733254432678223,60.15285873413086,0.0,0.0,0.0,210.58140563964844,210.58140563964844,121.73408508300781,134.06517028808594,109.06245422363281,0.0,0.0,0.0,121.73408508300781,134.06517028808594,109.06245422363281,0.0,0.0,0.0,16.46454620361328,20.07139015197754,12.75809383392334,0.0,0.0,0.0
135.0,35.54356384277344,30035.505859375,3348.77001953125,14261.45703125,12425.2783203125,3290.01708984375,19.779064178466797,0.0,12259.23828125,0.07029123604297638,16.498302459716797,0.6909019351005554,3.5666801929473877,3.950369358062744,1.615899920463562,2.6226816177368164,5.268296718597412,0.0010269162012264132,0.3911084830760956,0.8680065870285034,0.0,0.0,0.0,0.0,3933.240966796875,164.7129364013672,509.9860534667969,1898.53857421875,906.4254760742188,0.0,560.7521362304688,0.036436986178159714,11.733254432678223,60.15285873413086,0.0,0.0,0.0,211.98582458496094,211.98582458496094,131.2432403564453,143.8996124267578,122.00341796875,0.0,0.0,0.0,131.2432403564453,143.8996124267578,122.00341796875,0.0,0.0,0.0,18.60958480834961,22.311574935913086,15.906937599182129,0.0,0.0,0.0
136.0,35.63161849975586,30048.8828125,3348.77001953125,14274.8349609375,12425.2783203125,3290.01708984375,19.777040481567383,0.0,12267.802734375,0.07029123604297638,16.502004623413086,0.6911997199058533,3.646841287612915,3.952910900115967,1.615899920463562,2.6226816177368164,5.269646167755127,0.0010269162012264132,0.3911084830760956,0.8680065870285034,0.0,0.0,0.0,0.0,3998.24853515625,167.4698486328125,525.5573120117188,1946.2347412109375,564.5523681640625,0.0,761.4878540039062,0.049475811421871185,15.175165176391602,71.210205078125,0.0,0.0,0.0,213.34799194335938,213.34799194335938,131.80274963378906,149.19036865234375,128.16482543945312,0.0,0.0,0.0,131.80274963378906,149.19036865234375,128.16482543945312,0.0,0.0,0.0,18.7752628326416,23.86114501953125,17.711172103881836,0.0,0.0,0.0
137.0,35.673587799072266,30054.16796875,3348.77001953125,14280.119140625,12425.2783203125,3290.01708984375,20.72113609313965,0.0,11727.26953125,0.07029123604297638,16.51632308959961,0.6926792860031128,3.6699061393737793,3.9553558826446533,1.615899920463562,2.6226816177368164,5.270307540893555,0.0010269162012264132,0.3911084830760956,0.8680065870285034,0.0,0.0,0.0,0.0,3946.625244140625,165.51780700683594,524.0427856445312,1915.44970703125,399.42205810546875,0.0,657.6339721679688,0.04272616654634476,11.733254432678223,64.09586334228516,0.0,0.0,0.0,214.67848205566406,214.67848205566406,122.75224304199219,141.05335998535156,126.81209564208984,0.0,0.0,0.0,122.75224304199219,141.05335998535156,126.81209564208984,0.0,0.0,0.0,15.183893203735352,20.536972045898438,16.371400833129883,0.0,0.0,0.0
138.0,35.78557586669922,30310.740234375,3348.77001953125,14536.6904296875,12425.2783203125,3290.01708984375,21.158470153808594,0.0,11588.7353515625,0.07029123604297638,16.612215042114258,0.701814591884613,3.6738972663879395,3.9561409950256348,1.615899920463562,2.6226816177368164,5.272493839263916,0.0010269162012264132,0.3911084830760956,0.8680065870285034,0.0,0.0,0.0,0.0,3934.141845703125,166.20529174804688,522.3530883789062,1905.939208984375,376.6479797363281,0.0,612.7614135742188,0.03980463743209839,11.733254432678223,60.15285873413086,0.0,0.0,0.0,215.9533233642578,215.9533233642578,131.07603454589844,138.0919189453125,114.47174072265625,0.0,0.0,0.0,131.07603454589844,138.0919189453125,114.47174072265625,0.0,0.0,0.0,17.181272506713867,19.233415603637695,12.32451343536377,0.0,0.0,0.0
139.0,36.37971115112305,30534.2734375,3348.77001953125,14760.2255859375,12425.2783203125,3290.01708984375,21.627086639404297,0.0,11427.71875,0.07029123604297638,17.10076332092285,0.7474672794342041,3.7190747261047363,3.9598042964935303,1.615899920463562,2.6226816177368164,5.28358793258667,0.0010269162012264132,0.3911084830760956,0.8680065870285034,0.0,0.0,0.0,0.0,3974.942138671875,173.7430877685547,521.8364868164062,1807.0755615234375,366.0679931640625,0.0,535.7701416015625,0.03477584570646286,23.466508865356445,77.33938598632812,0.0,0.0,0.0,217.19444274902344,217.19444274902344,104.06812286376953,153.96173095703125,138.88653564453125,0.0,0.0,0.0,104.06812286376953,153.96173095703125,138.88653564453125,0.0,0.0,0.0,8.812838554382324,23.406719207763672,18.997224807739258,0.0,0.0,0.0
140.0,36.80345916748047,30684.927734375,3348.77001953125,14910.8798828125,12425.2783203125,3290.01708984375,21.120695114135742,0.0,11751.9228515625,0.07029123604297638,17.330976486206055,0.7680613994598389,3.885178565979004,3.9614295959472656,1.615899920463562,2.6226816177368164,5.288798809051514,0.0010269162012264132,0.3911084830760956,0.8680065870285034,0.0,0.0,0.0,0.0,4066.13623046875,180.2000274658203,548.5584106445312,554.2073364257812,292.3467102050781,0.0,1935.0408935546875,0.12555305659770966,35.009559631347656,85.79151153564453,0.0,0.0,0.0,218.43190002441406,218.43190002441406,104.96853637695312,190.41346740722656,139.4699249267578,0.0,0.0,0.0,104.96853637695312,190.41346740722656,139.4699249267578,0.0,0.0,0.0,9.582602500915527,34.57524490356445,19.674259185791016,0.0,0.0,0.0
141.0,37.30561065673828,30871.21875,3348.77001953125,15097.1689453125,12425.2783203125,3290.01708984375,21.253021240234375,0.0,11751.6123046875,0.07029123604297638,17.54837417602539,0.7888585329055786,4.140284061431885,3.9629199504852295,1.615899920463562,2.6226816177368164,5.296159267425537,0.0010269162012264132,0.3911084830760956,0.8680065870285034,0.0,0.0,0.0,0.0,4082.3310546875,183.5145263671875,579.0789184570312,464.99688720703125,298.5318298339844,0.0,1970.95166015625,0.2727483808994293,32.39884567260742,83.85420227050781,0.0,0.0,0.0,219.7082061767578,219.7082061767578,162.9754638671875,186.04232788085938,170.0822296142578,0.0,0.0,0.0,162.9754638671875,186.04232788085938,170.0822296142578,0.0,0.0,0.0,26.41730308532715,33.16436004638672,28.496030807495117,0.0,0.0,0.0
142.0,37.662391662597656,30934.1328125,3348.77001953125,15160.083984375,12425.2783203125,3290.01708984375,21.015687942504883,0.0,11906.1220703125,0.07029123604297638,17.687318801879883,0.8024407625198364,4.332485198974609,3.9638590812683105,1.615899920463562,2.6226816177368164,5.307270526885986,0.0010269162012264132,0.3911084830760956,0.8680065870285034,0.0,0.0,0.0,0.0,4102.81591796875,186.13711547851562,603.18212890625,514.1279296875,376.63092041015625,0.0,1901.0333251953125,0.12318558990955353,31.480077743530273,83.17241668701172,0.0,0.0,0.0,221.0099639892578,221.0099639892578,137.78594970703125,185.1273956298828,146.7921600341797,0.0,0.0,0.0,137.78594970703125,185.1273956298828,146.7921600341797,0.0,0.0,0.0,19.28670310974121,33.13407516479492,21.921016693115234,0.0,0.0,0.0
143.0,37.846153259277344,30956.2734375,3348.77001953125,15182.2236328125,12425.2783203125,3290.01708984375,20.619314193725586,0.0,12139.12890625,0.07029123604297638,17.749801635742188,0.8085249662399292,4.439178943634033,3.9642770290374756,1.615899920463562,2.6226816177368164,5.315356254577637,0.0010269162012264132,0.3911084830760956,0.8680065870285034,0.0,0.0,0.0,0.0,4092.530029296875,186.41970825195312,613.8054809570312,1778.641357421875,655.6187133789062,0.0,519.5054321289062,0.033644355833530426,27.516767501831055,80.2389907836914,0.0,0.0,0.0,222.35140991210938,222.35140991210938,143.00636291503906,160.84878540039062,143.7519073486328,0.0,0.0,0.0,143.00636291503906,160.84878540039062,143.7519073486328,0.0,0.0,0.0,21.210046768188477,26.428956985473633,21.428119659423828,0.0,0.0,0.0
144.0,37.92820358276367,31231.400390625,3581.070068359375,15225.0517578125,12425.2783203125,3290.01708984375,20.19820785522461,0.0,12494.5205078125,0.07029123604297638,17.761930465698242,0.8096783757209778,4.504802227020264,3.964460849761963,1.615899920463562,2.6226816177368164,5.31831693649292,0.0010269162012264132,0.3911084830760956,0.8680065870285034,0.0,0.0,0.0,0.0,4109.94189453125,187.3518829345703,624.1160888671875,1777.6844482421875,870.0027465820312,0.0,514.6395874023438,0.03332222253084183,27.974668502807617,80.5711898803711,0.0,0.0,0.0,223.7305145263672,223.7305145263672,136.64540100097656,152.48939514160156,133.5869598388672,0.0,0.0,0.0,136.64540100097656,152.48939514160156,133.5869598388672,0.0,0.0,0.0,19.770570755004883,24.404939651489258,18.875980377197266,0.0,0.0,0.0
145.0,38.090789794921875,31421.02734375,3581.070068359375,15299.841796875,12540.115234375,3290.01708984375,19.535778045654297,0.0,12985.38671875,0.07029123604297638,17.778587341308594,0.8113090991973877,4.641207695007324,3.9672040939331055,1.615899920463562,2.6226816177368164,5.323465824127197,0.0010269162012264132,0.3911084830760956,0.8680065870285034,0.0,0.0,0.0,0.0,4147.6826171875,189.27561950683594,646.4718017578125,1837.274169921875,1077.27099609375,0.0,551.6356201171875,0.035704657435417175,11.733254432678223,60.15285873413086,0.0,0.0,0.0,225.150146484375,225.150146484375,107.76666259765625,132.0145263671875,90.47359466552734,0.0,0.0,0.0,107.76666259765625,132.0145263671875,90.47359466552734,0.0,0.0,0.0,11.985971450805664,19.07847023010254,6.927748680114746,0.0,0.0,0.0
146.0,38.22355270385742,31648.419921875,3581.070068359375,15325.123046875,12742.2275390625,3290.01708984375,19.53824234008789,0.0,13077.4541015625,0.07029123604297638,17.79058837890625,0.8124836683273315,4.753571510314941,3.9703848361968994,1.615899920463562,2.6226816177368164,5.327507495880127,0.0010269162012264132,0.3911084830760956,0.8680065870285034,0.0,0.0,0.0,0.0,4158.8505859375,189.93177795410156,662.53662109375,1846.7108154296875,1078.25146484375,0.0,573.9155883789062,0.03713609278202057,11.733254432678223,60.15285873413086,0.0,0.0,0.0,226.57749938964844,226.57749938964844,120.66130828857422,132.34239196777344,108.7320556640625,0.0,0.0,0.0,120.66130828857422,132.34239196777344,108.7320556640625,0.0,0.0,0.0,15.7551908493042,19.17190933227539,12.265883445739746,0.0,0.0,0.0
147.0,38.29222106933594,31695.83203125,3581.070068359375,15333.1220703125,12781.640625,3290.01708984375,20.1666202545166,0.0,12701.001953125,0.07029123604297638,17.79630470275879,0.8130409717559814,4.8119916915893555,3.972322463989258,1.615899920463562,2.6226816177368164,5.3295488357543945,0.0010269162012264132,0.3911084830760956,0.8680065870285034,0.0,0.0,0.0,0.0,4129.7744140625,188.6726531982422,666.230224609375,1825.3739013671875,894.2327880859375,0.0,550.9581909179688,0.035645436495542526,11.733254432678223,60.15285873413086,0.0,0.0,0.0,227.9635772705078,227.9635772705078,124.78178405761719,142.04432678222656,127.6435546875,0.0,0.0,0.0,124.78178405761719,142.04432678222656,127.6435546875,0.0,0.0,0.0,16.332050323486328,21.381345748901367,17.16912078857422,0.0,0.0,0.0
148.0,38.3223876953125,31698.36328125,3581.070068359375,15335.6533203125,12781.640625,3290.01708984375,20.157041549682617,0.0,12709.8642578125,0.07029123604297638,17.798603057861328,0.813265860080719,4.837061882019043,3.9740355014801025,1.615899920463562,2.6226816177368164,5.330406665802002,0.0010269162012264132,0.3911084830760956,0.8680065870285034,0.0,0.0,0.0,0.0,4193.22802734375,191.59982299804688,678.6787109375,1905.873779296875,557.0970458984375,0.0,724.285400390625,0.046856362372636795,12.127958297729492,68.84894561767578,0.0,0.0,0.0,229.31060791015625,229.31060791015625,116.22953796386719,146.69613647460938,129.42994689941406,0.0,0.0,0.0,116.22953796386719,146.69613647460938,129.42994689941406,0.0,0.0,0.0,13.84009838104248,22.75157928466797,17.701215744018555,0.0,0.0,0.0
149.0,38.33460235595703,31700.8984375,3581.070068359375,15338.1865234375,12781.640625,3290.01708984375,21.118083953857422,0.0,12149.85546875,0.07029123604297638,17.799137115478516,0.8133217692375183,4.843221664428711,3.9775545597076416,1.615899920463562,2.6226816177368164,5.3323516845703125,0.0010269162012264132,0.3911084830760956,0.8680065870285034,0.0,0.0,0.0,0.0,4130.22265625,188.72824096679688,670.785888671875,1862.306884765625,393.7337646484375,0.0,635.5540771484375,0.04111050069332123,11.733254432678223,60.15285873413086,0.0,0.0,0.0,230.62828063964844,230.62828063964844,122.08155822753906,141.108642578125,120.37567138671875,0.0,0.0,0.0,122.08155822753906,141.108642578125,120.37567138671875,0.0,0.0,0.0,14.59076976776123,20.15619468688965,14.09179973602295,0.0,0.0,0.0
150.0,38.348419189453125,31712.39453125,3581.070068359375,15349.6845703125,12781.640625,3290.01708984375,21.389141082763672,0.0,12006.3291015625,0.07029123604297638,17.79937744140625,0.8133450746536255,4.84605598449707,3.980501174926758,1.615899920463562,2.6226816177368164,5.340125560760498,0.0010269162012264132,0.3911084830760956,0.8680065870285034,0.0,0.0,0.0,0.0,4109.6962890625,187.79315185546875,668.2509765625,1842.953369140625,371.8687438964844,0.0,602.830078125,0.03897242620587349,11.733254432678223,60.15285873413086,0.0,0.0,0.0,231.89273071289062,231.89273071289062,101.170166015625,136.01644897460938,119.8920669555664,0.0,0.0,0.0,101.170166015625,136.01644897460938,119.8920669555664,0.0,0.0,0.0,8.203132629394531,18.395668029785156,13.679288864135742,0.0,0.0,0.0
151.0,38.37367248535156,31720.359375,3581.070068359375,15357.6474609375,12781.640625,3290.01708984375,21.708436965942383,0.0,11839.5146484375,0.07029123604297638,17.79973793029785,0.813377857208252,4.850301742553711,3.9855659008026123,1.615899920463562,2.6226816177368164,5.355673789978027,0.0010269162012264132,0.3911084830760956,0.8680065870285034,0.0,0.0,0.0,0.0,4082.654052734375,186.56118774414062,664.96435546875,1816.4154052734375,363.4000549316406,0.0,555.8050537109375,0.035892684012651443,11.733254432678223,60.15285873413086,0.0,0.0,0.0,233.1253662109375,233.1253662109375,132.7688751220703,143.49961853027344,112.01606750488281,0.0,0.0,0.0,132.7688751220703,143.49961853027344,112.01606750488281,0.0,0.0,0.0,17.12645721435547,20.265201568603516,11.056262016296387,0.0,0.0,0.0
152.0,38.39006042480469,31722.87890625,3581.070068359375,15360.16796875,12781.640625,3290.01708984375,21.096956253051758,0.0,12175.404296875,0.07029123604297638,17.799949645996094,0.8133968114852905,4.852787017822266,3.9887545108795166,1.615899920463562,2.6226816177368164,5.366159915924072,0.0010269162012264132,0.3911084830760956,0.8680065870285034,0.0,0.0,0.0,0.0,4152.49267578125,189.75473022460938,675.1513671875,1810.4625244140625,291.3421630859375,0.0,726.3610229492188,0.04687194898724556,35.199764251708984,85.93265533447266,0.0,0.0,0.0,234.35203552246094,234.35203552246094,135.7945098876953,168.09664916992188,156.71682739257812,0.0,0.0,0.0,135.7945098876953,168.09664916992188,156.71682739257812,0.0,0.0,0.0,18.62293815612793,28.07131576538086,24.742713928222656,0.0,0.0,0.0
153.0,38.39790344238281,31723.67578125,3581.070068359375,15360.96484375,12781.640625,3290.01708984375,21.10141372680664,0.0,12175.08203125,0.07029123604297638,17.800025939941406,0.813403844833374,4.853707790374756,3.9899942874908447,1.615899920463562,2.6226816177368164,5.371757984161377,0.0010269162012264132,0.3911084830760956,0.8680065870285034,0.0,0.0,0.0,0.0,4150.54052734375,189.66632080078125,674.944091796875,696.9072265625,298.7037353515625,0.0,1833.24853515625,0.11825233697891235,35.199764251708984,85.93265533447266,0.0,0.0,0.0,235.61788940429688,235.61788940429688,104.357177734375,183.62913513183594,154.9464111328125,0.0,0.0,0.0,104.357177734375,183.62913513183594,154.9464111328125,0.0,0.0,0.0,9.423062324523926,32.610111236572266,24.22041130065918,0.0,0.0,0.0
154.0,38.402400970458984,31727.212890625,3581.070068359375,15364.5029296875,12781.640625,3290.01708984375,20.82524871826172,0.6119517087936401,12335.16015625,0.07029123604297638,17.8000431060791,0.8134053349494934,4.853911399841309,3.990278482437134,1.615899920463562,2.6226816177368164,5.375747203826904,0.0010269162012264132,0.3911084830760956,0.8680065870285034,0.0,0.0,0.0,0.0,4161.83056640625,190.18240356445312,676.4215698242188,1851.5511474609375,377.9335021972656,0.0,692.6926879882812,0.044669076800346375,35.199764251708984,85.93265533447266,0.0,0.0,0.0,236.9158172607422,236.9158172607422,161.1997833251953,170.36941528320312,161.3358612060547,0.0,0.0,0.0,161.1997833251953,170.36941528320312,161.3358612060547,0.0,0.0,0.0,25.713735580444336,28.395851135253906,25.7535400390625,0.0,0.0,0.0
155.0,38.41157531738281,31730.96484375,3581.070068359375,15368.25390625,12781.640625,3290.01708984375,20.41977882385254,0.0,12576.5498046875,0.07029123604297638,17.800067901611328,0.8134075999259949,4.854208469390869,3.990699052810669,1.615899920463562,2.6226816177368164,5.384175777435303,0.0010269162012264132,0.3911084830760956,0.8680065870285034,0.0,0.0,0.0,0.0,4148.24072265625,189.5616455078125,674.192138671875,1818.9390869140625,658.8268432617188,0.0,623.3358764648438,0.04017280787229538,34.495174407958984,85.40980529785156,0.0,0.0,0.0,238.2578887939453,238.2578887939453,147.74679565429688,160.69459533691406,135.39427185058594,0.0,0.0,0.0,147.74679565429688,160.69459533691406,135.39427185058594,0.0,0.0,0.0,22.796157836914062,26.583389282226562,19.183046340942383,0.0,0.0,0.0
156.0,38.41932678222656,31732.591796875,3581.070068359375,15369.880859375,12781.640625,3290.01708984375,19.852008819580078,0.0,12928.828125,0.07029123604297638,17.800085067749023,0.813409149646759,4.854413986206055,3.9914302825927734,1.615899920463562,2.6226816177368164,5.3909711837768555,0.0010269162012264132,0.3911084830760956,0.8680065870285034,0.0,0.0,0.0,0.0,4165.146484375,190.33438110351562,676.3245239257812,1822.0723876953125,874.5299072265625,0.0,619.6588134765625,0.03991693630814552,35.02946853637695,85.80628204345703,0.0,0.0,0.0,239.64407348632812,239.64407348632812,113.48716735839844,153.18832397460938,130.61782836914062,0.0,0.0,0.0,113.48716735839844,153.18832397460938,130.61782836914062,0.0,0.0,0.0,13.342988967895508,24.955575942993164,18.353708267211914,0.0,0.0,0.0
157.0,38.423492431640625,31848.376953125,3581.070068359375,15371.6640625,12895.6435546875,3290.01708984375,19.15387725830078,0.0,13436.763671875,0.07029123604297638,17.800090789794922,0.8134095668792725,4.854468822479248,3.9935526847839355,1.615899920463562,2.6226816177368164,5.39295768737793,0.0010269162012264132,0.3911084830760956,0.8680065870285034,0.0,0.0,0.0,0.0,4207.59130859375,192.27401733398438,682.0327758789062,1900.3834228515625,1084.040283203125,0.0,666.0025024414062,0.04289666935801506,11.733254432678223,65.5494613647461,0.0,0.0,0.0,241.0712127685547,241.0712127685547,115.48900604248047,131.40972900390625,105.83792114257812,0.0,0.0,0.0,115.48900604248047,131.40972900390625,105.83792114257812,0.0,0.0,0.0,14.626656532287598,19.28346824645996,11.803714752197266,0.0,0.0,0.0
158.0,38.43001174926758,32057.87109375,3581.070068359375,15374.42578125,13102.3740234375,3290.01708984375,19.143566131591797,0.0,13532.025390625,0.07029123604297638,17.800094604492188,0.8134100437164307,4.8545308113098145,3.9976563453674316,1.615899920463562,2.6226816177368164,5.395303249359131,0.0010269162012264132,0.3911084830760956,0.8680065870285034,0.0,0.0,0.0,0.0,4222.0068359375,192.93283081054688,684.0147094726562,1914.1365966796875,1085.8701171875,0.0,692.6192626953125,0.04460355266928673,12.212688446044922,68.53711700439453,0.0,0.0,0.0,242.51234436035156,242.51234436035156,121.17472839355469,135.05357360839844,109.56689453125,0.0,0.0,0.0,121.17472839355469,135.05357360839844,109.56689453125,0.0,0.0,0.0,16.30004119873047,20.359601974487305,12.90475082397461,0.0,0.0,0.0
159.0,38.43498611450195,32099.0390625,3581.070068359375,15375.2998046875,13142.6689453125,3290.01708984375,19.755516052246094,0.0,13142.4833984375,0.07029123604297638,17.800098419189453,0.8134102821350098,4.854568004608154,4.0005950927734375,1.615899920463562,2.6226816177368164,5.397299289703369,0.0010269162012264132,0.3911084830760956,0.8680065870285034,0.0,0.0,0.0,0.0,4193.4296875,191.62696838378906,680.149169921875,1899.0797119140625,900.8046875,0.0,666.7987670898438,0.04293449968099594,11.733254432678223,64.91806030273438,0.0,0.0,0.0,243.9165496826172,243.9165496826172,127.78778076171875,141.74703979492188,122.40457916259766,0.0,0.0,0.0,127.78778076171875,141.74703979492188,122.40457916259766,0.0,0.0,0.0,17.62240982055664,21.705493927001953,16.047822952270508,0.0,0.0,0.0
160.0,38.4378662109375,32100.39453125,3581.070068359375,15376.65625,13142.6689453125,3290.01708984375,19.74530601501465,0.0,13151.662109375,0.07029123604297638,17.800100326538086,0.8134104013442993,4.854579448699951,4.00180721282959,1.615899920463562,2.6226816177368164,5.398956775665283,0.0010269162012264132,0.3911084830760956,0.8680065870285034,0.0,0.0,0.0,0.0,4258.7861328125,194.61355590820312,689.396240234375,1944.359130859375,561.2937622070312,0.0,871.4768676757812,0.05610663816332817,19.225276947021484,74.192138671875,0.0,0.0,0.0,245.28346252441406,245.28346252441406,130.48587036132812,148.93630981445312,128.1736602783203,0.0,0.0,0.0,130.48587036132812,148.93630981445312,128.1736602783203,0.0,0.0,0.0,18.421810150146484,23.818565368652344,17.7454891204834,0.0,0.0,0.0
161.0,38.44144058227539,32102.373046875,3581.070068359375,15378.6337890625,13142.6689453125,3290.01708984375,20.687191009521484,0.0,12572.189453125,0.07029123604297638,17.800100326538086,0.8134104013442993,4.854584693908691,4.003347873687744,1.615899920463562,2.6226816177368164,5.400981903076172,0.0010269162012264132,0.3911084830760956,0.8680065870285034,0.0,0.0,0.0,0.0,4194.58935546875,191.67996215820312,680.765625,1922.0985107421875,396.7005920410156,0.0,752.501953125,0.0484398752450943,13.408713340759277,69.94559478759766,0.0,0.0,0.0,246.6237335205078,246.6237335205078,85.67835998535156,143.97357177734375,121.74832916259766,0.0,0.0,0.0,85.67835998535156,143.97357177734375,121.74832916259766,0.0,0.0,0.0,4.373729228973389,21.425077438354492,14.9241943359375,0.0,0.0,0.0
162.0,38.45075607299805,32114.818359375,3581.070068359375,15391.080078125,13142.6689453125,3290.01708984375,20.95345687866211,0.0,12423.6650390625,0.07029123604297638,17.800100326538086,0.8134104609489441,4.854588031768799,4.004910469055176,1.615899920463562,2.6226816177368164,5.408732891082764,0.0010269162012264132,0.3911084830760956,0.8680065870285034,0.0,0.0,0.0,0.0,4173.439453125,190.7135009765625,677.7713623046875,1910.7596435546875,374.6534118652344,0.0,713.8554077148438,0.045926980674266815,11.733254432678223,67.43576049804688,0.0,0.0,0.0,247.91123962402344,247.91123962402344,122.23451232910156,138.0663604736328,126.23970031738281,0.0,0.0,0.0,122.23451232910156,138.0663604736328,126.23970031738281,0.0,0.0,0.0,14.800139427185059,19.430952072143555,15.971654891967773,0.0,0.0,0.0
163.0,38.47842788696289,32124.853515625,3581.070068359375,15401.115234375,13142.6689453125,3290.01708984375,21.267803192138672,0.0,12251.0556640625,0.07029123604297638,17.800100326538086,0.8134105205535889,4.85459566116333,4.00978946685791,1.615899920463562,2.6226816177368164,5.4315185546875,0.0010269162012264132,0.3911084830760956,0.8680065870285034,0.0,0.0,0.0,0.0,4145.59521484375,189.4411163330078,673.8209228515625,1874.727294921875,366.10009765625,0.0,665.3167114257812,0.04273567348718643,18.49423599243164,69.34637451171875,0.0,0.0,0.0,249.16830444335938,249.16830444335938,127.120361328125,154.2017364501953,127.38245391845703,0.0,0.0,0.0,127.120361328125,154.2017364501953,127.38245391845703,0.0,0.0,0.0,15.914900779724121,23.83620262145996,15.99156379699707,0.0,0.0,0.0
164.0,38.49872970581055,32128.6640625,3581.070068359375,15404.92578125,13142.6689453125,3290.01708984375,20.668930053710938,0.0,12598.623046875,0.07029123604297638,17.80010223388672,0.8134105205535889,4.854600429534912,4.013547897338867,1.615899920463562,2.6226816177368164,5.448052883148193,0.0010269162012264132,0.3911084830760956,0.8680065870285034,0.0,0.0,0.0,0.0,4217.9111328125,192.7457275390625,684.0399169921875,718.3826293945312,293.57666015625,0.0,2007.8245849609375,0.12882019579410553,35.199764251708984,85.93265533447266,0.0,0.0,0.0,250.42552185058594,250.42552185058594,135.34608459472656,185.8529510498047,133.02642822265625,0.0,0.0,0.0,135.34608459472656,185.8529510498047,133.02642822265625,0.0,0.0,0.0,18.9197998046875,33.69305419921875,18.241300582885742,0.0,0.0,0.0
165.0,38.50917053222656,32129.869140625,3581.070068359375,15406.130859375,13142.6689453125,3290.01708984375,20.673540115356445,0.0,12598.2900390625,0.07029123604297638,17.80010223388672,0.8134105801582336,4.854602336883545,4.015012741088867,1.615899920463562,2.6226816177368164,5.457027912139893,0.0010269162012264132,0.3911084830760956,0.8680065870285034,0.0,0.0,0.0,0.0,4215.92626953125,192.655029296875,683.7070922851562,713.5198364257812,300.9948425292969,0.0,2006.150390625,0.12863175570964813,35.199764251708984,85.93265533447266,0.0,0.0,0.0,251.72845458984375,251.72845458984375,144.10073852539062,185.38453674316406,158.0591583251953,0.0,0.0,0.0,144.10073852539062,185.38453674316406,158.0591583251953,0.0,0.0,0.0,21.475923538208008,33.55143737792969,25.558761596679688,0.0,0.0,0.0
166.0,38.51771926879883,32141.380859375,3581.070068359375,15417.642578125,13142.6689453125,3290.01708984375,20.407751083374023,0.0,12763.9248046875,0.07029123604297638,17.80010223388672,0.8134105801582336,4.854602336883545,4.015316009521484,1.615899920463562,2.6226816177368164,5.465273857116699,0.0010269162012264132,0.3911084830760956,0.8680065870285034,0.0,0.0,0.0,0.0,4227.64453125,193.1905059814453,685.2173461914062,644.4041137695312,380.84759521484375,0.0,2091.72265625,0.2858410179615021,35.199764251708984,85.93265533447266,0.0,0.0,0.0,253.06582641601562,253.06582641601562,175.0601806640625,183.90093994140625,172.07321166992188,0.0,0.0,0.0,175.0601806640625,183.90093994140625,172.07321166992188,0.0,0.0,0.0,30.797353744506836,33.38327407836914,29.923664093017578,0.0,0.0,0.0
167.0,38.54523849487305,32151.28515625,3581.070068359375,15427.5458984375,13142.6689453125,3290.01708984375,20.013805389404297,0.0,13013.7099609375,0.07029123604297638,17.80010223388672,0.8134105801582336,4.854603290557861,4.016122341156006,1.615899920463562,2.6226816177368164,5.491983890533447,0.0010269162012264132,0.3911084830760956,0.8680065870285034,0.0,0.0,0.0,0.0,4213.6953125,192.55308532714844,682.8978271484375,1892.0377197265625,663.8862915039062,0.0,745.0658569335938,0.04765703156590462,35.199764251708984,85.93265533447266,0.0,0.0,0.0,254.44471740722656,254.44471740722656,155.2412109375,159.043701171875,144.5721893310547,0.0,0.0,0.0,155.2412109375,159.043701171875,144.5721893310547,0.0,0.0,0.0,25.39424705505371,26.50647735595703,22.2735595703125,0.0,0.0,0.0
168.0,38.564388275146484,32154.41796875,3581.070068359375,15430.6796875,13142.6689453125,3290.01708984375,19.480756759643555,0.0,13362.8466796875,0.07029123604297638,17.80010223388672,0.8134105801582336,4.8546037673950195,4.017449378967285,1.615899920463562,2.6226816177368164,5.509807586669922,0.0010269162012264132,0.3911084830760956,0.8680065870285034,0.0,0.0,0.0,0.0,4228.8203125,193.24424743652344,684.7529907226562,1895.0819091796875,881.047607421875,0.0,740.9354858398438,0.0473347008228302,35.199764251708984,85.93265533447266,0.0,0.0,0.0,255.8701934814453,255.8701934814453,142.90557861328125,155.2545928955078,142.41748046875,0.0,0.0,0.0,142.90557861328125,155.2545928955078,142.41748046875,0.0,0.0,0.0,22.31912612915039,25.931209564208984,22.17635726928711,0.0,0.0,0.0
169.0,38.573753356933594,32267.921875,3581.070068359375,15433.8505859375,13253.0009765625,3587.67431640625,18.792774200439453,0.0,13887.83203125,0.07029123604297638,17.80010223388672,0.8134105801582336,4.854604244232178,4.021615028381348,1.615899920463562,2.6226816177368164,5.515006065368652,0.0010269162012264132,0.3911084830760956,0.8680065870285034,0.0,0.0,0.0,0.0,4272.7587890625,195.25209045410156,690.662841796875,1947.1571044921875,1092.268310546875,0.0,807.9135131835938,0.051595672965049744,17.920875549316406,73.22418975830078,0.0,0.0,0.0,257.34234619140625,257.34234619140625,117.24958038330078,138.93661499023438,102.3771743774414,0.0,0.0,0.0,117.24958038330078,138.93661499023438,102.3771743774414,0.0,0.0,0.0,15.502727508544922,21.84618377685547,11.152549743652344,0.0,0.0,0.0
170.0,38.58576202392578,32482.63671875,3581.070068359375,15438.6337890625,13462.93359375,3587.67431640625,18.783964157104492,0.0,13986.2958984375,0.07029123604297638,17.80010223388672,0.8134105801582336,4.854604244232178,4.027148246765137,1.615899920463562,2.6226816177368164,5.521483898162842,0.0010269162012264132,0.3911084830760956,0.8680065870285034,0.0,0.0,0.0,0.0,4287.18994140625,195.91156005859375,692.4959716796875,1956.11767578125,1094.060546875,0.0,842.3070068359375,0.053767576813697815,19.503372192382812,74.39849853515625,0.0,0.0,0.0,258.8359069824219,258.8359069824219,123.2026596069336,140.03646850585938,118.10279846191406,0.0,0.0,0.0,123.2026596069336,140.03646850585938,118.10279846191406,0.0,0.0,0.0,17.2528133392334,22.17670440673828,15.761104583740234,0.0,0.0,0.0
171.0,38.596858978271484,32531.345703125,3581.070068359375,15446.451171875,13503.82421875,3587.67431640625,19.389131546020508,0.0,13583.681640625,0.07029123604297638,17.80010223388672,0.8134105801582336,4.854604244232178,4.029598236083984,1.615899920463562,2.6226816177368164,5.530130386352539,0.0010269162012264132,0.3911084830760956,0.8680065870285034,0.0,0.0,0.0,0.0,4258.06298828125,194.58055114746094,688.6871948242188,1948.453369140625,907.5974731445312,0.0,801.9454956054688,0.05115947872400284,17.26740264892578,72.73927307128906,0.0,0.0,0.0,260.2966613769531,260.2966613769531,115.97882843017578,145.10662841796875,127.07474517822266,0.0,0.0,0.0,115.97882843017578,145.10662841796875,127.07474517822266,0.0,0.0,0.0,14.534676551818848,23.054555892944336,17.780231475830078,0.0,0.0,0.0
172.0,38.61866760253906,32545.41015625,3581.070068359375,15460.5146484375,13503.82421875,3587.67431640625,19.386686325073242,0.0,13593.1669921875,0.07029123604297638,17.80010223388672,0.8134105801582336,4.854604244232178,4.032543182373047,1.615899920463562,2.6226816177368164,5.548992156982422,0.0010269162012264132,0.3911084830760956,0.8680065870285034,0.0,0.0,0.0,0.0,4326.833984375,197.72317504882812,695.2069091796875,1984.22900390625,565.3505249023438,0.0,1024.135009765625,0.06524767726659775,23.466508865356445,77.33938598632812,0.0,0.0,0.0,261.72113037109375,261.72113037109375,129.9288330078125,154.49671936035156,129.4704132080078,0.0,0.0,0.0,129.9288330078125,154.49671936035156,129.4704132080078,0.0,0.0,0.0,18.61749839782715,25.803604125976562,18.483409881591797,0.0,0.0,0.0
173.0,38.649593353271484,32555.39453125,3581.070068359375,15470.5,13503.82421875,3587.67431640625,20.3173828125,0.0,12994.234375,0.07029123604297638,17.80010223388672,0.8134105801582336,4.854604244232178,4.037159442901611,1.615899920463562,2.6226816177368164,5.5753021240234375,0.0010269162012264132,0.3911084830760956,0.8680065870285034,0.0,0.0,0.0,0.0,4258.12109375,194.58319091796875,688.8536987304688,1962.9576416015625,399.6117248535156,0.0,890.4703979492188,0.05662815272808075,20.057966232299805,74.81004333496094,0.0,0.0,0.0,263.1207275390625,263.1207275390625,117.62469482421875,149.14561462402344,114.62146759033203,0.0,0.0,0.0,117.62469482421875,149.14561462402344,114.62146759033203,0.0,0.0,0.0,14.087841033935547,23.307710647583008,13.209396362304688,0.0,0.0,0.0
174.0,38.677635192871094,32575.0546875,3581.070068359375,15490.16015625,13503.82421875,3587.67431640625,20.583614349365234,0.0,12840.734375,0.07029123604297638,17.80010223388672,0.8134105801582336,4.854604244232178,4.040130615234375,1.615899920463562,2.6226816177368164,5.600371360778809,0.0010269162012264132,0.3911084830760956,0.8680065870285034,0.0,0.0,0.0,0.0,4237.205078125,193.62741088867188,686.1769409179688,1955.34375,377.44781494140625,0.0,843.7555541992188,0.05356394872069359,17.933828353881836,73.23380279541016,0.0,0.0,0.0,264.47021484375,264.47021484375,126.98854064941406,146.36412048339844,79.54290008544922,0.0,0.0,0.0,126.98854064941406,146.36412048339844,79.54290008544922,0.0,0.0,0.0,16.56053352355957,22.227890014648438,2.6826844215393066,0.0,0.0,0.0
175.0,38.7244873046875,32589.892578125,3581.070068359375,15504.9970703125,13503.82421875,3587.67431640625,20.895761489868164,0.0,12662.32421875,0.07029123604297638,17.80010223388672,0.8134105801582336,4.854604244232178,4.044772624969482,1.615899920463562,2.6226816177368164,5.64258337020874,0.0010269162012264132,0.3911084830760956,0.8680065870285034,0.0,0.0,0.0,0.0,4208.41552734375,192.3118133544922,682.0902709960938,1884.9462890625,368.798583984375,0.0,809.7168579101562,0.05125287547707558,32.80157470703125,84.1530532836914,0.0,0.0,0.0,265.78955078125,265.78955078125,103.58464813232422,158.25405883789062,129.4579315185547,0.0,0.0,0.0,103.58464813232422,158.25405883789062,129.4579315185547,0.0,0.0,0.0,9.40274715423584,25.3935489654541,16.97068214416504,0.0,0.0,0.0
176.0,38.75496292114258,32594.5859375,3581.070068359375,15509.6923828125,13503.82421875,3587.67431640625,20.307376861572266,0.0,13021.552734375,0.07029123604297638,17.80010223388672,0.8134105801582336,4.854604244232178,4.047701358795166,1.615899920463562,2.6226816177368164,5.670129299163818,0.0010269162012264132,0.3911084830760956,0.8680065870285034,0.0,0.0,0.0,0.0,4278.955078125,195.53524780273438,690.8055419921875,840.2413940429688,295.56640625,0.0,2081.56298828125,0.1315065175294876,35.199764251708984,85.93265533447266,0.0,0.0,0.0,267.1128234863281,267.1128234863281,139.06454467773438,189.00942993164062,154.71400451660156,0.0,0.0,0.0,139.06454467773438,189.00942993164062,154.71400451660156,0.0,0.0,0.0,20.369001388549805,34.97787857055664,24.946470260620117,0.0,0.0,0.0
177.0,38.769554138183594,32596.072265625,3581.070068359375,15511.177734375,13503.82421875,3587.67431640625,20.3121395111084,0.0,13021.2080078125,0.07029123604297638,17.80010223388672,0.8134105801582336,4.854604244232178,4.048739910125732,1.615899920463562,2.6226816177368164,5.6836838722229,0.0010269162012264132,0.3911084830760956,0.8680065870285034,0.0,0.0,0.0,0.0,4277.2412109375,195.45693969726562,690.6116333007812,571.0111083984375,303.0528869628906,0.0,2343.504150390625,0.3134844899177551,35.199764251708984,85.93265533447266,0.0,0.0,0.0,268.4875183105469,268.4875183105469,184.95472717285156,189.53102111816406,165.9350128173828,0.0,0.0,0.0,184.95472717285156,189.53102111816406,165.9350128173828,0.0,0.0,0.0,33.7871208190918,35.12568664550781,28.223854064941406,0.0,0.0,0.0
178.0,38.78047180175781,32609.796875,3581.070068359375,15524.90234375,13503.82421875,3587.67431640625,20.05204963684082,0.0,13192.4140625,0.07029123604297638,17.80010223388672,0.8134105801582336,4.854604244232178,4.049020290374756,1.615899920463562,2.6226816177368164,5.694321632385254,0.0010269162012264132,0.3911084830760956,0.8680065870285034,0.0,0.0,0.0,0.0,4288.54541015625,195.97349548339844,691.812744140625,941.4398803710938,383.4048156738281,0.0,1993.797119140625,0.12575311958789825,35.199764251708984,85.93265533447266,0.0,0.0,0.0,269.90087890625,269.90087890625,140.0645751953125,186.3112030029297,157.3434600830078,0.0,0.0,0.0,140.0645751953125,186.3112030029297,157.3434600830078,0.0,0.0,0.0,20.91683578491211,34.443973541259766,25.970911026000977,0.0,0.0,0.0
179.0,38.81349182128906,32621.9453125,3581.070068359375,15537.05078125,13503.82421875,3587.67431640625,19.665956497192383,0.0,13450.580078125,0.07029123604297638,17.80010223388672,0.8134105801582336,4.854604244232178,4.050288677215576,1.615899920463562,2.6226816177368164,5.726071834564209,0.0010269162012264132,0.3911084830760956,0.8680065870285034,0.0,0.0,0.0,0.0,4277.59716796875,195.4731903076172,690.9287109375,1946.717041015625,668.7578735351562,0.0,888.0014038085938,0.055890507996082306,35.199764251708984,85.93265533447266,0.0,0.0,0.0,271.36419677734375,271.36419677734375,160.76116943359375,165.29086303710938,141.31922912597656,0.0,0.0,0.0,160.76116943359375,165.29086303710938,141.31922912597656,0.0,0.0,0.0,27.3566837310791,28.681621551513672,21.669918060302734,0.0,0.0,0.0
180.0,38.84199142456055,32870.796875,3813.3701171875,15553.6015625,13503.82421875,3587.67431640625,19.30729866027832,0.0,13796.587890625,0.07029123604297638,17.80010223388672,0.8134105801582336,4.854604244232178,4.051999092102051,1.615899920463562,2.6226816177368164,5.752860069274902,0.0010269162012264132,0.3911084830760956,0.8680065870285034,0.0,0.0,0.0,0.0,4290.6962890625,196.07177734375,692.4290161132812,1949.6724853515625,887.2749633789062,0.0,882.8802490234375,0.05546955019235611,35.199764251708984,85.93265533447266,0.0,0.0,0.0,272.8787841796875,272.8787841796875,138.73577880859375,153.89633178710938,136.5926055908203,0.0,0.0,0.0,138.73577880859375,153.89633178710938,136.5926055908203,0.0,0.0,0.0,21.272916793823242,25.70737648010254,20.646038055419922,0.0,0.0,0.0
181.0,38.88223648071289,32992.75,3813.3701171875,15569.0966796875,13610.2822265625,3587.67431640625,18.628173828125,0.0,14338.6123046875,0.07029123604297638,17.80010223388672,0.8134105801582336,4.854604244232178,4.060966491699219,1.615899920463562,2.6226816177368164,5.783143520355225,0.0010269162012264132,0.3911084830760956,0.8690028190612793,0.0,0.0,0.0,0.0,4339.986328125,198.32418823242188,696.821044921875,1989.6287841796875,1100.166259765625,0.0,957.8653564453125,0.060061465948820114,23.466508865356445,77.42814636230469,0.0,0.0,0.0,274.4405212402344,274.4405212402344,123.35488891601562,142.89300537109375,103.7898178100586,0.0,0.0,0.0,123.35488891601562,142.89300537109375,103.7898178100586,0.0,0.0,0.0,17.4531307220459,23.168031692504883,11.730347633361816,0.0,0.0,0.0
182.0,38.92034912109375,33220.45703125,3813.3701171875,15583.779296875,13823.3095703125,3587.67431640625,18.623977661132812,0.0,14440.2744140625,0.07029123604297638,17.80010223388672,0.8134105801582336,4.854604244232178,4.0693464279174805,1.615899920463562,2.6226816177368164,5.804617404937744,0.0010269162012264132,0.3911084830760956,0.8772597312927246,0.0,0.0,0.0,0.0,4353.7041015625,198.9510498046875,698.1951293945312,2002.0594482421875,1101.767578125,0.0,994.2708740234375,0.06225394457578659,23.466508865356445,78.1638412475586,0.0,0.0,0.0,276.0244140625,276.0244140625,95.66587829589844,148.49072265625,103.24153900146484,0.0,0.0,0.0,95.66587829589844,148.49072265625,103.24153900146484,0.0,0.0,0.0,9.358292579650879,24.809560775756836,11.574172019958496,0.0,0.0,0.0
183.0,38.96013259887695,33279.62109375,3813.3701171875,15601.4775390625,13864.7744140625,3587.67431640625,19.23003578186035,0.0,14024.587890625,0.07029123604297638,17.80010223388672,0.8134105801582336,4.854604244232178,4.075664520263672,1.615899920463562,2.6226816177368164,5.829279899597168,0.0010269162012264132,0.3911084830760956,0.8860629796981812,0.0,0.0,0.0,0.0,4317.79052734375,197.30992126464844,695.1326904296875,2000.7254638671875,913.5472412109375,0.0,942.1126098632812,0.05888645723462105,23.466508865356445,78.94821166992188,0.0,0.0,0.0,277.5749816894531,277.5749816894531,130.51560974121094,151.194091796875,127.91595458984375,0.0,0.0,0.0,130.51560974121094,151.194091796875,127.91595458984375,0.0,0.0,0.0,18.945777893066406,24.994234085083008,18.185379028320312,0.0,0.0,0.0
184.0,39.00171661376953,33297.15234375,3813.3701171875,15619.005859375,13864.7744140625,3587.67431640625,19.229503631591797,0.0,14034.3798828125,0.07029123604297638,17.80010223388672,0.8134105801582336,4.854604244232178,4.080332279205322,1.615899920463562,2.6226816177368164,5.854859828948975,0.0010269162012264132,0.3911084830760956,0.8973981738090515,0.0,0.0,0.0,0.0,4386.43359375,200.44668579101562,700.9661254882812,2040.1820068359375,568.9268188476562,0.0,1173.72216796875,0.07323287427425385,23.466508865356445,79.95817565917969,0.0,0.0,0.0,279.08721923828125,279.08721923828125,128.4341583251953,156.67523193359375,130.53753662109375,0.0,0.0,0.0,128.4341583251953,156.67523193359375,130.53753662109375,0.0,0.0,0.0,18.337488174438477,26.598003387451172,18.952722549438477,0.0,0.0,0.0
185.0,39.04279327392578,33341.3828125,3813.3701171875,15663.2392578125,13864.7744140625,3587.67431640625,20.174253463745117,0.0,13416.0087890625,0.07029123604297638,17.80010223388672,0.8134105801582336,4.854604244232178,4.084404945373535,1.615899920463562,2.6226816177368164,5.865145683288574,0.0010269162012264132,0.3911084830760956,0.9241197109222412,0.0,0.0,0.0,0.0,4323.98828125,197.5931396484375,694.3993530273438,2008.22216796875,402.40625,0.0,1023.6920776367188,0.06382664293050766,23.466508865356445,82.33906555175781,0.0,0.0,0.0,280.57061767578125,280.57061767578125,74.55188751220703,153.2255859375,101.99852752685547,0.0,0.0,0.0,74.55188751220703,153.2255859375,101.99852752685547,0.0,0.0,0.0,1.6321746110916138,24.64423179626465,9.660317420959473,0.0,0.0,0.0
186.0,39.196678161621094,33428.91015625,3813.3701171875,15750.767578125,13864.7744140625,3587.67431640625,20.48023796081543,0.0,13257.5263671875,0.07029123604297638,17.80010223388672,0.8134105801582336,4.854604244232178,4.097836494445801,1.615899920463562,2.6226816177368164,5.909456729888916,0.0010269162012264132,0.3911084830760956,1.0202603340148926,0.0,0.0,0.0,0.0,4295.6123046875,196.2964324951172,692.30078125,2011.0509033203125,379.8585205078125,0.0,958.442138671875,0.05957874655723572,23.466508865356445,90.90519714355469,0.0,0.0,0.0,281.9981384277344,281.9981384277344,134.9235076904297,145.39889526367188,87.675537109375,0.0,0.0,0.0,134.9235076904297,145.39889526367188,87.675537109375,0.0,0.0,0.0,18.984886169433594,22.048938751220703,5.16485595703125,0.0,0.0,0.0
187.0,39.35421371459961,33464.7734375,3813.3701171875,15786.6298828125,13864.7744140625,3587.67431640625,20.804039001464844,0.0,13073.3291015625,0.07029123604297638,17.80010223388672,0.8134105801582336,4.854604244232178,4.111103534698486,1.615899920463562,2.6226816177368164,5.9568657875061035,0.0010269162012264132,0.3911084830760956,1.1171208620071411,0.0,0.0,0.0,0.0,4269.28515625,195.09335327148438,689.581787109375,1931.46826171875,371.3662109375,0.0,919.878662109375,0.0569983571767807,35.199764251708984,110.594970703125,0.0,0.0,0.0,283.39398193359375,283.39398193359375,170.21405029296875,165.36363220214844,138.72079467773438,0.0,0.0,0.0,170.21405029296875,165.36363220214844,138.72079467773438,0.0,0.0,0.0,28.983572006225586,27.564823150634766,19.771791458129883,0.0,0.0,0.0
188.0,39.44188690185547,33476.12109375,3813.3701171875,15797.9775390625,13864.7744140625,3587.67431640625,20.221662521362305,0.0,13444.2197265625,0.07029123604297638,17.80010223388672,0.8134105801582336,4.854604244232178,4.1183366775512695,1.615899920463562,2.6226816177368164,5.983884811401367,0.0010269162012264132,0.3911084830760956,1.1705390214920044,0.0,0.0,0.0,0.0,4345.52490234375,198.57728576660156,696.40478515625,903.3051147460938,297.65069580078125,0.0,2178.25146484375,0.14660386741161346,35.199764251708984,115.88336181640625,0.0,0.0,0.0,284.79962158203125,284.79962158203125,110.2639389038086,189.07077026367188,152.07359313964844,0.0,0.0,0.0,110.2639389038086,189.07077026367188,152.07359313964844,0.0,0.0,0.0,12.030539512634277,35.08153533935547,24.259862899780273,0.0,0.0,0.0
189.0,39.48159408569336,33479.7109375,3813.3701171875,15801.568359375,13864.7744140625,3587.67431640625,20.227754592895508,0.0,13443.8642578125,0.07029123604297638,17.80010223388672,0.8134105801582336,4.854604244232178,4.1223554611206055,1.615899920463562,2.6226816177368164,5.996932506561279,0.0010269162012264132,0.3911084830760956,1.193179726600647,0.0,0.0,0.0,0.0,4343.74072265625,198.49574279785156,696.2030639648438,897.2393188476562,305.18804931640625,0.0,2174.906982421875,0.1449461579322815,35.199764251708984,118.12479400634766,0.0,0.0,0.0,286.2608337402344,286.2608337402344,106.58131408691406,189.30001831054688,152.3837890625,0.0,0.0,0.0,106.58131408691406,189.30001831054688,152.3837890625,0.0,0.0,0.0,10.947279930114746,35.14249801635742,24.34450340270996,0.0,0.0,0.0
190.0,39.498695373535156,33485.390625,3813.3701171875,15807.24609375,13864.7744140625,3587.67431640625,19.96355628967285,0.0,13620.619140625,0.07029123604297638,17.80010223388672,0.8134105801582336,4.854604244232178,4.127320289611816,1.615899920463562,2.6226816177368164,6.003973960876465,0.0010269162012264132,0.3911084830760956,1.198276400566101,0.0,0.0,0.0,0.0,4355.35888671875,199.02667236328125,697.4448852539062,933.7325439453125,386.11590576171875,0.0,2161.154541015625,0.14006046950817108,35.199764251708984,118.62936401367188,0.0,0.0,0.0,287.75958251953125,287.75958251953125,155.11111450195312,188.00003051757812,156.60360717773438,0.0,0.0,0.0,155.11111450195312,188.00003051757812,156.60360717773438,0.0,0.0,0.0,25.406444549560547,35.02645492553711,25.84299659729004,0.0,0.0,0.0
191.0,39.5230598449707,33507.3671875,3813.3701171875,15829.22265625,13864.7744140625,3587.67431640625,19.58439826965332,0.0,13887.1708984375,0.07033678144216537,17.803483963012695,0.8137334585189819,4.854604244232178,4.134244918823242,1.615899920463562,2.6226816177368164,6.015375137329102,0.0010269162012264132,0.3911084830760956,1.2005655765533447,0.0,0.0,0.0,0.0,4344.39599609375,198.5667724609375,696.5120239257812,2010.948486328125,673.433349609375,0.0,986.8243408203125,0.06090709567070007,35.199764251708984,118.85599517822266,0.0,0.0,0.0,289.3080139160156,289.3080139160156,146.89385986328125,166.97695922851562,147.49981689453125,0.0,0.0,0.0,146.89385986328125,166.97695922851562,147.49981689453125,0.0,0.0,0.0,23.38205337524414,29.25636100769043,23.55929946899414,0.0,0.0,0.0
192.0,39.58226776123047,33545.8828125,3813.3701171875,15867.740234375,13864.7744140625,3587.67431640625,19.123050689697266,0.0,14230.05078125,0.07061338424682617,17.824020385742188,0.8157028555870056,4.854604244232178,4.147924900054932,1.615899920463562,2.6226816177368164,6.035121917724609,0.0010269162012264132,0.3911084830760956,1.2035627365112305,0.0,0.0,0.0,0.0,4396.3369140625,201.19503784179688,701.284423828125,2046.44775390625,676.7828979492188,0.0,1117.6912841796875,0.06889370828866959,35.199764251708984,119.15271759033203,0.0,0.0,0.0,290.9034729003906,290.9034729003906,145.32266235351562,167.2821502685547,142.47207641601562,0.0,0.0,0.0,145.32266235351562,167.2821502685547,142.47207641601562,0.0,0.0,0.0,23.383827209472656,29.806976318359375,22.550031661987305,0.0,0.0,0.0
193.0,39.66411590576172,33677.53515625,3813.3701171875,15896.81640625,13967.34765625,3587.67431640625,18.45368766784668,0.0,14789.1123046875,0.0709797665476799,17.851173400878906,0.8184919357299805,4.854604244232178,4.175469398498535,1.615899920463562,2.6226816177368164,6.056212425231934,0.0010269162012264132,0.3911084830760956,1.206467866897583,0.0,0.0,0.0,0.0,4405.57763671875,201.99960327148438,701.9546508789062,2074.448974609375,1106.345458984375,0.0,1047.7265625,0.06449394673109055,23.466508865356445,107.49629211425781,0.0,0.0,0.0,292.5545654296875,292.5545654296875,117.94058227539062,148.2612762451172,107.4217529296875,0.0,0.0,0.0,117.94058227539062,148.2612762451172,107.4217529296875,0.0,0.0,0.0,16.04393196105957,24.912736892700195,12.967174530029297,0.0,0.0,0.0
194.0,39.73575210571289,33912.8359375,3813.3701171875,15916.0048828125,14183.4609375,3587.67431640625,18.4510555267334,0.0,14893.962890625,0.07147538661956787,17.887710571289062,0.8219862580299377,4.854604244232178,4.193606376647949,1.615899920463562,2.6226816177368164,6.067780017852783,0.0010269162012264132,0.3911084830760956,1.2078704833984375,0.0,0.0,0.0,0.0,4425.15380859375,203.34716796875,703.02734375,2090.033447265625,1107.57275390625,0.0,1077.738037109375,0.06629040092229843,23.466508865356445,107.62126159667969,0.0,0.0,0.0,294.23345947265625,294.23345947265625,80.48170471191406,146.15318298339844,123.77226257324219,0.0,0.0,0.0,80.48170471191406,146.15318298339844,123.77226257324219,0.0,0.0,0.0,5.089842796325684,24.298749923706055,17.752330780029297,0.0,0.0,0.0
195.0,39.83744812011719,34125.56640625,3813.3701171875,16086.6982421875,14225.498046875,3587.67431640625,19.13755989074707,0.0,14465.220703125,0.07247623801231384,17.97102928161621,0.8300144076347351,4.854604244232178,4.197654724121094,1.615899920463562,2.6226816177368164,6.072816371917725,0.0010269162012264132,0.3911084830760956,1.2081341743469238,0.0,0.0,0.0,0.0,4408.29345703125,203.60250854492188,699.092041015625,2074.073486328125,918.2205810546875,0.0,1013.1417236328125,0.06229555606842041,23.466508865356445,107.6447525024414,0.0,0.0,0.0,295.8708190917969,295.8708190917969,128.60202026367188,152.40345764160156,122.08907318115234,0.0,0.0,0.0,128.60202026367188,152.40345764160156,122.08907318115234,0.0,0.0,0.0,18.478530883789062,25.440452575683594,16.57349395751953,0.0,0.0,0.0
196.0,40.29682922363281,34439.52734375,3813.3701171875,16400.66015625,14225.498046875,3587.67431640625,19.302993774414062,0.0,14475.3193359375,0.07664032280445099,18.356185913085938,0.8684622049331665,4.854604244232178,4.210405349731445,1.615899920463562,2.6226816177368164,6.090968132019043,0.0010269162012264132,0.3911084830760956,1.2088449001312256,0.0,0.0,0.0,0.0,4525.64111328125,214.11573791503906,701.2944946289062,2107.845703125,569.0563354492188,0.0,1203.6007080078125,0.07391626387834549,23.466508865356445,107.70807647705078,0.0,0.0,0.0,297.46734619140625,297.46734619140625,101.85420989990234,156.90855407714844,125.06385040283203,0.0,0.0,0.0,101.85420989990234,156.90855407714844,125.06385040283203,0.0,0.0,0.0,10.489362716674805,26.592756271362305,17.278182983398438,0.0,0.0,0.0
197.0,40.96382141113281,34638.0078125,3813.3701171875,16599.138671875,14225.498046875,3587.67431640625,20.342100143432617,0.0,13837.5224609375,0.08219480514526367,18.91525650024414,0.9246056079864502,4.854604244232178,4.233609676361084,1.615899920463562,2.6226816177368164,6.113297462463379,0.0010269162012264132,0.3911084830760956,1.2095364332199097,0.0,0.0,0.0,0.0,4530.97119140625,221.4805450439453,689.5836181640625,2071.23486328125,399.8591003417969,0.0,982.7030029296875,0.06026022136211395,20.779733657836914,104.96076965332031,0.0,0.0,0.0,299.0310363769531,299.0310363769531,120.1747817993164,152.3214874267578,125.71796417236328,0.0,0.0,0.0,120.1747817993164,152.3214874267578,125.71796417236328,0.0,0.0,0.0,14.8090238571167,24.21193504333496,16.430402755737305,0.0,0.0,0.0
198.0,41.51344680786133,35034.71875,3813.3701171875,16995.8515625,14225.498046875,3587.67431640625,20.832820892333984,0.0,13674.05078125,0.08626746386289597,19.385652542114258,0.9716191291809082,4.854604244232178,4.246976852416992,1.615899920463562,2.6226816177368164,6.1278157234191895,0.0010269162012264132,0.3911084830760956,1.209793210029602,0.0,0.0,0.0,0.0,4573.06005859375,229.2041778564453,682.244873046875,2046.314697265625,375.8606262207031,0.0,884.0897216796875,0.05416034162044525,17.567106246948242,101.62361907958984,0.0,0.0,0.0,300.53369140625,300.53369140625,132.32827758789062,148.04360961914062,99.10858154296875,0.0,0.0,0.0,132.32827758789062,148.04360961914062,99.10858154296875,0.0,0.0,0.0,17.873197555541992,22.469934463500977,8.156438827514648,0.0,0.0,0.0
199.0,42.476009368896484,35347.6875,3813.3701171875,17308.8203125,14225.498046875,3587.67431640625,21.32876968383789,0.0,13484.0703125,0.0931723564863205,20.202089309692383,1.0537208318710327,4.854604244232178,4.2797017097473145,1.615899920463562,2.6226816177368164,6.151851654052734,0.0010269162012264132,0.3911084830760956,1.2101504802703857,0.0,0.0,0.0,0.0,4648.80029296875,242.476806640625,668.80517578125,1969.96923828125,364.088623046875,0.0,742.24169921875,0.045397669076919556,29.896202087402344,114.25733184814453,0.0,0.0,0.0,302.0047912597656,302.0047912597656,136.3042449951172,160.5348663330078,141.56646728515625,0.0,0.0,0.0,136.3042449951172,160.5348663330078,141.56646728515625,0.0,0.0,0.0,18.54022216796875,25.627676010131836,20.07942008972168,0.0,0.0,0.0
200.0,43.12242889404297,35454.515625,3813.3701171875,17415.6484375,14225.498046875,3587.67431640625,20.78671646118164,0.0,13866.6162109375,0.09773371368646622,20.74692726135254,1.1084200143814087,4.854604244232178,4.306097984313965,1.615899920463562,2.6226816177368164,6.167563438415527,0.0010269162012264132,0.3911084830760956,1.2103639841079712,0.0,0.0,0.0,0.0,4798.22509765625,256.3487548828125,672.5462646484375,899.1530151367188,290.23162841796875,0.0,1971.70947265625,0.12046921253204346,31.984025955200195,116.46174621582031,0.0,0.0,0.0,303.4801330566406,303.4801330566406,135.67527770996094,183.50698852539062,153.3867950439453,0.0,0.0,0.0,135.67527770996094,183.50698852539062,153.3867950439453,0.0,0.0,0.0,18.898303985595703,32.88908004760742,24.078920364379883,0.0,0.0,0.0
201.0,43.43962860107422,35488.31640625,3813.3701171875,17449.44921875,14225.498046875,3587.67431640625,20.810611724853516,0.0,13866.2490234375,0.09994030743837357,21.012176513671875,1.1350126266479492,4.854604244232178,4.321604251861572,1.615899920463562,2.6226816177368164,6.175113677978516,0.0010269162012264132,0.3911084830760956,1.2104605436325073,0.0,0.0,0.0,0.0,4830.61767578125,260.9349670410156,669.3487548828125,772.7782592773438,296.78192138671875,0.0,2061.46484375,0.12588980793952942,29.29754066467285,113.66019439697266,0.0,0.0,0.0,305.00384521484375,305.00384521484375,116.75210571289062,185.79258728027344,140.798828125,0.0,0.0,0.0,116.75210571289062,185.79258728027344,140.798828125,0.0,0.0,0.0,13.339380264282227,33.53371810913086,20.373046875,0.0,0.0,0.0
202.0,43.57564163208008,35501.47265625,3813.3701171875,17462.603515625,14225.498046875,3587.67431640625,20.542661666870117,0.0,14048.5595703125,0.10083405673503876,21.122295379638672,1.1460989713668823,4.854604244232178,4.332518100738525,1.615899920463562,2.6226816177368164,6.178086757659912,0.0010269162012264132,0.3911084830760956,1.2104889154434204,0.0,0.0,0.0,0.0,4860.51953125,263.7325134277344,669.8994140625,616.5595703125,375.18341064453125,0.0,2227.345703125,0.26494303345680237,29.193050384521484,113.55352783203125,0.0,0.0,0.0,306.56243896484375,306.56243896484375,166.8734893798828,184.07369995117188,165.1096954345703,0.0,0.0,0.0,166.8734893798828,184.07369995117188,165.1096954345703,0.0,0.0,0.0,28.26783561706543,33.298892974853516,27.751924514770508,0.0,0.0,0.0
203.0,43.683311462402344,35637.07421875,3813.3701171875,17598.205078125,14225.498046875,3587.67431640625,20.21580696105957,0.0,14323.48046875,0.10152412950992584,21.21149444580078,1.1549804210662842,4.854604244232178,4.339243412017822,1.615899920463562,2.6226816177368164,6.180251121520996,0.0010269162012264132,0.3911084830760956,1.2104946374893188,0.0,0.0,0.0,0.0,4865.6240234375,264.9365539550781,667.7814331054688,1995.41357421875,654.088623046875,0.0,755.3541259765625,0.04611234739422798,26.127260208129883,110.45957946777344,0.0,0.0,0.0,308.1642150878906,308.1642150878906,151.0421600341797,165.60618591308594,135.0179901123047,0.0,0.0,0.0,151.0421600341797,165.60618591308594,135.0179901123047,0.0,0.0,0.0,23.964025497436523,28.224002838134766,19.276954650878906,0.0,0.0,0.0
204.0,44.00971603393555,35755.12109375,3813.3701171875,17716.251953125,14225.498046875,3587.67431640625,19.80104637145996,0.0,14663.2548828125,0.10359102487564087,21.479413986206055,1.1819992065429688,4.854604244232178,4.362175941467285,1.615899920463562,2.6226816177368164,6.186707496643066,0.0010269162012264132,0.3911084830760956,1.2105083465576172,0.0,0.0,0.0,0.0,4956.8076171875,272.7701416015625,671.585693359375,2025.40625,656.0506591796875,0.0,842.8055419921875,0.05142915993928909,28.619884490966797,112.95562744140625,0.0,0.0,0.0,309.8072509765625,309.8072509765625,142.53224182128906,160.47218322753906,133.1703643798828,0.0,0.0,0.0,142.53224182128906,160.47218322753906,133.1703643798828,0.0,0.0,0.0,21.88963508605957,27.137065887451172,19.15128517150879,0.0,0.0,0.0
205.0,44.23749923706055,35896.79296875,3813.3701171875,17759.234375,14324.189453125,3587.67431640625,19.107885360717773,0.0,15239.3232421875,0.10492782294750214,21.652870178222656,1.1997150182724,4.854604244232178,4.393271446228027,1.615899920463562,2.6226816177368164,6.190876483917236,0.0010269162012264132,0.3911084830760956,1.2105162143707275,0.0,0.0,0.0,0.0,4997.4326171875,276.8914794921875,671.3409423828125,2066.922607421875,1072.0526123046875,0.0,773.0828247070312,0.04716178774833679,11.733254432678223,83.88877868652344,0.0,0.0,0.0,311.4953308105469,311.4953308105469,96.58338928222656,137.16456604003906,120.32363891601562,0.0,0.0,0.0,96.58338928222656,137.16456604003906,120.32363891601562,0.0,0.0,0.0,9.142757415771484,21.01275062561035,16.086780548095703,0.0,0.0,0.0
206.0,44.36964416503906,36139.359375,3813.3701171875,17782.603515625,14543.38671875,3587.67431640625,19.10061264038086,0.0,15347.369140625,0.10569679737091064,21.752918243408203,1.2096619606018066,4.854604244232178,4.412256717681885,1.615899920463562,2.6226816177368164,6.193267345428467,0.0010269162012264132,0.3911084830760956,1.2105194330215454,0.0,0.0,0.0,0.0,5027.77587890625,279.5904846191406,672.2606811523438,2081.539794921875,1072.8267822265625,0.0,794.8005981445312,0.048478953540325165,11.733254432678223,83.88899993896484,0.0,0.0,0.0,313.2000732421875,313.2000732421875,93.30416107177734,137.1152801513672,107.06629943847656,0.0,0.0,0.0,93.30416107177734,137.1152801513672,107.06629943847656,0.0,0.0,0.0,8.190853118896484,21.00560760498047,12.216279029846191,0.0,0.0,0.0
207.0,44.46523666381836,36270.94921875,3813.3701171875,17871.583984375,14585.99609375,3587.67431640625,19.760025024414062,0.0,14905.5712890625,0.1063145101070404,21.833436965942383,1.2175111770629883,4.854604244232178,4.416955471038818,1.615899920463562,2.6226816177368164,6.195179462432861,0.0010269162012264132,0.3911084830760956,1.2105201482772827,0.0,0.0,0.0,0.0,4998.86279296875,278.754638671875,666.9979858398438,2058.16748046875,888.8671875,0.0,737.9035034179688,0.045002639293670654,11.733254432678223,83.88904571533203,0.0,0.0,0.0,314.85784912109375,314.85784912109375,123.17876434326172,140.07525634765625,118.28153991699219,0.0,0.0,0.0,123.17876434326172,140.07525634765625,118.28153991699219,0.0,0.0,0.0,16.26976203918457,21.211986541748047,14.837324142456055,0.0,0.0,0.0
208.0,44.73524856567383,36493.5,3813.3701171875,18094.134765625,14585.99609375,3587.67431640625,19.8702392578125,0.0,14915.9755859375,0.10810362547636032,22.066118240356445,1.240889310836792,4.854604244232178,4.423579216003418,1.615899920463562,2.6226816177368164,6.200713634490967,0.0010269162012264132,0.3911084830760956,1.2105209827423096,0.0,0.0,0.0,0.0,5093.462890625,286.43115234375,672.400634765625,2107.434326171875,551.8778076171875,0.0,918.9732666015625,0.05602479353547096,11.733254432678223,88.25016021728516,0.0,0.0,0.0,316.46728515625,316.46728515625,126.85678100585938,149.31703186035156,127.32584381103516,0.0,0.0,0.0,126.85678100585938,149.31703186035156,127.32584381103516,0.0,0.0,0.0,17.235368728637695,23.80499267578125,17.372570037841797,0.0,0.0,0.0
209.0,45.22446060180664,36648.2421875,3813.3701171875,18248.876953125,14585.99609375,3587.67431640625,20.909107208251953,0.0,14258.765625,0.11135859042406082,22.4888858795166,1.2836323976516724,4.854604244232178,4.433959484100342,1.615899920463562,2.6226816177368164,6.210780620574951,0.0010269162012264132,0.3911084830760956,1.210521936416626,0.0,0.0,0.0,0.0,5057.72412109375,288.68743896484375,658.9329223632812,2051.276123046875,387.9835205078125,0.0,746.092041015625,0.04545462131500244,11.733254432678223,83.88916778564453,0.0,0.0,0.0,318.0403747558594,318.0403747558594,85.8344497680664,139.88800048828125,111.51888275146484,0.0,0.0,0.0,85.8344497680664,139.88800048828125,111.51888275146484,0.0,0.0,0.0,4.197468280792236,20.008132934570312,11.710165023803711,0.0,0.0,0.0
210.0,45.65312194824219,37006.9765625,3813.3701171875,18607.609375,14585.99609375,3587.67431640625,21.378456115722656,0.0,14090.3173828125,0.11420828849077225,22.858318328857422,1.3210142850875854,4.854604244232178,4.4441447257995605,1.615899920463562,2.6226816177368164,6.219592094421387,0.0010269162012264132,0.3911084830760956,1.2105222940444946,0.0,0.0,0.0,0.0,5069.73779296875,292.98724365234375,652.5241088867188,2017.599609375,364.8302917480469,0.0,678.0506591796875,0.041284989565610886,11.733254432678223,83.88919067382812,0.0,0.0,0.0,319.5481872558594,319.5481872558594,99.76351165771484,136.2001495361328,91.8985595703125,0.0,0.0,0.0,99.76351165771484,136.2001495361328,91.8985595703125,0.0,0.0,0.0,7.802371978759766,18.4600887298584,5.501872539520264,0.0,0.0,0.0
211.0,46.524574279785156,37299.28125,3813.3701171875,18899.9140625,14585.99609375,3587.67431640625,21.86517906188965,0.0,13894.5576171875,0.1199885755777359,23.607433319091797,1.3968398571014404,4.854604244232178,4.467004776000977,1.615899920463562,2.6226816177368164,6.237464904785156,0.0010269162012264132,0.3911084830760956,1.2105228900909424,0.0,0.0,0.0,0.0,5115.23046875,302.66558837890625,642.1195678710938,1962.72021484375,353.6414489746094,0.0,576.1417236328125,0.03503827750682831,6.792182445526123,78.71920013427734,0.0,0.0,0.0,321.0158996582031,321.0158996582031,131.659912109375,142.880615234375,127.22893524169922,0.0,0.0,0.0,131.659912109375,142.880615234375,127.22893524169922,0.0,0.0,0.0,16.645347595214844,19.927400588989258,15.349284172058105,0.0,0.0,0.0
212.0,47.10927963256836,37392.21875,3813.3701171875,18992.853515625,14585.99609375,3587.67431640625,21.297435760498047,0.0,14288.7421875,0.123862624168396,24.109451293945312,1.4476220607757568,4.854604244232178,4.483057975769043,1.615899920463562,2.6226816177368164,6.249443054199219,0.0010269162012264132,0.3911084830760956,1.2105231285095215,0.0,0.0,0.0,0.0,5264.2919921875,316.087890625,646.3693237304688,543.9116821289062,282.2586669921875,0.0,2117.63671875,0.24088707566261292,23.466508865356445,107.85761260986328,0.0,0.0,0.0,322.4747009277344,322.4747009277344,160.7606964111328,185.74510192871094,165.10069274902344,0.0,0.0,0.0,160.7606964111328,185.74510192871094,165.10069274902344,0.0,0.0,0.0,25.725069046020508,33.03300476074219,26.994516372680664,0.0,0.0,0.0
213.0,47.39230728149414,37421.625,3813.3701171875,19022.259765625,14585.99609375,3587.67431640625,21.31821632385254,0.49392998218536377,14288.36328125,0.12572863698005676,24.351238250732422,1.4720911979675293,4.854604244232178,4.492190837860107,1.615899920463562,2.6226816177368164,6.255212783813477,0.0010269162012264132,0.3911084830760956,1.2105233669281006,0.0,0.0,0.0,0.0,5288.748046875,319.71759033203125,644.0176391601562,603.714111328125,288.7109680175781,0.0,2023.90869140625,0.22101788222789764,23.466508865356445,107.85762786865234,0.0,0.0,0.0,323.9787902832031,323.9787902832031,169.93280029296875,187.2132568359375,165.98974609375,0.0,0.0,0.0,169.93280029296875,187.2132568359375,165.98974609375,0.0,0.0,0.0,27.893198013305664,32.947731018066406,26.739852905273438,0.0,0.0,0.0
214.0,47.51287078857422,37433.19140625,3813.3701171875,19033.82421875,14585.99609375,3587.67431640625,21.0419979095459,0.0,14476.224609375,0.12647122144699097,24.447425842285156,1.4819313287734985,4.854604244232178,4.503690242767334,1.615899920463562,2.6226816177368164,6.257508754730225,0.0010269162012264132,0.3911084830760956,1.2105233669281006,0.0,0.0,0.0,0.0,5319.7822265625,322.4696044921875,644.9727783203125,540.4976806640625,365.1463623046875,0.0,2100.9296875,0.2370583564043045,23.466508865356445,107.85763549804688,0.0,0.0,0.0,325.52056884765625,325.52056884765625,159.04962158203125,184.08193969726562,161.32675170898438,0.0,0.0,0.0,159.04962158203125,184.08193969726562,161.32675170898438,0.0,0.0,0.0,25.480016708374023,32.80196762084961,26.146074295043945,0.0,0.0,0.0
215.0,47.56913375854492,37442.05859375,3813.3701171875,19042.693359375,14585.99609375,3587.67431640625,20.632747650146484,1.0503175258636475,14759.5205078125,0.12680736184120178,24.490888595581055,1.4862797260284424,4.854604244232178,4.510768413543701,1.615899920463562,2.6226816177368164,6.258546352386475,0.0010269162012264132,0.3911084830760956,1.2105233669281006,0.0,0.0,0.0,0.0,5321.775390625,322.96282958984375,644.2164306640625,1950.43994140625,637.1102905273438,0.0,606.7228393554688,0.03684644028544426,23.466508865356445,107.85763549804688,0.0,0.0,0.0,327.11376953125,327.11376953125,151.38885498046875,166.02549743652344,147.25271606445312,0.0,0.0,0.0,151.38885498046875,166.02549743652344,147.25271606445312,0.0,0.0,0.0,22.598173141479492,26.879390716552734,21.388355255126953,0.0,0.0,0.0
216.0,47.669864654541016,37643.66796875,3813.3701171875,19244.30078125,14585.99609375,3587.67431640625,20.269269943237305,0.0,15096.162109375,0.1274801641702652,24.577608108520508,1.4949193000793457,4.854604244232178,4.513393402099609,1.615899920463562,2.6226816177368164,6.2606201171875,0.0010269162012264132,0.3911084830760956,1.2105233669281006,0.0,0.0,0.0,0.0,5396.4833984375,328.23809814453125,649.2921752929688,2004.4671630859375,640.3777465820312,0.0,689.4761352539062,0.04186625778675079,23.466508865356445,107.85763549804688,0.0,0.0,0.0,328.7558898925781,328.7558898925781,126.5778579711914,154.43460083007812,133.23446655273438,0.0,0.0,0.0,126.5778579711914,154.43460083007812,133.23446655273438,0.0,0.0,0.0,16.75475311279297,24.902849197387695,18.701810836791992,0.0,0.0,0.0
217.0,48.13814163208008,37915.37109375,3813.3701171875,19421.205078125,14680.7978515625,3893.900390625,19.622291564941406,0.0,15689.236328125,0.13057582080364227,24.976390838623047,1.5355252027511597,4.854604244232178,4.529641151428223,1.615899920463562,2.6226816177368164,6.270162105560303,0.0010269162012264132,0.3911084830760956,1.2105233669281006,0.0,0.0,0.0,0.0,5470.0966796875,336.29644775390625,648.3076171875,2019.16845703125,1045.04296875,0.0,628.3001708984375,0.03812754899263382,9.104921340942383,81.13914489746094,0.0,0.0,0.0,330.44476318359375,330.44476318359375,83.47285461425781,122.74864196777344,114.30966186523438,0.0,0.0,0.0,83.47285461425781,122.74864196777344,114.30966186523438,0.0,0.0,0.0,4.79351806640625,16.281686782836914,13.813284873962402,0.0,0.0,0.0
218.0,48.47954177856445,38198.03515625,3813.3701171875,19481.58984375,14903.07421875,3893.900390625,19.628173828125,0.0,15800.4755859375,0.13282597064971924,25.265993118286133,1.564920425415039,4.854604244232178,4.542860984802246,1.615899920463562,2.6226816177368164,6.277096271514893,0.0010269162012264132,0.3911084830760956,1.2105233669281006,0.0,0.0,0.0,0.0,5524.12744140625,342.15240478515625,647.7301635742188,2025.7161865234375,1044.2088623046875,0.0,636.7899780273438,0.03862503916025162,8.966272354125977,80.99407196044922,0.0,0.0,0.0,332.1436767578125,332.1436767578125,117.97270965576172,131.3795928955078,117.9822998046875,0.0,0.0,0.0,117.97270965576172,131.3795928955078,117.9822998046875,0.0,0.0,0.0,14.8788423538208,18.800357818603516,14.881648063659668,0.0,0.0,0.0
219.0,48.66429901123047,38296.85546875,3813.3701171875,19537.23046875,14946.2548828125,3893.900390625,20.28494644165039,0.0,15345.638671875,0.13406787812709808,25.42484474182129,1.5809684991836548,4.854604244232178,4.5476555824279785,1.615899920463562,2.6226816177368164,6.280919075012207,0.0010269162012264132,0.3911084830760956,1.2105233669281006,0.0,0.0,0.0,0.0,5491.08740234375,341.44696044921875,641.9884033203125,1993.2874755859375,863.9912109375,0.0,588.3316040039062,0.03567669168114662,5.336793899536133,77.19640350341797,0.0,0.0,0.0,333.79718017578125,333.79718017578125,118.85546112060547,139.09999084472656,117.946044921875,0.0,0.0,0.0,118.85546112060547,139.09999084472656,117.946044921875,0.0,0.0,0.0,14.480276107788086,20.40180015563965,14.214272499084473,0.0,0.0,0.0
220.0,48.87149429321289,38470.71484375,3813.3701171875,19711.087890625,14946.2548828125,3893.900390625,20.365615844726562,0.0,15356.3486328125,0.13549068570137024,25.605575561523438,1.5993040800094604,4.854604244232178,4.549984931945801,1.615899920463562,2.6226816177368164,6.2852935791015625,0.0010269162012264132,0.3911084830760956,1.2105233669281006,0.0,0.0,0.0,0.0,5582.3212890625,348.6673889160156,646.7637939453125,2063.61572265625,536.767333984375,0.0,734.507080078125,0.04452787712216377,11.733254432678223,83.88927459716797,0.0,0.0,0.0,335.4034729003906,335.4034729003906,127.0883560180664,142.81503295898438,123.27617645263672,0.0,0.0,0.0,127.0883560180664,142.81503295898438,123.27617645263672,0.0,0.0,0.0,16.807727813720703,21.40778350830078,15.692666053771973,0.0,0.0,0.0
221.0,49.27490234375,38602.0546875,3813.3701171875,19842.4296875,14946.2548828125,3893.900390625,21.413637161254883,0.0,14679.728515625,0.1382763385772705,25.95854949951172,1.6352697610855103,4.854604244232178,4.553104400634766,1.615899920463562,2.6226816177368164,6.293856620788574,0.0010269162012264132,0.3911084830760956,1.2105233669281006,0.0,0.0,0.0,0.0,5519.5419921875,347.70587158203125,635.1588134765625,1984.4056396484375,377.60223388671875,0.0,607.4965209960938,0.036807212978601456,3.602754831314087,75.43177032470703,0.0,0.0,0.0,336.973876953125,336.973876953125,113.6574935913086,137.8902587890625,123.7131576538086,0.0,0.0,0.0,113.6574935913086,137.8902587890625,123.7131576538086,0.0,0.0,0.0,11.831178665161133,18.919261932373047,14.7724609375,0.0,0.0,0.0
222.0,49.64278793334961,38929.35546875,3813.3701171875,20169.73046875,14946.2548828125,3893.900390625,21.866071701049805,0.0,14506.3173828125,0.14082784950733185,26.28083038330078,1.668143391609192,4.854604244232178,4.5554423332214355,1.615899920463562,2.6226816177368164,6.301697731018066,0.0010269162012264132,0.3911084830760956,1.2105233669281006,0.0,0.0,0.0,0.0,5524.052734375,350.6324768066406,630.0086059570312,1948.1380615234375,355.53802490234375,0.0,552.3587646484375,0.033449072390794754,0.0,71.90509033203125,0.0,0.0,0.0,338.48291015625,338.48291015625,94.1727066040039,130.29327392578125,106.65596771240234,0.0,0.0,0.0,94.1727066040039,130.29327392578125,106.65596771240234,0.0,0.0,0.0,5.679444313049316,16.24471092224121,9.330799102783203,0.0,0.0,0.0
223.0,50.43104934692383,39194.734375,3813.3701171875,20435.109375,14946.2548828125,3893.900390625,22.340137481689453,0.0,14304.771484375,0.1462959200143814,26.971193313598633,1.7386248111724854,4.854604244232178,4.560588836669922,1.615899920463562,2.6226816177368164,6.3185014724731445,0.0010269162012264132,0.3911084830760956,1.2105233669281006,0.0,0.0,0.0,0.0,5560.38232421875,358.4349670410156,621.6055908203125,1875.709228515625,345.3739318847656,0.0,463.9111022949219,0.028061721473932266,0.0,69.99444580078125,0.0,0.0,0.0,339.95294189453125,339.95294189453125,98.44652557373047,134.27340698242188,106.48758697509766,0.0,0.0,0.0,98.44652557373047,134.27340698242188,106.48758697509766,0.0,0.0,0.0,6.455472469329834,16.934833526611328,8.80748176574707,0.0,0.0,0.0
224.0,50.960350036621094,39278.703125,3813.3701171875,20519.076171875,14946.2548828125,3893.900390625,21.75174331665039,0.0,14710.5966796875,0.1499679833650589,27.434722900390625,1.7859456539154053,4.854604244232178,4.564084053039551,1.615899920463562,2.6226816177368164,6.3297858238220215,0.0010269162012264132,0.3911084830760956,1.2105233669281006,0.0,0.0,0.0,0.0,5706.1982421875,371.4621276855469,626.092529296875,1881.96484375,275.7813720703125,0.0,574.4795532226562,0.03472400829195976,23.466508865356445,107.85763549804688,0.0,0.0,0.0,341.4100036621094,341.4100036621094,146.3784637451172,156.46327209472656,130.6501922607422,0.0,0.0,0.0,146.3784637451172,156.46327209472656,130.6501922607422,0.0,0.0,0.0,21.063955307006836,24.013765335083008,16.463438034057617,0.0,0.0,0.0
225.0,51.21638488769531,39305.26953125,3813.3701171875,20545.64453125,14946.2548828125,3893.900390625,21.770429611206055,0.0,14710.2060546875,0.1517477035522461,27.659019470214844,1.8088417053222656,4.854604244232178,4.56568717956543,1.615899920463562,2.6226816177368164,6.335242748260498,0.0010269162012264132,0.3911084830760956,1.2105233669281006,0.0,0.0,0.0,0.0,5728.58154296875,374.63720703125,624.2792358398438,270.62164306640625,282.2514953613281,0.0,2153.646240234375,0.24971754848957062,23.466508865356445,107.85763549804688,0.0,0.0,0.0,342.8941345214844,342.8941345214844,155.16758728027344,181.37738037109375,159.92083740234375,0.0,0.0,0.0,155.16758728027344,181.37738037109375,159.92083740234375,0.0,0.0,0.0,23.6160888671875,31.282455444335938,25.00641441345215,0.0,0.0,0.0
226.0,51.35645294189453,39401.1875,3813.3701171875,20641.5625,14946.2548828125,3893.900390625,21.533700942993164,0.0,14903.615234375,0.15272091329097748,27.781124114990234,1.8213306665420532,4.854604244232178,4.567223072052002,1.615899920463562,2.6226816177368164,6.338208198547363,0.0010269162012264132,0.3911084830760956,1.2105233669281006,0.0,0.0,0.0,0.0,5765.0625,377.95751953125,625.2095336914062,1540.6715087890625,356.97711181640625,0.0,897.09326171875,0.054194193333387375,23.466508865356445,107.85763549804688,0.0,0.0,0.0,344.4119567871094,344.4119567871094,129.18032836914062,165.85403442382812,111.73410034179688,0.0,0.0,0.0,129.18032836914062,165.85403442382812,111.73410034179688,0.0,0.0,0.0,16.25154685974121,26.978605270385742,11.148523330688477,0.0,0.0,0.0
227.0,51.60835266113281,39499.09765625,3813.3701171875,20739.474609375,14946.2548828125,3893.900390625,21.161792755126953,0.1490008682012558,15195.271484375,0.1544591337442398,27.999141693115234,1.8437002897262573,4.854604244232178,4.571702480316162,1.615899920463562,2.6226816177368164,6.343503952026367,0.0010269162012264132,0.3911084830760956,1.2105233669281006,0.0,0.0,0.0,0.0,5793.10693359375,381.4671630859375,623.8612060546875,1836.167724609375,622.42529296875,0.0,500.854248046875,0.03024664893746376,23.466508865356445,107.85763549804688,0.0,0.0,0.0,345.9773864746094,345.9773864746094,146.8324737548828,161.8743896484375,150.38572692871094,0.0,0.0,0.0,146.8324737548828,161.8743896484375,150.38572692871094,0.0,0.0,0.0,21.637704849243164,26.037464141845703,22.677030563354492,0.0,0.0,0.0
228.0,51.85182189941406,39882.20703125,4045.669921875,20890.28125,14946.2548828125,3893.900390625,20.895763397216797,0.0,15528.7900390625,0.15614108741283417,28.210298538208008,1.8653050661087036,4.854604244232178,4.575591087341309,1.615899920463562,2.6226816177368164,6.348639965057373,0.0010269162012264132,0.3911084830760956,1.2105233669281006,0.0,0.0,0.0,0.0,5881.56787109375,388.8976135253906,627.5400390625,1883.4337158203125,624.718505859375,0.0,574.7615966796875,0.03469830006361008,23.466508865356445,107.85763549804688,0.0,0.0,0.0,347.58837890625,347.58837890625,134.40638732910156,148.0041961669922,123.4498519897461,0.0,0.0,0.0,134.40638732910156,148.0041961669922,123.4498519897461,0.0,0.0,0.0,18.41810417175293,22.395463943481445,15.213319778442383,0.0,0.0,0.0
229.0,52.2115478515625,40084.2890625,4045.669921875,21001.44140625,15037.177734375,3893.900390625,20.1846923828125,0.0,16138.869140625,0.15858422219753265,28.517065048217773,1.89680016040802,4.854604244232178,4.587150573730469,1.615899920463562,2.6226816177368164,6.356103420257568,0.0010269162012264132,0.3911084830760956,1.2105233669281006,0.0,0.0,0.0,0.0,5955.51953125,396.1287841796875,628.3565673828125,1922.8023681640625,1021.5947265625,0.0,525.2208251953125,0.031692102551460266,0.0,71.90509033203125,0.0,0.0,0.0,349.2428894042969,349.2428894042969,75.6408462524414,125.2258071899414,79.93525695800781,0.0,0.0,0.0,75.6408462524414,125.2258071899414,79.93525695800781,0.0,0.0,0.0,1.9402551651000977,16.443857192993164,3.1963703632354736,0.0,0.0,0.0
230.0,52.44876480102539,40348.89453125,4045.669921875,21040.693359375,15262.533203125,3893.900390625,20.17336082458496,0.0,16253.2900390625,0.16018401086330414,28.71786117553711,1.917316198348999,4.854604244232178,4.596566677093506,1.615899920463562,2.6226816177368164,6.360992431640625,0.0010269162012264132,0.3911084830760956,1.2105233669281006,0.0,0.0,0.0,0.0,5999.69775390625,400.56317138671875,628.6453247070312,1933.61083984375,1021.7965087890625,0.0,540.7130126953125,0.03261646628379822,0.0,71.90509033203125,0.0,0.0,0.0,350.9101867675781,350.9101867675781,104.75503540039062,133.50942993164062,106.18596649169922,0.0,0.0,0.0,104.75503540039062,133.50942993164062,106.18596649169922,0.0,0.0,0.0,10.467486381530762,18.87814712524414,10.88603401184082,0.0,0.0,0.0
231.0,52.57554244995117,40433.96875,4045.669921875,21082.013671875,15306.2841796875,3893.900390625,20.83884048461914,0.0,15785.4140625,0.16105535626411438,28.8267879486084,1.9283760786056519,4.854604244232178,4.599819183349609,1.615899920463562,2.6226816177368164,6.3636579513549805,0.0010269162012264132,0.3911084830760956,1.2105233669281006,0.0,0.0,0.0,0.0,5954.513671875,398.328857421875,623.487548828125,1893.87353515625,845.9140014648438,0.0,494.759521484375,0.029839245602488518,0.0,69.27678680419922,0.0,0.0,0.0,352.5389404296875,352.5389404296875,125.79496002197266,137.02955627441406,121.86812591552734,0.0,0.0,0.0,125.79496002197266,137.02955627441406,121.86812591552734,0.0,0.0,0.0,15.956186294555664,19.242305755615234,14.807585716247559,0.0,0.0,0.0
232.0,52.74030303955078,40598.171875,4045.669921875,21246.216796875,15306.2841796875,3893.900390625,20.911592483520508,0.0,15796.439453125,0.16221098601818085,28.970592498779297,1.9430532455444336,4.854604244232178,4.601408004760742,1.615899920463562,2.6226816177368164,6.367195129394531,0.0010269162012264132,0.3911084830760956,1.2105233669281006,0.0,0.0,0.0,0.0,6036.25927734375,404.85101318359375,627.7282104492188,1979.80615234375,525.282470703125,0.0,640.150634765625,0.03859884291887283,0.0,71.90509033203125,0.0,0.0,0.0,354.12744140625,354.12744140625,119.88387298583984,142.5850372314453,121.27474975585938,0.0,0.0,0.0,119.88387298583984,142.5850372314453,121.27474975585938,0.0,0.0,0.0,14.154440879821777,20.794532775878906,14.561271667480469,0.0,0.0,0.0
233.0,53.11915969848633,40725.9921875,4045.669921875,21374.0390625,15306.2841796875,3893.900390625,21.98268699645996,0.0,15100.4306640625,0.1648804396390915,29.302234649658203,1.9770480394363403,4.854604244232178,4.603784084320068,1.615899920463562,2.6226816177368164,6.375367641448975,0.0010269162012264132,0.3911084830760956,1.2105233669281006,0.0,0.0,0.0,0.0,5963.28369140625,402.34808349609375,617.1355590820312,1881.03564453125,369.86993408203125,0.0,513.2115478515625,0.030928166583180428,0.0,68.73226928710938,0.0,0.0,0.0,355.68463134765625,355.68463134765625,114.80318450927734,134.5446014404297,130.5397491455078,0.0,0.0,0.0,114.80318450927734,134.5446014404297,130.5397491455078,0.0,0.0,0.0,11.597243309020996,17.371606826782227,16.20018768310547,0.0,0.0,0.0
234.0,53.46970748901367,41034.859375,4045.669921875,21682.904296875,15306.2841796875,3893.900390625,22.427383422851562,0.0,14922.0400390625,0.16736246645450592,29.609912872314453,2.0086112022399902,4.854604244232178,4.605010032653809,1.615899920463562,2.6226816177368164,6.382966995239258,0.0010269162012264132,0.3911084830760956,1.2105233669281006,0.0,0.0,0.0,0.0,5964.287109375,404.59197998046875,612.6610717773438,1837.26171875,348.5003967285156,0.0,464.62884521484375,0.027986323460936546,0.0,62.02642059326172,0.0,0.0,0.0,357.1867370605469,357.1867370605469,116.6200180053711,122.70895385742188,123.74757385253906,0.0,0.0,0.0,116.6200180053711,122.70895385742188,123.74757385253906,0.0,0.0,0.0,11.683971405029297,13.464983940124512,13.768780708312988,0.0,0.0,0.0
235.0,54.21194839477539,41285.0390625,4045.669921875,21933.0859375,15306.2841796875,3893.900390625,22.897443771362305,0.0,14714.712890625,0.17259447276592255,30.258264541625977,2.0752665996551514,4.854604244232178,4.610990047454834,1.615899920463562,2.6226816177368164,6.39898681640625,0.0010269162012264132,0.3911084830760956,1.2105233669281006,0.0,0.0,0.0,0.0,5993.810546875,411.086181640625,605.5775146484375,1757.3035888671875,339.0173034667969,0.0,391.091796875,0.023532070219516754,0.0,54.957881927490234,0.0,0.0,0.0,358.65252685546875,358.65252685546875,99.31617736816406,129.00730895996094,105.3667221069336,0.0,0.0,0.0,99.31617736816406,129.00730895996094,105.3667221069336,0.0,0.0,0.0,6.152538299560547,14.837194442749023,7.922322750091553,0.0,0.0,0.0
236.0,54.714508056640625,41366.75,4045.669921875,22014.794921875,15306.2841796875,3893.900390625,22.290029525756836,0.0,15132.169921875,0.17612653970718384,30.695911407470703,2.1202170848846436,4.854604244232178,4.616607189178467,1.615899920463562,2.6226816177368164,6.409801483154297,0.0010269162012264132,0.3911084830760956,1.2105233669281006,0.0,0.0,0.0,0.0,6138.19873046875,423.9754638671875,610.1095581054688,1836.3089599609375,270.75421142578125,0.0,491.6521301269531,0.029561752453446388,0.0,61.58137893676758,0.0,0.0,0.0,360.1009216308594,360.1009216308594,123.16020202636719,143.91900634765625,122.68010711669922,0.0,0.0,0.0,123.16020202636719,143.91900634765625,122.68010711669922,0.0,0.0,0.0,13.734330177307129,19.80628204345703,13.593901634216309,0.0,0.0,0.0
237.0,54.95969772338867,41392.6015625,4045.669921875,22040.6484375,15306.2841796875,3893.900390625,22.30790138244629,0.0,15131.76953125,0.17784561216831207,30.908903121948242,2.142073154449463,4.854604244232178,4.619966506958008,1.615899920463562,2.6226816177368164,6.415065288543701,0.0010269162012264132,0.3911084830760956,1.2105233669281006,0.0,0.0,0.0,0.0,6159.26611328125,426.8542785644531,608.644775390625,552.888916015625,277.21209716796875,0.0,1698.2210693359375,0.17876437306404114,11.733254432678223,95.87345123291016,0.0,0.0,0.0,361.5683898925781,361.5683898925781,162.2262725830078,177.72352600097656,142.9190673828125,0.0,0.0,0.0,162.2262725830078,177.72352600097656,142.9190673828125,0.0,0.0,0.0,25.143281936645508,29.676231384277344,19.49592399597168,0.0,0.0,0.0
238.0,55.064544677734375,41401.0546875,4045.669921875,22049.1015625,15306.2841796875,3893.900390625,22.01568603515625,0.0,15330.72265625,0.17856934666633606,30.998567581176758,2.1512889862060547,4.854604244232178,4.622994899749756,1.615899920463562,2.6226816177368164,6.417281150817871,0.0010269162012264132,0.3911084830760956,1.2105233669281006,0.0,0.0,0.0,0.0,6194.51318359375,429.89691162109375,609.8956298828125,553.1056518554688,350.7398376464844,0.0,1693.8154296875,0.10179457068443298,23.466508865356445,107.85763549804688,0.0,0.0,0.0,363.059326171875,363.059326171875,157.19610595703125,178.85009765625,165.1735076904297,0.0,0.0,0.0,157.19610595703125,178.85009765625,165.1735076904297,0.0,0.0,0.0,23.964176177978516,30.2979679107666,26.297565460205078,0.0,0.0,0.0
239.0,55.10734558105469,41405.23046875,4045.669921875,22053.27734375,15306.2841796875,3893.900390625,21.58346939086914,0.0,15630.7412109375,0.17883938550949097,31.032014846801758,2.1547586917877197,4.854604244232178,4.627781867980957,1.615899920463562,2.6226816177368164,6.418107986450195,0.0010269162012264132,0.3911084830760956,1.2105233669281006,0.0,0.0,0.0,0.0,6207.6025390625,431.0350341796875,610.2186889648438,1663.9635009765625,612.7116088867188,0.0,510.9058837890625,0.030702656134963036,21.5834903717041,105.88735961914062,0.0,0.0,0.0,364.5995788574219,364.5995788574219,131.20709228515625,154.20542907714844,125.32587432861328,0.0,0.0,0.0,131.20709228515625,154.20542907714844,125.32587432861328,0.0,0.0,0.0,16.79460334777832,23.52161979675293,15.074349403381348,0.0,0.0,0.0
240.0,55.12799072265625,41408.33984375,4045.669921875,22056.38671875,15306.2841796875,3893.900390625,21.125812530517578,0.0,15961.140625,0.17895491421222687,31.046327590942383,2.1562159061431885,4.854604244232178,4.632186412811279,1.615899920463562,2.6226816177368164,6.418461799621582,0.0010269162012264132,0.3911084830760956,1.2105233669281006,0.0,0.0,0.0,0.0,6274.0029296875,435.7392883300781,614.79736328125,1865.45458984375,615.6548461914062,0.0,514.9798583984375,0.0309467576444149,0.0,64.24335479736328,0.0,0.0,0.0,366.18548583984375,366.18548583984375,117.30745697021484,137.52053833007812,128.79458618164062,0.0,0.0,0.0,117.30745697021484,137.52053833007812,128.79458618164062,0.0,0.0,0.0,13.18661880493164,19.09894371032715,16.54660415649414,0.0,0.0,0.0
241.0,55.13780212402344,41498.55859375,4045.669921875,22059.5625,15393.326171875,3976.668212890625,20.347444534301758,0.0,16588.203125,0.17899663746356964,31.051494598388672,2.1567301750183105,4.8551740646362305,4.635578155517578,1.615899920463562,2.6226816177368164,6.4185895919799805,0.0010269162012264132,0.3911084830760956,1.2105233669281006,0.0,0.0,0.0,0.0,6321.97216796875,439.1025085449219,618.046875,1863.334228515625,1009.4979858398438,0.0,491.16363525390625,0.02951531670987606,0.0,62.50997543334961,0.0,0.0,0.0,367.8076477050781,367.8076477050781,96.63935852050781,121.60616302490234,104.73313903808594,0.0,0.0,0.0,96.63935852050781,121.60616302490234,104.73313903808594,0.0,0.0,0.0,7.9195685386657715,15.222357749938965,10.286998748779297,0.0,0.0,0.0
242.0,55.17311477661133,41832.91015625,4045.669921875,22165.482421875,15621.7578125,3976.668212890625,20.365161895751953,0.0,16705.814453125,0.17916251718997955,31.072011947631836,2.1586759090423584,4.866451263427734,4.636477470397949,1.615899920463562,2.6226816177368164,6.419096946716309,0.0010269162012264132,0.3911084830760956,1.2105233669281006,0.0,0.0,0.0,0.0,6346.04052734375,440.8805236816406,620.850830078125,1881.9095458984375,1010.996337890625,0.0,516.9976806640625,0.031066691502928734,0.0,65.5345230102539,0.0,0.0,0.0,369.4435729980469,369.4435729980469,117.79298400878906,134.90164184570312,117.24880981445312,0.0,0.0,0.0,117.79298400878906,134.90164184570312,117.24880981445312,0.0,0.0,0.0,14.089284896850586,19.093568801879883,13.93011474609375,0.0,0.0,0.0
243.0,55.51057434082031,42138.15625,4045.669921875,22426.40625,15666.080078125,3976.668212890625,21.14627456665039,0.0,16224.916015625,0.18099309504032135,31.297916412353516,2.1822328567504883,4.942137718200684,4.641357898712158,1.615899920463562,2.6226816177368164,6.424694538116455,0.0010269162012264132,0.3911084830760956,1.2105233669281006,0.0,0.0,0.0,0.0,6306.76904296875,439.7365417480469,624.0894775390625,1827.5869140625,836.1741943359375,0.0,463.40484619140625,0.027835993096232414,0.0,59.9209098815918,0.0,0.0,0.0,371.05194091796875,371.05194091796875,128.3119354248047,138.08592224121094,122.93941497802734,0.0,0.0,0.0,128.3119354248047,138.08592224121094,122.93941497802734,0.0,0.0,0.0,16.384963989257812,19.243858337402344,14.813504219055176,0.0,0.0,0.0
244.0,56.099395751953125,42464.12890625,4045.669921875,22752.376953125,15666.080078125,3976.668212890625,21.297651290893555,0.0,16236.2373046875,0.18450671434402466,31.730934143066406,2.226902723312378,5.033563137054443,4.6468095779418945,1.615899920463562,2.6226816177368164,6.435439109802246,0.0010269162012264132,0.3911084830760956,1.2105233669281006,0.0,0.0,0.0,0.0,6414.115234375,450.1478271484375,637.0879516601562,1894.328125,517.8417358398438,0.0,580.1661987304688,0.03482501581311226,0.0,70.03842163085938,0.0,0.0,0.0,372.62701416015625,372.62701416015625,128.9163818359375,143.07456970214844,128.61643981933594,0.0,0.0,0.0,128.9163818359375,143.07456970214844,128.61643981933594,0.0,0.0,0.0,16.410390853881836,20.551658630371094,16.32265853881836,0.0,0.0,0.0
245.0,56.82468795776367,42675.8984375,4045.669921875,22964.1484375,15666.080078125,3976.668212890625,22.430316925048828,0.0,15520.8525390625,0.18883593380451202,32.2638053894043,2.281238079071045,5.148004531860352,4.652887344360352,1.615899920463562,2.6226816177368164,6.4486775398254395,0.0010269162012264132,0.3911084830760956,1.2105233669281006,0.0,0.0,0.0,0.0,6352.98828125,449.193115234375,638.947509765625,1767.7684326171875,364.22503662109375,0.0,449.0756530761719,0.026932740584015846,0.0,58.118751525878906,0.0,0.0,0.0,374.1761779785156,374.1761779785156,102.87666320800781,136.5201416015625,131.12672424316406,0.0,0.0,0.0,102.87666320800781,136.5201416015625,131.12672424316406,0.0,0.0,0.0,7.661107540130615,17.501827239990234,15.9242525100708,0.0,0.0,0.0
246.0,57.404823303222656,43073.078125,4045.669921875,23361.328125,15666.080078125,3976.668212890625,22.92333984375,0.0,15337.49609375,0.19216462969779968,32.672576904296875,2.3229048252105713,5.261133670806885,4.655945777893066,1.615899920463562,2.6226816177368164,6.458856105804443,0.0010269162012264132,0.3911084830760956,1.2105233669281006,0.0,0.0,0.0,0.0,6359.84130859375,452.1622619628906,647.2273559570312,1702.3758544921875,343.0023193359375,0.0,399.903564453125,0.023967666551470757,0.0,50.80278396606445,0.0,0.0,0.0,375.6748962402344,375.6748962402344,89.76371765136719,126.80987548828125,122.9239501953125,0.0,0.0,0.0,89.76371765136719,126.80987548828125,122.9239501953125,0.0,0.0,0.0,3.332548141479492,14.168549537658691,13.031916618347168,0.0,0.0,0.0
247.0,58.42107391357422,43422.51953125,4045.669921875,23710.76953125,15666.080078125,3976.668212890625,23.450889587402344,0.0,15124.3994140625,0.19773586094379425,33.35639572143555,2.3930933475494385,5.494081974029541,4.662635326385498,1.615899920463562,2.6226816177368164,6.475892543792725,0.0010269162012264132,0.3911084830760956,1.2105233669281006,0.0,0.0,0.0,0.0,6371.8212890625,457.1346130371094,666.9928588867188,1598.56103515625,333.171142578125,0.0,334.695556640625,0.020037125796079636,0.0,47.93672561645508,0.0,0.0,0.0,377.143798828125,377.143798828125,121.02672576904297,116.49481201171875,120.6036148071289,0.0,0.0,0.0,121.02672576904297,116.49481201171875,120.6036148071289,0.0,0.0,0.0,11.949427604675293,10.623842239379883,11.825667381286621,0.0,0.0,0.0
248.0,59.113304138183594,43596.9296875,4045.669921875,23885.1796875,15666.080078125,3976.668212890625,22.87456512451172,0.0,15553.482421875,0.20071113109588623,33.72154998779297,2.430079698562622,5.767930030822754,4.666802406311035,1.615899920463562,2.6226816177368164,6.48499059677124,0.0010269162012264132,0.3911084830760956,1.2105233669281006,0.0,0.0,0.0,0.0,6510.744140625,469.1844482421875,703.9654541015625,1678.4307861328125,266.31231689453125,0.0,417.5924072265625,0.02498501166701317,0.0,51.646873474121094,0.0,0.0,0.0,378.596923828125,378.596923828125,110.85929870605469,129.47329711914062,109.7483901977539,0.0,0.0,0.0,110.85929870605469,129.47329711914062,109.7483901977539,0.0,0.0,0.0,9.551779747009277,14.996374130249023,9.226839065551758,0.0,0.0,0.0
249.0,59.67967987060547,43760.3984375,4045.669921875,24048.6484375,15666.080078125,3976.668212890625,22.96429443359375,0.412350594997406,15553.0703125,0.20288504660129547,33.988101959228516,2.4578444957733154,6.028071880340576,4.669901371002197,1.615899920463562,2.6226816177368164,6.491637229919434,0.0010269162012264132,0.3911084830760956,1.2105233669281006,0.0,0.0,0.0,0.0,6525.91259765625,471.92041015625,732.0242309570312,1598.060791015625,272.3495788574219,0.0,400.2460021972656,0.02393672987818718,11.733254432678223,83.88927459716797,0.0,0.0,0.0,380.06072998046875,380.06072998046875,133.52418518066406,153.57415771484375,114.64308166503906,0.0,0.0,0.0,133.52418518066406,153.57415771484375,114.64308166503906,0.0,0.0,0.0,15.679178237915039,21.54379653930664,10.15645694732666,0.0,0.0,0.0
250.0,60.046470642089844,43854.84375,4045.669921875,24143.091796875,15666.080078125,3976.668212890625,22.707366943359375,1.125157117843628,15757.5634765625,0.20440900325775146,34.17452621459961,2.4775753021240234,6.179869174957275,4.6725544929504395,1.615899920463562,2.6226816177368164,6.496293544769287,0.0010269162012264132,0.3911084830760956,1.2105233669281006,0.0,0.0,0.0,0.0,6568.89013671875,476.22955322265625,750.4385986328125,1585.3497314453125,344.29705810546875,0.0,411.5783996582031,0.02460695058107376,11.733254432678223,83.88927459716797,0.0,0.0,0.0,381.5322265625,381.5322265625,151.77011108398438,166.87124633789062,134.09539794921875,0.0,0.0,0.0,151.77011108398438,166.87124633789062,134.09539794921875,0.0,0.0,0.0,20.560230255126953,24.97731590270996,15.390377044677734,0.0,0.0,0.0
251.0,60.31140899658203,43910.96875,4045.669921875,24199.216796875,15666.080078125,3976.668212890625,22.287303924560547,0.7533779740333557,16065.931640625,0.20553340017795563,34.311954498291016,2.4919273853302,6.280874252319336,4.677853107452393,1.615899920463562,2.6226816177368164,6.502024173736572,0.0010269162012264132,0.3911084830760956,1.2105233669281006,0.0,0.0,0.0,0.0,6591.142578125,478.6858825683594,762.2742309570312,1548.080322265625,600.8695678710938,0.0,361.9341125488281,0.0216307882219553,11.733254432678223,83.88927459716797,0.0,0.0,0.0,383.04248046875,383.04248046875,136.95269775390625,157.38006591796875,128.250732421875,0.0,0.0,0.0,136.95269775390625,157.38006591796875,128.250732421875,0.0,0.0,0.0,17.017982482910156,22.99298858642578,14.472658157348633,0.0,0.0,0.0
252.0,60.45951843261719,43934.6015625,4045.669921875,24222.849609375,15666.080078125,3976.668212890625,21.84127426147461,0.0,16393.22265625,0.20614083111286163,34.386165618896484,2.499638557434082,6.3325581550598145,4.683046817779541,1.615899920463562,2.6226816177368164,6.510726451873779,0.0010269162012264132,0.3911084830760956,1.2105233669281006,0.0,0.0,0.0,0.0,6669.00537109375,484.791015625,773.0682373046875,1658.505126953125,603.7294311523438,0.0,416.5595703125,0.02488134242594242,0.0,51.851402282714844,0.0,0.0,0.0,384.5945129394531,384.5945129394531,117.61201477050781,126.13765716552734,115.0370101928711,0.0,0.0,0.0,117.61201477050781,126.13765716552734,115.0370101928711,0.0,0.0,0.0,12.56024169921875,15.05399227142334,11.807052612304688,0.0,0.0,0.0
253.0,60.535274505615234,44030.74609375,4045.669921875,24234.515625,15750.5615234375,4609.53759765625,21.03592872619629,0.0,17037.267578125,0.20640648901462555,34.41861343383789,2.502974033355713,6.358102321624756,4.691787242889404,1.615899920463562,2.6226816177368164,6.5161519050598145,0.0010269162012264132,0.3911084830760956,1.2105233669281006,0.0,0.0,0.0,0.0,6728.20703125,489.2854919433594,780.4268798828125,1653.7498779296875,990.1034545898438,0.0,398.16595458984375,0.02377430722117424,0.0,49.80478286743164,0.0,0.0,0.0,386.17755126953125,386.17755126953125,116.9806900024414,119.40435028076172,101.20344543457031,0.0,0.0,0.0,116.9806900024414,119.40435028076172,101.20344543457031,0.0,0.0,0.0,13.180922508239746,13.889843940734863,8.566079139709473,0.0,0.0,0.0
254.0,60.57737731933594,44281.078125,4045.669921875,24254.23046875,15981.17578125,4609.53759765625,21.004446029663086,0.0,17158.056640625,0.20648235082626343,34.427886962890625,2.5038373470306396,6.383819580078125,4.695852279663086,1.615899920463562,2.6226816177368164,6.518259525299072,0.0010269162012264132,0.3911084830760956,1.2105233669281006,0.0,0.0,0.0,0.0,6753.99462890625,491.1978759765625,785.2346801757812,1676.17919921875,991.8584594726562,0.0,418.19110107421875,0.024966517463326454,0.0,52.85196304321289,0.0,0.0,0.0,387.7729797363281,387.7729797363281,122.06572723388672,133.66639709472656,109.66950988769531,0.0,0.0,0.0,122.06572723388672,133.66639709472656,109.66950988769531,0.0,0.0,0.0,14.69977855682373,18.092975616455078,11.073884963989258,0.0,0.0,0.0
255.0,60.64372253417969,44354.234375,4045.669921875,24282.67578125,16025.88671875,4609.53759765625,21.688207626342773,0.0,16664.134765625,0.20656615495681763,34.4381217956543,2.504877805709839,6.427201271057129,4.701169490814209,1.615899920463562,2.6226816177368164,6.524542331695557,0.0010269162012264132,0.3911084830760956,1.2105233669281006,0.0,0.0,0.0,0.0,6681.61669921875,485.9914245605469,784.5183715820312,1631.185791015625,821.1317749023438,0.0,382.8590087890625,0.022847749292850494,0.0,47.93672561645508,0.0,0.0,0.0,389.3475341796875,389.3475341796875,127.39952087402344,138.22189331054688,121.00251007080078,0.0,0.0,0.0,127.39952087402344,138.22189331054688,121.00251007080078,0.0,0.0,0.0,15.576150894165039,18.741697311401367,13.705025672912598,0.0,0.0,0.0
256.0,60.69742202758789,44367.8984375,4045.669921875,24296.341796875,16025.88671875,4609.53759765625,21.682302474975586,0.0,16675.771484375,0.20661583542823792,34.444190979003906,2.5055086612701416,6.461440563201904,4.704533576965332,1.615899920463562,2.6226816177368164,6.533894062042236,0.0010269162012264132,0.3911084830760956,1.2105233669281006,0.0,0.0,0.0,0.0,6745.18505859375,490.65228271484375,793.4385375976562,1739.23046875,510.07794189453125,0.0,503.0185852050781,0.030000165104866028,0.0,59.9209098815918,0.0,0.0,0.0,390.89453125,390.89453125,131.77053833007812,142.41802978515625,113.56912231445312,0.0,0.0,0.0,131.77053833007812,142.41802978515625,113.56912231445312,0.0,0.0,0.0,16.860578536987305,19.9749698638916,11.536666870117188,0.0,0.0,0.0
257.0,60.733428955078125,44393.328125,4045.669921875,24321.771484375,16025.88671875,4609.53759765625,22.735824584960938,0.0,15941.013671875,0.20662760734558105,34.44562911987305,2.5056450366973877,6.491178512573242,4.7053608894348145,1.615899920463562,2.6226816177368164,6.537745475769043,0.0010269162012264132,0.3911084830760956,1.2105233669281006,0.0,0.0,0.0,0.0,6619.3583984375,481.5055847167969,786.53564453125,1634.501953125,359.9575500488281,0.0,406.7908630371094,0.02425496280193329,0.0,56.43423843383789,0.0,0.0,0.0,392.42279052734375,392.42279052734375,119.96682739257812,141.9807586669922,126.0025405883789,0.0,0.0,0.0,119.96682739257812,141.9807586669922,126.0025405883789,0.0,0.0,0.0,12.354473114013672,18.793548583984375,14.119918823242188,0.0,0.0,0.0
258.0,60.823081970214844,44482.94921875,4045.669921875,24411.392578125,16025.88671875,4609.53759765625,23.06787109375,0.0,15752.703125,0.2066367268562317,34.44674301147461,2.5057566165924072,6.571806907653809,4.706013202667236,1.615899920463562,2.6226816177368164,6.54488468170166,0.0010269162012264132,0.3911084830760956,1.2105233669281006,0.0,0.0,0.0,0.0,6578.2470703125,478.5209045410156,792.6719360351562,1602.441650390625,339.7518310546875,0.0,377.1883850097656,0.022479411214590073,0.0,47.93672561645508,0.0,0.0,0.0,393.9078063964844,393.9078063964844,82.02191925048828,132.04920959472656,122.5576400756836,0.0,0.0,0.0,82.02191925048828,132.04920959472656,122.5576400756836,0.0,0.0,0.0,0.9235391020774841,15.556520462036133,12.780237197875977,0.0,0.0,0.0
259.0,61.0650634765625,44589.06640625,4045.669921875,24517.51171875,16025.88671875,4609.53759765625,23.46485710144043,0.0,15533.83203125,0.20665381848812103,34.448829650878906,2.505967855453491,6.793848991394043,4.707242012023926,1.615899920463562,2.6226816177368164,6.561278343200684,0.0010269162012264132,0.3911084830760956,1.2105233669281006,0.0,0.0,0.0,0.0,6519.66552734375,474.2707214355469,811.6663818359375,1543.3193359375,331.4441223144531,0.0,339.5689697265625,0.020215755328536034,0.0,47.93672561645508,0.0,0.0,0.0,395.3704528808594,395.3704528808594,106.59033203125,123.44327545166016,123.98814392089844,0.0,0.0,0.0,106.59033203125,123.44327545166016,123.98814392089844,0.0,0.0,0.0,7.712813854217529,12.642301559448242,12.801674842834473,0.0,0.0,0.0
260.0,61.25354766845703,44680.91015625,4045.669921875,24609.353515625,16025.88671875,4609.53759765625,22.842975616455078,0.0,15974.5322265625,0.20666034519672394,34.44963073730469,2.5060484409332275,6.974066734313965,4.707790851593018,1.615899920463562,2.6226816177368164,6.568111896514893,0.0010269162012264132,0.3911084830760956,1.2105233669281006,0.0,0.0,0.0,0.0,6631.9091796875,482.440185546875,843.38232421875,1647.936279296875,265.8952331542969,0.0,435.773681640625,0.025931602343916893,0.0,55.9216194152832,0.0,0.0,0.0,396.8245849609375,396.8245849609375,125.15232849121094,119.08011627197266,116.0258560180664,0.0,0.0,0.0,125.15232849121094,119.08011627197266,116.0258560180664,0.0,0.0,0.0,13.764081954956055,11.987959861755371,11.094589233398438,0.0,0.0,0.0
261.0,61.56254577636719,44811.55078125,4045.669921875,24739.99609375,16025.88671875,4609.53759765625,22.913639068603516,0.0,15974.109375,0.20666810870170593,34.45057678222656,2.5061452388763428,7.271020412445068,4.7103142738342285,1.615899920463562,2.6226816177368164,6.57658052444458,0.0010269162012264132,0.3911084830760956,1.2105233669281006,0.0,0.0,0.0,0.0,6620.3681640625,481.6059875488281,876.5223999023438,1625.149169921875,272.4119873046875,0.0,425.5284729003906,0.02530798316001892,0.0,59.9209098815918,0.0,0.0,0.0,398.2912292480469,398.2912292480469,120.83255767822266,133.2924041748047,119.69500732421875,0.0,0.0,0.0,120.83255767822266,133.2924041748047,119.69500732421875,0.0,0.0,0.0,12.42988395690918,16.07438850402832,12.097149848937988,0.0,0.0,0.0
262.0,61.79948043823242,44854.84375,4045.669921875,24783.287109375,16025.88671875,4609.53759765625,22.630016326904297,0.0,16184.130859375,0.2066732943058014,34.451210021972656,2.5062100887298584,7.495269775390625,4.716528415679932,1.615899920463562,2.6226816177368164,6.5823493003845215,0.0010269162012264132,0.3911084830760956,1.2105233669281006,0.0,0.0,0.0,0.0,6641.4384765625,483.14239501953125,903.7880249023438,1598.84716796875,344.6459655761719,0.0,434.01910400390625,0.025803275406360626,11.733254432678223,83.88927459716797,0.0,0.0,0.0,399.7602233886719,399.7602233886719,116.9011001586914,146.5126190185547,108.63875579833984,0.0,0.0,0.0,116.9011001586914,146.5126190185547,108.63875579833984,0.0,0.0,0.0,11.563557624816895,20.224925994873047,9.146820068359375,0.0,0.0,0.0
263.0,61.922828674316406,44871.7265625,4045.669921875,24800.16796875,16025.88671875,4609.53759765625,22.19088363647461,0.0,16500.8515625,0.20667564868927002,34.45149612426758,2.506239652633667,7.606003284454346,4.7253618240356445,1.615899920463562,2.6226816177368164,6.585811614990234,0.0010269162012264132,0.3911084830760956,1.2105233669281006,0.0,0.0,0.0,0.0,6649.9833984375,483.76568603515625,915.7926025390625,1566.479248046875,601.8428955078125,0.0,399.8631286621094,0.023767290636897087,11.733254432678223,83.88927459716797,0.0,0.0,0.0,401.25244140625,401.25244140625,124.83711242675781,144.6897430419922,95.87895965576172,0.0,0.0,0.0,124.83711242675781,144.6897430419922,95.87895965576172,0.0,0.0,0.0,14.323972702026367,20.13086700439453,5.853712558746338,0.0,0.0,0.0
264.0,61.98369216918945,45112.93359375,4277.97021484375,24809.076171875,16025.88671875,4609.53759765625,21.867578506469727,0.0,16825.02734375,0.2066766619682312,34.451622009277344,2.5062522888183594,7.656099796295166,4.732540130615234,1.615899920463562,2.6226816177368164,6.589263439178467,0.0010269162012264132,0.3911084830760956,1.2105233669281006,0.0,0.0,0.0,0.0,6716.4267578125,488.59991455078125,930.7149047851562,1670.32275390625,605.0062255859375,0.0,459.1890563964844,0.027287427335977554,0.0,59.9209098815918,0.0,0.0,0.0,402.7757873535156,402.7757873535156,94.97289276123047,126.49440002441406,91.25432586669922,0.0,0.0,0.0,94.97289276123047,126.49440002441406,91.25432586669922,0.0,0.0,0.0,5.911991596221924,15.13203239440918,4.824310779571533,0.0,0.0,0.0
265.0,62.0136833190918,45200.61328125,4277.97021484375,24814.744140625,16107.8984375,4609.53759765625,21.05538558959961,0.0,17486.025390625,0.20667703449726105,34.45166778564453,2.5062568187713623,7.675288677215576,4.741442680358887,1.615899920463562,2.6226816177368164,6.5911102294921875,0.0010269162012264132,0.3911084830760956,1.2105233669281006,0.0,0.0,0.0,0.0,6774.171875,492.80096435546875,938.7886962890625,1673.9718017578125,992.535888671875,0.0,441.67718505859375,0.0262436605989933,0.0,59.9209098815918,0.0,0.0,0.0,404.3241882324219,404.3241882324219,108.32514953613281,123.5589370727539,102.03495025634766,0.0,0.0,0.0,108.32514953613281,123.5589370727539,102.03495025634766,0.0,0.0,0.0,10.629719734191895,15.085602760314941,8.789835929870605,0.0,0.0,0.0
266.0,62.03487777709961,45438.765625,4277.97021484375,24820.3359375,16340.458984375,4609.53759765625,21.014934539794922,0.0,17609.998046875,0.20667724311351776,34.451690673828125,2.5062592029571533,7.686129570007324,4.7494683265686035,1.615899920463562,2.6226816177368164,6.59341287612915,0.0010269162012264132,0.3911084830760956,1.2105233669281006,0.0,0.0,0.0,0.0,6796.98828125,494.4609069824219,942.4325561523438,1699.818359375,994.1079711914062,0.0,468.07305908203125,0.02780788578093052,0.0,59.9209098815918,0.0,0.0,0.0,405.8939208984375,405.8939208984375,126.02896118164062,135.38644409179688,107.90662384033203,0.0,0.0,0.0,126.02896118164062,135.38644409179688,107.90662384033203,0.0,0.0,0.0,15.848538398742676,18.585599899291992,10.547754287719727,0.0,0.0,0.0
267.0,62.04813766479492,45487.41796875,4277.97021484375,24823.935546875,16385.51171875,4609.53759765625,21.686796188354492,0.0,17103.0625,0.20667731761932373,34.45170211791992,2.5062601566314697,7.69064474105835,4.753495693206787,1.615899920463562,2.6226816177368164,6.598116874694824,0.0010269162012264132,0.3911084830760956,1.2105233669281006,0.0,0.0,0.0,0.0,6726.8466796875,489.35833740234375,934.5076904296875,1657.9095458984375,823.211181640625,0.0,423.3657531738281,0.02514413371682167,0.0,57.58689498901367,0.0,0.0,0.0,407.45135498046875,407.45135498046875,127.08623504638672,136.57749938964844,116.41572570800781,0.0,0.0,0.0,127.08623504638672,136.57749938964844,116.41572570800781,0.0,0.0,0.0,15.48592758178711,18.262123107910156,12.364803314208984,0.0,0.0,0.0
268.0,62.05970001220703,45493.75390625,4277.97021484375,24830.2734375,16385.51171875,4609.53759765625,21.677120208740234,0.0,17115.00390625,0.20667734742164612,34.45170593261719,2.506260395050049,7.694940567016602,4.75520133972168,1.615899920463562,2.6226816177368164,6.603674411773682,0.0010269162012264132,0.3911084830760956,1.2105233669281006,0.0,0.0,0.0,0.0,6786.9248046875,493.7288818359375,942.3634033203125,1756.398193359375,511.2986755371094,0.0,561.6395263671875,0.03334422782063484,0.0,66.93400573730469,0.0,0.0,0.0,408.9847717285156,408.9847717285156,112.32562255859375,143.81822204589844,111.16683959960938,0.0,0.0,0.0,112.32562255859375,143.81822204589844,111.16683959960938,0.0,0.0,0.0,11.17812442779541,20.389711380004883,10.839181900024414,0.0,0.0,0.0
269.0,62.074790954589844,45532.51953125,4277.97021484375,24869.037109375,16385.51171875,4609.53759765625,22.737377166748047,0.0,16360.8955078125,0.2066773623228073,34.45170593261719,2.506260633468628,7.707850456237793,4.755667209625244,1.615899920463562,2.6226816177368164,6.605387210845947,0.0010269162012264132,0.3911084830760956,1.2105233669281006,0.0,0.0,0.0,0.0,6662.4287109375,484.672119140625,929.7703247070312,1658.9976806640625,360.8357238769531,0.0,448.9521484375,0.026650993153452873,0.0,64.16966247558594,0.0,0.0,0.0,410.5015563964844,410.5015563964844,131.7445526123047,139.15309143066406,130.56004333496094,0.0,0.0,0.0,131.7445526123047,139.15309143066406,130.56004333496094,0.0,0.0,0.0,15.797904014587402,17.964902877807617,15.451434135437012,0.0,0.0,0.0
270.0,62.21253967285156,45610.14453125,4277.97021484375,24946.66015625,16385.51171875,4609.53759765625,23.062332153320312,0.0,16167.6240234375,0.2066773921251297,34.45170974731445,2.506260871887207,7.823857307434082,4.759206295013428,1.615899920463562,2.6226816177368164,6.623585224151611,0.0010269162012264132,0.3911084830760956,1.2105233669281006,0.0,0.0,0.0,0.0,6619.900390625,481.5783386230469,936.4066772460938,1626.694091796875,340.4275207519531,0.0,417.3206481933594,0.024744054302573204,0.0,55.837127685546875,0.0,0.0,0.0,411.9815979003906,411.9815979003906,129.18142700195312,128.95956420898438,128.3697509765625,0.0,0.0,0.0,129.18142700195312,128.95956420898438,128.3697509765625,0.0,0.0,0.0,14.723233222961426,14.65833854675293,14.485819816589355,0.0,0.0,0.0
271.0,62.344459533691406,45639.18359375,4277.97021484375,24975.701171875,16385.51171875,4609.53759765625,23.418458938598633,0.0,15942.9921875,0.2066774219274521,34.45171356201172,2.5062613487243652,7.931054592132568,4.765966892242432,1.615899920463562,2.6226816177368164,6.641543388366699,0.0010269162012264132,0.3911084830760956,1.2105233669281006,0.0,0.0,0.0,0.0,6564.328125,477.53564453125,940.5088500976562,1578.3177490234375,332.1734313964844,0.0,382.5968322753906,0.022658804431557655,0.0,49.934326171875,0.0,0.0,0.0,413.4458312988281,413.4458312988281,118.16120147705078,123.37333679199219,120.79531860351562,0.0,0.0,0.0,118.16120147705078,123.37333679199219,120.79531860351562,0.0,0.0,0.0,11.143693923950195,12.668243408203125,11.914172172546387,0.0,0.0,0.0
272.0,62.42018508911133,45650.59765625,4277.97021484375,24987.115234375,16385.51171875,4609.53759765625,22.756092071533203,0.0,16395.29296875,0.20667743682861328,34.451717376708984,2.5062613487243652,7.990993976593018,4.771319389343262,1.615899920463562,2.6226816177368164,6.651975631713867,0.0010269162012264132,0.3911084830760956,1.2105233669281006,0.0,0.0,0.0,0.0,6675.50830078125,485.6236572265625,963.5342407226562,1689.80322265625,266.5044250488281,0.0,487.6953430175781,0.02886359579861164,0.0,59.9209098815918,0.0,0.0,0.0,414.90545654296875,414.90545654296875,93.79830932617188,122.42484283447266,107.28295135498047,0.0,0.0,0.0,93.79830932617188,122.42484283447266,107.28295135498047,0.0,0.0,0.0,4.6799139976501465,13.053174018859863,8.62417221069336,0.0,0.0,0.0
273.0,62.456180572509766,45654.20703125,4277.97021484375,24990.7265625,16385.51171875,4609.53759765625,22.761676788330078,0.0,16394.859375,0.20667743682861328,34.451717376708984,2.5062615871429443,8.018852233886719,4.774489879608154,1.615899920463562,2.6226816177368164,6.656942844390869,0.0010269162012264132,0.3911084830760956,1.2105233669281006,0.0,0.0,0.0,0.0,6672.23779296875,485.3857421875,966.0006103515625,1687.18115234375,273.2167663574219,0.0,482.88043212890625,0.028569420799613,0.0,59.9209098815918,0.0,0.0,0.0,416.3793640136719,416.3793640136719,80.55288696289062,135.79095458984375,119.00562286376953,0.0,0.0,0.0,80.55288696289062,135.79095458984375,119.00562286376953,0.0,0.0,0.0,0.8000435829162598,16.957178115844727,12.047468185424805,0.0,0.0,0.0
274.0,62.471378326416016,45655.75390625,4277.97021484375,24992.271484375,16385.51171875,4609.53759765625,22.45870018005371,0.0,16610.421875,0.20667745172977448,34.451717376708984,2.5062615871429443,8.029175758361816,4.777498722076416,1.615899920463562,2.6226816177368164,6.658809185028076,0.0010269162012264132,0.3911084830760956,1.2105233669281006,0.0,0.0,0.0,0.0,6702.1455078125,487.56146240234375,971.1187133789062,1667.7633056640625,346.007080078125,0.0,500.2290954589844,0.029592273756861687,11.733254432678223,83.98870086669922,0.0,0.0,0.0,417.8543701171875,417.8543701171875,127.07794189453125,148.9703826904297,97.3868408203125,0.0,0.0,0.0,127.07794189453125,148.9703826904297,97.3868408203125,0.0,0.0,0.0,14.71159839630127,21.115137100219727,6.026950836181641,0.0,0.0,0.0
275.0,62.47887420654297,45658.4140625,4277.97021484375,24994.931640625,16385.51171875,4609.53759765625,22.015525817871094,0.0,16935.48046875,0.20667745172977448,34.451717376708984,2.5062615871429443,8.032166481018066,4.781456470489502,1.615899920463562,2.6226816177368164,6.659354209899902,0.0010269162012264132,0.3911084830760956,1.2105233669281006,0.0,0.0,0.0,0.0,6717.08203125,488.6480407714844,971.9948120117188,1642.8359375,604.6544799804688,0.0,460.9432067871094,0.027267267927527428,11.733254432678223,90.11016845703125,0.0,0.0,0.0,419.354248046875,419.354248046875,109.88082885742188,146.6682891845703,119.23639678955078,0.0,0.0,0.0,109.88082885742188,146.6682891845703,119.23639678955078,0.0,0.0,0.0,10.124616622924805,20.88494873046875,12.861120223999023,0.0,0.0,0.0
276.0,62.48789978027344,45661.8046875,4277.97021484375,24998.322265625,16385.51171875,4609.53759765625,21.59515953063965,0.0,17256.54296875,0.20667745172977448,34.451717376708984,2.5062615871429443,8.036046028137207,4.786190509796143,1.615899920463562,2.6226816177368164,6.65976619720459,0.0010269162012264132,0.3911084830760956,1.2105233669281006,0.0,0.0,0.0,0.0,6782.24462890625,493.388427734375,981.6348266601562,1738.0177001953125,607.6903686523438,0.0,534.5682373046875,0.03162172809243202,0.0,65.17603302001953,0.0,0.0,0.0,420.8919677734375,420.8919677734375,114.86748504638672,132.5959014892578,108.11039733886719,0.0,0.0,0.0,114.86748504638672,132.5959014892578,108.11039733886719,0.0,0.0,0.0,12.003580093383789,17.18914031982422,10.027132034301758,0.0,0.0,0.0
277.0,62.49433135986328,45767.65234375,4277.97021484375,25024.650390625,16465.033203125,4609.53759765625,20.80026626586914,0.0,17934.4921875,0.20667745172977448,34.451717376708984,2.5062615871429443,8.04155158996582,4.787088871002197,1.615899920463562,2.6226816177368164,6.659794807434082,0.0010269162012264132,0.3911084830760956,1.2105233669281006,0.0,0.0,0.0,0.0,6841.88232421875,497.7268981933594,988.5436401367188,1744.15869140625,997.039306640625,0.0,523.4893798828125,0.03096631169319153,0.0,64.9609146118164,0.0,0.0,0.0,422.4642028808594,422.4642028808594,110.29666900634766,126.33566284179688,107.8005142211914,0.0,0.0,0.0,110.29666900634766,126.33566284179688,107.8005142211914,0.0,0.0,0.0,11.461509704589844,16.15291404724121,10.731383323669434,0.0,0.0,0.0
278.0,62.59022903442383,46054.26953125,4277.97021484375,25076.779296875,16699.51953125,4609.53759765625,20.78070068359375,0.0,18061.6484375,0.20667745172977448,34.451717376708984,2.5062615871429443,8.123980522155762,4.798462867736816,1.615899920463562,2.6226816177368164,6.661888599395752,0.0010269162012264132,0.3911084830760956,1.2105233669281006,0.0,0.0,0.0,0.0,6862.83251953125,499.2509460449219,1000.4640502929688,1764.6182861328125,998.439697265625,0.0,548.1324462890625,0.032419636845588684,0.0,68.11315155029297,0.0,0.0,0.0,424.0625,424.0625,123.45616912841797,132.5420684814453,109.54070281982422,0.0,0.0,0.0,123.45616912841797,132.5420684814453,109.54070281982422,0.0,0.0,0.0,15.330229759216309,17.987855911254883,11.259955406188965,0.0,0.0,0.0
279.0,62.67673873901367,46119.48828125,4277.97021484375,25096.60546875,16744.912109375,4609.53759765625,21.4528865814209,0.0,17541.71484375,0.20667745172977448,34.451717376708984,2.5062615871429443,8.19239616394043,4.80758810043335,1.615899920463562,2.6226816177368164,6.6708598136901855,0.0010269162012264132,0.3911084830760956,1.2105233669281006,0.0,0.0,0.0,0.0,6789.23974609375,493.89727783203125,999.2333374023438,1724.133056640625,826.615966796875,0.0,495.2479248046875,0.02927478216588497,0.0,61.68450927734375,0.0,0.0,0.0,425.6495666503906,425.6495666503906,126.24308013916016,136.92306518554688,121.06306457519531,0.0,0.0,0.0,126.24308013916016,136.92306518554688,121.06306457519531,0.0,0.0,0.0,15.47321605682373,18.597108840942383,13.958061218261719,0.0,0.0,0.0
280.0,62.730499267578125,46132.34765625,4277.97021484375,25109.466796875,16744.912109375,4609.53759765625,21.4462833404541,0.0,17553.9609375,0.20667745172977448,34.451717376708984,2.5062615871429443,8.228422164916992,4.812312602996826,1.615899920463562,2.6226816177368164,6.683868408203125,0.0010269162012264132,0.3911084830760956,1.2105233669281006,0.0,0.0,0.0,0.0,6849.14794921875,498.2554626464844,1011.178955078125,1813.072998046875,513.3873291015625,0.0,639.7791748046875,0.03778650611639023,0.0,71.90509033203125,0.0,0.0,0.0,427.21435546875,427.21435546875,126.77101135253906,144.41079711914062,115.87590789794922,0.0,0.0,0.0,126.77101135253906,144.41079711914062,115.87590789794922,0.0,0.0,0.0,15.634238243103027,20.79387664794922,12.447419166564941,0.0,0.0,0.0
281.0,62.766441345214844,46139.0703125,4277.97021484375,25116.189453125,16744.912109375,4609.53759765625,22.48009490966797,0.0,16780.515625,0.20667745172977448,34.451717376708984,2.5062615871429443,8.247702598571777,4.814833164215088,1.615899920463562,2.6226816177368164,6.698010444641113,0.0010269162012264132,0.3911084830760956,1.2105233669281006,0.0,0.0,0.0,0.0,6721.1787109375,488.9460754394531,997.6035766601562,1724.6427001953125,362.204345703125,0.0,516.4907836914062,0.030477052554488182,0.0,63.139625549316406,0.0,0.0,0.0,428.7655029296875,428.7655029296875,120.29334259033203,139.0169677734375,117.60176086425781,0.0,0.0,0.0,120.29334259033203,139.0169677734375,117.60176086425781,0.0,0.0,0.0,12.705707550048828,18.182369232177734,11.918420791625977,0.0,0.0,0.0
282.0,62.78826904296875,46150.61328125,4277.97021484375,25127.732421875,16744.912109375,4609.53759765625,22.76846694946289,0.0,16582.27734375,0.20667745172977448,34.451717376708984,2.5062615871429443,8.254111289978027,4.81578254699707,1.615899920463562,2.6226816177368164,6.712477684020996,0.0010269162012264132,0.3911084830760956,1.2105233669281006,0.0,0.0,0.0,0.0,6682.3662109375,486.12255859375,992.3326416015625,1696.91796875,341.8786315917969,0.0,479.6285095214844,0.028275592252612114,0.0,59.9209098815918,0.0,0.0,0.0,430.27740478515625,430.27740478515625,114.4980697631836,132.96932983398438,121.33269500732422,0.0,0.0,0.0,114.4980697631836,132.96932983398438,121.33269500732422,0.0,0.0,0.0,10.722219467163086,16.125064849853516,12.721346855163574,0.0,0.0,0.0
283.0,62.81806945800781,46159.98828125,4277.97021484375,25137.107421875,16744.912109375,4609.53759765625,23.110258102416992,0.0,16351.8876953125,0.20667745172977448,34.451717376708984,2.5062615871429443,8.260979652404785,4.817953109741211,1.615899920463562,2.6226816177368164,6.733238220214844,0.0010269162012264132,0.3911084830760956,1.2105233669281006,0.0,0.0,0.0,0.0,6634.15087890625,482.6150207519531,985.5678100585938,1652.4154052734375,333.8905334472656,0.0,434.5010070800781,0.025580769404768944,0.0,59.350337982177734,0.0,0.0,0.0,431.7709655761719,431.7709655761719,120.95035552978516,121.19227600097656,121.04499053955078,0.0,0.0,0.0,120.95035552978516,121.19227600097656,121.04499053955078,0.0,0.0,0.0,12.267722129821777,12.338481903076172,12.295400619506836,0.0,0.0,0.0
284.0,62.838497161865234,46163.69140625,4277.97021484375,25140.810546875,16744.912109375,4609.53759765625,22.45231056213379,0.0,16815.79296875,0.20667745172977448,34.451717376708984,2.5062615871429443,8.265149116516113,4.819845199584961,1.615899920463562,2.6226816177368164,6.747605800628662,0.0010269162012264132,0.3911084830760956,1.2105233669281006,0.0,0.0,0.0,0.0,6745.56494140625,490.7200927734375,1003.6673583984375,1752.8480224609375,267.85028076171875,0.0,564.2069091796875,0.0331861712038517,0.0,68.61225128173828,0.0,0.0,0.0,433.260498046875,433.260498046875,127.12336730957031,123.14485168457031,110.12066650390625,0.0,0.0,0.0,127.12336730957031,123.14485168457031,110.12066650390625,0.0,0.0,0.0,14.731274604797363,13.567558288574219,9.757986068725586,0.0,0.0,0.0
285.0,62.8488655090332,46164.86328125,4277.97021484375,25141.982421875,16744.912109375,4609.53759765625,22.45660400390625,0.0,16815.345703125,0.20667745172977448,34.451717376708984,2.5062615871429443,8.26705265045166,4.8211846351623535,1.615899920463562,2.6226816177368164,6.754732131958008,0.0010269162012264132,0.3911084830760956,1.2105233669281006,0.0,0.0,0.0,0.0,6743.32568359375,490.55718994140625,1003.3946533203125,1747.3936767578125,274.6293029785156,0.0,560.457763671875,0.03295044228434563,0.0,71.90509033203125,0.0,0.0,0.0,434.7668151855469,434.7668151855469,118.56199645996094,137.1226348876953,112.01322174072266,0.0,0.0,0.0,118.56199645996094,137.1226348876953,112.01322174072266,0.0,0.0,0.0,12.222779273986816,17.651765823364258,10.307263374328613,0.0,0.0,0.0
286.0,62.8533821105957,46165.88671875,4277.97021484375,25143.005859375,16744.912109375,4609.53759765625,22.157238006591797,0.0,17036.431640625,0.20667745172977448,34.451717376708984,2.5062615871429443,8.267524719238281,4.822864055633545,1.615899920463562,2.6226816177368164,6.757096767425537,0.0010269162012264132,0.3911084830760956,1.2105233669281006,0.0,0.0,0.0,0.0,6773.87841796875,492.77978515625,1007.3251953125,1631.9302978515625,347.79058837890625,0.0,676.8729248046875,0.03978864848613739,12.175761222839355,96.3066177368164,0.0,0.0,0.0,436.2820129394531,436.2820129394531,90.53547668457031,158.29396057128906,119.5315170288086,0.0,0.0,0.0,90.53547668457031,158.29396057128906,119.5315170288086,0.0,0.0,0.0,4.32438850402832,24.143747329711914,12.805731773376465,0.0,0.0,0.0
287.0,62.858402252197266,46171.078125,4277.97021484375,25148.197265625,16744.912109375,4609.53759765625,21.720918655395508,0.0,17369.822265625,0.20667745172977448,34.451717376708984,2.5062615871429443,8.267684936523438,4.825448036193848,1.615899920463562,2.6226816177368164,6.759373188018799,0.0010269162012264132,0.3911084830760956,1.2105233669281006,0.0,0.0,0.0,0.0,6790.05224609375,493.9563903808594,1008.4268188476562,1687.6856689453125,607.8721923828125,0.0,542.7645263671875,0.03190067037940025,23.466508865356445,107.85763549804688,0.0,0.0,0.0,437.83282470703125,437.83282470703125,139.9697723388672,152.95950317382812,136.59759521484375,0.0,0.0,0.0,139.9697723388672,152.95950317382812,136.59759521484375,0.0,0.0,0.0,19.220237731933594,23.019737243652344,18.23387908935547,0.0,0.0,0.0
288.0,62.87192153930664,46176.56640625,4277.97021484375,25153.68359375,16744.912109375,4609.53759765625,21.321060180664062,0.0,17687.791015625,0.20667745172977448,34.451717376708984,2.5062615871429443,8.267998695373535,4.833096504211426,1.615899920463562,2.6226816177368164,6.764928340911865,0.0010269162012264132,0.3911084830760956,1.2105233669281006,0.0,0.0,0.0,0.0,6851.7216796875,498.4426574707031,1015.7196044921875,1807.67919921875,610.523681640625,0.0,618.6604614257812,0.03634842857718468,0.0,71.90509033203125,0.0,0.0,0.0,439.4346008300781,439.4346008300781,103.55172729492188,137.83143615722656,115.5791244506836,0.0,0.0,0.0,103.55172729492188,137.83143615722656,115.5791244506836,0.0,0.0,0.0,8.96782112121582,18.9946346282959,12.485835075378418,0.0,0.0,0.0
289.0,62.88198471069336,46257.38671875,4277.97021484375,25157.470703125,16821.9453125,4609.53759765625,20.524112701416016,0.0,18382.689453125,0.20667745172977448,34.451717376708984,2.5062615871429443,8.268118858337402,4.839533805847168,1.615899920463562,2.6226816177368164,6.768434047698975,0.0010269162012264132,0.3911084830760956,1.2105233669281006,0.0,0.0,0.0,0.0,6913.0927734375,502.9072570800781,1022.3672485351562,1818.761962890625,1001.7874755859375,0.0,610.2539672851562,0.0358465202152729,0.0,71.90509033203125,0.0,0.0,0.0,441.0810546875,441.0810546875,105.80010223388672,123.11509704589844,94.26903533935547,0.0,0.0,0.0,105.80010223388672,123.11509704589844,94.26903533935547,0.0,0.0,0.0,10.422416687011719,15.487051963806152,7.049580097198486,0.0,0.0,0.0
290.0,62.896427154541016,46503.8828125,4277.97021484375,25167.55078125,17058.359375,4609.53759765625,20.485748291015625,0.0,18513.017578125,0.20667745172977448,34.451717376708984,2.5062615871429443,8.268189430236816,4.844907283782959,1.615899920463562,2.6226816177368164,6.777434825897217,0.0010269162012264132,0.3911084830760956,1.2105233669281006,0.0,0.0,0.0,0.0,6937.07177734375,504.6516418457031,1024.90283203125,1842.740234375,1003.413818359375,0.0,642.5016479492188,0.037718743085861206,0.0,71.90509033203125,0.0,0.0,0.0,442.7537536621094,442.7537536621094,121.51695251464844,136.1649627685547,113.85063934326172,0.0,0.0,0.0,121.51695251464844,136.1649627685547,113.85063934326172,0.0,0.0,0.0,15.05795955657959,19.342504501342773,12.815564155578613,0.0,0.0,0.0
291.0,62.920902252197266,46564.76953125,4277.97021484375,25182.7109375,17104.087890625,4609.53759765625,21.14664077758789,0.0,17980.0859375,0.20667745172977448,34.451717376708984,2.5062615871429443,8.268245697021484,4.849780559539795,1.615899920463562,2.6226816177368164,6.7969770431518555,0.0010269162012264132,0.3911084830760956,1.2105233669281006,0.0,0.0,0.0,0.0,6866.01318359375,499.48236083984375,1017.1553955078125,1798.269775390625,831.1661376953125,0.0,582.5693359375,0.03415725752711296,0.0,71.90509033203125,0.0,0.0,0.0,444.41241455078125,444.41241455078125,129.53846740722656,137.66372680664062,118.30072784423828,0.0,0.0,0.0,129.53846740722656,137.66372680664062,118.30072784423828,0.0,0.0,0.0,16.743362426757812,19.119998931884766,13.45632266998291,0.0,0.0,0.0
292.0,62.95880889892578,46585.70703125,4277.97021484375,25203.650390625,17104.087890625,4609.53759765625,21.143789291381836,0.0,17992.63671875,0.20667745172977448,34.451717376708984,2.5062615871429443,8.26829719543457,4.854361534118652,1.615899920463562,2.6226816177368164,6.830255031585693,0.0010269162012264132,0.3911084830760956,1.2105233669281006,0.0,0.0,0.0,0.0,6926.146484375,503.85687255859375,1023.5305786132812,1893.6422119140625,516.0582275390625,0.0,738.2328491210938,0.04319179058074951,0.0,71.90509033203125,0.0,0.0,0.0,446.0462341308594,446.0462341308594,129.80711364746094,145.08584594726562,116.35417938232422,0.0,0.0,0.0,129.80711364746094,145.08584594726562,116.35417938232422,0.0,0.0,0.0,16.824792861938477,21.293819427490234,12.88980770111084,0.0,0.0,0.0
293.0,63.00551986694336,46598.57421875,4277.97021484375,25216.515625,17104.087890625,4609.53759765625,22.16670799255371,0.0,17199.865234375,0.20667745172977448,34.451717376708984,2.5062615871429443,8.268342971801758,4.858511447906494,1.615899920463562,2.6226816177368164,6.872767448425293,0.0010269162012264132,0.3911084830760956,1.2105233669281006,0.0,0.0,0.0,0.0,6798.8046875,494.5931396484375,1009.7000732421875,1797.429931640625,364.2825012207031,0.0,601.0514526367188,0.03507024049758911,0.0,71.90509033203125,0.0,0.0,0.0,447.66461181640625,447.66461181640625,103.98990631103516,139.4163055419922,121.0545425415039,0.0,0.0,0.0,103.98990631103516,139.4163055419922,121.0545425415039,0.0,0.0,0.0,8.25033950805664,18.612564086914062,13.241745948791504,0.0,0.0,0.0
294.0,63.038795471191406,46616.44140625,4277.97021484375,25234.384765625,17104.087890625,4609.53759765625,22.45429801940918,0.0,16996.68359375,0.20667745172977448,34.451717376708984,2.5062615871429443,8.26836109161377,4.860129356384277,1.615899920463562,2.6226816177368164,6.904407978057861,0.0010269162012264132,0.3911084830760956,1.2105233669281006,0.0,0.0,0.0,0.0,6761.12841796875,491.8522644042969,1004.962890625,1768.9346923828125,343.9614562988281,0.0,559.830078125,0.03259914740920067,0.0,68.66495513916016,0.0,0.0,0.0,449.2406921386719,449.2406921386719,114.01892852783203,133.6134033203125,125.87975311279297,0.0,0.0,0.0,114.01892852783203,133.6134033203125,125.87975311279297,0.0,0.0,0.0,10.896238327026367,16.627620697021484,14.365530014038086,0.0,0.0,0.0
295.0,63.08387756347656,46629.85546875,4277.97021484375,25247.798828125,17104.087890625,4609.53759765625,22.793617248535156,0.0,16760.529296875,0.20667745172977448,34.451717376708984,2.5062615871429443,8.268380165100098,4.8619160652160645,1.615899920463562,2.6226816177368164,6.947683811187744,0.0010269162012264132,0.3911084830760956,1.2105233669281006,0.0,0.0,0.0,0.0,6711.982421875,488.2770690917969,997.2836303710938,1736.06103515625,335.91082763671875,0.0,506.74530029296875,0.029426811262965202,0.0,62.4530029296875,0.0,0.0,0.0,450.7972717285156,450.7972717285156,108.1731948852539,123.96099853515625,108.10318756103516,0.0,0.0,0.0,108.1731948852539,123.96099853515625,108.10318756103516,0.0,0.0,0.0,8.84704303741455,13.46497631072998,8.826566696166992,0.0,0.0,0.0
296.0,63.11228942871094,46634.1015625,4277.97021484375,25252.04296875,17104.087890625,4609.53759765625,22.14448356628418,0.0,17236.029296875,0.20667745172977448,34.451717376708984,2.5062615871429443,8.268390655517578,4.862931251525879,1.615899920463562,2.6226816177368164,6.975070476531982,0.0010269162012264132,0.3911084830760956,1.2105233669281006,0.0,0.0,0.0,0.0,6821.72998046875,496.2608642578125,1011.9880981445312,1831.2796630859375,269.2657470703125,0.0,655.0125732421875,0.03797061741352081,0.0,71.90509033203125,0.0,0.0,0.0,452.34661865234375,452.34661865234375,125.983642578125,132.36172485351562,102.65876007080078,0.0,0.0,0.0,125.983642578125,132.36172485351562,102.65876007080078,0.0,0.0,0.0,14.705731391906738,16.57132339477539,7.883203506469727,0.0,0.0,0.0
297.0,63.125755310058594,46635.4453125,4277.97021484375,25253.38671875,17104.087890625,4609.53759765625,22.148847579956055,0.0,17235.572265625,0.20667745172977448,34.451717376708984,2.5062615871429443,8.26839542388916,4.863865852355957,1.615899920463562,2.6226816177368164,6.987597942352295,0.0010269162012264132,0.3911084830760956,1.2105233669281006,0.0,0.0,0.0,0.0,6819.810546875,496.1212463378906,1011.725341796875,1828.8756103515625,276.09906005859375,0.0,651.0282592773438,0.037709690630435944,0.0,71.90509033203125,0.0,0.0,0.0,453.9153137207031,453.9153137207031,119.0501480102539,143.23329162597656,108.13836669921875,0.0,0.0,0.0,119.0501480102539,143.23329162597656,108.13836669921875,0.0,0.0,0.0,12.673320770263672,19.746891021728516,9.481624603271484,0.0,0.0,0.0
298.0,63.13143539428711,46637.0546875,4277.97021484375,25254.998046875,17104.087890625,4609.53759765625,21.853700637817383,0.0,17462.173828125,0.20667745172977448,34.451717376708984,2.5062615871429443,8.268396377563477,4.8664140701293945,1.615899920463562,2.6226816177368164,6.990725994110107,0.0010269162012264132,0.3911084830760956,1.2105233669281006,0.0,0.0,0.0,0.0,6850.14453125,498.32794189453125,1014.9596557617188,1788.359130859375,349.595458984375,0.0,673.9066162109375,0.03902721777558327,23.466508865356445,107.85763549804688,0.0,0.0,0.0,455.4961853027344,455.4961853027344,148.4921112060547,167.7571258544922,136.6832733154297,0.0,0.0,0.0,148.4921112060547,167.7571258544922,136.6832733154297,0.0,0.0,0.0,21.580244064331055,27.21525764465332,18.126157760620117,0.0,0.0,0.0
299.0,63.13803482055664,46641.29296875,4277.97021484375,25259.234375,17104.087890625,4609.53759765625,21.422653198242188,0.0,17803.90234375,0.20667745172977448,34.451717376708984,2.5062615871429443,8.268397331237793,4.871291637420654,1.615899920463562,2.6226816177368164,6.992448329925537,0.0010269162012264132,0.3911084830760956,1.2105233669281006,0.0,0.0,0.0,0.0,6867.83203125,499.61468505859375,1016.8690795898438,1773.466064453125,611.1732177734375,0.0,634.8901977539062,0.036763668060302734,23.466508865356445,107.85763549804688,0.0,0.0,0.0,457.1268615722656,457.1268615722656,149.388671875,160.08200073242188,142.54730224609375,0.0,0.0,0.0,149.388671875,160.08200073242188,142.54730224609375,0.0,0.0,0.0,22.273534774780273,25.40133285522461,20.272432327270508,0.0,0.0,0.0
300.0,63.149009704589844,46645.671875,4277.97021484375,25263.611328125,17104.087890625,4609.53759765625,21.040908813476562,0.0,18118.75,0.20667745172977448,34.451717376708984,2.5062615871429443,8.26839828491211,4.880080699920654,1.615899920463562,2.6226816177368164,6.994636058807373,0.0010269162012264132,0.3911084830760956,1.2105233669281006,0.0,0.0,0.0,0.0,6927.83935546875,503.9800109863281,1023.2843017578125,1890.458251953125,613.6681518554688,0.0,714.4152221679688,0.041362836956977844,0.0,71.90509033203125,0.0,0.0,0.0,458.8169250488281,458.8169250488281,125.71382904052734,141.5537567138672,131.06375122070312,0.0,0.0,0.0,125.71382904052734,141.5537567138672,131.06375122070312,0.0,0.0,0.0,15.730384826660156,20.363563537597656,17.295236587524414,0.0,0.0,0.0
