time,Total Generation Capacity,Total Transmission,Transmission for Interconnection km,Total Transmission for Generation Connection,Total Transmission for Demand Connection,Total Interconnection Capacity,Transmission Tariff[f0],Congestion Tariff[f0],National Peak Demand[f0],Generation Capacity by Tech[TBiomass],Generation Capacity by Tech[TWindOnS],Generation Capacity by Tech[TWindOffS],Generation Capacity by Tech[TPV],Generation Capacity by Tech[THydroDam],Generation Capacity by Tech[THRoR],Generation Capacity by Tech[TThermo1],Generation Capacity by Tech[TThermo2],Generation Capacity by Tech[TGeothermal],Generation Capacity by Tech[TPVBESSOp1],Generation Capacity by Tech[TPVBESSOp2],Generation Capacity by Tech[TOther1],Generation Capacity by Tech[TOther2],Generation Capacity by Tech[TOther3],Generation by Tech per Month[TBiomass],Generation by Tech per Month[TWindOnS],Generation by Tech per Month[TWindOffS],Generation by Tech per Month[TPV],Generation by Tech per Month[THydroDam],Generation by Tech per Month[THRoR],Generation by Tech per Month[TThermo1],Generation by Tech per Month[TThermo2],Generation by Tech per Month[TGeothermal],Generation by Tech per Month[TPVBESSOp1],Generation by Tech per Month[TPVBESSOp2],Generation by Tech per Month[TOther1],Generation by Tech per Month[TOther2],Generation by Tech per Month[TOther3],Generation by Tech per Month[DERBESS],Generation by Tech per Month[DER],"Electricity Tariff[Regulated,Z1]","Electricity Tariff[Regulated,Z2]","Electricity Tariff[Regulated,Z3]","Electricity Tariff[Regulated,Z4]","Electricity Tariff[Regulated,Z5]","Electricity Tariff[Regulated,Z6]","Electricity Tariff[Unregulated,Z1]","Electricity Tariff[Unregulated,Z2]","Electricity Tariff[Unregulated,Z3]","Electricity Tariff[Unregulated,Z4]","Electricity Tariff[Unregulated,Z5]","Electricity Tariff[Unregulated,Z6]","Generation Tariff[f0,Z1]","Generation Tariff[f0,Z2]","Generation Tariff[f0,Z3]","Generation Tariff[f0,Z4]","Generation Tariff[f0,Z5]","Generation Tariff[f0,Z6]"
0.0,14.057049751281738,16177.3701171875,1836.469970703125,5622.81982421875,8718.080078125,1600.0,16.893709182739258,0.9912989735603333,7532.21728515625,0.06656000018119812,1.021299958229065,0.0,0.4778200089931488,3.705590009689331,1.5324699878692627,2.6226699352264404,4.630640029907227,0.0,0.0,0.0,0.0,0.0,0.0,0.0,279.896484375,0.0,79.0820083618164,2668.02490234375,894.5088500976562,0.0,1152.0262451171875,0.0,0.0,0.0,0.0,0.0,0.0,0.0046911598183214664,0.0046911598183214664,181.14532470703125,182.1839599609375,196.01895141601562,0.0,0.0,0.0,181.14532470703125,182.1839599609375,196.01895141601562,0.0,0.0,0.0,35.10000228881836,35.40380096435547,39.45053482055664,0.0,0.0,0.0
1.0,14.069549560546875,16177.3701171875,1836.469970703125,5622.81982421875,8718.080078125,1600.0,16.255136489868164,0.0,7829.89208984375,0.06656000018119812,1.021299958229065,0.0,0.4778200089931488,3.705590009689331,1.5449700355529785,2.6226699352264404,4.630640029907227,0.0,0.0,0.0,0.0,0.0,0.0,0.0,279.896484375,0.0,79.0820083618164,2668.02490234375,1112.37841796875,0.0,1133.4674072265625,0.0,0.0,0.0,0.0,0.0,0.0,1.2013683319091797,1.2013683319091797,149.28216552734375,174.4554901123047,182.94447326660156,0.0,0.0,0.0,149.28216552734375,174.4554901123047,182.94447326660156,0.0,0.0,0.0,27.409896850585938,34.773094177246094,37.25611877441406,0.0,0.0,0.0
2.0,14.069549560546875,16182.3701171875,1836.469970703125,5627.81982421875,8718.080078125,1600.0,16.145761489868164,0.0,7887.171875,0.06656000018119812,1.021299958229065,0.0,0.4778200089931488,3.705590009689331,1.5449700355529785,2.6226699352264404,4.630640029907227,0.0,0.0,0.0,0.0,0.0,0.0,0.0,279.896484375,0.0,79.0820083618164,2668.02490234375,1112.37841796875,0.0,1170.8277587890625,0.0,0.0,0.0,0.0,0.0,0.0,2.4236178398132324,2.4236178398132324,91.99421691894531,174.9437255859375,185.4036102294922,0.0,0.0,0.0,91.99421691894531,174.9437255859375,185.4036102294922,0.0,0.0,0.0,10.762547492980957,35.02527618408203,38.08479690551758,0.0,0.0,0.0
3.0,14.069549560546875,16182.3701171875,1836.469970703125,5627.81982421875,8718.080078125,1600.0,16.624677658081055,0.0,7661.8427734375,0.06656000018119812,1.021299958229065,0.0,0.4778200089931488,3.705590009689331,1.5449700355529785,2.6226699352264404,4.630640029907227,0.0,0.0,0.0,0.0,0.0,0.0,0.0,279.896484375,0.0,79.0820083618164,2668.02490234375,925.83251953125,0.0,1204.3995361328125,0.0,0.0,0.0,0.0,0.0,0.0,3.620753049850464,3.620753049850464,56.85707092285156,177.32542419433594,184.14541625976562,0.0,0.0,0.0,56.85707092285156,177.32542419433594,184.14541625976562,0.0,0.0,0.0,0.006015043240040541,35.24300765991211,37.237857818603516,0.0,0.0,0.0
4.0,14.069549560546875,16182.3701171875,1836.469970703125,5627.81982421875,8718.080078125,1600.0,16.613065719604492,0.0,7668.91162109375,0.06656000018119812,1.021299958229065,0.0,0.4778200089931488,3.705590009689331,1.5449700355529785,2.6226699352264404,4.630640029907227,0.0,0.0,0.0,0.0,0.0,0.0,0.0,279.896484375,0.0,79.0820083618164,2668.02490234375,572.429931640625,0.0,1561.406982421875,0.0,0.0,0.0,0.0,0.0,0.0,4.777091026306152,4.777091026306152,122.88899230957031,184.17950439453125,186.83229064941406,0.0,0.0,0.0,122.88899230957031,184.17950439453125,186.83229064941406,0.0,0.0,0.0,19.33196449279785,37.25944137573242,38.03538131713867,0.0,0.0,0.0
5.0,14.069549560546875,16182.3701171875,1836.469970703125,5627.81982421875,8718.080078125,1600.0,17.379589080810547,0.0,7332.6640625,0.06656000018119812,1.021299958229065,0.0,0.4778200089931488,3.705590009689331,1.5449700355529785,2.6226699352264404,4.630640029907227,0.0,0.0,0.0,0.0,0.0,0.0,0.0,279.896484375,0.0,79.0820083618164,1166.0135498046875,407.575439453125,0.0,3000.65478515625,0.0,0.0,0.0,0.0,0.0,0.0,5.905970096588135,5.905970096588135,231.72509765625,219.4174041748047,232.06690979003906,0.0,0.0,0.0,231.72509765625,219.4174041748047,232.06690979003906,0.0,0.0,0.0,50.400001525878906,46.79999923706055,50.49998474121094,0.0,0.0,0.0
6.0,14.069549560546875,16182.3701171875,1836.469970703125,5627.81982421875,8718.080078125,1600.0,17.58768653869629,0.0,7247.66650390625,0.06656000018119812,1.021299958229065,0.0,0.4778200089931488,3.705590009689331,1.5449700355529785,2.6226699352264404,4.630640029907227,0.0,0.0,0.0,0.0,0.0,0.0,11.96236801147461,279.896484375,0.0,79.0820083618164,1117.372802734375,385.8840637207031,0.0,3000.65478515625,0.0,0.0,0.0,0.0,0.0,0.0,7.023085117340088,7.023085117340088,232.43653869628906,232.76219177246094,232.77835083007812,0.0,0.0,0.0,232.43653869628906,232.76219177246094,232.77835083007812,0.0,0.0,0.0,50.400001525878906,50.49525451660156,50.49998092651367,0.0,0.0,0.0
7.0,14.069549560546875,16182.3701171875,1836.469970703125,5627.81982421875,8718.080078125,1600.0,17.83610725402832,0.0,7148.56494140625,0.06656000018119812,1.021299958229065,0.0,0.4778200089931488,3.705590009689331,1.5449700355529785,2.6226699352264404,4.630640029907227,0.0,0.0,0.0,0.0,0.0,0.0,30.670848846435547,279.896484375,0.0,79.0820083618164,294.9912109375,378.31988525390625,743.3401489257812,3000.65478515625,0.0,0.0,0.0,0.0,0.0,0.0,8.16727352142334,8.16727352142334,273.4225769042969,239.37484741210938,233.69837951660156,0.0,0.0,0.0,273.4225769042969,239.37484741210938,233.69837951660156,0.0,0.0,0.0,62.13999938964844,52.181034088134766,50.520668029785156,0.0,0.0,0.0
8.0,14.278849601745605,16182.3701171875,1836.469970703125,5627.81982421875,8718.080078125,1600.0,17.343515396118164,0.0,7353.01953125,0.06656000018119812,1.021299958229065,0.0,0.4778200089931488,3.9148900508880615,1.5449700355529785,2.6226699352264404,4.630640029907227,0.0,0.0,0.0,0.0,0.0,0.0,11.96236801147461,279.896484375,0.0,79.0820083618164,1271.100341796875,300.787109375,0.0,3000.65478515625,0.0,0.0,0.0,0.0,0.0,0.0,9.356154441833496,9.356154441833496,231.6017608642578,224.87281799316406,231.9434356689453,0.0,0.0,0.0,231.6017608642578,224.87281799316406,231.9434356689453,0.0,0.0,0.0,50.400001525878906,48.431785583496094,50.49993896484375,0.0,0.0,0.0
9.0,14.278849601745605,16266.08984375,1836.469970703125,5711.5400390625,8718.080078125,1600.0,17.4342041015625,0.0,7354.47314453125,0.06656000018119812,1.021299958229065,0.0,0.4778200089931488,3.9148900508880615,1.5449700355529785,2.6226699352264404,4.630640029907227,0.0,0.0,0.0,0.0,0.0,0.0,11.96236801147461,279.896484375,0.0,79.0820083618164,1263.1524658203125,308.4625244140625,0.0,3000.65478515625,0.0,0.0,0.0,0.0,0.0,0.0,10.60776424407959,10.60776424407959,231.91180419921875,224.6639404296875,232.25341796875,0.0,0.0,0.0,231.91180419921875,224.6639404296875,232.25341796875,0.0,0.0,0.0,50.400001525878906,48.279998779296875,50.49991989135742,0.0,0.0,0.0
10.0,14.278849601745605,16266.08984375,1836.469970703125,5711.5400390625,8718.080078125,1600.0,17.20807456970215,0.0,7452.837890625,0.06656000018119812,1.021299958229065,0.0,0.4778200089931488,3.9148900508880615,1.5449700355529785,2.6226699352264404,4.630640029907227,0.0,0.0,0.0,0.0,0.0,0.0,11.96236801147461,279.896484375,0.0,79.0820083618164,1246.7957763671875,389.77740478515625,0.0,3000.65478515625,0.0,0.0,0.0,0.0,0.0,0.0,11.905957221984863,11.905957221984863,231.1387176513672,224.89373779296875,232.93243408203125,0.0,0.0,0.0,231.1387176513672,224.89373779296875,232.93243408203125,0.0,0.0,0.0,50.400001525878906,48.573341369628906,50.92466354370117,0.0,0.0,0.0
11.0,14.278849601745605,16266.08984375,1836.469970703125,5711.5400390625,8718.080078125,1600.0,16.8776912689209,0.0,7600.39599609375,0.06656000018119812,1.021299958229065,0.0,0.4778200089931488,3.9148900508880615,1.5449700355529785,2.6226699352264404,4.630640029907227,0.0,0.0,0.0,0.0,0.0,0.0,0.0,279.896484375,0.0,79.0820083618164,1065.9068603515625,680.6643676757812,0.0,3000.65478515625,0.0,0.0,0.0,0.0,0.0,0.0,13.262372016906738,13.262372016906738,230.0092010498047,217.70150756835938,230.3508758544922,0.0,0.0,0.0,230.0092010498047,217.70150756835938,230.3508758544922,0.0,0.0,0.0,50.400001525878906,46.79999923706055,50.499942779541016,0.0,0.0,0.0
12.0,14.278849601745605,16266.08984375,1836.469970703125,5711.5400390625,8718.080078125,1600.0,16.08912467956543,0.0,7974.05908203125,0.06656000018119812,1.021299958229065,0.0,0.4778200089931488,3.9148900508880615,1.5449700355529785,2.6226699352264404,4.630640029907227,0.0,0.0,0.0,0.0,0.0,0.0,0.0,279.896484375,0.0,79.0820083618164,2818.720703125,901.80517578125,0.0,1276.9671630859375,0.0,0.0,0.0,0.0,0.0,0.0,14.686698913574219,14.686698913574219,160.7623748779297,179.6702880859375,172.49887084960938,0.0,0.0,0.0,160.7623748779297,179.6702880859375,172.49887084960938,0.0,0.0,0.0,30.933870315551758,36.46443176269531,34.36679458618164,0.0,0.0,0.0
13.0,14.755249977111816,16346.0888671875,1836.469970703125,5711.5400390625,8798.0791015625,1600.0,15.556089401245117,0.1680832952260971,8289.1884765625,0.06656000018119812,1.021299958229065,0.0,0.934220016002655,3.9148900508880615,1.5649700164794922,2.6226699352264404,4.630640029907227,0.0,0.0,0.0,0.0,0.0,0.0,0.0,279.896484375,0.0,154.6413116455078,2818.720703125,1126.7784423828125,0.0,1187.22265625,0.0,0.0,0.0,0.0,0.0,0.0,16.163288116455078,16.163288116455078,171.06069946289062,173.89767456054688,179.2747344970703,0.0,0.0,0.0,171.06069946289062,173.89767456054688,179.2747344970703,0.0,0.0,0.0,34.31108474731445,35.14089584350586,36.713687896728516,0.0,0.0,0.0
14.0,14.755249977111816,16756.90234375,1836.469970703125,5902.10009765625,9018.3330078125,1600.0,15.835086822509766,0.0,8349.83203125,0.06656000018119812,1.021299958229065,0.0,0.934220016002655,3.9148900508880615,1.5649700164794922,2.6226699352264404,4.630640029907227,0.0,0.0,0.0,0.0,0.0,0.0,0.0,279.896484375,0.0,154.6413116455078,2818.720703125,1126.7784423828125,0.0,1226.586181640625,0.0,0.0,0.0,0.0,0.0,0.0,17.647748947143555,17.647748947143555,114.52588653564453,175.22393798828125,174.87364196777344,0.0,0.0,0.0,114.52588653564453,175.22393798828125,174.87364196777344,0.0,0.0,0.0,17.663734436035156,35.41791534423828,35.315452575683594,0.0,0.0,0.0
15.0,14.755249977111816,16800.33203125,1836.469970703125,5902.10009765625,9061.7607421875,1600.0,16.34886360168457,0.0,8111.28369140625,0.06656000018119812,1.021299958229065,0.0,0.934220016002655,3.9148900508880615,1.5649700164794922,2.6226699352264404,4.630640029907227,0.0,0.0,0.0,0.0,0.0,0.0,0.0,279.896484375,0.0,154.6413116455078,2818.720703125,937.8176879882812,0.0,1253.4278564453125,0.0,0.0,0.0,0.0,0.0,0.0,19.085891723632812,19.085891723632812,79.50791931152344,177.59617614746094,172.3155059814453,0.0,0.0,0.0,79.50791931152344,177.59617614746094,172.3155059814453,0.0,0.0,0.0,6.907202243804932,35.598018646240234,34.05342102050781,0.0,0.0,0.0
16.0,14.755249977111816,16800.33203125,1836.469970703125,5902.10009765625,9061.7607421875,1600.0,16.337867736816406,0.0,8118.76513671875,0.06656000018119812,1.021299958229065,0.0,0.934220016002655,3.9148900508880615,1.5649700164794922,2.6226699352264404,4.630640029907227,0.0,0.0,0.0,0.0,0.0,0.0,0.0,279.896484375,0.0,154.6413116455078,2818.720703125,579.8401489257812,0.0,1615.0694580078125,0.0,0.0,0.0,0.0,0.0,0.0,20.460954666137695,20.460954666137695,141.7528076171875,185.50233459472656,166.9021759033203,0.0,0.0,0.0,141.7528076171875,185.50233459472656,166.9021759033203,0.0,0.0,0.0,25.124828338623047,37.921566009521484,32.48101806640625,0.0,0.0,0.0
17.0,14.755249977111816,16800.33203125,1836.469970703125,5902.10009765625,9061.7607421875,1600.0,17.09438133239746,0.0,7762.78466796875,0.06656000018119812,1.021299958229065,0.0,0.934220016002655,3.9148900508880615,1.5649700164794922,2.6226699352264404,4.630640029907227,0.0,0.0,0.0,0.0,0.0,0.0,0.0,279.896484375,0.0,154.6413116455078,1359.0150146484375,412.8515930175781,0.0,3000.65478515625,0.0,0.0,0.0,0.0,0.0,0.0,21.789216995239258,21.789216995239258,230.75001525878906,218.44232177734375,231.09190368652344,0.0,0.0,0.0,230.75001525878906,218.44232177734375,231.09190368652344,0.0,0.0,0.0,50.400001525878906,46.79999923706055,50.5,0.0,0.0,0.0
18.0,14.755249977111816,16800.33203125,1836.469970703125,5902.10009765625,9061.7607421875,1600.0,17.300098419189453,0.0,7672.79150390625,0.06656000018119812,1.021299958229065,0.0,0.934220016002655,3.9148900508880615,1.5649700164794922,2.6226699352264404,4.630640029907227,0.0,0.0,0.0,0.0,0.0,0.0,30.670848846435547,279.896484375,0.0,154.6413116455078,420.2856140136719,390.8794250488281,868.1129150390625,3000.65478515625,0.0,0.0,0.0,0.0,0.0,0.0,23.089603424072266,23.089603424072266,271.590087890625,237.57931518554688,234.6676025390625,0.0,0.0,0.0,271.590087890625,237.57931518554688,234.6676025390625,0.0,0.0,0.0,62.13999938964844,52.19184875488281,51.340171813964844,0.0,0.0,0.0
19.0,14.755249977111816,16800.33203125,1836.469970703125,5902.10009765625,9061.7607421875,1600.0,17.54556655883789,0.0,7567.88671875,0.06656000018119812,1.021299958229065,0.0,0.934220016002655,3.9148900508880615,1.5649700164794922,2.6226699352264404,4.630640029907227,0.0,0.0,0.0,0.0,0.0,0.0,11.96236801147461,279.896484375,0.0,154.6413116455078,1242.787109375,383.21734619140625,0.0,3000.65478515625,0.0,0.0,0.0,0.0,0.0,0.0,24.409759521484375,24.409759521484375,232.29254150390625,225.044677734375,232.6718292236328,0.0,0.0,0.0,232.29254150390625,225.044677734375,232.6718292236328,0.0,0.0,0.0,50.400001525878906,48.279998779296875,50.51094436645508,0.0,0.0,0.0
20.0,14.755249977111816,16800.33203125,1836.469970703125,5902.10009765625,9061.7607421875,1600.0,17.05988121032715,0.0,7784.32861328125,0.06656000018119812,1.021299958229065,0.0,0.934220016002655,3.9148900508880615,1.5649700164794922,2.6226699352264404,4.630640029907227,0.0,0.0,0.0,0.0,0.0,0.0,30.670848846435547,279.896484375,0.0,154.6413116455078,71.37197875976562,304.6808776855469,1375.6728515625,3000.65478515625,0.0,0.0,0.0,0.0,0.0,0.0,25.770919799804688,25.770919799804688,270.7688293457031,237.81634521484375,261.2037048339844,0.0,0.0,0.0,270.7688293457031,237.81634521484375,261.2037048339844,0.0,0.0,0.0,62.13999938964844,52.501399993896484,59.34220504760742,0.0,0.0,0.0
21.0,14.755249977111816,16800.33203125,1836.469970703125,5902.10009765625,9061.7607421875,1600.0,17.061153411865234,0.0,7785.8642578125,0.06656000018119812,1.021299958229065,0.0,0.934220016002655,3.9148900508880615,1.5649700164794922,2.6226699352264404,4.630640029907227,0.0,0.0,0.0,0.0,0.0,0.0,30.670848846435547,279.896484375,0.0,154.6413116455078,51.414546966552734,312.4556579589844,1387.4666748046875,3000.65478515625,0.0,0.0,0.0,0.0,0.0,0.0,27.193864822387695,27.193864822387695,270.7731628417969,238.6273651123047,262.1258239746094,0.0,0.0,0.0,270.7731628417969,238.6273651123047,262.1258239746094,0.0,0.0,0.0,62.13999938964844,52.73735046386719,59.61064529418945,0.0,0.0,0.0
22.0,14.755249977111816,16800.33203125,1836.469970703125,5902.10009765625,9061.7607421875,1600.0,16.839500427246094,0.0,7889.99755859375,0.06656000018119812,1.021299958229065,0.0,0.934220016002655,3.9148900508880615,1.5649700164794922,2.6226699352264404,4.630640029907227,0.0,0.0,0.0,0.0,0.0,0.0,11.96236801147461,279.896484375,0.0,154.6413116455078,1443.894287109375,394.8231506347656,0.0,3000.65478515625,0.0,0.0,0.0,0.0,0.0,0.0,28.663984298706055,28.663984298706055,222.35281372070312,224.8662872314453,230.40670776367188,0.0,0.0,0.0,222.35281372070312,224.8662872314453,230.40670776367188,0.0,0.0,0.0,48.19869613647461,48.93388748168945,50.55446243286133,0.0,0.0,0.0
23.0,14.755249977111816,16800.33203125,1836.469970703125,5902.10009765625,9061.7607421875,1600.0,16.515562057495117,0.0,8046.1923828125,0.06656000018119812,1.021299958229065,0.0,0.934220016002655,3.9148900508880615,1.5649700164794922,2.6226699352264404,4.630640029907227,0.0,0.0,0.0,0.0,0.0,0.0,0.0,279.896484375,0.0,154.6413116455078,1264.882080078125,689.4757080078125,0.0,3000.65478515625,0.0,0.0,0.0,0.0,0.0,0.0,30.19532585144043,30.19532585144043,228.77114868164062,220.37843322753906,229.1128387451172,0.0,0.0,0.0,228.77114868164062,220.37843322753906,229.1128387451172,0.0,0.0,0.0,50.400001525878906,47.94512939453125,50.499942779541016,0.0,0.0,0.0
24.0,14.755249977111816,16806.802734375,1836.469970703125,5902.10009765625,9068.232421875,1600.0,15.794626235961914,0.0,8417.00390625,0.06656000018119812,1.021299958229065,0.0,0.934220016002655,3.9148900508880615,1.5649700164794922,2.6226699352264404,4.630640029907227,0.0,0.0,0.0,0.0,0.0,0.0,0.0,279.896484375,0.0,154.6413116455078,1395.4991455078125,913.479248046875,0.0,2894.207763671875,0.0,0.0,0.0,0.0,0.0,0.0,31.792306900024414,31.792306900024414,157.835205078125,213.99871826171875,152.69268798828125,0.0,0.0,0.0,157.835205078125,213.99871826171875,152.69268798828125,0.0,0.0,0.0,30.37217140197754,46.79999923706055,28.86798667907715,0.0,0.0,0.0
25.0,14.755249977111816,16948.681640625,1836.469970703125,5902.10009765625,9210.111328125,1600.0,15.323458671569824,0.0,8749.638671875,0.06656000018119812,1.021299958229065,0.0,0.934220016002655,3.9148900508880615,1.5649700164794922,2.6226699352264404,4.630640029907227,0.0,0.0,0.0,0.0,0.0,0.0,0.0,279.896484375,0.0,154.6413116455078,2818.720703125,1126.7784423828125,0.0,1480.092041015625,0.0,0.0,0.0,0.0,0.0,0.0,33.44316101074219,33.44316101074219,167.77040100097656,179.1853485107422,181.8428497314453,0.0,0.0,0.0,167.77040100097656,179.1853485107422,181.8428497314453,0.0,0.0,0.0,33.749385833740234,37.0882568359375,37.86557388305664,0.0,0.0,0.0
26.0,14.755249977111816,17103.306640625,1836.469970703125,5902.10009765625,9364.7353515625,1600.0,15.354635238647461,0.0,8813.640625,0.06656000018119812,1.021299958229065,0.0,0.934220016002655,3.9148900508880615,1.5649700164794922,2.6226699352264404,4.630640029907227,0.0,0.0,0.0,0.0,0.0,0.0,0.0,279.896484375,0.0,154.6413116455078,2818.720703125,1126.7784423828125,0.0,1521.547119140625,0.0,0.0,0.0,0.0,0.0,0.0,35.09834671020508,35.09834671020508,110.96298217773438,180.37828063964844,166.56622314453125,0.0,0.0,0.0,110.96298217773438,180.37828063964844,166.56622314453125,0.0,0.0,0.0,17.102035522460938,37.406009674072266,33.36598587036133,0.0,0.0,0.0
27.0,14.755249977111816,17132.74609375,1836.469970703125,5902.10009765625,9394.1767578125,1600.0,15.840600967407227,0.0,8561.8408203125,0.06656000018119812,1.021299958229065,0.0,0.934220016002655,3.9148900508880615,1.5649700164794922,2.6226699352264404,4.630640029907227,0.0,0.0,0.0,0.0,0.0,0.0,0.0,279.896484375,0.0,154.6413116455078,2818.720703125,937.8176879882812,0.0,1539.3035888671875,0.0,0.0,0.0,0.0,0.0,0.0,36.69614791870117,36.69614791870117,75.84992980957031,182.22821044921875,168.4165802001953,0.0,0.0,0.0,75.84992980957031,182.22821044921875,168.4165802001953,0.0,0.0,0.0,6.345503330230713,37.461151123046875,33.42124938964844,0.0,0.0,0.0
28.0,14.755249977111816,17132.74609375,1836.469970703125,5902.10009765625,9394.1767578125,1600.0,15.8301362991333,0.0,8569.7275390625,0.06656000018119812,1.021299958229065,0.0,0.934220016002655,3.9148900508880615,1.5649700164794922,2.6226699352264404,4.630640029907227,0.0,0.0,0.0,0.0,0.0,0.0,0.0,279.896484375,0.0,154.6413116455078,2818.720703125,579.8401489257812,0.0,1901.0692138671875,0.0,0.0,0.0,0.0,0.0,0.0,38.21976089477539,38.21976089477539,123.54777526855469,190.40045166015625,178.13232421875,0.0,0.0,0.0,123.54777526855469,190.40045166015625,178.13232421875,0.0,0.0,0.0,20.307588577270508,39.861995697021484,36.2735710144043,0.0,0.0,0.0
29.0,14.755249977111816,17132.74609375,1836.469970703125,5902.10009765625,9394.1767578125,1600.0,16.56557846069336,0.0,8193.9716796875,0.06656000018119812,1.021299958229065,0.0,0.934220016002655,3.9148900508880615,1.5649700164794922,2.6226699352264404,4.630640029907227,0.0,0.0,0.0,0.0,0.0,0.0,0.0,279.896484375,0.0,154.6413116455078,1631.55078125,412.8515930175781,0.0,3000.65478515625,0.0,0.0,0.0,0.0,0.0,0.0,39.69190979003906,39.69190979003906,228.94215393066406,219.7470245361328,229.28402709960938,0.0,0.0,0.0,228.94215393066406,219.7470245361328,229.28402709960938,0.0,0.0,0.0,50.400001525878906,47.710426330566406,50.5,0.0,0.0,0.0
30.0,14.755249977111816,17132.74609375,1836.469970703125,5902.10009765625,9394.1767578125,1600.0,16.76576805114746,0.0,8098.97900390625,0.06656000018119812,1.021299958229065,0.0,0.934220016002655,3.9148900508880615,1.5649700164794922,2.6226699352264404,4.630640029907227,0.0,0.0,0.0,0.0,0.0,0.0,30.670848846435547,279.896484375,0.0,154.6413116455078,420.88421630859375,390.8794250488281,1136.539306640625,3000.65478515625,0.0,0.0,0.0,0.0,0.0,0.0,41.13529586791992,41.13529586791992,269.7633056640625,237.38809204101562,244.68040466308594,0.0,0.0,0.0,269.7633056640625,237.38809204101562,244.68040466308594,0.0,0.0,0.0,62.13999938964844,52.670249938964844,54.803253173828125,0.0,0.0,0.0
31.0,14.767749786376953,17132.74609375,1836.469970703125,5902.10009765625,9394.1767578125,1600.0,17.004640579223633,0.0,7988.234375,0.06656000018119812,1.021299958229065,0.0,0.934220016002655,3.9148900508880615,1.5774699449539185,2.6226699352264404,4.630640029907227,0.0,0.0,0.0,0.0,0.0,0.0,30.670848846435547,279.896484375,0.0,154.6413116455078,445.68719482421875,386.2782287597656,1040.2818603515625,3000.65478515625,0.0,0.0,0.0,0.0,0.0,0.0,42.595603942871094,42.595603942871094,270.5799560546875,237.92044067382812,239.38221740722656,0.0,0.0,0.0,270.5799560546875,237.92044067382812,239.38221740722656,0.0,0.0,0.0,62.13999938964844,52.58708953857422,53.01465606689453,0.0,0.0,0.0
32.0,14.767749786376953,17137.74609375,1836.469970703125,5907.10009765625,9394.1767578125,1600.0,16.537498474121094,0.0,8216.6982421875,0.06656000018119812,1.021299958229065,0.0,0.934220016002655,3.9148900508880615,1.5774699449539185,2.6226699352264404,4.630640029907227,0.0,0.0,0.0,0.0,0.0,0.0,30.670848846435547,279.896484375,0.0,154.6413116455078,207.29946899414062,307.1144714355469,1510.2236328125,3000.65478515625,0.0,0.0,0.0,0.0,0.0,0.0,44.09390640258789,44.09390640258789,268.98291015625,237.5579376220703,269.84027099609375,0.0,0.0,0.0,268.98291015625,237.5579376220703,269.84027099609375,0.0,0.0,0.0,62.13999938964844,52.94820022583008,62.390785217285156,0.0,0.0,0.0
33.0,14.767749786376953,17137.74609375,1836.469970703125,5907.10009765625,9394.1767578125,1600.0,16.538915634155273,0.0,8218.314453125,0.06656000018119812,1.021299958229065,0.0,0.934220016002655,3.9148900508880615,1.5774699449539185,2.6226699352264404,4.630640029907227,0.0,0.0,0.0,0.0,0.0,0.0,11.96236801147461,279.896484375,0.0,154.6413116455078,1727.924072265625,314.95135498046875,0.0,3000.65478515625,0.0,0.0,0.0,0.0,0.0,0.0,45.65357971191406,45.65357971191406,130.2447509765625,225.90567016601562,231.1842041015625,0.0,0.0,0.0,130.2447509765625,225.90567016601562,231.1842041015625,0.0,0.0,0.0,21.55767250061035,49.538490295410156,51.08246612548828,0.0,0.0,0.0
34.0,14.767749786376953,17137.74609375,1836.469970703125,5907.10009765625,9394.1767578125,1600.0,16.323572158813477,0.0,8328.224609375,0.06656000018119812,1.021299958229065,0.0,0.934220016002655,3.9148900508880615,1.5774699449539185,2.6226699352264404,4.630640029907227,0.0,0.0,0.0,0.0,0.0,0.0,30.670848846435547,279.896484375,0.0,154.6413116455078,1698.6156005859375,397.97674560546875,0.0,3000.65478515625,0.0,0.0,0.0,0.0,0.0,0.0,47.2607536315918,47.2607536315918,178.69268798828125,233.42092895507812,229.39642333984375,0.0,0.0,0.0,178.69268798828125,233.42092895507812,229.39642333984375,0.0,0.0,0.0,35.94403839111328,51.952049255371094,50.774879455566406,0.0,0.0,0.0
35.0,14.767749786376953,17137.74609375,1836.469970703125,5907.10009765625,9394.1767578125,1600.0,16.008747100830078,0.0,8493.103515625,0.06656000018119812,1.021299958229065,0.0,0.934220016002655,3.9148900508880615,1.5774699449539185,2.6226699352264404,4.630640029907227,0.0,0.0,0.0,0.0,0.0,0.0,0.0,279.896484375,0.0,154.6413116455078,1541.671142578125,694.9827880859375,0.0,3000.65478515625,0.0,0.0,0.0,0.0,0.0,0.0,48.928985595703125,48.928985595703125,227.0384521484375,214.7307586669922,228.0228271484375,0.0,0.0,0.0,227.0384521484375,214.7307586669922,228.0228271484375,0.0,0.0,0.0,50.400001525878906,46.79999923706055,50.687931060791016,0.0,0.0,0.0
36.0,14.767749786376953,17146.4921875,1836.469970703125,5907.10009765625,9402.921875,1600.0,15.349264144897461,0.0,8861.953125,0.06656000018119812,1.021299958229065,0.0,0.934220016002655,3.9148900508880615,1.5774699449539185,2.6226699352264404,4.630640029907227,0.0,0.0,0.0,0.0,0.0,0.0,0.0,279.896484375,0.0,154.6413116455078,2398.435302734375,920.7755737304688,0.0,2164.807861328125,0.0,0.0,0.0,0.0,0.0,0.0,50.66880798339844,50.66880798339844,163.9939422607422,191.6571044921875,180.6154327392578,0.0,0.0,0.0,163.9939422607422,191.6571044921875,180.6154327392578,0.0,0.0,0.0,32.61896514892578,40.7104377746582,37.48074722290039,0.0,0.0,0.0
37.0,14.987750053405762,17275.259765625,1836.469970703125,5907.10009765625,9531.6904296875,1600.0,14.876152992248535,0.0,9212.1630859375,0.06656000018119812,1.2412999868392944,0.0,0.934220016002655,3.9148900508880615,1.5774699449539185,2.6226699352264404,4.630640029907227,0.0,0.0,0.0,0.0,0.0,0.0,0.0,340.189453125,0.0,154.6413116455078,2818.720703125,1135.7784423828125,0.0,1703.3172607421875,0.0,0.0,0.0,0.0,0.0,0.0,52.47180938720703,52.47180938720703,173.92250061035156,182.39080810546875,173.8563690185547,0.0,0.0,0.0,173.92250061035156,182.39080810546875,173.8563690185547,0.0,0.0,0.0,35.99618148803711,38.4731559753418,35.976837158203125,0.0,0.0,0.0
38.0,14.987750053405762,17511.15234375,1836.469970703125,5995.10009765625,9679.5830078125,1600.0,14.973227500915527,0.0,9279.5478515625,0.06656000018119812,1.2412999868392944,0.0,0.934220016002655,3.9148900508880615,1.5774699449539185,2.6226699352264404,4.630640029907227,0.0,0.0,0.0,0.0,0.0,0.0,0.0,340.189453125,0.0,154.6413116455078,2818.720703125,1135.7784423828125,0.0,1746.897705078125,0.0,0.0,0.0,0.0,0.0,0.0,54.28044509887695,54.28044509887695,117.34037017822266,183.80833435058594,168.34815979003906,0.0,0.0,0.0,117.34037017822266,183.80833435058594,168.34815979003906,0.0,0.0,0.0,19.348831176757812,38.79071044921875,34.26860809326172,0.0,0.0,0.0
39.0,14.987750053405762,17539.078125,1836.469970703125,5995.10009765625,9707.5078125,1600.0,15.446643829345703,0.0,9014.427734375,0.06656000018119812,1.2412999868392944,0.0,0.934220016002655,3.9148900508880615,1.5774699449539185,2.6226699352264404,4.630640029907227,0.0,0.0,0.0,0.0,0.0,0.0,0.0,340.189453125,0.0,154.6413116455078,2818.720703125,945.308349609375,0.0,1757.041015625,0.0,0.0,0.0,0.0,0.0,0.0,56.0279541015625,56.0279541015625,82.18441772460938,185.19158935546875,173.45225524902344,0.0,0.0,0.0,82.18441772460938,185.19158935546875,173.45225524902344,0.0,0.0,0.0,8.59229850769043,38.721893310546875,35.28813934326172,0.0,0.0,0.0
40.0,14.987750053405762,17539.078125,1836.469970703125,5995.10009765625,9707.5078125,1600.0,15.436552047729492,0.0,9022.7392578125,0.06656000018119812,1.2412999868392944,0.0,0.934220016002655,3.9148900508880615,1.5774699449539185,2.6226699352264404,4.630640029907227,0.0,0.0,0.0,0.0,0.0,0.0,0.0,340.189453125,0.0,154.6413116455078,2818.720703125,584.4715576171875,0.0,2121.810791015625,0.0,0.0,0.0,0.0,0.0,0.0,57.69303512573242,57.69303512573242,89.92688751220703,194.78268432617188,202.34451293945312,0.0,0.0,0.0,89.92688751220703,194.78268432617188,202.34451293945312,0.0,0.0,0.0,10.86706256866455,41.537384033203125,43.74921798706055,0.0,0.0,0.0
41.0,14.987750053405762,17539.078125,1836.469970703125,5995.10009765625,9707.5078125,1600.0,16.15607261657715,0.0,8627.109375,0.06656000018119812,1.2412999868392944,0.0,0.934220016002655,3.9148900508880615,1.5774699449539185,2.6226699352264404,4.630640029907227,0.0,0.0,0.0,0.0,0.0,0.0,11.96236801147461,340.189453125,0.0,154.6413116455078,1828.14013671875,416.1492004394531,0.0,3000.65478515625,0.0,0.0,0.0,0.0,0.0,0.0,59.30161666870117,59.30161666870117,190.83108520507812,225.3345489501953,227.88400268554688,0.0,0.0,0.0,190.83108520507812,225.3345489501953,227.88400268554688,0.0,0.0,0.0,39.662017822265625,49.7542839050293,50.5,0.0,0.0,0.0
42.0,14.987750053405762,17575.615234375,1836.469970703125,6031.63671875,9707.5078125,1600.0,16.386119842529297,0.0,8527.09375,0.06656000018119812,1.2412999868392944,0.0,0.934220016002655,3.9148900508880615,1.5774699449539185,2.6226699352264404,4.630640029907227,0.0,0.0,0.0,0.0,0.0,0.0,11.96236801147461,340.189453125,0.0,154.6413116455078,1781.351806640625,394.00152587890625,0.0,3000.65478515625,0.0,0.0,0.0,0.0,0.0,0.0,60.86937713623047,60.86937713623047,116.47703552246094,227.95558166503906,230.32958984375,0.0,0.0,0.0,116.47703552246094,227.95558166503906,230.32958984375,0.0,0.0,0.0,17.683412551879883,50.29088592529297,50.985286712646484,0.0,0.0,0.0
43.0,15.121908187866211,17671.04296875,1836.469970703125,6127.06396484375,9707.5078125,1600.0,16.710693359375,0.0,8410.4921875,0.06656000018119812,1.2412999868392944,0.0,0.9731208682060242,3.9148900508880615,1.5774699449539185,2.6226699352264404,4.630640029907227,0.0,0.04450596123933792,0.050751324743032455,0.0,0.0,0.0,30.670848846435547,340.189453125,0.0,160.72882080078125,1298.497802734375,386.2782287597656,374.79168701171875,3000.65478515625,0.0,5.340715408325195,5.526819229125977,0.0,0.0,0.0,62.45108413696289,62.45108413696289,269.57501220703125,235.3341064453125,234.56044006347656,0.0,0.0,0.0,269.57501220703125,235.3341064453125,234.56044006347656,0.0,0.0,0.0,62.13999938964844,52.124534606933594,51.89823913574219,0.0,0.0,0.0
44.0,15.318650245666504,17736.787109375,1836.469970703125,6192.8095703125,9707.5078125,1600.0,16.306045532226562,0.0,8651.0322265625,0.06656000018119812,1.2412999868392944,0.0,1.043526291847229,3.9148900508880615,1.5774699449539185,2.6226699352264404,4.630640029907227,0.0,0.10356588661670685,0.11802835762500763,0.0,0.0,0.0,30.670848846435547,340.189453125,0.0,171.7352294921875,376.7721252441406,307.1144714355469,1510.657958984375,3000.65478515625,0.0,12.427906036376953,12.853287696838379,0.0,0.0,0.0,64.07688903808594,64.07688903808594,268.1916198730469,235.9786376953125,269.08050537109375,0.0,0.0,0.0,268.1916198730469,235.9786376953125,269.08050537109375,0.0,0.0,0.0,62.13999938964844,52.71770477294922,62.400001525878906,0.0,0.0,0.0
45.0,15.450242042541504,17757.58984375,1836.469970703125,6213.61181640625,9707.5078125,1600.0,16.32674217224121,0.0,8652.7294921875,0.06656000018119812,1.2412999868392944,0.0,1.0945392847061157,3.9148900508880615,1.5774699449539185,2.6226699352264404,4.630640029907227,0.0,0.14124219119548798,0.16093070805072784,0.0,0.0,0.0,30.670848846435547,340.189453125,0.0,179.70755004882812,351.2152404785156,314.95135498046875,1510.657958984375,3000.65478515625,0.0,16.949064254760742,17.525354385375977,0.0,0.0,0.0,65.77518463134766,65.77518463134766,268.2623596191406,236.20291137695312,269.1512451171875,0.0,0.0,0.0,268.2623596191406,236.20291137695312,269.1512451171875,0.0,0.0,0.0,62.13999938964844,52.76260757446289,62.400001525878906,0.0,0.0,0.0
46.0,15.513818740844727,17764.171875,1836.469970703125,6220.19384765625,9707.5078125,1600.0,16.119665145874023,0.0,8768.4404296875,0.06656000018119812,1.2412999868392944,0.0,1.1203750371932983,3.9148900508880615,1.5774699449539185,2.6226699352264404,4.630640029907227,0.0,0.158889502286911,0.18102404475212097,0.0,0.0,0.0,11.96236801147461,340.189453125,0.0,183.74490356445312,1865.40283203125,397.97674560546875,0.0,3000.65478515625,0.0,19.066740036010742,19.713518142700195,0.0,0.0,0.0,67.52564239501953,67.52564239501953,165.6454315185547,228.1286163330078,232.2250213623047,0.0,0.0,0.0,165.6454315185547,228.1286163330078,232.2250213623047,0.0,0.0,0.0,32.33162307739258,50.60795211791992,51.806156158447266,0.0,0.0,0.0
47.0,15.540876388549805,17766.25390625,1836.469970703125,6222.2763671875,9707.5078125,1600.0,15.809853553771973,0.0,8942.033203125,0.06656000018119812,1.2412999868392944,0.0,1.1317284107208252,3.9148900508880615,1.5774699449539185,2.6226699352264404,4.630640029907227,0.0,0.16623300313949585,0.18938510119915009,0.0,0.0,0.0,0.0,340.189453125,0.0,185.51907348632812,1691.9073486328125,694.9827880859375,0.0,3000.65478515625,0.0,19.947959899902344,20.624038696289062,0.0,0.0,0.0,69.3399658203125,69.3399658203125,213.24281311035156,214.05078125,230.47055053710938,0.0,0.0,0.0,213.24281311035156,214.05078125,230.47055053710938,0.0,0.0,0.0,46.56366729736328,46.79999923706055,51.602783203125,0.0,0.0,0.0
48.0,15.551633834838867,17794.052734375,1836.469970703125,6222.935546875,9734.6484375,1600.0,15.208175659179688,0.0,9308.9091796875,0.06656000018119812,1.2412999868392944,0.0,1.1363506317138672,3.9148900508880615,1.5774699449539185,2.6226699352264404,4.630640029907227,0.0,0.1691020131111145,0.19265161454677582,0.0,0.0,0.0,0.0,340.189453125,0.0,186.2413787841797,1709.9268798828125,920.7755737304688,0.0,3000.65478515625,0.0,20.2922420501709,20.979761123657227,0.0,0.0,0.0,71.22505187988281,71.22505187988281,224.3014373779297,211.99375915527344,224.64308166503906,0.0,0.0,0.0,224.3014373779297,211.99375915527344,224.64308166503906,0.0,0.0,0.0,50.399993896484375,46.79999923706055,50.49992370605469,0.0,0.0,0.0
49.0,15.555732727050781,17931.265625,1836.469970703125,6223.14404296875,9871.6513671875,1600.0,14.740870475769043,0.0,9676.78125,0.06656000018119812,1.2412999868392944,0.0,1.1381447315216064,3.9148900508880615,1.5774699449539185,2.6226699352264404,4.630640029907227,0.0,0.17017969489097595,0.19387860596179962,0.0,0.0,0.0,0.0,340.189453125,0.0,186.52174377441406,2818.720703125,1135.7784423828125,0.0,1922.150146484375,0.0,20.42156219482422,21.113380432128906,0.0,0.0,0.0,73.18075561523438,73.18075561523438,140.2790069580078,187.49661254882812,156.9928436279297,0.0,0.0,0.0,140.2790069580078,187.49661254882812,156.9928436279297,0.0,0.0,0.0,26.290740966796875,40.101890563964844,31.179534912109375,0.0,0.0,0.0
50.0,15.557250022888184,18072.12109375,1836.469970703125,6223.2099609375,10012.44140625,1600.0,14.752023696899414,0.0,9747.5546875,0.06656000018119812,1.2412999868392944,0.0,1.1388188600540161,3.9148900508880615,1.5774699449539185,2.6226699352264404,4.630640029907227,0.0,0.17057375609874725,0.19432726502418518,0.0,0.0,0.0,0.0,340.189453125,0.0,186.62709045410156,2818.720703125,1135.7784423828125,0.0,1967.664306640625,0.0,20.46885108947754,21.16223907470703,0.0,0.0,0.0,75.13661193847656,75.13661193847656,83.40312957763672,186.68814086914062,190.06349182128906,0.0,0.0,0.0,83.40312957763672,186.68814086914062,190.06349182128906,0.0,0.0,0.0,9.643391609191895,39.85425567626953,40.841548919677734,0.0,0.0,0.0
51.0,15.557799339294434,18098.0,1836.469970703125,6223.23046875,10038.2998046875,1600.0,15.217361450195312,0.0,9469.0634765625,0.06656025350093842,1.2413808107376099,2.5585043204046087e-06,1.1390255689620972,3.9148900508880615,1.5774714946746826,2.6226699352264404,4.63064432144165,6.932771157153184e-08,0.17069211602210999,0.19446201622486115,0.0,0.0,0.0,0.0,340.21160888671875,0.0007011811248958111,186.65939331054688,2818.720703125,945.3092651367188,0.0,1968.5806884765625,9.719437912281137e-06,20.48305320739746,21.17691421508789,0.0,0.0,0.0,77.01909637451172,77.01909637451172,140.4752197265625,190.04571533203125,157.67337036132812,0.0,0.0,0.0,140.4752197265625,190.04571533203125,157.67337036132812,0.0,0.0,0.0,25.871639251708984,40.371009826660156,30.902097702026367,0.0,0.0,0.0
52.0,15.557994842529297,18232.740234375,1836.469970703125,6357.9697265625,10038.2998046875,1600.0,15.320725440979004,0.0,9477.7822265625,0.0665607899427414,1.2415573596954346,8.149967470671982e-06,1.1390255689620972,3.9148900508880615,1.57747483253479,2.6226699352264404,4.630654335021973,2.168008279568312e-07,0.17069214582443237,0.19446204602718353,0.0,0.0,0.0,0.0,340.2599792480469,0.002233572071418166,186.65939331054688,2818.720703125,584.4733276367188,0.0,2333.4501953125,3.597881368477829e-05,20.483057022094727,21.176916122436523,0.0,0.0,0.0,78.80833435058594,78.80833435058594,99.45442199707031,199.34194946289062,209.01348876953125,0.0,0.0,0.0,99.45442199707031,199.34194946289062,209.01348876953125,0.0,0.0,0.0,13.769693374633789,42.986793518066406,45.81571960449219,0.0,0.0,0.0
53.0,16.052783966064453,18587.171875,1836.469970703125,6712.4013671875,10038.2998046875,1600.0,16.348857879638672,0.0,9062.1962890625,0.06753223389387131,1.6899874210357666,0.0145861292257905,1.1390767097473145,3.9148900508880615,1.5849223136901855,2.6226730346679688,4.653634548187256,0.00026698148576542735,0.1707206815481186,0.1944945901632309,0.0,0.0,0.0,31.118852615356445,463.1562805175781,3.997460126876831,186.66738891601562,1488.3460693359375,418.11517333984375,374.7928466796875,3015.55517578125,0.15378133952617645,20.486482620239258,21.18045997619629,0.0,0.0,0.0,80.53485107421875,80.53485107421875,268.3379821777344,254.11575317382812,229.7054901123047,0.0,0.0,0.0,268.3379821777344,254.11575317382812,229.7054901123047,0.0,0.0,0.0,62.13999938964844,57.97999954223633,50.84000015258789,0.0,0.0,0.0
54.0,16.787614822387695,18855.14453125,1836.469970703125,6980.37548828125,10038.2998046875,1600.0,16.7864990234375,0.0,8957.1357421875,0.0687447190284729,2.3563857078552246,0.03602015972137451,1.1391339302062988,3.9148900508880615,1.5957404375076294,2.6226768493652344,4.687749862670898,0.0005999387358315289,0.17084869742393494,0.19482523202896118,0.0,0.0,0.0,12.2933931350708,645.7886962890625,9.871648788452148,186.67633056640625,1618.185546875,398.56488037109375,0.0012974923010915518,3037.662109375,0.34556472301483154,20.50184440612793,21.216468811035156,0.0,0.0,0.0,82.23016357421875,82.23016357421875,219.5742950439453,255.61196899414062,230.7458038330078,0.0,0.0,0.0,219.5742950439453,255.61196899414062,230.7458038330078,0.0,0.0,0.0,47.43898010253906,57.97999954223633,50.70664596557617,0.0,0.0,0.0
55.0,17.355972290039062,18976.236328125,1836.469970703125,7101.46630859375,10038.2998046875,1600.0,17.136856079101562,0.0,8834.650390625,0.06955806910991669,2.866738796234131,0.052328549325466156,1.1391701698303223,3.9148900508880615,1.6035963296890259,2.6226794719696045,4.714252948760986,0.0008232908439822495,0.17240528762340546,0.1995295137166977,0.0,0.0,0.0,12.420220375061035,785.6555786132812,14.341110229492188,186.68199157714844,1377.3751220703125,392.67584228515625,0.0,3054.835693359375,0.4742155373096466,20.688634872436523,21.728763580322266,0.0,0.0,0.0,83.95724487304688,83.95724487304688,234.6582794189453,224.5934600830078,236.15603637695312,0.0,0.0,0.0,234.6582794189453,224.5934600830078,236.15603637695312,0.0,0.0,0.0,51.50069046020508,48.556732177734375,51.938785552978516,0.0,0.0,0.0
56.0,17.66621971130371,19095.19921875,1836.469970703125,7220.4287109375,10038.2998046875,1600.0,16.76310920715332,0.0,9087.310546875,0.06980252265930176,3.1338906288146973,0.06077549606561661,1.1391806602478027,3.9148900508880615,1.6060829162597656,2.622680187225342,4.729516983032227,0.0008904189453460276,0.1765170842409134,0.21199217438697815,0.0,0.0,0.0,32.165000915527344,858.8709716796875,16.65607261657715,186.6836395263672,169.79562377929688,312.68505859375,1348.919189453125,3064.72705078125,0.5128812789916992,21.182050704956055,23.085947036743164,0.0,0.0,0.0,85.73763275146484,85.73763275146484,269.75421142578125,255.53199768066406,260.1833190917969,0.0,0.0,0.0,269.75421142578125,255.53199768066406,260.1833190917969,0.0,0.0,0.0,62.13999938964844,57.97999954223633,59.34051513671875,0.0,0.0,0.0
57.0,18.096237182617188,19269.607421875,1836.469970703125,7394.837890625,10038.2998046875,1600.0,16.918066024780273,0.0,9089.08984375,0.0700501874089241,3.48885178565979,0.07233107835054398,1.1391911506652832,3.9148900508880615,1.6086294651031494,2.622680902481079,4.750460624694824,0.0009584284271113575,0.18636199831962585,0.24183112382888794,0.0,0.0,0.0,12.4979248046875,956.1512451171875,19.82298469543457,186.68527221679688,1410.7449951171875,321.1725158691406,0.0,3078.29833984375,0.552054762840271,22.363439559936523,26.33540916442871,0.0,0.0,0.0,87.59549713134766,87.59549713134766,230.14723205566406,224.86793518066406,234.64617919921875,0.0,0.0,0.0,230.14723205566406,224.86793518066406,234.64617919921875,0.0,0.0,0.0,50.400001525878906,48.855804443359375,51.7159423828125,0.0,0.0,0.0
58.0,18.416244506835938,19356.26953125,1836.469970703125,7481.5,10038.2998046875,1600.0,16.771926879882812,0.0,9210.6376953125,0.07017917931079865,3.6936373710632324,0.07895480841398239,1.139196515083313,3.9148900508880615,1.609972357749939,2.6226813793182373,4.762646198272705,0.0009938521543517709,0.2099074423313141,0.313184916973114,0.0,0.0,0.0,12.51833438873291,1012.274658203125,21.638277053833008,186.6861114501953,1329.2257080078125,406.17669677734375,0.0,3086.19482421875,0.572458803653717,25.188892364501953,34.105838775634766,0.0,0.0,0.0,89.50981903076172,89.50981903076172,234.53118896484375,222.91262817382812,232.39443969726562,0.0,0.0,0.0,234.53118896484375,222.91262817382812,232.39443969726562,0.0,0.0,0.0,51.82844543457031,48.43001937866211,51.20344924926758,0.0,0.0,0.0
59.0,18.691280364990234,19438.28515625,1836.469970703125,7563.5146484375,10038.2998046875,1600.0,16.51658821105957,0.0,9392.9736328125,0.07026432454586029,3.850229263305664,0.08413845300674438,1.1392000913619995,3.9148900508880615,1.6108551025390625,2.6226816177368164,4.771705150604248,0.0010172334732487798,0.2355145961046219,0.3907850980758667,0.0,0.0,0.0,0.0,1055.1900634765625,23.058902740478516,186.68666076660156,1097.3232421875,709.6912231445312,0.0,3092.06494140625,0.5859264731407166,28.261751174926758,42.556495666503906,0.0,0.0,0.0,91.4897689819336,91.4897689819336,228.774658203125,217.409912109375,232.74827575683594,0.0,0.0,0.0,228.774658203125,217.409912109375,232.74827575683594,0.0,0.0,0.0,50.400001525878906,47.07581329345703,51.562278747558594,0.0,0.0,0.0
60.0,18.864803314208984,19546.798828125,1836.469970703125,7631.89306640625,10078.4365234375,1600.0,15.936848640441895,0.0,9786.333984375,0.07029303163290024,3.9715609550476074,0.08822677284479141,1.139201283454895,3.9148900508880615,1.6111505031585693,2.6226816177368164,4.777298450469971,0.001025115023367107,0.24597924947738647,0.42249712347984314,0.0,0.0,0.0,0.0,1088.4420166015625,24.17934226989746,186.68685913085938,1256.9329833984375,940.4349365234375,0.0,2925.922119140625,0.1968095302581787,29.51751136779785,46.00993728637695,0.0,0.0,0.0,93.54576873779297,93.54576873779297,178.46334838867188,214.48495483398438,154.75125122070312,0.0,0.0,0.0,178.46334838867188,214.48495483398438,154.75125122070312,0.0,0.0,0.0,36.26367950439453,46.79999923706055,29.327890396118164,0.0,0.0,0.0
61.0,19.102869033813477,19864.998046875,1836.469970703125,7740.09326171875,10288.435546875,1600.0,15.576879501342773,0.0,10173.0693359375,0.07031799852848053,4.155243396759033,0.09430749714374542,1.139202356338501,3.9148900508880615,1.6114097833633423,2.6226818561553955,4.7850518226623535,0.0010319727007299662,0.2559674382209778,0.45276519656181335,0.0,0.0,0.0,0.0,1138.7818603515625,25.8458194732666,186.68701171875,2818.720703125,1160.215087890625,0.0,1346.35986328125,0.0911104828119278,30.71609115600586,49.306129455566406,0.0,0.0,0.0,95.64152526855469,95.64152526855469,131.1685791015625,180.02552795410156,184.52685546875,0.0,0.0,0.0,131.1685791015625,180.02552795410156,184.52685546875,0.0,0.0,0.0,22.78993034362793,37.08058547973633,38.39722442626953,0.0,0.0,0.0
62.0,19.326276779174805,20138.146484375,1836.469970703125,7814.3525390625,10487.3232421875,1600.0,15.67959213256836,0.0,10247.47265625,0.07033422589302063,4.337852478027344,0.1003221720457077,1.1392029523849487,3.9148900508880615,1.6115788221359253,2.6226818561553955,4.7924675941467285,0.001036428613588214,0.26271089911460876,0.47320055961608887,0.0,0.0,0.0,0.0,1188.8275146484375,27.49419593811035,186.68711853027344,2818.720703125,1160.336669921875,0.0,1339.545166015625,0.09098947793245316,31.52530860900879,51.53153991699219,0.0,0.0,0.0,97.7222900390625,97.7222900390625,77.84130096435547,176.4084930419922,149.5226287841797,0.0,0.0,0.0,77.84130096435547,176.4084930419922,149.5226287841797,0.0,0.0,0.0,7.088987350463867,35.919891357421875,28.055776596069336,0.0,0.0,0.0
63.0,19.52112579345703,20231.646484375,1836.469970703125,7868.22607421875,10526.94921875,1600.0,16.227434158325195,0.0,9954.6884765625,0.07034584134817123,4.500822067260742,0.10566399991512299,1.139203429222107,3.9148900508880615,1.6117000579833984,2.6226818561553955,4.798990249633789,0.00103961827699095,0.2676428258419037,0.48814621567726135,0.0,0.0,0.0,0.0,1233.4908447265625,28.958171844482422,186.68719482421875,2818.720703125,965.8209838867188,0.0,1286.5147705078125,0.08761443942785263,32.11714172363281,53.159122467041016,0.0,0.0,0.0,99.71224212646484,99.71224212646484,147.78610229492188,176.98727416992188,122.81484985351562,0.0,0.0,0.0,147.78610229492188,176.98727416992188,122.81484985351562,0.0,0.0,0.0,27.000001907348633,35.541343688964844,19.69590950012207,0.0,0.0,0.0
64.0,19.639596939086914,20248.69140625,1836.469970703125,7885.2724609375,10526.94921875,1600.0,16.230575561523438,0.0,9963.8505859375,0.07035216689109802,4.6009626388549805,0.10894173383712769,1.139203667640686,3.9148900508880615,1.61177396774292,2.6226818561553955,4.802998065948486,0.0010413550771772861,0.27036285400390625,0.49638891220092773,0.0,0.0,0.0,0.0,1260.935302734375,29.856464385986328,186.68724060058594,2818.720703125,597.1815795898438,0.0,1629.8497314453125,0.11114925146102905,32.44354248046875,54.0567512512207,0.0,0.0,0.0,101.59774780273438,101.59774780273438,103.75634765625,183.60910034179688,168.01075744628906,0.0,0.0,0.0,103.75634765625,183.60910034179688,168.01075744628906,0.0,0.0,0.0,14.118157386779785,37.4750862121582,32.912574768066406,0.0,0.0,0.0
65.0,19.69506072998047,20255.919921875,1836.469970703125,7892.5009765625,10526.94921875,1600.0,16.997777938842773,0.0,9526.9560546875,0.07035448402166367,4.648548603057861,0.11050688475370407,1.1392037868499756,3.9148900508880615,1.6118758916854858,2.6226818561553955,4.805149078369141,0.0010419918689876795,0.2713693082332611,0.4994388520717621,0.0,0.0,0.0,0.0,1273.9765625,30.28540802001953,186.687255859375,1253.308349609375,425.22576904296875,0.0,3056.79443359375,0.5266499519348145,32.56431579589844,54.388893127441406,0.0,0.0,0.0,103.39958190917969,103.39958190917969,221.5646514892578,217.4694061279297,221.35357666015625,0.0,0.0,0.0,221.5646514892578,217.4694061279297,221.35357666015625,0.0,0.0,0.0,47.80988311767578,46.61202621459961,47.748146057128906,0.0,0.0,0.0
66.0,19.72503662109375,20277.837890625,1836.469970703125,7914.41748046875,10526.94921875,1600.0,17.22393035888672,0.0,9416.4951171875,0.07035492360591888,4.674314022064209,0.11136605590581894,1.1392037868499756,3.9148900508880615,1.6120446920394897,2.6226818561553955,4.8067498207092285,0.0010421124752610922,0.2717566192150116,0.5006332397460938,0.0,0.0,0.0,0.0,1281.0379638671875,30.520872116088867,186.687255859375,1136.3897705078125,402.6371765136719,0.0,3112.60400390625,0.5920337438583374,32.61079406738281,54.518959045410156,0.0,0.0,0.0,105.15434265136719,105.15434265136719,231.1929168701172,221.8239288330078,228.38218688964844,0.0,0.0,0.0,231.1929168701172,221.8239288330078,228.38218688964844,0.0,0.0,0.0,50.400001525878906,47.65957260131836,49.57786178588867,0.0,0.0,0.0
67.0,19.80068016052246,20323.12109375,1836.469970703125,7959.701171875,10526.94921875,1600.0,17.510820388793945,0.0,9287.7294921875,0.07035545259714127,4.726105690002441,0.11309918016195297,1.1392039060592651,3.9148900508880615,1.612368106842041,2.6226818561553955,4.810169696807861,0.001042256481014192,0.2762027382850647,0.5145606398582458,0.0,0.0,0.0,11.414416313171387,1295.2318115234375,30.995849609375,186.687255859375,1044.2957763671875,394.8238220214844,0.0017137790564447641,3095.919189453125,0.5559020638465881,33.14432907104492,56.0356559753418,0.0,0.0,0.0,106.91366577148438,106.91366577148438,227.0911865234375,249.320068359375,221.95724487304688,0.0,0.0,0.0,227.0911865234375,249.320068359375,221.95724487304688,0.0,0.0,0.0,48.913352966308594,55.41529846191406,47.41167068481445,0.0,0.0,0.0
68.0,19.898088455200195,20415.0078125,1836.469970703125,8051.58740234375,10526.94921875,1600.0,17.097543716430664,0.0,9553.33984375,0.07035566866397858,4.803438186645508,0.11566071957349777,1.1392039060592651,3.9148900508880615,1.6125311851501465,2.6226818561553955,4.815557956695557,0.0010423166677355766,0.2790924310684204,0.5236338376998901,0.0,0.0,0.0,32.419891357421875,1316.4254150390625,31.69786262512207,186.687255859375,108.65833282470703,313.9404602050781,1124.7874755859375,3120.481689453125,0.6003744006156921,33.491092681884766,57.02372360229492,0.0,0.0,0.0,108.71505737304688,108.71505737304688,263.7157287597656,256.67535400390625,257.64794921875,0.0,0.0,0.0,263.7157287597656,256.67535400390625,257.64794921875,0.0,0.0,0.0,60.039306640625,57.97999954223633,58.26448059082031,0.0,0.0,0.0
69.0,20.184206008911133,20571.76171875,1836.469970703125,8208.3427734375,10526.94921875,1600.0,17.230548858642578,0.0,9555.2060546875,0.07035605609416962,5.041645526885986,0.12378133088350296,1.1392039060592651,3.9148900508880615,1.6128185987472534,2.6226818561553955,4.831000328063965,0.00104242202360183,0.2849096953868866,0.5418755412101746,0.0,0.0,0.0,29.51717185974121,1381.7083740234375,33.92338943481445,186.687255859375,83.0514144897461,322.0089111328125,1070.874755859375,3124.0283203125,0.5821791887283325,34.18916320800781,59.01024627685547,0.0,0.0,0.0,110.60462188720703,110.60462188720703,260.0138854980469,253.82318115234375,250.91339111328125,0.0,0.0,0.0,260.0138854980469,253.82318115234375,250.91339111328125,0.0,0.0,0.0,58.82351303100586,57.012733459472656,56.161617279052734,0.0,0.0,0.0
70.0,20.499530792236328,20660.76953125,1836.469970703125,8297.3505859375,10526.94921875,1600.0,17.07796859741211,0.0,9682.9873046875,0.07035640627145767,5.307621955871582,0.13290652632713318,1.1392039060592651,3.9148900508880615,1.6130844354629517,2.6226818561553955,4.847769737243652,0.0010425182990729809,0.2905177175998688,0.5594567656517029,0.0,0.0,0.0,24.315174102783203,1454.6015625,36.424232482910156,186.687255859375,326.0909729003906,406.9618225097656,771.9407348632812,3106.350830078125,0.5497671961784363,34.862125396728516,60.924842834472656,0.0,0.0,0.0,112.54702758789062,112.54702758789062,251.43931579589844,247.4322052001953,227.4595184326172,0.0,0.0,0.0,251.43931579589844,247.4322052001953,227.4595184326172,0.0,0.0,0.0,56.46803283691406,55.29595184326172,49.45393753051758,0.0,0.0,0.0
71.0,20.693178176879883,20688.931640625,1836.469970703125,8325.5126953125,10526.94921875,1600.0,16.76871681213379,0.0,9874.6689453125,0.070356585085392,5.473186492919922,0.13859711587429047,1.1392039060592651,3.914963960647583,1.6132211685180664,2.6226818561553955,4.857752799987793,0.00104256730992347,0.29346731305122375,0.5687035322189331,0.0,0.0,0.0,0.0,1499.97607421875,37.98379135131836,186.687255859375,948.7351684570312,710.733642578125,0.0,3055.05517578125,0.4975939095020294,35.2160758972168,61.93181228637695,0.0,0.0,0.0,114.55258178710938,114.55258178710938,210.48399353027344,216.32310485839844,207.710693359375,0.0,0.0,0.0,210.48399353027344,216.32310485839844,207.710693359375,0.0,0.0,0.0,44.7978515625,46.505794525146484,43.986663818359375,0.0,0.0,0.0
72.0,20.784151077270508,20753.59765625,1836.469970703125,8390.177734375,10526.94921875,1600.0,16.285547256469727,0.0,10196.869140625,0.07035661488771439,5.555116653442383,0.1414150893688202,1.1392039060592651,3.915233850479126,1.613243818283081,2.6226818561553955,4.861642837524414,0.001042575342580676,0.29396140575408936,0.570252537727356,0.0,0.0,0.0,0.0,1522.4298095703125,38.756080627441406,186.687255859375,1032.6175537109375,941.6568603515625,0.0,2931.7802734375,0.4890748858451843,35.275367736816406,62.10049819946289,0.0,0.0,0.0,116.60379791259766,116.60379791259766,209.2391357421875,211.6443328857422,208.62669372558594,0.0,0.0,0.0,209.2391357421875,211.6443328857422,208.62669372558594,0.0,0.0,0.0,44.91689682006836,45.620418548583984,44.73775863647461,0.0,0.0,0.0
73.0,21.027053833007812,21022.44140625,1836.469970703125,8527.0078125,10658.9638671875,1600.0,15.863691329956055,0.0,10599.8203125,0.07035665214061737,5.776646614074707,0.14904816448688507,1.1392039060592651,3.915924549102783,1.6132780313491821,2.6226818561553955,4.8715362548828125,0.001042587449774146,0.29471638798713684,0.5726192593574524,0.0,0.0,0.0,0.0,1583.14208984375,40.847991943359375,186.68727111816406,2778.11083984375,1161.5601806640625,0.0,1172.9769287109375,0.07967931777238846,35.365966796875,62.35823440551758,0.0,0.0,0.0,118.68666076660156,118.68666076660156,163.1342010498047,177.20712280273438,168.5093231201172,0.0,0.0,0.0,163.1342010498047,177.20712280273438,168.5093231201172,0.0,0.0,0.0,31.85306167602539,35.969390869140625,33.42528533935547,0.0,0.0,0.0
74.0,21.29970932006836,21279.6171875,1836.469970703125,8604.419921875,10838.7275390625,1600.0,15.943916320800781,0.0,10677.3349609375,0.07035669684410095,6.026037216186523,0.15763694047927856,1.1392039060592651,3.916668176651001,1.6133099794387817,2.6226818561553955,4.882519721984863,0.0010425987420603633,0.2954215705394745,0.5748299956321716,0.0,0.0,0.0,0.0,1651.4898681640625,43.20182418823242,186.68727111816406,2769.3857421875,1161.583251953125,0.0,1174.8525390625,0.07973944395780563,26.88817024230957,57.0927848815918,0.0,0.0,0.0,120.76700592041016,120.76700592041016,142.2235870361328,161.4323272705078,124.6425552368164,0.0,0.0,0.0,142.2235870361328,161.4323272705078,124.6425552368164,0.0,0.0,0.0,25.656484603881836,31.275041580200195,20.5140323638916,0.0,0.0,0.0
75.0,21.46762466430664,21339.8359375,1836.469970703125,8628.9130859375,10874.453125,1600.0,16.472332000732422,0.0,10372.2734375,0.07035671919584274,6.179878234863281,0.16293597221374512,1.1392039060592651,3.917105197906494,1.6133462190628052,2.6226818561553955,4.889240741729736,0.0010426047956570983,0.2958039939403534,0.5760288834571838,0.0,0.0,0.0,0.0,1693.6512451171875,44.65407180786133,186.68727111816406,2742.328857421875,966.807373046875,0.0,1145.9349365234375,0.07773655652999878,26.622360229492188,57.026859283447266,0.0,0.0,0.0,122.75404357910156,122.75404357910156,125.23152923583984,151.7618408203125,153.77792358398438,0.0,0.0,0.0,125.23152923583984,151.7618408203125,153.77792358398438,0.0,0.0,0.0,20.15789031982422,27.918004989624023,28.50771141052246,0.0,0.0,0.0
76.0,21.546586990356445,21357.583984375,1836.469970703125,8646.662109375,10874.453125,1600.0,16.475086212158203,0.0,10381.80859375,0.07035672664642334,6.252378463745117,0.1654461920261383,1.1392039060592651,3.917245626449585,1.6134718656539917,2.6226818561553955,4.892443656921387,0.0010426066583022475,0.295920729637146,0.5763946771621704,0.0,0.0,0.0,0.0,1713.520751953125,45.34202194213867,186.68727111816406,2805.855712890625,597.8107299804688,0.0,1425.7548828125,0.09669516980648041,32.49767303466797,60.78536605834961,0.0,0.0,0.0,124.61689758300781,124.61689758300781,143.35845947265625,177.77999877929688,151.8712158203125,0.0,0.0,0.0,143.35845947265625,177.77999877929688,151.8712158203125,0.0,0.0,0.0,25.45726203918457,35.52556228637695,27.94724464416504,0.0,0.0,0.0
77.0,21.616458892822266,21396.38671875,1836.469970703125,8685.462890625,10874.453125,1600.0,17.280994415283203,0.0,9926.572265625,0.07035672664642334,6.315971851348877,0.1676446944475174,1.1392039060592651,3.9173057079315186,1.6137784719467163,2.6226818561553955,4.8959574699401855,0.0010426074732095003,0.29596900939941406,0.5765460729598999,0.0,0.0,0.0,0.0,1730.948974609375,45.944541931152344,186.68727111816406,1043.8199462890625,425.7276916503906,0.0,3028.012939453125,0.49438169598579407,35.51628112792969,62.78586959838867,0.0,0.0,0.0,126.39228057861328,126.39228057861328,205.75657653808594,217.53746032714844,203.94284057617188,0.0,0.0,0.0,205.75657653808594,217.53746032714844,203.94284057617188,0.0,0.0,0.0,42.902801513671875,46.34871292114258,42.372283935546875,0.0,0.0,0.0
78.0,21.72095489501953,21462.869140625,1836.469970703125,8751.947265625,10874.453125,1600.0,17.546646118164062,0.0,9811.484375,0.07035673409700394,6.411149024963379,0.1709270179271698,1.1392039060592651,3.917348623275757,1.614328145980835,2.6226818561553955,4.901262283325195,0.0010426080552861094,0.29600292444229126,0.5766524076461792,0.0,0.0,0.0,0.0,1757.033203125,46.84408950805664,186.68727111816406,991.2193603515625,403.20751953125,0.0,2996.90869140625,0.47932255268096924,35.52035140991211,62.797447204589844,0.0,0.0,0.0,128.1117706298828,128.1117706298828,206.91893005371094,217.87384033203125,201.91236877441406,0.0,0.0,0.0,206.91893005371094,217.87384033203125,201.91236877441406,0.0,0.0,0.0,42.97713851928711,46.18144989013672,41.51272201538086,0.0,0.0,0.0
79.0,21.89409065246582,21530.26171875,1836.469970703125,8819.33984375,10874.453125,2930.02685546875,17.85548973083496,0.0,9677.3037109375,0.07035673409700394,6.5690765380859375,0.17638543248176575,1.1392039060592651,3.9173972606658936,1.6151572465896606,2.6226818561553955,4.909976005554199,0.0010426086373627186,0.2960411012172699,0.5767722129821777,0.0,0.0,0.0,0.0,1800.314697265625,48.34001922607422,186.68727111816406,898.0599975585938,395.50677490234375,0.0,2960.865478515625,0.48932695388793945,35.524932861328125,62.81049346923828,0.0,0.0,0.0,129.82896423339844,129.82896423339844,203.50889587402344,217.92547607421875,211.09432983398438,0.0,0.0,0.0,203.50889587402344,217.92547607421875,211.09432983398438,0.0,0.0,0.0,41.670860290527344,45.88771057128906,43.88959884643555,0.0,0.0,0.0
80.0,22.01995086669922,21639.806640625,1836.469970703125,8928.884765625,10874.453125,2930.02685546875,17.442138671875,0.0,9954.0546875,0.07035673409700394,6.684529781341553,0.1803717166185379,1.1392039060592651,3.9174089431762695,1.6153843402862549,2.6226818561553955,4.916119575500488,0.0010426087537780404,0.29605019092559814,0.5768007040023804,0.0,0.0,0.0,0.0,1831.9556884765625,49.4324951171875,186.68727111816406,1076.455322265625,314.4959411621094,0.0,3015.41455078125,0.4927998185157776,35.526023864746094,62.8135986328125,0.0,0.0,0.0,131.56826782226562,131.56826782226562,206.401611328125,219.7003173828125,210.13092041015625,0.0,0.0,0.0,206.401611328125,219.7003173828125,210.13092041015625,0.0,0.0,0.0,42.93033218383789,46.8202018737793,44.021156311035156,0.0,0.0,0.0
81.0,22.40620231628418,21835.123046875,1836.469970703125,9124.19921875,10874.453125,2930.02685546875,17.600852966308594,0.0,9955.9951171875,0.07035673409700394,7.039109706878662,0.19285544753074646,1.1392039060592651,3.9174320697784424,1.615849494934082,2.6226818561553955,4.934743404388428,0.0010426091030240059,0.296068400144577,0.5768577456474304,0.0,0.0,0.0,24.31528663635254,1929.1314697265625,52.8537712097168,186.68727111816406,318.2431640625,322.6140441894531,669.2379760742188,2970.87353515625,0.4891189932823181,35.52820587158203,62.8198127746582,0.0,0.0,0.0,133.355224609375,133.355224609375,236.8682403564453,246.23680114746094,221.95680236816406,0.0,0.0,0.0,236.8682403564453,246.23680114746094,221.95680236816406,0.0,0.0,0.0,51.68310546875,54.42341232299805,47.321510314941406,0.0,0.0,0.0
82.0,22.754417419433594,21910.1796875,1836.469970703125,9199.2568359375,10874.453125,2930.02685546875,17.428430557250977,0.0,10089.126953125,0.07035673409700394,7.35888671875,0.20413894951343536,1.1392039060592651,3.917450189590454,1.616219401359558,2.6226818561553955,4.951451778411865,0.0010426092194393277,0.29608261585235596,0.5769023299217224,0.0,0.0,0.0,0.0,2016.769287109375,55.94611740112305,186.68727111816406,960.4423828125,407.75274658203125,0.0,2934.197998046875,0.4860471189022064,35.529911041259766,62.82466506958008,0.0,0.0,0.0,135.18722534179688,135.18722534179688,213.682373046875,216.9508056640625,201.69322204589844,0.0,0.0,0.0,213.682373046875,216.9508056640625,201.69322204589844,0.0,0.0,0.0,45.07366180419922,46.02967834472656,41.56683349609375,0.0,0.0,0.0
83.0,22.943758010864258,21933.927734375,1836.469970703125,9223.005859375,10874.453125,2930.02685546875,17.106660842895508,0.0,10288.8505859375,0.07035673409700394,7.532927513122559,0.21028462052345276,1.1392039060592651,3.9174585342407227,1.616391658782959,2.6226818561553955,4.960397720336914,0.0010426093358546495,0.29608914256095886,0.5769228339195251,0.0,0.0,0.0,0.0,2064.466552734375,57.630393981933594,186.68727111816406,1014.7984008789062,712.1304321289062,0.0,2658.8994140625,0.3055838644504547,35.530696868896484,62.8268928527832,0.0,0.0,0.0,137.07701110839844,137.07701110839844,212.50723266601562,209.47378540039062,179.8341827392578,0.0,0.0,0.0,212.50723266601562,209.47378540039062,179.8341827392578,0.0,0.0,0.0,45.05170822143555,44.16442108154297,35.494834899902344,0.0,0.0,0.0
84.0,23.02871322631836,21990.66796875,1836.469970703125,9277.70703125,10876.4912109375,2930.02685546875,16.50597381591797,0.0,10685.7890625,0.07035673409700394,7.611440181732178,0.21305952966213226,1.1392039060592651,3.9174599647521973,1.6164205074310303,2.6226818561553955,4.964031219482422,0.0010426093358546495,0.2960902154445648,0.5769262313842773,0.0,0.0,0.0,0.0,2085.983642578125,58.39088439941406,186.68727111816406,2576.248779296875,943.5111083984375,0.0,1109.4554443359375,0.07484795153141022,35.530826568603516,62.82726287841797,0.0,0.0,0.0,139.01258850097656,139.01258850097656,177.83279418945312,182.0163116455078,167.26248168945312,0.0,0.0,0.0,177.83279418945312,182.0163116455078,167.26248168945312,0.0,0.0,0.0,35.5101203918457,36.733795166015625,32.418304443359375,0.0,0.0,0.0
85.0,23.23678207397461,22272.12109375,1836.469970703125,9393.8193359375,11041.8310546875,2930.02685546875,16.073999404907227,0.0,11108.06640625,0.07035673409700394,7.804005146026611,0.21986228227615356,1.1392039060592651,3.91746187210083,1.616459608078003,2.6226818561553955,4.972685813903809,0.0010426094522699714,0.2960916757583618,0.576930820941925,0.0,0.0,0.0,0.0,2138.758056640625,60.2552375793457,186.68727111816406,2557.78076171875,1163.8509521484375,0.0,1135.4093017578125,0.07654788345098495,35.531002044677734,62.827762603759766,0.0,0.0,0.0,140.98257446289062,140.98257446289062,159.10150146484375,178.26515197753906,159.30921936035156,0.0,0.0,0.0,159.10150146484375,178.26515197753906,159.30921936035156,0.0,0.0,0.0,30.46318817138672,36.06855392456055,30.523948669433594,0.0,0.0,0.0
86.0,23.469482421875,22557.255859375,1836.469970703125,9482.03125,11238.7548828125,2930.02685546875,16.163681030273438,0.0,11189.291015625,0.07035673409700394,8.019485473632812,0.22747290134429932,1.1392039060592651,3.9174633026123047,1.6164886951446533,2.6226818561553955,4.982260227203369,0.0010426094522699714,0.2960927486419678,0.5769342184066772,0.0,0.0,0.0,0.0,2197.812255859375,62.340999603271484,186.68727111816406,2563.785400390625,1163.871826171875,0.0,1135.56884765625,0.07650184631347656,26.648347854614258,57.116485595703125,0.0,0.0,0.0,142.96286010742188,142.96286010742188,122.77249145507812,157.0149383544922,127.0095443725586,0.0,0.0,0.0,122.77249145507812,157.0149383544922,127.0095443725586,0.0,0.0,0.0,19.747272491455078,29.7631893157959,20.986610412597656,0.0,0.0,0.0
87.0,23.693849563598633,22662.572265625,1836.469970703125,9548.1806640625,11277.9208984375,2930.02685546875,16.730690002441406,0.0,10869.5927734375,0.07035673409700394,8.227133750915527,0.2348024845123291,1.1392039060592651,3.9176371097564697,1.6165114641189575,2.6226818561553955,4.991448879241943,0.0010426094522699714,0.296093612909317,0.5769368410110474,0.0,0.0,0.0,0.0,2254.719970703125,64.34973907470703,186.68727111816406,2525.857421875,968.7042236328125,0.0,1092.519775390625,0.07354911416769028,26.64842414855957,57.11674880981445,0.0,0.0,0.0,144.85182189941406,144.85182189941406,126.34054565429688,153.85354614257812,107.1507797241211,0.0,0.0,0.0,126.34054565429688,153.85354614257812,107.1507797241211,0.0,0.0,0.0,20.223918914794922,28.271472930908203,14.610913276672363,0.0,0.0,0.0
88.0,23.834606170654297,22683.888671875,1836.469970703125,9569.498046875,11277.9208984375,2930.02685546875,16.7348575592041,0.0,10879.5859375,0.07035673409700394,8.356258392333984,0.2393985390663147,1.1392039060592651,3.9189538955688477,1.61652410030365,2.6226818561553955,4.9971537590026855,0.0010426094522699714,0.2960940897464752,0.5769383311271667,0.0,0.0,0.0,0.0,2290.10791015625,65.60932922363281,186.68727111816406,2601.47998046875,598.9415893554688,0.0,1354.9564208984375,0.0911766067147255,26.648468017578125,57.11689376831055,0.0,0.0,0.0,146.62124633789062,146.62124633789062,127.09789276123047,162.79930114746094,83.68296813964844,0.0,0.0,0.0,127.09789276123047,162.79930114746094,83.68296813964844,0.0,0.0,0.0,20.441274642944336,30.88393783569336,7.742409706115723,0.0,0.0,0.0
89.0,23.902639389038086,24203.60546875,3348.77001953125,9576.9150390625,11277.9208984375,2930.02685546875,18.69697380065918,0.0,10402.5185546875,0.07035673409700394,8.418212890625,0.2415732741355896,1.1392039060592651,3.920118808746338,1.6165298223495483,2.6226818561553955,4.999886512756348,0.0010426094522699714,0.29609429836273193,0.5769389867782593,0.0,0.0,0.0,0.0,2307.087158203125,66.20532989501953,186.68727111816406,1256.241943359375,426.4534912109375,0.0,2517.4169921875,0.16936355829238892,35.531314849853516,62.82865905761719,0.0,0.0,0.0,148.29612731933594,148.29612731933594,156.22897338867188,213.8506317138672,141.5672149658203,0.0,0.0,0.0,156.22897338867188,213.8506317138672,141.5672149658203,0.0,0.0,0.0,27.000003814697266,43.85433578491211,22.711435317993164,0.0,0.0,0.0
90.0,23.931989669799805,24205.953125,3348.77001953125,9579.26171875,11277.9208984375,2930.02685546875,18.927398681640625,0.0,10281.9072265625,0.07035673409700394,8.44480037689209,0.24248935282230377,1.1392039060592651,3.920790672302246,1.6165322065353394,2.6226818561553955,5.0010576248168945,0.0010426094522699714,0.2960943877696991,0.5769392848014832,0.0,0.0,0.0,0.0,2314.37353515625,66.45639038085938,186.68727111816406,888.8662719726562,403.7580261230469,0.0,2816.823974609375,0.4544171988964081,35.53132629394531,62.82868576049805,0.0,0.0,0.0,149.8961639404297,149.8961639404297,214.99623107910156,218.06021118164062,188.55335998535156,0.0,0.0,0.0,214.99623107910156,218.06021118164062,188.55335998535156,0.0,0.0,0.0,43.95899963378906,44.8552131652832,36.224456787109375,0.0,0.0,0.0
91.0,23.943750381469727,24206.6953125,3348.77001953125,9580.00390625,11277.9208984375,2930.02685546875,19.200918197631836,0.0,10141.2958984375,0.07035673409700394,8.455438613891602,0.24286110699176788,1.1392039060592651,3.9210565090179443,1.6165330410003662,2.6226818561553955,5.001542091369629,0.0010426094522699714,0.2960944175720215,0.5769393444061279,0.0,0.0,0.0,0.0,2317.2890625,66.55827331542969,186.68727111816406,830.3042602539062,395.8436584472656,0.0,2783.973876953125,0.446605920791626,35.53133010864258,62.828697204589844,0.0,0.0,0.0,151.5004425048828,151.5004425048828,182.19869995117188,217.97128295898438,209.77365112304688,0.0,0.0,0.0,182.19869995117188,217.97128295898438,209.77365112304688,0.0,0.0,0.0,34.092201232910156,44.55567932128906,42.157875061035156,0.0,0.0,0.0
92.0,23.94825553894043,24277.419921875,3348.77001953125,9650.7275390625,11277.9208984375,2930.02685546875,18.714296340942383,0.0,10431.302734375,0.07035673409700394,8.459565162658691,0.2430211752653122,1.1392039060592651,3.9210598468780518,1.6165330410003662,2.6226818561553955,5.00175666809082,0.0010426094522699714,0.2960944175720215,0.5769393444061279,0.0,0.0,0.0,0.0,2318.420166015625,66.60214233398438,186.68727111816406,1014.6525268554688,314.7195739746094,0.0,2873.255126953125,0.4731013774871826,35.53133010864258,62.828697204589844,0.0,0.0,0.0,153.1363525390625,153.1363525390625,189.92514038085938,217.8192901611328,194.69886779785156,0.0,0.0,0.0,189.92514038085938,217.8192901611328,194.69886779785156,0.0,0.0,0.0,36.83880615234375,44.99784469604492,38.23512268066406,0.0,0.0,0.0
93.0,24.20875358581543,24474.11328125,3348.77001953125,9847.4208984375,11277.9208984375,2930.02685546875,18.86681365966797,0.0,10433.33203125,0.07035673409700394,8.699634552001953,0.2533162236213684,1.1392039060592651,3.9211342334747314,1.6165331602096558,2.6226818561553955,5.011816024780273,0.0010426094522699714,0.2960944175720215,0.5769394040107727,0.0,0.0,0.0,8.886428833007812,2384.213134765625,69.42359924316406,186.68727111816406,966.0842895507812,322.75054931640625,0.0,2835.973876953125,0.4644712805747986,35.53133010864258,62.828697204589844,0.0,0.0,0.0,154.8288116455078,154.8288116455078,218.3795166015625,222.90853881835938,193.68527221679688,0.0,0.0,0.0,218.3795166015625,222.90853881835938,193.68527221679688,0.0,0.0,0.0,45.00919723510742,46.33393478393555,37.786128997802734,0.0,0.0,0.0
94.0,24.634883880615234,24626.642578125,3348.77001953125,9999.9521484375,11277.9208984375,2930.02685546875,18.73297882080078,0.0,10572.8486328125,0.07035673409700394,9.093207359313965,0.2702238857746124,1.1392039060592651,3.9212324619293213,1.6165333986282349,2.6226818561553955,5.02736759185791,0.0010426094522699714,0.2960944175720215,0.5769394040107727,0.0,0.0,0.0,8.752483367919922,2492.075439453125,74.05728912353516,186.68727111816406,919.8494873046875,407.8320007324219,0.0015238913474604487,2777.021240234375,0.4482007324695587,35.53133010864258,62.82870101928711,0.0,0.0,0.0,156.56295776367188,156.56295776367188,213.94667053222656,242.71258544921875,187.1678009033203,0.0,0.0,0.0,213.94667053222656,242.71258544921875,187.1678009033203,0.0,0.0,0.0,43.84642028808594,52.26045227050781,36.01360321044922,0.0,0.0,0.0
95.0,24.930585861206055,24674.904296875,3348.77001953125,10048.2138671875,11277.9208984375,2930.02685546875,18.40201187133789,0.0,10782.1337890625,0.07035673409700394,9.367013931274414,0.28199347853660583,1.1392039060592651,3.921287775039673,1.6165335178375244,2.6226818561553955,5.037437915802002,0.0010426094522699714,0.2960944175720215,0.5769394040107727,0.0,0.0,0.0,0.0,2567.11474609375,77.28285217285156,186.68727111816406,782.48681640625,712.1929931640625,0.0,2679.691162109375,0.43414369225502014,35.53133010864258,62.82870101928711,0.0,0.0,0.0,158.36868286132812,158.36868286132812,202.5130157470703,212.5613555908203,185.80921936035156,0.0,0.0,0.0,202.5130157470703,212.5613555908203,185.80921936035156,0.0,0.0,0.0,40.833045959472656,43.77218246459961,35.94718551635742,0.0,0.0,0.0
96.0,25.075048446655273,24808.3125,3348.77001953125,10181.62109375,11277.9208984375,2930.02685546875,17.90361213684082,0.0,11137.125,0.07035673409700394,9.502195358276367,0.2878093421459198,1.1392039060592651,3.9212958812713623,1.616533637046814,2.6226818561553955,5.040896415710449,0.0010426094522699714,0.2960944175720215,0.5769394040107727,0.0,0.0,0.0,0.0,2604.162353515625,78.87674713134766,186.68727111816406,2356.47216796875,943.5771484375,0.0,1073.289306640625,0.07198964059352875,35.53133010864258,62.828704833984375,0.0,0.0,0.0,160.2362518310547,160.2362518310547,175.90536499023438,185.35609436035156,176.0210723876953,0.0,0.0,0.0,175.90536499023438,185.35609436035156,176.0210723876953,0.0,0.0,0.0,33.5487060546875,36.313045501708984,33.582550048828125,0.0,0.0,0.0
97.0,25.570650100708008,25247.119140625,3348.77001953125,10478.16796875,11420.181640625,2930.02685546875,17.517515182495117,0.0,11577.2265625,0.07035673409700394,9.967020034790039,0.307714581489563,1.1392039060592651,3.9213101863861084,1.616533637046814,2.6226818561553955,5.051752090454102,0.0010426094522699714,0.2960944175720215,0.5769394040107727,0.0,0.0,0.0,0.0,2731.5517578125,84.33195495605469,186.68727111816406,2328.52978515625,1163.9041748046875,0.0,1057.1844482421875,0.07085078954696655,26.64849853515625,57.11700439453125,0.0,0.0,0.0,162.1504364013672,162.1504364013672,146.22947692871094,174.05413818359375,129.51380920410156,0.0,0.0,0.0,146.22947692871094,174.05413818359375,129.51380920410156,0.0,0.0,0.0,25.254608154296875,33.39331817626953,20.365272521972656,0.0,0.0,0.0
98.0,26.16962242126465,25669.82421875,3348.77001953125,10705.1474609375,11615.9072265625,2930.02685546875,17.683216094970703,0.0,11661.8798828125,0.07035673409700394,10.52923583984375,0.33176666498184204,1.1392039060592651,3.9213221073150635,1.616533637046814,2.6226818561553955,5.064444065093994,0.0010426094522699714,0.2960944175720215,0.5769394040107727,0.0,0.0,0.0,0.0,2885.632080078125,90.92364501953125,186.68727111816406,2259.397216796875,1163.9041748046875,0.0,1035.3372802734375,0.06931935995817184,17.76566505432129,51.405303955078125,0.0,0.0,0.0,164.07484436035156,164.07484436035156,137.59591674804688,149.57327270507812,86.4008560180664,0.0,0.0,0.0,137.59591674804688,149.57327270507812,86.4008560180664,0.0,0.0,0.0,22.563587188720703,26.066965103149414,7.589034557342529,0.0,0.0,0.0
99.0,26.72258758544922,25862.74609375,3348.77001953125,10859.1748046875,11654.7998046875,2930.02685546875,18.35616683959961,0.0,11328.6728515625,0.07035673409700394,11.04826831817627,0.35395127534866333,1.1392039060592651,3.9215075969696045,1.616533637046814,2.6226818561553955,5.0760087966918945,0.0010426094522699714,0.2960944175720215,0.5769394040107727,0.0,0.0,0.0,0.0,3027.87744140625,97.00353240966797,186.68727111816406,2156.033447265625,968.717529296875,0.0,959.2891235351562,0.06417080760002136,17.76566505432129,51.405303955078125,0.0,0.0,0.0,165.911865234375,165.911865234375,107.7079086303711,149.25477600097656,115.6397933959961,0.0,0.0,0.0,107.7079086303711,149.25477600097656,115.6397933959961,0.0,0.0,0.0,13.148398399353027,25.300857543945312,15.468473434448242,0.0,0.0,0.0
100.0,27.060001373291016,25911.869140625,3348.77001953125,10908.2998046875,11654.7998046875,2930.02685546875,18.37803840637207,0.0,11339.087890625,0.07035673409700394,11.363802909851074,0.36748331785202026,1.1392039060592651,3.9228639602661133,1.616533637046814,2.6226818561553955,5.082998275756836,0.0010426094522699714,0.29609444737434387,0.5769394040107727,0.0,0.0,0.0,0.0,3114.3525390625,100.71211242675781,186.68727111816406,2225.5390625,598.9451293945312,0.0,1174.6358642578125,0.07853442430496216,17.76566505432129,51.405303955078125,0.0,0.0,0.0,167.64927673339844,167.64927673339844,137.0030059814453,166.4571990966797,137.6367645263672,0.0,0.0,0.0,137.0030059814453,166.4571990966797,137.6367645263672,0.0,0.0,0.0,21.69533920288086,30.310693740844727,21.880714416503906,0.0,0.0,0.0
101.0,27.21959114074707,25928.087890625,3348.77001953125,10924.5185546875,11654.7998046875,2930.02685546875,19.257205963134766,0.0,10841.8681640625,0.07035673409700394,11.512595176696777,0.3738258481025696,1.1392039060592651,3.924036741256714,1.6165337562561035,2.6226818561553955,5.086280822753906,0.0010426094522699714,0.29609444737434387,0.5769394040107727,0.0,0.0,0.0,0.0,3155.13037109375,102.45034790039062,186.68727111816406,2139.424560546875,426.45452880859375,0.0,1054.1541748046875,0.07046139240264893,17.76566505432129,51.405303955078125,0.0,0.0,0.0,169.31106567382812,169.31106567382812,151.46351623535156,150.94834899902344,136.3000946044922,0.0,0.0,0.0,151.46351623535156,150.94834899902344,136.3000946044922,0.0,0.0,0.0,25.04587173461914,24.895185470581055,20.610572814941406,0.0,0.0,0.0
102.0,27.28719139099121,25933.220703125,3348.77001953125,10929.6494140625,11654.7998046875,2930.02685546875,19.496763229370117,0.0,10716.146484375,0.07035673409700394,11.575491905212402,0.37648481130599976,1.1392039060592651,3.9246981143951416,1.6165337562561035,2.6226818561553955,5.0876641273498535,0.0010426094522699714,0.29609444737434387,0.5769394040107727,0.0,0.0,0.0,0.0,3169.5029296875,103.08587646484375,186.4698486328125,2109.190185546875,403.57427978515625,0.0,1006.2260131835938,0.06725053489208221,17.76566505432129,51.405303955078125,0.0,0.0,0.0,170.88314819335938,170.88314819335938,170.40235900878906,171.28228759765625,154.3540496826172,0.0,0.0,0.0,170.40235900878906,171.28228759765625,154.3540496826172,0.0,0.0,0.0,30.345928192138672,30.603307723999023,25.65179443359375,0.0,0.0,0.0
103.0,27.313993453979492,25934.84375,3348.77001953125,10931.2734375,11654.7998046875,2930.02685546875,19.779348373413086,0.0,10569.591796875,0.07035673409700394,11.60041332244873,0.3775603473186493,1.1392039060592651,3.924959182739258,1.6165337562561035,2.6226818561553955,5.088206768035889,0.0010426094522699714,0.29609444737434387,0.5769394040107727,0.0,0.0,0.0,0.0,3168.268798828125,103.11810302734375,185.84176635742188,709.3867797851562,395.1548156738281,0.0,2297.520751953125,0.377164363861084,28.8791561126709,58.49113845825195,0.0,0.0,0.0,172.4163360595703,172.4163360595703,203.0682830810547,190.70474243164062,202.201416015625,0.0,0.0,0.0,203.0682830810547,190.70474243164062,202.201416015625,0.0,0.0,0.0,39.61812210083008,36.00178909301758,39.364566802978516,0.0,0.0,0.0
104.0,27.32418441772461,26024.078125,3348.77001953125,11020.5078125,11654.7998046875,2930.02685546875,19.28646469116211,0.0,10871.8486328125,0.07035673409700394,11.609939575195312,0.378022700548172,1.1392039060592651,3.924964666366577,1.6165337562561035,2.6226818561553955,5.088405609130859,0.0010426094522699714,0.29609444737434387,0.5769394040107727,0.0,0.0,0.0,0.0,3181.80859375,103.60052490234375,186.68727111816406,832.0614013671875,314.7197265625,0.0,2439.53564453125,0.3916637599468231,30.66307830810547,59.62187194824219,0.0,0.0,0.0,173.95848083496094,173.95848083496094,215.6788787841797,210.51039123535156,180.40907287597656,0.0,0.0,0.0,215.6788787841797,210.51039123535156,180.40907287597656,0.0,0.0,0.0,43.79960632324219,42.28782272338867,33.48318862915039,0.0,0.0,0.0
105.0,27.653722763061523,26253.240234375,3348.77001953125,11249.669921875,11654.7998046875,2930.02685546875,19.456771850585938,0.0,10873.9580078125,0.07035673409700394,11.917035102844238,0.393928200006485,1.1392039060592651,3.9250435829162598,1.6165337562561035,2.6226818561553955,5.094862461090088,0.0010426094522699714,0.29609444737434387,0.5769394040107727,0.0,0.0,0.0,0.0,3262.03662109375,107.82952117919922,186.3961181640625,777.8017578125,322.5542297363281,0.0,2400.861328125,0.4048752784729004,31.113174438476562,59.91836166381836,0.0,0.0,0.0,175.55296325683594,175.55296325683594,193.2288360595703,202.40911865234375,183.6175994873047,0.0,0.0,0.0,193.2288360595703,202.40911865234375,183.6175994873047,0.0,0.0,0.0,37.06266403198242,39.747894287109375,34.25137710571289,0.0,0.0,0.0
106.0,28.122833251953125,26407.357421875,3348.77001953125,11403.7880859375,11654.7998046875,2930.02685546875,19.31083869934082,0.0,11019.3564453125,0.07035673409700394,12.354172706604004,0.4166126847267151,1.1392039060592651,3.925135612487793,1.6165337562561035,2.6226818561553955,5.10405969619751,0.0010426094522699714,0.29609444737434387,0.5769394040107727,0.0,0.0,0.0,0.0,3353.502685546875,113.08824157714844,184.91961669921875,932.7219848632812,405.8989562988281,0.0,2171.183349609375,0.14493678510189056,26.64849853515625,57.11700439453125,0.0,0.0,0.0,177.18113708496094,177.18113708496094,155.3953399658203,192.26089477539062,138.10813903808594,0.0,0.0,0.0,155.3953399658203,192.26089477539062,138.10813903808594,0.0,0.0,0.0,26.142297744750977,36.92547607421875,21.085792541503906,0.0,0.0,0.0
107.0,28.433809280395508,26456.12109375,3348.77001953125,11452.5517578125,11654.7998046875,2930.02685546875,18.966222763061523,0.0,11237.482421875,0.07035673409700394,12.643948554992676,0.4316621720790863,1.1392039060592651,3.9251859188079834,1.6165337562561035,2.6226818561553955,5.1101603507995605,0.0010426094522699714,0.29609444737434387,0.5769394040107727,0.0,0.0,0.0,0.0,3365.472900390625,114.89664459228516,182.66751098632812,1735.724853515625,702.1030883789062,0.0,1205.78173828125,0.08045601844787598,26.64849853515625,57.11700439453125,0.0,0.0,0.0,178.8387451171875,178.8387451171875,151.5939483642578,170.27139282226562,157.5603790283203,0.0,0.0,0.0,151.5939483642578,170.27139282226562,157.5603790283203,0.0,0.0,0.0,25.37500762939453,30.83816146850586,27.120187759399414,0.0,0.0,0.0
108.0,28.583635330200195,26583.4140625,3348.77001953125,11579.84375,11654.7998046875,2930.02685546875,18.4283390045166,0.0,11614.5517578125,0.07035673409700394,12.783559799194336,0.43892255425453186,1.1392039060592651,3.9251935482025146,1.6165337562561035,2.6226818561553955,5.113107204437256,0.0010426094522699714,0.29609444737434387,0.5769394040107727,0.0,0.0,0.0,0.0,3395.691162109375,116.59080505371094,182.4656219482422,2031.9830322265625,929.296142578125,0.0,902.9501342773438,0.060236427932977676,26.64849853515625,57.11700439453125,0.0,0.0,0.0,180.51499938964844,180.51499938964844,140.88516235351562,157.64920043945312,140.35215759277344,0.0,0.0,0.0,140.88516235351562,157.64920043945312,140.35215759277344,0.0,0.0,0.0,22.78057289123535,27.684053421020508,22.624670028686523,0.0,0.0,0.0
109.0,29.058059692382812,26968.1953125,3348.77001953125,11814.1318359375,11805.2939453125,2930.02685546875,17.97211456298828,0.0,12073.5126953125,0.07035673409700394,13.225764274597168,0.4617915749549866,1.1392039060592651,3.9252099990844727,1.6165337562561035,2.6226818561553955,5.122441291809082,0.0010426094522699714,0.29609444737434387,0.5769394040107727,0.0,0.0,0.0,0.0,3486.301025390625,121.72789764404297,181.65211486816406,2041.197265625,1142.072021484375,0.0,908.0679931640625,0.060535795986652374,17.76566505432129,51.405303955078125,0.0,0.0,0.0,182.2139892578125,182.2139892578125,125.8218765258789,145.9275360107422,129.92623901367188,0.0,0.0,0.0,125.8218765258789,145.9275360107422,129.92623901367188,0.0,0.0,0.0,18.83078384399414,24.711688995361328,20.03131103515625,0.0,0.0,0.0
110.0,29.455270767211914,27247.115234375,3348.77001953125,11888.26171875,12010.0830078125,2930.02685546875,18.027009963989258,0.0,12161.787109375,0.07035673409700394,13.596007347106934,0.480930894613266,1.1392039060592651,3.925222158432007,1.6165337562561035,2.6226818561553955,5.1302571296691895,0.0010426094522699714,0.29609444737434387,0.5769394040107727,0.0,0.0,0.0,0.0,3554.84033203125,125.74518585205078,180.7564239501953,2034.3621826171875,1137.6282958984375,0.0,905.4512939453125,0.06032625213265419,17.76566505432129,51.405303955078125,0.0,0.0,0.0,183.90896606445312,183.90896606445312,124.67959594726562,144.6604461669922,123.62698364257812,0.0,0.0,0.0,124.67959594726562,144.6604461669922,123.62698364257812,0.0,0.0,0.0,18.4417724609375,24.28617286682129,18.13388442993164,0.0,0.0,0.0
111.0,29.659135818481445,27311.263671875,3348.77001953125,11911.716796875,12050.77734375,2930.02685546875,18.617399215698242,0.0,11814.2978515625,0.07035673409700394,13.785818099975586,0.4908434748649597,1.1392039060592651,3.925355911254883,1.6165337562561035,2.6226818561553955,5.1342644691467285,0.0010426094522699714,0.29609444737434387,0.5769394040107727,0.0,0.0,0.0,0.0,3568.788818359375,127.06656646728516,179.62255859375,2023.6402587890625,942.3629760742188,0.0,861.9308471679688,0.05740956962108612,17.574552536010742,51.27941131591797,0.0,0.0,0.0,185.53895568847656,185.53895568847656,118.33902740478516,148.67274475097656,113.75511932373047,0.0,0.0,0.0,118.33902740478516,148.67274475097656,113.75511932373047,0.0,0.0,0.0,15.996766090393066,24.86937713623047,14.655973434448242,0.0,0.0,0.0
112.0,29.748376846313477,27350.416015625,3348.77001953125,11950.8701171875,12050.77734375,2930.02685546875,18.630313873291016,0.0,11825.1416015625,0.07035673409700394,13.868123054504395,0.495515376329422,1.1392039060592651,3.9258830547332764,1.6165337562561035,2.6226818561553955,5.136003017425537,0.0010426094522699714,0.29609444737434387,0.5769394040107727,0.0,0.0,0.0,0.0,3653.842041015625,130.5537109375,181.6021270751953,2052.49365234375,587.5751953125,0.0,1102.7587890625,0.07344070822000504,17.76566505432129,51.405303955078125,0.0,0.0,0.0,187.09664916992188,187.09664916992188,128.8870086669922,153.69911193847656,125.68467712402344,0.0,0.0,0.0,128.8870086669922,153.69911193847656,125.68467712402344,0.0,0.0,0.0,19.069137573242188,26.32667350769043,18.13245391845703,0.0,0.0,0.0
113.0,29.900955200195312,27417.83984375,3348.77001953125,12018.2919921875,12050.77734375,2930.02685546875,19.558279037475586,0.0,11306.6064453125,0.07035673409700394,14.00844669342041,0.503675639629364,1.1392039060592651,3.927013397216797,1.6165337562561035,2.6226818561553955,5.138966083526611,0.0010426094522699714,0.29609444737434387,0.5769394040107727,0.0,0.0,0.0,0.0,3627.625244140625,130.43177795410156,179.62254333496094,2031.731201171875,414.9172058105469,0.0,973.7308959960938,0.06483344733715057,17.76566505432129,51.405303955078125,0.0,0.0,0.0,188.59727478027344,188.59727478027344,98.08622741699219,149.88308715820312,128.40087890625,0.0,0.0,0.0,98.08622741699219,149.88308715820312,128.40087890625,0.0,0.0,0.0,9.131943702697754,24.28252410888672,17.998977661132812,0.0,0.0,0.0
114.0,30.020341873168945,27439.171875,3348.77001953125,12039.625,12050.77734375,2930.02685546875,19.81287956237793,0.0,11175.494140625,0.07035673409700394,14.118163108825684,0.5100961923599243,1.1392039060592651,3.927946090698242,1.6165337562561035,2.6226818561553955,5.141282558441162,0.0010426094522699714,0.29609444737434387,0.5769394040107727,0.0,0.0,0.0,0.0,3626.598388671875,131.03079223632812,178.71388244628906,2022.511474609375,391.3289794921875,0.0,918.3486328125,0.06113535538315773,17.640195846557617,51.32265090942383,0.0,0.0,0.0,190.0215301513672,190.0215301513672,81.78752136230469,150.48092651367188,113.14037322998047,0.0,0.0,0.0,81.78752136230469,150.48092651367188,113.14037322998047,0.0,0.0,0.0,4.109969615936279,24.202789306640625,13.280678749084473,0.0,0.0,0.0
115.0,30.080615997314453,27445.921875,3348.77001953125,12046.375,12050.77734375,2930.02685546875,20.10359001159668,0.0,11022.654296875,0.07035673409700394,14.173588752746582,0.5133698582649231,1.1392039060592651,3.9283509254455566,1.6165337562561035,2.6226818561553955,5.142453670501709,0.0010426094522699714,0.29609444737434387,0.5769394040107727,0.0,0.0,0.0,0.0,3611.51318359375,130.8096466064453,177.8064422607422,817.1765747070312,382.1927185058594,0.0,2029.8309326171875,0.13511595129966736,26.64849853515625,57.11700439453125,0.0,0.0,0.0,191.39759826660156,191.39759826660156,151.18194580078125,189.06813049316406,151.42486572265625,0.0,0.0,0.0,151.18194580078125,189.06813049316406,151.42486572265625,0.0,0.0,0.0,24.11713218688965,35.19883728027344,24.188182830810547,0.0,0.0,0.0
116.0,30.1068058013916,27671.072265625,3348.77001953125,12271.5244140625,12050.77734375,2930.02685546875,19.694169998168945,0.0,11337.859375,0.07035673409700394,14.19778823852539,0.5148389935493469,1.1392039060592651,3.9283597469329834,1.6165337562561035,2.6226818561553955,5.142965793609619,0.0010426094522699714,0.29609444737434387,0.5769394040107727,0.0,0.0,0.0,0.0,3680.282958984375,133.4541015625,179.7233428955078,792.3450927734375,306.34893798828125,0.0,2267.88427734375,0.3675963580608368,26.64849853515625,57.11700439453125,0.0,0.0,0.0,192.77203369140625,192.77203369140625,185.42709350585938,189.1184539794922,184.24392700195312,0.0,0.0,0.0,185.42709350585938,189.1184539794922,184.24392700195312,0.0,0.0,0.0,34.54325866699219,35.62297821044922,34.19717788696289,0.0,0.0,0.0
117.0,30.93622398376465,28178.861328125,3348.77001953125,12779.314453125,12050.77734375,2930.02685546875,20.055419921875,0.0,11340.0537109375,0.07035673409700394,14.94672679901123,0.5614005923271179,1.157044768333435,3.9285085201263428,1.6165337562561035,2.6226818561553955,5.158894062042236,0.0010426094522699714,0.29609444737434387,0.5769394040107727,0.0,0.0,0.0,0.0,3782.00439453125,142.05247497558594,179.71017456054688,639.72607421875,310.59918212890625,0.0,2305.99365234375,0.3779013752937317,26.64849853515625,57.11700439453125,0.0,0.0,0.0,194.1925811767578,194.1925811767578,170.11134338378906,190.69174194335938,181.80059814453125,0.0,0.0,0.0,170.11134338378906,190.69174194335938,181.80059814453125,0.0,0.0,0.0,29.702144622802734,35.72191619873047,33.12125778198242,0.0,0.0,0.0
118.0,31.864452362060547,28486.705078125,3348.77001953125,13087.158203125,12050.77734375,2930.02685546875,20.003948211669922,0.0,11491.6845703125,0.07035673409700394,15.65891170501709,0.6044949889183044,1.314725399017334,3.9286298751831055,1.6165337562561035,2.6226818561553955,5.174042224884033,0.0010426094522699714,0.29609444737434387,0.5769394040107727,0.0,0.0,0.0,0.0,3882.782958984375,149.8905487060547,200.26234436035156,1674.7747802734375,388.7745056152344,0.0,1164.5908203125,0.0773443728685379,26.64849853515625,57.11700439453125,0.0,0.0,0.0,195.6381072998047,195.6381072998047,144.04185485839844,173.84561157226562,137.4115753173828,0.0,0.0,0.0,144.04185485839844,173.84561157226562,137.4115753173828,0.0,0.0,0.0,22.128293991088867,30.845895767211914,20.18893814086914,0.0,0.0,0.0
119.0,32.64213562011719,28689.6796875,3348.77001953125,13290.1328125,12050.77734375,2930.02685546875,19.749309539794922,0.783514142036438,11719.1416015625,0.07035673409700394,16.211164474487305,0.6394661068916321,1.4933305978775024,3.928708553314209,1.6165337562561035,2.6226818561553955,5.185817718505859,0.0010426094522699714,0.29609444737434387,0.5769394040107727,0.0,0.0,0.0,0.0,3935.703369140625,155.2478790283203,223.0707244873047,1905.3233642578125,672.3052368164062,0.0,721.1876220703125,0.04785608872771263,26.64849853515625,57.11700439453125,0.0,0.0,0.0,197.11541748046875,197.11541748046875,162.1664581298828,170.9442138671875,163.84974670410156,0.0,0.0,0.0,162.1664581298828,170.9442138671875,163.84974670410156,0.0,0.0,0.0,26.90086555480957,29.468360900878906,27.393224716186523,0.0,0.0,0.0
120.0,33.10227584838867,28899.005859375,3348.77001953125,13499.458984375,12050.77734375,2930.02685546875,19.37337875366211,0.0,12028.099609375,0.07035673409700394,16.5754337310791,0.6635463833808899,1.557277798652649,3.9287307262420654,1.6165337562561035,2.6226818561553955,5.193639278411865,0.0010426094522699714,0.29609444737434387,0.5769394040107727,0.0,0.0,0.0,0.0,3993.615966796875,159.8721160888672,231.08380126953125,1880.617919921875,887.6226196289062,0.0,666.6257934570312,0.0442107729613781,26.64849853515625,57.11700439453125,0.0,0.0,0.0,198.62655639648438,198.62655639648438,135.55975341796875,154.00894165039062,135.84458923339844,0.0,0.0,0.0,135.55975341796875,154.00894165039062,135.84458923339844,0.0,0.0,0.0,20.277849197387695,25.674236297607422,20.361164093017578,0.0,0.0,0.0
121.0,33.84840393066406,29366.57421875,3348.77001953125,13855.3525390625,12162.4521484375,2930.02685546875,18.92392349243164,0.0,12503.4013671875,0.07035673409700394,17.184066772460938,0.7017388343811035,1.6434714794158936,3.928753614425659,1.6165337562561035,2.6226818561553955,5.206724643707275,0.0010426094522699714,0.29609444737434387,0.5769394040107727,0.0,0.0,0.0,0.0,4113.88330078125,167.9969940185547,242.37066650390625,1897.7655029296875,1091.6915283203125,0.0,659.2454833984375,0.04367963969707489,8.882832527160645,39.981903076171875,0.0,0.0,0.0,200.165771484375,200.165771484375,88.88202667236328,136.3197021484375,122.9576187133789,0.0,0.0,0.0,88.88202667236328,136.3197021484375,122.9576187133789,0.0,0.0,0.0,7.074068546295166,20.94959259033203,17.041179656982422,0.0,0.0,0.0
122.0,34.55928421020508,29788.990234375,3348.77001953125,14081.240234375,12358.9794921875,2930.02685546875,19.056978225708008,0.0,12594.814453125,0.07035673409700394,17.680612564086914,0.7316540479660034,1.8172023296356201,3.92876935005188,1.6165337562561035,2.6226818561553955,5.217397689819336,0.0010426094522699714,0.29609444737434387,0.5769394040107727,0.0,0.0,0.0,0.0,4193.79541015625,173.5464324951172,265.3296813964844,1876.044677734375,1087.0955810546875,0.0,637.1781616210938,0.04218432307243347,8.882832527160645,39.981903076171875,0.0,0.0,0.0,201.70523071289062,201.70523071289062,118.21207427978516,139.3231964111328,103.29061889648438,0.0,0.0,0.0,118.21207427978516,139.3231964111328,103.29061889648438,0.0,0.0,0.0,15.520052909851074,21.695056915283203,11.15552806854248,0.0,0.0,0.0
123.0,35.14645767211914,29981.62890625,3348.77001953125,14234.8876953125,12397.9716796875,2930.02685546875,19.762187957763672,0.0,12234.94140625,0.07035673409700394,18.052730560302734,0.7549839019775391,2.0006792545318604,3.929006576538086,1.6165337562561035,2.6226818561553955,5.225407123565674,0.0010426094522699714,0.29609444737434387,0.5769394040107727,0.0,0.0,0.0,0.0,4213.54638671875,176.2148895263672,288.2339172363281,1845.753662109375,898.0648193359375,0.0,567.2891235351562,0.0375354066491127,8.882832527160645,39.981903076171875,0.0,0.0,0.0,203.19345092773438,203.19345092773438,117.15519714355469,141.38450622558594,127.73336791992188,0.0,0.0,0.0,117.15519714355469,141.38450622558594,127.73336791992188,0.0,0.0,0.0,14.505707740783691,21.59278106689453,17.599822998046875,0.0,0.0,0.0
124.0,35.49428939819336,30030.736328125,3348.77001953125,14283.994140625,12397.9716796875,2930.02685546875,19.779464721679688,0.0,12246.1728515625,0.07035673409700394,18.261611938476562,0.7684037685394287,2.119853973388672,3.930864095687866,1.6165337562561035,2.6226818561553955,5.229907035827637,0.0010426094522699714,0.29609444737434387,0.5769394040107727,0.0,0.0,0.0,0.0,4302.416015625,181.03509521484375,306.2362365722656,1889.4259033203125,557.6956787109375,0.0,758.4141235351562,0.05016510561108589,8.882832527160645,39.981903076171875,0.0,0.0,0.0,204.626220703125,204.626220703125,116.56172943115234,149.40553283691406,132.1915283203125,0.0,0.0,0.0,116.56172943115234,149.40553283691406,132.1915283203125,0.0,0.0,0.0,14.314842224121094,23.921653747558594,18.886558532714844,0.0,0.0,0.0
125.0,35.65742874145508,30047.37109375,3348.77001953125,14300.6298828125,12397.9716796875,2930.02685546875,20.725982666015625,0.0,11709.1650390625,0.07035673409700394,18.355621337890625,0.7744823694229126,2.178520679473877,3.9332220554351807,1.6165337562561035,2.6226818561553955,5.231932640075684,0.0010426094522699714,0.29609444737434387,0.5769394040107727,0.0,0.0,0.0,0.0,4253.6298828125,179.47427368164062,311.28753662109375,1852.8582763671875,394.0841369628906,0.0,640.7876586914062,0.04237852990627289,8.882832527160645,39.981903076171875,0.0,0.0,0.0,206.01797485351562,206.01797485351562,123.52100372314453,141.6851806640625,115.76546478271484,0.0,0.0,0.0,123.52100372314453,141.6851806640625,115.76546478271484,0.0,0.0,0.0,15.403911590576172,20.71693229675293,13.135416030883789,0.0,0.0,0.0
126.0,35.72722625732422,30053.05859375,3348.77001953125,14306.31640625,12397.9716796875,2930.02685546875,20.983381271362305,0.0,11573.3857421875,0.07035673409700394,18.39461898803711,0.7770035862922668,2.2044107913970947,3.93477201461792,1.6165337562561035,2.6226818561553955,5.2327728271484375,0.0010426094522699714,0.29609444737434387,0.5769394040107727,0.0,0.0,0.0,0.0,4236.69140625,178.9612579345703,313.7991943359375,1842.09619140625,372.045654296875,0.0,595.745361328125,0.039397262036800385,8.882832527160645,39.981903076171875,0.0,0.0,0.0,207.34559631347656,207.34559631347656,124.14324951171875,137.90078735351562,96.87799072265625,0.0,0.0,0.0,124.14324951171875,137.90078735351562,96.87799072265625,0.0,0.0,0.0,15.328518867492676,19.352598190307617,7.35343074798584,0.0,0.0,0.0
127.0,35.75531005859375,30054.857421875,3348.77001953125,14308.115234375,12397.9716796875,3370.51806640625,21.287349700927734,0.0,11415.095703125,0.07035673409700394,18.411582946777344,0.7781708836555481,2.213329315185547,3.935436964035034,1.6165337562561035,2.6226818561553955,5.2331414222717285,0.0010426094522699714,0.29609444737434387,0.5769394040107727,0.0,0.0,0.0,0.0,4210.60205078125,177.96231079101562,313.8251647949219,1824.1673583984375,363.5453186035156,0.0,541.333740234375,0.03579801321029663,8.882832527160645,39.981903076171875,0.0,0.0,0.0,208.63136291503906,208.63136291503906,139.26806640625,146.6154327392578,125.4171371459961,0.0,0.0,0.0,139.26806640625,146.6154327392578,125.4171371459961,0.0,0.0,0.0,19.448558807373047,21.597665786743164,15.397163391113281,0.0,0.0,0.0
128.0,35.76609420776367,30225.888671875,3348.77001953125,14479.1455078125,12397.9716796875,3370.51806640625,20.800626754760742,0.0,11741.521484375,0.07035673409700394,18.421226501464844,0.7789618372917175,2.213420867919922,3.9354796409606934,1.6165337562561035,2.6226818561553955,5.23335599899292,0.0010426094522699714,0.29609444737434387,0.5769394040107727,0.0,0.0,0.0,0.0,4286.7646484375,181.2705535888672,316.6862487792969,1821.530029296875,291.41424560546875,0.0,731.8087158203125,0.04839324578642845,17.915597915649414,51.49766540527344,0.0,0.0,0.0,209.9057159423828,209.9057159423828,98.6452407836914,172.6637420654297,153.84881591796875,0.0,0.0,0.0,98.6452407836914,172.6637420654297,153.84881591796875,0.0,0.0,0.0,8.053105354309082,29.703519821166992,24.20015525817871,0.0,0.0,0.0
129.0,36.396018981933594,30575.646484375,3348.77001953125,14828.904296875,12397.9716796875,3370.51806640625,21.040729522705078,0.0,11743.7890625,0.07035673409700394,18.988733291625977,0.8230018615722656,2.2168102264404297,3.937852144241333,1.6165337562561035,2.6226818561553955,5.245973110198975,0.0010426094522699714,0.29609444737434387,0.5769394040107727,0.0,0.0,0.0,0.0,4353.52734375,188.68878173828125,314.7729797363281,637.5440673828125,296.7703552246094,0.0,1838.55615234375,0.12147116661071777,17.76566505432129,51.405303955078125,0.0,0.0,0.0,211.2171173095703,211.2171173095703,157.94248962402344,188.0116424560547,154.6273193359375,0.0,0.0,0.0,157.94248962402344,188.0116424560547,154.6273193359375,0.0,0.0,0.0,25.157447814941406,33.952674865722656,24.187761306762695,0.0,0.0,0.0
130.0,36.96421813964844,30686.3125,3348.77001953125,14939.5703125,12397.9716796875,3370.51806640625,20.834312438964844,0.0,11900.8095703125,0.07035673409700394,19.4885311126709,0.8616504669189453,2.233384132385254,3.93991756439209,1.6165337562561035,2.6226818561553955,5.257084369659424,0.0010426094522699714,0.29609444737434387,0.5769394040107727,0.0,0.0,0.0,0.0,4417.40234375,195.30751037597656,315.58319091796875,481.8886413574219,373.0377197265625,0.0,1950.9351806640625,0.24923837184906006,17.76566505432129,51.405303955078125,0.0,0.0,0.0,212.5599822998047,212.5599822998047,171.1310272216797,186.42677307128906,171.58396911621094,0.0,0.0,0.0,171.1310272216797,186.42677307128906,171.58396911621094,0.0,0.0,0.0,29.221511840820312,33.695518493652344,29.3539981842041,0.0,0.0,0.0
131.0,37.26071548461914,30754.015625,3348.77001953125,15007.2724609375,12397.9716796875,3370.51806640625,20.467741012573242,0.12321066856384277,12136.3671875,0.07035673409700394,19.683895111083984,0.8761947751045227,2.3140652179718018,3.940767765045166,1.6165337562561035,2.6226818561553955,5.262143135070801,0.0010426094522699714,0.29609444737434387,0.5769394040107727,0.0,0.0,0.0,0.0,4424.580078125,196.9525604248047,325.0491027832031,429.322509765625,648.7897338867188,0.0,1866.87158203125,0.12319929152727127,17.76566505432129,51.405303955078125,0.0,0.0,0.0,213.94174194335938,213.94174194335938,152.516845703125,183.42733764648438,158.11654663085938,0.0,0.0,0.0,152.516845703125,183.42733764648438,158.11654663085938,0.0,0.0,0.0,24.020227432250977,33.061546325683594,25.658140182495117,0.0,0.0,0.0
132.0,37.51148223876953,30835.02734375,3348.77001953125,15088.28515625,12397.9716796875,3370.51806640625,20.04701805114746,0.02991149015724659,12418.30078125,0.07035673409700394,19.81634521484375,0.8867389559745789,2.4096479415893555,3.941864013671875,1.6165337562561035,2.6226818561553955,5.2732391357421875,0.0010426094522699714,0.29609444737434387,0.5769394040107727,0.0,0.0,0.0,0.0,4443.5908203125,198.84117126464844,337.0519714355469,1765.439697265625,858.332763671875,0.0,476.8846740722656,0.031445663422346115,17.76566505432129,51.405303955078125,0.0,0.0,0.0,215.3622589111328,215.3622589111328,125.32858276367188,146.93824768066406,128.93695068359375,0.0,0.0,0.0,125.32858276367188,146.93824768066406,128.93695068359375,0.0,0.0,0.0,16.581680297851562,22.902507781982422,17.637128829956055,0.0,0.0,0.0
133.0,37.68385696411133,30961.009765625,3348.77001953125,15118.9453125,12493.2939453125,3370.51806640625,19.347623825073242,0.0,12909.0146484375,0.07035673409700394,19.891489028930664,0.8928096890449524,2.490521192550659,3.942699909210205,1.6165337562561035,2.6226818561553955,5.282688617706299,0.0010426094522699714,0.29609444737434387,0.5769394040107727,0.0,0.0,0.0,0.0,4499.3818359375,201.9502716064453,349.9448547363281,1806.385009765625,1063.1280517578125,0.0,512.9243774414062,0.0337991826236248,6.362509727478027,38.32170867919922,0.0,0.0,0.0,216.80821228027344,216.80821228027344,112.9273452758789,123.89138793945312,93.20416259765625,0.0,0.0,0.0,112.9273452758789,123.89138793945312,93.20416259765625,0.0,0.0,0.0,13.683625221252441,16.890609741210938,7.914595127105713,0.0,0.0,0.0
134.0,37.77073287963867,31221.046875,3348.77001953125,15186.048828125,12686.2294921875,3370.51806640625,19.36821174621582,0.0,13003.388671875,0.07035673409700394,19.90455436706543,0.893825352191925,2.5611424446105957,3.9428699016571045,1.6165337562561035,2.6226818561553955,5.284693717956543,0.0010426094522699714,0.29609444737434387,0.5769394040107727,0.0,0.0,0.0,0.0,4515.51513671875,202.7717742919922,360.1737060546875,1812.6773681640625,1064.6331787109375,0.0,537.379150390625,0.03540550172328949,7.980504512786865,39.38751983642578,0.0,0.0,0.0,218.25526428222656,218.25526428222656,115.9342269897461,130.97640991210938,106.62370300292969,0.0,0.0,0.0,115.9342269897461,130.97640991210938,106.62370300292969,0.0,0.0,0.0,14.542549133300781,18.94239044189453,11.819221496582031,0.0,0.0,0.0
135.0,38.019229888916016,31380.07421875,3348.77001953125,15306.8369140625,12724.466796875,3370.51806640625,20.05793571472168,0.0,12631.833984375,0.07035673409700394,19.929344177246094,0.8958514332771301,2.777832508087158,3.943726062774658,1.6165337562561035,2.6226818561553955,5.288825035095215,0.0010426094522699714,0.29609444737434387,0.5769394040107727,0.0,0.0,0.0,0.0,4475.919921875,201.19876098632812,386.3343200683594,1798.98486328125,881.6649780273438,0.0,500.6855163574219,0.03297816962003708,5.984627723693848,38.07278823852539,0.0,0.0,0.0,219.658447265625,219.658447265625,124.21614074707031,137.84898376464844,119.3508071899414,0.0,0.0,0.0,124.21614074707031,137.84898376464844,119.3508071899414,0.0,0.0,0.0,16.275283813476562,20.262889862060547,14.852174758911133,0.0,0.0,0.0
136.0,38.22524642944336,31438.537109375,3348.77001953125,15365.30078125,12724.466796875,3370.51806640625,20.079673767089844,0.0,12643.4306640625,0.07035673409700394,19.94361114501953,0.8970263600349426,2.9622137546539307,3.9474713802337646,1.6165337562561035,2.6226818561553955,5.2912774085998535,0.0010426094522699714,0.29609444737434387,0.5769394040107727,0.0,0.0,0.0,0.0,4547.54931640625,204.540283203125,415.67718505859375,1843.158447265625,549.3634033203125,0.0,686.133056640625,0.04518495127558708,8.882832527160645,39.981903076171875,0.0,0.0,0.0,221.01670837402344,221.01670837402344,124.969482421875,142.10092163085938,129.1220703125,0.0,0.0,0.0,124.969482421875,142.10092163085938,129.1220703125,0.0,0.0,0.0,16.473899841308594,21.484846115112305,17.68852996826172,0.0,0.0,0.0
137.0,38.40507888793945,31724.751953125,3581.070068359375,15419.2158203125,12724.466796875,3370.51806640625,21.221240997314453,0.0,12088.99609375,0.07035673409700394,19.953601837158203,0.8978467583656311,3.1240901947021484,3.9528648853302,1.6165337562561035,2.6226818561553955,5.293027877807617,0.0010426094522699714,0.29609444737434387,0.5769394040107727,0.0,0.0,0.0,0.0,4465.5126953125,200.93345642089844,431.2586669921875,1813.8858642578125,387.5220642089844,0.0,572.5382690429688,0.03769949451088905,8.882832527160645,39.981903076171875,0.0,0.0,0.0,222.33993530273438,222.33993530273438,122.15612030029297,138.5830078125,127.91535186767578,0.0,0.0,0.0,122.15612030029297,138.5830078125,127.91535186767578,0.0,0.0,0.0,14.50942325592041,19.31429100036621,16.194000244140625,0.0,0.0,0.0
138.0,38.51963806152344,31742.337890625,3581.070068359375,15436.80078125,12724.466796875,3370.51806640625,21.492677688598633,0.0,11948.8076171875,0.07035673409700394,19.959318161010742,0.8983142375946045,3.227334499359131,3.956981897354126,1.6165337562561035,2.6226818561553955,5.294040203094482,0.0010426094522699714,0.29609444737434387,0.5769394040107727,0.0,0.0,0.0,0.0,4437.462890625,199.71804809570312,442.6129150390625,1803.400634765625,365.6799011230469,0.0,529.5672607421875,0.034867484122514725,7.385496616363525,38.99557113647461,0.0,0.0,0.0,223.60769653320312,223.60769653320312,121.6058578491211,133.22125244140625,104.28214263916016,0.0,0.0,0.0,121.6058578491211,133.22125244140625,104.28214263916016,0.0,0.0,0.0,14.077034950256348,17.47454071044922,9.009849548339844,0.0,0.0,0.0
139.0,38.574432373046875,31747.90234375,3581.070068359375,15442.3642578125,12724.466796875,3370.51806640625,21.80668067932129,0.0,11785.37109375,0.0704125389456749,19.96910285949707,0.8992885947227478,3.268888235092163,3.9588489532470703,1.6165337562561035,2.6226818561553955,5.294597148895264,0.0010426094522699714,0.29609444737434387,0.5769394040107727,0.0,0.0,0.0,0.0,4404.77734375,198.36474609375,445.38153076171875,1787.703369140625,357.107421875,0.0,477.1585693359375,0.03141557425260544,5.354206562042236,37.65751647949219,0.0,0.0,0.0,224.8412628173828,224.8412628173828,125.7520980834961,141.25289916992188,115.52545928955078,0.0,0.0,0.0,125.7520980834961,141.25289916992188,115.52545928955078,0.0,0.0,0.0,14.975807189941406,19.509794235229492,11.984517097473145,0.0,0.0,0.0
140.0,38.59763717651367,31901.19921875,3581.070068359375,15595.662109375,12724.466796875,3370.51806640625,21.28884506225586,0.0,12122.3779296875,0.07055321335792542,19.988418579101562,0.9013176560401917,3.2699670791625977,3.959026336669922,1.6165337562561035,2.6226818561553955,5.2950615882873535,0.0010426094522699714,0.29609444737434387,0.5769394040107727,0.0,0.0,0.0,0.0,4491.65234375,202.53756713867188,451.8053283691406,498.2234802246094,286.5677795410156,0.0,1939.1025390625,0.25379517674446106,17.76566505432129,51.405303955078125,0.0,0.0,0.0,226.06455993652344,226.06455993652344,166.96095275878906,186.49261474609375,155.54441833496094,0.0,0.0,0.0,166.96095275878906,186.49261474609375,155.54441833496094,0.0,0.0,0.0,27.5472354888916,33.26024627685547,24.207895278930664,0.0,0.0,0.0
141.0,39.16325759887695,32214.59765625,3581.070068359375,15909.060546875,12724.466796875,3370.51806640625,21.49713134765625,0.0,12124.712890625,0.07386227697134018,20.44292640686035,0.9444365501403809,3.315192937850952,3.9633328914642334,1.6165337562561035,2.6226818561553955,5.310215950012207,0.0010426094522699714,0.29609444737434387,0.5769394040107727,0.0,0.0,0.0,0.0,4537.55126953125,209.6289520263672,453.87994384765625,505.3326721191406,292.0954284667969,0.0,1871.847412109375,0.12310364097356796,17.76566505432129,51.405303955078125,0.0,0.0,0.0,227.3219451904297,227.3219451904297,154.73065185546875,186.7311248779297,155.37612915039062,0.0,0.0,0.0,154.73065185546875,186.7311248779297,155.37612915039062,0.0,0.0,0.0,23.76158332824707,33.12171936035156,23.95038604736328,0.0,0.0,0.0
142.0,39.67818832397461,32408.947265625,3581.070068359375,16103.41015625,12724.466796875,3370.51806640625,21.33684730529785,0.0,12286.8193359375,0.07590852677822113,20.724088668823242,0.9700295925140381,3.508111000061035,3.9660840034484863,1.6165337562561035,2.6226818561553955,5.320672512054443,0.0010426094522699714,0.29609444737434387,0.5769394040107727,0.0,0.0,0.0,0.0,4575.3134765625,214.15606689453125,477.28985595703125,1532.1590576171875,368.06231689453125,0.0,811.326904296875,0.053317856043577194,17.76566505432129,51.405303955078125,0.0,0.0,0.0,228.6104736328125,228.6104736328125,93.77306365966797,171.22067260742188,151.8345489501953,0.0,0.0,0.0,93.77306365966797,171.22067260742188,151.8345489501953,0.0,0.0,0.0,6.091772556304932,28.745201110839844,23.074758529663086,0.0,0.0,0.0
143.0,40.28580856323242,32629.298828125,3581.070068359375,16323.76171875,12724.466796875,3370.51806640625,21.056766510009766,0.43417486548423767,12530.01953125,0.07787251472473145,20.993694305419922,0.996086061000824,3.80348539352417,3.9687659740448,1.6165337562561035,2.6226818561553955,5.332612991333008,0.0010426094522699714,0.29609444737434387,0.5769394040107727,0.0,0.0,0.0,0.0,4581.3916015625,217.37290954589844,511.13458251953125,1725.491455078125,638.8649291992188,0.0,466.56097412109375,0.030635012313723564,17.76566505432129,51.405303955078125,0.0,0.0,0.0,229.93942260742188,229.93942260742188,145.404541015625,157.84400939941406,148.06517028808594,0.0,0.0,0.0,145.404541015625,157.84400939941406,148.06517028808594,0.0,0.0,0.0,21.039884567260742,24.67843246459961,21.818119049072266,0.0,0.0,0.0
144.0,40.71046829223633,32702.26171875,3581.070068359375,16396.724609375,12724.466796875,3370.51806640625,20.485971450805664,0.0,12899.6806640625,0.07910606265068054,21.162965774536133,1.012825608253479,4.021544456481934,3.9704627990722656,1.6165337562561035,2.6226818561553955,5.350270748138428,0.0010426094522699714,0.29609444737434387,0.5769394040107727,0.0,0.0,0.0,0.0,4619.56884765625,221.0851593017578,539.1759033203125,1732.1861572265625,846.3349609375,0.0,451.79132080078125,0.02962816320359707,6.911350727081299,40.55794906616211,0.0,0.0,0.0,231.31179809570312,231.31179809570312,116.5749740600586,147.1005401611328,130.93141174316406,0.0,0.0,0.0,116.5749740600586,147.1005401611328,130.93141174316406,0.0,0.0,0.0,13.612207412719727,22.540937423706055,17.811464309692383,0.0,0.0,0.0
145.0,40.93027114868164,32865.8984375,3581.070068359375,16425.431640625,12859.3955078125,3370.51806640625,19.788475036621094,0.0,13409.3984375,0.07966732978820801,21.239988327026367,1.0204050540924072,4.142723083496094,3.971238613128662,1.6165337562561035,2.6226818561553955,5.362955093383789,0.0010426094522699714,0.29609444737434387,0.5769394040107727,0.0,0.0,0.0,0.0,4679.1298828125,224.7933349609375,558.4235229492188,1758.8580322265625,1048.4810791015625,0.0,485.9277648925781,0.03183818981051445,5.901657581329346,38.01813507080078,0.0,0.0,0.0,232.7230224609375,232.7230224609375,100.61292266845703,116.93700408935547,107.8579330444336,0.0,0.0,0.0,100.61292266845703,116.93700408935547,107.8579330444336,0.0,0.0,0.0,9.640804290771484,14.41559886932373,11.759970664978027,0.0,0.0,0.0
146.0,41.030094146728516,33126.89453125,3581.070068359375,16469.1875,13076.638671875,3370.51806640625,19.80023193359375,0.0,13507.4287109375,0.07978993654251099,21.256820678710938,1.022013545036316,4.2188544273376465,3.9714086055755615,1.6165337562561035,2.6226818561553955,5.36791467666626,0.0010426094522699714,0.29609444737434387,0.5769394040107727,0.0,0.0,0.0,0.0,4696.16748046875,225.78854370117188,569.413330078125,1767.5281982421875,1049.90869140625,0.0,508.6705627441406,0.03331653028726578,7.559206485748291,39.11000061035156,0.0,0.0,0.0,234.14016723632812,234.14016723632812,114.82245635986328,130.77584838867188,108.94297790527344,0.0,0.0,0.0,114.82245635986328,130.77584838867188,108.94297790527344,0.0,0.0,0.0,13.785337448120117,18.451705932617188,12.06558895111084,0.0,0.0,0.0
147.0,41.19856643676758,33244.0,3581.070068359375,16543.1640625,13119.7666015625,3370.51806640625,20.473880767822266,0.0,13121.470703125,0.07993734627962112,21.277048110961914,1.0240048170089722,4.356428623199463,3.972144842147827,1.6165337562561035,2.6226818561553955,5.375711441040039,0.0010426094522699714,0.29609444737434387,0.5769394040107727,0.0,0.0,0.0,0.0,4656.14404296875,224.0872039794922,583.048095703125,1742.4197998046875,869.799072265625,0.0,484.3197326660156,0.03170405328273773,5.333020210266113,37.643558502197266,0.0,0.0,0.0,235.51976013183594,235.51976013183594,126.6839828491211,138.38043212890625,120.88152313232422,0.0,0.0,0.0,126.6839828491211,138.38043212890625,120.88152313232422,0.0,0.0,0.0,16.5811824798584,20.002397537231445,14.883964538574219,0.0,0.0,0.0
148.0,41.32989501953125,33268.69921875,3581.070068359375,16567.861328125,13119.7666015625,3370.51806640625,20.472999572753906,0.0,13133.5,0.0800364762544632,21.290647506713867,1.0253612995147705,4.4625372886657715,3.9765284061431885,1.6165337562561035,2.6226818561553955,5.381494045257568,0.0010426094522699714,0.29609444737434387,0.5769394040107727,0.0,0.0,0.0,0.0,4726.4482421875,227.62655639648438,603.0823974609375,1815.356689453125,541.690185546875,0.0,646.4768676757812,0.0423017255961895,8.882832527160645,39.981903076171875,0.0,0.0,0.0,236.86090087890625,236.86090087890625,114.822021484375,142.21731567382812,126.55581665039062,0.0,0.0,0.0,114.822021484375,142.21731567382812,126.55581665039062,0.0,0.0,0.0,13.112442016601562,21.12556266784668,16.54457664489746,0.0,0.0,0.0
149.0,41.400875091552734,33278.75,3581.070068359375,16577.9140625,13119.7666015625,3370.51806640625,21.448904037475586,0.0,12557.572265625,0.08008494973182678,21.297298431396484,1.0260170698165894,4.519153118133545,3.980513572692871,1.6165337562561035,2.6226818561553955,5.384514808654785,0.0010426094522699714,0.29609444737434387,0.5769394040107727,0.0,0.0,0.0,0.0,4644.572265625,223.75657653808594,602.3749389648438,1764.119384765625,382.3540344238281,0.0,554.9513549804688,0.0363050252199173,8.468713760375977,39.70911407470703,0.0,0.0,0.0,238.1732177734375,238.1732177734375,120.76823425292969,135.94573974609375,123.45002746582031,0.0,0.0,0.0,120.76823425292969,135.94573974609375,123.45002746582031,0.0,0.0,0.0,13.87580394744873,18.31522560119629,14.66022777557373,0.0,0.0,0.0
150.0,41.43393325805664,33281.9296875,3581.070068359375,16581.09375,13119.7666015625,3370.51806640625,21.713388442993164,0.0,12411.9443359375,0.08010603487491608,21.300193786621094,1.0262984037399292,4.545303821563721,3.9828481674194336,1.6165337562561035,2.6226818561553955,5.385891914367676,0.0010426094522699714,0.29609444737434387,0.5769394040107727,0.0,0.0,0.0,0.0,4618.849609375,222.54811096191406,603.1174926757812,1746.144775390625,360.99700927734375,0.0,524.6461791992188,0.03431907296180725,6.343411445617676,38.30912780761719,0.0,0.0,0.0,239.4342803955078,239.4342803955078,111.82138061523438,133.4329376220703,108.13764190673828,0.0,0.0,0.0,111.82138061523438,133.4329376220703,108.13764190673828,0.0,0.0,0.0,10.994366645812988,17.315746307373047,9.91687297821045,0.0,0.0,0.0
151.0,41.447750091552734,33282.9375,3581.070068359375,16582.099609375,13119.7666015625,3558.806396484375,22.027563095092773,0.0,12242.1708984375,0.08011317998170853,21.30117416381836,1.026392936706543,4.556157112121582,3.983865261077881,1.6165337562561035,2.6226818561553955,5.386754035949707,0.0010426094522699714,0.29609444737434387,0.5769394040107727,0.0,0.0,0.0,0.0,4585.83154296875,220.9674072265625,601.2318115234375,1722.1082763671875,352.6744689941406,0.0,482.7110290527344,0.031573984771966934,3.446716547012329,36.40100860595703,0.0,0.0,0.0,240.66468811035156,240.66468811035156,112.6468505859375,138.83084106445312,96.98312377929688,0.0,0.0,0.0,112.6468505859375,138.83084106445312,96.98312377929688,0.0,0.0,0.0,10.92164134979248,18.58045768737793,6.340002059936523,0.0,0.0,0.0
152.0,41.453182220458984,33310.75,3581.070068359375,16609.9140625,13119.7666015625,3558.806396484375,21.418359756469727,0.0,12592.2373046875,0.08011338114738464,21.30120277404785,1.0263956785202026,4.560396194458008,3.984074115753174,1.6165337562561035,2.6226818561553955,5.3877081871032715,0.0010426094522699714,0.29609444737434387,0.5769394040107727,0.0,0.0,0.0,0.0,4670.76708984375,225.06031799316406,609.9882202148438,1769.3541259765625,282.939453125,0.0,612.6615600585938,0.040071263909339905,17.76566505432129,51.405303955078125,0.0,0.0,0.0,241.88412475585938,241.88412475585938,149.7938690185547,168.51315307617188,131.19644165039062,0.0,0.0,0.0,149.7938690185547,168.51315307617188,131.19644165039062,0.0,0.0,0.0,22.396347045898438,27.87173843383789,16.956600189208984,0.0,0.0,0.0
153.0,41.55619430541992,33367.234375,3581.070068359375,16666.400390625,13119.7666015625,3558.806396484375,21.45368003845215,0.07287990301847458,12594.658203125,0.08011546730995178,21.301488876342773,1.0264229774475098,4.644406318664551,3.9873006343841553,1.6165337562561035,2.6226818561553955,5.403167247772217,0.0010426094522699714,0.29609444737434387,0.5769394040107727,0.0,0.0,0.0,0.0,4665.90576171875,224.82904052734375,620.1649780273438,357.32012939453125,289.99346923828125,0.0,2012.7032470703125,0.2780238389968872,17.76566505432129,51.405303955078125,0.0,0.0,0.0,243.13072204589844,243.13072204589844,169.83932495117188,187.69635009765625,166.3849334716797,0.0,0.0,0.0,169.83932495117188,187.69635009765625,166.3849334716797,0.0,0.0,0.0,28.151443481445312,33.3746223449707,27.141033172607422,0.0,0.0,0.0
154.0,41.64836120605469,33481.05859375,3581.070068359375,16780.224609375,13119.7666015625,3558.806396484375,21.237852096557617,0.37054353952407837,12763.04296875,0.08011595904827118,21.301557540893555,1.026429295539856,4.731509685516357,3.9881556034088135,1.6165337562561035,2.6226818561553955,5.407303333282471,0.0010426094522699714,0.29609444737434387,0.5769394040107727,0.0,0.0,0.0,0.0,4678.8232421875,225.45211791992188,632.4921264648438,503.0840148925781,366.8996887207031,0.0,1876.3421630859375,0.239503413438797,17.76566505432129,51.405303955078125,0.0,0.0,0.0,244.4132537841797,244.4132537841797,169.89756774902344,184.92486572265625,165.97933959960938,0.0,0.0,0.0,169.89756774902344,184.92486572265625,165.97933959960938,0.0,0.0,0.0,28.086641311645508,32.48212814331055,26.940563201904297,0.0,0.0,0.0
155.0,42.04869842529297,33683.4921875,3581.070068359375,16982.654296875,13119.7666015625,3558.806396484375,20.942951202392578,0.0,13015.6494140625,0.08011739701032639,21.301753997802734,1.026448369026184,5.115543365478516,3.9907736778259277,1.6165337562561035,2.6226818561553955,5.420769214630127,0.0010426094522699714,0.29609444737434387,0.5769394040107727,0.0,0.0,0.0,0.0,4654.55810546875,224.28497314453125,678.6168212890625,1717.0118408203125,638.8380737304688,0.0,538.8114013671875,0.035159021615982056,17.76566505432129,51.405303955078125,0.0,0.0,0.0,245.74005126953125,245.74005126953125,137.94851684570312,162.77964782714844,136.03407287597656,0.0,0.0,0.0,137.94851684570312,162.77964782714844,136.03407287597656,0.0,0.0,0.0,19.4069881439209,26.670093536376953,18.847013473510742,0.0,0.0,0.0
156.0,42.38886642456055,33749.41015625,3581.070068359375,17048.57421875,13119.7666015625,3558.806396484375,20.394763946533203,0.12845772504806519,13383.1513671875,0.08011845499277115,21.301898956298828,1.026462435722351,5.437792778015137,3.9927423000335693,1.6165337562561035,2.6226818561553955,5.436560153961182,0.0010426094522699714,0.29609444737434387,0.5769394040107727,0.0,0.0,0.0,0.0,4668.9814453125,224.98155212402344,720.8999633789062,1704.0433349609375,847.4365844726562,0.0,531.9478149414062,0.034672681242227554,17.76566505432129,51.405303955078125,0.0,0.0,0.0,247.11282348632812,247.11282348632812,129.7437744140625,150.82080078125,132.00547790527344,0.0,0.0,0.0,129.7437744140625,150.82080078125,132.00547790527344,0.0,0.0,0.0,17.42683219909668,23.59186363220215,18.088382720947266,0.0,0.0,0.0
157.0,42.570919036865234,33907.44921875,3581.070068359375,17072.67578125,13253.7041015625,3558.806396484375,19.693347930908203,0.0,13911.9755859375,0.08011896908283234,21.301969528198242,1.0264692306518555,5.608364105224609,3.993713140487671,1.6165337562561035,2.6226818561553955,5.446990966796875,0.0010426094522699714,0.29609444737434387,0.5769394040107727,0.0,0.0,0.0,0.0,4720.091796875,227.44512939453125,748.4061889648438,1745.7947998046875,1050.72119140625,0.0,580.9231567382812,0.03783721849322319,8.882832527160645,39.981903076171875,0.0,0.0,0.0,248.5287628173828,248.5287628173828,99.96614074707031,122.98431396484375,94.01506042480469,0.0,0.0,0.0,99.96614074707031,122.98431396484375,94.01506042480469,0.0,0.0,0.0,9.546748161315918,16.279563903808594,7.806057453155518,0.0,0.0,0.0
158.0,42.65393829345703,34138.546875,3581.070068359375,17080.30078125,13477.173828125,3558.806396484375,19.68285369873047,0.0,14013.6669921875,0.08011918514966965,21.302000045776367,1.0264722108840942,5.685585975646973,3.994131326675415,1.6165337562561035,2.6226818561553955,5.452338695526123,0.0010426094522699714,0.29609444737434387,0.5769394040107727,0.0,0.0,0.0,0.0,4735.56298828125,228.1909637451172,760.008544921875,1755.797119140625,1052.377685546875,0.0,608.5128784179688,0.03961934521794319,8.882832527160645,39.981903076171875,0.0,0.0,0.0,249.95657348632812,249.95657348632812,92.16053009033203,132.41062927246094,109.30091857910156,0.0,0.0,0.0,92.16053009033203,132.41062927246094,109.30091857910156,0.0,0.0,0.0,7.274102687835693,19.04725456237793,12.287666320800781,0.0,0.0,0.0
159.0,42.68825149536133,34185.3125,3581.070068359375,17082.712890625,13521.52734375,3558.806396484375,20.309005737304688,0.0,13613.2333984375,0.08011926710605621,21.302011489868164,1.0264732837677002,5.716728687286377,3.9949464797973633,1.6165337562561035,2.6226818561553955,5.454679012298584,0.0010426094522699714,0.29609444737434387,0.5769394040107727,0.0,0.0,0.0,0.0,4695.89111328125,226.2794189453125,759.15283203125,1735.7130126953125,872.341064453125,0.0,579.9552001953125,0.03775380924344063,8.882832527160645,39.981903076171875,0.0,0.0,0.0,251.35231018066406,251.35231018066406,126.0236587524414,138.6516571044922,120.17078399658203,0.0,0.0,0.0,126.0236587524414,138.6516571044922,120.17078399658203,0.0,0.0,0.0,16.55291175842285,20.24660301208496,14.840949058532715,0.0,0.0,0.0
160.0,42.70165252685547,34187.3984375,3581.070068359375,17084.80078125,13521.52734375,3558.806396484375,20.294206619262695,0.0,13625.7158203125,0.0801192969083786,21.302013397216797,1.0264736413955688,5.725802898406982,3.998553514480591,1.6165337562561035,2.6226818561553955,5.455395221710205,0.0010426094522699714,0.29609444737434387,0.5769394040107727,0.0,0.0,0.0,0.0,4768.10986328125,229.75946044921875,768.772705078125,1814.724609375,543.537109375,0.0,751.46630859375,0.048916418105363846,8.882832527160645,39.981903076171875,0.0,0.0,0.0,252.71151733398438,252.71151733398438,125.49375915527344,143.75975036621094,129.55931091308594,0.0,0.0,0.0,125.49375915527344,143.75975036621094,129.55931091308594,0.0,0.0,0.0,16.412717819213867,21.755523681640625,17.601892471313477,0.0,0.0,0.0
161.0,42.71155548095703,34191.1171875,3581.070068359375,17088.521484375,13521.52734375,3558.806396484375,21.25819969177246,0.0,13028.201171875,0.0801193043589592,21.30201530456543,1.0264737606048584,5.730175495147705,4.003414154052734,1.6165337562561035,2.6226818561553955,5.456064701080322,0.0010426094522699714,0.29609444737434387,0.5769394040107727,0.0,0.0,0.0,0.0,4685.48681640625,225.7781219482422,759.36474609375,1763.95068359375,383.7127685546875,0.0,654.2765502929688,0.042587850242853165,8.882832527160645,39.981903076171875,0.0,0.0,0.0,254.0452880859375,254.0452880859375,118.09991455078125,137.2322540283203,118.03876495361328,0.0,0.0,0.0,118.09991455078125,137.2322540283203,118.03876495361328,0.0,0.0,0.0,13.28602409362793,18.882234573364258,13.268136978149414,0.0,0.0,0.0
162.0,42.72061538696289,34194.79296875,3581.070068359375,17092.1953125,13521.52734375,3558.806396484375,21.520769119262695,0.0,12877.1005859375,0.0801193118095398,21.302017211914062,1.026473879814148,5.732639312744141,4.007235527038574,1.6165337562561035,2.6226818561553955,5.458837509155273,0.0010426094522699714,0.29609444737434387,0.5769394040107727,0.0,0.0,0.0,0.0,4659.8486328125,224.54270935058594,756.5538940429688,1747.1671142578125,362.3170471191406,0.0,619.07861328125,0.04028881713747978,8.882832527160645,39.981903076171875,0.0,0.0,0.0,255.3306121826172,255.3306121826172,88.9002456665039,127.2839584350586,114.66646575927734,0.0,0.0,0.0,88.9002456665039,127.2839584350586,114.66646575927734,0.0,0.0,0.0,4.482553005218506,15.709789276123047,12.019171714782715,0.0,0.0,0.0
163.0,42.73041915893555,34197.984375,3581.070068359375,17095.38671875,13521.52734375,3558.806396484375,21.8337459564209,0.0,12700.962890625,0.08011931926012039,21.302017211914062,1.026473879814148,5.734500408172607,4.010785102844238,1.6165337562561035,2.6226818561553955,5.463231086730957,0.0010426094522699714,0.29609444737434387,0.5769394040107727,0.0,0.0,0.0,0.0,4626.46533203125,222.93409729003906,752.7444458007812,1723.591796875,353.9674377441406,0.0,569.9088134765625,0.037077438086271286,8.882832527160645,39.981903076171875,0.0,0.0,0.0,256.5874938964844,256.5874938964844,126.31165313720703,140.5834503173828,110.8545913696289,0.0,0.0,0.0,126.31165313720703,140.5834503173828,110.8545913696289,0.0,0.0,0.0,15.11241340637207,19.286911010742188,10.591222763061523,0.0,0.0,0.0
164.0,42.73688888549805,34205.57421875,3581.070068359375,17102.978515625,13521.52734375,3558.806396484375,21.21634864807129,0.0,13064.1455078125,0.08011931926012039,21.302017211914062,1.026473879814148,5.734820365905762,4.0123772621154785,1.6165337562561035,2.6226818561553955,5.467788219451904,0.0010426094522699714,0.29609444737434387,0.5769394040107727,0.0,0.0,0.0,0.0,4712.7890625,227.09375,763.0302734375,1773.433837890625,284.00164794921875,0.0,712.330810546875,0.046328261494636536,17.76566505432129,51.405303955078125,0.0,0.0,0.0,257.8364562988281,257.8364562988281,156.42063903808594,169.9223175048828,131.7632598876953,0.0,0.0,0.0,156.42063903808594,169.9223175048828,131.7632598876953,0.0,0.0,0.0,24.53668785095215,28.48592758178711,17.32440757751465,0.0,0.0,0.0
165.0,42.764163970947266,34219.390625,3581.070068359375,17116.79296875,13521.52734375,3558.806396484375,21.223901748657227,0.3066881000995636,13066.650390625,0.08011931926012039,21.302017211914062,1.026473879814148,5.735721588134766,4.018856048583984,1.6165337562561035,2.6226818561553955,5.487682342529297,0.0010426094522699714,0.29609444737434387,0.5769394040107727,0.0,0.0,0.0,0.0,4711.21240234375,227.01776123046875,762.9059448242188,557.943603515625,291.1981506347656,0.0,1922.59814453125,0.25865718722343445,17.76566505432129,51.405303955078125,0.0,0.0,0.0,259.11541748046875,259.11541748046875,170.67782592773438,186.19764709472656,165.5303955078125,0.0,0.0,0.0,170.67782592773438,186.19764709472656,165.5303955078125,0.0,0.0,0.0,28.39267349243164,32.93222427368164,26.88705062866211,0.0,0.0,0.0
166.0,42.78736114501953,34224.203125,3581.070068359375,17121.60546875,13521.52734375,3558.806396484375,20.941659927368164,0.49287572503089905,13241.33203125,0.08011931926012039,21.302017211914062,1.026473879814148,5.736362934112549,4.025252819061279,1.6165337562561035,2.6226818561553955,5.503843784332275,0.0010426094522699714,0.29609444737434387,0.5769394040107727,0.0,0.0,0.0,0.0,4728.171875,227.8350067138672,764.986083984375,562.7565307617188,368.5956726074219,0.0,1936.87451171875,0.26096099615097046,17.76566505432129,51.405303955078125,0.0,0.0,0.0,260.4305725097656,260.4305725097656,171.0460662841797,184.98095703125,168.02755737304688,0.0,0.0,0.0,171.0460662841797,184.98095703125,168.02755737304688,0.0,0.0,0.0,28.596437454223633,32.672393798828125,27.71352195739746,0.0,0.0,0.0
167.0,42.800933837890625,34226.48828125,3581.070068359375,17123.892578125,13521.52734375,3558.806396484375,20.527788162231445,0.0,13503.404296875,0.08011931926012039,21.302017211914062,1.0264739990234375,5.73666524887085,4.028989315032959,1.6165337562561035,2.6226818561553955,5.513376235961914,0.0010426094522699714,0.29609444737434387,0.5769394040107727,0.0,0.0,0.0,0.0,4719.19140625,227.4022674560547,763.9830932617188,1758.8587646484375,642.962646484375,0.0,652.2026977539062,0.0422825925052166,17.76566505432129,51.405303955078125,0.0,0.0,0.0,261.7947692871094,261.7947692871094,136.93385314941406,165.06307983398438,134.2793426513672,0.0,0.0,0.0,136.93385314941406,165.06307983398438,134.2793426513672,0.0,0.0,0.0,19.525362014770508,27.75316047668457,18.748920440673828,0.0,0.0,0.0
168.0,42.807640075683594,34231.95703125,3581.070068359375,17129.359375,13521.52734375,3558.806396484375,19.97779655456543,0.0,13868.7041015625,0.08011931926012039,21.302017211914062,1.0264739990234375,5.73671293258667,4.0296502113342285,1.6165337562561035,2.6226818561553955,5.519375324249268,0.0010426094522699714,0.29609444737434387,0.5769394040107727,0.0,0.0,0.0,0.0,4743.65283203125,228.5809783935547,766.92236328125,1763.8580322265625,853.9254760742188,0.0,652.307373046875,0.042271651327610016,17.76566505432129,51.405303955078125,0.0,0.0,0.0,263.20660400390625,263.20660400390625,132.90158081054688,153.79617309570312,130.41514587402344,0.0,0.0,0.0,132.90158081054688,153.79617309570312,130.41514587402344,0.0,0.0,0.0,18.895915985107422,25.00758171081543,18.16863250732422,0.0,0.0,0.0
169.0,42.82794189453125,34376.4375,3581.070068359375,17142.76171875,13652.60546875,3558.806396484375,19.2812557220459,0.0,14416.7060546875,0.08011931926012039,21.302017211914062,1.0264739990234375,5.736781120300293,4.0306572914123535,1.6165337562561035,2.6226818561553955,5.538599491119385,0.0010426094522699714,0.29609444737434387,0.5769394040107727,0.0,0.0,0.0,0.0,4803.03125,231.44223022460938,774.0303955078125,1818.332763671875,1059.7109375,0.0,710.6649780273438,0.045992106199264526,8.882832527160645,39.981903076171875,0.0,0.0,0.0,264.6663513183594,264.6663513183594,108.33911895751953,126.73416137695312,80.95699310302734,0.0,0.0,0.0,108.33911895751953,126.73416137695312,80.95699310302734,0.0,0.0,0.0,12.407936096191406,17.78848648071289,4.398665428161621,0.0,0.0,0.0
170.0,42.857521057128906,34614.39453125,3581.070068359375,17152.978515625,13880.3466796875,3558.806396484375,19.272912979125977,0.0,14522.0849609375,0.08011931926012039,21.302017211914062,1.0264739990234375,5.736860275268555,4.0318474769592285,1.6165337562561035,2.6226818561553955,5.56690788269043,0.0010426094522699714,0.29609444737434387,0.5769394040107727,0.0,0.0,0.0,0.0,4821.94482421875,232.35360717773438,776.2439575195312,1833.60009765625,1061.781005859375,0.0,740.7915649414062,0.04784826189279556,8.882832527160645,39.981903076171875,0.0,0.0,0.0,266.14276123046875,266.14276123046875,99.81369018554688,136.20285034179688,109.19896697998047,0.0,0.0,0.0,99.81369018554688,136.20285034179688,109.19896697998047,0.0,0.0,0.0,9.922591209411621,20.56641960144043,12.667784690856934,0.0,0.0,0.0
171.0,42.877655029296875,34662.8125,3581.070068359375,17156.212890625,13925.53125,3558.806396484375,19.887052536010742,0.0,14107.1220703125,0.08011931926012039,21.302017211914062,1.0264739990234375,5.7369065284729,4.033492088317871,1.6165337562561035,2.6226818561553955,5.585352897644043,0.0010426094522699714,0.29609444737434387,0.5769394040107727,0.0,0.0,0.0,0.0,4781.9599609375,230.4268798828125,771.3616943359375,1813.4512939453125,880.1534423828125,0.0,708.4081420898438,0.04569864273071289,8.882832527160645,39.981903076171875,0.0,0.0,0.0,267.58856201171875,267.58856201171875,116.92755889892578,139.59727478027344,117.14594268798828,0.0,0.0,0.0,116.92755889892578,139.59727478027344,117.14594268798828,0.0,0.0,0.0,14.314258575439453,20.945148468017578,14.378135681152344,0.0,0.0,0.0
172.0,42.88743591308594,34666.33203125,3581.070068359375,17159.73046875,13925.53125,3558.806396484375,19.873363494873047,0.0,14120.0498046875,0.08011931926012039,21.302017211914062,1.0264739990234375,5.736917972564697,4.037938594818115,1.6165337562561035,2.6226818561553955,5.5906758308410645,0.0010426094522699714,0.29609444737434387,0.5769394040107727,0.0,0.0,0.0,0.0,4852.94873046875,233.84759521484375,780.1723022460938,1893.6138916015625,548.2626953125,0.0,880.01513671875,0.05674846097826958,8.882832527160645,44.170265197753906,0.0,0.0,0.0,268.9981689453125,268.9981689453125,128.89041137695312,148.4479217529297,126.78699493408203,0.0,0.0,0.0,128.89041137695312,148.4479217529297,126.78699493408203,0.0,0.0,0.0,17.82708168029785,23.54765510559082,17.211833953857422,0.0,0.0,0.0
173.0,42.9007682800293,34673.92578125,3581.070068359375,17167.32421875,13925.53125,3558.806396484375,20.82044792175293,0.0,13500.8447265625,0.08011931926012039,21.302017211914062,1.0264739990234375,5.736926078796387,4.04310417175293,1.6165337562561035,2.6226818561553955,5.59883451461792,0.0010426094522699714,0.29609444737434387,0.5769394040107727,0.0,0.0,0.0,0.0,4771.53173828125,229.9243621826172,769.843017578125,1839.6954345703125,387.15643310546875,0.0,776.4366455078125,0.050040554255247116,8.882832527160645,39.981903076171875,0.0,0.0,0.0,270.38238525390625,270.38238525390625,85.13528442382812,141.33128356933594,124.14817810058594,0.0,0.0,0.0,85.13528442382812,141.33128356933594,124.14817810058594,0.0,0.0,0.0,4.0816216468811035,20.518953323364258,15.492894172668457,0.0,0.0,0.0
174.0,42.91864013671875,34683.6484375,3581.070068359375,17177.046875,13925.53125,3558.806396484375,21.081462860107422,0.0,13344.2666015625,0.08011931926012039,21.302017211914062,1.0264739990234375,5.736931324005127,4.047365665435791,1.6165337562561035,2.6226818561553955,5.612438201904297,0.0010426094522699714,0.29609444737434387,0.5769394040107727,0.0,0.0,0.0,0.0,4745.05419921875,228.6485137939453,766.6159057617188,1822.37939453125,365.5459899902344,0.0,739.5433349609375,0.04761749505996704,8.882832527160645,39.981903076171875,0.0,0.0,0.0,271.7167663574219,271.7167663574219,116.1732177734375,129.00531005859375,113.8885726928711,0.0,0.0,0.0,116.1732177734375,129.00531005859375,113.8885726928711,0.0,0.0,0.0,12.899205207824707,16.6525936126709,12.230945587158203,0.0,0.0,0.0
175.0,42.94392013549805,34692.93359375,3581.070068359375,17186.333984375,13925.53125,3558.806396484375,21.392061233520508,0.0,13161.7275390625,0.08011931926012039,21.302017211914062,1.0264739990234375,5.736937046051025,4.0521440505981445,1.6165337562561035,2.6226818561553955,5.632934093475342,0.0010426094522699714,0.29609444737434387,0.5769394040107727,0.0,0.0,0.0,0.0,4710.52685546875,226.9847412109375,762.4318237304688,1798.3612060546875,357.09063720703125,0.0,688.1349487304688,0.044244494289159775,8.882832527160645,39.981903076171875,0.0,0.0,0.0,273.0232238769531,273.0232238769531,115.65837860107422,143.15701293945312,119.26982116699219,0.0,0.0,0.0,115.65837860107422,143.15701293945312,119.26982116699219,0.0,0.0,0.0,12.438014030456543,20.481367111206055,13.494361877441406,0.0,0.0,0.0
176.0,42.96171188354492,34704.5625,3581.070068359375,17197.9609375,13925.53125,3558.806396484375,20.789052963256836,0.0,13538.072265625,0.08011931926012039,21.302017211914062,1.0264739990234375,5.7369384765625,4.054557800292969,1.6165337562561035,2.6226818561553955,5.648311614990234,0.0010426094522699714,0.29609444737434387,0.5769394040107727,0.0,0.0,0.0,0.0,4799.9638671875,231.29443359375,773.0474853515625,615.5659790039062,286.5776672363281,0.0,2068.734130859375,0.28052467107772827,17.76566505432129,51.405303955078125,0.0,0.0,0.0,274.324951171875,274.324951171875,162.88836669921875,183.5349884033203,159.48301696777344,0.0,0.0,0.0,162.88836669921875,183.5349884033203,159.48301696777344,0.0,0.0,0.0,26.855792999267578,32.89493179321289,25.859729766845703,0.0,0.0,0.0
177.0,43.002349853515625,34723.3125,3581.070068359375,17216.712890625,13925.53125,3558.806396484375,20.79933738708496,0.0,13540.662109375,0.08011931926012039,21.302017211914062,1.0264739990234375,5.736940860748291,4.059655666351318,1.6165337562561035,2.6226818561553955,5.683848857879639,0.0010426094522699714,0.29609444737434387,0.5769394040107727,0.0,0.0,0.0,0.0,4798.3603515625,231.2171630859375,772.8035888671875,1612.759033203125,293.839111328125,0.0,1066.8193359375,0.06835119426250458,17.76566505432129,51.405303955078125,0.0,0.0,0.0,275.66693115234375,275.66693115234375,152.3141326904297,172.74945068359375,126.59095764160156,0.0,0.0,0.0,152.3141326904297,172.74945068359375,126.59095764160156,0.0,0.0,0.0,23.752544403076172,29.729875564575195,16.228515625,0.0,0.0,0.0
178.0,43.03498458862305,34729.24609375,3581.070068359375,17222.64453125,13925.53125,3558.806396484375,20.52317237854004,0.0,13721.685546875,0.08011931926012039,21.302017211914062,1.0264739990234375,5.736942768096924,4.063658714294434,1.6165337562561035,2.6226818561553955,5.712478160858154,0.0010426094522699714,0.29609444737434387,0.5769394040107727,0.0,0.0,0.0,0.0,4815.4736328125,232.0417938232422,774.8826904296875,1617.3524169921875,371.9348449707031,0.0,1084.113525390625,0.06932222843170166,18.107175827026367,51.61568069458008,0.0,0.0,0.0,277.0473327636719,277.0473327636719,146.91017150878906,171.49952697753906,131.93077087402344,0.0,0.0,0.0,146.91017150878906,171.49952697753906,131.93077087402344,0.0,0.0,0.0,22.44805335998535,29.640438079833984,18.066579818725586,0.0,0.0,0.0
179.0,43.05156707763672,34731.125,3581.070068359375,17224.5234375,13925.53125,3558.806396484375,20.117050170898438,0.5095533132553101,13993.2548828125,0.08011931926012039,21.302017211914062,1.0264739990234375,5.73694372177124,4.065596580505371,1.6165337562561035,2.6226818561553955,5.727122783660889,0.0010426094522699714,0.29609444737434387,0.5769394040107727,0.0,0.0,0.0,0.0,4806.7548828125,231.6216583251953,773.8231811523438,1836.3536376953125,648.8140869140625,0.0,780.4945678710938,0.04985739663243294,17.76566505432129,51.405303955078125,0.0,0.0,0.0,278.4792785644531,278.4792785644531,147.46929931640625,162.04269409179688,143.2736358642578,0.0,0.0,0.0,147.46929931640625,162.04269409179688,143.2736358642578,0.0,0.0,0.0,22.508169174194336,26.770885467529297,21.280933380126953,0.0,0.0,0.0
180.0,43.05879211425781,34733.03125,3581.070068359375,17226.431640625,13925.53125,3558.806396484375,19.59734535217285,0.0,14356.34765625,0.08011931926012039,21.302017211914062,1.0264739990234375,5.73694372177124,4.0660929679870605,1.6165337562561035,2.6226818561553955,5.733852863311768,0.0010426094522699714,0.29609444737434387,0.5769394040107727,0.0,0.0,0.0,0.0,4829.26220703125,232.7062225341797,776.5302124023438,1840.9510498046875,861.5010375976562,0.0,779.9998779296875,0.04980270937085152,17.76566505432129,51.405303955078125,0.0,0.0,0.0,279.96209716796875,279.96209716796875,130.6475830078125,154.66957092285156,129.71685791015625,0.0,0.0,0.0,130.6475830078125,154.66957092285156,129.71685791015625,0.0,0.0,0.0,18.6170711517334,25.643505096435547,18.344837188720703,0.0,0.0,0.0
181.0,43.06653594970703,34870.71484375,3581.070068359375,17236.19140625,14053.455078125,3558.806396484375,18.90869903564453,0.0,14923.6103515625,0.08011931926012039,21.302017211914062,1.0264739990234375,5.73694372177124,4.066257476806641,1.6165337562561035,2.6226818561553955,5.741429805755615,0.0010426094522699714,0.29609444737434387,0.5769394040107727,0.0,0.0,0.0,0.0,4886.43896484375,235.46136474609375,783.8915405273438,1899.9088134765625,1068.7265625,0.0,844.245849609375,0.05387668311595917,8.882832527160645,43.126285552978516,0.0,0.0,0.0,281.4934997558594,281.4934997558594,113.9631118774414,128.9535369873047,88.53740692138672,0.0,0.0,0.0,113.9631118774414,128.9535369873047,88.53740692138672,0.0,0.0,0.0,14.425512313842773,18.810209274291992,6.988493919372559,0.0,0.0,0.0
182.0,43.097267150878906,35124.91796875,3581.070068359375,17258.517578125,14285.328125,3558.806396484375,18.907358169555664,0.0,15032.69140625,0.08011931926012039,21.302017211914062,1.0264739990234375,5.73694372177124,4.067569732666016,1.6165337562561035,2.6226818561553955,5.770852088928223,0.0010426094522699714,0.29609444737434387,0.5769394040107727,0.0,0.0,0.0,0.0,4903.23291015625,236.27061462402344,786.1708984375,1915.630615234375,1070.5103759765625,0.0,876.2127685546875,0.05580491945147514,8.882832527160645,45.693603515625,0.0,0.0,0.0,283.0440368652344,283.0440368652344,117.99617004394531,141.5206298828125,102.6934585571289,0.0,0.0,0.0,117.99617004394531,141.5206298828125,102.6934585571289,0.0,0.0,0.0,15.606520652770996,22.4874267578125,11.130477905273438,0.0,0.0,0.0
183.0,43.14969253540039,35193.91015625,3581.070068359375,17281.5234375,14331.31640625,3558.806396484375,19.521381378173828,0.0,14603.126953125,0.08011931926012039,21.302017211914062,1.0264739990234375,5.736944198608398,4.070631504058838,1.6165337562561035,2.6226818561553955,5.820212364196777,0.0010426094522699714,0.29609444737434387,0.5769394040107727,0.0,0.0,0.0,0.0,4865.7666015625,234.46524047851562,781.0968017578125,1893.717041015625,887.7151489257812,0.0,838.2814331054688,0.0532103069126606,8.882832527160645,41.81694793701172,0.0,0.0,0.0,284.56341552734375,284.56341552734375,126.65303802490234,144.23385620117188,128.7552032470703,0.0,0.0,0.0,126.65303802490234,144.23385620117188,128.7552032470703,0.0,0.0,0.0,17.524633407592773,22.667020797729492,18.13951301574707,0.0,0.0,0.0
184.0,43.19905090332031,35209.8828125,3581.070068359375,17297.49609375,14331.31640625,3558.806396484375,19.514867782592773,0.0,14616.501953125,0.08011931926012039,21.302017211914062,1.0264739990234375,5.736944198608398,4.0801286697387695,1.6165337562561035,2.6226818561553955,5.860074043273926,0.0010426094522699714,0.29609444737434387,0.5769394040107727,0.0,0.0,0.0,0.0,4929.0634765625,237.51531982421875,790.1895141601562,1950.5562744140625,552.4053955078125,0.0,1037.28173828125,0.06566647440195084,13.588651657104492,48.65380859375,0.0,0.0,0.0,286.048095703125,286.048095703125,106.80108642578125,151.1036376953125,122.0662612915039,0.0,0.0,0.0,106.80108642578125,151.1036376953125,122.0662612915039,0.0,0.0,0.0,11.724449157714844,24.682947158813477,16.189512252807617,0.0,0.0,0.0
185.0,43.23950958251953,35223.13671875,3581.070068359375,17310.75,14331.31640625,3558.806396484375,20.44891929626465,0.0,13975.521484375,0.08011931926012039,21.302017211914062,1.0264739990234375,5.736944198608398,4.088644027709961,1.6165337562561035,2.6226818561553955,5.8920159339904785,0.0010426094522699714,0.29609444737434387,0.5769394040107727,0.0,0.0,0.0,0.0,4851.2001953125,233.76333618164062,779.4819946289062,1919.4984130859375,390.2965393066406,0.0,897.2931518554688,0.05668048560619354,8.882832527160645,45.63727951049805,0.0,0.0,0.0,287.5066223144531,287.5066223144531,71.4534683227539,143.83984375,110.89057159423828,0.0,0.0,0.0,71.4534683227539,143.83984375,110.89057159423828,0.0,0.0,0.0,0.4512212872505188,21.62423324584961,11.986572265625,0.0,0.0,0.0
186.0,43.273887634277344,35236.578125,3581.070068359375,17324.193359375,14331.31640625,3558.806396484375,20.7076416015625,0.0,13813.4326171875,0.08011931926012039,21.302017211914062,1.0264739990234375,5.736944198608398,4.094067096710205,1.6165337562561035,2.6226818561553955,5.920971393585205,0.0010426094522699714,0.29609444737434387,0.5769394040107727,0.0,0.0,0.0,0.0,4827.34619140625,232.6138916015625,776.1373291015625,1901.7418212890625,368.6426696777344,0.0,858.3984985351562,0.05411583185195923,8.882832527160645,41.71114730834961,0.0,0.0,0.0,288.9088439941406,288.9088439941406,106.09854125976562,131.14646911621094,80.38348388671875,0.0,0.0,0.0,106.09854125976562,131.14646911621094,80.38348388671875,0.0,0.0,0.0,10.32618236541748,17.65270233154297,2.804527521133423,0.0,0.0,0.0
187.0,43.30997085571289,35248.14453125,3581.070068359375,17335.7578125,14331.31640625,3591.771728515625,21.014293670654297,0.0,13624.4736328125,0.08011931926012039,21.302017211914062,1.0264739990234375,5.736944198608398,4.099353790283203,1.6165337562561035,2.6226818561553955,5.951771259307861,0.0010426094522699714,0.29609444737434387,0.5769394040107727,0.0,0.0,0.0,0.0,4794.7763671875,231.04444885253906,771.8036499023438,1875.18359375,360.2204284667969,0.0,804.9400024414062,0.05063949525356293,8.882832527160645,39.981903076171875,0.0,0.0,0.0,290.2745361328125,290.2745361328125,116.07461547851562,145.57162475585938,129.8816375732422,0.0,0.0,0.0,116.07461547851562,145.57162475585938,129.8816375732422,0.0,0.0,0.0,12.937530517578125,21.565406799316406,16.976083755493164,0.0,0.0,0.0
188.0,43.333587646484375,35262.515625,3581.070068359375,17350.130859375,14331.31640625,3591.771728515625,20.422950744628906,0.0,14014.046875,0.08011931926012039,21.302017211914062,1.0264739990234375,5.736944198608398,4.104203224182129,1.6165337562561035,2.6226818561553955,5.9705352783203125,0.0010426094522699714,0.29609444737434387,0.5769394040107727,0.0,0.0,0.0,0.0,4875.14013671875,234.9169158935547,782.7854614257812,826.7035522460938,288.7337951660156,0.0,2057.138427734375,0.13916486501693726,25.809219360351562,56.564151763916016,0.0,0.0,0.0,291.63592529296875,291.63592529296875,127.55950927734375,184.1779327392578,124.63185119628906,0.0,0.0,0.0,127.55950927734375,184.1779327392578,124.63185119628906,0.0,0.0,0.0,16.888206481933594,33.449092864990234,16.0318660736084,0.0,0.0,0.0
189.0,43.38426208496094,35287.58984375,3581.070068359375,17375.203125,14331.31640625,3591.771728515625,20.43659210205078,0.0,14016.7216796875,0.08011931926012039,21.302017211914062,1.0264739990234375,5.736944198608398,4.118800640106201,1.6165337562561035,2.6226818561553955,6.006612777709961,0.0010426094522699714,0.29609444737434387,0.5769394040107727,0.0,0.0,0.0,0.0,4873.7197265625,234.8484649658203,782.531494140625,825.0613403320312,296.0570373535156,0.0,2053.8515625,0.13613522052764893,25.65586280822754,56.463130950927734,0.0,0.0,0.0,293.0438537597656,293.0438537597656,157.24588012695312,184.33580017089844,141.44552612304688,0.0,0.0,0.0,157.24588012695312,184.33580017089844,141.44552612304688,0.0,0.0,0.0,25.557828903198242,33.481632232666016,20.93622589111328,0.0,0.0,0.0
190.0,43.43181610107422,35298.88671875,3581.070068359375,17386.5,14331.31640625,3591.771728515625,20.1680850982666,0.0,14204.0947265625,0.08011931926012039,21.302017211914062,1.0264739990234375,5.736944198608398,4.134030818939209,1.6165337562561035,2.6226818561553955,6.038937091827393,0.0010426094522699714,0.29609444737434387,0.5769394040107727,0.0,0.0,0.0,0.0,4890.17578125,235.64144897460938,784.6876220703125,831.9873657226562,374.70294189453125,0.0,2071.98828125,0.13921599090099335,26.64849853515625,57.11700439453125,0.0,0.0,0.0,294.49090576171875,294.49090576171875,139.2761993408203,183.32815551757812,135.91802978515625,0.0,0.0,0.0,139.2761993408203,183.32815551757812,135.91802978515625,0.0,0.0,0.0,20.57020378112793,33.45539855957031,19.587940216064453,0.0,0.0,0.0
191.0,43.458778381347656,35302.4609375,3581.070068359375,17390.076171875,14331.31640625,3591.771728515625,19.769630432128906,0.0,14485.2109375,0.08011931926012039,21.302017211914062,1.0264739990234375,5.736944198608398,4.142396926879883,1.6165337562561035,2.6226818561553955,6.057533264160156,0.0010426094522699714,0.29609444737434387,0.5769394040107727,0.0,0.0,0.0,0.0,4884.8857421875,235.38653564453125,783.6103515625,908.8470458984375,653.918212890625,0.0,1914.2305908203125,0.1195685938000679,24.34638214111328,55.600547790527344,0.0,0.0,0.0,295.9884948730469,295.9884948730469,149.34812927246094,179.20372009277344,147.8614959716797,0.0,0.0,0.0,149.34812927246094,179.20372009277344,147.8614959716797,0.0,0.0,0.0,23.914695739746094,32.6474609375,23.479860305786133,0.0,0.0,0.0
192.0,43.4710807800293,35310.76953125,3581.070068359375,17398.3828125,14331.31640625,3591.771728515625,19.28203773498535,0.0,14846.0830078125,0.08011931926012039,21.302017211914062,1.0264739990234375,5.736944198608398,4.144021987915039,1.6165337562561035,2.6226818561553955,6.068209171295166,0.0010426094522699714,0.29609444737434387,0.5769394040107727,0.0,0.0,0.0,0.0,4943.4970703125,238.21080017089844,791.7033081054688,1960.6641845703125,657.7396850585938,0.0,1026.8251953125,0.06409258395433426,26.64849853515625,57.11700439453125,0.0,0.0,0.0,297.5390319824219,297.5390319824219,127.51166534423828,157.48544311523438,136.63893127441406,0.0,0.0,0.0,127.51166534423828,157.48544311523438,136.63893127441406,0.0,0.0,0.0,18.01512336730957,26.782451629638672,20.684850692749023,0.0,0.0,0.0
193.0,43.50251388549805,35452.01171875,3581.070068359375,17414.896484375,14456.046875,3591.771728515625,18.604568481445312,0.0,15432.697265625,0.08011931926012039,21.302017211914062,1.0264739990234375,5.736944198608398,4.150587558746338,1.6165337562561035,2.6226818561553955,6.093080520629883,0.0010426094522699714,0.29609444737434387,0.5769394040107727,0.0,0.0,0.0,0.0,4961.34716796875,239.07095336914062,793.7164916992188,1982.11328125,1076.64111328125,0.0,982.2328491210938,0.061209097504615784,12.729180335998535,48.08765411376953,0.0,0.0,0.0,299.14019775390625,299.14019775390625,114.30387878417969,142.8393096923828,99.45118713378906,0.0,0.0,0.0,114.30387878417969,142.8393096923828,99.45118713378906,0.0,0.0,0.0,14.829315185546875,23.175931930541992,10.484904289245605,0.0,0.0,0.0
194.0,43.53363800048828,35698.9296875,3581.070068359375,17425.802734375,14692.056640625,3591.771728515625,18.59719467163086,0.0,15545.486328125,0.08011931926012039,21.302017211914062,1.0264739990234375,5.736944198608398,4.161468982696533,1.6165337562561035,2.6226818561553955,6.113323211669922,0.0010426094522699714,0.29609444737434387,0.5769394040107727,0.0,0.0,0.0,0.0,4978.705078125,239.90737915039062,796.0717163085938,1993.5201416015625,1078.484619140625,0.0,1019.7567138671875,0.06346316635608673,14.55082893371582,49.28761672973633,0.0,0.0,0.0,300.7646484375,300.7646484375,116.29143524169922,144.65895080566406,104.77249908447266,0.0,0.0,0.0,116.29143524169922,144.65895080566406,104.77249908447266,0.0,0.0,0.0,15.418049812316895,23.71554946899414,12.048760414123535,0.0,0.0,0.0
195.0,43.56333541870117,35754.69921875,3581.070068359375,17434.783203125,14738.8466796875,3591.771728515625,19.193946838378906,0.0,15101.267578125,0.08011931926012039,21.302017211914062,1.0264739990234375,5.736944198608398,4.174618244171143,1.6165337562561035,2.6226818561553955,6.129870414733887,0.0010426094522699714,0.29609444737434387,0.5769394040107727,0.0,0.0,0.0,0.0,4939.90478515625,238.03770446777344,790.8103637695312,1988.973388671875,894.2348022460938,0.0,959.1295776367188,0.05962446704506874,11.242963790893555,47.14749526977539,0.0,0.0,0.0,302.3556823730469,302.3556823730469,125.90313720703125,147.0492401123047,119.60318756103516,0.0,0.0,0.0,125.90313720703125,147.0492401123047,119.60318756103516,0.0,0.0,0.0,17.632720947265625,23.817955017089844,15.789986610412598,0.0,0.0,0.0
196.0,43.58220672607422,35762.8125,3581.070068359375,17442.89453125,14738.8466796875,3591.771728515625,19.183225631713867,0.0,15115.0908203125,0.08011931926012039,21.302017211914062,1.0264739990234375,5.736944198608398,4.187238693237305,1.6165337562561035,2.6226818561553955,6.136119365692139,0.0010426094522699714,0.29609444737434387,0.5769394040107727,0.0,0.0,0.0,0.0,5005.25341796875,241.1866455078125,800.1863403320312,2026.080078125,556.5504760742188,0.0,1178.79541015625,0.07324998825788498,17.76566505432129,51.405303955078125,0.0,0.0,0.0,303.91070556640625,303.91070556640625,122.07381439208984,152.51150512695312,120.19563293457031,0.0,0.0,0.0,122.07381439208984,152.51150512695312,120.19563293457031,0.0,0.0,0.0,16.523366928100586,25.426387786865234,15.973998069763184,0.0,0.0,0.0
197.0,43.61051940917969,35780.375,3581.070068359375,17460.458984375,14738.8466796875,3591.771728515625,20.104534149169922,0.0,14452.2421875,0.08011931926012039,21.302017211914062,1.0264739990234375,5.736944198608398,4.200484275817871,1.6165337562561035,2.6226818561553955,6.15118932723999,0.0010426094522699714,0.29609444737434387,0.5769394040107727,0.0,0.0,0.0,0.0,4924.6787109375,237.3040313720703,789.0997924804688,2006.64501953125,393.142333984375,0.0,1017.4125366210938,0.06315619498491287,12.80522632598877,48.13774871826172,0.0,0.0,0.0,305.4375,305.4375,125.08000946044922,149.32931518554688,125.81143188476562,0.0,0.0,0.0,125.08000946044922,149.32931518554688,125.81143188476562,0.0,0.0,0.0,16.481369018554688,23.574291229248047,16.695308685302734,0.0,0.0,0.0
198.0,43.65333557128906,35802.58984375,3581.070068359375,17482.673828125,14738.8466796875,3591.771728515625,20.36405372619629,0.0,14284.6083984375,0.08011931926012039,21.302017211914062,1.0264739990234375,5.736944198608398,4.21309757232666,1.6165337562561035,2.6226818561553955,6.180973529815674,0.0010426094522699714,0.29609444737434387,0.5773575305938721,0.0,0.0,0.0,0.0,4899.994140625,236.11456298828125,785.6371459960938,2001.934326171875,371.3062438964844,0.0,963.2877807617188,0.05967589095234871,10.093958854675293,46.47331619262695,0.0,0.0,0.0,306.9100341796875,306.9100341796875,130.17169189453125,139.0674591064453,104.35072326660156,0.0,0.0,0.0,130.17169189453125,139.0674591064453,104.35072326660156,0.0,0.0,0.0,17.71116828918457,20.31317901611328,10.15853214263916,0.0,0.0,0.0
199.0,43.70731735229492,35823.69140625,3581.070068359375,17503.77734375,14738.8466796875,4068.621826171875,20.671354293823242,0.0,14089.2021484375,0.08019677549600601,21.311992645263672,1.027359962463379,5.736944198608398,4.222451210021973,1.6165337562561035,2.6226818561553955,6.210646629333496,0.0010426094522699714,0.29609444737434387,0.5813733339309692,0.0,0.0,0.0,0.0,4869.380859375,234.7320098876953,781.0343627929688,1967.7177734375,362.833740234375,0.0,896.5153198242188,0.05542941391468048,17.76566505432129,51.80036163330078,0.0,0.0,0.0,308.3542785644531,308.3542785644531,129.66050720214844,151.39759826660156,136.46804809570312,0.0,0.0,0.0,129.66050720214844,151.39759826660156,136.46804809570312,0.0,0.0,0.0,17.254344940185547,23.612443923950195,19.24555015563965,0.0,0.0,0.0
200.0,43.753997802734375,36239.84765625,3581.070068359375,17919.931640625,14738.8466796875,4068.621826171875,20.314334869384766,0.0,14492.0595703125,0.08049562573432922,21.35047721862793,1.0307639837265015,5.736944198608398,4.222949504852295,1.6165337562561035,2.6226818561553955,6.212867736816406,0.0010426094522699714,0.29609444737434387,0.5831499695777893,0.0,0.0,0.0,0.0,4955.7431640625,239.2546844482422,791.9019165039062,920.5996704101562,290.7182312011719,0.0,2168.989990234375,0.1529703587293625,26.64849853515625,57.73184585571289,0.0,0.0,0.0,309.80511474609375,309.80511474609375,107.07626342773438,185.14981079101562,130.5286865234375,0.0,0.0,0.0,107.07626342773438,185.14981079101562,130.5286865234375,0.0,0.0,0.0,11.005471229553223,33.841983795166016,17.865306854248047,0.0,0.0,0.0
201.0,45.266624450683594,37077.76171875,3581.070068359375,18757.84375,14738.8466796875,4068.621826171875,20.783246994018555,0.0,14494.8193359375,0.09013652801513672,22.58919906616211,1.1569141149520874,5.736944198608398,4.24762487411499,1.6165337562561035,2.6226818561553955,6.270957946777344,0.0010426094522699714,0.29609444737434387,0.6384939551353455,0.0,0.0,0.0,0.0,5115.302734375,261.98211669921875,776.9488525390625,635.2173461914062,294.6417236328125,0.0,2290.79736328125,0.281514048576355,19.117979049682617,57.80696487426758,0.0,0.0,0.0,311.3084411621094,311.3084411621094,143.89512634277344,183.82835388183594,167.43162536621094,0.0,0.0,0.0,143.89512634277344,183.82835388183594,167.43162536621094,0.0,0.0,0.0,21.306079864501953,32.986549377441406,28.19050407409668,0.0,0.0,0.0
202.0,46.64072036743164,37355.0078125,3581.070068359375,19035.08984375,14738.8466796875,4068.621826171875,20.65679931640625,0.0,14688.5791015625,0.09880290180444717,23.702688217163086,1.2704168558120728,5.736944198608398,4.287142753601074,1.6165337562561035,2.6226818561553955,6.3205156326293945,0.0010426094522699714,0.29609444737434387,0.6878572106361389,0.0,0.0,0.0,0.0,5262.19873046875,282.0433654785156,767.06640625,900.6134033203125,368.7297668457031,0.0,1921.2432861328125,0.11792489141225815,17.76566505432129,61.28807830810547,0.0,0.0,0.0,312.8511962890625,312.8511962890625,91.2839584350586,181.97467041015625,152.0054168701172,0.0,0.0,0.0,91.2839584350586,181.97467041015625,152.0054168701172,0.0,0.0,0.0,6.043757915496826,32.5707893371582,23.804784774780273,0.0,0.0,0.0
203.0,47.37924575805664,37452.3671875,3581.070068359375,19132.451171875,14738.8466796875,4068.621826171875,20.299165725708008,0.3546666204929352,14979.2734375,0.10338190943002701,24.291032791137695,1.330297589302063,5.736944198608398,4.321568012237549,1.6165337562561035,2.6226818561553955,6.345852375030518,0.0010426094522699714,0.29609444737434387,0.7138158679008484,0.0,0.0,0.0,0.0,5325.5498046875,291.653564453125,760.7511596679688,1909.8863525390625,639.8944091796875,0.0,766.130126953125,0.0469462089240551,17.76566505432129,63.60099411010742,0.0,0.0,0.0,314.4441223144531,314.4441223144531,152.05126953125,166.22413635253906,138.4754180908203,0.0,0.0,0.0,152.05126953125,166.22413635253906,138.4754180908203,0.0,0.0,0.0,23.8211669921875,27.96672821044922,19.850229263305664,0.0,0.0,0.0
204.0,47.72115707397461,37486.8515625,3581.070068359375,19166.935546875,14738.8466796875,4068.621826171875,19.831090927124023,0.0,15337.9287109375,0.10546748340129852,24.559019088745117,1.3574663400650024,5.736944198608398,4.343167781829834,1.6165337562561035,2.6226818561553955,6.357136249542236,0.0010426094522699714,0.29609444737434387,0.7256020307540894,0.0,0.0,0.0,0.0,5424.66259765625,299.8408508300781,765.3076782226562,1956.2464599609375,642.2731323242188,0.0,844.418701171875,0.05170504003763199,17.76566505432129,64.65113830566406,0.0,0.0,0.0,316.087646484375,316.087646484375,121.31185150146484,157.5398406982422,135.1443328857422,0.0,0.0,0.0,121.31185150146484,157.5398406982422,135.1443328857422,0.0,0.0,0.0,15.652626037597656,26.249313354492188,19.698623657226562,0.0,0.0,0.0
205.0,47.8657112121582,37621.1953125,3581.070068359375,19179.7578125,14860.3662109375,4068.621826171875,19.12584686279297,0.0,15943.9580078125,0.1062929779291153,24.66507911682129,1.368257999420166,5.736944198608398,4.3605828285217285,1.6165337562561035,2.6226818561553955,6.361943244934082,0.0010426094522699714,0.29609444737434387,0.7302565574645996,0.0,0.0,0.0,0.0,5465.62841796875,303.1974792480469,767.2228393554688,1974.358154296875,1051.086669921875,0.0,800.7012939453125,0.04901270940899849,8.882832527160645,50.60677719116211,0.0,0.0,0.0,317.78106689453125,317.78106689453125,89.48250579833984,131.21224975585938,113.20407104492188,0.0,0.0,0.0,89.48250579833984,131.21224975585938,113.20407104492188,0.0,0.0,0.0,7.047786235809326,19.253738403320312,13.986344337463379,0.0,0.0,0.0
206.0,47.929969787597656,37872.4140625,3581.070068359375,19190.81640625,15100.5263671875,4068.621826171875,19.11275291442871,0.0,16060.48046875,0.10658791661262512,24.702970504760742,1.3721323013305664,5.736944198608398,4.376961708068848,1.6165337562561035,2.6226818561553955,6.366103649139404,0.0010426094522699714,0.29609444737434387,0.7319168448448181,0.0,0.0,0.0,0.0,5491.3193359375,305.0166320800781,769.0220336914062,1994.423583984375,1052.72705078125,0.0,826.3485717773438,0.05056897923350334,8.882832527160645,50.72183609008789,0.0,0.0,0.0,319.48919677734375,319.48919677734375,94.64883422851562,134.40260314941406,115.9566421508789,0.0,0.0,0.0,94.64883422851562,134.40260314941406,115.9566421508789,0.0,0.0,0.0,8.572031021118164,20.200008392333984,14.8045654296875,0.0,0.0,0.0
207.0,47.97161865234375,37929.90625,3581.070068359375,19200.712890625,15148.1220703125,4068.621826171875,19.72573471069336,0.0,15601.5341796875,0.10674478858709335,24.7231388092041,1.3741172552108765,5.736944198608398,4.392055034637451,1.6165337562561035,2.6226818561553955,6.369466781616211,0.0010426094522699714,0.29609444737434387,0.7327989935874939,0.0,0.0,0.0,0.0,5443.3232421875,302.541015625,763.5173950195312,1971.251708984375,872.1276245117188,0.0,775.2368774414062,0.047430649399757385,8.882832527160645,50.7829704284668,0.0,0.0,0.0,321.1543884277344,321.1543884277344,123.16768646240234,140.00341796875,119.12366485595703,0.0,0.0,0.0,123.16768646240234,140.00341796875,119.12366485595703,0.0,0.0,0.0,16.300811767578125,21.225265502929688,15.117936134338379,0.0,0.0,0.0
208.0,47.995235443115234,37938.41015625,3581.070068359375,19209.21875,15148.1220703125,4068.621826171875,19.714685440063477,0.0,15615.8076171875,0.10680293291807175,24.730131149291992,1.3748056888580322,5.736944198608398,4.406394958496094,1.6165337562561035,2.6226818561553955,6.370734691619873,0.0010426094522699714,0.29609444737434387,0.7330706119537354,0.0,0.0,0.0,0.0,5517.6962890625,306.7416076660156,771.0830078125,2049.7177734375,542.8721313476562,0.0,947.8524780273438,0.05798684060573578,8.882832527160645,50.80179214477539,0.0,0.0,0.0,322.7729797363281,322.7729797363281,122.27947998046875,144.73068237304688,119.70568084716797,0.0,0.0,0.0,122.27947998046875,144.73068237304688,119.70568084716797,0.0,0.0,0.0,16.052061080932617,22.619037628173828,15.299225807189941,0.0,0.0,0.0
209.0,48.0257453918457,38189.12109375,3813.3701171875,19227.626953125,15148.1220703125,4068.621826171875,20.788719177246094,0.0,14930.9970703125,0.10698174685239792,24.745649337768555,1.3762379884719849,5.736944198608398,4.41840934753418,1.6165337562561035,2.6226818561553955,6.371947765350342,0.0010426094522699714,0.29609444737434387,0.733221709728241,0.0,0.0,0.0,0.0,5418.60302734375,301.3575134277344,760.3438110351562,1992.41064453125,383.0039367675781,0.0,817.3844604492188,0.050000954419374466,8.882832527160645,50.81226348876953,0.0,0.0,0.0,324.35675048828125,324.35675048828125,84.44593811035156,138.5707244873047,114.16940307617188,0.0,0.0,0.0,84.44593811035156,138.5707244873047,114.16940307617188,0.0,0.0,0.0,3.9117164611816406,19.743215560913086,12.605831146240234,0.0,0.0,0.0
210.0,48.071556091308594,38252.7421875,3813.3701171875,19291.25,15148.1220703125,4068.621826171875,21.079303741455078,0.0,14757.8037109375,0.10742395371198654,24.781110763549805,1.3796372413635254,5.736944198608398,4.423266887664795,1.6165337562561035,2.6226818561553955,6.373546600341797,0.0010426094522699714,0.29609444737434387,0.7332753539085388,0.0,0.0,0.0,0.0,5392.26416015625,300.20318603515625,756.7819213867188,1971.1458740234375,361.50555419921875,0.0,773.0232543945312,0.047282081097364426,8.882832527160645,50.815982818603516,0.0,0.0,0.0,325.8759765625,325.8759765625,111.87284851074219,136.25132751464844,93.56658172607422,0.0,0.0,0.0,111.87284851074219,136.25132751464844,93.56658172607422,0.0,0.0,0.0,11.643505096435547,18.77420997619629,6.288922309875488,0.0,0.0,0.0
211.0,48.2753791809082,38353.8671875,3813.3701171875,19392.376953125,15148.1220703125,4068.621826171875,21.441577911376953,0.0,14555.921875,0.10936194658279419,24.944997787475586,1.396479606628418,5.736944198608398,4.437680721282959,1.6165337562561035,2.6226818561553955,6.380143642425537,0.0010426094522699714,0.29609444737434387,0.7334186434745789,0.0,0.0,0.0,0.0,5371.58935546875,300.7142028808594,751.1155395507812,1939.7779541015625,352.62664794921875,0.0,701.634521484375,0.042896926403045654,8.882832527160645,50.82591247558594,0.0,0.0,0.0,327.3528137207031,327.3528137207031,125.97928619384766,140.5344696044922,127.4371566772461,0.0,0.0,0.0,125.97928619384766,140.5344696044922,127.4371566772461,0.0,0.0,0.0,15.407362937927246,19.664752960205078,15.833789825439453,0.0,0.0,0.0
212.0,48.44652557373047,38546.75390625,3813.3701171875,19585.259765625,15148.1220703125,4068.621826171875,20.933441162109375,0.0,14972.1103515625,0.11067783832550049,25.089017868041992,1.4112374782562256,5.736944198608398,4.444516181945801,1.6165337562561035,2.6226818561553955,6.384327411651611,0.0010426094522699714,0.29609444737434387,0.7334521412849426,0.0,0.0,0.0,0.0,5484.9326171875,308.5231628417969,759.75341796875,1638.8021240234375,282.45648193359375,0.0,1198.419921875,0.07324940711259842,17.76566505432129,65.3505859375,0.0,0.0,0.0,328.8209533691406,328.8209533691406,140.51312255859375,174.89723205566406,151.3455047607422,0.0,0.0,0.0,140.51312255859375,174.89723205566406,151.3455047607422,0.0,0.0,0.0,20.16664695739746,30.224000930786133,23.33511734008789,0.0,0.0,0.0
213.0,49.125179290771484,38886.81640625,3813.3701171875,19925.326171875,15148.1220703125,4068.621826171875,21.117246627807617,0.12932822108268738,14974.955078125,0.1157301813364029,25.662900924682617,1.470213532447815,5.736944198608398,4.46928071975708,1.6165337562561035,2.6226818561553955,6.400213718414307,0.0010426094522699714,0.29609444737434387,0.7335421442985535,0.0,0.0,0.0,0.0,5546.75390625,317.7704772949219,754.0498046875,937.5004272460938,288.0718078613281,0.0,1829.0985107421875,0.11168072372674942,17.76566505432129,65.35860443115234,0.0,0.0,0.0,330.3340759277344,330.3340759277344,155.7137451171875,182.66847229003906,156.28416442871094,0.0,0.0,0.0,155.7137451171875,182.66847229003906,156.28416442871094,0.0,0.0,0.0,24.29969596862793,32.183956146240234,24.46654510498047,0.0,0.0,0.0
214.0,49.698570251464844,38994.953125,3813.3701171875,20033.458984375,15148.1220703125,4068.621826171875,20.890594482421875,0.0,15175.1279296875,0.11995267868041992,26.147024154663086,1.519991397857666,5.736944198608398,4.491244316101074,1.6165337562561035,2.6226818561553955,6.413452625274658,0.0010426094522699714,0.29609444737434387,0.7336090803146362,0.0,0.0,0.0,0.0,5623.28076171875,326.895263671875,751.8193359375,931.0343017578125,363.1343688964844,0.0,1810.3529052734375,0.11044006794691086,17.76566505432129,65.36456298828125,0.0,0.0,0.0,331.8894348144531,331.8894348144531,150.66030883789062,181.11134338378906,152.5663299560547,0.0,0.0,0.0,150.66030883789062,181.11134338378906,152.5663299560547,0.0,0.0,0.0,23.17754364013672,32.084476470947266,23.735057830810547,0.0,0.0,0.0
215.0,49.99544143676758,39030.09375,3813.3701171875,20068.599609375,15148.1220703125,4068.621826171875,20.493568420410156,0.0,15475.4501953125,0.12212309241294861,26.397314071655273,1.5457037687301636,5.736944198608398,4.503119945526123,1.6165337562561035,2.6226818561553955,6.420245170593262,0.0010426094522699714,0.29609444737434387,0.7336407899856567,0.0,0.0,0.0,0.0,5653.12060546875,331.0204162597656,749.6762084960938,1936.83740234375,632.760498046875,0.0,703.847900390625,0.04291888698935509,17.76566505432129,65.36739349365234,0.0,0.0,0.0,333.4985046386719,333.4985046386719,136.1818084716797,164.87867736816406,135.1470184326172,0.0,0.0,0.0,136.1818084716797,164.87867736816406,135.1470184326172,0.0,0.0,0.0,19.33961296081543,27.733448028564453,19.036935806274414,0.0,0.0,0.0
216.0,50.12643814086914,39041.2109375,3813.3701171875,20079.71875,15148.1220703125,4068.621826171875,20.026260375976562,0.0,15831.845703125,0.12306679785251617,26.50729751586914,1.5569976568222046,5.736944198608398,4.508937835693359,1.6165337562561035,2.6226818561553955,6.42318868637085,0.0010426094522699714,0.29609444737434387,0.7336527705192566,0.0,0.0,0.0,0.0,5734.15234375,336.81524658203125,755.3870849609375,1985.2261962890625,635.8782348632812,0.0,798.197021484375,0.04866265133023262,17.76566505432129,65.36846160888672,0.0,0.0,0.0,335.15936279296875,335.15936279296875,133.71717834472656,154.89805603027344,131.2089080810547,0.0,0.0,0.0,133.71717834472656,154.89805603027344,131.2089080810547,0.0,0.0,0.0,19.086013793945312,25.281423568725586,18.352344512939453,0.0,0.0,0.0
217.0,50.17961120605469,39213.7265625,3813.3701171875,20133.955078125,15266.4033203125,4068.621826171875,19.329437255859375,0.0,16457.3828125,0.12342356145381927,26.55100440979004,1.56150221824646,5.736944198608398,4.512446880340576,1.6165337562561035,2.6226818561553955,6.424283981323242,0.0010426094522699714,0.29609444737434387,0.7336540222167969,0.0,0.0,0.0,0.0,5774.97509765625,339.63446044921875,758.3909301757812,2004.6585693359375,1041.7437744140625,0.0,769.3033447265625,0.0468977689743042,8.882832527160645,50.842220306396484,0.0,0.0,0.0,336.8686218261719,336.8686218261719,104.04789733886719,126.43769836425781,118.70594787597656,0.0,0.0,0.0,104.04789733886719,126.43769836425781,118.70594787597656,0.0,0.0,0.0,11.104572296142578,17.653589248657227,15.39205265045166,0.0,0.0,0.0
218.0,50.386375427246094,39645.8203125,3813.3701171875,20321.72265625,15510.7265625,4068.621826171875,19.399328231811523,0.0,16577.654296875,0.12480045855045319,26.722074508666992,1.5790585279464722,5.736944198608398,4.5249924659729,1.6165337562561035,2.6226818561553955,6.428494930267334,0.0010426094522699714,0.29609444737434387,0.7336556315422058,0.0,0.0,0.0,0.0,5816.90087890625,343.7317810058594,758.9955444335938,2017.8009033203125,1042.1768798828125,0.0,788.3847045898438,0.0480477549135685,8.882832527160645,50.84233474731445,0.0,0.0,0.0,338.59490966796875,338.59490966796875,120.71109008789062,133.75921630859375,109.11697387695312,0.0,0.0,0.0,120.71109008789062,133.75921630859375,109.11697387695312,0.0,0.0,0.0,15.908665657043457,19.725244522094727,12.517385482788086,0.0,0.0,0.0
219.0,50.86613082885742,39897.57421875,3813.3701171875,20525.07421875,15559.1318359375,4068.621826171875,20.118534088134766,0.0,16103.927734375,0.12796823680400848,27.1163387298584,1.6196277141571045,5.736944198608398,4.557060718536377,1.6165337562561035,2.6226818561553955,6.438179016113281,0.0010426094522699714,0.29609444737434387,0.733658492565155,0.0,0.0,0.0,0.0,5806.86376953125,346.8372497558594,750.2368774414062,1980.634521484375,860.623046875,0.0,702.5790405273438,0.04279129207134247,8.58170223236084,50.588680267333984,0.0,0.0,0.0,340.2788391113281,340.2788391113281,110.69856262207031,138.62554931640625,127.26861572265625,0.0,0.0,0.0,110.69856262207031,138.62554931640625,127.26861572265625,0.0,0.0,0.0,12.260795593261719,20.429439544677734,17.107534408569336,0.0,0.0,0.0
220.0,51.23397445678711,39968.37890625,3813.3701171875,20595.876953125,15559.1318359375,4068.621826171875,20.13837242126465,0.0,16118.65234375,0.13030117750167847,27.40676498413086,1.6496983766555786,5.736944198608398,4.594945430755615,1.6165337562561035,2.6226818561553955,6.445308208465576,0.0010426094522699714,0.29609444737434387,0.7336602807044983,0.0,0.0,0.0,0.0,5909.80029296875,355.7292785644531,754.4548950195312,2058.17431640625,534.0127563476562,0.0,843.316162109375,0.051339227706193924,8.882832527160645,50.84265899658203,0.0,0.0,0.0,341.919921875,341.919921875,121.64376068115234,143.28005981445312,121.43380737304688,0.0,0.0,0.0,121.64376068115234,143.28005981445312,121.43380737304688,0.0,0.0,0.0,15.442426681518555,21.77104377746582,15.381014823913574,0.0,0.0,0.0
221.0,51.43921661376953,40044.82421875,3813.3701171875,20672.322265625,15559.1318359375,4068.621826171875,21.13722801208496,0.0,15411.775390625,0.1316460520029068,27.57383918762207,1.6666232347488403,5.736944198608398,4.610742092132568,1.6165337562561035,2.6226818561553955,6.449409484863281,0.0010426094522699714,0.29609444737434387,0.7336608171463013,0.0,0.0,0.0,0.0,5820.173828125,351.7840270996094,742.7444458007812,1987.366455078125,376.3401184082031,0.0,704.7774658203125,0.0428936704993248,5.933882236480713,48.35671615600586,0.0,0.0,0.0,343.52813720703125,343.52813720703125,117.22248077392578,137.24794006347656,101.64933776855469,0.0,0.0,0.0,117.22248077392578,137.24794006347656,101.64933776855469,0.0,0.0,0.0,13.150346755981445,19.00779151916504,8.595202445983887,0.0,0.0,0.0
222.0,51.70163345336914,40236.71875,3813.3701171875,20864.21875,15559.1318359375,4068.621826171875,21.499746322631836,0.0,15233.0087890625,0.13344785571098328,27.796815872192383,1.6893161535263062,5.736944198608398,4.620198726654053,1.6165337562561035,2.6226818561553955,6.454896450042725,0.0010426094522699714,0.29609444737434387,0.7336611151695251,0.0,0.0,0.0,0.0,5812.794921875,353.2652587890625,737.8345336914062,1958.0615234375,354.727783203125,0.0,651.7305908203125,0.03965078294277191,1.987938404083252,45.11850357055664,0.0,0.0,0.0,345.0732421875,345.0732421875,115.71971893310547,133.5626983642578,96.14424133300781,0.0,0.0,0.0,115.71971893310547,133.5626983642578,96.14424133300781,0.0,0.0,0.0,12.348271369934082,17.56734275817871,6.622444152832031,0.0,0.0,0.0
223.0,52.22331619262695,40454.00390625,3813.3701171875,21081.50390625,15559.1318359375,4068.621826171875,21.92962646484375,0.0,15024.6142578125,0.13706770539283752,28.244186401367188,1.7353801727294922,5.736944198608398,4.6338067054748535,1.6165337562561035,2.6226818561553955,6.465916156768799,0.0010426094522699714,0.29609444737434387,0.7336614727973938,0.0,0.0,0.0,0.0,5821.34423828125,357.6752014160156,730.4047241210938,1904.469482421875,345.3887939453125,0.0,570.7886962890625,0.03470125049352646,0.0,43.579490661621094,0.0,0.0,0.0,346.5782470703125,346.5782470703125,117.97472381591797,131.91107177734375,120.17391967773438,0.0,0.0,0.0,117.97472381591797,131.91107177734375,120.17391967773438,0.0,0.0,0.0,12.57797908782959,16.654359817504883,13.221244812011719,0.0,0.0,0.0
224.0,52.61754608154297,40682.890625,3813.3701171875,21310.38671875,15559.1318359375,4068.621826171875,21.422731399536133,0.0,15454.2001953125,0.13985003530979156,28.587270736694336,1.7706873416900635,5.736944198608398,4.638397693634033,1.6165337562561035,2.6226818561553955,6.4743828773498535,0.0010426094522699714,0.29609444737434387,0.7336615920066833,0.0,0.0,0.0,0.0,5958.39453125,369.0612487792969,736.8054809570312,1942.037353515625,276.0980224609375,0.0,695.9785766601562,0.04228866472840309,17.76566505432129,65.36924743652344,0.0,0.0,0.0,348.07122802734375,348.07122802734375,116.44216918945312,159.3903045654297,140.66758728027344,0.0,0.0,0.0,116.44216918945312,159.3903045654297,140.66758728027344,0.0,0.0,0.0,12.636602401733398,25.198932647705078,19.722536087036133,0.0,0.0,0.0
225.0,53.40278244018555,41033.0390625,3813.3701171875,21660.5390625,15559.1318359375,4068.621826171875,21.60614776611328,0.0,15457.1298828125,0.14541035890579224,29.272493362426758,1.84138822555542,5.736944198608398,4.645231246948242,1.6165337562561035,2.6226818561553955,6.491302013397217,0.0010426094522699714,0.29609444737434387,0.7336617708206177,0.0,0.0,0.0,0.0,6031.82763671875,379.4325256347656,731.2445068359375,566.33251953125,281.61822509765625,0.0,1988.19384765625,0.21807782351970673,17.76566505432129,65.3692626953125,0.0,0.0,0.0,349.5948181152344,349.5948181152344,156.83160400390625,179.28932189941406,167.765869140625,0.0,0.0,0.0,156.83160400390625,179.28932189941406,167.765869140625,0.0,0.0,0.0,24.2670955657959,30.835979461669922,27.465368270874023,0.0,0.0,0.0
226.0,54.020538330078125,41144.40234375,3813.3701171875,21771.900390625,15559.1318359375,4068.621826171875,21.37249755859375,0.0,15663.7431640625,0.14977668225765228,29.810487747192383,1.896936058998108,5.736944198608398,4.651791572570801,1.6165337562561035,2.6226818561553955,6.504587650299072,0.0010426094522699714,0.29609444737434387,0.7336618900299072,0.0,0.0,0.0,0.0,6116.5546875,389.2158203125,729.39501953125,479.03778076171875,355.14044189453125,0.0,2046.921142578125,0.20953933894634247,17.76566505432129,65.36927032470703,0.0,0.0,0.0,351.1579284667969,351.1579284667969,164.7084197998047,178.5551300048828,168.6993865966797,0.0,0.0,0.0,164.7084197998047,178.5551300048828,168.6993865966797,0.0,0.0,0.0,26.80471420288086,30.854875564575195,27.972074508666992,0.0,0.0,0.0
227.0,54.3349494934082,41180.62890625,3813.3701171875,21808.12890625,15559.1318359375,4068.621826171875,20.965456008911133,0.0,15973.7236328125,0.15199774503707886,30.084001541137695,1.9251559972763062,5.736944198608398,4.655490875244141,1.6165337562561035,2.6226818561553955,6.511343955993652,0.0010426094522699714,0.29609444737434387,0.733661949634552,0.0,0.0,0.0,0.0,6155.478515625,393.9056091308594,728.0149536132812,1851.3135986328125,619.29296875,0.0,575.6129150390625,0.034890659153461456,17.76566505432129,65.36927795410156,0.0,0.0,0.0,352.7750244140625,352.7750244140625,136.1933135986328,157.43714904785156,148.5620574951172,0.0,0.0,0.0,136.1933135986328,157.43714904785156,148.5620574951172,0.0,0.0,0.0,18.87108612060547,25.084911346435547,22.48894691467285,0.0,0.0,0.0
228.0,54.47264099121094,41233.8515625,3813.3701171875,21861.349609375,15559.1318359375,4068.621826171875,20.525365829467773,0.0,16327.8544921875,0.15297938883304596,30.204374313354492,1.9375537633895874,5.736944198608398,4.6564507484436035,1.6165337562561035,2.6226818561553955,6.514324188232422,0.0010426094522699714,0.29609444737434387,0.733661949634552,0.0,0.0,0.0,0.0,6237.740234375,400.1393127441406,733.0861206054688,1946.0904541015625,622.0400390625,0.0,660.9453735351562,0.040055274963378906,0.0,43.57952117919922,0.0,0.0,0.0,354.4380798339844,354.4380798339844,127.44222259521484,141.99085998535156,130.07286071777344,0.0,0.0,0.0,127.44222259521484,141.99085998535156,130.07286071777344,0.0,0.0,0.0,16.751483917236328,21.006961822509766,17.520946502685547,0.0,0.0,0.0
229.0,54.68162536621094,41438.28125,3813.3701171875,21950.748046875,15674.1630859375,4068.621826171875,19.821067810058594,0.0,16972.990234375,0.15446731448173523,30.386581420898438,1.9564175605773926,5.736944198608398,4.658360481262207,1.6165337562561035,2.6226818561553955,6.518838405609131,0.0010426094522699714,0.29609444737434387,0.733661949634552,0.0,0.0,0.0,0.0,6305.5908203125,405.9808044433594,735.68115234375,1936.4482421875,1018.736572265625,0.0,630.4492797851562,0.03819592669606209,0.0,43.57952117919922,0.0,0.0,0.0,356.1448059082031,356.1448059082031,101.50579833984375,117.22096252441406,80.14647674560547,0.0,0.0,0.0,101.50579833984375,117.22096252441406,80.14647674560547,0.0,0.0,0.0,9.869378089904785,14.466062545776367,3.621776580810547,0.0,0.0,0.0
230.0,54.8423957824707,41716.30859375,3813.3701171875,21980.271484375,15922.66796875,4068.621826171875,19.807737350463867,0.0,17097.015625,0.1555899679660797,30.524002075195312,1.9706974029541016,5.736944198608398,4.662903308868408,1.6165337562561035,2.6226818561553955,6.522243499755859,0.0010426094522699714,0.29609444737434387,0.733661949634552,0.0,0.0,0.0,0.0,6344.3330078125,409.604248046875,736.6344604492188,1951.1129150390625,1019.5335083007812,0.0,653.4893188476562,0.03958308696746826,0.0,43.57952117919922,0.0,0.0,0.0,357.8636169433594,357.8636169433594,104.57621002197266,132.1026611328125,104.29217529296875,0.0,0.0,0.0,104.57621002197266,132.1026611328125,104.29217529296875,0.0,0.0,0.0,10.780803680419922,18.832290649414062,10.697723388671875,0.0,0.0,0.0
231.0,54.92701721191406,41776.6015625,3813.3701171875,21991.34765625,15971.8828125,4068.621826171875,20.442359924316406,0.0,16608.435546875,0.1561647653579712,30.594348907470703,1.9779844284057617,5.736944198608398,4.667574405670166,1.6165337562561035,2.6226818561553955,6.52398681640625,0.0010426094522699714,0.29609444737434387,0.733661949634552,0.0,0.0,0.0,0.0,6290.52197265625,406.69451904296875,730.83349609375,1910.361572265625,844.256103515625,0.0,601.2643432617188,0.03641560301184654,0.0,43.57952117919922,0.0,0.0,0.0,359.5450744628906,359.5450744628906,121.36228942871094,138.3654327392578,119.81661987304688,0.0,0.0,0.0,121.36228942871094,138.3654327392578,119.81661987304688,0.0,0.0,0.0,15.056109428405762,20.02952766418457,14.604001998901367,0.0,0.0,0.0
232.0,54.96547317504883,41782.2578125,3813.3701171875,21997.00390625,15971.8828125,4068.621826171875,20.428924560546875,0.0,16623.623046875,0.1563943773508072,30.622432708740234,1.9809263944625854,5.736944198608398,4.6740803718566895,1.6165337562561035,2.6226818561553955,6.524683475494385,0.0010426094522699714,0.29609444737434387,0.733661949634552,0.0,0.0,0.0,0.0,6359.51318359375,411.38885498046875,736.349609375,2001.2012939453125,524.5654296875,0.0,755.5045166015625,0.04575512185692787,2.2480721473693848,45.319950103759766,0.0,0.0,0.0,361.18646240234375,361.18646240234375,125.05631256103516,143.14041137695312,114.94020080566406,0.0,0.0,0.0,125.05631256103516,143.14041137695312,114.94020080566406,0.0,0.0,0.0,16.150047302246094,21.439645767211914,13.191083908081055,0.0,0.0,0.0
233.0,54.9892463684082,41895.1328125,3813.3701171875,22109.87890625,15971.8828125,4068.621826171875,21.459787368774414,0.0,15894.59765625,0.15656284987926483,30.643030166625977,1.982912540435791,5.736944198608398,4.674585819244385,1.6165337562561035,2.6226818561553955,6.52519416809082,0.0010426094522699714,0.29609444737434387,0.733661949634552,0.0,0.0,0.0,0.0,6246.20849609375,404.19256591796875,726.281982421875,1917.9771728515625,370.21826171875,0.0,634.97216796875,0.038454070687294006,0.0,43.57952117919922,0.0,0.0,0.0,362.7979431152344,362.7979431152344,112.13893127441406,137.1234130859375,122.59718322753906,0.0,0.0,0.0,112.13893127441406,137.1234130859375,122.59718322753906,0.0,0.0,0.0,11.340850830078125,18.64881134033203,14.39988899230957,0.0,0.0,0.0
234.0,55.396766662597656,42229.921875,3813.3701171875,22444.66796875,15971.8828125,4068.621826171875,21.897499084472656,0.0,15710.21484375,0.1594768762588501,30.99826431274414,2.0195064544677734,5.736944198608398,4.678531169891357,1.6165337562561035,2.6226818561553955,6.534029006958008,0.0010426094522699714,0.29609444737434387,0.733661949634552,0.0,0.0,0.0,0.0,6251.4296875,407.2745056152344,720.8538208007812,1871.1907958984375,348.76190185546875,0.0,574.590576171875,0.03477722033858299,0.0,43.57952117919922,0.0,0.0,0.0,364.3542785644531,364.3542785644531,86.27271270751953,127.39189910888672,113.7157974243164,0.0,0.0,0.0,86.27271270751953,127.39189910888672,113.7157974243164,0.0,0.0,0.0,3.3372693061828613,15.364630699157715,11.364371299743652,0.0,0.0,0.0
235.0,56.17426300048828,42531.64453125,3813.3701171875,22746.392578125,15971.8828125,4068.621826171875,22.374313354492188,0.0,15495.2783203125,0.16505169868469238,31.677358627319336,2.0896918773651123,5.736944198608398,4.684272289276123,1.6165337562561035,2.6226818561553955,6.550930976867676,0.0010426094522699714,0.29609444737434387,0.733661949634552,0.0,0.0,0.0,0.0,6283.10498046875,414.48388671875,712.6294555664062,1795.778076171875,339.2897033691406,0.0,489.783935546875,0.02961159683763981,0.0,36.31626892089844,0.0,0.0,0.0,365.876953125,365.876953125,105.60672760009766,126.90473175048828,110.77127075195312,0.0,0.0,0.0,105.60672760009766,126.90473175048828,110.77127075195312,0.0,0.0,0.0,8.515654563903809,14.745321273803711,10.026283264160156,0.0,0.0,0.0
236.0,56.738494873046875,42785.05078125,3813.3701171875,22999.796875,15971.8828125,4068.621826171875,21.86307716369629,0.0,15938.3173828125,0.16911891102790833,32.171810150146484,2.140798330307007,5.736944198608398,4.686544895172119,1.6165337562561035,2.6226818561553955,6.563261985778809,0.0010426094522699714,0.29609444737434387,0.733661949634552,0.0,0.0,0.0,0.0,6438.4931640625,428.4345397949219,717.7218017578125,1867.212158203125,270.9081726074219,0.0,601.9448852539062,0.036363378167152405,0.0,43.57952117919922,0.0,0.0,0.0,367.3845520019531,367.3845520019531,131.0017852783203,144.00318908691406,119.83039093017578,0.0,0.0,0.0,131.0017852783203,144.00318908691406,119.83039093017578,0.0,0.0,0.0,16.454944610595703,20.257856369018555,13.1873140335083,0.0,0.0,0.0
237.0,57.597633361816406,43139.77734375,3813.3701171875,23354.525390625,15971.8828125,4068.621826171875,22.043275833129883,0.0,15941.33203125,0.17530536651611328,32.92341613769531,2.2186532020568848,5.736944198608398,4.691279888153076,1.6165337562561035,2.6226818561553955,6.58201789855957,0.0010426094522699714,0.29609444737434387,0.733661949634552,0.0,0.0,0.0,0.0,6518.6162109375,439.27850341796875,712.62890625,533.5143432617188,276.44482421875,0.0,1821.166015625,0.19460918009281158,8.882832527160645,58.10602951049805,0.0,0.0,0.0,368.9134216308594,368.9134216308594,147.01918029785156,177.56069946289062,141.87391662597656,0.0,0.0,0.0,147.01918029785156,177.56069946289062,141.87391662597656,0.0,0.0,0.0,20.959836959838867,29.89322853088379,19.454843521118164,0.0,0.0,0.0
238.0,58.245243072509766,43254.15234375,3813.3701171875,23468.90234375,15971.8828125,4068.621826171875,21.80318260192871,0.0,16154.412109375,0.17994244396686554,33.48667526245117,2.277039051055908,5.736944198608398,4.698549270629883,1.6165337562561035,2.6226818561553955,6.596076965332031,0.0010426094522699714,0.29609444737434387,0.733661949634552,0.0,0.0,0.0,0.0,6608.21240234375,449.3476257324219,711.2494506835938,493.8902282714844,348.78350830078125,0.0,1816.2843017578125,0.15197183191776276,17.630165100097656,65.25505065917969,0.0,0.0,0.0,370.46685791015625,370.46685791015625,156.4903106689453,177.9998321533203,155.7988739013672,0.0,0.0,0.0,156.4903106689453,177.9998321533203,155.7988739013672,0.0,0.0,0.0,23.970232009887695,30.261770248413086,23.767988204956055,0.0,0.0,0.0
239.0,58.57352066040039,43292.16015625,3813.3701171875,23506.90625,15971.8828125,4068.621826171875,21.387435913085938,0.0,16474.1015625,0.18228258192539215,33.77090072631836,2.306460380554199,5.736944198608398,4.7037458419799805,1.6165337562561035,2.6226818561553955,6.6031718254089355,0.0010426094522699714,0.29609444737434387,0.733661949634552,0.0,0.0,0.0,0.0,6653.98095703125,454.44873046875,710.4956665039062,1727.260009765625,608.5808715820312,0.0,493.9656677246094,0.029763037338852882,13.77287769317627,62.00333786010742,0.0,0.0,0.0,372.0705261230469,372.0705261230469,146.1595916748047,162.1669158935547,145.5975341796875,0.0,0.0,0.0,146.1595916748047,162.1669158935547,145.5975341796875,0.0,0.0,0.0,21.36424446105957,26.04638671875,21.199844360351562,0.0,0.0,0.0
240.0,58.71747589111328,43304.18359375,3813.3701171875,23518.931640625,15971.8828125,4068.621826171875,20.933990478515625,0.0,16825.955078125,0.18330338597297668,33.89487838745117,2.3192780017852783,5.736944198608398,4.706790924072266,1.6165337562561035,2.6226818561553955,6.606266498565674,0.0010426094522699714,0.29609444737434387,0.733661949634552,0.0,0.0,0.0,0.0,6736.60498046875,460.95635986328125,715.0877075195312,1828.693359375,611.05517578125,0.0,569.3896484375,0.034300677478313446,0.0,38.06114196777344,0.0,0.0,0.0,373.7262268066406,373.7262268066406,126.71653747558594,141.01504516601562,124.81702423095703,0.0,0.0,0.0,126.71653747558594,141.01504516601562,124.81702423095703,0.0,0.0,0.0,16.130596160888672,20.312910079956055,15.574987411499023,0.0,0.0,0.0
241.0,58.77570724487305,43420.33984375,3813.3701171875,23523.328125,16083.642578125,4068.621826171875,20.169198989868164,0.0,17490.76171875,0.18369711935520172,33.942691802978516,2.3242483139038086,5.736944198608398,4.710650444030762,1.6165337562561035,2.6226818561553955,6.6074604988098145,0.0010426094522699714,0.29609444737434387,0.733661949634552,0.0,0.0,0.0,0.0,6799.171875,465.57781982421875,719.0507202148438,1830.8701171875,1002.13134765625,0.0,552.17919921875,0.03326132893562317,0.0,36.966575622558594,0.0,0.0,0.0,375.42791748046875,375.42791748046875,74.37062072753906,113.5750503540039,84.98529052734375,0.0,0.0,0.0,74.37062072753906,113.5750503540039,84.98529052734375,0.0,0.0,0.0,1.5842080116271973,13.05150318145752,4.688999652862549,0.0,0.0,0.0
242.0,58.800315856933594,43676.671875,3813.3701171875,23526.9609375,16336.3427734375,4068.621826171875,20.13928985595703,0.0,17618.56640625,0.1838427484035492,33.96037292480469,2.326092004776001,5.736944198608398,4.715147018432617,1.6165337562561035,2.6226818561553955,6.6079020500183105,0.0010426094522699714,0.29609444737434387,0.733661949634552,0.0,0.0,0.0,0.0,6825.2685546875,467.4920349121094,720.775634765625,1853.1068115234375,1003.689697265625,0.0,579.8004760742188,0.03492414206266403,0.0,40.18678283691406,0.0,0.0,0.0,377.14056396484375,377.14056396484375,116.12445831298828,132.39796447753906,105.33768463134766,0.0,0.0,0.0,116.12445831298828,132.39796447753906,105.33768463134766,0.0,0.0,0.0,13.827115058898926,18.587112426757812,10.671981811523438,0.0,0.0,0.0
243.0,58.81511306762695,43794.80078125,3813.3701171875,23595.060546875,16386.373046875,4068.621826171875,20.8110408782959,0.0,17115.080078125,0.18394777178764343,33.97313690185547,2.3273231983184814,5.736944198608398,4.715527057647705,1.6165337562561035,2.6226818561553955,6.608220100402832,0.0010426094522699714,0.29609444737434387,0.733661949634552,0.0,0.0,0.0,0.0,6759.31494140625,463.0455627441406,715.4747924804688,1809.814697265625,831.4823608398438,0.0,534.0560913085938,0.03216805309057236,0.0,36.31626892089844,0.0,0.0,0.0,378.8213806152344,378.8213806152344,114.22513580322266,138.0126495361328,114.89290618896484,0.0,0.0,0.0,114.22513580322266,138.0126495361328,114.89290618896484,0.0,0.0,0.0,12.599810600280762,19.55765724182129,12.795134544372559,0.0,0.0,0.0
244.0,59.06132125854492,43949.3828125,3813.3701171875,23749.638671875,16386.373046875,4068.621826171875,20.86786651611328,0.0,17130.712890625,0.18567679822444916,34.18285369873047,2.349076509475708,5.736944198608398,4.723296642303467,1.6165337562561035,2.6226818561553955,6.613459587097168,0.0010426094522699714,0.29609444737434387,0.733661949634552,0.0,0.0,0.0,0.0,6844.56005859375,470.36431884765625,719.0933837890625,1896.5633544921875,515.7116088867188,0.0,668.510009765625,0.04025300219655037,0.0,43.57952117919922,0.0,0.0,0.0,380.46514892578125,380.46514892578125,123.54722595214844,142.68907165527344,118.5431900024414,0.0,0.0,0.0,123.54722595214844,142.68907165527344,118.5431900024414,0.0,0.0,0.0,15.269699096679688,20.868688583374023,13.806017875671387,0.0,0.0,0.0
245.0,59.35609817504883,44119.7890625,3813.3701171875,23920.048828125,16386.373046875,4068.621826171875,21.947277069091797,0.0,16379.4443359375,0.18777893483638763,34.43716812133789,2.375328779220581,5.736944198608398,4.729036808013916,1.6165337562561035,2.6226818561553955,6.6198272705078125,0.0010426094522699714,0.29609444737434387,0.733661949634552,0.0,0.0,0.0,0.0,6749.2177734375,465.5322570800781,708.0347900390625,1789.423095703125,363.5603332519531,0.0,538.6494140625,0.03242027759552002,0.0,36.31626892089844,0.0,0.0,0.0,382.08209228515625,382.08209228515625,123.98434448242188,138.06875610351562,110.09099578857422,0.0,0.0,0.0,123.98434448242188,138.06875610351562,110.09099578857422,0.0,0.0,0.0,14.318143844604492,18.437837600708008,10.254339218139648,0.0,0.0,0.0
246.0,59.85369873046875,44430.25390625,3813.3701171875,24230.509765625,16386.373046875,4068.621826171875,22.373868942260742,0.0,16189.4296875,0.19136840105056763,34.87024688720703,2.420109272003174,5.736944198608398,4.734320640563965,1.6165337562561035,2.6226818561553955,6.630697250366211,0.0010426094522699714,0.29609444737434387,0.733661949634552,0.0,0.0,0.0,0.0,6759.123046875,469.10528564453125,702.729736328125,1731.244140625,342.4427185058594,0.0,480.65557861328125,0.02890929952263832,0.0,35.882083892822266,0.0,0.0,0.0,383.6474304199219,383.6474304199219,84.98297119140625,129.3516387939453,116.5713119506836,0.0,0.0,0.0,84.98297119140625,129.3516387939453,116.5713119506836,0.0,0.0,0.0,2.4836513996124268,15.461484909057617,11.723240852355957,0.0,0.0,0.0
247.0,60.620460510253906,44715.28125,3813.3701171875,24515.537109375,16386.373046875,4471.7255859375,22.844680786132812,0.0,15967.93359375,0.1969165951013565,35.53894805908203,2.4894275665283203,5.736944198608398,4.7407097816467285,1.6165337562561035,2.6226818561553955,6.64749813079834,0.0010426094522699714,0.29609444737434387,0.733661949634552,0.0,0.0,0.0,0.0,6773.4423828125,474.4651794433594,695.5565795898438,1648.6063232421875,332.9457702636719,0.0,416.38702392578125,0.025016553699970245,0.0,29.053014755249023,0.0,0.0,0.0,385.1829833984375,385.1829833984375,103.63241577148438,112.98281860351562,119.03121948242188,0.0,0.0,0.0,103.63241577148438,112.98281860351562,119.03121948242188,0.0,0.0,0.0,7.467799663543701,10.20279312133789,11.971949577331543,0.0,0.0,0.0
248.0,61.16368103027344,44953.54296875,3813.3701171875,24753.80078125,16386.373046875,4471.7255859375,22.30815887451172,0.0,16424.482421875,0.2008657455444336,36.01376724243164,2.538661241531372,5.736944198608398,4.743973731994629,1.6165337562561035,2.6226818561553955,6.6594557762146,0.0010426094522699714,0.29609444737434387,0.733661949634552,0.0,0.0,0.0,0.0,6937.95751953125,489.06640625,700.6192016601562,1735.548095703125,266.1455993652344,0.0,510.80108642578125,0.03066515177488327,0.0,36.31626892089844,0.0,0.0,0.0,386.7012939453125,386.7012939453125,107.06026458740234,131.08877563476562,112.74606323242188,0.0,0.0,0.0,107.06026458740234,131.08877563476562,112.74606323242188,0.0,0.0,0.0,9.006970405578613,16.035306930541992,10.670064926147461,0.0,0.0,0.0
249.0,61.97440719604492,45285.7578125,3813.3701171875,25086.017578125,16386.373046875,4471.7255859375,22.471847534179688,0.0,16427.583984375,0.20676705241203308,36.722755432128906,2.6122753620147705,5.736944198608398,4.748326778411865,1.6165337562561035,2.6226818561553955,6.677324295043945,0.0010426094522699714,0.29609444737434387,0.733661949634552,0.0,0.0,0.0,0.0,7003.96875,498.2276916503906,696.55419921875,1666.7152099609375,271.590576171875,0.0,480.2315979003906,0.02879665233194828,8.882832527160645,50.8427734375,0.0,0.0,0.0,388.23199462890625,388.23199462890625,110.32039642333984,151.61341857910156,120.47148895263672,0.0,0.0,0.0,110.32039642333984,151.61341857910156,120.47148895263672,0.0,0.0,0.0,9.796869277954102,21.875076293945312,12.766064643859863,0.0,0.0,0.0
250.0,62.5813102722168,45390.875,3813.3701171875,25191.1328125,16386.373046875,4471.7255859375,22.21942138671875,0.0,16647.15625,0.2111864686012268,37.25358963012695,2.667405366897583,5.736944198608398,4.751465320587158,1.6165337562561035,2.6226818561553955,6.690705299377441,0.0010426094522699714,0.29609444737434387,0.733661949634552,0.0,0.0,0.0,0.0,7088.3095703125,507.53216552734375,695.8506469726562,686.220703125,342.7608337402344,0.0,1442.9178466796875,0.08644849061965942,8.882832527160645,50.8427734375,0.0,0.0,0.0,389.7705078125,389.7705078125,105.8499755859375,174.7232208251953,131.94664001464844,0.0,0.0,0.0,105.8499755859375,174.7232208251953,131.94664001464844,0.0,0.0,0.0,8.74169635772705,28.887121200561523,16.374971389770508,0.0,0.0,0.0
251.0,62.88420486450195,45424.1328125,3813.3701171875,25224.390625,16386.373046875,4471.7255859375,21.7921085357666,0.5398309230804443,16976.5859375,0.21339264512062073,37.51854705810547,2.6949241161346436,5.736944198608398,4.752994060516357,1.6165337562561035,2.6226818561553955,6.697385311126709,0.0010426094522699714,0.29609444737434387,0.733661949634552,0.0,0.0,0.0,0.0,7127.75830078125,511.9805908203125,695.7250366210938,1611.9041748046875,597.8385009765625,0.0,438.7633361816406,0.02627597562968731,8.882832527160645,50.8427734375,0.0,0.0,0.0,391.3488464355469,391.3488464355469,132.5159454345703,154.20469665527344,128.17762756347656,0.0,0.0,0.0,132.5159454345703,154.20469665527344,128.17762756347656,0.0,0.0,0.0,16.428972244262695,22.77293586730957,15.160016059875488,0.0,0.0,0.0
252.0,63.01511764526367,45434.65625,3813.3701171875,25234.9140625,16386.373046875,4471.7255859375,21.345199584960938,0.0,17326.15625,0.21434146165847778,37.63247299194336,2.70676589012146,5.736944198608398,4.7543206214904785,1.6165337562561035,2.6226818561553955,6.700258255004883,0.0010426094522699714,0.29609444737434387,0.733661949634552,0.0,0.0,0.0,0.0,7220.9951171875,519.3797607421875,699.9828491210938,1707.33056640625,600.8954467773438,0.0,497.98553466796875,0.02981705404818058,0.0,30.959239959716797,0.0,0.0,0.0,392.9750061035156,392.9750061035156,100.8826675415039,131.8215789794922,110.50961303710938,0.0,0.0,0.0,100.8826675415039,131.8215789794922,110.50961303710938,0.0,0.0,0.0,8.162979125976562,17.21261215209961,10.978861808776855,0.0,0.0,0.0
253.0,63.0676383972168,45555.26171875,3813.3701171875,25247.04296875,16494.849609375,4471.7255859375,20.56407928466797,0.0,18010.7265625,0.21470317244529724,37.675846099853516,2.711308717727661,5.736944198608398,4.757468223571777,1.6165337562561035,2.6226818561553955,6.701352596282959,0.0010426094522699714,0.29609444737434387,0.733661949634552,0.0,0.0,0.0,0.0,7293.50439453125,524.8705444335938,704.2340087890625,1710.137451171875,985.93505859375,0.0,488.2225341796875,0.029230432584881783,0.0,30.073348999023438,0.0,0.0,0.0,394.63958740234375,394.63958740234375,105.28295135498047,117.17110443115234,98.73255157470703,0.0,0.0,0.0,105.28295135498047,117.17110443115234,98.73255157470703,0.0,0.0,0.0,10.231184005737305,13.70846939086914,8.315193176269531,0.0,0.0,0.0
254.0,63.12007522583008,45907.69921875,3813.3701171875,25342.564453125,16751.765625,4471.7255859375,20.570762634277344,0.0,18142.31640625,0.21507440507411957,37.72037887573242,2.7158854007720947,5.736944198608398,4.759304523468018,1.6165337562561035,2.6226818561553955,6.702475070953369,0.0010426094522699714,0.29609444737434387,0.733661949634552,0.0,0.0,0.0,0.0,7326.32080078125,527.4986572265625,705.7296752929688,1733.0626220703125,987.55810546875,0.0,510.5694885253906,0.030566155910491943,0.0,33.19633865356445,0.0,0.0,0.0,396.3163757324219,396.3163757324219,105.23757934570312,132.25889587402344,107.97312927246094,0.0,0.0,0.0,105.23757934570312,132.25889587402344,107.97312927246094,0.0,0.0,0.0,10.211230278015137,18.11496353149414,11.01137638092041,0.0,0.0,0.0
255.0,63.43743133544922,46121.3203125,3813.3701171875,25505.337890625,16802.611328125,4471.7255859375,21.29852294921875,0.0,17623.8515625,0.2173185646533966,37.98955535888672,2.7438390254974365,5.736944198608398,4.770496845245361,1.6165337562561035,2.6226818561553955,6.709260940551758,0.0010426094522699714,0.29609444737434387,0.733661949634552,0.0,0.0,0.0,0.0,7271.11279296875,525.1643676757812,699.2086791992188,1671.0623779296875,816.0601196289062,0.0,461.3979797363281,0.02761034667491913,0.0,29.053014755249023,0.0,0.0,0.0,397.9681396484375,397.9681396484375,118.34882354736328,138.36080932617188,106.9133529663086,0.0,0.0,0.0,118.34882354736328,138.36080932617188,106.9133529663086,0.0,0.0,0.0,13.318506240844727,19.172014236450195,9.9736328125,0.0,0.0,0.0
256.0,63.70951843261719,46175.1328125,3813.3701171875,25559.15234375,16802.611328125,4471.7255859375,21.30624771118164,0.0,17639.94921875,0.2192080318927765,38.216033935546875,2.767446756362915,5.736944198608398,4.784899711608887,1.6165337562561035,2.6226818561553955,6.714972496032715,0.0010426094522699714,0.29609444737434387,0.733661949634552,0.0,0.0,0.0,0.0,7367.04931640625,533.4911499023438,702.2119140625,1766.220458984375,506.56964111328125,0.0,570.4169311523438,0.03412158787250519,0.0,36.31626892089844,0.0,0.0,0.0,399.5888977050781,399.5888977050781,121.15314483642578,142.11260986328125,116.47106170654297,0.0,0.0,0.0,121.15314483642578,142.11260986328125,116.47106170654297,0.0,0.0,0.0,14.131046295166016,20.261690139770508,12.761537551879883,0.0,0.0,0.0
257.0,63.85841751098633,46518.26171875,4045.669921875,25669.978515625,16802.611328125,4471.7255859375,22.488269805908203,0.0,16866.333984375,0.2202776074409485,38.34369659423828,2.7805802822113037,5.736944198608398,4.788703441619873,1.6165337562561035,2.6226818561553955,6.718200206756592,0.0010426094522699714,0.29609444737434387,0.733661949634552,0.0,0.0,0.0,0.0,7228.740234375,524.20849609375,692.4829711914062,1659.7708740234375,356.7046813964844,0.0,466.0996398925781,0.027875645086169243,0.0,31.584531784057617,0.0,0.0,0.0,401.1881408691406,401.1881408691406,106.73051452636719,141.01083374023438,116.99337005615234,0.0,0.0,0.0,106.73051452636719,141.01083374023438,116.99337005615234,0.0,0.0,0.0,8.7304048538208,18.757396697998047,11.732290267944336,0.0,0.0,0.0
258.0,64.25740814208984,46820.11328125,4045.669921875,25971.83203125,16802.611328125,4471.7255859375,22.91297149658203,0.0,16670.673828125,0.22318992018699646,38.69031524658203,2.8164753913879395,5.736944198608398,4.793488025665283,1.6165337562561035,2.6226818561553955,6.726984977722168,0.0010426094522699714,0.29609444737434387,0.733661949634552,0.0,0.0,0.0,0.0,7212.1953125,525.014404296875,688.1463623046875,1608.975830078125,335.7499084472656,0.0,424.58392333984375,0.025378335267305374,0.0,31.584531784057617,0.0,0.0,0.0,402.7396545410156,402.7396545410156,104.45206451416016,132.1273956298828,114.94198608398438,0.0,0.0,0.0,104.45206451416016,132.1273956298828,114.94198608398438,0.0,0.0,0.0,7.639255523681641,15.73429012298584,10.707559585571289,0.0,0.0,0.0
259.0,64.99268341064453,47108.2421875,4045.669921875,26259.9609375,16802.611328125,4471.7255859375,23.389198303222656,0.0,16442.58203125,0.22857576608657837,39.33073806762695,2.8830137252807617,5.736944198608398,4.800166130065918,1.6165337562561035,2.6226818561553955,6.743228912353516,0.0010426094522699714,0.29609444737434387,0.733661949634552,0.0,0.0,0.0,0.0,7208.4619140625,528.3931884765625,681.8569946289062,1531.6822509765625,326.2972717285156,0.0,362.8126220703125,0.02166343294084072,0.0,31.584531784057617,0.0,0.0,0.0,404.2666320800781,404.2666320800781,109.209228515625,125.35079193115234,120.71656036376953,0.0,0.0,0.0,109.209228515625,125.35079193115234,120.71656036376953,0.0,0.0,0.0,8.554499626159668,13.275906562805176,11.920393943786621,0.0,0.0,0.0
260.0,65.52921295166016,47339.296875,4045.669921875,26491.015625,16802.611328125,4471.7255859375,22.829708099365234,0.0,16912.697265625,0.23253101110458374,39.800018310546875,2.931771993637085,5.736944198608398,4.802777290344238,1.6165337562561035,2.6226818561553955,6.755156517028809,0.0010426094522699714,0.29609444737434387,0.733661949634552,0.0,0.0,0.0,0.0,7384.5654296875,543.9661254882812,686.7976684570312,1625.08447265625,261.11138916015625,0.0,455.64599609375,0.02718556486070156,0.0,29.053014755249023,0.0,0.0,0.0,405.7857971191406,405.7857971191406,117.96487426757812,116.44001007080078,123.72254943847656,0.0,0.0,0.0,117.96487426757812,116.44001007080078,123.72254943847656,0.0,0.0,0.0,11.675019264221191,11.228996276855469,13.359138488769531,0.0,0.0,0.0
261.0,66.30878448486328,47655.0234375,4045.669921875,26806.744140625,16802.611328125,4471.7255859375,22.980680465698242,0.0,16915.8828125,0.23828808963298798,40.48258972167969,3.0028152465820312,5.736944198608398,4.8056111335754395,1.6165337562561035,2.6226818561553955,6.772517204284668,0.0010426094522699714,0.29609444737434387,0.733661949634552,0.0,0.0,0.0,0.0,7439.64501953125,551.8391723632812,683.4234619140625,1585.79931640625,266.4466552734375,0.0,430.634521484375,0.025664621964097023,0.0,29.053014755249023,0.0,0.0,0.0,407.31512451171875,407.31512451171875,107.51639556884766,132.37661743164062,109.90332794189453,0.0,0.0,0.0,107.51639556884766,132.37661743164062,109.90332794189453,0.0,0.0,0.0,8.467864036560059,15.739479064941406,9.166043281555176,0.0,0.0,0.0
262.0,66.88843536376953,47754.921875,4045.669921875,26906.640625,16802.611328125,4471.7255859375,22.717140197753906,1.2409628629684448,17141.966796875,0.242567777633667,40.989891052246094,3.0556399822235107,5.736944198608398,4.807953357696533,1.6165337562561035,2.6226818561553955,6.7854228019714355,0.0010426094522699714,0.29609444737434387,0.733661949634552,0.0,0.0,0.0,0.0,7521.119140625,560.6707153320312,683.17626953125,1547.044189453125,336.37457275390625,0.0,429.4878234863281,0.025575080886483192,8.882832527160645,50.8427734375,0.0,0.0,0.0,408.84429931640625,408.84429931640625,134.52947998046875,155.43017578125,128.20343017578125,0.0,0.0,0.0,134.52947998046875,155.43017578125,128.20343017578125,0.0,0.0,0.0,15.391767501831055,21.505224227905273,13.541399002075195,0.0,0.0,0.0
263.0,67.17720031738281,47787.46484375,4045.669921875,26939.18359375,16802.611328125,4471.7255859375,22.27869415283203,0.0,17481.185546875,0.2446763515472412,41.23979949951172,3.0817086696624756,5.736944198608398,4.8122782707214355,1.6165337562561035,2.6226818561553955,6.791781425476074,0.0010426094522699714,0.29609444737434387,0.733661949634552,0.0,0.0,0.0,0.0,7564.0751953125,565.2373657226562,683.4963989257812,1542.6456298828125,587.0509033203125,0.0,392.9703369140625,0.023391002789139748,0.0,29.053014755249023,0.0,0.0,0.0,410.4063720703125,410.4063720703125,114.90834045410156,130.51895141601562,95.82286071777344,0.0,0.0,0.0,114.90834045410156,130.51895141601562,95.82286071777344,0.0,0.0,0.0,11.33199691772461,15.89809799194336,5.74949312210083,0.0,0.0,0.0
264.0,67.30533599853516,47799.640625,4045.669921875,26951.361328125,16802.611328125,4471.7255859375,21.83795928955078,0.0,17828.447265625,0.2455916553735733,41.348270416259766,3.0930159091949463,5.736944198608398,4.816953659057617,1.6165337562561035,2.6226818561553955,6.794541358947754,0.0010426094522699714,0.29609444737434387,0.733661949634552,0.0,0.0,0.0,0.0,7660.1953125,573.0132446289062,687.4421997070312,1605.78564453125,590.096435546875,0.0,451.2530822753906,0.02685544639825821,0.0,29.053014755249023,0.0,0.0,0.0,412.0008239746094,412.0008239746094,105.6689682006836,120.28692626953125,101.42411041259766,0.0,0.0,0.0,105.6689682006836,120.28692626953125,101.42411041259766,0.0,0.0,0.0,9.070213317871094,13.345966339111328,7.8285932540893555,0.0,0.0,0.0
265.0,67.35940551757812,47910.35546875,4045.669921875,26956.908203125,16907.779296875,4471.7255859375,21.031028747558594,0.0,18532.845703125,0.24595226347446442,41.39097595214844,3.097478151321411,5.736944198608398,4.822415351867676,1.6165337562561035,2.6226818561553955,6.795628547668457,0.0010426094522699714,0.29609444737434387,0.733661949634552,0.0,0.0,0.0,0.0,7744.18359375,579.5330810546875,691.8697509765625,1611.6636962890625,968.7510986328125,0.0,444.632568359375,0.026459598913788795,0.0,29.053014755249023,0.0,0.0,0.0,413.6207580566406,413.6207580566406,113.21741485595703,122.25745391845703,110.92223358154297,0.0,0.0,0.0,113.21741485595703,122.25745391845703,110.92223358154297,0.0,0.0,0.0,12.085066795349121,14.729276657104492,11.413723945617676,0.0,0.0,0.0
266.0,67.38560485839844,48245.43359375,4045.669921875,27030.84765625,17168.916015625,4471.7255859375,21.02212905883789,0.0,18668.24609375,0.2461400181055069,41.41314697265625,3.099701404571533,5.736944198608398,4.823461055755615,1.6165337562561035,2.6226818561553955,6.796194553375244,0.0010426094522699714,0.29609444737434387,0.733661949634552,0.0,0.0,0.0,0.0,7778.92333984375,582.23876953125,693.414794921875,1636.82763671875,970.742919921875,0.0,468.0436096191406,0.027851734310388565,0.0,29.053014755249023,0.0,0.0,0.0,415.2655944824219,415.2655944824219,117.76891326904297,134.24942016601562,117.41836547851562,0.0,0.0,0.0,117.76891326904297,134.24942016601562,117.41836547851562,0.0,0.0,0.0,13.425276756286621,18.245826721191406,13.322741508483887,0.0,0.0,0.0
267.0,67.65518951416016,48441.9765625,4045.669921875,27175.724609375,17220.58203125,4471.7255859375,21.753604888916016,0.0,18134.73828125,0.24806928634643555,41.64083480834961,3.123441219329834,5.736944198608398,4.833876132965088,1.6165337562561035,2.6226818561553955,6.802010536193848,0.0010426094522699714,0.29609444737434387,0.733661949634552,0.0,0.0,0.0,0.0,7706.4892578125,578.0568237304688,687.3656005859375,1577.1326904296875,801.9548950195312,0.0,418.201904296875,0.024876533076167107,0.0,29.053014755249023,0.0,0.0,0.0,416.8986511230469,416.8986511230469,120.3709487915039,135.8561248779297,112.63118743896484,0.0,0.0,0.0,120.3709487915039,135.8561248779297,112.63118743896484,0.0,0.0,0.0,13.454895973205566,17.98431396484375,11.19101619720459,0.0,0.0,0.0
268.0,67.8932876586914,48491.13671875,4045.669921875,27224.884765625,17220.58203125,4471.7255859375,21.758085250854492,0.0,18151.29296875,0.24974533915519714,41.83845138549805,3.144124984741211,5.736944198608398,4.8469438552856445,1.6165337562561035,2.6226818561553955,6.807062149047852,0.0010426094522699714,0.29609444737434387,0.733661949634552,0.0,0.0,0.0,0.0,7804.85498046875,586.5283813476562,690.14697265625,1679.48828125,498.13385009765625,0.0,519.584716796875,0.030897239223122597,0.0,29.053014755249023,0.0,0.0,0.0,418.5082702636719,418.5082702636719,124.09671020507812,142.41395568847656,114.3040771484375,0.0,0.0,0.0,124.09671020507812,142.41395568847656,114.3040771484375,0.0,0.0,0.0,14.540203094482422,19.897994995117188,11.675858497619629,0.0,0.0,0.0
269.0,68.02916717529297,48614.671875,4045.669921875,27348.421875,17220.58203125,4471.7255859375,22.85443115234375,0.0,17355.248046875,0.2507314085960388,41.95417404174805,3.1560676097869873,5.7381110191345215,4.850039005279541,1.6165337562561035,2.6226818561553955,6.810030937194824,0.0010426094522699714,0.29609444737434387,0.733661949634552,0.0,0.0,0.0,0.0,7647.66357421875,575.3073120117188,681.0086059570312,1563.2374267578125,350.5425720214844,0.0,420.6593933105469,0.025009846314787865,0.0,31.584531784057617,0.0,0.0,0.0,420.10101318359375,420.10101318359375,120.57902526855469,135.6751251220703,117.96798706054688,0.0,0.0,0.0,120.57902526855469,135.6751251220703,117.96798706054688,0.0,0.0,0.0,12.414934158325195,16.830543518066406,11.651204109191895,0.0,0.0,0.0
270.0,68.46997833251953,48970.94140625,4045.669921875,27704.689453125,17220.58203125,4471.7255859375,23.30556869506836,0.0,17153.91015625,0.2536953389644623,42.30115509033203,3.1918437480926514,5.77996301651001,4.854355335235596,1.6165337562561035,2.6226818561553955,6.81895112991333,0.0010426094522699714,0.29609444737434387,0.733661949634552,0.0,0.0,0.0,0.0,7627.87939453125,575.5634765625,681.7119750976562,1511.226806640625,330.05780029296875,0.0,377.3471374511719,0.022421928122639656,0.0,29.053014755249023,0.0,0.0,0.0,421.65057373046875,421.65057373046875,92.08683013916016,130.1512908935547,116.04854583740234,0.0,0.0,0.0,92.08683013916016,130.1512908935547,116.04854583740234,0.0,0.0,0.0,3.6298301219940186,14.763683319091797,10.638629913330078,0.0,0.0,0.0
271.0,69.3513412475586,49390.0859375,4045.669921875,28123.83203125,17220.58203125,5118.27099609375,23.846954345703125,0.0,16919.201171875,0.25865545868873596,42.88141632080078,3.251509428024292,5.995964050292969,4.8599019050598145,1.6165337562561035,2.6226818561553955,6.833878993988037,0.0010426094522699714,0.29609444737434387,0.733661949634552,0.0,0.0,0.0,0.0,7601.00537109375,576.350830078125,696.0068359375,1437.717041015625,320.43267822265625,0.0,312.6571350097656,0.01856033131480217,0.0,29.053014755249023,0.0,0.0,0.0,423.1771545410156,423.1771545410156,102.9379653930664,123.87882232666016,125.95748901367188,0.0,0.0,0.0,102.9379653930664,123.87882232666016,125.95748901367188,0.0,0.0,0.0,6.2624006271362305,12.387602806091309,12.995611190795898,0.0,0.0,0.0
272.0,70.23921203613281,49814.15625,4045.669921875,28547.90234375,17220.58203125,5118.27099609375,23.361278533935547,0.0,17402.9296875,0.26338276267051697,43.43345260620117,3.3095178604125977,6.251728057861328,4.863009929656982,1.6165337562561035,2.6226818561553955,6.848104953765869,0.0010426094522699714,0.29609444737434387,0.733661949634552,0.0,0.0,0.0,0.0,7784.1806640625,593.1346435546875,731.4141235351562,1503.9512939453125,256.3691711425781,0.0,399.4220886230469,0.023689357563853264,0.0,29.053014755249023,0.0,0.0,0.0,424.69818115234375,424.69818115234375,108.81573486328125,120.87786865234375,112.7221450805664,0.0,0.0,0.0,108.81573486328125,120.87786865234375,112.7221450805664,0.0,0.0,0.0,8.467324256896973,11.995499610900879,9.609950065612793,0.0,0.0,0.0
273.0,71.44064331054688,50262.05078125,4045.669921875,28995.80078125,17220.58203125,5118.27099609375,23.569942474365234,0.0,17406.19921875,0.2696167528629303,44.16101837158203,3.385963201522827,6.620245456695557,4.866922855377197,1.6165337562561035,2.6226818561553955,6.8668646812438965,0.0010426094522699714,0.29609444737434387,0.733661949634552,0.0,0.0,0.0,0.0,7824.02734375,599.8926391601562,764.923583984375,1453.9853515625,261.1396179199219,0.0,365.16998291015625,0.021631918847560883,0.0,29.053014755249023,0.0,0.0,0.0,426.2361145019531,426.2361145019531,112.58121490478516,116.07201385498047,115.3507080078125,0.0,0.0,0.0,112.58121490478516,116.07201385498047,115.3507080078125,0.0,0.0,0.0,9.360063552856445,10.381122589111328,10.170141220092773,0.0,0.0,0.0
274.0,72.29345703125,50452.6328125,4045.669921875,29186.3828125,17220.58203125,5118.27099609375,23.338783264160156,0.0,17638.841796875,0.2733864486217499,44.60090255737305,3.431699752807617,6.967300891876221,4.87194299697876,1.6165337562561035,2.6226818561553955,6.878208637237549,0.0010426094522699714,0.29609444737434387,0.733661949634552,0.0,0.0,0.0,0.0,7888.537109375,606.962890625,801.4113159179688,1435.8460693359375,329.5166015625,0.0,362.0325622558594,0.02143055759370327,0.0,29.053014755249023,0.0,0.0,0.0,427.7712707519531,427.7712707519531,111.38971710205078,122.05233001708984,122.91143798828125,0.0,0.0,0.0,111.38971710205078,122.05233001708984,122.91143798828125,0.0,0.0,0.0,9.24271011352539,12.361523628234863,12.612813949584961,0.0,0.0,0.0
275.0,72.89170837402344,50597.37109375,4045.669921875,29331.119140625,17220.58203125,5118.27099609375,22.937990188598633,0.0,17987.880859375,0.2757520377635956,44.87689971923828,3.4607646465301514,7.246534824371338,4.876410961151123,1.6165337562561035,2.6226818561553955,6.885327339172363,0.0010426094522699714,0.29609444737434387,0.733661949634552,0.0,0.0,0.0,0.0,7926.47216796875,611.2644653320312,829.89404296875,1386.8165283203125,574.4937133789062,0.0,328.9225158691406,0.019461750984191895,0.0,29.053014755249023,0.0,0.0,0.0,429.32183837890625,429.32183837890625,111.37713623046875,119.3997802734375,117.51537322998047,0.0,0.0,0.0,111.37713623046875,119.3997802734375,117.51537322998047,0.0,0.0,0.0,9.639822006225586,11.986446380615234,11.435257911682129,0.0,0.0,0.0
276.0,73.23365020751953,50643.1640625,4045.669921875,29376.9140625,17220.58203125,5118.27099609375,22.514179229736328,0.0,18332.8203125,0.27702540159225464,45.025455474853516,3.476548910140991,7.415575981140137,4.879868984222412,1.6165337562561035,2.6226818561553955,6.889158725738525,0.0010426094522699714,0.29609444737434387,0.733661949634552,0.0,0.0,0.0,0.0,8023.57666015625,619.524169921875,854.4247436523438,1437.920166015625,577.2984008789062,0.0,375.889892578125,0.022235270589590073,0.0,29.053014755249023,0.0,0.0,0.0,430.89288330078125,430.89288330078125,81.84686279296875,111.61984252929688,116.0861587524414,0.0,0.0,0.0,81.84686279296875,111.61984252929688,116.0861587524414,0.0,0.0,0.0,1.4260294437408447,10.134626388549805,11.441021919250488,0.0,0.0,0.0
277.0,73.39013671875,50760.77734375,4045.669921875,29392.68359375,17322.42578125,5118.27099609375,21.681764602661133,0.0,19057.13671875,0.2775673568248749,45.08867263793945,3.4833314418792725,7.493307590484619,4.8864545822143555,1.6165337562561035,2.6226818561553955,6.890789985656738,0.0010426094522699714,0.29609444737434387,0.733661949634552,0.0,0.0,0.0,0.0,8118.2197265625,627.1741333007812,869.260498046875,1441.2906494140625,948.040283203125,0.0,370.93829345703125,0.0219400804489851,0.0,29.053014755249023,0.0,0.0,0.0,432.487060546875,432.487060546875,113.57858276367188,125.60913848876953,114.32076263427734,0.0,0.0,0.0,113.57858276367188,125.60913848876953,114.32076263427734,0.0,0.0,0.0,11.539972305297852,15.05890941619873,11.757060050964355,0.0,0.0,0.0
278.0,73.45963287353516,51034.9453125,4045.669921875,29401.470703125,17587.802734375,5118.27099609375,21.638113021850586,0.0,19196.36328125,0.27777913212776184,45.11337661743164,3.485995292663574,7.5253729820251465,4.895666599273682,1.6165337562561035,2.6226818561553955,6.891427040100098,0.0010426094522699714,0.29609444737434387,0.733661949634552,0.0,0.0,0.0,0.0,8154.8115234375,630.1375732421875,875.5881958007812,1466.694580078125,950.1351928710938,0.0,389.70965576171875,0.02304941974580288,0.0,29.053014755249023,0.0,0.0,0.0,434.113525390625,434.113525390625,117.15596771240234,129.96969604492188,111.1610107421875,0.0,0.0,0.0,117.15596771240234,129.96969604492188,111.1610107421875,0.0,0.0,0.0,12.630008697509766,16.378021240234375,10.876483917236328,0.0,0.0,0.0
279.0,73.49502563476562,51092.953125,4045.669921875,29406.9921875,17640.29296875,5118.27099609375,22.325801849365234,0.0,18647.759765625,0.27787187695503235,45.12419891357422,3.4871230125427246,7.540627956390381,4.9030280113220215,1.6165337562561035,2.6226818561553955,6.892162799835205,0.0010426094522699714,0.29609444737434387,0.733661949634552,0.0,0.0,0.0,0.0,8052.40380859375,622.2763671875,868.135986328125,1415.623779296875,785.357177734375,0.0,352.1368408203125,0.020826194435358047,0.0,29.053014755249023,0.0,0.0,0.0,435.7309875488281,435.7309875488281,120.35508728027344,129.24819946289062,117.04664611816406,0.0,0.0,0.0,120.35508728027344,129.24819946289062,117.04664611816406,0.0,0.0,0.0,12.878061294555664,15.479297637939453,11.910343170166016,0.0,0.0,0.0
280.0,73.51204681396484,51100.1171875,4045.669921875,29414.154296875,17640.29296875,5118.27099609375,22.310773849487305,0.0,18664.775390625,0.2778935134410858,45.1267204284668,3.4873807430267334,7.547388076782227,4.908041954040527,1.6165337562561035,2.6226818561553955,6.894608020782471,0.0010426094522699714,0.29609444737434387,0.733661949634552,0.0,0.0,0.0,0.0,8137.900390625,628.8947143554688,877.3983154296875,1517.984619140625,488.8368225097656,0.0,452.2488708496094,0.02674289606511593,0.0,31.584531784057617,0.0,0.0,0.0,437.3246765136719,437.3246765136719,121.60773468017578,135.7271270751953,124.2782211303711,0.0,0.0,0.0,121.60773468017578,135.7271270751953,124.2782211303711,0.0,0.0,0.0,13.259488105773926,17.3894100189209,14.040604591369629,0.0,0.0,0.0
281.0,73.53915405273438,51619.46484375,4549.77001953125,29429.404296875,17640.29296875,5118.27099609375,23.613521575927734,0.0,17846.205078125,0.2779116928577423,45.128841400146484,3.4875986576080322,7.555147171020508,4.914313793182373,1.6165337562561035,2.6226818561553955,6.905328273773193,0.0010426094522699714,0.29609444737434387,0.733661949634552,0.0,0.0,0.0,0.0,7954.1689453125,614.7055053710938,861.7360229492188,1416.7882080078125,343.70867919921875,0.0,361.744873046875,0.021376578137278557,0.0,29.053014755249023,0.0,0.0,0.0,438.901123046875,438.901123046875,125.74923706054688,134.42918395996094,121.53744506835938,0.0,0.0,0.0,125.74923706054688,134.42918395996094,121.53744506835938,0.0,0.0,0.0,13.168130874633789,15.707016944885254,11.936182022094727,0.0,0.0,0.0
282.0,73.57322692871094,51633.20703125,4549.77001953125,29443.146484375,17640.29296875,5118.27099609375,23.910903930664062,0.0,17639.154296875,0.27792471647262573,45.13036346435547,3.4877490997314453,7.566771984100342,4.919360160827637,1.6165337562561035,2.6226818561553955,6.9210429191589355,0.0010426094522699714,0.29609444737434387,0.733661949634552,0.0,0.0,0.0,0.0,7901.88232421875,610.6705322265625,858.1263427734375,1382.5604248046875,324.2178039550781,0.0,334.3955078125,0.019740652292966843,0.0,29.053014755249023,0.0,0.0,0.0,440.43719482421875,440.43719482421875,109.63188171386719,132.03260803222656,119.07706451416016,0.0,0.0,0.0,109.63188171386719,132.03260803222656,119.07706451416016,0.0,0.0,0.0,8.156421661376953,14.70863151550293,10.919137001037598,0.0,0.0,0.0
283.0,73.60551452636719,51704.73046875,4549.77001953125,29514.669921875,17640.29296875,5118.27099609375,24.29244041442871,0.0,17397.8046875,0.27792662382125854,45.130584716796875,3.487766742706299,7.594908714294434,4.920135974884033,1.6165337562561035,2.6226818561553955,6.924179553985596,0.0010426094522699714,0.29609444737434387,0.733661949634552,0.0,0.0,0.0,0.0,7836.291015625,605.6015625,855.0171508789062,1335.7327880859375,316.377685546875,0.0,298.7439270019531,0.01763239875435829,0.0,29.053014755249023,0.0,0.0,0.0,441.9598388671875,441.9598388671875,84.20944213867188,129.94183349609375,120.4724349975586,0.0,0.0,0.0,84.20944213867188,129.94183349609375,120.4724349975586,0.0,0.0,0.0,0.33882102370262146,13.715547561645508,10.945748329162598,0.0,0.0,0.0
284.0,73.85481262207031,51887.30859375,4549.77001953125,29697.24609375,17640.29296875,5118.27099609375,23.67793846130371,0.0,17895.2109375,0.2779330015182495,45.13133239746094,3.487840175628662,7.824663162231445,4.922812461853027,1.6165337562561035,2.6226818561553955,6.940215110778809,0.0010426094522699714,0.29609444737434387,0.733661949634552,0.0,0.0,0.0,0.0,7979.72021484375,616.6888427734375,892.6341552734375,1444.749267578125,254.09654235839844,0.0,393.3851318359375,0.023194581270217896,0.0,29.053014755249023,0.0,0.0,0.0,443.4866638183594,443.4866638183594,107.18383026123047,126.66724395751953,113.12752532958984,0.0,0.0,0.0,107.18383026123047,126.66724395751953,113.12752532958984,0.0,0.0,0.0,7.6733317375183105,13.372230529785156,9.41186237335205,0.0,0.0,0.0
285.0,74.26104736328125,52034.40625,4549.77001953125,29844.34375,17640.29296875,5118.27099609375,23.743614196777344,0.0,17898.564453125,0.27794092893600464,45.13225555419922,3.487931966781616,8.202836036682129,4.926505088806152,1.6165337562561035,2.6226818561553955,6.963562965393066,0.0010426094522699714,0.29609444737434387,0.733661949634552,0.0,0.0,0.0,0.0,7963.708984375,615.455078125,930.82568359375,1423.4862060546875,260.18890380859375,0.0,388.31787109375,0.022861845791339874,0.0,29.053014755249023,0.0,0.0,0.0,445.03765869140625,445.03765869140625,118.15594482421875,119.68936157226562,121.8457260131836,0.0,0.0,0.0,118.15594482421875,119.68936157226562,121.8457260131836,0.0,0.0,0.0,10.816999435424805,11.265523910522461,11.896259307861328,0.0,0.0,0.0
286.0,74.54472351074219,52124.72265625,4549.77001953125,29934.658203125,17640.29296875,5118.27099609375,23.462385177612305,0.0,18137.771484375,0.2779443562030792,45.13265609741211,3.487971782684326,8.471505165100098,4.930068016052246,1.6165337562561035,2.6226818561553955,6.974562168121338,0.0010426094522699714,0.29609444737434387,0.733661949634552,0.0,0.0,0.0,0.0,7998.84619140625,618.1720581054688,962.2789916992188,1431.6180419921875,329.45458984375,0.0,401.182373046875,0.023602737113833427,0.0,29.053014755249023,0.0,0.0,0.0,446.59234619140625,446.59234619140625,118.3026351928711,116.73682403564453,115.94805145263672,0.0,0.0,0.0,118.3026351928711,116.73682403564453,115.94805145263672,0.0,0.0,0.0,11.14113712310791,10.683135986328125,10.452420234680176,0.0,0.0,0.0
287.0,74.84429931640625,52229.21484375,4549.77001953125,30039.154296875,17640.29296875,5118.27099609375,23.039310455322266,0.0,18496.671875,0.27794715762138367,45.13298416137695,3.488004207611084,8.757113456726074,4.934291839599609,1.6165337562561035,2.6226818561553955,6.983942031860352,0.0010426094522699714,0.29609444737434387,0.733661949634552,0.0,0.0,0.0,0.0,8017.203125,619.592041015625,993.462890625,1398.4654541015625,575.5736694335938,0.0,377.4313659667969,0.022192182019352913,0.0,29.053014755249023,0.0,0.0,0.0,448.1640319824219,448.1640319824219,114.04772186279297,108.14511108398438,121.75647735595703,0.0,0.0,0.0,114.04772186279297,108.14511108398438,121.75647735595703,0.0,0.0,0.0,10.319646835327148,8.593133926391602,12.57446002960205,0.0,0.0,0.0
288.0,75.0492935180664,52262.296875,4549.77001953125,30072.234375,17640.29296875,5118.27099609375,22.62221908569336,0.0,18839.296875,0.27794888615608215,45.133182525634766,3.4880239963531494,8.952291488647461,4.938047409057617,1.6165337562561035,2.6226818561553955,6.9897847175598145,0.0010426094522699714,0.29609444737434387,0.733661949634552,0.0,0.0,0.0,0.0,8100.00146484375,625.9917602539062,1022.5762939453125,1452.9853515625,578.81640625,0.0,428.016845703125,0.025157177820801735,0.0,31.584531784057617,0.0,0.0,0.0,449.7552185058594,449.7552185058594,77.67854309082031,127.67857360839844,117.4612045288086,0.0,0.0,0.0,77.67854309082031,127.67857360839844,117.4612045288086,0.0,0.0,0.0,0.0987551361322403,14.723763465881348,11.735182762145996,0.0,0.0,0.0
289.0,75.14909362792969,52373.6796875,4549.77001953125,30084.17578125,17739.732421875,5118.27099609375,21.781147003173828,0.0,19583.62109375,0.27794960141181946,45.133270263671875,3.488032579421997,9.042346000671387,4.94511079788208,1.6165337562561035,2.6226818561553955,6.992368698120117,0.0010426094522699714,0.29609444737434387,0.733661949634552,0.0,0.0,0.0,0.0,8192.1669921875,633.1149291992188,1040.97265625,1462.9957275390625,951.1058959960938,0.0,427.7693176269531,0.02513851784169674,0.0,31.584531784057617,0.0,0.0,0.0,451.3798828125,451.3798828125,108.30894470214844,132.40301513671875,114.5287857055664,0.0,0.0,0.0,108.30894470214844,132.40301513671875,114.5287857055664,0.0,0.0,0.0,9.89922046661377,16.946735382080078,11.718523979187012,0.0,0.0,0.0
290.0,75.1970443725586,52650.74609375,4549.77001953125,30092.2421875,18008.732421875,5118.27099609375,21.734821319580078,0.0,19726.6796875,0.27794989943504333,45.13330078125,3.4880359172821045,9.079466819763184,4.954535484313965,1.6165337562561035,2.6226818561553955,6.993736267089844,0.0010426094522699714,0.29609444737434387,0.733661949634552,0.0,0.0,0.0,0.0,8227.1318359375,635.8171997070312,1048.546630859375,1490.195556640625,953.3693237304688,0.0,447.75653076171875,0.02631082572042942,0.0,31.584531784057617,0.0,0.0,0.0,453.0492858886719,453.0492858886719,113.8724594116211,137.07481384277344,116.5875244140625,0.0,0.0,0.0,113.8724594116211,137.07481384277344,116.5875244140625,0.0,0.0,0.0,11.572871208190918,18.359560012817383,12.367029190063477,0.0,0.0,0.0
291.0,75.22538757324219,52709.57421875,4549.77001953125,30097.88671875,18061.91796875,5118.27099609375,22.42555046081543,0.0,19162.908203125,0.2779500186443329,45.13331985473633,3.488037586212158,9.098548889160156,4.962930202484131,1.6165337562561035,2.6226818561553955,6.994588375091553,0.0010426094522699714,0.29609444737434387,0.733661949634552,0.0,0.0,0.0,0.0,8121.5927734375,627.660888671875,1039.544189453125,1436.9947509765625,787.9886474609375,0.0,407.9359130859375,0.023969613015651703,0.0,31.27290153503418,0.0,0.0,0.0,454.71795654296875,454.71795654296875,122.45317840576172,135.07904052734375,113.2666015625,0.0,0.0,0.0,122.45317840576172,135.07904052734375,113.2666015625,0.0,0.0,0.0,13.392005920410156,17.085071563720703,10.704930305480957,0.0,0.0,0.0
292.0,75.24031066894531,52713.25390625,4549.77001953125,30101.56640625,18061.91796875,5118.27099609375,22.408905029296875,0.0,19180.384765625,0.27795007824897766,45.133323669433594,3.4880380630493164,9.10511302947998,4.9702959060668945,1.6165337562561035,2.6226818561553955,6.99557638168335,0.0010426094522699714,0.29609444737434387,0.733661949634552,0.0,0.0,0.0,0.0,8206.9208984375,634.25537109375,1049.9310302734375,1548.36767578125,490.438232421875,0.0,501.6070251464844,0.029471738263964653,0.0,31.584531784057617,0.0,0.0,0.0,456.3689270019531,456.3689270019531,123.06392669677734,141.42190551757812,116.39450073242188,0.0,0.0,0.0,123.06392669677734,141.42190551757812,116.39450073242188,0.0,0.0,0.0,13.58729362487793,18.957002639770508,11.636487007141113,0.0,0.0,0.0
293.0,75.25386810302734,52721.24609375,4549.77001953125,30109.560546875,18061.91796875,5118.27099609375,23.482986450195312,0.0,18339.197265625,0.27795010805130005,45.13332748413086,3.4880383014678955,9.1078519821167,4.974888801574707,1.6165337562561035,2.6226818561553955,7.001797676086426,0.0010426094522699714,0.29609444737434387,0.733661949634552,0.0,0.0,0.0,0.0,8020.03173828125,619.81201171875,1030.36962890625,1434.166748046875,344.796142578125,0.0,414.172119140625,0.024324988946318626,0.0,31.51685905456543,0.0,0.0,0.0,458.0071716308594,458.0071716308594,119.38459014892578,138.8937225341797,121.14310455322266,0.0,0.0,0.0,119.38459014892578,138.8937225341797,121.14310455322266,0.0,0.0,0.0,11.437007904052734,17.143428802490234,11.951372146606445,0.0,0.0,0.0
294.0,75.27587127685547,52732.6953125,4549.77001953125,30121.0078125,18061.91796875,5118.27099609375,23.77777099609375,0.0,18126.427734375,0.27795010805130005,45.13332748413086,3.4880383014678955,9.114124298095703,4.978940486907959,1.6165337562561035,2.6226818561553955,7.013472080230713,0.0010426094522699714,0.29609444737434387,0.733661949634552,0.0,0.0,0.0,0.0,7967.03125,615.7160034179688,1025.2684326171875,1401.4384765625,325.2435302734375,0.0,386.2000732421875,0.022665346041321754,0.0,29.053014755249023,0.0,0.0,0.0,459.60723876953125,459.60723876953125,103.46122741699219,129.8376922607422,117.77339935302734,0.0,0.0,0.0,103.46122741699219,129.8376922607422,117.77339935302734,0.0,0.0,0.0,6.484637260437012,14.199753761291504,10.670947074890137,0.0,0.0,0.0
295.0,75.30215454101562,52810.1015625,4549.77001953125,30198.4140625,18061.91796875,5118.27099609375,24.15944480895996,0.0,17878.3984375,0.27795010805130005,45.13332748413086,3.4880385398864746,9.137350082397461,4.979576587677002,1.6165337562561035,2.6226818561553955,7.015892505645752,0.0010426094522699714,0.29609444737434387,0.733661949634552,0.0,0.0,0.0,0.0,7899.673828125,610.5103759765625,1019.7100219726562,1355.4620361328125,317.3077697753906,0.0,349.5838928222656,0.02051318623125553,0.0,29.053014755249023,0.0,0.0,0.0,461.1907958984375,461.1907958984375,99.9964828491211,127.20890045166016,115.71615600585938,0.0,0.0,0.0,99.9964828491211,127.20890045166016,115.71615600585938,0.0,0.0,0.0,5.089527606964111,13.049158096313477,9.687531471252441,0.0,0.0,0.0
296.0,75.57263946533203,52956.65625,4549.77001953125,30344.966796875,18061.91796875,5118.27099609375,23.53019142150879,0.0,18389.5390625,0.27795013785362244,45.133331298828125,3.4880385398864746,9.380125045776367,4.983813762664795,1.6165337562561035,2.6226818561553955,7.039366245269775,0.0010426094522699714,0.29609444737434387,0.733661949634552,0.0,0.0,0.0,0.0,8045.892578125,621.8106079101562,1061.4906005859375,1462.3299560546875,254.91302490234375,0.0,445.9847412109375,0.026131073012948036,0.0,31.584531784057617,0.0,0.0,0.0,462.7742614746094,462.7742614746094,97.36722564697266,126.8831558227539,120.27365112304688,0.0,0.0,0.0,97.36722564697266,126.8831558227539,120.27365112304688,0.0,0.0,0.0,4.949721813201904,13.583130836486816,11.649850845336914,0.0,0.0,0.0
297.0,75.81914520263672,53007.234375,4549.77001953125,30395.544921875,18061.91796875,5118.27099609375,23.55126190185547,0.0,18392.978515625,0.27795013785362244,45.133331298828125,3.4880387783050537,9.600982666015625,4.987215995788574,1.6165337562561035,2.6226818561553955,7.0616068840026855,0.0010426094522699714,0.29609444737434387,0.733661949634552,0.0,0.0,0.0,0.0,8036.19775390625,621.0614013671875,1083.2696533203125,1449.2408447265625,261.1883544921875,0.0,442.17449951171875,0.02587147057056427,0.0,31.584531784057617,0.0,0.0,0.0,464.3804016113281,464.3804016113281,110.8227767944336,125.94793701171875,113.3427734375,0.0,0.0,0.0,110.8227767944336,125.94793701171875,113.3427734375,0.0,0.0,0.0,8.864400863647461,13.288509368896484,9.601499557495117,0.0,0.0,0.0
298.0,75.95047760009766,53023.23828125,4549.77001953125,30411.548828125,18061.91796875,5118.27099609375,23.238855361938477,0.0,18638.77734375,0.27795013785362244,45.133331298828125,3.4880387783050537,9.718527793884277,4.988884449005127,1.6165337562561035,2.6226818561553955,7.073731899261475,0.0010426094522699714,0.29609444737434387,0.733661949634552,0.0,0.0,0.0,0.0,8078.15380859375,624.3038940429688,1099.99658203125,1466.1839599609375,330.92266845703125,0.0,457.5268249511719,0.0267492588609457,0.0,31.584531784057617,0.0,0.0,0.0,465.9883117675781,465.9883117675781,119.70996856689453,110.54723358154297,118.43087768554688,0.0,0.0,0.0,119.70996856689453,110.54723358154297,118.43087768554688,0.0,0.0,0.0,11.776310920715332,9.096211433410645,11.402175903320312,0.0,0.0,0.0
299.0,76.0089111328125,53028.30078125,4549.77001953125,30416.61328125,18061.91796875,5118.27099609375,22.776081085205078,0.0,19007.587890625,0.27795013785362244,45.133331298828125,3.4880387783050537,9.770421981811523,4.989988803863525,1.6165337562561035,2.6226818561553955,7.079168319702148,0.0010426094522699714,0.29609444737434387,0.733661949634552,0.0,0.0,0.0,0.0,8106.484375,626.4933471679688,1108.0789794921875,1446.5616455078125,578.6655883789062,0.0,437.6063537597656,0.025575842708349228,0.0,31.584531784057617,0.0,0.0,0.0,467.61041259765625,467.61041259765625,108.03760528564453,108.04944610595703,121.454833984375,0.0,0.0,0.0,108.03760528564453,108.04944610595703,121.454833984375,0.0,0.0,0.0,8.824917793273926,8.828381538391113,12.749457359313965,0.0,0.0,0.0
300.0,76.03274536132812,53030.6875,4549.77001953125,30419.0,18061.91796875,5118.27099609375,22.36454963684082,0.0,19347.8515625,0.27795013785362244,45.133331298828125,3.4880387783050537,9.7888822555542,4.993409633636475,1.6165337562561035,2.6226818561553955,7.08111572265625,0.0010426094522699714,0.29609444737434387,0.733661949634552,0.0,0.0,0.0,0.0,8194.5390625,633.2984619140625,1119.9283447265625,1512.271728515625,582.1968994140625,0.0,489.2033996582031,0.02858792617917061,0.0,31.584531784057617,0.0,0.0,0.0,469.2541809082031,469.2541809082031,79.84869384765625,122.59552001953125,112.34322357177734,0.0,0.0,0.0,79.84869384765625,122.59552001953125,112.34322357177734,0.0,0.0,0.0,0.9911922216415405,13.494640350341797,10.495842933654785,0.0,0.0,0.0
