time,Total Generation Capacity,Total Transmission,Transmission for Interconnection km,Total Transmission for Generation Connection,Total Transmission for Demand Connection,Total Interconnection Capacity,Transmission Tariff[f0],Congestion Tariff[f0],National Peak Demand[f0],Generation Capacity by Tech[TBiomass],Generation Capacity by Tech[TWindOnS],Generation Capacity by Tech[TWindOffS],Generation Capacity by Tech[TPV],Generation Capacity by Tech[THydroDam],Generation Capacity by Tech[THRoR],Generation Capacity by Tech[TThermo1],Generation Capacity by Tech[TThermo2],Generation Capacity by Tech[TGeothermal],Generation Capacity by Tech[TPVBESSOp1],Generation Capacity by Tech[TPVBESSOp2],Generation Capacity by Tech[TOther1],Generation Capacity by Tech[TOther2],Generation Capacity by Tech[TOther3],Generation by Tech per Month[TBiomass],Generation by Tech per Month[TWindOnS],Generation by Tech per Month[TWindOffS],Generation by Tech per Month[TPV],Generation by Tech per Month[THydroDam],Generation by Tech per Month[THRoR],Generation by Tech per Month[TThermo1],Generation by Tech per Month[TThermo2],Generation by Tech per Month[TGeothermal],Generation by Tech per Month[TPVBESSOp1],Generation by Tech per Month[TPVBESSOp2],Generation by Tech per Month[TOther1],Generation by Tech per Month[TOther2],Generation by Tech per Month[TOther3],Generation by Tech per Month[DERBESS],Generation by Tech per Month[DER],"Electricity Tariff[Regulated,Z1]","Electricity Tariff[Regulated,Z2]","Electricity Tariff[Regulated,Z3]","Electricity Tariff[Regulated,Z4]","Electricity Tariff[Regulated,Z5]","Electricity Tariff[Regulated,Z6]","Electricity Tariff[Unregulated,Z1]","Electricity Tariff[Unregulated,Z2]","Electricity Tariff[Unregulated,Z3]","Electricity Tariff[Unregulated,Z4]","Electricity Tariff[Unregulated,Z5]","Electricity Tariff[Unregulated,Z6]","Generation Tariff[f0,Z1]","Generation Tariff[f0,Z2]","Generation Tariff[f0,Z3]","Generation Tariff[f0,Z4]","Generation Tariff[f0,Z5]","Generation Tariff[f0,Z6]"
0.0,14.057049751281738,16177.3701171875,1836.469970703125,5622.81982421875,8718.080078125,1600.0,16.893709182739258,0.9912989735603333,7532.21728515625,0.06656000018119812,1.021299958229065,0.0,0.4778200089931488,3.705590009689331,1.5324699878692627,2.6226699352264404,4.630640029907227,0.0,0.0,0.0,0.0,0.0,0.0,0.0,279.896484375,0.0,79.0820083618164,2668.02490234375,894.5088500976562,0.0,1152.0262451171875,0.0,0.0,0.0,0.0,0.0,0.0,0.0046911598183214664,0.0046911598183214664,181.14532470703125,182.1839599609375,196.01895141601562,0.0,0.0,0.0,181.14532470703125,182.1839599609375,196.01895141601562,0.0,0.0,0.0,35.10000228881836,35.40380096435547,39.45053482055664,0.0,0.0,0.0
1.0,14.069549560546875,16177.3701171875,1836.469970703125,5622.81982421875,8718.080078125,1600.0,16.2529354095459,0.0,7830.95166015625,0.06656000018119812,1.021299958229065,0.0,0.4778200089931488,3.705590009689331,1.5449700355529785,2.6226699352264404,4.630640029907227,0.0,0.0,0.0,0.0,0.0,0.0,0.0,279.896484375,0.0,79.0820083618164,2668.02490234375,1112.37841796875,0.0,1134.181396484375,0.0,0.0,0.0,0.0,0.0,0.0,1.2009358406066895,1.2009358406066895,149.27838134765625,174.46446228027344,179.67942810058594,0.0,0.0,0.0,149.27838134765625,174.46446228027344,179.67942810058594,0.0,0.0,0.0,27.410991668701172,34.77791976928711,36.30329513549805,0.0,0.0,0.0
2.0,14.069549560546875,16182.3701171875,1836.469970703125,5627.81982421875,8718.080078125,1600.0,16.141382217407227,0.0,7889.30615234375,0.06656000018119812,1.021299958229065,0.0,0.4778200089931488,3.705590009689331,1.5449700355529785,2.6226699352264404,4.630640029907227,0.0,0.0,0.0,0.0,0.0,0.0,0.0,279.896484375,0.0,79.0820083618164,2668.02490234375,1112.37841796875,0.0,1172.2681884765625,0.0,0.0,0.0,0.0,0.0,0.0,2.4205543994903564,2.4205543994903564,91.98299407958984,174.98834228515625,170.100830078125,0.0,0.0,0.0,91.98299407958984,174.98834228515625,170.100830078125,0.0,0.0,0.0,10.763642311096191,35.04270553588867,33.61310958862305,0.0,0.0,0.0
3.0,14.069549560546875,16182.3701171875,1836.469970703125,5627.81982421875,8718.080078125,1600.0,16.617908477783203,0.0,7664.95166015625,0.06656000018119812,1.021299958229065,0.0,0.4778200089931488,3.705590009689331,1.5449700355529785,2.6226699352264404,4.630640029907227,0.0,0.0,0.0,0.0,0.0,0.0,0.0,279.896484375,0.0,79.0820083618164,2668.02490234375,925.83251953125,0.0,1206.5006103515625,0.0,0.0,0.0,0.0,0.0,0.0,3.6137609481811523,3.6137609481811523,56.83766555786133,177.21844482421875,187.18850708007812,0.0,0.0,0.0,56.83766555786133,177.21844482421875,187.18850708007812,0.0,0.0,0.0,0.007109716068953276,35.21849060058594,38.13473129272461,0.0,0.0,0.0
4.0,14.069549560546875,16182.3701171875,1836.469970703125,5627.81982421875,8718.080078125,1600.0,16.604042053222656,0.0,7673.0595703125,0.06656000018119812,1.021299958229065,0.0,0.4778200089931488,3.705590009689331,1.5449700355529785,2.6226699352264404,4.630640029907227,0.0,0.0,0.0,0.0,0.0,0.0,0.0,279.896484375,0.0,79.0820083618164,2668.02490234375,572.429931640625,0.0,1564.2117919921875,0.0,0.0,0.0,0.0,0.0,0.0,4.766457557678223,4.766457557678223,122.86188507080078,184.2527618408203,187.5758819580078,0.0,0.0,0.0,122.86188507080078,184.2527618408203,187.5758819580078,0.0,0.0,0.0,19.333059310913086,37.28989028930664,38.261905670166016,0.0,0.0,0.0
5.0,14.069549560546875,16182.3701171875,1836.469970703125,5627.81982421875,8718.080078125,1600.0,17.367786407470703,0.0,7337.62109375,0.06656000018119812,1.021299958229065,0.0,0.4778200089931488,3.705590009689331,1.5449700355529785,2.6226699352264404,4.630640029907227,0.0,0.0,0.0,0.0,0.0,0.0,0.0,279.896484375,0.0,79.0820083618164,1169.3662109375,407.575439453125,0.0,3000.65478515625,0.0,0.0,0.0,0.0,0.0,0.0,5.892054557800293,5.892054557800293,231.6847381591797,219.37704467773438,232.02655029296875,0.0,0.0,0.0,231.6847381591797,219.37704467773438,232.02655029296875,0.0,0.0,0.0,50.400001525878906,46.79999923706055,50.49998092651367,0.0,0.0,0.0
6.0,14.069549560546875,16182.3701171875,1836.469970703125,5627.81982421875,8718.080078125,1600.0,17.57335090637207,0.0,7253.54443359375,0.06656000018119812,1.021299958229065,0.0,0.4778200089931488,3.705590009689331,1.5449700355529785,2.6226699352264404,4.630640029907227,0.0,0.0,0.0,0.0,0.0,0.0,11.96236801147461,279.896484375,0.0,79.0820083618164,1121.349609375,385.8840637207031,0.0,3000.65478515625,0.0,0.0,0.0,0.0,0.0,0.0,7.005685806274414,7.005685806274414,232.3875274658203,233.13490295410156,232.72935485839844,0.0,0.0,0.0,232.3875274658203,233.13490295410156,232.72935485839844,0.0,0.0,0.0,50.400001525878906,50.61861038208008,50.49998474121094,0.0,0.0,0.0
7.0,14.069549560546875,16182.3701171875,1836.469970703125,5627.81982421875,8718.080078125,1600.0,17.81914520263672,0.0,7155.32763671875,0.06656000018119812,1.021299958229065,0.0,0.4778200089931488,3.705590009689331,1.5449700355529785,2.6226699352264404,4.630640029907227,0.0,0.0,0.0,0.0,0.0,0.0,11.96236801147461,279.896484375,0.0,79.0820083618164,1061.6158447265625,378.31988525390625,0.0,3000.65478515625,0.0,0.0,0.0,0.0,0.0,0.0,8.146533966064453,8.146533966064453,233.22784423828125,234.7523651123047,233.56973266601562,0.0,0.0,0.0,233.22784423828125,234.7523651123047,233.56973266601562,0.0,0.0,0.0,50.400001525878906,50.845924377441406,50.5,0.0,0.0,0.0
8.0,14.278849601745605,16182.3701171875,1836.469970703125,5627.81982421875,8718.080078125,1600.0,17.324661254882812,0.0,7360.96826171875,0.06656000018119812,1.021299958229065,0.0,0.4778200089931488,3.9148900508880615,1.5449700355529785,2.6226699352264404,4.630640029907227,0.0,0.0,0.0,0.0,0.0,0.0,30.670848846435547,279.896484375,0.0,79.0820083618164,1257.7716064453125,300.787109375,0.0,3000.65478515625,0.0,0.0,0.0,0.0,0.0,0.0,9.330300331115723,9.330300331115723,235.50311279296875,236.3887481689453,231.8943328857422,0.0,0.0,0.0,235.50311279296875,236.3887481689453,231.8943328857422,0.0,0.0,0.0,51.55999755859375,51.81904602050781,50.504432678222656,0.0,0.0,0.0
9.0,14.278849601745605,16266.08984375,1836.469970703125,5711.5400390625,8718.080078125,1600.0,17.412878036499023,0.0,7363.4150390625,0.06656000018119812,1.021299958229065,0.0,0.4778200089931488,3.9148900508880615,1.5449700355529785,2.6226699352264404,4.630640029907227,0.0,0.0,0.0,0.0,0.0,0.0,30.670848846435547,279.896484375,0.0,79.0820083618164,1250.497802734375,308.4625244140625,0.0,3000.65478515625,0.0,0.0,0.0,0.0,0.0,0.0,10.577033042907715,10.577033042907715,235.80471801757812,234.16429138183594,232.1805877685547,0.0,0.0,0.0,235.80471801757812,234.16429138183594,232.1805877685547,0.0,0.0,0.0,51.560001373291016,51.080177307128906,50.499942779541016,0.0,0.0,0.0
10.0,14.278849601745605,16266.08984375,1836.469970703125,5711.5400390625,8718.080078125,1600.0,17.1846981048584,0.0,7462.904296875,0.06656000018119812,1.021299958229065,0.0,0.4778200089931488,3.9148900508880615,1.5449700355529785,2.6226699352264404,4.630640029907227,0.0,0.0,0.0,0.0,0.0,0.0,11.96236801147461,279.896484375,0.0,79.0820083618164,1253.6082763671875,389.77740478515625,0.0,3000.65478515625,0.0,0.0,0.0,0.0,0.0,0.0,11.873856544494629,11.873856544494629,231.0587921142578,224.17739868164062,232.43978881835938,0.0,0.0,0.0,231.0587921142578,224.17739868164062,232.43978881835938,0.0,0.0,0.0,50.400001525878906,48.38719177246094,50.80393981933594,0.0,0.0,0.0
11.0,14.278849601745605,16266.08984375,1836.469970703125,5711.5400390625,8718.080078125,1600.0,16.85248374938965,0.0,7611.68603515625,0.06656000018119812,1.021299958229065,0.0,0.4778200089931488,3.9148900508880615,1.5449700355529785,2.6226699352264404,4.630640029907227,0.0,0.0,0.0,0.0,0.0,0.0,0.0,279.896484375,0.0,79.0820083618164,1073.544677734375,680.6643676757812,0.0,3000.65478515625,0.0,0.0,0.0,0.0,0.0,0.0,13.229193687438965,13.229193687438965,229.9230194091797,217.61532592773438,230.26473999023438,0.0,0.0,0.0,229.9230194091797,217.61532592773438,230.26473999023438,0.0,0.0,0.0,50.400001525878906,46.79999923706055,50.49995040893555,0.0,0.0,0.0
12.0,14.278849601745605,16266.08984375,1836.469970703125,5711.5400390625,8718.080078125,1600.0,16.06292724609375,0.0,7986.97802734375,0.06656000018119812,1.021299958229065,0.0,0.4778200089931488,3.9148900508880615,1.5449700355529785,2.6226699352264404,4.630640029907227,0.0,0.0,0.0,0.0,0.0,0.0,0.0,279.896484375,0.0,79.0820083618164,2818.720703125,901.80517578125,0.0,1285.703369140625,0.0,0.0,0.0,0.0,0.0,0.0,14.652586936950684,14.652586936950684,160.74610900878906,180.08572387695312,191.44007873535156,0.0,0.0,0.0,160.74610900878906,180.08572387695312,191.44007873535156,0.0,0.0,0.0,30.955310821533203,36.612144470214844,39.93329620361328,0.0,0.0,0.0
13.0,14.755249977111816,16352.4482421875,1836.469970703125,5711.5400390625,8804.4384765625,1600.0,15.534708976745605,0.0,8303.734375,0.06656000018119812,1.021299958229065,0.0,0.934220016002655,3.9148900508880615,1.5649700164794922,2.6226699352264404,4.630640029907227,0.0,0.0,0.0,0.0,0.0,0.0,0.0,279.896484375,0.0,154.6413116455078,2818.720703125,1126.7784423828125,0.0,1197.053955078125,0.0,0.0,0.0,0.0,0.0,0.0,16.12992286682129,16.12992286682129,170.48626708984375,173.48065185546875,167.26319885253906,0.0,0.0,0.0,170.48626708984375,173.48065185546875,167.26319885253906,0.0,0.0,0.0,34.332523345947266,35.2083854675293,33.389774322509766,0.0,0.0,0.0
14.0,14.755249977111816,16767.06640625,1836.469970703125,5902.10009765625,9028.49609375,1600.0,15.814626693725586,0.0,8365.6083984375,0.06656000018119812,1.021299958229065,0.0,0.934220016002655,3.9148900508880615,1.5649700164794922,2.6226699352264404,4.630640029907227,0.0,0.0,0.0,0.0,0.0,0.0,0.0,279.896484375,0.0,154.6413116455078,2818.720703125,1126.7784423828125,0.0,1237.244384765625,0.0,0.0,0.0,0.0,0.0,0.0,17.616134643554688,17.616134643554688,114.52923583984375,175.40415954589844,165.2029571533203,0.0,0.0,0.0,114.52923583984375,175.40415954589844,165.2029571533203,0.0,0.0,0.0,17.6851749420166,35.491092681884766,32.507240295410156,0.0,0.0,0.0
15.0,14.755249977111816,16811.521484375,1836.469970703125,5902.10009765625,9072.9521484375,1600.0,16.326499938964844,0.0,8127.70068359375,0.06656000018119812,1.021299958229065,0.0,0.934220016002655,3.9148900508880615,1.5649700164794922,2.6226699352264404,4.630640029907227,0.0,0.0,0.0,0.0,0.0,0.0,0.0,279.896484375,0.0,154.6413116455078,2818.720703125,937.8176879882812,0.0,1264.5172119140625,0.0,0.0,0.0,0.0,0.0,0.0,19.054655075073242,19.054655075073242,79.5047607421875,177.76573181152344,169.8979034423828,0.0,0.0,0.0,79.5047607421875,177.76573181152344,169.8979034423828,0.0,0.0,0.0,6.928642749786377,35.669979095458984,33.36863708496094,0.0,0.0,0.0
16.0,14.755249977111816,16811.521484375,1836.469970703125,5902.10009765625,9072.9521484375,1600.0,16.313312530517578,0.0,8136.28955078125,0.06656000018119812,1.021299958229065,0.0,0.934220016002655,3.9148900508880615,1.5649700164794922,2.6226699352264404,4.630640029907227,0.0,0.0,0.0,0.0,0.0,0.0,0.0,279.896484375,0.0,154.6413116455078,2818.720703125,579.8401489257812,0.0,1626.9046630859375,0.0,0.0,0.0,0.0,0.0,0.0,20.429733276367188,20.429733276367188,141.73971557617188,185.67848205566406,166.81741333007812,0.0,0.0,0.0,141.73971557617188,185.67848205566406,166.81741333007812,0.0,0.0,0.0,25.145553588867188,37.997642517089844,32.480777740478516,0.0,0.0,0.0
17.0,14.755249977111816,16811.521484375,1836.469970703125,5902.10009765625,9072.9521484375,1600.0,17.066373825073242,0.0,7780.58447265625,0.06656000018119812,1.021299958229065,0.0,0.934220016002655,3.9148900508880615,1.5649700164794922,2.6226699352264404,4.630640029907227,0.0,0.0,0.0,0.0,0.0,0.0,0.0,279.896484375,0.0,154.6413116455078,1371.0343017578125,412.8515930175781,0.0,3000.65478515625,0.0,0.0,0.0,0.0,0.0,0.0,21.75947380065918,21.75947380065918,230.65426635742188,218.34657287597656,230.99615478515625,0.0,0.0,0.0,230.65426635742188,218.34657287597656,230.99615478515625,0.0,0.0,0.0,50.400001525878906,46.79999923706055,50.5,0.0,0.0,0.0
18.0,14.755249977111816,16811.521484375,1836.469970703125,5902.10009765625,9072.9521484375,1600.0,17.269420623779297,0.0,7691.416015625,0.06656000018119812,1.021299958229065,0.0,0.934220016002655,3.9148900508880615,1.5649700164794922,2.6226699352264404,4.630640029907227,0.0,0.0,0.0,0.0,0.0,0.0,30.670848846435547,279.896484375,0.0,154.6413116455078,420.2856140136719,390.8794250488281,880.6864013671875,3000.65478515625,0.0,0.0,0.0,0.0,0.0,0.0,23.061248779296875,23.061248779296875,271.4851989746094,237.0435028076172,234.82872009277344,0.0,0.0,0.0,271.4851989746094,237.0435028076172,234.82872009277344,0.0,0.0,0.0,62.13999938964844,52.06580352783203,51.4179801940918,0.0,0.0,0.0
19.0,14.755249977111816,16811.521484375,1836.469970703125,5902.10009765625,9072.9521484375,1600.0,17.512086868286133,0.0,7587.2734375,0.06656000018119812,1.021299958229065,0.0,0.934220016002655,3.9148900508880615,1.5649700164794922,2.6226699352264404,4.630640029907227,0.0,0.0,0.0,0.0,0.0,0.0,11.96236801147461,279.896484375,0.0,154.6413116455078,1255.8714599609375,383.21734619140625,0.0,3000.65478515625,0.0,0.0,0.0,0.0,0.0,0.0,24.383832931518555,24.383832931518555,232.17807006835938,226.5157012939453,232.519775390625,0.0,0.0,0.0,232.17807006835938,226.5157012939453,232.519775390625,0.0,0.0,0.0,50.400001525878906,48.74375534057617,50.49994659423828,0.0,0.0,0.0
20.0,14.755249977111816,16811.521484375,1836.469970703125,5902.10009765625,9072.9521484375,1600.0,17.02504539489746,0.0,7805.3154296875,0.06656000018119812,1.021299958229065,0.0,0.934220016002655,3.9148900508880615,1.5649700164794922,2.6226699352264404,4.630640029907227,0.0,0.0,0.0,0.0,0.0,0.0,30.670848846435547,279.896484375,0.0,154.6413116455078,50.582061767578125,304.6808776855469,1410.6212158203125,3000.65478515625,0.0,0.0,0.0,0.0,0.0,0.0,25.748456954956055,25.748456954956055,270.64971923828125,238.5404510498047,263.8383483886719,0.0,0.0,0.0,270.64971923828125,238.5404510498047,263.8383483886719,0.0,0.0,0.0,62.13999938964844,52.7480354309082,60.14767074584961,0.0,0.0,0.0
21.0,14.755249977111816,16811.521484375,1836.469970703125,5902.10009765625,9072.9521484375,1600.0,17.024032592773438,0.0,7807.89990234375,0.06656000018119812,1.021299958229065,0.0,0.934220016002655,3.9148900508880615,1.5649700164794922,2.6226699352264404,4.630640029907227,0.0,0.0,0.0,0.0,0.0,0.0,30.670848846435547,279.896484375,0.0,154.6413116455078,48.220314025878906,312.4556579589844,1405.5198974609375,3000.65478515625,0.0,0.0,0.0,0.0,0.0,0.0,27.177715301513672,27.177715301513672,270.6462707519531,237.92454528808594,263.43695068359375,0.0,0.0,0.0,270.6462707519531,237.92454528808594,263.43695068359375,0.0,0.0,0.0,62.13999938964844,52.56889724731445,60.031272888183594,0.0,0.0,0.0
22.0,14.755249977111816,16811.521484375,1836.469970703125,5902.10009765625,9072.9521484375,1600.0,16.800615310668945,0.0,7913.38720703125,0.06656000018119812,1.021299958229065,0.0,0.934220016002655,3.9148900508880615,1.5649700164794922,2.6226699352264404,4.630640029907227,0.0,0.0,0.0,0.0,0.0,0.0,30.670848846435547,279.896484375,0.0,154.6413116455078,52.559688568115234,394.8231506347656,1388.389404296875,3000.65478515625,0.0,0.0,0.0,0.0,0.0,0.0,28.6552677154541,28.6552677154541,269.8824462890625,238.4905242919922,261.3187561035156,0.0,0.0,0.0,269.8824462890625,238.4905242919922,261.3187561035156,0.0,0.0,0.0,62.13999938964844,52.957862854003906,59.63511657714844,0.0,0.0,0.0
23.0,14.755249977111816,16811.521484375,1836.469970703125,5902.10009765625,9072.9521484375,1600.0,16.4752140045166,0.0,8071.1240234375,0.06656000018119812,1.021299958229065,0.0,0.934220016002655,3.9148900508880615,1.5649700164794922,2.6226699352264404,4.630640029907227,0.0,0.0,0.0,0.0,0.0,0.0,11.96236801147461,279.896484375,0.0,154.6413116455078,1269.7178955078125,689.4757080078125,0.0,3000.65478515625,0.0,0.0,0.0,0.0,0.0,0.0,30.19055938720703,30.19055938720703,228.63320922851562,221.4386444091797,229.0481414794922,0.0,0.0,0.0,228.63320922851562,221.4386444091797,229.0481414794922,0.0,0.0,0.0,50.400001525878906,48.295589447021484,50.52136993408203,0.0,0.0,0.0
24.0,14.755249977111816,16816.810546875,1836.469970703125,5902.10009765625,9078.2412109375,1600.0,15.752830505371094,0.0,8444.212890625,0.06656000018119812,1.021299958229065,0.0,0.934220016002655,3.9148900508880615,1.5649700164794922,2.6226699352264404,4.630640029907227,0.0,0.0,0.0,0.0,0.0,0.0,0.0,279.896484375,0.0,154.6413116455078,2818.720703125,913.479248046875,0.0,1489.3104248046875,0.0,0.0,0.0,0.0,0.0,0.0,31.795541763305664,31.795541763305664,157.76560974121094,180.8139190673828,174.7759246826172,0.0,0.0,0.0,157.76560974121094,180.8139190673828,174.7759246826172,0.0,0.0,0.0,30.393611907958984,37.1352424621582,35.3691291809082,0.0,0.0,0.0
25.0,14.755249977111816,16966.943359375,1836.469970703125,5902.10009765625,9228.3740234375,1600.0,15.288239479064941,0.0,8779.095703125,0.06656000018119812,1.021299958229065,0.0,0.934220016002655,3.9148900508880615,1.5649700164794922,2.6226699352264404,4.630640029907227,0.0,0.0,0.0,0.0,0.0,0.0,0.0,279.896484375,0.0,154.6413116455078,2818.720703125,1126.7784423828125,0.0,1499.9208984375,0.0,0.0,0.0,0.0,0.0,0.0,33.45602798461914,33.45602798461914,167.72329711914062,179.64324951171875,183.3178253173828,0.0,0.0,0.0,167.72329711914062,179.64324951171875,183.3178253173828,0.0,0.0,0.0,33.77082443237305,37.25741195678711,38.33222579956055,0.0,0.0,0.0
26.0,14.755249977111816,17125.16015625,1836.469970703125,5902.10009765625,9386.58984375,1600.0,15.320372581481934,0.0,8844.494140625,0.06656000018119812,1.021299958229065,0.0,0.934220016002655,3.9148900508880615,1.5649700164794922,2.6226699352264404,4.630640029907227,0.0,0.0,0.0,0.0,0.0,0.0,0.0,279.896484375,0.0,154.6413116455078,2818.720703125,1126.7784423828125,0.0,1542.30322265625,0.0,0.0,0.0,0.0,0.0,0.0,35.12451934814453,35.12451934814453,110.91914367675781,180.7757110595703,160.5291290283203,0.0,0.0,0.0,110.91914367675781,180.7757110595703,160.5291290283203,0.0,0.0,0.0,17.123476028442383,37.556522369384766,31.6343994140625,0.0,0.0,0.0
27.0,14.755249977111816,17155.58984375,1836.469970703125,5902.10009765625,9417.01953125,1600.0,15.804017066955566,0.0,8592.9599609375,0.06656000018119812,1.021299958229065,0.0,0.934220016002655,3.9148900508880615,1.5649700164794922,2.6226699352264404,4.630640029907227,0.0,0.0,0.0,0.0,0.0,0.0,0.0,279.896484375,0.0,154.6413116455078,2818.720703125,937.8176879882812,0.0,1560.226318359375,0.0,0.0,0.0,0.0,0.0,0.0,36.734249114990234,36.734249114990234,75.79815673828125,182.5619354248047,171.43373107910156,0.0,0.0,0.0,75.79815673828125,182.5619354248047,171.43373107910156,0.0,0.0,0.0,6.366943836212158,37.59535217285156,34.34035110473633,0.0,0.0,0.0
28.0,14.755249977111816,17155.58984375,1836.469970703125,5902.10009765625,9417.01953125,1600.0,15.791470527648926,0.0,8602.021484375,0.06656000018119812,1.021299958229065,0.0,0.934220016002655,3.9148900508880615,1.5649700164794922,2.6226699352264404,4.630640029907227,0.0,0.0,0.0,0.0,0.0,0.0,0.0,279.896484375,0.0,154.6413116455078,2818.720703125,579.8401489257812,0.0,1922.773193359375,0.0,0.0,0.0,0.0,0.0,0.0,38.26869201660156,38.26869201660156,119.8604507446289,190.80625915527344,184.212158203125,0.0,0.0,0.0,119.8604507446289,190.80625915527344,184.212158203125,0.0,0.0,0.0,19.267711639404297,40.01935958862305,38.0905876159668,0.0,0.0,0.0
29.0,14.755249977111816,17155.58984375,1836.469970703125,5902.10009765625,9417.01953125,1600.0,16.522897720336914,0.0,8225.9462890625,0.06656000018119812,1.021299958229065,0.0,0.934220016002655,3.9148900508880615,1.5649700164794922,2.6226699352264404,4.630640029907227,0.0,0.0,0.0,0.0,0.0,0.0,0.0,279.896484375,0.0,154.6413116455078,1653.029541015625,412.8515930175781,0.0,3000.65478515625,0.0,0.0,0.0,0.0,0.0,0.0,39.75081253051758,39.75081253051758,228.79623413085938,216.48854064941406,229.1381072998047,0.0,0.0,0.0,228.79623413085938,216.48854064941406,229.1381072998047,0.0,0.0,0.0,50.400001525878906,46.79999923706055,50.5,0.0,0.0,0.0
30.0,14.755249977111816,17155.58984375,1836.469970703125,5902.10009765625,9417.01953125,1600.0,16.720321655273438,0.0,8131.66650390625,0.06656000018119812,1.021299958229065,0.0,0.934220016002655,3.9148900508880615,1.5649700164794922,2.6226699352264404,4.630640029907227,0.0,0.0,0.0,0.0,0.0,0.0,30.670848846435547,279.896484375,0.0,154.6413116455078,106.64810180664062,390.8794250488281,1472.729736328125,3000.65478515625,0.0,0.0,0.0,0.0,0.0,0.0,41.19875717163086,41.19875717163086,269.6079406738281,237.3338623046875,267.60052490234375,0.0,0.0,0.0,269.6079406738281,237.3338623046875,267.60052490234375,0.0,0.0,0.0,62.13999938964844,52.699832916259766,61.552833557128906,0.0,0.0,0.0
31.0,14.767749786376953,17155.58984375,1836.469970703125,5902.10009765625,9417.01953125,1600.0,16.95625877380371,0.0,8021.54296875,0.06656000018119812,1.021299958229065,0.0,0.934220016002655,3.9148900508880615,1.5774699449539185,2.6226699352264404,4.630640029907227,0.0,0.0,0.0,0.0,0.0,0.0,11.96236801147461,279.896484375,0.0,154.6413116455078,1527.046875,386.2782287597656,0.0,3000.65478515625,0.0,0.0,0.0,0.0,0.0,0.0,42.66238784790039,42.66238784790039,230.27780151367188,228.278564453125,230.61941528320312,0.0,0.0,0.0,230.27780151367188,228.278564453125,230.61941528320312,0.0,0.0,0.0,50.400001525878906,49.81521987915039,50.49991989135742,0.0,0.0,0.0
32.0,14.767749786376953,17160.58984375,1836.469970703125,5907.10009765625,9417.01953125,1600.0,16.488237380981445,0.0,8252.0576171875,0.06656000018119812,1.021299958229065,0.0,0.934220016002655,3.9148900508880615,1.5774699449539185,2.6226699352264404,4.630640029907227,0.0,0.0,0.0,0.0,0.0,0.0,30.670848846435547,279.896484375,0.0,154.6413116455078,1741.266845703125,307.1144714355469,0.0,3000.65478515625,0.0,0.0,0.0,0.0,0.0,0.0,44.1678352355957,44.1678352355957,156.9491424560547,230.84933471679688,230.77474975585938,0.0,0.0,0.0,156.9491424560547,230.84933471679688,230.77474975585938,0.0,0.0,0.0,29.419387817382812,51.035194396972656,51.01337432861328,0.0,0.0,0.0
33.0,14.767749786376953,17160.58984375,1836.469970703125,5907.10009765625,9417.01953125,1600.0,16.487445831298828,0.0,8254.779296875,0.06656000018119812,1.021299958229065,0.0,0.934220016002655,3.9148900508880615,1.5774699449539185,2.6226699352264404,4.630640029907227,0.0,0.0,0.0,0.0,0.0,0.0,30.670848846435547,279.896484375,0.0,154.6413116455078,436.8270568847656,314.95135498046875,1296.8673095703125,3000.65478515625,0.0,0.0,0.0,0.0,0.0,0.0,45.73657989501953,45.73657989501953,268.811767578125,238.56956481933594,253.60182189941406,0.0,0.0,0.0,268.811767578125,238.56956481933594,253.60182189941406,0.0,0.0,0.0,62.13999938964844,53.294151306152344,57.69108963012695,0.0,0.0,0.0
34.0,14.767749786376953,17160.58984375,1836.469970703125,5907.10009765625,9417.01953125,1600.0,16.270601272583008,0.0,8366.2890625,0.06656000018119812,1.021299958229065,0.0,0.934220016002655,3.9148900508880615,1.5774699449539185,2.6226699352264404,4.630640029907227,0.0,0.0,0.0,0.0,0.0,0.0,30.670848846435547,279.896484375,0.0,154.6413116455078,1349.3714599609375,397.97674560546875,374.79168701171875,3000.65478515625,0.0,0.0,0.0,0.0,0.0,0.0,47.35271072387695,47.35271072387695,268.0704345703125,235.1638641357422,228.34988403320312,0.0,0.0,0.0,268.0704345703125,235.1638641357422,228.34988403320312,0.0,0.0,0.0,62.13999938964844,52.514827728271484,50.5217399597168,0.0,0.0,0.0
35.0,14.767749786376953,17160.58984375,1836.469970703125,5907.10009765625,9417.01953125,1600.0,15.95467758178711,0.0,8533.0556640625,0.06656000018119812,1.021299958229065,0.0,0.934220016002655,3.9148900508880615,1.5774699449539185,2.6226699352264404,4.630640029907227,0.0,0.0,0.0,0.0,0.0,0.0,0.0,279.896484375,0.0,154.6413116455078,1568.47802734375,694.9827880859375,0.0,3000.65478515625,0.0,0.0,0.0,0.0,0.0,0.0,49.03306579589844,49.03306579589844,226.8535919189453,214.5458984375,227.46401977539062,0.0,0.0,0.0,226.8535919189453,214.5458984375,227.46401977539062,0.0,0.0,0.0,50.400001525878906,46.79999923706055,50.578548431396484,0.0,0.0,0.0
36.0,14.767749786376953,17172.05078125,1836.469970703125,5907.10009765625,9428.48046875,1600.0,15.297804832458496,0.0,8904.8232421875,0.06656000018119812,1.021299958229065,0.0,0.934220016002655,3.9148900508880615,1.5774699449539185,2.6226699352264404,4.630640029907227,0.0,0.0,0.0,0.0,0.0,0.0,0.0,279.896484375,0.0,154.6413116455078,1697.7958984375,920.7755737304688,0.0,2894.207763671875,0.0,0.0,0.0,0.0,0.0,0.0,50.78443908691406,50.78443908691406,154.0846405029297,212.30018615722656,160.63259887695312,0.0,0.0,0.0,154.0846405029297,212.30018615722656,160.63259887695312,0.0,0.0,0.0,29.77195167541504,46.79999923706055,31.687231063842773,0.0,0.0,0.0
37.0,14.987750053405762,17304.890625,1836.469970703125,5907.10009765625,9561.3193359375,1600.0,14.82763671875,0.0,9257.9560546875,0.06656000018119812,1.2412999868392944,0.0,0.934220016002655,3.9148900508880615,1.5774699449539185,2.6226699352264404,4.630640029907227,0.0,0.0,0.0,0.0,0.0,0.0,0.0,340.189453125,0.0,154.6413116455078,2818.720703125,1135.7784423828125,0.0,1734.0360107421875,0.0,0.0,0.0,0.0,0.0,0.0,52.59812545776367,52.59812545776367,164.02325439453125,183.28753662109375,176.36268615722656,0.0,0.0,0.0,164.02325439453125,183.28753662109375,176.36268615722656,0.0,0.0,0.0,33.149166107177734,38.783966064453125,36.758445739746094,0.0,0.0,0.0
38.0,14.987750053405762,17545.1875,1836.469970703125,5995.10009765625,9713.6181640625,1600.0,14.925802230834961,0.0,9326.9130859375,0.06656000018119812,1.2412999868392944,0.0,0.934220016002655,3.9148900508880615,1.5774699449539185,2.6226699352264404,4.630640029907227,0.0,0.0,0.0,0.0,0.0,0.0,0.0,340.189453125,0.0,154.6413116455078,2818.720703125,1135.7784423828125,0.0,1778.6671142578125,0.0,0.0,0.0,0.0,0.0,0.0,54.41529846191406,54.41529846191406,107.4448471069336,184.61387634277344,162.32208251953125,0.0,0.0,0.0,107.4448471069336,184.61387634277344,162.32208251953125,0.0,0.0,0.0,16.501815795898438,39.07375717163086,32.553409576416016,0.0,0.0,0.0
39.0,14.987750053405762,17574.283203125,1836.469970703125,5995.10009765625,9742.712890625,1600.0,15.396614074707031,0.0,9061.6416015625,0.06656000018119812,1.2412999868392944,0.0,0.934220016002655,3.9148900508880615,1.5774699449539185,2.6226699352264404,4.630640029907227,0.0,0.0,0.0,0.0,0.0,0.0,0.0,340.189453125,0.0,154.6413116455078,2818.720703125,945.308349609375,0.0,1788.703857421875,0.0,0.0,0.0,0.0,0.0,0.0,56.167213439941406,56.167213439941406,72.27999114990234,185.69667053222656,172.6848907470703,0.0,0.0,0.0,72.27999114990234,185.69667053222656,172.6848907470703,0.0,0.0,0.0,5.745284080505371,38.91965866088867,35.11371612548828,0.0,0.0,0.0
40.0,14.987750053405762,17574.283203125,1836.469970703125,5995.10009765625,9742.712890625,1600.0,15.38448429107666,0.0,9071.1982421875,0.06656000018119812,1.2412999868392944,0.0,0.934220016002655,3.9148900508880615,1.5774699449539185,2.6226699352264404,4.630640029907227,0.0,0.0,0.0,0.0,0.0,0.0,0.0,340.189453125,0.0,154.6413116455078,2818.720703125,584.4715576171875,0.0,2154.308837890625,0.0,0.0,0.0,0.0,0.0,0.0,57.83631896972656,57.83631896972656,75.37086486816406,195.3672637939453,206.58551025390625,0.0,0.0,0.0,75.37086486816406,195.3672637939453,206.58551025390625,0.0,0.0,0.0,6.661493301391602,41.760440826416016,45.041778564453125,0.0,0.0,0.0
41.0,14.987750053405762,17574.283203125,1836.469970703125,5995.10009765625,9742.712890625,1600.0,16.09939193725586,0.0,8674.5927734375,0.06656000018119812,1.2412999868392944,0.0,0.934220016002655,3.9148900508880615,1.5774699449539185,2.6226699352264404,4.630640029907227,0.0,0.0,0.0,0.0,0.0,0.0,30.670848846435547,340.189453125,0.0,154.6413116455078,497.324951171875,416.1492004394531,1343.942138671875,3000.65478515625,0.0,0.0,0.0,0.0,0.0,0.0,59.450077056884766,59.450077056884766,267.485107421875,235.1842041015625,255.57655334472656,0.0,0.0,0.0,267.485107421875,235.1842041015625,255.57655334472656,0.0,0.0,0.0,62.13999938964844,52.69198989868164,58.6567497253418,0.0,0.0,0.0
42.0,14.987750053405762,17574.283203125,1836.469970703125,5995.10009765625,9742.712890625,1600.0,16.29250144958496,0.0,8575.162109375,0.06656000018119812,1.2412999868392944,0.0,0.934220016002655,3.9148900508880615,1.5774699449539185,2.6226699352264404,4.630640029907227,0.0,0.0,0.0,0.0,0.0,0.0,30.670848846435547,340.189453125,0.0,154.6413116455078,284.2063293457031,394.00152587890625,1510.657958984375,3000.65478515625,0.0,0.0,0.0,0.0,0.0,0.0,61.0262336730957,61.0262336730957,268.1452941894531,236.75270080566406,269.0341796875,0.0,0.0,0.0,268.1452941894531,236.75270080566406,269.0341796875,0.0,0.0,0.0,62.13999938964844,52.957664489746094,62.400001525878906,0.0,0.0,0.0
43.0,14.987750053405762,17574.283203125,1836.469970703125,5995.10009765625,9742.712890625,1600.0,16.52326774597168,0.0,8459.0224609375,0.06656000018119812,1.2412999868392944,0.0,0.934220016002655,3.9148900508880615,1.5774699449539185,2.6226699352264404,4.630640029907227,0.0,0.0,0.0,0.0,0.0,0.0,30.670848846435547,340.189453125,0.0,154.6413116455078,214.57949829101562,386.2782287597656,1508.1912841796875,3000.65478515625,0.0,0.0,0.0,0.0,0.0,0.0,62.61384963989258,62.61384963989258,268.9342346191406,238.3662109375,269.6163024902344,0.0,0.0,0.0,268.9342346191406,238.3662109375,269.6163024902344,0.0,0.0,0.0,62.13999938964844,53.198848724365234,62.33949661254883,0.0,0.0,0.0
44.0,15.010688781738281,17638.51171875,1836.469970703125,6059.32763671875,9742.712890625,1600.0,16.119945526123047,0.0,8702.1005859375,0.06656000018119812,1.2412999868392944,0.0,0.934220016002655,3.9148900508880615,1.5774699449539185,2.6226699352264404,4.630640029907227,0.0,0.010722659528255463,0.012215849943459034,0.0,0.0,0.0,30.670848846435547,340.189453125,0.0,154.6413116455078,450.76275634765625,307.1144714355469,1510.657958984375,3000.65478515625,0.0,1.2867190837860107,1.330306053161621,0.0,0.0,0.0,64.24342346191406,64.24342346191406,267.55535888671875,237.04788208007812,268.4442443847656,0.0,0.0,0.0,267.55535888671875,237.04788208007812,268.4442443847656,0.0,0.0,0.0,62.13999938964844,53.21656036376953,62.400001525878906,0.0,0.0,0.0
45.0,15.15880298614502,17694.9609375,1836.469970703125,6115.77783203125,9742.712890625,1600.0,16.170921325683594,0.0,8704.9599609375,0.06656000018119812,1.2412999868392944,0.0,0.934220016002655,3.9148900508880615,1.5774699449539185,2.6226699352264404,4.630640029907227,0.0,0.0799592062830925,0.09109397232532501,0.0,0.0,0.0,30.670848846435547,340.189453125,0.0,154.6413116455078,426.2479248046875,314.95135498046875,1510.657958984375,3000.65478515625,0.0,9.595104217529297,9.920133590698242,0.0,0.0,0.0,65.94877624511719,65.94877624511719,267.7296447753906,237.90354919433594,268.6185302734375,0.0,0.0,0.0,267.7296447753906,237.90354919433594,268.6185302734375,0.0,0.0,0.0,62.13999938964844,53.41586685180664,62.400001525878906,0.0,0.0,0.0
46.0,15.265205383300781,17712.822265625,1836.469970703125,6133.63916015625,9742.712890625,1600.0,15.973876953125,0.0,8822.5341796875,0.06656000018119812,1.2412999868392944,0.0,0.934220016002655,3.9148900508880615,1.5774699449539185,2.6226699352264404,4.630640029907227,0.0,0.12969695031642914,0.14775799214839935,0.0,0.0,0.0,30.670848846435547,340.189453125,0.0,154.6413116455078,478.77850341796875,397.97674560546875,1440.401611328125,3000.65478515625,0.0,15.563634872436523,16.090845108032227,0.0,0.0,0.0,67.70563507080078,67.70563507080078,267.0559997558594,237.03594970703125,262.50933837890625,0.0,0.0,0.0,267.0559997558594,237.03594970703125,262.50933837890625,0.0,0.0,0.0,62.13999938964844,53.35913848876953,60.81010055541992,0.0,0.0,0.0
47.0,15.317708969116211,17718.474609375,1836.469970703125,6139.29052734375,9742.712890625,1600.0,15.667938232421875,0.0,8998.3857421875,0.06656000018119812,1.2412999868392944,0.0,0.934220016002655,3.9148900508880615,1.5774699449539185,2.6226699352264404,4.630640029907227,0.0,0.15424016118049622,0.17571896314620972,0.0,0.0,0.0,0.0,340.189453125,0.0,154.6413116455078,1763.4830322265625,694.9827880859375,0.0,3000.65478515625,0.0,18.508819580078125,19.13579559326172,0.0,0.0,0.0,69.52755737304688,69.52755737304688,182.1290283203125,213.5655975341797,230.09918212890625,0.0,0.0,0.0,182.1290283203125,213.5655975341797,230.09918212890625,0.0,0.0,0.0,37.604801177978516,46.79999923706055,51.636070251464844,0.0,0.0,0.0
48.0,15.340282440185547,17746.44921875,1836.469970703125,6141.07861328125,9768.8994140625,1600.0,15.069878578186035,0.0,9368.810546875,0.06656000018119812,1.2412999868392944,0.0,0.934220016002655,3.9148900508880615,1.5774699449539185,2.6226699352264404,4.630640029907227,0.0,0.164792001247406,0.18774022161960602,0.0,0.0,0.0,0.0,340.189453125,0.0,154.6413116455078,1782.731201171875,920.7755737304688,0.0,3000.65478515625,0.0,19.775041580200195,20.444910049438477,0.0,0.0,0.0,71.4211196899414,71.4211196899414,223.82862854003906,211.5209503173828,224.17031860351562,0.0,0.0,0.0,223.82862854003906,211.5209503173828,224.17031860351562,0.0,0.0,0.0,50.399993896484375,46.79999923706055,50.49993896484375,0.0,0.0,0.0
49.0,15.349310874938965,17884.54296875,1836.469970703125,6141.64453125,9906.4287109375,1600.0,14.605907440185547,0.0,9740.3349609375,0.06656000018119812,1.2412999868392944,0.0,0.934220016002655,3.9148900508880615,1.5774699449539185,2.6226699352264404,4.630640029907227,0.0,0.16901226341724396,0.19254817068576813,0.0,0.0,0.0,0.0,340.189453125,0.0,154.6413116455078,2818.720703125,1135.7784423828125,0.0,1996.9197998046875,0.0,20.281471252441406,20.968494415283203,0.0,0.0,0.0,73.38483428955078,73.38483428955078,139.94651794433594,187.0499725341797,183.3582305908203,0.0,0.0,0.0,139.94651794433594,187.0499725341797,183.3582305908203,0.0,0.0,0.0,26.328449249267578,40.1062126159668,39.02637481689453,0.0,0.0,0.0
50.0,15.352764129638672,18021.6484375,1836.469970703125,6141.82373046875,10043.35546875,1600.0,14.612262725830078,0.0,9812.8662109375,0.06656000018119812,1.2412999868392944,0.0,0.934220016002655,3.9148900508880615,1.5774699449539185,2.6226699352264404,4.630640029907227,0.0,0.17062650620937347,0.19438721239566803,0.0,0.0,0.0,0.0,340.189453125,0.0,154.6413116455078,2818.720703125,1135.7784423828125,0.0,2043.4169921875,0.0,20.475181579589844,21.16876792907715,0.0,0.0,0.0,75.34943389892578,75.34943389892578,83.05422973632812,189.1553192138672,164.3223876953125,0.0,0.0,0.0,83.05422973632812,189.1553192138672,164.3223876953125,0.0,0.0,0.0,9.681099891662598,40.715667724609375,33.4520378112793,0.0,0.0,0.0
51.0,15.354044914245605,18047.552734375,1836.469970703125,6141.88037109375,10069.203125,1600.0,15.071234703063965,0.0,9533.765625,0.06656000018119812,1.2412999868392944,0.0,0.934220016002655,3.9148900508880615,1.5774699449539185,2.6226699352264404,4.630640029907227,0.0,0.17122553288936615,0.19506964087486267,0.0,0.0,0.0,0.0,340.189453125,0.0,154.6413116455078,2818.720703125,945.308349609375,0.0,2043.8521728515625,0.0,20.54706382751465,21.243083953857422,0.0,0.0,0.0,77.24140167236328,77.24140167236328,54.0687141418457,189.94955444335938,181.67518615722656,0.0,0.0,0.0,54.0687141418457,189.94955444335938,181.67518615722656,0.0,0.0,0.0,0.7438639402389526,40.489009857177734,38.068756103515625,0.0,0.0,0.0
52.0,15.354510307312012,18047.572265625,1836.469970703125,6141.89794921875,10069.203125,1600.0,15.059487342834473,0.0,9543.80078125,0.06656000018119812,1.2412999868392944,0.0,0.934220016002655,3.9148900508880615,1.5774699449539185,2.6226699352264404,4.630640029907227,0.0,0.17144298553466797,0.19531738758087158,0.0,0.0,0.0,0.0,340.189453125,0.0,154.6413116455078,2818.720703125,584.4715576171875,0.0,2409.591552734375,0.0,20.573158264160156,21.270063400268555,0.0,0.0,0.0,79.045166015625,79.045166015625,90.59009552001953,200.224365234375,210.64170837402344,0.0,0.0,0.0,90.59009552001953,200.224365234375,210.64170837402344,0.0,0.0,0.0,11.438115119934082,43.506141662597656,46.5532112121582,0.0,0.0,0.0
53.0,15.354676246643066,18047.576171875,1836.469970703125,6141.90380859375,10069.203125,1600.0,15.761544227600098,0.0,9126.521484375,0.06656000018119812,1.2412999868392944,0.0,0.934220016002655,3.9148900508880615,1.5774699449539185,2.6226699352264404,4.630640029907227,0.0,0.1715206354856491,0.19540584087371826,0.0,0.0,0.0,30.670848846435547,340.189453125,0.0,154.6413116455078,571.81396484375,416.1492004394531,1510.657958984375,3000.65478515625,0.0,20.582475662231445,21.279695510864258,0.0,0.0,0.0,80.7932357788086,80.7932357788086,266.330078125,234.66668701171875,267.2189636230469,0.0,0.0,0.0,266.330078125,234.66668701171875,267.2189636230469,0.0,0.0,0.0,62.13999938964844,52.87846374511719,62.400001525878906,0.0,0.0,0.0
54.0,15.354735374450684,18047.578125,1836.469970703125,6141.90576171875,10069.203125,1600.0,15.951346397399902,0.0,9021.9013671875,0.06656016409397125,1.2413527965545654,1.5489068800889072e-06,0.934220016002655,3.9148900508880615,1.5774710178375244,2.6226699352264404,4.630642890930176,4.578306089797479e-08,0.1715206354856491,0.19540584087371826,0.0,0.0,0.0,30.67092514038086,340.20391845703125,0.00042449188185855746,154.6413116455078,2031.9176025390625,394.00177001953125,0.4994640052318573,3000.656494140625,2.6371044441475533e-05,20.582475662231445,21.279695510864258,0.0,0.0,0.0,82.5088119506836,82.5088119506836,155.42697143554688,252.75674438476562,233.74871826171875,0.0,0.0,0.0,155.42697143554688,252.75674438476562,233.74871826171875,0.0,0.0,0.0,29.511043548583984,57.97999954223633,52.4201545715332,0.0,0.0,0.0
55.0,15.707600593566895,18416.224609375,1836.469970703125,6510.55029296875,10069.203125,1600.0,16.508682250976562,0.0,8899.701171875,0.06738429516553879,1.5579414367675781,0.010362365283071995,0.934220016002655,3.9148900508880615,1.5835535526275635,2.6226725578308105,4.649402141571045,0.00022585564875043929,0.1715308427810669,0.19541749358177185,0.0,0.0,0.0,31.050682067871094,426.9678649902344,2.8398995399475098,154.6413116455078,341.65631103515625,387.7679138183594,1510.659423828125,3012.812744140625,0.13009284436702728,20.583702087402344,21.280963897705078,0.0,0.0,0.0,84.26044464111328,84.26044464111328,268.8843994140625,254.66217041015625,269.7732849121094,0.0,0.0,0.0,268.8843994140625,254.66217041015625,269.7732849121094,0.0,0.0,0.0,62.13999938964844,57.97999954223633,62.400001525878906,0.0,0.0,0.0
56.0,16.325448989868164,18655.517578125,1836.469970703125,6749.84375,10069.203125,1600.0,16.25446891784668,0.0,9155.4248046875,0.06855213642120361,2.1120197772979736,0.02838502824306488,0.934220016002655,3.9148900508880615,1.5941345691680908,2.622676372528076,4.683050155639648,0.0005458442610688508,0.17154377698898315,0.19543223083019257,0.0,0.0,0.0,31.588825225830078,578.8180541992188,7.779172420501709,154.6413116455078,412.2107238769531,310.3588562011719,1508.6302490234375,3034.616455078125,0.31440627574920654,20.585254669189453,21.282569885253906,0.0,0.0,0.0,86.0755615234375,86.0755615234375,268.0152893066406,253.79306030273438,268.7354431152344,0.0,0.0,0.0,268.0152893066406,253.79306030273438,268.7354431152344,0.0,0.0,0.0,62.13999938964844,57.97999954223633,62.35064697265625,0.0,0.0,0.0
57.0,16.87264060974121,18834.998046875,1836.469970703125,6929.32568359375,10069.203125,1600.0,16.410547256469727,0.0,9158.4208984375,0.06944722682237625,2.602782726287842,0.044204406440258026,0.934220016002655,3.9148900508880615,1.6034599542617798,2.6226792335510254,4.713171005249023,0.0007910971180535853,0.17155303061008453,0.19544276595115662,0.0,0.0,0.0,32.00128173828125,713.3161010742188,12.114615440368652,154.6413116455078,283.1364440917969,320.1404113769531,1469.127197265625,3054.134765625,0.4556719660758972,20.586362838745117,21.283716201782227,0.0,0.0,0.0,87.98163604736328,87.98163604736328,268.54888916015625,254.32666015625,265.9808349609375,0.0,0.0,0.0,268.54888916015625,254.32666015625,265.9808349609375,0.0,0.0,0.0,62.13999938964844,57.97999954223633,61.38884735107422,0.0,0.0,0.0
58.0,17.23507308959961,18891.787109375,1836.469970703125,6986.11474609375,10069.203125,1600.0,16.242746353149414,0.0,9282.1142578125,0.06979536265134811,2.9299206733703613,0.05464579164981842,0.934220016002655,3.9148900508880615,1.6073545217514038,2.622680425643921,4.733677387237549,0.0008864866686053574,0.1715565025806427,0.19544671475887299,0.0,0.0,0.0,12.457425117492676,802.9711303710938,14.976171493530273,154.6413116455078,1661.9146728515625,405.5162353515625,0.0019729172345250845,3067.4228515625,0.5106163024902344,20.586780548095703,21.284147262573242,0.0,0.0,0.0,89.95321655273438,89.95321655273438,202.14515686035156,253.7529754638672,233.68011474609375,0.0,0.0,0.0,202.14515686035156,253.7529754638672,233.68011474609375,0.0,0.0,0.0,42.88471221923828,57.97999954223633,52.10868835449219,0.0,0.0,0.0
59.0,17.615230560302734,19124.548828125,1836.469970703125,7218.875,10069.203125,1600.0,16.12221908569336,0.0,9467.1064453125,0.06998974084854126,3.2574572563171387,0.06528513133525848,0.934220016002655,3.9148900508880615,1.6095978021621704,2.622680902481079,4.752881050109863,0.0009397458634339273,0.1765907257795334,0.21069836616516113,0.0,0.0,0.0,32.25127029418945,892.7354736328125,17.891979217529297,154.6413116455078,1353.639404296875,709.1372680664062,0.002095336327329278,3079.866943359375,0.5412936210632324,21.190887451171875,22.945051193237305,0.0,0.0,0.0,92.00086212158203,92.00086212158203,233.6027069091797,253.34091186523438,228.93057250976562,0.0,0.0,0.0,233.6027069091797,253.34091186523438,228.93057250976562,0.0,0.0,0.0,52.206573486328125,57.97999954223633,50.83997344970703,0.0,0.0,0.0
60.0,18.095199584960938,19403.87109375,1836.469970703125,7444.6494140625,10122.751953125,1600.0,15.693975448608398,0.0,9864.8662109375,0.07016318291425705,3.6221141815185547,0.0772295743227005,0.934220016002655,3.9148900508880615,1.6116182804107666,2.6226813793182373,4.773473262786865,0.0009872689843177795,0.19657345116138458,0.2712489068508148,0.0,0.0,0.0,0.0,992.6730346679688,21.16546058654785,154.6413116455078,2793.319091796875,940.7080688476562,0.0,1594.89794921875,0.1032906174659729,23.58881378173828,29.539005279541016,0.0,0.0,0.0,94.12963104248047,94.12963104248047,119.89350891113281,186.25723266601562,167.006103515625,0.0,0.0,0.0,119.89350891113281,186.25723266601562,167.006103515625,0.0,0.0,0.0,19.3748779296875,38.7862663269043,33.155311584472656,0.0,0.0,0.0
61.0,18.544784545898438,19728.529296875,1836.469970703125,7545.53466796875,10346.525390625,1600.0,15.344480514526367,0.0,10256.048828125,0.07030335068702698,3.9471325874328613,0.08803481608629227,0.934220016002655,3.9148900508880615,1.6132512092590332,2.6226818561553955,4.791576862335205,0.0010256750974804163,0.21985924243927002,0.34180936217308044,0.0,0.0,0.0,0.0,1081.747314453125,24.12673568725586,154.6413116455078,2818.720703125,1161.5408935546875,0.0,1507.4520263671875,0.10133486241102219,26.38311004638672,37.22304153442383,0.0,0.0,0.0,96.32220458984375,96.32220458984375,154.81448364257812,178.88502502441406,191.6447296142578,0.0,0.0,0.0,154.81448364257812,178.88502502441406,191.6447296142578,0.0,0.0,0.0,29.938756942749023,36.97938919067383,40.71160125732422,0.0,0.0,0.0
62.0,18.793439865112305,19965.50390625,1836.469970703125,7577.455078125,10551.578125,1600.0,15.417326927185059,0.0,10332.4130859375,0.07034479826688766,4.146097183227539,0.09471256285905838,0.934220016002655,3.9148900508880615,1.613733172416687,2.6226820945739746,4.800867557525635,0.0010370309464633465,0.22809357941150665,0.36676114797592163,0.0,0.0,0.0,0.0,1136.2752685546875,25.956832885742188,154.6413116455078,2818.720703125,1161.8878173828125,0.0,1496.291748046875,0.10161714255809784,27.37122917175293,39.94028854370117,0.0,0.0,0.0,98.50880432128906,98.50880432128906,145.01651000976562,179.04214477539062,156.46932983398438,0.0,0.0,0.0,145.01651000976562,179.04214477539062,156.46932983398438,0.0,0.0,0.0,27.000001907348633,36.95249938964844,30.349952697753906,0.0,0.0,0.0
63.0,19.075632095336914,20194.248046875,1836.469970703125,7765.0107421875,10592.767578125,1600.0,16.062301635742188,0.0,10038.5166015625,0.07037033885717392,4.387083053588867,0.10273482650518417,0.934220016002655,3.9148900508880615,1.6140320301055908,2.6226820945739746,4.811120510101318,0.0010440303012728691,0.2337011992931366,0.3837534785270691,0.0,0.0,0.0,0.0,1202.3197021484375,28.155405044555664,154.6413116455078,2818.720703125,967.2183227539062,0.0,1420.1434326171875,0.09702113270759583,28.044143676757812,41.79075622558594,0.0,0.0,0.0,100.60283660888672,100.60283660888672,67.39623260498047,179.39993286132812,175.64779663085938,0.0,0.0,0.0,67.39623260498047,179.39993286132812,175.64779663085938,0.0,0.0,0.0,3.6510961055755615,36.41217803955078,35.31467819213867,0.0,0.0,0.0
64.0,19.4210205078125,20314.490234375,1836.469970703125,7885.25244140625,10592.767578125,1600.0,16.1455135345459,0.0,10049.0712890625,0.07039576023817062,4.686479091644287,0.1126512810587883,0.934220016002655,3.9148900508880615,1.6143304109573364,2.6226823329925537,4.823611736297607,0.0010509946150705218,0.23947098851203918,0.40123721957206726,0.0,0.0,0.0,0.0,1284.371826171875,30.873098373413086,154.6413116455078,2818.720703125,598.1287841796875,0.0,1706.9737548828125,0.11728930473327637,28.73651885986328,43.694732666015625,0.0,0.0,0.0,102.58463287353516,102.58463287353516,143.77903747558594,185.97482299804688,159.8236083984375,0.0,0.0,0.0,143.77903747558594,185.97482299804688,159.8236083984375,0.0,0.0,0.0,25.90985679626465,38.25212478637695,30.602893829345703,0.0,0.0,0.0
65.0,19.657119750976562,20352.53515625,1836.469970703125,7923.2978515625,10592.767578125,1600.0,16.93228530883789,0.0,9609.697265625,0.07041128724813461,4.892535209655762,0.11946923285722733,0.934220016002655,3.9148900508880615,1.6145129203796387,2.6226823329925537,4.832132339477539,0.0010552488965913653,0.24306966364383698,0.4121420383453369,0.0,0.0,0.0,0.0,1340.8433837890625,32.74161911010742,154.6413116455078,1208.3817138671875,425.9214172363281,0.0,3131.2216796875,0.607823371887207,29.168359756469727,44.882266998291016,0.0,0.0,0.0,104.47998046875,104.47998046875,230.1958465576172,217.88815307617188,230.62905883789062,0.0,0.0,0.0,230.1958465576172,217.88815307617188,230.62905883789062,0.0,0.0,0.0,50.39999771118164,46.79999923706055,50.52671432495117,0.0,0.0,0.0
66.0,19.771949768066406,20364.57421875,1836.469970703125,7935.33544921875,10592.767578125,1600.0,17.147064208984375,0.0,9499.5185546875,0.07041826844215393,4.993175983428955,0.1227986291050911,0.934220016002655,3.9148900508880615,1.6145950555801392,2.6226823329925537,4.836270809173584,0.001057163579389453,0.24471458792686462,0.41712650656700134,0.0,0.0,0.0,0.0,1368.4249267578125,33.65407180786133,154.6413116455078,1129.9068603515625,403.2742004394531,0.0,3127.07958984375,0.5887686610221863,29.36574935913086,45.42507553100586,0.0,0.0,0.0,106.315185546875,106.315185546875,229.82777404785156,218.6224365234375,224.5883331298828,0.0,0.0,0.0,229.82777404785156,218.6224365234375,224.5883331298828,0.0,0.0,0.0,50.07755661010742,46.79999923706055,48.54502487182617,0.0,0.0,0.0
67.0,19.82097816467285,20368.3828125,1836.469970703125,7939.14453125,10592.767578125,1600.0,17.39493751525879,0.0,9370.841796875,0.07042108476161957,5.036274433135986,0.12422435730695724,0.934220016002655,3.9148900508880615,1.6146281957626343,2.6226823329925537,4.83803653717041,0.0010579345980659127,0.24538521468639374,0.4191586673259735,0.0,0.0,0.0,10.985997200012207,1380.2364501953125,34.044803619384766,154.6413116455078,1047.669189453125,395.37725830078125,0.0,3105.248779296875,0.5598078370094299,29.446226119995117,45.64638137817383,0.0,0.0,0.0,108.14579010009766,108.14579010009766,223.9623565673828,224.7698211669922,228.529052734375,0.0,0.0,0.0,223.9623565673828,224.7698211669922,228.529052734375,0.0,0.0,0.0,48.114051818847656,48.35023498535156,49.44981384277344,0.0,0.0,0.0
68.0,19.84050941467285,20369.587890625,1836.469970703125,7940.349609375,10592.767578125,1600.0,16.90679359436035,0.0,9640.087890625,0.07042215764522552,5.053480625152588,0.12479356676340103,0.934220016002655,3.9148900508880615,1.6146408319473267,2.6226823329925537,4.838739395141602,0.0010582276154309511,0.245642751455307,0.4199390709400177,0.0,0.0,0.0,12.03244400024414,1384.951904296875,34.200801849365234,154.6413116455078,1275.060546875,314.3511962890625,0.0,3132.308837890625,0.6000044941902161,29.477130889892578,45.73136520385742,0.0,0.0,0.0,110.00479888916016,110.00479888916016,227.7135009765625,222.88101196289062,234.67324829101562,0.0,0.0,0.0,227.7135009765625,222.88101196289062,234.67324829101562,0.0,0.0,0.0,49.699405670166016,48.2859001159668,51.73513412475586,0.0,0.0,0.0
69.0,19.847959518432617,20369.96875,1836.469970703125,7940.73095703125,10592.767578125,1600.0,16.906627655029297,0.0,9643.23046875,0.07042254507541656,5.060056686401367,0.12501110136508942,0.934220016002655,3.9148900508880615,1.6146454811096191,2.6226823329925537,4.8390069007873535,0.0010583351831883192,0.24573807418346405,0.42022791504859924,0.0,0.0,0.0,32.228572845458984,1386.754150390625,34.26041793823242,154.6413116455078,131.02993774414062,322.3736572265625,1110.7119140625,3135.676513671875,0.6096010208129883,29.488569259643555,45.762821197509766,0.0,0.0,0.0,111.93925476074219,111.93925476074219,260.9716491699219,256.0226745605469,256.9787292480469,0.0,0.0,0.0,260.9716491699219,256.0226745605469,256.9787292480469,0.0,0.0,0.0,59.427581787109375,57.97999954223633,58.259647369384766,0.0,0.0,0.0
70.0,19.850719451904297,20370.08984375,1836.469970703125,7940.8515625,10592.767578125,1600.0,16.682680130004883,0.0,9773.4638671875,0.07042255252599716,5.0625481605529785,0.12509532272815704,0.934220016002655,3.9148900508880615,1.6146454811096191,2.6226823329925537,4.839188098907471,0.0010583358816802502,0.24573872983455658,0.4202299118041992,0.0,0.0,0.0,32.2119026184082,1387.43701171875,34.28350067138672,154.6413116455078,926.84228515625,407.3556823730469,314.84149169921875,3135.7939453125,0.6096014380455017,29.4886474609375,45.763038635253906,0.0,0.0,0.0,113.93104553222656,113.93104553222656,260.1657409667969,255.03982543945312,236.0625,0.0,0.0,0.0,260.1657409667969,255.03982543945312,236.0625,0.0,0.0,0.0,59.415802001953125,57.91646957397461,52.3656005859375,0.0,0.0,0.0
71.0,20.001113891601562,20526.212890625,1836.469970703125,8096.97412109375,10592.767578125,1600.0,16.481563568115234,0.0,9968.236328125,0.07042258977890015,5.199844837188721,0.129835844039917,0.934220016002655,3.9148900508880615,1.6146459579467773,2.6226823329925537,4.847506523132324,0.00105834670830518,0.24574844539165497,0.42025935649871826,0.0,0.0,0.0,0.0,1425.0643310546875,35.582679748535156,154.6413116455078,1078.966064453125,711.361328125,0.0,3116.96728515625,0.5576973557472229,29.48981475830078,45.7662467956543,0.0,0.0,0.0,115.99712371826172,115.99712371826172,217.21482849121094,216.44393920898438,219.3021240234375,0.0,0.0,0.0,217.21482849121094,216.44393920898438,219.3021240234375,0.0,0.0,0.0,47.053775787353516,46.828285217285156,47.664302825927734,0.0,0.0,0.0
72.0,20.35270118713379,20721.189453125,1836.469970703125,8291.9521484375,10592.767578125,1600.0,16.106348037719727,0.0,10294.8310546875,0.07042266428470612,5.521566867828369,0.14096766710281372,0.934220016002655,3.9148900508880615,1.6146467924118042,2.6226823329925537,4.866168022155762,0.0010583663824945688,0.2457660585641861,0.42031270265579224,0.0,0.0,0.0,0.0,1513.2352294921875,38.63345718383789,154.6413116455078,1278.07568359375,942.4757690429688,0.0,2813.732666015625,0.19408273696899414,29.491926193237305,45.77205276489258,0.0,0.0,0.0,118.12933349609375,118.12933349609375,174.4445343017578,211.87539672851562,176.3282928466797,0.0,0.0,0.0,174.4445343017578,211.87539672851562,176.3282928466797,0.0,0.0,0.0,34.91867446899414,45.86720657348633,35.46967697143555,0.0,0.0,0.0
73.0,20.669586181640625,20924.8046875,1836.469970703125,8353.64453125,10734.689453125,1600.0,15.63870620727539,0.0,10703.0478515625,0.0704227164387703,5.811809539794922,0.1510215550661087,0.934220016002655,3.9148900508880615,1.6146475076675415,2.6226823329925537,4.882699489593506,0.0010583819821476936,0.24578003585338593,0.42035508155822754,0.0,0.0,0.0,0.0,1592.77880859375,41.388816833496094,154.6413116455078,2799.051025390625,1162.546142578125,0.0,1263.296142578125,0.0870320200920105,29.49360466003418,45.776668548583984,0.0,0.0,0.0,120.28764343261719,120.28764343261719,126.78164672851562,177.6847381591797,155.33274841308594,0.0,0.0,0.0,126.78164672851562,177.6847381591797,155.33274841308594,0.0,0.0,0.0,21.44492530822754,36.33407974243164,29.79612159729004,0.0,0.0,0.0
74.0,20.834917068481445,21129.3203125,1836.469970703125,8373.1640625,10919.685546875,1600.0,15.67759895324707,0.0,10782.720703125,0.07042273133993149,5.964395523071289,0.15631523728370667,0.934220016002655,3.9148900508880615,1.614647626876831,2.6226823329925537,4.890138149261475,0.0010583854746073484,0.24578319489955902,0.420364648103714,0.0,0.0,0.0,0.0,1634.5963134765625,42.839599609375,154.6413116455078,2799.53271484375,1162.5462646484375,0.0,1277.4901123046875,0.08795936405658722,25.44632911682129,43.40834426879883,0.0,0.0,0.0,122.42500305175781,122.42500305175781,142.3972625732422,168.7119598388672,147.36019897460938,0.0,0.0,0.0,142.3972625732422,168.7119598388672,147.36019897460938,0.0,0.0,0.0,25.97359848022461,33.670650482177734,27.42525863647461,0.0,0.0,0.0
75.0,21.09084701538086,21363.83203125,1836.469970703125,8570.56640625,10956.7958984375,1600.0,16.328676223754883,0.0,10476.01171875,0.07042273879051208,6.200926780700684,0.16451667249202728,0.934220016002655,3.915318727493286,1.6146477460861206,2.6226823329925537,4.9008965492248535,0.0010583880357444286,0.24578554928302765,0.42037177085876465,0.0,0.0,0.0,0.0,1699.419921875,45.087276458740234,154.6413116455078,2766.666748046875,967.5873413085938,0.0,1234.7381591796875,0.08494331687688828,22.120698928833008,41.61680603027344,0.0,0.0,0.0,124.45748138427734,124.45748138427734,141.17527770996094,154.09384155273438,99.30194091796875,0.0,0.0,0.0,141.17527770996094,154.09384155273438,99.30194091796875,0.0,0.0,0.0,24.96509552001953,28.743772506713867,12.717143058776855,0.0,0.0,0.0
76.0,21.450572967529297,21500.0,1836.469970703125,8706.7353515625,10956.7958984375,1600.0,16.41969871520996,0.0,10487.005859375,0.07042275369167328,6.5335540771484375,0.17603470385074615,0.934220016002655,3.9160385131835938,1.6146478652954102,2.6226823329925537,4.91574764251709,0.0010583905968815088,0.2457878291606903,0.4203786849975586,0.0,0.0,0.0,0.0,1790.5794677734375,48.243900299072266,154.6413116455078,2803.37353515625,598.2463989257812,0.0,1473.09326171875,0.10122054815292358,25.659820556640625,43.53448486328125,0.0,0.0,0.0,126.35325622558594,126.35325622558594,105.57437896728516,178.31979370117188,126.9892349243164,0.0,0.0,0.0,105.57437896728516,178.31979370117188,126.9892349243164,0.0,0.0,0.0,14.460805892944336,35.73884201049805,20.724651336669922,0.0,0.0,0.0
77.0,21.774137496948242,21612.17578125,1836.469970703125,8818.91015625,10956.7958984375,1600.0,17.279125213623047,0.0,10028.4599609375,0.07042275369167328,6.83286714553833,0.18637701869010925,0.934220016002655,3.916686773300171,1.6146478652954102,2.6226823329925537,4.929001808166504,0.001058392459526658,0.24578945338726044,0.42038363218307495,0.0,0.0,0.0,0.0,1872.6087646484375,51.07830047607422,154.6413116455078,1052.6656494140625,425.95703125,0.0,2994.090576171875,0.49831292033195496,29.494735717773438,45.77977752685547,0.0,0.0,0.0,128.14524841308594,128.14524841308594,216.7635955810547,217.71621704101562,201.0194549560547,0.0,0.0,0.0,216.7635955810547,217.71621704101562,201.0194549560547,0.0,0.0,0.0,46.12422561645508,46.40286636352539,41.519065856933594,0.0,0.0,0.0
78.0,21.99482536315918,21647.66796875,1836.469970703125,8854.4033203125,10956.7958984375,1600.0,17.516786575317383,0.0,9913.478515625,0.07042276114225388,7.037051200866699,0.193423330783844,0.934220016002655,3.9171292781829834,1.6146479845046997,2.6226823329925537,4.93801212310791,0.0010583935072645545,0.24579045176506042,0.4203866422176361,0.0,0.0,0.0,0.0,1928.5672607421875,53.00940704345703,154.6413116455078,972.0858154296875,403.2873840332031,0.0,2960.277587890625,0.49566394090652466,29.494853973388672,45.78010559082031,0.0,0.0,0.0,129.87112426757812,129.87112426757812,213.7272186279297,217.42074584960938,201.78643798828125,0.0,0.0,0.0,213.7272186279297,217.42074584960938,201.78643798828125,0.0,0.0,0.0,44.9984245300293,46.07878112792969,41.5057487487793,0.0,0.0,0.0
79.0,22.10208511352539,21658.8984375,1836.469970703125,8865.6328125,10956.7958984375,2930.02685546875,17.776153564453125,0.0,9779.173828125,0.07042276114225388,7.136132717132568,0.19685004651546478,0.934220016002655,3.9173128604888916,1.6147356033325195,2.6226823329925537,4.94249153137207,0.0010583939729258418,0.24579083919525146,0.42038780450820923,0.0,0.0,0.0,0.0,1955.7215576171875,53.94852828979492,154.6413116455078,894.0257568359375,395.4035339355469,0.0,2925.942626953125,0.49314701557159424,29.49489974975586,45.78023147583008,0.0,0.0,0.0,131.59385681152344,131.59385681152344,186.55770874023438,216.66773986816406,202.72633361816406,0.0,0.0,0.0,186.55770874023438,216.66773986816406,202.72633361816406,0.0,0.0,0.0,36.79197692871094,45.599159240722656,41.521297454833984,0.0,0.0,0.0
80.0,22.16342544555664,21678.70703125,1836.469970703125,8885.44140625,10956.7958984375,2930.02685546875,17.29017448425293,0.0,10060.1435546875,0.07042276114225388,7.192476749420166,0.19881108403205872,0.934220016002655,3.917358875274658,1.6149452924728394,2.6226823329925537,4.945271015167236,0.0010583940893411636,0.24579092860221863,0.4203880727291107,0.0,0.0,0.0,8.59077262878418,1971.1630859375,54.48596954345703,154.6413116455078,1075.7642822265625,314.4104919433594,0.0,2988.138427734375,0.4973105788230896,29.494911193847656,45.7802619934082,0.0,0.0,0.0,133.3344268798828,133.3344268798828,205.88796997070312,220.08238220214844,192.9154510498047,0.0,0.0,0.0,205.88796997070312,220.08238220214844,192.9154510498047,0.0,0.0,0.0,42.93205642700195,47.083927154541016,39.137596130371094,0.0,0.0,0.0
81.0,22.26685905456543,21750.935546875,1836.469970703125,8957.669921875,10956.7958984375,2930.02685546875,17.34670066833496,0.0,10063.41015625,0.07042276114225388,7.287338733673096,0.2021152675151825,0.934220016002655,3.9174089431762695,1.615376353263855,2.6226823329925537,4.950057506561279,0.0010583942057564855,0.2457910180091858,0.4203883707523346,0.0,0.0,0.0,24.338106155395508,1997.160888671875,55.391510009765625,154.6413116455078,66.74655151367188,322.5195617675781,972.1177368164062,2974.693115234375,0.4962155222892761,29.494922637939453,45.78029251098633,0.0,0.0,0.0,135.12107849121094,135.12107849121094,212.9963836669922,244.9825439453125,220.21542358398438,0.0,0.0,0.0,212.9963836669922,244.9825439453125,220.21542358398438,0.0,0.0,0.0,44.954742431640625,54.31069564819336,47.066307067871094,0.0,0.0,0.0
82.0,22.37576675415039,21773.7890625,1836.469970703125,8980.5234375,10956.7958984375,2930.02685546875,17.133573532104492,0.0,10199.30078125,0.07042276114225388,7.387356281280518,0.20559869706630707,0.934220016002655,3.9174251556396484,1.6155394315719604,2.6226823329925537,4.955283164978027,0.0010583942057564855,0.24579104781150818,0.42038846015930176,0.0,0.0,0.0,9.861756324768066,2024.571533203125,56.34617233276367,154.6413116455078,1039.5615234375,407.5812072753906,0.001773388241417706,2964.74951171875,0.4953450858592987,29.49492645263672,45.780303955078125,0.0,0.0,0.0,136.94876098632812,136.94876098632812,188.1146240234375,243.98104858398438,210.1201629638672,0.0,0.0,0.0,188.1146240234375,243.98104858398438,210.1201629638672,0.0,0.0,0.0,37.88995361328125,54.23088073730469,44.326576232910156,0.0,0.0,0.0
83.0,22.66209602355957,22018.986328125,1836.469970703125,9225.720703125,10956.7958984375,2930.02685546875,16.985891342163086,0.0,10402.552734375,0.07042276114225388,7.650437355041504,0.21492761373519897,0.934220016002655,3.9174466133117676,1.6157687902450562,2.6226823329925537,4.968952178955078,0.0010583942057564855,0.24579109251499176,0.4203885793685913,0.0,0.0,0.0,0.0,2096.67138671875,58.90285110473633,154.6413116455078,898.8533935546875,711.8560180664062,0.0,2871.45068359375,0.45602646470069885,29.494932174682617,45.78031539916992,0.0,0.0,0.0,138.83355712890625,138.83355712890625,174.86825561523438,212.73825073242188,181.36544799804688,0.0,0.0,0.0,174.86825561523438,212.73825073242188,181.36544799804688,0.0,0.0,0.0,34.1630744934082,45.240047454833984,36.06350326538086,0.0,0.0,0.0
84.0,23.047285079956055,22139.2265625,1836.469970703125,9340.900390625,10961.85546875,2930.02685546875,16.43419075012207,0.0,10805.2783203125,0.07042276114225388,8.004440307617188,0.2275233268737793,0.934220016002655,3.917470932006836,1.616034984588623,2.6226823329925537,4.987252235412598,0.0010583943221718073,0.24579113721847534,0.42038872838020325,0.0,0.0,0.0,0.0,2193.68896484375,62.354820251464844,154.6413116455078,1045.9356689453125,943.2860717773438,0.0,2662.070556640625,0.18192453682422638,29.494937896728516,45.780330657958984,0.0,0.0,0.0,140.77317810058594,140.77317810058594,185.4840545654297,209.24526977539062,153.12118530273438,0.0,0.0,0.0,185.4840545654297,209.24526977539062,153.12118530273438,0.0,0.0,0.0,37.81989669799805,44.770050048828125,28.3537540435791,0.0,0.0,0.0
85.0,23.290639877319336,22349.55859375,1836.469970703125,9377.3447265625,11135.744140625,2930.02685546875,15.949821472167969,0.0,11233.73046875,0.07042276114225388,8.228132247924805,0.2354898452758789,0.934220016002655,3.917484998703003,1.616188645362854,2.6226823329925537,4.998781681060791,0.0010583943221718073,0.24579116702079773,0.4203888177871704,0.0,0.0,0.0,0.0,2254.99365234375,64.53811645507812,154.6413116455078,2540.92626953125,1163.65576171875,0.0,1169.944580078125,0.07988616824150085,29.49493980407715,45.78034210205078,0.0,0.0,0.0,142.74969482421875,142.74969482421875,146.42861938476562,172.65541076660156,130.4210968017578,0.0,0.0,0.0,146.42861938476562,172.65541076660156,130.4210968017578,0.0,0.0,0.0,26.88054847717285,34.551883697509766,22.19835090637207,0.0,0.0,0.0
86.0,23.406076431274414,22563.140625,1836.469970703125,9388.8759765625,11337.794921875,2930.02685546875,15.98523235321045,0.0,11317.3388671875,0.07042276114225388,8.334667205810547,0.23928920924663544,0.934220016002655,3.917487621307373,1.6162198781967163,2.6226823329925537,5.003848552703857,0.0010583943221718073,0.24579116702079773,0.4203888177871704,0.0,0.0,0.0,0.0,2284.190673828125,65.57936096191406,154.6413116455078,2551.0556640625,1163.6783447265625,0.0,1195.4326171875,0.08159499615430832,22.121206283569336,41.618492126464844,0.0,0.0,0.0,144.72203063964844,144.72203063964844,143.24725341796875,152.85816955566406,101.27754211425781,0.0,0.0,0.0,143.24725341796875,152.85816955566406,101.27754211425781,0.0,0.0,0.0,25.91459083557129,28.72578239440918,13.638447761535645,0.0,0.0,0.0
87.0,23.588407516479492,22746.9609375,1836.469970703125,9532.154296875,11378.337890625,2930.02685546875,16.60101890563965,0.0,10995.404296875,0.07042276114225388,8.503446578979492,0.2453039288520813,0.934220016002655,3.917490005493164,1.6162464618682861,2.6226823329925537,5.011358261108398,0.0010583943221718073,0.24579118192195892,0.4203888475894928,0.0,0.0,0.0,0.0,2330.446044921875,67.22775268554688,154.6413116455078,2518.252685546875,968.54541015625,0.0,1156.7352294921875,0.07890761643648148,22.121206283569336,41.61849594116211,0.0,0.0,0.0,146.60569763183594,146.60569763183594,145.6576690673828,160.1110382080078,145.59214782714844,0.0,0.0,0.0,145.6576690673828,160.1110382080078,145.59214782714844,0.0,0.0,0.0,26.003847122192383,30.23145866394043,25.984682083129883,0.0,0.0,0.0
88.0,23.814573287963867,22810.43359375,1836.469970703125,9595.625,11378.337890625,2930.02685546875,16.63361167907715,0.0,11006.935546875,0.07042276114225388,8.712946891784668,0.25276824831962585,0.934220016002655,3.917491912841797,1.6162673234939575,2.6226823329925537,5.020535469055176,0.0010583943221718073,0.24579118192195892,0.4203888475894928,0.0,0.0,0.0,0.0,2387.861572265625,69.27342224121094,154.6413116455078,2581.7822265625,598.846435546875,0.0,1409.418701171875,0.09607547521591187,22.121206283569336,41.61849594116211,0.0,0.0,0.0,148.3807830810547,148.3807830810547,88.95821380615234,158.26437377929688,100.21314239501953,0.0,0.0,0.0,88.95821380615234,158.26437377929688,100.21314239501953,0.0,0.0,0.0,9.386666297912598,29.65871810913086,12.678732872009277,0.0,0.0,0.0
89.0,24.034059524536133,24427.42578125,3348.77001953125,9700.318359375,11378.337890625,2930.02685546875,18.649160385131836,0.0,10525.6435546875,0.07042276114225388,8.916305541992188,0.2599993944168091,0.934220016002655,3.9174931049346924,1.6162821054458618,2.6226823329925537,5.029416084289551,0.0010583943221718073,0.24579118192195892,0.4203888475894928,0.0,0.0,0.0,0.0,2443.59375,71.25517272949219,154.6413116455078,2498.859375,426.3881530761719,0.0,1269.6927490234375,0.08649013191461563,29.49494171142578,45.78034591674805,0.0,0.0,0.0,150.05984497070312,150.05984497070312,172.10154724121094,185.87196350097656,152.63816833496094,0.0,0.0,0.0,172.10154724121094,185.87196350097656,152.63816833496094,0.0,0.0,0.0,31.690542221069336,35.718387603759766,25.99750518798828,0.0,0.0,0.0
90.0,24.213926315307617,24460.552734375,3348.77001953125,9733.4443359375,11378.337890625,2930.02685546875,18.900224685668945,0.0,10404.9482421875,0.07042276114225388,9.082969665527344,0.26591750979423523,0.934220016002655,3.917494058609009,1.6162928342819214,2.6226823329925537,5.03668737411499,0.0010583943221718073,0.24579118192195892,0.4203888475894928,0.0,0.0,0.0,0.0,2489.269775390625,72.87709045410156,154.6413116455078,1040.468017578125,403.6982421875,0.0,2620.226318359375,0.4366765320301056,29.49494171142578,45.78034591674805,0.0,0.0,0.0,151.6613311767578,151.6613311767578,220.54039001464844,213.0077667236328,220.87579345703125,0.0,0.0,0.0,220.54039001464844,213.0077667236328,220.87579345703125,0.0,0.0,0.0,45.60784149169922,43.40454864501953,45.7059440612793,0.0,0.0,0.0
91.0,24.30577278137207,24471.033203125,3348.77001953125,9743.92578125,11378.337890625,2930.02685546875,19.178380966186523,0.0,10263.9794921875,0.07042276114225388,9.166997909545898,0.26893872022628784,0.934220016002655,3.9186229705810547,1.616297721862793,2.6226823329925537,5.040351867675781,0.0010583943221718073,0.24579118192195892,0.4203888773918152,0.0,0.0,0.0,0.0,2512.298583984375,73.70508575439453,154.6413116455078,1012.473388671875,395.7860412597656,0.0,2535.98583984375,0.1726001650094986,29.49494171142578,45.78034591674805,0.0,0.0,0.0,153.26222229003906,153.26222229003906,124.03360748291016,215.8401641845703,180.20126342773438,0.0,0.0,0.0,124.03360748291016,215.8401641845703,180.20126342773438,0.0,0.0,0.0,17.10144805908203,43.95486831665039,33.530487060546875,0.0,0.0,0.0
92.0,24.34685516357422,24475.359375,3348.77001953125,9748.2509765625,11378.337890625,2930.02685546875,18.638652801513672,0.0,10558.8564453125,0.07042276114225388,9.203967094421387,0.2702581286430359,0.934220016002655,3.9198033809661865,1.6162997484207153,2.6226823329925537,5.041963577270508,0.0010583943221718073,0.24579118192195892,0.4203888773918152,0.0,0.0,0.0,0.0,2522.43017578125,74.0666732788086,154.6413116455078,1002.7403564453125,314.6741638183594,0.0,2813.03564453125,0.46626317501068115,29.49494171142578,45.78034591674805,0.0,0.0,0.0,154.89340209960938,154.89340209960938,211.11102294921875,216.08575439453125,214.77978515625,0.0,0.0,0.0,211.11102294921875,216.08575439453125,214.77978515625,0.0,0.0,0.0,43.111324310302734,44.566429138183594,44.18443298339844,0.0,0.0,0.0
93.0,24.364416122436523,24476.728515625,3348.77001953125,9749.6201171875,11378.337890625,2930.02685546875,18.6380558013916,0.0,10562.271484375,0.07042276114225388,9.219572067260742,0.27079060673713684,0.934220016002655,3.9205470085144043,1.6163007020950317,2.6226823329925537,5.042643070220947,0.0010583943221718073,0.24579118192195892,0.4203888773918152,0.0,0.0,0.0,8.370458602905273,2526.706787109375,74.21260070800781,154.6413116455078,986.96240234375,322.7041320800781,0.0,2808.603515625,0.46544259786605835,29.49494171142578,45.78034591674805,0.0,0.0,0.0,156.5815887451172,156.5815887451172,210.8845672607422,220.6508026123047,202.68179321289062,0.0,0.0,0.0,210.8845672607422,220.6508026123047,202.68179321289062,0.0,0.0,0.0,43.04568099975586,45.902305603027344,40.646366119384766,0.0,0.0,0.0
94.0,24.371416091918945,24477.16015625,3348.77001953125,9750.0537109375,11378.337890625,2930.02685546875,18.389062881469727,0.0,10704.8916015625,0.07042276114225388,9.225975036621094,0.27102822065353394,0.934220016002655,3.9205641746520996,1.6163007020950317,2.6226823329925537,5.042984962463379,0.0010583943221718073,0.24579118192195892,0.4203888773918152,0.0,0.0,0.0,22.157026290893555,2528.461669921875,74.27772521972656,154.6413116455078,977.5809936523438,407.77325439453125,0.0016748668858781457,2811.643798828125,0.46622782945632935,29.49494171142578,45.78034591674805,0.0,0.0,0.0,158.3103485107422,158.3103485107422,188.04647827148438,243.65286254882812,211.40318298339844,0.0,0.0,0.0,188.04647827148438,243.65286254882812,211.40318298339844,0.0,0.0,0.0,36.61452865600586,52.879398345947266,43.44636917114258,0.0,0.0,0.0
95.0,24.555522918701172,24666.857421875,3348.77001953125,9939.75,11378.337890625,2930.02685546875,18.166114807128906,0.0,10918.197265625,0.07042276114225388,9.395566940307617,0.27834004163742065,0.934220016002655,3.9206809997558594,1.6163008213043213,2.6226823329925537,5.050072193145752,0.0010583943221718073,0.24579118192195892,0.4203888773918152,0.0,0.0,0.0,0.0,2574.939697265625,76.2815933227539,154.6413116455078,866.9559326171875,712.0903930664062,0.0,2733.523193359375,0.44801416993141174,29.49494171142578,45.78034591674805,0.0,0.0,0.0,160.1122283935547,160.1122283935547,178.6470947265625,213.1379852294922,180.360595703125,0.0,0.0,0.0,178.6470947265625,213.1379852294922,180.360595703125,0.0,0.0,0.0,34.08816146850586,44.1767463684082,34.58935546875,0.0,0.0,0.0
96.0,24.97210693359375,24892.224609375,3348.77001953125,10165.1171875,11378.337890625,2930.02685546875,17.7373046875,0.0,11279.1201171875,0.07042276114225388,9.780268669128418,0.29496893286705017,0.934220016002655,3.9208898544311523,1.6163009405136108,2.6226823329925537,5.065114974975586,0.0010583943221718073,0.24579118192195892,0.4203888773918152,0.0,0.0,0.0,0.0,2680.370849609375,80.8388900756836,154.6413116455078,2366.155517578125,943.4413452148438,0.0,1134.5963134765625,0.0770794078707695,29.49494171142578,45.78034591674805,0.0,0.0,0.0,161.98077392578125,161.98077392578125,150.2003936767578,187.40777587890625,151.4722137451172,0.0,0.0,0.0,150.2003936767578,187.40777587890625,151.4722137451172,0.0,0.0,0.0,26.19631004333496,37.0794677734375,26.56831932067871,0.0,0.0,0.0
97.0,25.341609954833984,25116.599609375,3348.77001953125,10236.42578125,11531.4033203125,2930.02685546875,17.2045955657959,0.0,11726.3408203125,0.07042276114225388,10.121853828430176,0.3097425699234009,0.934220016002655,3.9210550785064697,1.6163010597229004,2.6226823329925537,5.078093528747559,0.0010583943221718073,0.24579118192195892,0.4203888773918152,0.0,0.0,0.0,0.0,2773.9853515625,84.88774108886719,154.6413116455078,2337.182861328125,1163.73681640625,0.0,1144.9300537109375,0.07770747691392899,29.49494171142578,45.78034591674805,0.0,0.0,0.0,163.8992156982422,163.8992156982422,151.1268310546875,176.71063232421875,154.22532653808594,0.0,0.0,0.0,151.1268310546875,176.71063232421875,154.22532653808594,0.0,0.0,0.0,27.0000057220459,34.4832649230957,27.906312942504883,0.0,0.0,0.0
98.0,25.533729553222656,25341.0625,3348.77001953125,10258.9873046875,11733.3056640625,2930.02685546875,17.231704711914062,0.0,11813.603515625,0.07042276114225388,10.301301002502441,0.3175102472305298,0.934220016002655,3.9210846424102783,1.61630117893219,2.6226823329925537,5.082969665527344,0.0010583943221718073,0.24579118192195892,0.4203888773918152,0.0,0.0,0.0,0.0,2823.164306640625,87.01654052734375,154.6413116455078,2347.228515625,1163.73681640625,0.0,1162.6328125,0.07887986302375793,15.310521125793457,37.75439453125,0.0,0.0,0.0,165.83021545410156,165.83021545410156,143.02276611328125,149.1262664794922,98.95603942871094,0.0,0.0,0.0,143.02276611328125,149.1262664794922,98.95603942871094,0.0,0.0,0.0,24.60245704650879,26.38772964477539,11.712937355041504,0.0,0.0,0.0
99.0,25.945064544677734,25730.076171875,3348.77001953125,10607.5068359375,11773.7978515625,2930.02685546875,18.024158477783203,0.0,11477.5361328125,0.07042276114225388,10.686772346496582,0.3341221213340759,0.934220016002655,3.921112537384033,1.61630117893219,2.6226823329925537,5.092192649841309,0.0010583943221718073,0.24579118192195892,0.4203888773918152,0.0,0.0,0.0,0.0,2928.806396484375,91.56918334960938,154.6413116455078,2263.0185546875,968.5781860351562,0.0,1104.4560546875,0.07487944513559341,14.74747085571289,37.45664978027344,0.0,0.0,0.0,167.67823791503906,167.67823791503906,145.0167236328125,168.26611328125,107.33290100097656,0.0,0.0,0.0,145.0167236328125,168.26611328125,107.33290100097656,0.0,0.0,0.0,24.393232345581055,31.193675994873047,13.370715141296387,0.0,0.0,0.0
100.0,26.580232620239258,25983.943359375,3348.77001953125,10861.3759765625,11773.7978515625,2930.02685546875,18.186737060546875,0.0,11489.564453125,0.07042276114225388,11.282441139221191,0.359771192073822,0.934220016002655,3.921193838119507,1.61630117893219,2.6226823329925537,5.105961799621582,0.0010583943221718073,0.24579118192195892,0.4203888773918152,0.0,0.0,0.0,0.0,3092.0546875,98.59854125976562,154.6413116455078,2283.965576171875,598.8590087890625,0.0,1289.28369140625,0.08731709420681,14.74747085571289,37.45664978027344,0.0,0.0,0.0,169.43414306640625,169.43414306640625,146.25144958496094,169.85971069335938,106.7580337524414,0.0,0.0,0.0,146.25144958496094,169.85971069335938,106.7580337524414,0.0,0.0,0.0,24.591814041137695,31.497230529785156,13.039987564086914,0.0,0.0,0.0
101.0,27.180389404296875,26201.587890625,3348.77001953125,11079.01953125,11773.7978515625,2930.02685546875,19.2017822265625,0.0,10987.15625,0.07042276114225388,11.845189094543457,0.3839982748031616,0.934220016002655,3.92156982421875,1.61630117893219,2.6226823329925537,5.118767261505127,0.0010583943221718073,0.24579118192195892,0.4203888773918152,0.0,0.0,0.0,0.0,3246.281005859375,105.2381820678711,154.6413116455078,2128.503662109375,426.3931884765625,0.0,1116.260986328125,0.0755239874124527,14.74747085571289,37.45664978027344,0.0,0.0,0.0,171.1191864013672,171.1191864013672,164.2843475341797,152.590087890625,144.6136016845703,0.0,0.0,0.0,164.2843475341797,152.590087890625,144.6136016845703,0.0,0.0,0.0,28.851388931274414,25.430818557739258,23.097698211669922,0.0,0.0,0.0
102.0,27.60011100769043,26270.744140625,3348.77001953125,11148.1767578125,11773.7978515625,2930.02685546875,19.48554229736328,0.0,10861.1435546875,0.07042276114225388,12.238646507263184,0.40092337131500244,0.934220016002655,3.9220118522644043,1.61630117893219,2.6226823329925537,5.127663612365723,0.0010583943221718073,0.24579118192195892,0.4203888773918152,0.0,0.0,0.0,0.0,3325.7607421875,108.94792938232422,153.46351623535156,1758.2587890625,402.01239013671875,0.0,1330.8468017578125,0.08998019993305206,22.121206283569336,41.61849594116211,0.0,0.0,0.0,172.71791076660156,172.71791076660156,112.3792953491211,168.66952514648438,133.3963623046875,0.0,0.0,0.0,112.3792953491211,168.66952514648438,133.3963623046875,0.0,0.0,0.0,13.38539981842041,29.850292205810547,19.53289222717285,0.0,0.0,0.0
103.0,27.805850982666016,26292.626953125,3348.77001953125,11170.05859375,11773.7978515625,2930.02685546875,19.78058433532715,0.0,10713.98046875,0.07042276114225388,12.43013858795166,0.4092087745666504,0.934220016002655,3.9236631393432617,1.61630117893219,2.6226823329925537,5.13197660446167,0.0010583943221718073,0.24579118192195892,0.4203888773918152,0.0,0.0,0.0,0.0,3331.412841796875,109.67242431640625,152.13975524902344,834.4583740234375,391.490478515625,0.0,2159.376220703125,0.14594963192939758,22.121206283569336,41.61849594116211,0.0,0.0,0.0,174.27586364746094,174.27586364746094,167.17779541015625,189.8280792236328,161.09620666503906,0.0,0.0,0.0,167.17779541015625,189.8280792236328,161.09620666503906,0.0,0.0,0.0,29.118919372558594,35.7441291809082,27.34005355834961,0.0,0.0,0.0
104.0,27.895179748535156,26300.75390625,3348.77001953125,11178.1865234375,11773.7978515625,2930.02685546875,19.224971771240234,0.0,11021.779296875,0.07042276114225388,12.512508392333984,0.4127575159072876,0.934220016002655,3.925222635269165,1.61630117893219,2.6226823329925537,5.13382625579834,0.0010583943221718073,0.24579118192195892,0.4203888773918152,0.0,0.0,0.0,0.0,3407.553466796875,112.40697479248047,153.724609375,812.4325561523438,313.6912841796875,0.0,2384.26220703125,0.39570605754852295,22.121206283569336,41.61849594116211,0.0,0.0,0.0,175.83169555664062,175.83169555664062,187.29666137695312,193.54312133789062,186.08468627929688,0.0,0.0,0.0,187.29666137695312,193.54312133789062,186.08468627929688,0.0,0.0,0.0,35.559303283691406,37.386390686035156,35.20479965209961,0.0,0.0,0.0
105.0,27.932016372680664,26303.326171875,3348.77001953125,11180.7578125,11773.7978515625,2930.02685546875,19.2247314453125,0.0,11025.330078125,0.07042276114225388,12.546248435974121,0.41417375206947327,0.934220016002655,3.926147222518921,1.61630117893219,2.6226823329925537,5.134582042694092,0.0010583943221718073,0.24579118192195892,0.4203888773918152,0.0,0.0,0.0,0.0,3411.638916015625,112.62420654296875,153.54736328125,793.9915161132812,321.4610290527344,0.0,2391.5947265625,0.40797293186187744,22.121206283569336,41.61849594116211,0.0,0.0,0.0,177.42449951171875,177.42449951171875,179.7423858642578,193.6167755126953,190.98526000976562,0.0,0.0,0.0,179.7423858642578,193.6167755126953,190.98526000976562,0.0,0.0,0.0,33.349918365478516,37.40817642211914,36.638458251953125,0.0,0.0,0.0
106.0,27.94638442993164,26304.140625,3348.77001953125,11181.5712890625,11773.7978515625,2930.02685546875,18.967212677001953,0.0,11174.1826171875,0.07042276114225388,12.559676170349121,0.414802610874176,0.934220016002655,3.926175117492676,1.61630117893219,2.6226823329925537,5.134864807128906,0.0010583943221718073,0.24579118192195892,0.4203888773918152,0.0,0.0,0.0,0.0,3417.3603515625,112.86357879638672,153.61517333984375,799.3903198242188,406.3224792480469,0.0,2393.953125,0.4087872803211212,22.121206283569336,41.61849594116211,0.0,0.0,0.0,179.04090881347656,179.04090881347656,179.1667022705078,192.2202606201172,181.77586364746094,0.0,0.0,0.0,179.1667022705078,192.2202606201172,181.77586364746094,0.0,0.0,0.0,33.439048767089844,37.2572135925293,34.20222473144531,0.0,0.0,0.0
107.0,28.203765869140625,26567.65625,3348.77001953125,11445.0888671875,11773.7978515625,2930.02685546875,18.778167724609375,0.0,11396.83203125,0.07042276114225388,12.79931926727295,0.4272759258747101,0.934220016002655,3.9263381958007812,1.61630117893219,2.6226823329925537,5.139967441558838,0.0010583943221718073,0.24579118192195892,0.4203888773918152,0.0,0.0,0.0,0.0,3421.987548828125,114.2352066040039,151.93775939941406,923.4108276367188,703.53076171875,0.0,2116.989501953125,0.14299896359443665,22.121206283569336,41.61849594116211,0.0,0.0,0.0,180.6919708251953,180.6919708251953,143.4121856689453,185.85675048828125,144.2567901611328,0.0,0.0,0.0,143.4121856689453,185.85675048828125,144.2567901611328,0.0,0.0,0.0,23.169897079467773,35.584930419921875,23.416940689086914,0.0,0.0,0.0
108.0,28.696178436279297,26790.041015625,3348.77001953125,11667.47265625,11773.7978515625,2930.02685546875,18.307838439941406,0.0,11780.755859375,0.07042276114225388,13.257772445678711,0.4512033760547638,0.934220016002655,3.92659330368042,1.61630117893219,2.6226823329925537,5.149744987487793,0.0010583943221718073,0.24579118192195892,0.4203888773918152,0.0,0.0,0.0,0.0,3500.409423828125,119.1298599243164,150.8000030517578,2034.795654296875,926.4877319335938,0.0,957.47607421875,0.06462982296943665,22.121206283569336,41.61849594116211,0.0,0.0,0.0,182.36602783203125,182.36602783203125,149.05638122558594,160.3466339111328,146.3892364501953,0.0,0.0,0.0,149.05638122558594,160.3466339111328,146.3892364501953,0.0,0.0,0.0,25.291152954101562,28.593551635742188,24.51101303100586,0.0,0.0,0.0
109.0,29.08652687072754,27022.498046875,3348.77001953125,11737.8369140625,11935.8916015625,2930.02685546875,17.750261306762695,0.0,12247.849609375,0.07042276114225388,13.621200561523438,0.4701862633228302,0.934220016002655,3.926774740219116,1.61630117893219,2.6226823329925537,5.157501697540283,0.0010583943221718073,0.24579118192195892,0.4203888773918152,0.0,0.0,0.0,0.0,3580.431396484375,123.59187316894531,150.42111206054688,2044.040771484375,1140.396240234375,0.0,974.673828125,0.0657535195350647,14.74747085571289,37.45664978027344,0.0,0.0,0.0,184.06907653808594,184.06907653808594,124.27872467041016,147.39393615722656,113.65758514404297,0.0,0.0,0.0,124.27872467041016,147.39393615722656,113.65758514404297,0.0,0.0,0.0,18.60126495361328,25.362462997436523,15.494582176208496,0.0,0.0,0.0
110.0,29.28424835205078,27256.3359375,3348.77001953125,11760.1005859375,12147.4658203125,2930.02685546875,17.772363662719727,0.0,12338.9765625,0.07042276114225388,13.80530071258545,0.4798147678375244,0.934220016002655,3.9268083572387695,1.61630117893219,2.6226823329925537,5.161459445953369,0.0010583943221718073,0.24579118192195892,0.4203888773918152,0.0,0.0,0.0,0.0,3620.99072265625,125.8505630493164,150.22666931152344,2043.3572998046875,1139.2169189453125,0.0,993.5913696289062,0.06700994074344635,14.74747085571289,37.45664978027344,0.0,0.0,0.0,185.77024841308594,185.77024841308594,116.87589263916016,145.30796813964844,124.27708435058594,0.0,0.0,0.0,116.87589263916016,145.30796813964844,124.27708435058594,0.0,0.0,0.0,16.413835525512695,24.73021697998047,18.578683853149414,0.0,0.0,0.0
111.0,29.67454719543457,27623.693359375,3348.77001953125,12085.0263671875,12189.896484375,2930.02685546875,18.55556869506836,0.0,11987.955078125,0.07042276114225388,14.168807983398438,0.4987412095069885,0.934220016002655,3.9268381595611572,1.61630117893219,2.6226823329925537,5.169295787811279,0.0010583943221718073,0.24579118192195892,0.4203888773918152,0.0,0.0,0.0,0.0,3660.13671875,128.83660888671875,148.81704711914062,2026.795166015625,941.2997436523438,0.0,929.2783203125,0.06263543665409088,14.74747085571289,37.45664978027344,0.0,0.0,0.0,187.4039764404297,187.4039764404297,127.69007110595703,149.76510620117188,119.81928253173828,0.0,0.0,0.0,127.69007110595703,149.76510620117188,119.81928253173828,0.0,0.0,0.0,18.793777465820312,25.2507266998291,16.4915714263916,0.0,0.0,0.0
112.0,30.26643180847168,27857.826171875,3348.77001953125,12319.16015625,12189.896484375,2930.02685546875,18.696537017822266,0.0,12000.4912109375,0.07042276114225388,14.720087051391602,0.5274157524108887,0.934220016002655,3.9268686771392822,1.61630117893219,2.6226823329925537,5.181196689605713,0.0010583943221718073,0.24579118192195892,0.4203888773918152,0.0,0.0,0.0,0.0,3812.893310546875,136.61468505859375,149.0950927734375,2040.4588623046875,582.7504272460938,0.0,1120.216796875,0.07543709129095078,14.74747085571289,37.45664978027344,0.0,0.0,0.0,188.9691162109375,188.9691162109375,121.13006591796875,154.1321258544922,126.6636962890625,0.0,0.0,0.0,121.13006591796875,154.1321258544922,126.6636962890625,0.0,0.0,0.0,16.734006881713867,26.387109756469727,18.35259437561035,0.0,0.0,0.0
113.0,30.830612182617188,28067.693359375,3348.77001953125,12529.0263671875,12189.896484375,2930.02685546875,19.724313735961914,0.0,11475.73046875,0.07042276114225388,15.224329948425293,0.5534207224845886,0.957238495349884,3.9268906116485596,1.61630117893219,2.6226823329925537,5.192087650299072,0.0010583943221718073,0.24579118192195892,0.4203888773918152,0.0,0.0,0.0,0.0,3834.175048828125,139.3763885498047,149.89736938476562,2006.6634521484375,409.4457092285156,0.0,951.0096435546875,0.06398945301771164,12.537301063537598,36.1628532409668,0.0,0.0,0.0,190.478759765625,190.478759765625,96.38648986816406,149.88372802734375,128.90255737304688,0.0,0.0,0.0,96.38648986816406,149.88372802734375,128.90255737304688,0.0,0.0,0.0,8.468732833862305,24.116674423217773,17.97968292236328,0.0,0.0,0.0
114.0,31.245067596435547,28174.984375,3348.77001953125,12636.31640625,12189.896484375,2930.02685546875,20.039173126220703,0.0,11344.1044921875,0.07042276114225388,15.545493125915527,0.5696621537208557,1.0273418426513672,3.926903247833252,1.61630117893219,2.6226823329925537,5.199023246765137,0.0010583943221718073,0.24579118192195892,0.4203888773918152,0.0,0.0,0.0,0.0,3859.46630859375,141.42953491210938,158.7300567626953,1988.773193359375,385.07012939453125,0.0,874.1868896484375,0.05878921225667,7.933529376983643,33.590824127197266,0.0,0.0,0.0,191.9104766845703,191.9104766845703,83.21142578125,149.65725708007812,97.99217224121094,0.0,0.0,0.0,83.21142578125,149.65725708007812,97.99217224121094,0.0,0.0,0.0,4.300168514251709,23.73557472229004,8.62353801727295,0.0,0.0,0.0
115.0,31.53590965270996,28231.931640625,3348.77001953125,12693.263671875,12189.896484375,2930.02685546875,20.36654281616211,0.0,11190.3837890625,0.07042276114225388,15.752786636352539,0.580720841884613,1.0943423509597778,3.9279088973999023,1.61630117893219,2.6226823329925537,5.203505992889404,0.0010583943221718073,0.24579118192195892,0.4203888773918152,0.0,0.0,0.0,0.0,3862.55224609375,142.3916015625,167.11361694335938,1939.7791748046875,375.3451843261719,0.0,793.3408203125,0.05333439260721207,22.121206283569336,41.61849594116211,0.0,0.0,0.0,193.29150390625,193.29150390625,152.7344970703125,171.27125549316406,153.14027404785156,0.0,0.0,0.0,152.7344970703125,171.27125549316406,153.14027404785156,0.0,0.0,0.0,24.308300018310547,29.730300903320312,24.426986694335938,0.0,0.0,0.0
116.0,31.688888549804688,28250.8828125,3348.77001953125,12712.2158203125,12189.896484375,2930.02685546875,19.80015754699707,0.0,11511.8525390625,0.07042276114225388,15.856551170349121,0.58635413646698,1.134545922279358,3.9290409088134766,1.61630117893219,2.6226823329925537,5.205751419067383,0.0010583943221718073,0.24579118192195892,0.4203888773918152,0.0,0.0,0.0,0.0,3940.947998046875,145.7310028076172,174.3209228515625,835.5680541992188,300.3014221191406,0.0,2098.720947265625,0.1415323168039322,22.121206283569336,41.61849594116211,0.0,0.0,0.0,194.6699676513672,194.6699676513672,107.12474822998047,188.65789794921875,154.4966583251953,0.0,0.0,0.0,107.12474822998047,188.65789794921875,154.4966583251953,0.0,0.0,0.0,11.533832550048828,35.38227844238281,25.39011573791504,0.0,0.0,0.0
117.0,31.757278442382812,28256.87890625,3348.77001953125,12718.2119140625,12189.896484375,2930.02685546875,19.80155372619629,0.0,11515.546875,0.07042276114225388,15.90140438079834,0.5887797474861145,1.153991460800171,3.929737091064453,1.61630117893219,2.6226823329925537,5.206721305847168,0.0010583943221718073,0.24579118192195892,0.4203888773918152,0.0,0.0,0.0,0.0,3945.100341796875,146.07484436035156,176.9267120361328,710.6181640625,307.709716796875,0.0,2210.122314453125,0.25103336572647095,22.121206283569336,41.61849594116211,0.0,0.0,0.0,196.08724975585938,196.08724975585938,184.988525390625,189.18972778320312,152.53561401367188,0.0,0.0,0.0,184.988525390625,189.18972778320312,152.53561401367188,0.0,0.0,0.0,34.30759048461914,35.536441802978516,24.815113067626953,0.0,0.0,0.0
118.0,31.785242080688477,28258.775390625,3348.77001953125,12720.109375,12189.896484375,2930.02685546875,19.536026000976562,0.0,11671.009765625,0.07042276114225388,15.926572799682617,0.5904231071472168,1.1545783281326294,3.9297614097595215,1.61630117893219,2.6226823329925537,5.20726203918457,0.0010583943221718073,0.24579118192195892,0.4203888773918152,0.0,0.0,0.0,0.0,3957.126220703125,146.6968994140625,177.17288208007812,907.3964233398438,389.0909118652344,0.0,2022.4586181640625,0.13592669367790222,22.121206283569336,41.61849594116211,0.0,0.0,0.0,197.5288543701172,197.5288543701172,161.22958374023438,186.52371215820312,160.89610290527344,0.0,0.0,0.0,161.22958374023438,186.52371215820312,160.89610290527344,0.0,0.0,0.0,27.623628616333008,35.022159576416016,27.526081085205078,0.0,0.0,0.0
119.0,32.18754959106445,28668.361328125,3348.77001953125,13129.6943359375,12189.896484375,2930.02685546875,19.425933837890625,0.0,11903.5302734375,0.07042276114225388,16.29475212097168,0.6135411858558655,1.157503604888916,3.929884910583496,1.61630117893219,2.6226823329925537,5.215221881866455,0.0010583943221718073,0.24579118192195892,0.4203888773918152,0.0,0.0,0.0,0.0,3990.293212890625,150.24525451660156,176.0466766357422,792.4737548828125,674.9097900390625,0.0,1971.11962890625,0.1324002891778946,22.121206283569336,41.61849594116211,0.0,0.0,0.0,199.00680541992188,199.00680541992188,148.48721313476562,185.12742614746094,148.09912109375,0.0,0.0,0.0,148.48721313476562,185.12742614746094,148.09912109375,0.0,0.0,0.0,24.006572723388672,34.72383499145508,23.893056869506836,0.0,0.0,0.0
120.0,32.963096618652344,29023.91015625,3348.77001953125,13485.244140625,12189.896484375,2930.02685546875,19.15027618408203,0.0,12218.90234375,0.07042276114225388,16.978666305541992,0.6562116146087646,1.1914728879928589,3.9300730228424072,1.61630117893219,2.6226823329925537,5.23002815246582,0.0010583943221718073,0.24579118192195892,0.4203888773918152,0.0,0.0,0.0,0.0,4095.331298828125,158.28121948242188,179.285888671875,1897.1322021484375,887.9786987304688,0.0,748.07861328125,0.050194866955280304,22.121206283569336,41.61849594116211,0.0,0.0,0.0,200.51754760742188,200.51754760742188,138.96722412109375,156.09983825683594,140.03761291503906,0.0,0.0,0.0,138.96722412109375,156.09983825683594,140.03761291503906,0.0,0.0,0.0,21.497636795043945,26.508926391601562,21.81072425842285,0.0,0.0,0.0
121.0,33.60284423828125,29312.443359375,3348.77001953125,13651.9716796875,12311.701171875,2930.02685546875,18.588808059692383,0.0,12703.3583984375,0.07042276114225388,17.479095458984375,0.6869953274726868,1.2890466451644897,3.93019700050354,1.61630117893219,2.6226823329925537,5.240866184234619,0.0010583943221718073,0.24579118192195892,0.4203888773918152,0.0,0.0,0.0,0.0,4200.55322265625,165.09780883789062,192.7235107421875,1913.826416015625,1093.4776611328125,0.0,752.4192504882812,0.05044654384255409,7.373735427856445,29.13294792175293,0.0,0.0,0.0,202.05926513671875,202.05926513671875,121.19988250732422,136.57391357421875,113.89730072021484,0.0,0.0,0.0,121.19988250732422,136.57391357421875,113.89730072021484,0.0,0.0,0.0,16.862157821655273,21.35906410217285,14.726152420043945,0.0,0.0,0.0
122.0,34.0428466796875,29600.333984375,3348.77001953125,13735.23046875,12516.333984375,2930.02685546875,18.632863998413086,0.0,12797.8583984375,0.07042276114225388,17.800447463989258,0.7075659036636353,1.3800837993621826,3.9302709102630615,1.61630117893219,2.6226823329925537,5.247835159301758,0.0010583943221718073,0.24579118192195892,0.4203888773918152,0.0,0.0,0.0,0.0,4257.6767578125,169.24221801757812,204.9978485107422,1904.284423828125,1091.1219482421875,0.0,752.8817138671875,0.050452377647161484,7.373735427856445,29.13294792175293,0.0,0.0,0.0,203.60586547851562,203.60586547851562,117.86604309082031,139.8956756591797,108.6907958984375,0.0,0.0,0.0,117.86604309082031,139.8956756591797,108.6907958984375,0.0,0.0,0.0,15.8429536819458,22.286619186401367,13.159193992614746,0.0,0.0,0.0
123.0,34.26987838745117,29667.68359375,3348.77001953125,13761.5732421875,12557.33984375,2930.02685546875,19.239273071289062,0.0,12433.76171875,0.07042276114225388,17.9782657623291,0.719302773475647,1.4136466979980469,3.930283784866333,1.61630117893219,2.6226823329925537,5.251733779907227,0.0010583943221718073,0.24579118192195892,0.4203888773918152,0.0,0.0,0.0,0.0,4258.1865234375,170.3682403564453,208.43576049804688,1882.4521484375,904.087890625,0.0,709.9334716796875,0.04756087809801102,7.373735427856445,29.13294792175293,0.0,0.0,0.0,205.10174560546875,205.10174560546875,125.50942993164062,146.02194213867188,122.52359771728516,0.0,0.0,0.0,125.50942993164062,146.02194213867188,122.52359771728516,0.0,0.0,0.0,17.47223472595215,23.472145080566406,16.598878860473633,0.0,0.0,0.0
124.0,34.76335906982422,30152.033203125,3348.77001953125,14245.9228515625,12557.33984375,2930.02685546875,19.53589630126953,0.0,12446.7548828125,0.07042276114225388,18.32678985595703,0.7409529089927673,1.5292836427688599,3.9302940368652344,1.61630117893219,2.6226823329925537,5.259395122528076,0.0010583943221718073,0.24579118192195892,0.4203888773918152,0.0,0.0,0.0,0.0,4364.75634765625,176.46728515625,225.3832244873047,1922.8135986328125,560.3861694335938,0.0,890.9535522460938,0.059654176235198975,7.373735427856445,29.13294792175293,0.0,0.0,0.0,206.54595947265625,206.54595947265625,125.65837860107422,151.12355041503906,123.45313262939453,0.0,0.0,0.0,125.65837860107422,151.12355041503906,123.45313262939453,0.0,0.0,0.0,17.219181060791016,24.667741775512695,16.574146270751953,0.0,0.0,0.0
125.0,35.72133255004883,30544.79296875,3348.77001953125,14638.6826171875,12557.33984375,2930.02685546875,20.72303581237793,0.0,11902.4609375,0.07042276114225388,18.989238739013672,0.7828336954116821,1.7683316469192505,3.930310010910034,1.61630117893219,2.6226823329925537,5.273972511291504,0.0010583943221718073,0.24579118192195892,0.4203888773918152,0.0,0.0,0.0,0.0,4382.50830078125,180.66943359375,254.23300170898438,1853.18896484375,393.25726318359375,0.0,708.884765625,0.047412727028131485,7.373735427856445,29.13294792175293,0.0,0.0,0.0,207.95144653320312,207.95144653320312,97.42909240722656,142.7222137451172,118.41429901123047,0.0,0.0,0.0,97.42909240722656,142.7222137451172,118.41429901123047,0.0,0.0,0.0,7.774973392486572,21.023210525512695,13.91314697265625,0.0,0.0,0.0
126.0,36.450191497802734,30701.30859375,3348.77001953125,14795.197265625,12557.33984375,2930.02685546875,21.081100463867188,0.0,11765.931640625,0.07042276114225388,19.461013793945312,0.8123503923416138,1.985508918762207,3.9303200244903564,1.61630117893219,2.6226823329925537,5.284355640411377,0.0010583943221718073,0.24579118192195892,0.4203888773918152,0.0,0.0,0.0,0.0,4411.6884765625,184.15467834472656,281.425048828125,1820.76318359375,369.23834228515625,0.0,612.1730346679688,0.040912918746471405,7.373735427856445,29.13294792175293,0.0,0.0,0.0,209.2935791015625,209.2935791015625,124.6614990234375,138.9421844482422,97.22771453857422,0.0,0.0,0.0,124.6614990234375,138.9421844482422,97.22771453857422,0.0,0.0,0.0,15.3823881149292,19.559490203857422,7.358006477355957,0.0,0.0,0.0
127.0,36.882591247558594,30768.966796875,3348.77001953125,14862.8564453125,12557.33984375,3426.329345703125,21.429458618164062,0.0,11606.478515625,0.07042276114225388,19.728376388549805,0.8293772339820862,2.125990867614746,3.9319570064544678,1.61630117893219,2.6226823329925537,5.290243148803711,0.0010583943221718073,0.24579118192195892,0.4203888773918152,0.0,0.0,0.0,0.0,4402.86328125,185.09555053710938,298.3268127441406,1798.59521484375,359.4186706542969,0.0,532.0249633789062,0.03554106876254082,3.853666305541992,27.072362899780273,0.0,0.0,0.0,210.59303283691406,210.59303283691406,129.09848022460938,143.1685333251953,111.32459259033203,0.0,0.0,0.0,129.09848022460938,143.1685333251953,111.32459259033203,0.0,0.0,0.0,16.331846237182617,20.447336196899414,11.132984161376953,0.0,0.0,0.0
128.0,37.0921630859375,30791.837890625,3348.77001953125,14885.7275390625,12557.33984375,3426.329345703125,20.833858489990234,0.0,11939.888671875,0.07042276114225388,19.853517532348633,0.8374215364456177,2.197002410888672,3.9345765113830566,1.61630117893219,2.6226823329925537,5.292999744415283,0.0010583943221718073,0.24579118192195892,0.4203888773918152,0.0,0.0,0.0,0.0,4500.63232421875,189.83673095703125,310.1187438964844,1551.560791015625,287.8230285644531,0.0,938.3416137695312,0.06267174333333969,14.74747085571289,37.45664978027344,0.0,0.0,0.0,211.8775634765625,211.8775634765625,97.53559112548828,174.3009796142578,134.75634765625,0.0,0.0,0.0,97.53559112548828,174.3009796142578,134.75634765625,0.0,0.0,0.0,7.695301055908203,30.14917755126953,18.582372665405273,0.0,0.0,0.0
129.0,37.183292388916016,30799.802734375,3348.77001953125,14893.6923828125,12557.33984375,3426.329345703125,20.83591651916504,0.14413194358348846,11943.7060546875,0.07042276114225388,19.906478881835938,0.840830385684967,2.2286577224731445,3.9365122318267822,1.61630117893219,2.6226823329925537,5.294166564941406,0.0010583943221718073,0.24579118192195892,0.4203888773918152,0.0,0.0,0.0,0.0,4496.4609375,189.9261474609375,314.1246032714844,500.84246826171875,294.7020263671875,0.0,1983.311767578125,0.2604408860206604,14.74747085571289,37.45664978027344,0.0,0.0,0.0,213.1962127685547,213.1962127685547,171.77574157714844,191.54739379882812,172.28912353515625,0.0,0.0,0.0,171.77574157714844,191.54739379882812,172.28912353515625,0.0,0.0,0.0,29.264358520507812,35.04756546020508,29.414522171020508,0.0,0.0,0.0
130.0,37.22052764892578,30802.32421875,3348.77001953125,14896.212890625,12557.33984375,3426.329345703125,20.556135177612305,0.0,12104.9306640625,0.07042276114225388,19.938934326171875,0.8434403538703918,2.2299962043762207,3.9366135597229004,1.61630117893219,2.6226823329925537,5.294897079467773,0.0010583943221718073,0.24579118192195892,0.4203888773918152,0.0,0.0,0.0,0.0,4513.96044921875,190.94581604003906,314.710693359375,395.8416748046875,372.7711181640625,0.0,2098.3544921875,0.2902132272720337,14.74747085571289,37.45664978027344,0.0,0.0,0.0,214.54776000976562,214.54776000976562,174.37835693359375,189.81051635742188,168.63528442382812,0.0,0.0,0.0,174.37835693359375,189.81051635742188,168.63528442382812,0.0,0.0,0.0,30.449533462524414,34.96343994140625,28.769685745239258,0.0,0.0,0.0
131.0,37.5791015625,31162.666015625,3348.77001953125,15256.556640625,12557.33984375,3426.329345703125,20.383132934570312,0.0,12346.0888671875,0.07042276114225388,20.254892349243164,0.8681045770645142,2.236032247543335,3.9382059574127197,1.61630117893219,2.6226823329925537,5.305222511291504,0.0010583943221718073,0.24579118192195892,0.4203888773918152,0.0,0.0,0.0,0.0,4539.36767578125,194.5527801513672,313.8450622558594,1547.96533203125,647.8123779296875,0.0,804.3239135742188,0.053673844784498215,14.74747085571289,37.45664978027344,0.0,0.0,0.0,215.9407501220703,215.9407501220703,136.37669372558594,164.53428649902344,139.23765563964844,0.0,0.0,0.0,136.37669372558594,164.53428649902344,139.23765563964844,0.0,0.0,0.0,19.507049560546875,27.74314308166504,20.3438777923584,0.0,0.0,0.0
132.0,38.078834533691406,31283.185546875,3348.77001953125,15377.0751953125,12557.33984375,3426.329345703125,19.98617172241211,0.0,12634.490234375,0.07042276114225388,20.69327163696289,0.9022928476333618,2.2434799671173096,3.9416987895965576,1.61630117893219,2.6226823329925537,5.321446418762207,0.0010583943221718073,0.24579118192195892,0.4203888773918152,0.0,0.0,0.0,0.0,4598.68798828125,200.51751708984375,312.8479309082031,1765.25,854.5720825195312,0.0,508.84295654296875,0.03391674906015396,14.74747085571289,37.45664978027344,0.0,0.0,0.0,217.3701629638672,217.3701629638672,119.80210876464844,153.30320739746094,128.8148651123047,0.0,0.0,0.0,119.80210876464844,153.30320739746094,128.8148651123047,0.0,0.0,0.0,15.055943489074707,24.855016708374023,17.692174911499023,0.0,0.0,0.0
133.0,38.364715576171875,31427.751953125,3348.77001953125,15415.890625,12663.091796875,3426.329345703125,19.296825408935547,0.0,13135.40625,0.07042276114225388,20.942459106445312,0.9217104911804199,2.247356414794922,3.945143222808838,1.61630117893219,2.6226823329925537,5.331399917602539,0.0010583943221718073,0.24579118192195892,0.4203888773918152,0.0,0.0,0.0,0.0,4681.14111328125,206.0243682861328,314.66131591796875,1798.783203125,1057.0086669921875,0.0,540.0514526367188,0.03597147390246391,4.023723125457764,27.171911239624023,0.0,0.0,0.0,218.8316192626953,218.8316192626953,86.81539154052734,129.6118927001953,85.05543518066406,0.0,0.0,0.0,86.81539154052734,129.6118927001953,85.05543518066406,0.0,0.0,0.0,6.096675872802734,18.614652633666992,5.581890106201172,0.0,0.0,0.0
134.0,38.49678039550781,31642.25,3348.77001953125,15428.876953125,12864.6025390625,3426.329345703125,19.28472900390625,0.0,13233.1064453125,0.07042276114225388,21.04819107055664,0.93000328540802,2.2489047050476074,3.9472270011901855,1.61630117893219,2.6226823329925537,5.3458099365234375,0.0010583943221718073,0.24579118192195892,0.4203888773918152,0.0,0.0,0.0,0.0,4711.8486328125,208.19056701660156,315.2431335449219,1804.4691162109375,1057.80908203125,0.0,562.7345581054688,0.03744358569383621,5.106090068817139,27.805509567260742,0.0,0.0,0.0,220.2971649169922,220.2971649169922,98.19122314453125,132.12083435058594,120.51994323730469,0.0,0.0,0.0,98.19122314453125,132.12083435058594,120.51994323730469,0.0,0.0,0.0,9.436203956604004,19.360614776611328,15.96735668182373,0.0,0.0,0.0
135.0,38.56118392944336,31696.033203125,3348.77001953125,15442.306640625,12904.9580078125,3426.329345703125,19.901329040527344,0.0,12856.6083984375,0.07042276114225388,21.079421997070312,0.9323952794075012,2.271038055419922,3.9479548931121826,1.61630117893219,2.6226823329925537,5.353731155395508,0.0010583943221718073,0.24579118192195892,0.4203888773918152,0.0,0.0,0.0,0.0,4678.9384765625,206.9611053466797,316.30804443359375,1794.155029296875,876.8251953125,0.0,535.6107177734375,0.03561842441558838,2.8826656341552734,26.503957748413086,0.0,0.0,0.0,221.719970703125,221.719970703125,116.82727813720703,137.87474060058594,119.43948364257812,0.0,0.0,0.0,116.82727813720703,137.87474060058594,119.43948364257812,0.0,0.0,0.0,14.270649909973145,20.427030563354492,15.034720420837402,0.0,0.0,0.0
136.0,38.64910125732422,31849.732421875,3348.77001953125,15596.00390625,12904.9580078125,3426.329345703125,19.979679107666016,0.0,12870.03515625,0.07042276114225388,21.086198806762695,0.9328861236572266,2.348454236984253,3.9481303691864014,1.61630117893219,2.6226823329925537,5.35678768157959,0.0010583943221718073,0.24579118192195892,0.4203888773918152,0.0,0.0,0.0,0.0,4751.71484375,210.2232208251953,330.22161865234375,1836.5826416015625,546.26220703125,0.0,734.328369140625,0.04882238805294037,7.373735427856445,29.13294792175293,0.0,0.0,0.0,223.09616088867188,223.09616088867188,129.37481689453125,146.1061248779297,127.12629699707031,0.0,0.0,0.0,129.37481689453125,146.1061248779297,127.12629699707031,0.0,0.0,0.0,17.86245346069336,22.756362915039062,17.204763412475586,0.0,0.0,0.0
137.0,39.011966705322266,32217.66796875,3581.070068359375,15731.640625,12904.9580078125,3426.329345703125,21.163816452026367,0.0,12307.21484375,0.07042276114225388,21.107975006103516,0.9345847368240356,2.6757850646972656,3.9487056732177734,1.61630117893219,2.6226823329925537,5.36827278137207,0.0010583943221718073,0.24579118192195892,0.4203888773918152,0.0,0.0,0.0,0.0,4662.43505859375,206.4357452392578,368.83251953125,1803.8193359375,385.130126953125,0.0,603.58642578125,0.04009668156504631,6.525918960571289,28.63665199279785,0.0,0.0,0.0,224.43875122070312,224.43875122070312,124.55538177490234,138.92611694335938,128.96896362304688,0.0,0.0,0.0,124.55538177490234,138.92611694335938,128.96896362304688,0.0,0.0,0.0,15.268632888793945,19.472070693969727,16.559606552124023,0.0,0.0,0.0
138.0,39.28279495239258,32296.873046875,3581.070068359375,15810.8447265625,12904.9580078125,3426.329345703125,21.472457885742188,0.0,12166.0283203125,0.07042276114225388,21.12002944946289,0.9355254769325256,2.9263126850128174,3.949028491973877,1.61630117893219,2.6226823329925537,5.375253200531006,0.0010583943221718073,0.24579118192195892,0.4203888773918152,0.0,0.0,0.0,0.0,4627.98046875,204.99940490722656,399.27020263671875,1788.4599609375,363.14459228515625,0.0,553.4312133789062,0.03674633800983429,4.361705303192139,27.369760513305664,0.0,0.0,0.0,225.72616577148438,225.72616577148438,114.8516616821289,136.8762969970703,107.27962493896484,0.0,0.0,0.0,114.8516616821289,136.8762969970703,107.27962493896484,0.0,0.0,0.0,12.12165355682373,18.563859939575195,9.90683364868164,0.0,0.0,0.0
139.0,39.49333190917969,32342.345703125,3581.070068359375,15856.3173828125,12904.9580078125,3426.329345703125,21.81010627746582,0.0,12001.130859375,0.07042276114225388,21.12795066833496,0.9361480474472046,3.1204419136047363,3.9520604610443115,1.61630117893219,2.6226823329925537,5.3800859451293945,0.0010583943221718073,0.24579118192195892,0.4203888773918152,0.0,0.0,0.0,0.0,4587.95458984375,203.28543090820312,421.5986022949219,1771.54052734375,354.4021911621094,0.0,490.9783630371094,0.03258831053972244,1.2858858108520508,25.651086807250977,0.0,0.0,0.0,226.98019409179688,226.98019409179688,121.00862884521484,140.57679748535156,98.90987396240234,0.0,0.0,0.0,121.00862884521484,140.57679748535156,98.90987396240234,0.0,0.0,0.0,13.584918022155762,19.308605194091797,7.121030330657959,0.0,0.0,0.0
140.0,39.610496520996094,32359.439453125,3581.070068359375,15873.412109375,12904.9580078125,3426.329345703125,21.198463439941406,0.0,12345.861328125,0.07042276114225388,21.13187026977539,0.936456561088562,3.226027250289917,3.9569408893585205,1.61630117893219,2.6226823329925537,5.382556915283203,0.0010583943221718073,0.24579118192195892,0.4203888773918152,0.0,0.0,0.0,0.0,4670.4150390625,206.96893310546875,441.0096740722656,481.6426086425781,284.2262878417969,0.0,1950.9732666015625,0.2530595064163208,14.74747085571289,37.45664978027344,0.0,0.0,0.0,228.21942138671875,228.21942138671875,134.73583984375,185.21774291992188,157.14578247070312,0.0,0.0,0.0,134.73583984375,185.21774291992188,157.14578247070312,0.0,0.0,0.0,18.211769104003906,32.977725982666016,24.766677856445312,0.0,0.0,0.0
141.0,39.666934967041016,32366.2421875,3581.070068359375,15880.21484375,12904.9580078125,3426.329345703125,21.19931411743164,0.0,12349.79296875,0.07042276114225388,21.133604049682617,0.9365911483764648,3.275730609893799,3.960688352584839,1.61630117893219,2.6226823329925537,5.383674621582031,0.0010583943221718073,0.24579118192195892,0.4203888773918152,0.0,0.0,0.0,0.0,4667.1220703125,206.8357696533203,447.18707275390625,531.3901977539062,291.35357666015625,0.0,1892.850830078125,0.12560398876667023,14.74747085571289,37.45664978027344,0.0,0.0,0.0,229.49168395996094,229.49168395996094,128.08065795898438,185.55661010742188,159.7632598876953,0.0,0.0,0.0,128.08065795898438,185.55661010742188,159.7632598876953,0.0,0.0,0.0,16.2642765045166,33.075992584228516,25.531436920166016,0.0,0.0,0.0
142.0,39.69196701049805,32368.396484375,3581.070068359375,15882.3671875,12904.9580078125,3426.329345703125,20.9138126373291,0.0,12516.4814453125,0.07057581841945648,21.154193878173828,0.938709020614624,3.277254343032837,3.9608287811279297,1.61630117893219,2.6226823329925537,5.384181022644043,0.0010583943221718073,0.24579118192195892,0.4203888773918152,0.0,0.0,0.0,0.0,4685.41552734375,207.9134521484375,448.29736328125,1547.1279296875,368.6693115234375,0.0,890.3545532226562,0.05907917022705078,14.74747085571289,37.45664978027344,0.0,0.0,0.0,230.79745483398438,230.79745483398438,93.32837677001953,168.83241271972656,127.70587921142578,0.0,0.0,0.0,93.32837677001953,168.83241271972656,127.70587921142578,0.0,0.0,0.0,6.384737014770508,28.469669342041016,16.440156936645508,0.0,0.0,0.0
143.0,40.05781936645508,32740.6640625,3581.070068359375,16254.63671875,12904.9580078125,3426.329345703125,20.733078002929688,0.0,12765.83203125,0.07250497490167618,21.4135799407959,0.9631685018539429,3.3503026962280273,3.96170973777771,1.61630117893219,2.6226823329925537,5.390331745147705,0.0010583943221718073,0.24579118192195892,0.4203888773918152,0.0,0.0,0.0,0.0,4699.7236328125,211.3904266357422,454.6795349121094,1769.2080078125,640.7581787109375,0.0,538.6541748046875,0.03572667017579079,14.74747085571289,37.45664978027344,0.0,0.0,0.0,232.14239501953125,232.14239501953125,149.7031707763672,155.89825439453125,140.66737365722656,0.0,0.0,0.0,149.7031707763672,155.89825439453125,140.66737365722656,0.0,0.0,0.0,23.055099487304688,24.86716079711914,20.412132263183594,0.0,0.0,0.0
144.0,40.627986907958984,33031.44140625,3581.070068359375,16545.416015625,12904.9580078125,3426.329345703125,20.302305221557617,0.0,13144.1005859375,0.07472432404756546,21.711997985839844,0.9908795952796936,3.5826661586761475,3.964114189147949,1.61630117893219,2.6226823329925537,5.397383213043213,0.0010583943221718073,0.24579118192195892,0.4203888773918152,0.0,0.0,0.0,0.0,4753.16552734375,216.92221069335938,483.95989990234375,1756.6319580078125,847.671630859375,0.0,509.47064208984375,0.03377419710159302,14.74747085571289,37.45664978027344,0.0,0.0,0.0,233.5297088623047,233.5297088623047,126.51943969726562,148.64523315429688,127.66992950439453,0.0,0.0,0.0,126.51943969726562,148.64523315429688,127.66992950439453,0.0,0.0,0.0,16.704631805419922,23.176424026489258,17.041149139404297,0.0,0.0,0.0
145.0,41.31419372558594,33371.12890625,3581.070068359375,16737.015625,13053.04296875,3426.329345703125,19.711721420288086,0.0,13665.19140625,0.07706362009048462,22.026309967041016,1.0216609239578247,3.9090723991394043,3.969062566757202,1.61630117893219,2.6226823329925537,5.404802322387695,0.0010583943221718073,0.24579118192195892,0.4203888773918152,0.0,0.0,0.0,0.0,4834.48974609375,224.2413330078125,527.1669311523438,1775.2490234375,1046.6654052734375,0.0,527.3736572265625,0.03494279086589813,6.04885196685791,28.357385635375977,0.0,0.0,0.0,234.95822143554688,234.95822143554688,96.46919250488281,119.2331314086914,115.45762634277344,0.0,0.0,0.0,96.46919250488281,119.2331314086914,115.45762634277344,0.0,0.0,0.0,8.505516052246094,15.163968086242676,14.0596342086792,0.0,0.0,0.0
146.0,41.734466552734375,33658.53515625,3581.070068359375,16798.759765625,13278.7060546875,3426.329345703125,19.734045028686523,0.0,13766.8193359375,0.07835835218429565,22.200227737426758,1.0389747619628906,4.114488124847412,3.972900867462158,1.61630117893219,2.6226823329925537,5.4232940673828125,0.0010583943221718073,0.24579118192195892,0.4203888773918152,0.0,0.0,0.0,0.0,4865.484375,227.70556640625,553.1299438476562,1770.851806640625,1045.824462890625,0.0,538.2047119140625,0.03561386466026306,6.680105686187744,28.726909637451172,0.0,0.0,0.0,236.39584350585938,236.39584350585938,119.57254791259766,130.7227325439453,113.00373840332031,0.0,0.0,0.0,119.57254791259766,130.7227325439453,113.00373840332031,0.0,0.0,0.0,15.240924835205078,18.502355575561523,13.319548606872559,0.0,0.0,0.0
147.0,41.9453125,33736.6171875,3581.070068359375,16831.6171875,13323.9306640625,3426.329345703125,20.37794303894043,0.0,13375.1259765625,0.07887852936983109,22.27010726928711,1.0458720922470093,4.231220245361328,3.9747397899627686,1.61630117893219,2.6226823329925537,5.438272953033447,0.0010583943221718073,0.24579118192195892,0.4203888773918152,0.0,0.0,0.0,0.0,4829.9013671875,226.82688903808594,563.8272094726562,1744.162109375,866.0330810546875,0.0,509.6661682128906,0.033689696341753006,3.87296199798584,27.08365821838379,0.0,0.0,0.0,237.7959747314453,237.7959747314453,125.38789367675781,136.66839599609375,121.69763946533203,0.0,0.0,0.0,125.38789367675781,136.66839599609375,121.69763946533203,0.0,0.0,0.0,16.298017501831055,19.597562789916992,15.21861743927002,0.0,0.0,0.0
148.0,42.06742477416992,33805.08984375,3581.070068359375,16900.08984375,13323.9306640625,3426.329345703125,20.4006290435791,0.0,13389.0654296875,0.0790339931845665,22.291004180908203,1.0478594303131104,4.321859836578369,3.9753506183624268,1.61630117893219,2.6226823329925537,5.446093559265137,0.0010583943221718073,0.24579118192195892,0.4203888773918152,0.0,0.0,0.0,0.0,4901.40576171875,230.40614318847656,581.4451293945312,1811.574951171875,539.1768798828125,0.0,678.8753662109375,0.044849712401628494,7.373735427856445,29.13294792175293,0.0,0.0,0.0,239.15725708007812,239.15725708007812,126.04536437988281,142.5821990966797,120.03594970703125,0.0,0.0,0.0,126.04536437988281,142.5821990966797,120.03594970703125,0.0,0.0,0.0,16.467639923095703,21.304662704467773,14.70988655090332,0.0,0.0,0.0
149.0,42.247501373291016,33862.67578125,3581.070068359375,16957.67578125,13323.9306640625,3426.329345703125,21.399988174438477,0.0,12803.53515625,0.07919875532388687,22.313138961791992,1.0500396490097046,4.466029167175293,3.976024627685547,1.61630117893219,2.6226823329925537,5.45684814453125,0.0010583943221718073,0.24579118192195892,0.4203888773918152,0.0,0.0,0.0,0.0,4814.6015625,226.57154846191406,591.6484375,1757.10986328125,380.3782958984375,0.0,577.46923828125,0.03812126815319061,6.9811692237854,28.903146743774414,0.0,0.0,0.0,240.4902801513672,240.4902801513672,121.3271484375,139.72418212890625,113.52938842773438,0.0,0.0,0.0,121.3271484375,139.72418212890625,113.52938842773438,0.0,0.0,0.0,14.088202476501465,19.46933364868164,11.807356834411621,0.0,0.0,0.0
150.0,42.37958526611328,33921.1328125,3581.070068359375,17016.1328125,13323.9306640625,3426.329345703125,21.69631576538086,0.0,12656.638671875,0.07927244156599045,22.32303810119629,1.0510122776031494,4.581430912017822,3.976332902908325,1.61630117893219,2.6226823329925537,5.462275505065918,0.0010583943221718073,0.24579118192195892,0.4203888773918152,0.0,0.0,0.0,0.0,4785.69970703125,225.32009887695312,603.32275390625,1732.755859375,358.985595703125,0.0,545.048828125,0.035967204719781876,4.722743511199951,27.581106185913086,0.0,0.0,0.0,241.77304077148438,241.77304077148438,117.32708740234375,133.94525146484375,109.1174545288086,0.0,0.0,0.0,117.32708740234375,133.94525146484375,109.1174545288086,0.0,0.0,0.0,12.621858596801758,17.482669830322266,10.220540046691895,0.0,0.0,0.0
151.0,42.528839111328125,33962.26171875,3581.070068359375,17057.26171875,13323.9306640625,3426.329345703125,22.033329010009766,0.0,12485.0810546875,0.07933969795703888,22.33207130432129,1.051913857460022,4.712515830993652,3.9792659282684326,1.61630117893219,2.6226823329925537,5.467508792877197,0.0010583943221718073,0.24579118192195892,0.4203888773918152,0.0,0.0,0.0,0.0,4748.46875,223.66844177246094,616.0111083984375,1701.7186279296875,350.52728271484375,0.0,498.93585205078125,0.03291207179427147,1.5223233699798584,25.7761173248291,0.0,0.0,0.0,243.0264892578125,243.0264892578125,115.81114959716797,136.7961883544922,95.95372009277344,0.0,0.0,0.0,115.81114959716797,136.7961883544922,95.95372009277344,0.0,0.0,0.0,11.8414306640625,17.979557037353516,6.033133506774902,0.0,0.0,0.0
152.0,42.62201690673828,33977.96875,3581.070068359375,17072.966796875,13323.9306640625,3426.329345703125,21.41339683532715,0.0,12843.7001953125,0.07937624305486679,22.33698081970215,1.052405595779419,4.792102336883545,3.9844858646392822,1.61630117893219,2.6226823329925537,5.470443248748779,0.0010583943221718073,0.24579118192195892,0.4203888773918152,0.0,0.0,0.0,0.0,4832.6044921875,227.68789672851562,634.0035400390625,1751.8634033203125,281.05169677734375,0.0,627.5208740234375,0.04138553515076637,14.74747085571289,37.45664978027344,0.0,0.0,0.0,244.26893615722656,244.26893615722656,151.13392639160156,166.42701721191406,107.21111297607422,0.0,0.0,0.0,151.13392639160156,166.42701721191406,107.21111297607422,0.0,0.0,0.0,22.79327392578125,27.266504287719727,9.945853233337402,0.0,0.0,0.0
153.0,42.66971969604492,33984.671875,3581.070068359375,17079.669921875,13323.9306640625,3426.329345703125,21.41387176513672,0.0,12847.775390625,0.07939063757658005,22.33891487121582,1.0525959730148315,4.832976341247559,3.987996816635132,1.61630117893219,2.6226823329925537,5.471624851226807,0.0010583943221718073,0.24579118192195892,0.4203888773918152,0.0,0.0,0.0,0.0,4830.03173828125,227.588134765625,638.8276977539062,418.3209228515625,288.12811279296875,0.0,1953.1435546875,0.20577079057693481,14.74747085571289,37.45664978027344,0.0,0.0,0.0,245.54078674316406,245.54078674316406,139.60841369628906,185.61236572265625,149.33380126953125,0.0,0.0,0.0,139.60841369628906,185.61236572265625,149.33380126953125,0.0,0.0,0.0,19.421592712402344,32.87774658203125,22.266267776489258,0.0,0.0,0.0
154.0,42.69783020019531,34003.44140625,3581.070068359375,17098.439453125,13323.9306640625,3426.329345703125,21.13541030883789,0.0,13021.1708984375,0.07939373701810837,22.339330673217773,1.0526373386383057,4.8535661697387695,3.988980531692505,1.61630117893219,2.6226823329925537,5.4777021408081055,0.0010583943221718073,0.24579118192195892,0.4203888773918152,0.0,0.0,0.0,0.0,4847.0703125,228.39572143554688,643.023681640625,1521.8416748046875,364.6825866699219,0.0,866.6619262695312,0.05712798982858658,14.74747085571289,37.45664978027344,0.0,0.0,0.0,246.84912109375,246.84912109375,92.60472106933594,170.5535125732422,144.18077087402344,0.0,0.0,0.0,92.60472106933594,170.5535125732422,144.18077087402344,0.0,0.0,0.0,5.951469898223877,28.751493453979492,21.03746795654297,0.0,0.0,0.0
155.0,42.75994110107422,34033.859375,3581.070068359375,17128.859375,13323.9306640625,3426.329345703125,20.732666015625,0.0,13280.544921875,0.07939670234918594,22.33972930908203,1.052676796913147,4.902230262756348,3.991395950317383,1.61630117893219,2.6226823329925537,5.4882917404174805,0.0010583943221718073,0.24579118192195892,0.4203888773918152,0.0,0.0,0.0,0.0,4838.1240234375,227.9786376953125,648.1712036132812,1727.327392578125,636.13330078125,0.0,567.3172607421875,0.03736833110451698,14.74747085571289,37.45664978027344,0.0,0.0,0.0,248.2022705078125,248.2022705078125,120.49180603027344,156.63479614257812,137.8524932861328,0.0,0.0,0.0,120.49180603027344,156.63479614257812,137.8524932861328,0.0,0.0,0.0,14.511186599731445,25.083011627197266,19.589187622070312,0.0,0.0,0.0
156.0,42.87418746948242,34212.9609375,3581.070068359375,17307.958984375,13323.9306640625,3426.329345703125,20.254150390625,0.0,13657.23046875,0.07939787209033966,22.339885711669922,1.0526913404464722,5.009397506713867,3.9930813312530518,1.61630117893219,2.6226823329925537,5.4935102462768555,0.0010583943221718073,0.24579118192195892,0.4203888773918152,0.0,0.0,0.0,0.0,4863.1669921875,229.1602325439453,664.1640625,1738.1708984375,844.7811279296875,0.0,568.011474609375,0.037400320172309875,10.106548309326172,32.023223876953125,0.0,0.0,0.0,249.60122680664062,249.60122680664062,127.4434585571289,148.7723846435547,129.64666748046875,0.0,0.0,0.0,127.4434585571289,148.7723846435547,129.64666748046875,0.0,0.0,0.0,17.023059844970703,23.26177215576172,17.66750144958496,0.0,0.0,0.0
157.0,43.28839874267578,34510.54296875,3581.070068359375,17458.099609375,13471.3740234375,3426.329345703125,19.6334285736084,0.0,14198.65625,0.07940133661031723,22.34035301208496,1.0527362823486328,5.400455474853516,3.9995622634887695,1.61630117893219,2.6226823329925537,5.509667873382568,0.0010583943221718073,0.24579118192195892,0.4203888773918152,0.0,0.0,0.0,0.0,4909.7890625,231.3622283935547,718.5885009765625,1756.0626220703125,1046.607666015625,0.0,613.9158935546875,0.040377177298069,7.373735427856445,29.13294792175293,0.0,0.0,0.0,251.04244995117188,251.04244995117188,75.20854949951172,122.676513671875,114.07937622070312,0.0,0.0,0.0,75.20854949951172,122.676513671875,114.07937622070312,0.0,0.0,0.0,2.3650712966918945,16.249452590942383,13.73478889465332,0.0,0.0,0.0
158.0,43.578800201416016,34791.51953125,3581.070068359375,17506.64453125,13703.8046875,3426.329345703125,19.646333694458008,0.0,14304.2265625,0.07940346002578735,22.34063720703125,1.0527640581130981,5.669973373413086,4.00441312789917,1.61630117893219,2.6226823329925537,5.525388717651367,0.0010583943221718073,0.24579118192195892,0.4203888773918152,0.0,0.0,0.0,0.0,4919.15283203125,231.80661010742188,753.7918090820312,1756.8992919921875,1047.455322265625,0.0,636.8750610351562,0.04184109717607498,7.373735427856445,29.13294792175293,0.0,0.0,0.0,252.49656677246094,252.49656677246094,117.9084701538086,133.0930938720703,111.2491226196289,0.0,0.0,0.0,117.9084701538086,133.0930938720703,111.2491226196289,0.0,0.0,0.0,14.841893196105957,19.283397674560547,12.894035339355469,0.0,0.0,0.0
159.0,43.726783752441406,34858.5625,3581.070068359375,17527.1171875,13750.3759765625,3426.329345703125,20.27982521057129,0.0,13897.22265625,0.07940443605184555,22.340768814086914,1.05277681350708,5.804359436035156,4.006951808929443,1.61630117893219,2.6226823329925537,5.536299705505371,0.0010583943221718073,0.24579118192195892,0.4203888773918152,0.0,0.0,0.0,0.0,4873.52392578125,229.65785217285156,765.4743041992188,1730.3983154296875,867.8497314453125,0.0,603.5076293945312,0.03961861506104469,7.373735427856445,29.13294792175293,0.0,0.0,0.0,253.9180450439453,253.9180450439453,117.25385284423828,139.04489135742188,115.16911315917969,0.0,0.0,0.0,117.25385284423828,139.04489135742188,115.16911315917969,0.0,0.0,0.0,14.016926765441895,20.390806198120117,13.40714168548584,0.0,0.0,0.0
160.0,43.795196533203125,34865.04296875,3581.070068359375,17533.595703125,13750.3759765625,3426.329345703125,20.26498031616211,0.0,13911.6982421875,0.07940483093261719,22.340822219848633,1.0527819395065308,5.862115383148193,4.008076190948486,1.61630117893219,2.6226823329925537,5.545775890350342,0.0010583943221718073,0.24579118192195892,0.4203888773918152,0.0,0.0,0.0,0.0,4943.2978515625,232.94642639160156,780.7689819335938,1806.0277099609375,540.4232788085938,0.0,775.301513671875,0.050862520933151245,7.373735427856445,29.13294792175293,0.0,0.0,0.0,255.30398559570312,255.30398559570312,126.1503677368164,144.1201171875,125.95846557617188,0.0,0.0,0.0,126.1503677368164,144.1201171875,125.95846557617188,0.0,0.0,0.0,16.634002685546875,21.890155792236328,16.577871322631836,0.0,0.0,0.0
161.0,43.827083587646484,34870.65234375,3581.070068359375,17539.205078125,13750.3759765625,3426.329345703125,21.225664138793945,0.0,13303.298828125,0.07940499484539032,22.340843200683594,1.0527840852737427,5.886791706085205,4.008568286895752,1.61630117893219,2.6226823329925537,5.552469730377197,0.0010583943221718073,0.24579118192195892,0.4203888773918152,0.0,0.0,0.0,0.0,4856.66796875,228.86434936523438,773.6567993164062,1751.020263671875,381.4906921386719,0.0,675.9078369140625,0.044321030378341675,7.373735427856445,29.13294792175293,0.0,0.0,0.0,256.6628112792969,256.6628112792969,97.61931610107422,137.7764434814453,121.5027847290039,0.0,0.0,0.0,97.61931610107422,137.7764434814453,121.5027847290039,0.0,0.0,0.0,7.327986240386963,19.07394790649414,14.3139009475708,0.0,0.0,0.0
162.0,43.84309005737305,34872.42578125,3581.070068359375,17540.978515625,13750.3759765625,3426.329345703125,21.48377227783203,0.0,13150.6435546875,0.07940506935119629,22.340852737426758,1.0527849197387695,5.898520469665527,4.008806228637695,1.61630117893219,2.6226823329925537,5.556495666503906,0.0010583943221718073,0.24579118192195892,0.4203888773918152,0.0,0.0,0.0,0.0,4830.17431640625,227.61595153808594,771.9581909179688,1732.2764892578125,360.2257080078125,0.0,641.2254028320312,0.042034812271595,7.373735427856445,29.13294792175293,0.0,0.0,0.0,257.97216796875,257.97216796875,83.83003997802734,128.12347412109375,112.5665283203125,0.0,0.0,0.0,83.83003997802734,128.12347412109375,112.5665283203125,0.0,0.0,0.0,3.036515474319458,15.99234390258789,11.441938400268555,0.0,0.0,0.0
163.0,43.85002517700195,34872.98828125,3581.070068359375,17541.541015625,13750.3759765625,3596.1689453125,21.791622161865234,0.0,12972.3779296875,0.07940509170293808,22.340856552124023,1.0527852773666382,5.901771068572998,4.011213302612305,1.61630117893219,2.6226823329925537,5.5577712059021,0.0010583943221718073,0.24579118192195892,0.4203888773918152,0.0,0.0,0.0,0.0,4796.14794921875,226.01254272460938,768.3115234375,1707.922607421875,351.9517517089844,0.0,591.7769775390625,0.038789860904216766,7.373735427856445,29.13294792175293,0.0,0.0,0.0,259.2522277832031,259.2522277832031,108.22431182861328,139.6478271484375,128.01231384277344,0.0,0.0,0.0,108.22431182861328,139.6478271484375,128.01231384277344,0.0,0.0,0.0,9.863990783691406,19.05536651611328,15.651982307434082,0.0,0.0,0.0
164.0,43.85596466064453,34876.4609375,3581.070068359375,17545.013671875,13750.3759765625,3596.1689453125,21.170307159423828,0.0,13344.98046875,0.07940509915351868,22.340858459472656,1.0527853965759277,5.903346538543701,4.013944625854492,1.61630117893219,2.6226823329925537,5.559403896331787,0.0010583943221718073,0.24579118192195892,0.4203888773918152,0.0,0.0,0.0,0.0,4884.25146484375,230.16432189941406,778.7960205078125,1764.0447998046875,282.3297119140625,0.0,736.5340576171875,0.048272863030433655,14.74747085571289,37.45664978027344,0.0,0.0,0.0,260.5252380371094,260.5252380371094,154.31130981445312,166.79261779785156,94.14395141601562,0.0,0.0,0.0,154.31130981445312,166.79261779785156,94.14395141601562,0.0,0.0,0.0,23.96575164794922,27.616533279418945,6.36679744720459,0.0,0.0,0.0
165.0,43.862876892089844,34878.98828125,3581.070068359375,17547.54296875,13750.3759765625,3596.1689453125,21.168107986450195,0.0,13349.1982421875,0.07940510660409927,22.340858459472656,1.0527853965759277,5.904814720153809,4.017059326171875,1.61630117893219,2.6226823329925537,5.56173038482666,0.0010583943221718073,0.24579118192195892,0.4203888773918152,0.0,0.0,0.0,0.0,4883.0126953125,230.10594177246094,778.7846069335938,548.5205078125,289.49560546875,0.0,1947.5240478515625,0.2654758095741272,14.74747085571289,37.45664978027344,0.0,0.0,0.0,261.825927734375,261.825927734375,162.32162475585938,184.27423095703125,162.6588134765625,0.0,0.0,0.0,162.32162475585938,184.27423095703125,162.6588134765625,0.0,0.0,0.0,26.310970306396484,32.73210525512695,26.40959358215332,0.0,0.0,0.0
166.0,43.86772918701172,34879.7890625,3581.070068359375,17548.341796875,13750.3759765625,3596.1689453125,20.881547927856445,0.0,13529.3359375,0.07940511405467987,22.340858459472656,1.0527855157852173,5.9050703048706055,4.0176544189453125,1.61630117893219,2.6226823329925537,5.565732955932617,0.0010583943221718073,0.24579118192195892,0.4203888773918152,0.0,0.0,0.0,0.0,4901.48779296875,230.97657775878906,780.9546508789062,650.044921875,366.4706726074219,0.0,1867.6561279296875,0.12235192209482193,14.74747085571289,37.45664978027344,0.0,0.0,0.0,263.1588134765625,263.1588134765625,123.15320587158203,183.32272338867188,146.72886657714844,0.0,0.0,0.0,123.15320587158203,183.32272338867188,146.72886657714844,0.0,0.0,0.0,15.140765190124512,32.74034881591797,22.036645889282227,0.0,0.0,0.0
167.0,43.883766174316406,34894.30859375,3581.070068359375,17562.86328125,13750.3759765625,3596.1689453125,20.4735107421875,0.0,13798.822265625,0.07940511405467987,22.34086036682129,1.0527855157852173,5.905427932739258,4.021604537963867,1.61630117893219,2.6226823329925537,5.577459812164307,0.0010583943221718073,0.24579118192195892,0.4203888773918152,0.0,0.0,0.0,0.0,4895.15087890625,230.67794799804688,780.267822265625,1748.6275634765625,639.4544677734375,0.0,683.6260375976562,0.04474841058254242,14.74747085571289,37.45664978027344,0.0,0.0,0.0,264.5425109863281,264.5425109863281,137.3396759033203,164.40892028808594,136.76571655273438,0.0,0.0,0.0,137.3396759033203,164.40892028808594,136.76571655273438,0.0,0.0,0.0,19.69834327697754,27.616098403930664,19.53046226501465,0.0,0.0,0.0
168.0,43.909446716308594,34904.43359375,3581.070068359375,17572.98828125,13750.3759765625,3596.1689453125,19.925193786621094,0.21736222505569458,14173.8720703125,0.07940511405467987,22.34086036682129,1.0527855157852173,5.905893802642822,4.029388427734375,1.61630117893219,2.6226823329925537,5.594891548156738,0.0010583943221718073,0.24579118192195892,0.4203888773918152,0.0,0.0,0.0,0.0,4922.4658203125,231.96514892578125,783.5328369140625,1757.3790283203125,849.4235229492188,0.0,684.22705078125,0.04473363608121872,14.74747085571289,37.45664978027344,0.0,0.0,0.0,265.9793395996094,265.9793395996094,134.72457885742188,154.2378387451172,133.72169494628906,0.0,0.0,0.0,134.72457885742188,154.2378387451172,133.72169494628906,0.0,0.0,0.0,19.264381408691406,24.97201156616211,18.971040725708008,0.0,0.0,0.0
169.0,43.92824935913086,35051.28125,3581.070068359375,17576.19140625,13894.0205078125,3596.1689453125,19.228010177612305,0.0,14735.7587890625,0.07940512150526047,22.34086036682129,1.0527855157852173,5.9061760902404785,4.036500453948975,1.61630117893219,2.6226823329925537,5.606301307678223,0.0010583943221718073,0.24579118192195892,0.4203888773918152,0.0,0.0,0.0,0.0,4985.59912109375,234.94021606445312,790.9784545898438,1811.2779541015625,1054.2537841796875,0.0,744.626708984375,0.048644013702869415,7.373735427856445,29.13294792175293,0.0,0.0,0.0,267.46588134765625,267.46588134765625,97.84136199951172,126.80083465576172,112.66806030273438,0.0,0.0,0.0,97.84136199951172,126.80083465576172,112.66806030273438,0.0,0.0,0.0,9.39058780670166,17.86123275756836,13.727396011352539,0.0,0.0,0.0
170.0,43.938865661621094,35291.88671875,3581.070068359375,17578.548828125,14132.2685546875,3596.1689453125,19.216175079345703,0.0,14845.3095703125,0.07940512150526047,22.34086036682129,1.0527855157852173,5.906311988830566,4.041182518005371,1.61630117893219,2.6226823329925537,5.612098693847656,0.0010583943221718073,0.24579118192195892,0.4203888773918152,0.0,0.0,0.0,0.0,5005.3955078125,235.8730926513672,793.2651977539062,1828.2952880859375,1056.3201904296875,0.0,774.8126220703125,0.05059565231204033,7.373735427856445,29.13294792175293,0.0,0.0,0.0,268.9691467285156,268.9691467285156,118.18550109863281,133.55384826660156,107.21665954589844,0.0,0.0,0.0,118.18550109863281,133.55384826660156,107.21665954589844,0.0,0.0,0.0,15.353084564208984,19.848325729370117,12.144699096679688,0.0,0.0,0.0
171.0,43.9447135925293,35340.36328125,3581.070068359375,17579.294921875,14179.99609375,3596.1689453125,19.825265884399414,0.0,14422.8974609375,0.07940512150526047,22.34086036682129,1.0527855157852173,5.906332969665527,4.042018890380859,1.61630117893219,2.6226823329925537,5.617087364196777,0.0010583943221718073,0.24579118192195892,0.4203888773918152,0.0,0.0,0.0,0.0,4963.04833984375,233.87753295898438,788.1924438476562,1806.775146484375,875.568115234375,0.0,740.5062866210938,0.04833870381116867,7.373735427856445,29.13294792175293,0.0,0.0,0.0,270.4374084472656,270.4374084472656,117.39671325683594,140.63038635253906,122.90696716308594,0.0,0.0,0.0,117.39671325683594,140.63038635253906,122.90696716308594,0.0,0.0,0.0,14.513273239135742,21.309123992919922,16.125022888183594,0.0,0.0,0.0
172.0,43.96109390258789,35354.95703125,3581.070068359375,17593.892578125,14179.99609375,3596.1689453125,19.815256118774414,0.0,14437.90234375,0.07940512150526047,22.34086036682129,1.0527855157852173,5.9063520431518555,4.042842864990234,1.61630117893219,2.6226823329925537,5.632627010345459,0.0010583943221718073,0.24579118192195892,0.4203888773918152,0.0,0.0,0.0,0.0,5037.4287109375,237.38262939453125,796.7987060546875,1884.845458984375,545.4596557617188,0.0,913.8367919921875,0.0595892071723938,7.373735427856445,30.01199722290039,0.0,0.0,0.0,271.8700256347656,271.8700256347656,118.38005065917969,145.1857147216797,124.37709045410156,0.0,0.0,0.0,118.38005065917969,145.1857147216797,124.37709045410156,0.0,0.0,0.0,14.810908317565918,22.65156364440918,16.56504249572754,0.0,0.0,0.0
173.0,43.99603271484375,35374.58203125,3581.070068359375,17613.513671875,14179.99609375,3596.1689453125,20.7635440826416,0.0,13806.466796875,0.07940512150526047,22.34086036682129,1.0527855157852173,5.906378746032715,4.044024467468262,1.61630117893219,2.6226823329925537,5.666357517242432,0.0010583943221718073,0.24579118192195892,0.4203888773918152,0.0,0.0,0.0,0.0,4948.45947265625,233.19004821777344,786.2424926757812,1828.9862060546875,384.9924011230469,0.0,808.0389404296875,0.0525674894452095,7.373735427856445,29.13294792175293,0.0,0.0,0.0,273.2767333984375,273.2767333984375,115.13507843017578,141.78501892089844,115.2835693359375,0.0,0.0,0.0,115.13507843017578,141.78501892089844,115.2835693359375,0.0,0.0,0.0,12.91346549987793,20.708572387695312,12.95689868927002,0.0,0.0,0.0
174.0,44.03375244140625,35387.0234375,3581.070068359375,17625.958984375,14179.99609375,3596.1689453125,21.02255630493164,0.0,13648.0322265625,0.07940512150526047,22.34086036682129,1.0527855157852173,5.906402111053467,4.04507303237915,1.61630117893219,2.6226823329925537,5.7030029296875,0.0010583943221718073,0.24579118192195892,0.4203888773918152,0.0,0.0,0.0,0.0,4921.408203125,231.91529846191406,783.0036010742188,1810.327392578125,363.52288818359375,0.0,771.6586303710938,0.050073716789484024,7.373735427856445,29.13294792175293,0.0,0.0,0.0,274.63427734375,274.63427734375,84.10496520996094,128.97804260253906,113.76021575927734,0.0,0.0,0.0,84.10496520996094,128.97804260253906,113.76021575927734,0.0,0.0,0.0,3.5781466960906982,16.703521728515625,12.25230598449707,0.0,0.0,0.0
175.0,44.05881118774414,35390.9609375,3581.070068359375,17629.896484375,14179.99609375,3596.1689453125,21.32609748840332,0.0,13463.001953125,0.07940512150526047,22.34086036682129,1.0527855157852173,5.906411647796631,4.050364017486572,1.61630117893219,2.6226823329925537,5.722761631011963,0.0010583943221718073,0.24579118192195892,0.4203888773918152,0.0,0.0,0.0,0.0,4886.21435546875,230.2568359375,778.8099975585938,1786.1044921875,355.14324951171875,0.0,719.3500366210938,0.0466160848736763,7.373735427856445,29.13294792175293,0.0,0.0,0.0,275.9625549316406,275.9625549316406,115.84980010986328,142.9175262451172,87.51111602783203,0.0,0.0,0.0,115.84980010986328,142.9175262451172,87.51111602783203,0.0,0.0,0.0,12.559968948364258,20.477277755737305,4.27090311050415,0.0,0.0,0.0
176.0,44.0836067199707,35405.4921875,3581.070068359375,17644.423828125,14179.99609375,3596.1689453125,20.72406768798828,0.0,13849.671875,0.07940512150526047,22.34086036682129,1.0527855157852173,5.906415939331055,4.056190490722656,1.61630117893219,2.6226823329925537,5.741726398468018,0.0010583943221718073,0.24579118192195892,0.4203888773918152,0.0,0.0,0.0,0.0,4977.6787109375,234.56698608398438,789.493896484375,725.5368041992188,284.962890625,0.0,1986.9183349609375,0.20323316752910614,14.74747085571289,37.45664978027344,0.0,0.0,0.0,277.282470703125,277.282470703125,142.5657501220703,182.70916748046875,119.51205444335938,0.0,0.0,0.0,142.5657501220703,182.70916748046875,119.51205444335938,0.0,0.0,0.0,20.976415634155273,32.71836471557617,14.233207702636719,0.0,0.0,0.0
177.0,44.116310119628906,35420.05078125,3581.070068359375,17658.982421875,14179.99609375,3596.1689453125,20.728967666625977,0.0,13854.033203125,0.07940512150526047,22.34086036682129,1.0527855157852173,5.906420707702637,4.063309192657471,1.61630117893219,2.6226823329925537,5.767305850982666,0.0010583943221718073,0.24579118192195892,0.4203888773918152,0.0,0.0,0.0,0.0,4976.44677734375,234.50894165039062,789.2968139648438,617.174560546875,292.1962890625,0.0,2091.036865234375,0.28175413608551025,14.74747085571289,37.45664978027344,0.0,0.0,0.0,278.6382751464844,278.6382751464844,142.86778259277344,184.60800170898438,168.00282287597656,0.0,0.0,0.0,142.86778259277344,184.60800170898438,168.00282287597656,0.0,0.0,0.0,21.059860229492188,33.26887130737305,28.411861419677734,0.0,0.0,0.0
178.0,44.14200973510742,35424.65625,3581.070068359375,17663.58984375,14179.99609375,3596.1689453125,20.450359344482422,0.9199410080909729,14040.978515625,0.07940512150526047,22.34086036682129,1.0527855157852173,5.9064226150512695,4.066330909729004,1.61630117893219,2.6226823329925537,5.789983749389648,0.0010583943221718073,0.24579118192195892,0.4203888773918152,0.0,0.0,0.0,0.0,4995.6484375,235.4137725830078,791.5219116210938,1856.3194580078125,369.9093933105469,0.0,876.60302734375,0.05654387176036835,14.74747085571289,37.45664978027344,0.0,0.0,0.0,280.03131103515625,280.03131103515625,152.21778869628906,172.72914123535156,152.231201171875,0.0,0.0,0.0,152.21778869628906,172.72914123535156,152.231201171875,0.0,0.0,0.0,23.15340232849121,29.152971267700195,23.157325744628906,0.0,0.0,0.0
179.0,44.1754035949707,35447.4296875,3581.070068359375,17686.365234375,14179.99609375,3596.1689453125,20.055038452148438,0.0,14320.6337890625,0.07940512150526047,22.34086036682129,1.0527855157852173,5.906424045562744,4.07057523727417,1.61630117893219,2.6226823329925537,5.819133281707764,0.0010583943221718073,0.24579118192195892,0.4203888773918152,0.0,0.0,0.0,0.0,4989.154296875,235.10775756835938,790.781494140625,1834.747802734375,645.4462280273438,0.0,817.1073608398438,0.05260105058550835,14.74747085571289,37.45664978027344,0.0,0.0,0.0,281.47607421875,281.47607421875,121.01339721679688,161.09617614746094,139.93780517578125,0.0,0.0,0.0,121.01339721679688,161.09617614746094,139.93780517578125,0.0,0.0,0.0,15.341379165649414,27.065593719482422,20.876768112182617,0.0,0.0,0.0
180.0,44.21234893798828,35457.1015625,3581.070068359375,17696.033203125,14179.99609375,3596.1689453125,19.538860321044922,0.0,14694.033203125,0.07940512150526047,22.34086036682129,1.0527855157852173,5.906425476074219,4.076005458831787,1.61630117893219,2.6226823329925537,5.850646495819092,0.0010583943221718073,0.24579118192195892,0.4203888773918152,0.0,0.0,0.0,0.0,5014.591796875,236.3064727783203,793.7740478515625,1842.4847412109375,857.1995849609375,0.0,818.0046997070312,0.05254563316702843,14.74747085571289,37.45664978027344,0.0,0.0,0.0,282.9733581542969,282.9733581542969,131.98358154296875,155.4318084716797,129.04592895507812,0.0,0.0,0.0,131.98358154296875,155.4318084716797,129.04592895507812,0.0,0.0,0.0,19.06633949279785,25.924943923950195,18.207075119018555,0.0,0.0,0.0
181.0,44.23423767089844,35600.99609375,3581.070068359375,17699.09375,14320.833984375,3596.1689453125,18.851886749267578,0.0,15276.521484375,0.07940512150526047,22.34086036682129,1.0527855157852173,5.906425952911377,4.080931663513184,1.61630117893219,2.6226823329925537,5.8676066398620605,0.0010583943221718073,0.24579118192195892,0.4203888773918152,0.0,0.0,0.0,0.0,5080.09814453125,239.3933868408203,801.46923828125,1898.1099853515625,1064.09033203125,0.0,885.13330078125,0.056792039424180984,7.373735427856445,29.69684410095215,0.0,0.0,0.0,284.52142333984375,284.52142333984375,113.73724365234375,134.444580078125,93.66874694824219,0.0,0.0,0.0,113.73724365234375,134.444580078125,93.66874694824219,0.0,0.0,0.0,14.416255950927734,20.4731502532959,8.546221733093262,0.0,0.0,0.0
182.0,44.24602508544922,35846.8984375,3581.070068359375,17701.76953125,14564.05859375,3596.1689453125,18.84101676940918,0.0,15390.078125,0.07940512150526047,22.34086036682129,1.0527855157852173,5.906425952911377,4.082489013671875,1.61630117893219,2.6226823329925537,5.877836227416992,0.0010583943221718073,0.24579118192195892,0.4203888773918152,0.0,0.0,0.0,0.0,5100.35791015625,240.3480987548828,803.8214111328125,1910.9898681640625,1066.2001953125,0.0,918.2433471679688,0.05887538194656372,7.373735427856445,32.94923782348633,0.0,0.0,0.0,286.0896301269531,286.0896301269531,99.78631591796875,138.45635986328125,112.65898895263672,0.0,0.0,0.0,99.78631591796875,138.45635986328125,112.65898895263672,0.0,0.0,0.0,10.346480369567871,21.657468795776367,14.111736297607422,0.0,0.0,0.0
183.0,44.26805877685547,35912.6328125,3581.070068359375,17718.79296875,14612.7705078125,3596.1689453125,19.447635650634766,0.0,14952.1416015625,0.07940512150526047,22.34086036682129,1.0527855157852173,5.906426429748535,4.083852767944336,1.61630117893219,2.6226823329925537,5.898507595062256,0.0010583943221718073,0.24579118192195892,0.4203888773918152,0.0,0.0,0.0,0.0,5056.6650390625,238.2891082763672,798.5467529296875,1891.5841064453125,883.6806030273438,0.0,878.4923095703125,0.05624742805957794,7.373735427856445,29.13294792175293,0.0,0.0,0.0,287.6272277832031,287.6272277832031,115.92800903320312,142.40286254882812,119.08089447021484,0.0,0.0,0.0,115.92800903320312,142.40286254882812,119.08089447021484,0.0,0.0,0.0,14.461305618286133,22.2052001953125,15.383525848388672,0.0,0.0,0.0
184.0,44.30790328979492,35933.6015625,3581.070068359375,17739.76171875,14612.7705078125,3596.1689453125,19.441181182861328,0.0,14967.6787109375,0.07940512150526047,22.34086036682129,1.0527855157852173,5.906426429748535,4.085326671600342,1.61630117893219,2.6226823329925537,5.936875820159912,0.0010583943221718073,0.24579118192195892,0.4203888773918152,0.0,0.0,0.0,0.0,5123.6142578125,241.44403076171875,807.4422607421875,1943.81640625,549.9835815429688,0.0,1081.1099853515625,0.06904062628746033,10.39527416229248,34.90895080566406,0.0,0.0,0.0,289.1289367675781,289.1289367675781,117.56207275390625,151.09188842773438,122.73320770263672,0.0,0.0,0.0,117.56207275390625,151.09188842773438,122.73320770263672,0.0,0.0,0.0,14.945724487304688,24.75319480895996,16.458282470703125,0.0,0.0,0.0
185.0,44.3578987121582,35956.19921875,3581.070068359375,17762.357421875,14612.7705078125,3596.1689453125,20.373849868774414,0.0,14313.05859375,0.07940512150526047,22.34086036682129,1.0527855157852173,5.906426429748535,4.0874552726745605,1.61630117893219,2.6226823329925537,5.984745502471924,0.0010583943221718073,0.24579118192195892,0.4203888773918152,0.0,0.0,0.0,0.0,5041.38916015625,237.5692596435547,796.4823608398438,1907.8525390625,388.54052734375,0.0,938.8681640625,0.0597638338804245,7.373735427856445,32.232643127441406,0.0,0.0,0.0,290.6064453125,290.6064453125,87.5372085571289,144.62315368652344,110.0064697265625,0.0,0.0,0.0,87.5372085571289,144.62315368652344,110.0064697265625,0.0,0.0,0.0,5.2307844161987305,21.928422927856445,11.8030424118042,0.0,0.0,0.0
186.0,44.398338317871094,35964.16796875,3581.070068359375,17770.328125,14612.7705078125,3596.1689453125,20.625577926635742,0.0,14148.79296875,0.07940512150526047,22.34086036682129,1.0527855157852173,5.906426429748535,4.089493274688721,1.61630117893219,2.6226823329925537,6.023144245147705,0.0010583943221718073,0.24579118192195892,0.4203888773918152,0.0,0.0,0.0,0.0,5013.33154296875,236.2470703125,793.118408203125,1891.7412109375,366.8456726074219,0.0,900.4505615234375,0.05717075243592262,7.373735427856445,29.13294792175293,0.0,0.0,0.0,292.03125,292.03125,91.86904907226562,137.7454376220703,101.86720275878906,0.0,0.0,0.0,91.86904907226562,137.7454376220703,101.86720275878906,0.0,0.0,0.0,6.246118545532227,19.66496467590332,9.17057991027832,0.0,0.0,0.0
187.0,44.41954040527344,35966.69140625,3581.070068359375,17772.849609375,14612.7705078125,3764.8017578125,20.92281723022461,0.0,13956.9619140625,0.07940512150526047,22.34086036682129,1.0527855157852173,5.906426429748535,4.094616413116455,1.61630117893219,2.6226823329925537,6.039222717285156,0.0010583943221718073,0.24579118192195892,0.4203888773918152,0.0,0.0,0.0,0.0,4976.8369140625,234.52732849121094,788.7677001953125,1866.44287109375,358.35455322265625,0.0,846.2033081054688,0.0536695271730423,7.373735427856445,29.13294792175293,0.0,0.0,0.0,293.4226379394531,293.4226379394531,117.96086883544922,145.43287658691406,127.77964782714844,0.0,0.0,0.0,117.96086883544922,145.43287658691406,127.77964782714844,0.0,0.0,0.0,13.58073616027832,21.616300582885742,16.452730178833008,0.0,0.0,0.0
188.0,44.446285247802734,35985.64453125,3581.070068359375,17791.8046875,14612.7705078125,3764.8017578125,20.334136962890625,0.0,14357.8046875,0.07940512150526047,22.34086036682129,1.0527855157852173,5.906426429748535,4.10089635848999,1.61630117893219,2.6226823329925537,6.059689998626709,0.0010583943221718073,0.24579118192195892,0.4203888773918152,0.0,0.0,0.0,0.0,5067.26025390625,238.7884063720703,799.835693359375,1627.2412109375,287.46539306640625,0.0,1298.7083740234375,0.08225516229867935,17.82012176513672,39.1007194519043,0.0,0.0,0.0,294.8128356933594,294.8128356933594,124.22053527832031,173.4392852783203,129.68402099609375,0.0,0.0,0.0,124.22053527832031,173.4392852783203,129.68402099609375,0.0,0.0,0.0,16.000370025634766,30.396852493286133,17.598438262939453,0.0,0.0,0.0
189.0,44.48731994628906,36004.78515625,3581.070068359375,17810.9453125,14612.7705078125,3764.8017578125,20.341489791870117,0.0,14362.30859375,0.07940512150526047,22.34086036682129,1.0527855157852173,5.906426429748535,4.109618186950684,1.61630117893219,2.6226823329925537,6.092000961303711,0.0010583943221718073,0.24579118192195892,0.4203888773918152,0.0,0.0,0.0,0.0,5066.1591796875,238.73651123046875,799.6282958984375,837.3228149414062,294.7673034667969,0.0,2084.414794921875,0.14826180040836334,17.69429588317871,39.02706527709961,0.0,0.0,0.0,296.2507019042969,296.2507019042969,137.54205322265625,183.9048309326172,140.77838134765625,0.0,0.0,0.0,137.54205322265625,183.9048309326172,140.77838134765625,0.0,0.0,0.0,19.889558792114258,33.4506721496582,20.836185455322266,0.0,0.0,0.0
190.0,44.52048873901367,36010.83984375,3581.070068359375,17817.0,14612.7705078125,3764.8017578125,20.068758010864258,0.0,14556.087890625,0.07940512150526047,22.34086036682129,1.0527855157852173,5.906426429748535,4.113664150238037,1.61630117893219,2.6226823329925537,6.121124744415283,0.0010583943221718073,0.24579118192195892,0.4203888773918152,0.0,0.0,0.0,0.0,5084.0224609375,239.5782928466797,801.9366455078125,847.222900390625,373.0953674316406,0.0,2101.945556640625,0.15077830851078033,19.125389099121094,39.86479949951172,0.0,0.0,0.0,297.7322998046875,297.7322998046875,129.40621948242188,183.16876220703125,123.3360824584961,0.0,0.0,0.0,129.40621948242188,183.16876220703125,123.3360824584961,0.0,0.0,0.0,17.782564163208008,33.50810241699219,16.007047653198242,0.0,0.0,0.0
191.0,44.55945587158203,36035.83203125,3581.070068359375,17841.9921875,14612.7705078125,3764.8017578125,19.681596755981445,0.0,14845.9912109375,0.07940512150526047,22.34086036682129,1.0527855157852173,5.906426429748535,4.116876125335693,1.61630117893219,2.6226823329925537,6.156881332397461,0.0010583943221718073,0.24579118192195892,0.4203888773918152,0.0,0.0,0.0,0.0,5081.0810546875,239.439697265625,801.1853637695312,1917.2216796875,651.2758178710938,0.0,955.4111938476562,0.0601174421608448,16.58110809326172,38.426292419433594,0.0,0.0,0.0,299.26458740234375,299.26458740234375,132.48208618164062,162.26336669921875,145.68162536621094,0.0,0.0,0.0,132.48208618164062,162.26336669921875,145.68162536621094,0.0,0.0,0.0,19.069412231445312,27.780439376831055,22.930280685424805,0.0,0.0,0.0
192.0,44.59814453125,36043.73828125,3581.070068359375,17849.900390625,14612.7705078125,3764.8017578125,19.193639755249023,0.0,15217.71484375,0.07940512150526047,22.34086036682129,1.0527855157852173,5.906426429748535,4.126025199890137,1.61630117893219,2.6226823329925537,6.186420440673828,0.0010583943221718073,0.24579118192195892,0.4203888773918152,0.0,0.0,0.0,0.0,5141.76904296875,242.29954528808594,809.42626953125,1949.0693359375,655.0494995117188,0.0,1088.06298828125,0.06832969188690186,22.121206283569336,41.61849594116211,0.0,0.0,0.0,300.8479919433594,300.8479919433594,141.73118591308594,160.5595703125,137.0789031982422,0.0,0.0,0.0,141.73118591308594,160.5595703125,137.0789031982422,0.0,0.0,0.0,22.262733459472656,27.770036697387695,20.90193748474121,0.0,0.0,0.0
193.0,44.62644958496094,36192.40625,3581.070068359375,17860.470703125,14750.865234375,3764.8017578125,18.519533157348633,0.0,15820.9521484375,0.07940512150526047,22.34086036682129,1.0527855157852173,5.906426429748535,4.139900207519531,1.61630117893219,2.6226823329925537,6.200850486755371,0.0010583943221718073,0.24579118192195892,0.4203888773918152,0.0,0.0,0.0,0.0,5163.67333984375,243.33177185058594,811.9388427734375,1970.40869140625,1072.57421875,0.0,1046.72265625,0.06567049026489258,10.493032455444336,34.9661750793457,0.0,0.0,0.0,302.486083984375,302.486083984375,99.80728912353516,142.1509246826172,102.60831451416016,0.0,0.0,0.0,99.80728912353516,142.1509246826172,102.60831451416016,0.0,0.0,0.0,10.67409896850586,23.059612274169922,11.49339771270752,0.0,0.0,0.0
194.0,44.65460968017578,36452.17578125,3581.070068359375,17872.23046875,14998.876953125,3764.8017578125,18.513830184936523,0.0,15938.5302734375,0.07940512150526047,22.34086036682129,1.0527855157852173,5.906426429748535,4.151401519775391,1.61630117893219,2.6226823329925537,6.217508316040039,0.0010583943221718073,0.24579118192195892,0.4203888773918152,0.0,0.0,0.0,0.0,5181.89306640625,244.19033813476562,814.370849609375,1982.3743896484375,1074.4197998046875,0.0,1085.7833251953125,0.06804591417312622,12.47689437866211,36.12749481201172,0.0,0.0,0.0,304.1542663574219,304.1542663574219,112.90955352783203,145.29147338867188,121.22899627685547,0.0,0.0,0.0,112.90955352783203,145.29147338867188,121.22899627685547,0.0,0.0,0.0,14.512214660644531,23.983924865722656,16.94565200805664,0.0,0.0,0.0
195.0,44.69861602783203,36529.265625,3581.070068359375,17899.662109375,15048.533203125,3764.8017578125,19.115812301635742,0.0,15484.9755859375,0.07940512150526047,22.34086036682129,1.0527855157852173,5.906426429748535,4.162871360778809,1.61630117893219,2.6226823329925537,6.244362831115723,0.0010583943221718073,0.24579118192195892,0.4260704219341278,0.0,0.0,0.0,0.0,5140.81103515625,242.25440979003906,808.8924560546875,1976.5059814453125,890.8162231445312,0.0,1021.8389892578125,0.06392630189657211,8.845101356506348,34.53334045410156,0.0,0.0,0.0,305.7917175292969,305.7917175292969,124.3237533569336,147.76141357421875,130.00401306152344,0.0,0.0,0.0,124.3237533569336,147.76141357421875,130.00401306152344,0.0,0.0,0.0,17.248886108398438,24.104400634765625,18.91036033630371,0.0,0.0,0.0
196.0,44.75878143310547,36566.85546875,3581.070068359375,17937.251953125,15048.533203125,3764.8017578125,19.118066787719727,0.0,15501.0458984375,0.07940512150526047,22.34086036682129,1.0527855157852173,5.906426429748535,4.174837589263916,1.61630117893219,2.6226823329925537,6.271819591522217,0.0010583943221718073,0.24579118192195892,0.44681403040885925,0.0,0.0,0.0,0.0,5205.7978515625,245.31680297851562,818.0771484375,2013.4415283203125,554.24951171875,0.0,1242.265380859375,0.07807968556880951,14.74747085571289,39.81113052368164,0.0,0.0,0.0,307.3933410644531,307.3933410644531,102.83643341064453,153.27159118652344,120.59416198730469,0.0,0.0,0.0,102.83643341064453,153.27159118652344,120.59416198730469,0.0,0.0,0.0,10.961589813232422,25.7138729095459,16.155725479125977,0.0,0.0,0.0
197.0,44.84080123901367,36592.30859375,3581.070068359375,17962.703125,15048.533203125,3764.8017578125,20.03743553161621,0.0,14823.083984375,0.07940512150526047,22.34086036682129,1.0527855157852173,5.906426429748535,4.190164089202881,1.61630117893219,2.6226823329925537,6.295920372009277,0.0010583943221718073,0.24579118192195892,0.4894070327281952,0.0,0.0,0.0,0.0,5121.79248046875,241.35818481445312,806.7112426757812,1994.0328369140625,391.5210876464844,0.0,1069.5491943359375,0.06668870151042938,10.087906837463379,40.43133544921875,0.0,0.0,0.0,308.9661865234375,308.9661865234375,118.65094757080078,147.72164916992188,103.56062316894531,0.0,0.0,0.0,118.65094757080078,147.72164916992188,103.56062316894531,0.0,0.0,0.0,14.667966842651367,23.171146392822266,10.254046440124512,0.0,0.0,0.0
198.0,44.92746353149414,36683.96484375,3581.070068359375,18054.36328125,15048.533203125,3764.8017578125,20.331634521484375,0.0,14652.9384765625,0.07940512150526047,22.34086036682129,1.0527855157852173,5.906426429748535,4.197917461395264,1.61630117893219,2.6226823329925537,6.30497932434082,0.0010583943221718073,0.24579118192195892,0.5592550039291382,0.0,0.0,0.0,0.0,5096.498046875,240.16619873046875,803.2221069335938,1988.606689453125,369.7919616699219,0.0,1009.3699951171875,0.06289952993392944,7.401191234588623,44.31232452392578,0.0,0.0,0.0,310.4798583984375,310.4798583984375,126.92488098144531,142.9486846923828,122.8811264038086,0.0,0.0,0.0,126.92488098144531,142.9486846923828,122.8811264038086,0.0,0.0,0.0,16.793893814086914,21.480857849121094,15.611093521118164,0.0,0.0,0.0
199.0,45.139129638671875,36756.2421875,3581.070068359375,18126.638671875,15048.533203125,3764.8017578125,20.664188385009766,0.0,14454.2587890625,0.07940512150526047,22.34086036682129,1.0527855157852173,5.906426429748535,4.22464656829834,1.61630117893219,2.6226823329925537,6.334163665771484,0.0010583943221718073,0.24579118192195892,0.7150102853775024,0.0,0.0,0.0,0.0,5063.8466796875,238.62754821777344,798.7119750976562,1910.2464599609375,361.4119567871094,0.0,972.759765625,0.06050097569823265,14.74747085571289,63.70741653442383,0.0,0.0,0.0,311.96453857421875,311.96453857421875,95.9834213256836,152.914794921875,135.5447540283203,0.0,0.0,0.0,95.9834213256836,152.914794921875,135.5447540283203,0.0,0.0,0.0,7.4109625816345215,24.06338882446289,18.982654571533203,0.0,0.0,0.0
200.0,45.31145095825195,36809.53125,3581.070068359375,18179.927734375,15048.533203125,3764.8017578125,20.100934982299805,0.0,14869.369140625,0.07940512150526047,22.34086036682129,1.0527855157852173,5.906426429748535,4.247935771942139,1.61630117893219,2.6226823329925537,6.373875617980957,0.0010583943221718073,0.24579118192195892,0.8243281245231628,0.0,0.0,0.0,0.0,5147.28466796875,242.5594482421875,810.164306640625,916.9967651367188,289.6478576660156,0.0,2191.701904296875,0.15733952820301056,22.121206283569336,81.60848236083984,0.0,0.0,0.0,313.45269775390625,313.45269775390625,127.6861572265625,184.21287536621094,129.71099853515625,0.0,0.0,0.0,127.6861572265625,184.21287536621094,129.71099853515625,0.0,0.0,0.0,17.247264862060547,33.78133010864258,17.83953285217285,0.0,0.0,0.0
201.0,45.445499420166016,36861.58984375,3581.070068359375,18231.98828125,15048.533203125,3764.8017578125,20.126070022583008,0.0,14874.0166015625,0.07940512150526047,22.34086036682129,1.0527855157852173,5.906426429748535,4.262923717498779,1.61630117893219,2.6226823329925537,6.4087443351745605,0.0010583943221718073,0.24579118192195892,0.9085198044776917,0.0,0.0,0.0,0.0,5146.1240234375,242.50477600097656,809.9452514648438,909.1220092773438,297.0036315917969,0.0,2186.91064453125,0.1541203111410141,22.121206283569336,89.9434585571289,0.0,0.0,0.0,314.99505615234375,314.99505615234375,137.35482788085938,184.26780700683594,154.8546600341797,0.0,0.0,0.0,137.35482788085938,184.26780700683594,154.8546600341797,0.0,0.0,0.0,20.050214767456055,33.77226257324219,25.16891860961914,0.0,0.0,0.0
202.0,45.56462097167969,36890.0078125,3581.070068359375,18260.40234375,15048.533203125,3764.8017578125,19.868087768554688,0.0,15074.6826171875,0.07940512150526047,22.34086036682129,1.0527855157852173,5.906426429748535,4.273054599761963,1.61630117893219,2.6226823329925537,6.456252098083496,0.0010583943221718073,0.24579118192195892,0.970001757144928,0.0,0.0,0.0,0.0,5164.62744140625,243.376708984375,812.3373413085938,951.8251953125,375.9436340332031,0.0,2170.99853515625,0.14902061223983765,22.121206283569336,96.0301742553711,0.0,0.0,0.0,316.5799865722656,316.5799865722656,153.77256774902344,182.86004638671875,149.00961303710938,0.0,0.0,0.0,153.77256774902344,182.86004638671875,149.00961303710938,0.0,0.0,0.0,25.110389709472656,33.61847686767578,23.71722412109375,0.0,0.0,0.0
203.0,45.656612396240234,36924.421875,3581.070068359375,18294.818359375,15048.533203125,3764.8017578125,19.489255905151367,0.0,15374.892578125,0.07940512150526047,22.34086036682129,1.0527855157852173,5.906426429748535,4.287856578826904,1.61630117893219,2.6226823329925537,6.497254371643066,0.0010583943221718073,0.24579118192195892,1.0061919689178467,0.0,0.0,0.0,0.0,5161.64306640625,243.236083984375,811.5753173828125,2017.1192626953125,656.2450561523438,0.0,1026.3677978515625,0.06315336376428604,22.121206283569336,99.61299896240234,0.0,0.0,0.0,318.21978759765625,318.21978759765625,142.7710723876953,163.5720977783203,146.14614868164062,0.0,0.0,0.0,142.7710723876953,163.5720977783203,146.14614868164062,0.0,0.0,0.0,22.271282196044922,28.35558319091797,23.258493423461914,0.0,0.0,0.0
204.0,45.73252868652344,36946.29296875,3581.070068359375,18316.689453125,15048.533203125,3764.8017578125,19.031436920166016,0.0,15744.9384765625,0.07940512150526047,22.34086036682129,1.0527855157852173,5.906426429748535,4.311471939086914,1.61630117893219,2.6226823329925537,6.526787281036377,0.0010583943221718073,0.24579118192195892,1.0289602279663086,0.0,0.0,0.0,0.0,5222.0166015625,246.0811004638672,819.7697143554688,2059.426513671875,659.9989624023438,0.0,1154.1939697265625,0.07088273763656616,22.121206283569336,101.86705780029297,0.0,0.0,0.0,319.9130859375,319.9130859375,148.19482421875,162.1652069091797,145.13209533691406,0.0,0.0,0.0,148.19482421875,162.1652069091797,145.13209533691406,0.0,0.0,0.0,24.315547943115234,28.401885986328125,23.41969871520996,0.0,0.0,0.0
205.0,45.78937911987305,37098.703125,3581.070068359375,18333.80859375,15183.8251953125,3764.8017578125,18.36256980895996,0.0,16369.04296875,0.07940512150526047,22.34086036682129,1.0527855157852173,5.906426429748535,4.339347839355469,1.61630117893219,2.6226823329925537,6.54362678527832,0.0010583943221718073,0.24579118192195892,1.0410939455032349,0.0,0.0,0.0,0.0,5244.77685546875,247.15365600585938,822.394287109375,2090.25927734375,1080.74560546875,0.0,1113.8748779296875,0.06833121180534363,13.68195915222168,91.22328186035156,0.0,0.0,0.0,321.6642150878906,321.6642150878906,116.81962585449219,147.037109375,108.34228515625,0.0,0.0,0.0,116.81962585449219,147.037109375,108.34228515625,0.0,0.0,0.0,15.807172775268555,24.645784378051758,13.32754898071289,0.0,0.0,0.0
206.0,45.835426330566406,37367.37890625,3581.070068359375,18349.677734375,15436.6318359375,3764.8017578125,18.358095169067383,0.0,16490.677734375,0.07972010225057602,22.365699768066406,1.0550919771194458,5.906426429748535,4.349522590637207,1.61630117893219,2.6226823329925537,6.548975944519043,0.0010583943221718073,0.24579118192195892,1.0441571474075317,0.0,0.0,0.0,0.0,5267.01123046875,248.4689178466797,824.6119384765625,2101.18994140625,1082.4102783203125,0.0,1152.783935546875,0.07069256156682968,14.74747085571289,93.0344009399414,0.0,0.0,0.0,323.44537353515625,323.44537353515625,114.91576385498047,147.3780517578125,122.58887481689453,0.0,0.0,0.0,114.91576385498047,147.3780517578125,122.58887481689453,0.0,0.0,0.0,15.254766464233398,24.74998664855957,17.4991512298584,0.0,0.0,0.0
207.0,45.952388763427734,37512.49609375,3581.070068359375,18444.189453125,15487.236328125,3764.8017578125,18.98905372619629,0.0,16021.3876953125,0.08069095760583878,22.4421443939209,1.062910795211792,5.906426429748535,4.367040157318115,1.61630117893219,2.6226823329925537,6.558603286743164,0.0010583943221718073,0.24579118192195892,1.0487399101257324,0.0,0.0,0.0,0.0,5234.68603515625,247.92657470703125,818.0211791992188,2095.0244140625,896.719482421875,0.0,1072.936767578125,0.06575498729944229,11.858728408813477,89.2416763305664,0.0,0.0,0.0,325.1888732910156,325.1888732910156,123.72620391845703,148.61679077148438,118.24037170410156,0.0,0.0,0.0,123.72620391845703,148.61679077148438,118.24037170410156,0.0,0.0,0.0,17.20085906982422,24.48135757446289,15.596253395080566,0.0,0.0,0.0
208.0,46.08907699584961,37542.3984375,3581.070068359375,18474.09375,15487.236328125,3764.8017578125,18.986989974975586,0.0,16037.9951171875,0.08220859616994858,22.55057716369629,1.0739915370941162,5.906426429748535,4.374509811401367,1.61630117893219,2.6226823329925537,6.565338134765625,0.0010583943221718073,0.24579118192195892,1.050192952156067,0.0,0.0,0.0,0.0,5315.92333984375,253.1756134033203,826.0798950195312,2127.02587890625,557.413818359375,0.0,1287.94677734375,0.07889755815267563,14.74747085571289,93.57218933105469,0.0,0.0,0.0,326.8919677734375,326.8919677734375,127.3333740234375,153.21958923339844,120.44740295410156,0.0,0.0,0.0,127.3333740234375,153.21958923339844,120.44740295410156,0.0,0.0,0.0,18.25802230834961,25.829740524291992,16.243877410888672,0.0,0.0,0.0
209.0,46.5041389465332,37907.37109375,3581.070068359375,18839.064453125,15487.236328125,3764.8017578125,20.0804443359375,0.0,15336.533203125,0.08695019036531448,22.884746551513672,1.1083385944366455,5.906426429748535,4.3961100578308105,1.61630117893219,2.6226823329925537,6.583187580108643,0.0010583943221718073,0.24579118192195892,1.0525462627410889,0.0,0.0,0.0,0.0,5272.2255859375,255.3408660888672,810.36376953125,2099.99365234375,392.4761657714844,0.0,1074.6424560546875,0.06575486809015274,9.927648544311523,86.76896667480469,0.0,0.0,0.0,328.5612487792969,328.5612487792969,124.34113311767578,147.32862854003906,91.15752410888672,0.0,0.0,0.0,124.34113311767578,147.32862854003906,91.15752410888672,0.0,0.0,0.0,16.289337158203125,23.0131778717041,6.583130836486816,0.0,0.0,0.0
210.0,47.0286865234375,38031.51171875,3581.070068359375,18963.203125,15487.236328125,3764.8017578125,20.39124298095703,0.0,15160.4775390625,0.09293641895055771,23.305875778198242,1.1515676975250244,5.906426429748535,4.425713539123535,1.61630117893219,2.6226823329925537,6.605185031890869,0.0010583943221718073,0.24579118192195892,1.0551491975784302,0.0,0.0,0.0,0.0,5300.65771484375,261.9110412597656,801.95458984375,2086.37744140625,369.2991638183594,0.0,973.7874755859375,0.05949898064136505,7.775547027587891,79.7920150756836,0.0,0.0,0.0,330.1639099121094,330.1639099121094,121.07727813720703,142.57803344726562,123.57608795166016,0.0,0.0,0.0,121.07727813720703,142.57803344726562,123.57608795166016,0.0,0.0,0.0,15.023860931396484,21.312833786010742,15.754762649536133,0.0,0.0,0.0
211.0,47.325584411621094,38070.7890625,3581.070068359375,19002.482421875,15487.236328125,4158.7587890625,20.70573616027832,0.0,14954.90234375,0.09616098552942276,23.538957595825195,1.175524353981018,5.906426429748535,4.450157642364502,1.61630117893219,2.6226823329925537,6.616401195526123,0.0010583943221718073,0.24579118192195892,1.0561225414276123,0.0,0.0,0.0,0.0,5293.18017578125,264.3388977050781,794.85107421875,2035.09619140625,360.0616455078125,0.0,888.8721313476562,0.05427128076553345,13.235868453979492,91.88642120361328,0.0,0.0,0.0,331.7305908203125,331.7305908203125,126.58084869384766,147.4317626953125,138.91732788085938,0.0,0.0,0.0,126.58084869384766,147.4317626953125,138.91732788085938,0.0,0.0,0.0,16.319162368774414,22.41805648803711,19.927579879760742,0.0,0.0,0.0
212.0,47.56402587890625,38190.90625,3581.070068359375,19122.6015625,15487.236328125,4158.7587890625,20.175209045410156,0.0,15384.365234375,0.09829185158014297,23.735471725463867,1.1954731941223145,5.906426429748535,4.462798595428467,1.61630117893219,2.6226823329925537,6.623307228088379,0.0010583943221718073,0.24579118192195892,1.0564241409301758,0.0,0.0,0.0,0.0,5408.32470703125,272.39849853515625,803.8689575195312,924.62646484375,288.1490478515625,0.0,2214.5078125,0.15545471012592316,18.286697387695312,98.96782684326172,0.0,0.0,0.0,333.299072265625,333.299072265625,106.84168243408203,184.39842224121094,145.8839874267578,0.0,0.0,0.0,106.84168243408203,184.39842224121094,145.8839874267578,0.0,0.0,0.0,11.075983047485352,33.761329650878906,22.4958553314209,0.0,0.0,0.0
213.0,48.01093292236328,38484.6484375,3581.070068359375,19416.34375,15487.236328125,4158.7587890625,20.32713508605957,0.0,15389.1552734375,0.10205871611833572,24.109498977661133,1.2337478399276733,5.906426429748535,4.481281280517578,1.61630117893219,2.6226823329925537,6.635286331176758,0.0010583943221718073,0.24579118192195892,1.05680251121521,0.0,0.0,0.0,0.0,5455.521484375,279.1736755371094,799.490966796875,895.72119140625,294.5251770019531,0.0,2196.48388671875,0.15295517444610596,15.13710880279541,94.6829605102539,0.0,0.0,0.0,334.9217529296875,334.9217529296875,122.3888168334961,184.15794372558594,152.2450408935547,0.0,0.0,0.0,122.3888168334961,184.15794372558594,152.2450408935547,0.0,0.0,0.0,15.47159481048584,33.5390625,24.204538345336914,0.0,0.0,0.0
214.0,48.4621467590332,38577.58984375,3581.070068359375,19509.28515625,15487.236328125,4158.7587890625,20.09935760498047,0.0,15596.7548828125,0.10553862899541855,24.497516632080078,1.2735118865966797,5.906426429748535,4.490250110626221,1.61630117893219,2.6226823329925537,6.646092414855957,0.0010583943221718073,0.24579118192195892,1.056976556777954,0.0,0.0,0.0,0.0,5522.49951171875,287.0890808105469,797.7201538085938,889.5009765625,371.4772644042969,0.0,2191.7001953125,0.1524132341146469,14.74747085571289,94.1766128540039,0.0,0.0,0.0,336.5821533203125,336.5821533203125,137.80104064941406,183.1956329345703,127.04476928710938,0.0,0.0,0.0,137.80104064941406,183.1956329345703,127.04476928710938,0.0,0.0,0.0,20.207443237304688,33.4853630065918,17.061235427856445,0.0,0.0,0.0
215.0,49.13949203491211,39063.1015625,3581.070068359375,19994.794921875,15487.236328125,4158.7587890625,19.94533348083496,0.0,15907.3486328125,0.11052645742893219,25.07649803161621,1.3331700563430786,5.906426429748535,4.508457183837891,1.61630117893219,2.6226823329925537,6.661444664001465,0.0010583943221718073,0.24579118192195892,1.0571343898773193,0.0,0.0,0.0,0.0,5586.7626953125,297.0153503417969,791.5477905273438,2050.1826171875,644.873779296875,0.0,897.18603515625,0.05461897328495979,14.74747085571289,94.190673828125,0.0,0.0,0.0,338.2938232421875,338.2938232421875,134.62338256835938,160.6957550048828,142.7378692626953,0.0,0.0,0.0,134.62338256835938,160.6957550048828,142.7378692626953,0.0,0.0,0.0,19.432004928588867,27.058176040649414,21.805492401123047,0.0,0.0,0.0
216.0,49.87840270996094,39229.81640625,3581.070068359375,20161.5078125,15487.236328125,4158.7587890625,19.56598472595215,0.010329384356737137,16275.6611328125,0.11583229899406433,25.697200775146484,1.3972058296203613,5.906426429748535,4.540874481201172,1.61630117893219,2.6226823329925537,6.6777472496032715,0.0010583943221718073,0.24579118192195892,1.0572829246520996,0.0,0.0,0.0,0.0,5727.8828125,311.4359130859375,792.66748046875,2081.426513671875,645.0880126953125,0.0,955.3778076171875,0.058100420981645584,14.74747085571289,94.20391082763672,0.0,0.0,0.0,340.05499267578125,340.05499267578125,135.67576599121094,158.0263671875,134.758544921875,0.0,0.0,0.0,135.67576599121094,158.0263671875,134.758544921875,0.0,0.0,0.0,20.108848571777344,26.64639663696289,19.84056282043457,0.0,0.0,0.0
217.0,50.2952766418457,39422.578125,3581.070068359375,20221.828125,15619.6806640625,4158.7587890625,18.892534255981445,0.0,16920.78125,0.11876586079597473,26.04205894470215,1.4326478242874146,5.906426429748535,4.565435409545898,1.61630117893219,2.6226823329925537,6.686751365661621,0.0010583943221718073,0.24579118192195892,1.0573585033416748,0.0,0.0,0.0,0.0,5802.625,319.21893310546875,792.8424682617188,2104.935791015625,1053.87060546875,0.0,901.4183959960938,0.05478707700967789,7.373735427856445,73.27494049072266,0.0,0.0,0.0,341.8680725097656,341.8680725097656,102.87617492675781,134.71510314941406,96.21832275390625,0.0,0.0,0.0,102.87617492675781,134.71510314941406,96.21832275390625,0.0,0.0,0.0,11.198746681213379,20.511634826660156,9.251326560974121,0.0,0.0,0.0
218.0,50.49079895019531,39699.2890625,3581.070068359375,20240.9140625,15877.3056640625,4158.7587890625,18.88362693786621,0.0,17046.501953125,0.12012409418821335,26.20224380493164,1.449030876159668,5.906426429748535,4.578830718994141,1.61630117893219,2.6226823329925537,6.690917015075684,0.0010583943221718073,0.24579118192195892,1.0573914051055908,0.0,0.0,0.0,0.0,5844.359375,323.2035217285156,793.6072387695312,2117.63818359375,1054.4300537109375,0.0,924.5209350585938,0.05617609620094299,7.373735427856445,73.2772216796875,0.0,0.0,0.0,343.69830322265625,343.69830322265625,111.20057678222656,136.82186889648438,116.87678527832031,0.0,0.0,0.0,111.20057678222656,136.82186889648438,116.87678527832031,0.0,0.0,0.0,13.642541885375977,21.136770248413086,15.30283260345459,0.0,0.0,0.0
219.0,50.572792053222656,39756.8828125,3581.070068359375,20246.953125,15928.861328125,4158.7587890625,19.485795974731445,0.0,16561.37890625,0.12070155143737793,26.272401809692383,1.4561436176300049,5.906426429748535,4.581217288970947,1.61630117893219,2.6226823329925537,6.692669868469238,0.0010583943221718073,0.24579118192195892,1.0573965311050415,0.0,0.0,0.0,0.0,5796.98193359375,321.29681396484375,787.2598876953125,2086.47802734375,873.0089721679688,0.0,864.1846923828125,0.05250396952033043,7.373735427856445,73.27758026123047,0.0,0.0,0.0,345.4822082519531,345.4822082519531,115.96998596191406,141.26893615722656,111.02096557617188,0.0,0.0,0.0,115.96998596191406,141.26893615722656,111.02096557617188,0.0,0.0,0.0,14.4354248046875,21.835369110107422,12.987834930419922,0.0,0.0,0.0
220.0,50.72940444946289,39888.6640625,3581.070068359375,20378.73046875,15928.861328125,4158.7587890625,19.53264617919922,0.0,16578.525390625,0.12175888568162918,26.401798248291016,1.4695650339126587,5.906426429748535,4.590749740600586,1.61630117893219,2.6226823329925537,6.695870876312256,0.0010583943221718073,0.24579118192195892,1.0574015378952026,0.0,0.0,0.0,0.0,5886.28759765625,327.639892578125,793.5368041992188,2145.163330078125,542.6470336914062,0.0,1043.740478515625,0.06340000033378601,7.373735427856445,73.2779312133789,0.0,0.0,0.0,347.2158203125,347.2158203125,121.94998931884766,148.94171142578125,123.597412109375,0.0,0.0,0.0,121.94998931884766,148.94171142578125,123.597412109375,0.0,0.0,0.0,16.137725830078125,24.032804489135742,16.61959457397461,0.0,0.0,0.0
221.0,50.927730560302734,40172.8828125,3813.3701171875,20430.65234375,15928.861328125,4158.7587890625,20.6052303314209,0.0,15853.396484375,0.12299574911594391,26.553306579589844,1.4853960275650024,5.906426429748535,4.616751194000244,1.61630117893219,2.6226823329925537,6.699614524841309,0.0010583943221718073,0.24579118192195892,1.0574067831039429,0.0,0.0,0.0,0.0,5793.69677734375,324.10028076171875,780.991943359375,2093.021240234375,382.3197937011719,0.0,874.766845703125,0.05312337353825569,7.373735427856445,73.27828979492188,0.0,0.0,0.0,348.9123229980469,348.9123229980469,124.17604064941406,139.12464904785156,117.5304946899414,0.0,0.0,0.0,124.17604064941406,139.12464904785156,117.5304946899414,0.0,0.0,0.0,15.716261863708496,20.088727951049805,13.772439002990723,0.0,0.0,0.0
222.0,51.05641174316406,40200.98046875,3813.3701171875,20458.75,15928.861328125,4158.7587890625,20.870624542236328,0.0,15671.3994140625,0.12373717129230499,26.64420509338379,1.4947699308395386,5.906426429748535,4.642171382904053,1.61630117893219,2.6226823329925537,6.701857566833496,0.0010583943221718073,0.24579118192195892,1.057409644126892,0.0,0.0,0.0,0.0,5771.48193359375,323.7866516113281,776.841552734375,2074.616455078125,360.6954040527344,0.0,817.2578735351562,0.04962380602955818,7.373735427856445,73.27848815917969,0.0,0.0,0.0,350.5429382324219,350.5429382324219,100.13066101074219,132.97601318359375,117.22539520263672,0.0,0.0,0.0,100.13066101074219,132.97601318359375,117.22539520263672,0.0,0.0,0.0,8.417593002319336,18.024860382080078,13.417803764343262,0.0,0.0,0.0
223.0,51.12814712524414,40211.3203125,3813.3701171875,20469.087890625,15928.861328125,4158.7587890625,21.176340103149414,0.0,15458.8720703125,0.12421102821826935,26.70235252380371,1.5005131959915161,5.906426429748535,4.6481146812438965,1.61630117893219,2.6226823329925537,6.703286170959473,0.0010583943221718073,0.24579118192195892,1.0574098825454712,0.0,0.0,0.0,0.0,5736.71240234375,322.36907958984375,772.122802734375,2043.7825927734375,352.2126159667969,0.0,752.7394409179688,0.04570196941494942,7.373735427856445,73.27851104736328,0.0,0.0,0.0,352.1343078613281,352.1343078613281,109.23191833496094,143.1912078857422,100.58148193359375,0.0,0.0,0.0,109.23191833496094,143.1912078857422,100.58148193359375,0.0,0.0,0.0,10.773995399475098,20.70708656311035,8.243742942810059,0.0,0.0,0.0
224.0,51.49676513671875,40564.609375,3813.3701171875,20822.376953125,15928.861328125,4158.7587890625,20.74896812438965,0.0,15902.79296875,0.12675151228904724,27.01323699951172,1.5323518514633179,5.906426429748535,4.66381311416626,1.61630117893219,2.6226823329925537,6.710940361022949,0.0010583943221718073,0.24579118192195892,1.0574103593826294,0.0,0.0,0.0,0.0,5874.19482421875,333.2193603515625,779.4752807617188,655.388671875,281.7114562988281,0.0,2324.84912109375,0.26827940344810486,14.74747085571289,94.21526336669922,0.0,0.0,0.0,353.7165832519531,353.7165832519531,161.591064453125,183.85653686523438,160.529541015625,0.0,0.0,0.0,161.591064453125,183.85653686523438,160.529541015625,0.0,0.0,0.0,26.516416549682617,33.02906799316406,26.205921173095703,0.0,0.0,0.0
225.0,52.29867172241211,41003.0546875,3813.3701171875,21260.82421875,15928.861328125,4158.7587890625,20.969810485839844,0.0,15907.7255859375,0.13231731951236725,27.693891525268555,1.6025930643081665,5.906426429748535,4.6924896240234375,1.61630117893219,2.6226823329925537,6.7277092933654785,0.0010583943221718073,0.24579118192195892,1.0574110746383667,0.0,0.0,0.0,0.0,5947.81884765625,344.1889953613281,773.0816040039062,846.77490234375,287.1746826171875,0.0,2051.636474609375,0.12436706572771072,14.74747085571289,94.21533203125,0.0,0.0,0.0,355.34637451171875,355.34637451171875,127.22069549560547,184.63909912109375,142.14036560058594,0.0,0.0,0.0,127.22069549560547,184.63909912109375,142.14036560058594,0.0,0.0,0.0,16.242244720458984,33.03712844848633,20.606246948242188,0.0,0.0,0.0
226.0,53.014827728271484,41141.78515625,3813.3701171875,21399.552734375,15928.861328125,4158.7587890625,20.754547119140625,0.5200840830802917,16122.3037109375,0.1373768299818039,28.311256408691406,1.6663384437561035,5.906426429748535,4.707231521606445,1.61630117893219,2.6226823329925537,6.7429518699646,0.0010583943221718073,0.24579118192195892,1.0574114322662354,0.0,0.0,0.0,0.0,6041.87353515625,355.6114196777344,770.0938110351562,714.929931640625,361.7695007324219,0.0,2149.1513671875,0.23368600010871887,14.74747085571289,94.21536254882812,0.0,0.0,0.0,357.0184631347656,357.0184631347656,166.8893280029297,184.47328186035156,166.04904174804688,0.0,0.0,0.0,166.8893280029297,184.47328186035156,166.04904174804688,0.0,0.0,0.0,27.540498733520508,32.68380355834961,27.294713973999023,0.0,0.0,0.0
227.0,53.82189178466797,41639.2734375,3813.3701171875,21897.04296875,15928.861328125,4158.7587890625,20.585065841674805,0.0,16443.33984375,0.14311087131500244,29.01017189025879,1.7387148141860962,5.906426429748535,4.719998359680176,1.61630117893219,2.6226823329925537,6.760226249694824,0.0010583943221718073,0.24579118192195892,1.0574116706848145,0.0,0.0,0.0,0.0,6126.48291015625,367.1886901855469,764.7792358398438,1910.4588623046875,628.5233154296875,0.0,810.6964721679688,0.04904039204120636,14.74747085571289,94.21538543701172,0.0,0.0,0.0,358.7457275390625,358.7457275390625,90.14299011230469,165.0219268798828,137.20616149902344,0.0,0.0,0.0,90.14299011230469,165.0219268798828,137.20616149902344,0.0,0.0,0.0,5.781759262084961,27.683849334716797,19.54773712158203,0.0,0.0,0.0
228.0,54.603797912597656,41798.61328125,3813.3701171875,22056.3828125,15928.861328125,4158.7587890625,20.20176124572754,0.0,16809.904296875,0.14866876602172852,29.687440872192383,1.8089228868484497,5.906426429748535,4.732126235961914,1.61630117893219,2.6226823329925537,6.7769694328308105,0.0010583943221718073,0.24579118192195892,1.0574119091033936,0.0,0.0,0.0,0.0,6273.18310546875,382.2392272949219,765.7711181640625,2029.4854736328125,628.7461547851562,0.0,773.8406372070312,0.046760689467191696,14.74747085571289,94.21540832519531,0.0,0.0,0.0,360.52301025390625,360.52301025390625,129.2924041748047,153.0029754638672,134.0796356201172,0.0,0.0,0.0,129.2924041748047,153.0029754638672,134.0796356201172,0.0,0.0,0.0,17.61626434326172,24.55160903930664,19.016530990600586,0.0,0.0,0.0
229.0,55.01925277709961,41978.60546875,3813.3701171875,22106.798828125,16058.4365234375,4158.7587890625,19.493919372558594,0.0,17476.189453125,0.15155190229415894,30.0386905670166,1.845483660697937,5.906426429748535,4.748198986053467,1.61630117893219,2.6226823329925537,6.7856550216674805,0.0010583943221718073,0.24579118192195892,1.057412028312683,0.0,0.0,0.0,0.0,6360.8056640625,390.7881164550781,767.1600341796875,2053.09912109375,1028.4215087890625,0.0,735.0379638671875,0.044391337782144547,4.631470680236816,69.2569808959961,0.0,0.0,0.0,362.34869384765625,362.34869384765625,73.79937744140625,124.70841979980469,114.8651123046875,0.0,0.0,0.0,73.79937744140625,124.70841979980469,114.8651123046875,0.0,0.0,0.0,2.0923984050750732,16.983293533325195,14.1041259765625,0.0,0.0,0.0
230.0,55.21227264404297,42265.796875,3813.3701171875,22131.521484375,16320.9072265625,4158.7587890625,19.48111915588379,0.0,17606.009765625,0.15289223194122314,30.201337814331055,1.862287163734436,5.906426429748535,4.7563958168029785,1.61630117893219,2.6226823329925537,6.789687633514404,0.0010583943221718073,0.24579118192195892,1.0574121475219727,0.0,0.0,0.0,0.0,6403.53466796875,394.85736083984375,768.005615234375,2066.549072265625,1029.0794677734375,0.0,757.052734375,0.045709047466516495,5.375373363494873,70.34795379638672,0.0,0.0,0.0,364.1893615722656,364.1893615722656,114.4997329711914,131.93472290039062,106.01648712158203,0.0,0.0,0.0,114.4997329711914,131.93472290039062,106.01648712158203,0.0,0.0,0.0,14.010053634643555,19.109786987304688,11.528702735900879,0.0,0.0,0.0
231.0,55.40135955810547,42432.63671875,3813.3701171875,22245.849609375,16373.41796875,4158.7587890625,20.15289306640625,0.0,17104.939453125,0.15422135591506958,30.362260818481445,1.8788827657699585,5.906426429748535,4.762640476226807,1.61630117893219,2.6226823329925537,6.793683052062988,0.0010583943221718073,0.24579118192195892,1.0574121475219727,0.0,0.0,0.0,0.0,6358.88427734375,393.5015869140625,761.1672973632812,2027.6700439453125,851.5158081054688,0.0,695.9202880859375,0.042007237672805786,1.722549319267273,65.11865997314453,0.0,0.0,0.0,365.9848327636719,365.9848327636719,119.27183532714844,138.7084503173828,118.67601776123047,0.0,0.0,0.0,119.27183532714844,138.7084503173828,118.67601776123047,0.0,0.0,0.0,14.734119415283203,20.419328689575195,14.559842109680176,0.0,0.0,0.0
232.0,55.605567932128906,42493.671875,3813.3701171875,22306.88671875,16373.41796875,4158.7587890625,20.163496017456055,0.0,17122.638671875,0.15564775466918945,30.534852981567383,1.8968312740325928,5.906426429748535,4.770593166351318,1.61630117893219,2.6226823329925537,6.797970294952393,0.0010583943221718073,0.24579118192195892,1.0574121475219727,0.0,0.0,0.0,0.0,6446.67431640625,400.4687194824219,765.9517211914062,2101.2021484375,528.612060546875,0.0,842.1419067382812,0.05081959441304207,7.357623100280762,73.2550277709961,0.0,0.0,0.0,367.7346496582031,367.7346496582031,124.86848449707031,143.846435546875,128.6563262939453,0.0,0.0,0.0,124.86848449707031,143.846435546875,128.6563262939453,0.0,0.0,0.0,16.360536575317383,21.911584854125977,17.46847915649414,0.0,0.0,0.0
233.0,55.73641586303711,42514.9296875,3813.3701171875,22328.142578125,16373.41796875,4158.7587890625,21.131561279296875,0.0,16373.6943359375,0.1565287560224533,30.641416549682617,1.9079749584197998,5.906426429748535,4.780204772949219,1.61630117893219,2.6226823329925537,6.8006181716918945,0.0010583943221718073,0.24579118192195892,1.0574121475219727,0.0,0.0,0.0,0.0,6339.763671875,394.763427734375,754.643798828125,2024.942626953125,372.77252197265625,0.0,708.74609375,0.04276254400610924,0.4453026354312897,63.40702819824219,0.0,0.0,0.0,369.44873046875,369.44873046875,122.44776153564453,136.0915069580078,119.73408508300781,0.0,0.0,0.0,122.44776153564453,136.0915069580078,119.73408508300781,0.0,0.0,0.0,14.684408187866211,18.67520523071289,13.89065933227539,0.0,0.0,0.0
234.0,55.8035888671875,42525.16015625,3813.3701171875,22338.373046875,16373.41796875,4158.7587890625,21.394113540649414,0.0,16185.6953125,0.15696391463279724,30.694049835205078,1.9134466648101807,5.906426429748535,4.78753137588501,1.61630117893219,2.6226823329925537,6.801926136016846,0.0010583943221718073,0.24579118192195892,1.0574121475219727,0.0,0.0,0.0,0.0,6311.3212890625,393.44354248046875,751.1868896484375,1997.0010986328125,351.8930358886719,0.0,663.5497436523438,0.04003226384520531,0.0,62.810279846191406,0.0,0.0,0.0,371.0981750488281,371.0981750488281,109.44986724853516,131.59249877929688,100.86676025390625,0.0,0.0,0.0,109.44986724853516,131.59249877929688,100.86676025390625,0.0,0.0,0.0,10.619973182678223,17.096691131591797,8.109414100646973,0.0,0.0,0.0
235.0,55.835636138916016,42528.3984375,3813.3701171875,22341.611328125,16373.41796875,4169.80615234375,21.703798294067383,0.0,15966.1689453125,0.15719154477119446,30.721525192260742,1.9162155389785767,5.906426429748535,4.788422107696533,1.61630117893219,2.6226823329925537,6.802609443664551,0.0010583943221718073,0.24579118192195892,1.0574121475219727,0.0,0.0,0.0,0.0,6271.20654296875,391.1584167480469,747.1390380859375,1958.300048828125,343.8057861328125,0.0,607.31201171875,0.036637794226408005,0.0,62.810279846191406,0.0,0.0,0.0,372.7065124511719,372.7065124511719,101.00833892822266,134.12164306640625,103.0653076171875,0.0,0.0,0.0,101.00833892822266,134.12164306640625,103.0653076171875,0.0,0.0,0.0,7.8411407470703125,17.52678108215332,8.442804336547852,0.0,0.0,0.0
236.0,56.191593170166016,42887.16015625,3813.3701171875,22700.373046875,16373.41796875,4169.80615234375,21.257810592651367,0.0,16424.640625,0.1597556322813034,31.03025245666504,1.9481403827667236,5.906426429748535,4.793466567993164,1.61630117893219,2.6226823329925537,6.810307502746582,0.0010583943221718073,0.24579118192195892,1.0574121475219727,0.0,0.0,0.0,0.0,6410.28759765625,402.45050048828125,754.0398559570312,1996.4400634765625,274.9202880859375,0.0,741.8480834960938,0.04473192244768143,14.74747085571289,94.21542358398438,0.0,0.0,0.0,374.2983703613281,374.2983703613281,136.8177032470703,154.95364379882812,132.1881561279297,0.0,0.0,0.0,136.8177032470703,154.95364379882812,132.1881561279297,0.0,0.0,0.0,18.761369705200195,24.06612777709961,17.4072265625,0.0,0.0,0.0
237.0,57.004783630371094,43337.28125,3813.3701171875,23150.4921875,16373.41796875,4169.80615234375,21.477304458618164,0.0,16429.716796875,0.16562746465206146,31.736892700195312,2.021430253982544,5.906426429748535,4.803224086761475,1.61630117893219,2.6226823329925537,6.827935695648193,0.0010583943221718073,0.24579118192195892,1.0574121475219727,0.0,0.0,0.0,0.0,6486.11376953125,413.1225891113281,748.6629638671875,690.4663696289062,280.51239013671875,0.0,1962.743896484375,0.20791371166706085,14.74747085571289,94.21542358398438,0.0,0.0,0.0,375.9180908203125,375.9180908203125,165.22547912597656,177.50320434570312,163.29159545898438,0.0,0.0,0.0,165.22547912597656,177.50320434570312,163.29159545898438,0.0,0.0,0.0,26.85114860534668,30.442384719848633,26.28548812866211,0.0,0.0,0.0
238.0,57.73681640625,43479.69921875,3813.3701171875,23292.912109375,16373.41796875,4169.80615234375,21.25441551208496,0.0,16651.318359375,0.17095015943050385,32.37608337402344,2.087763547897339,5.906426429748535,4.8084330558776855,1.61630117893219,2.6226823329925537,6.843914985656738,0.0010583943221718073,0.24579118192195892,1.0574121475219727,0.0,0.0,0.0,0.0,6584.91650390625,424.6266784667969,746.489501953125,1841.909912109375,353.6571044921875,0.0,777.7967529296875,0.04679866135120392,14.74747085571289,94.21542358398438,0.0,0.0,0.0,377.5717468261719,377.5717468261719,136.3039093017578,166.41159057617188,155.25653076171875,0.0,0.0,0.0,136.3039093017578,166.41159057617188,155.25653076171875,0.0,0.0,0.0,18.614477157592773,27.42097282409668,24.15812110900879,0.0,0.0,0.0
239.0,58.52863311767578,43953.109375,3813.3701171875,23766.322265625,16373.41796875,4169.80615234375,21.055309295654297,0.0,16982.875,0.17672547698020935,33.06888961791992,2.15979266166687,5.906426429748535,4.8123016357421875,1.61630117893219,2.6226823329925537,6.861253261566162,0.0010583943221718073,0.24579118192195892,1.0574121475219727,0.0,0.0,0.0,0.0,6675.0654296875,435.96136474609375,742.7568969726562,1881.63037109375,615.3441772460938,0.0,600.2658081054688,0.03607694432139397,14.74747085571289,94.21542358398438,0.0,0.0,0.0,379.28369140625,379.28369140625,147.31031799316406,162.90310668945312,137.525146484375,0.0,0.0,0.0,147.31031799316406,162.90310668945312,137.525146484375,0.0,0.0,0.0,22.032957077026367,26.593847274780273,19.17079734802246,0.0,0.0,0.0
240.0,59.27846908569336,44102.90234375,3813.3701171875,23916.11328125,16373.41796875,4169.80615234375,20.671125411987305,0.0,17347.669921875,0.18218465149402618,33.723594665527344,2.2279465198516846,5.906426429748535,4.817431926727295,1.61630117893219,2.6226823329925537,6.8776421546936035,0.0010583943221718073,0.24579118192195892,1.0574121475219727,0.0,0.0,0.0,0.0,6818.63427734375,450.4725341796875,744.155029296875,1937.37744140625,615.8639526367188,0.0,656.7772827148438,0.03943215683102608,7.373735427856445,73.2786636352539,0.0,0.0,0.0,381.0526123046875,381.0526123046875,119.11302185058594,142.7713623046875,122.59503936767578,0.0,0.0,0.0,119.11302185058594,142.7713623046875,122.59503936767578,0.0,0.0,0.0,14.16943359375,21.089496612548828,15.187922477722168,0.0,0.0,0.0
241.0,59.675376892089844,44278.71484375,3813.3701171875,23965.255859375,16500.087890625,4169.80615234375,19.939775466918945,0.0,18035.248046875,0.18506741523742676,34.06926345825195,2.263927936553955,5.906426429748535,4.8211517333984375,1.61630117893219,2.6226823329925537,6.88629674911499,0.0010583943221718073,0.24579118192195892,1.0574121475219727,0.0,0.0,0.0,0.0,6916.42822265625,459.601806640625,746.4434204101562,1944.1378173828125,1008.2626342773438,0.0,627.5726318359375,0.037657976150512695,0.0,62.810279846191406,0.0,0.0,0.0,382.8682861328125,382.8682861328125,69.19915771484375,123.79840087890625,83.84371185302734,0.0,0.0,0.0,69.19915771484375,123.79840087890625,83.84371185302734,0.0,0.0,0.0,0.3009781837463379,16.271257400512695,4.584511756896973,0.0,0.0,0.0
242.0,59.85279083251953,44561.60546875,3813.3701171875,23980.8046875,16767.4296875,4169.80615234375,19.917516708374023,0.0,18169.203125,0.18635399639606476,34.2235221862793,2.279968500137329,5.906426429748535,4.823115825653076,1.61630117893219,2.6226823329925537,6.8901591300964355,0.0010583943221718073,0.24579118192195892,1.0574121475219727,0.0,0.0,0.0,0.0,6959.0048828125,463.6083679199219,747.4075927734375,1958.7659912109375,1009.0452270507812,0.0,653.0119018554688,0.03917483612895012,0.0,62.810279846191406,0.0,0.0,0.0,384.6990051269531,384.6990051269531,114.92369079589844,132.4041290283203,105.45545196533203,0.0,0.0,0.0,114.92369079589844,132.4041290283203,105.45545196533203,0.0,0.0,0.0,13.697663307189941,18.810691833496094,10.928202629089355,0.0,0.0,0.0
243.0,59.92532730102539,44619.99609375,3813.3701171875,23985.724609375,16820.90234375,4169.80615234375,20.55059814453125,0.0,17652.08984375,0.18687939643859863,34.28651428222656,2.286515235900879,5.906426429748535,4.824010372161865,1.61630117893219,2.6226823329925537,6.8917365074157715,0.0010583943221718073,0.24579118192195892,1.0574121475219727,0.0,0.0,0.0,0.0,6896.64013671875,459.9263610839844,741.5123291015625,1912.2186279296875,835.6015625,0.0,597.9340209960938,0.035867057740688324,0.0,59.71409606933594,0.0,0.0,0.0,386.4930114746094,386.4930114746094,122.02198791503906,138.99606323242188,124.82186889648438,0.0,0.0,0.0,122.02198791503906,138.99606323242188,124.82186889648438,0.0,0.0,0.0,15.140833854675293,20.105749130249023,15.959798812866211,0.0,0.0,0.0
244.0,59.95346450805664,44621.5546875,3813.3701171875,23987.28125,16820.90234375,4169.80615234375,20.532522201538086,0.0,17670.322265625,0.1870507448911667,34.30704879760742,2.288699150085449,5.906426429748535,4.828745365142822,1.61630117893219,2.6226823329925537,6.892251014709473,0.0010583943221718073,0.24579118192195892,1.0574121475219727,0.0,0.0,0.0,0.0,6963.04443359375,464.5201110839844,746.5584716796875,2007.432373046875,518.9061279296875,0.0,750.7947387695312,0.045034945011138916,0.0,62.810279846191406,0.0,0.0,0.0,388.2452697753906,388.2452697753906,119.61502075195312,142.50999450683594,126.29216003417969,0.0,0.0,0.0,119.61502075195312,142.50999450683594,126.29216003417969,0.0,0.0,0.0,14.454872131347656,21.15165138244629,16.407934188842773,0.0,0.0,0.0
245.0,59.968284606933594,44626.51171875,3813.3701171875,23992.240234375,16820.90234375,4169.80615234375,21.510639190673828,0.0,16897.40625,0.18710877001285553,34.314002990722656,2.2894341945648193,5.906426429748535,4.835643768310547,1.61630117893219,2.6226823329925537,6.892425060272217,0.0010583943221718073,0.24579118192195892,1.0574121475219727,0.0,0.0,0.0,0.0,6837.25244140625,456.18231201171875,736.4782104492188,1915.1214599609375,366.2949523925781,0.0,619.42529296875,0.03715459629893303,0.0,60.97898483276367,0.0,0.0,0.0,389.96551513671875,389.96551513671875,119.96382141113281,135.6487274169922,121.7835693359375,0.0,0.0,0.0,119.96382141113281,135.6487274169922,121.7835693359375,0.0,0.0,0.0,13.578777313232422,18.166614532470703,14.111053466796875,0.0,0.0,0.0
246.0,59.982391357421875,44632.453125,3813.3701171875,23998.1796875,16820.90234375,4169.80615234375,21.775711059570312,0.0,16703.375,0.1872081756591797,34.325897216796875,2.290541410446167,5.906426429748535,4.836348533630371,1.61630117893219,2.6226823329925537,6.892723083496094,0.0010583943221718073,0.24579118192195892,1.0574121475219727,0.0,0.0,0.0,0.0,6802.634765625,453.9347229003906,733.5120849609375,1885.4427490234375,345.9234619140625,0.0,581.4642944335938,0.03487691655755043,0.0,56.46864700317383,0.0,0.0,0.0,391.6260070800781,391.6260070800781,107.6196517944336,127.20262908935547,125.91553497314453,0.0,0.0,0.0,107.6196517944336,127.20262908935547,125.91553497314453,0.0,0.0,0.0,9.703036308288574,15.431057929992676,15.054582595825195,0.0,0.0,0.0
247.0,60.1846923828125,44834.48828125,3813.3701171875,24200.21484375,16820.90234375,4517.32958984375,22.189434051513672,0.0,16476.8125,0.1886625587940216,34.49945068359375,2.3085124492645264,5.906426429748535,4.841312408447266,1.61630117893219,2.6226823329925537,6.897083282470703,0.0010583943221718073,0.24579118192195892,1.0574121475219727,0.0,0.0,0.0,0.0,6776.52880859375,453.44781494140625,728.8197021484375,1834.8267822265625,337.744384765625,0.0,521.4414672851562,0.03126797452569008,0.0,52.34189987182617,0.0,0.0,0.0,393.2518005371094,393.2518005371094,113.81456756591797,125.80887603759766,108.75642395019531,0.0,0.0,0.0,113.81456756591797,125.80887603759766,108.75642395019531,0.0,0.0,0.0,11.101326942443848,14.609663963317871,9.621820449829102,0.0,0.0,0.0
248.0,60.77301025390625,45223.5703125,3813.3701171875,24589.298828125,16820.90234375,4517.32958984375,21.73813819885254,0.0,16949.931640625,0.1929360181093216,35.00844955444336,2.3613781929016113,5.906426429748535,4.850682735443115,1.61630117893219,2.6226823329925537,6.909895420074463,0.0010583943221718073,0.24579118192195892,1.0574121475219727,0.0,0.0,0.0,0.0,6939.458984375,468.0780944824219,734.0930786132812,1914.8702392578125,269.6889343261719,0.0,635.5338745117188,0.03807833418250084,0.0,60.4961051940918,0.0,0.0,0.0,394.8590087890625,394.8590087890625,107.6657485961914,143.0175323486328,106.45901489257812,0.0,0.0,0.0,107.6657485961914,143.0175323486328,106.45901489257812,0.0,0.0,0.0,9.7540922164917,20.0944881439209,9.401122093200684,0.0,0.0,0.0
249.0,61.687294006347656,45678.6796875,3813.3701171875,25044.408203125,16820.90234375,4517.32958984375,21.953134536743164,0.0,16955.150390625,0.1995994597673416,35.80158233642578,2.443882465362549,5.906426429748535,4.862685203552246,1.61630117893219,2.6226823329925537,6.929872512817383,0.0010583943221718073,0.24579118192195892,1.0574121475219727,0.0,0.0,0.0,0.0,7024.162109375,479.4823303222656,729.0862426757812,897.4796142578125,275.2642822265625,0.0,1530.6937255859375,0.09159574657678604,7.373735427856445,80.51496887207031,0.0,0.0,0.0,396.4833984375,396.4833984375,135.74835205078125,174.77528381347656,105.33515167236328,0.0,0.0,0.0,135.74835205078125,174.77528381347656,105.33515167236328,0.0,0.0,0.0,17.75325584411621,29.16863441467285,8.85739803314209,0.0,0.0,0.0
250.0,62.456573486328125,45822.6796875,3813.3701171875,25188.40625,16820.90234375,4517.32958984375,21.722084045410156,0.0,17183.8203125,0.20524704456329346,36.472293853759766,2.5136828422546387,5.906426429748535,4.8688740730285645,1.61630117893219,2.6226823329925537,6.946803569793701,0.0010583943221718073,0.24579118192195892,1.0574121475219727,0.0,0.0,0.0,0.0,7128.607421875,491.3060302734375,727.4373168945312,871.3871459960938,347.2194519042969,0.0,1513.1490478515625,0.09044836461544037,10.029260635375977,87.30569458007812,0.0,0.0,0.0,398.1282958984375,398.1282958984375,141.6784210205078,174.29495239257812,146.96339416503906,0.0,0.0,0.0,141.6784210205078,174.29495239257812,146.96339416503906,0.0,0.0,0.0,19.718852996826172,29.259191513061523,21.264707565307617,0.0,0.0,0.0
251.0,63.2360954284668,46269.6875,3813.3701171875,25635.416015625,16820.90234375,4517.32958984375,21.494050979614258,0.0,17525.955078125,0.2109808325767517,37.15245056152344,2.584590196609497,5.906426429748535,4.87440824508667,1.61630117893219,2.6226823329925537,6.963993549346924,0.0010583943221718073,0.24579118192195892,1.0574121475219727,0.0,0.0,0.0,0.0,7217.888671875,502.1279602050781,724.877685546875,1750.788330078125,604.4921875,0.0,513.96435546875,0.030688675120472908,7.373735427856445,83.74703979492188,0.0,0.0,0.0,399.8240051269531,399.8240051269531,136.18618774414062,154.780517578125,121.66741180419922,0.0,0.0,0.0,136.18618774414062,154.780517578125,121.66741180419922,0.0,0.0,0.0,18.340410232543945,23.779251098632812,14.09366512298584,0.0,0.0,0.0
252.0,63.95557403564453,46412.5625,3813.3701171875,25778.2890625,16820.90234375,4517.32958984375,21.111059188842773,0.0,17888.96484375,0.21626929938793182,37.77959442138672,2.650020122528076,5.906426429748535,4.880169868469238,1.61630117893219,2.6226823329925537,6.979848384857178,0.0010583943221718073,0.24579118192195892,1.0574121475219727,0.0,0.0,0.0,0.0,7359.82958984375,516.24951171875,726.5482788085938,1823.0615234375,605.3314819335938,0.0,564.663818359375,0.03368208184838295,0.0,52.34189987182617,0.0,0.0,0.0,401.5700988769531,401.5700988769531,123.07695007324219,135.78985595703125,115.19032287597656,0.0,0.0,0.0,123.07695007324219,135.78985595703125,115.19032287597656,0.0,0.0,0.0,14.88895034790039,18.607473373413086,12.582112312316895,0.0,0.0,0.0
253.0,64.334228515625,46581.84765625,3813.3701171875,25823.830078125,16944.646484375,4517.32958984375,20.35654067993164,0.0,18597.984375,0.21905077993869781,38.10938262939453,2.6844167709350586,5.906426429748535,4.883514881134033,1.61630117893219,2.6226823329925537,6.988187313079834,0.0010583943221718073,0.24579118192195892,1.0574121475219727,0.0,0.0,0.0,0.0,7463.7265625,525.7432861328125,729.51416015625,1816.5462646484375,991.5123291015625,0.0,544.8309326171875,0.032481901347637177,0.0,51.95060729980469,0.0,0.0,0.0,403.3536376953125,403.3536376953125,82.02574920654297,118.78441619873047,85.41712951660156,0.0,0.0,0.0,82.02574920654297,118.78441619873047,85.41712951660156,0.0,0.0,0.0,3.6359925270080566,14.387900352478027,4.627969264984131,0.0,0.0,0.0
254.0,64.50206756591797,46868.49609375,3813.3701171875,25838.23828125,17216.888671875,4517.32958984375,20.328834533691406,0.0,18736.091796875,0.2202831506729126,38.25548553466797,2.6996498107910156,5.906426429748535,4.885092258453369,1.61630117893219,2.6226823329925537,6.991881847381592,0.0010583943221718073,0.24579118192195892,1.0574121475219727,0.0,0.0,0.0,0.0,7508.02978515625,529.8338623046875,730.5552978515625,1832.6458740234375,992.5554809570312,0.0,569.092041015625,0.033920373767614365,0.0,52.34189987182617,0.0,0.0,0.0,405.1485900878906,405.1485900878906,104.6947021484375,132.89801025390625,110.26549530029297,0.0,0.0,0.0,104.6947021484375,132.89801025390625,110.26549530029297,0.0,0.0,0.0,10.294364929199219,18.543834686279297,11.923821449279785,0.0,0.0,0.0
255.0,64.57036590576172,46927.4921875,3813.3701171875,25842.798828125,17271.326171875,4517.32958984375,20.974231719970703,0.0,18202.818359375,0.2207845151424408,38.314918518066406,2.705845594406128,5.906426429748535,4.8857622146606445,1.61630117893219,2.6226823329925537,6.993384838104248,0.0010583943221718073,0.24579118192195892,1.0574121475219727,0.0,0.0,0.0,0.0,7431.7548828125,524.8394775390625,724.8653564453125,1784.84765625,821.4168090820312,0.0,518.594970703125,0.030907591804862022,0.0,47.7712516784668,0.0,0.0,0.0,406.9136962890625,406.9136962890625,112.68563079833984,138.1165771484375,108.71424102783203,0.0,0.0,0.0,112.68563079833984,138.1165771484375,108.71424102783203,0.0,0.0,0.0,11.98631477355957,19.424867630004883,10.824685096740723,0.0,0.0,0.0
256.0,64.59678649902344,46928.9375,3813.3701171875,25844.240234375,17271.326171875,4517.32958984375,20.95555305480957,0.0,18221.607421875,0.22094213962554932,38.333595275878906,2.707850694656372,5.906426429748535,4.890869617462158,1.61630117893219,2.6226823329925537,6.993857383728027,0.0010583943221718073,0.24579118192195892,1.0574121475219727,0.0,0.0,0.0,0.0,7504.8076171875,530.1328735351562,729.1898193359375,1882.994873046875,510.34381103515625,0.0,654.5225830078125,0.039007555693387985,0.0,53.02082443237305,0.0,0.0,0.0,408.6401672363281,408.6401672363281,125.47103118896484,142.8103790283203,119.83261108398438,0.0,0.0,0.0,125.47103118896484,142.8103790283203,119.83261108398438,0.0,0.0,0.0,15.744722366333008,20.81648063659668,14.095484733581543,0.0,0.0,0.0
257.0,64.61161041259766,47166.85546875,4045.669921875,25849.861328125,17271.326171875,4517.32958984375,22.063295364379883,0.0,17424.55078125,0.22099630534648895,38.34001159667969,2.708531379699707,5.906426429748535,4.898377895355225,1.61630117893219,2.6226823329925537,6.994019985198975,0.0010583943221718073,0.24579118192195892,1.0574121475219727,0.0,0.0,0.0,0.0,7359.36279296875,519.9024047851562,719.56689453125,1785.5035400390625,359.91546630859375,0.0,533.2948608398438,0.031782425940036774,0.0,48.89317321777344,0.0,0.0,0.0,410.3400573730469,410.3400573730469,113.35723114013672,138.5427703857422,128.96554565429688,0.0,0.0,0.0,113.35723114013672,138.5427703857422,128.96554565429688,0.0,0.0,0.0,11.093693733215332,18.460464477539062,15.659128189086914,0.0,0.0,0.0
258.0,64.62693786621094,47173.55859375,4045.669921875,25856.564453125,17271.326171875,4517.32958984375,22.33545684814453,0.0,17224.458984375,0.22110433876514435,38.35276412963867,2.709707021713257,5.906426429748535,4.899352073669434,1.61630117893219,2.6226823329925537,6.994342803955078,0.0010583943221718073,0.24579118192195892,1.0574121475219727,0.0,0.0,0.0,0.0,7318.44189453125,517.0640258789062,716.7723388671875,1754.958740234375,339.77392578125,0.0,498.66650390625,0.029718060046434402,0.0,44.33815002441406,0.0,0.0,0.0,411.9869384765625,411.9869384765625,117.05335235595703,125.2448501586914,114.6786880493164,0.0,0.0,0.0,117.05335235595703,125.2448501586914,114.6786880493164,0.0,0.0,0.0,11.902647972106934,14.298661231994629,11.208060264587402,0.0,0.0,0.0
259.0,64.81009674072266,47354.578125,4045.669921875,26037.583984375,17271.326171875,4517.32958984375,22.744348526000977,0.0,16990.802734375,0.22243474423885345,38.509403228759766,2.725939989089966,5.906426429748535,4.904330730438232,1.61630117893219,2.6226823329925537,6.99831485748291,0.0010583943221718073,0.24579118192195892,1.0574121475219727,0.0,0.0,0.0,0.0,7278.05029296875,515.1865844726562,712.564697265625,1699.700439453125,331.5070495605469,0.0,452.13299560546875,0.026938101276755333,0.0,41.87351989746094,0.0,0.0,0.0,413.60430908203125,413.60430908203125,120.18811798095703,117.21298217773438,110.70092010498047,0.0,0.0,0.0,120.18811798095703,117.21298217773438,110.70092010498047,0.0,0.0,0.0,12.410676002502441,11.540449142456055,9.635672569274902,0.0,0.0,0.0
260.0,65.39537811279297,47763.328125,4045.669921875,26446.333984375,17271.326171875,4517.32958984375,22.280181884765625,0.0,17478.662109375,0.22673575580120087,39.01496887207031,2.778576135635376,5.906426429748535,4.914264678955078,1.61630117893219,2.6226823329925537,7.0111565589904785,0.0010583943221718073,0.24579118192195892,1.0574121475219727,0.0,0.0,0.0,0.0,7455.26220703125,530.9503784179688,717.7147827148438,1789.666015625,265.0558776855469,0.0,550.2201538085938,0.032755471765995026,0.0,49.15226364135742,0.0,0.0,0.0,415.2051696777344,415.2051696777344,120.64828491210938,131.19459533691406,105.3303451538086,0.0,0.0,0.0,120.64828491210938,131.19459533691406,105.3303451538086,0.0,0.0,0.0,13.009441375732422,16.09423828125,8.52894401550293,0.0,0.0,0.0
261.0,66.34375,48239.6171875,4045.669921875,26922.623046875,17271.326171875,4517.32958984375,22.498397827148438,0.06865385919809341,17484.0234375,0.23372937738895416,39.83660125732422,2.8642566204071045,5.906426429748535,4.927458763122559,1.61630117893219,2.6226823329925537,7.032037734985352,0.0010583943221718073,0.24579118192195892,1.0574121475219727,0.0,0.0,0.0,0.0,7529.822265625,541.3951416015625,713.3163452148438,1710.4334716796875,270.3425598144531,0.0,514.06005859375,0.030562421306967735,7.373735427856445,73.2786636352539,0.0,0.0,0.0,416.81787109375,416.81787109375,118.98045349121094,147.58966064453125,122.20037841796875,0.0,0.0,0.0,118.98045349121094,147.58966064453125,122.20037841796875,0.0,0.0,0.0,12.234732627868652,20.60292625427246,13.176559448242188,0.0,0.0,0.0
262.0,67.14616394042969,48390.3203125,4045.669921875,27073.32421875,17271.326171875,4517.32958984375,22.260656356811523,0.0,17719.798828125,0.23968929052352905,40.53533935546875,2.9371490478515625,5.906426429748535,4.934480667114258,1.61630117893219,2.6226823329925537,7.049832344055176,0.0010583943221718073,0.24579118192195892,1.0574121475219727,0.0,0.0,0.0,0.0,7628.85986328125,552.7793579101562,712.068115234375,1694.6767578125,340.794921875,0.0,507.38262939453125,0.03013150952756405,7.373735427856445,73.2786636352539,0.0,0.0,0.0,418.4393615722656,418.4393615722656,125.77367401123047,165.53555297851562,101.73201751708984,0.0,0.0,0.0,125.77367401123047,165.53555297851562,101.73201751708984,0.0,0.0,0.0,14.528141975402832,26.15849494934082,7.4959588050842285,0.0,0.0,0.0
263.0,67.92339324951172,48818.72265625,4045.669921875,27501.728515625,17271.326171875,4517.32958984375,22.006847381591797,0.0,18072.58984375,0.24548280239105225,41.213802337646484,3.0080323219299316,5.906426429748535,4.939276218414307,1.61630117893219,2.6226823329925537,7.067130088806152,0.0010583943221718073,0.24579118192195892,1.0574121475219727,0.0,0.0,0.0,0.0,7708.73046875,562.6296997070312,710.3118896484375,1638.7686767578125,592.9600830078125,0.0,459.13336181640625,0.027236443012952805,7.373735427856445,73.2786636352539,0.0,0.0,0.0,420.10260009765625,420.10260009765625,129.9884033203125,149.51275634765625,114.64253997802734,0.0,0.0,0.0,129.9884033203125,149.51275634765625,114.64253997802734,0.0,0.0,0.0,16.014760971069336,21.725635528564453,11.526095390319824,0.0,0.0,0.0
264.0,68.62114715576172,48954.2734375,4045.669921875,27637.27734375,17271.326171875,4517.32958984375,21.623491287231445,0.0,18433.78125,0.2506885230541229,41.823246002197266,3.0717594623565674,5.906426429748535,4.943111896514893,1.61630117893219,2.6226823329925537,7.082673072814941,0.0010583943221718073,0.24579118192195892,1.0574121475219727,0.0,0.0,0.0,0.0,7850.8388671875,576.6144409179688,712.0973510742188,1715.6392822265625,594.0753784179688,0.0,503.62677001953125,0.029846645891666412,0.0,41.87351989746094,0.0,0.0,0.0,421.8111572265625,421.8111572265625,101.27780151367188,128.69847106933594,111.14134216308594,0.0,0.0,0.0,101.27780151367188,128.69847106933594,111.14134216308594,0.0,0.0,0.0,8.000265121459961,16.020809173583984,10.885351181030273,0.0,0.0,0.0
265.0,68.9848861694336,49117.94140625,4045.669921875,27680.166015625,17392.103515625,4517.32958984375,20.843671798706055,0.0,19164.359375,0.25340381264686584,42.14107131958008,3.1049981117248535,5.906426429748535,4.944961071014404,1.61630117893219,2.6226823329925537,7.090779781341553,0.0010583943221718073,0.24579118192195892,1.0574121475219727,0.0,0.0,0.0,0.0,7963.1015625,586.7296142578125,715.521728515625,1710.765380859375,973.6642456054688,0.0,493.47119140625,0.029229886829853058,0.0,41.87351989746094,0.0,0.0,0.0,423.5521240234375,423.5521240234375,96.91285705566406,118.9928970336914,94.97689819335938,0.0,0.0,0.0,96.91285705566406,118.9928970336914,94.97689819335938,0.0,0.0,0.0,7.5033392906188965,13.961750984191895,6.937071323394775,0.0,0.0,0.0
266.0,69.14521026611328,49408.66796875,4045.669921875,27693.736328125,17669.26171875,4517.32958984375,20.810211181640625,0.0,19306.654296875,0.2546010911464691,42.28119659423828,3.1196532249450684,5.906426429748535,4.945730686187744,1.61630117893219,2.6226823329925537,7.094354629516602,0.0010583943221718073,0.24579118192195892,1.0574121475219727,0.0,0.0,0.0,0.0,8009.80517578125,590.9912109375,716.6031494140625,1730.6937255859375,974.9578857421875,0.0,514.2941284179688,0.030456451699137688,0.0,41.87351989746094,0.0,0.0,0.0,425.3063049316406,425.3063049316406,108.73826599121094,133.94639587402344,118.33946990966797,0.0,0.0,0.0,108.73826599121094,133.94639587402344,118.33946990966797,0.0,0.0,0.0,10.995732307434082,18.369110107421875,13.804083824157715,0.0,0.0,0.0
267.0,69.21025085449219,49468.37109375,4045.669921875,27698.029296875,17724.669921875,4517.32958984375,21.4700927734375,0.0,18757.115234375,0.255062073469162,42.335140228271484,3.125338315963745,5.906426429748535,4.949305057525635,1.61630117893219,2.6226823329925537,7.095731258392334,0.0010583943221718073,0.24579118192195892,1.0574121475219727,0.0,0.0,0.0,0.0,7918.87451171875,584.6008911132812,711.1080932617188,1675.9007568359375,806.306396484375,0.0,468.66741943359375,0.027752047404646873,0.0,41.87351989746094,0.0,0.0,0.0,427.0389709472656,427.0389709472656,120.5015640258789,139.2852325439453,107.13270568847656,0.0,0.0,0.0,120.5015640258789,139.2852325439453,107.13270568847656,0.0,0.0,0.0,13.77661418914795,19.270835876464844,9.866222381591797,0.0,0.0,0.0
268.0,69.23809814453125,49472.59375,4045.669921875,27702.251953125,17724.669921875,4517.32958984375,21.4520263671875,0.0,18776.455078125,0.255217969417572,42.35337829589844,3.127288818359375,5.906426429748535,4.956342697143555,1.61630117893219,2.6226823329925537,7.09619665145874,0.0010583943221718073,0.24579118192195892,1.0574121475219727,0.0,0.0,0.0,0.0,8004.359375,591.02587890625,714.8687133789062,1783.596435546875,501.4646911621094,0.0,579.0350341796875,0.03428645059466362,0.0,44.29893112182617,0.0,0.0,0.0,428.74139404296875,428.74139404296875,124.18350219726562,142.46620178222656,110.0008773803711,0.0,0.0,0.0,124.18350219726562,142.46620178222656,110.0008773803711,0.0,0.0,0.0,14.871648788452148,20.219337463378906,10.723230361938477,0.0,0.0,0.0
269.0,69.25579833984375,49478.5625,4045.669921875,27708.220703125,17724.669921875,4517.32958984375,22.47534942626953,0.0,17955.109375,0.2552827000617981,42.36095428466797,3.1280739307403564,5.906426429748535,4.965424537658691,1.61630117893219,2.6226823329925537,7.0963897705078125,0.0010583943221718073,0.24579118192195892,1.0574121475219727,0.0,0.0,0.0,0.0,7832.42919921875,578.3726806640625,705.6347045898438,1675.86767578125,353.0826721191406,0.0,476.4737243652344,0.02821313589811325,0.0,41.87351989746094,0.0,0.0,0.0,430.42156982421875,430.42156982421875,119.53692626953125,141.00755310058594,109.58724212646484,0.0,0.0,0.0,119.53692626953125,141.00755310058594,109.58724212646484,0.0,0.0,0.0,12.489200592041016,18.769359588623047,9.578919410705566,0.0,0.0,0.0
270.0,69.27226257324219,49485.2265625,4045.669921875,27714.884765625,17724.669921875,4517.32958984375,22.752504348754883,0.0,17748.904296875,0.2553991973400116,42.374488830566406,3.129328966140747,5.906426429748535,4.9666361808776855,1.61630117893219,2.6226823329925537,7.096736907958984,0.0010583943221718073,0.24579118192195892,1.0574121475219727,0.0,0.0,0.0,0.0,7784.97607421875,574.9154663085938,702.9843139648438,1636.8682861328125,333.1976318359375,0.0,444.73114013671875,0.026332980021834373,0.0,45.53574752807617,0.0,0.0,0.0,432.0539245605469,432.0539245605469,120.29193878173828,129.93211364746094,113.81146240234375,0.0,0.0,0.0,120.29193878173828,129.93211364746094,113.81146240234375,0.0,0.0,0.0,12.43288803100586,15.252636909484863,10.537347793579102,0.0,0.0,0.0
271.0,69.4375228881836,49647.20703125,4045.669921875,27876.8671875,17724.669921875,4742.17333984375,23.15613555908203,0.0,17508.119140625,0.25655636191368103,42.50859451293945,3.1431691646575928,5.914880752563477,4.970893383026123,1.61630117893219,2.6226823329925537,7.100184917449951,0.0010583943221718073,0.24579118192195892,1.0574121475219727,0.0,0.0,0.0,0.0,7735.21826171875,571.957275390625,700.1376342773438,1584.6341552734375,325.0624084472656,0.0,397.625,0.023538658395409584,0.0,44.77922439575195,0.0,0.0,0.0,433.6632385253906,433.6632385253906,112.43585968017578,120.04924011230469,127.50015258789062,0.0,0.0,0.0,112.43585968017578,120.04924011230469,127.50015258789062,0.0,0.0,0.0,9.731353759765625,11.958268165588379,14.137660026550293,0.0,0.0,0.0
272.0,70.03986358642578,50127.05859375,4045.669921875,28356.71875,17724.669921875,4742.17333984375,22.706323623657227,0.0,18010.8046875,0.26043596863746643,42.957515716552734,3.189523935317993,5.997994422912598,4.979406833648682,1.61630117893219,2.6226823329925537,7.111744403839111,0.0010583943221718073,0.24579118192195892,1.0574121475219727,0.0,0.0,0.0,0.0,7915.50634765625,587.713134765625,714.8602905273438,1682.2066650390625,260.1502685546875,0.0,494.09423828125,0.029228201135993004,0.0,41.87351989746094,0.0,0.0,0.0,435.2654724121094,435.2654724121094,101.88897705078125,116.51323699951172,107.968994140625,0.0,0.0,0.0,101.88897705078125,116.51323699951172,107.968994140625,0.0,0.0,0.0,7.0962018966674805,11.373797416687012,8.874608039855957,0.0,0.0,0.0
273.0,71.18677520751953,50795.7421875,4045.669921875,29025.40234375,17724.669921875,4742.17333984375,23.005104064941406,0.0,18016.310546875,0.26681697368621826,43.695533752441406,3.265831708908081,6.293735980987549,4.990851402282715,1.61630117893219,2.6226823329925537,7.1307573318481445,0.0010583943221718073,0.24579118192195892,1.0574121475219727,0.0,0.0,0.0,0.0,7966.85986328125,595.4481201171875,744.7888793945312,1624.3717041015625,265.33544921875,0.0,459.8221130371094,0.02716839499771595,0.0,41.87351989746094,0.0,0.0,0.0,436.87994384765625,436.87994384765625,115.98986053466797,129.07913208007812,110.38392639160156,0.0,0.0,0.0,115.98986053466797,129.07913208007812,110.38392639160156,0.0,0.0,0.0,10.921930313110352,14.750543594360352,9.282194137573242,0.0,0.0,0.0
274.0,72.42919921875,51165.02734375,4045.669921875,29394.685546875,17724.669921875,4742.17333984375,22.855791091918945,0.0,18259.25390625,0.2735574543476105,44.473873138427734,3.3477065563201904,6.641095161437988,4.9988813400268555,1.61630117893219,2.6226823329925537,7.150840759277344,0.0010583943221718073,0.24579118192195892,1.0574121475219727,0.0,0.0,0.0,0.0,8063.05712890625,606.9349975585938,781.6347045898438,1588.3245849609375,334.2017517089844,0.0,444.50225830078125,0.026230113580822945,0.0,41.87351989746094,0.0,0.0,0.0,438.4944763183594,438.4944763183594,114.48316955566406,136.6632843017578,115.67568969726562,0.0,0.0,0.0,114.48316955566406,136.6632843017578,115.67568969726562,0.0,0.0,0.0,10.630537033081055,17.11821937561035,10.979349136352539,0.0,0.0,0.0
275.0,73.65548706054688,51690.94140625,4045.669921875,29920.603515625,17724.669921875,4742.17333984375,22.626741409301758,0.0,18622.759765625,0.28013113141059875,45.2322883605957,3.4278006553649902,6.996880054473877,5.00471305847168,1.61630117893219,2.6226823329925537,7.1704277992248535,0.0010583943221718073,0.24579118192195892,1.0574121475219727,0.0,0.0,0.0,0.0,8136.91064453125,616.6326904296875,815.4151000976562,1524.313232421875,580.5333251953125,0.0,388.06390380859375,0.022871563211083412,0.0,41.87351989746094,0.0,0.0,0.0,440.1341552734375,440.1341552734375,120.64981079101562,132.44789123535156,92.69524383544922,0.0,0.0,0.0,120.64981079101562,132.44789123535156,92.69524383544922,0.0,0.0,0.0,12.66332721710205,16.11426544189453,4.486616134643555,0.0,0.0,0.0
276.0,74.62531280517578,51933.34765625,4045.669921875,30163.0078125,17724.669921875,4742.17333984375,22.290170669555664,0.0,18982.107421875,0.28481173515319824,45.77217483520508,3.4840540885925293,7.348247528076172,5.008408546447754,1.61630117893219,2.6226823329925537,7.18437385559082,0.0010583943221718073,0.24579118192195892,1.0574121475219727,0.0,0.0,0.0,0.0,8261.9248046875,628.8753662109375,856.7537841796875,1545.802490234375,581.525390625,0.0,427.36444091796875,0.025165898725390434,0.0,41.87351989746094,0.0,0.0,0.0,441.8025207519531,441.8025207519531,84.30457305908203,113.29785919189453,98.90122985839844,0.0,0.0,0.0,84.30457305908203,113.29785919189453,98.90122985839844,0.0,0.0,0.0,2.368917226791382,10.84945297241211,6.6384406089782715,0.0,0.0,0.0
277.0,75.27435302734375,52170.58203125,4045.669921875,30282.458984375,17842.453125,4742.17333984375,21.511882781982422,0.0,19734.392578125,0.28776025772094727,46.112205505371094,3.5199363231658936,7.607466697692871,5.010581970214844,1.61630117893219,2.6226823329925537,7.193159103393555,0.0010583943221718073,0.24579118192195892,1.0574121475219727,0.0,0.0,0.0,0.0,8377.51953125,639.4907836914062,889.1105346679688,1533.264892578125,952.8397216796875,0.0,415.05450439453125,0.02442758157849312,0.0,41.87351989746094,0.0,0.0,0.0,443.4939880371094,443.4939880371094,102.26180267333984,123.12155151367188,100.16041564941406,0.0,0.0,0.0,102.26180267333984,123.12155151367188,100.16041564941406,0.0,0.0,0.0,8.399696350097656,14.501172065734863,7.785038948059082,0.0,0.0,0.0
278.0,75.60569763183594,52490.484375,4045.669921875,30320.25390625,18124.560546875,4742.17333984375,21.48167610168457,0.0,19880.90234375,0.28921300172805786,46.279720306396484,3.537717342376709,7.746708869934082,5.011605739593506,1.61630117893219,2.6226823329925537,7.197487831115723,0.0010583943221718073,0.24579118192195892,1.0574121475219727,0.0,0.0,0.0,0.0,8423.5546875,643.9139404296875,905.8688354492188,1544.302978515625,953.7613525390625,0.0,432.8432922363281,0.02546761929988861,0.0,41.87351989746094,0.0,0.0,0.0,445.2126159667969,445.2126159667969,107.09917449951172,133.32534790039062,104.62210083007812,0.0,0.0,0.0,107.09917449951172,133.32534790039062,104.62210083007812,0.0,0.0,0.0,9.844833374023438,17.515987396240234,9.120288848876953,0.0,0.0,0.0
279.0,75.75039672851562,52558.82421875,4045.669921875,30332.2109375,18180.943359375,4742.17333984375,22.165184020996094,0.0,19315.001953125,0.2898187041282654,46.34955978393555,3.5451788902282715,7.808289527893066,5.015015602111816,1.61630117893219,2.6226823329925537,7.1992926597595215,0.0010583943221718073,0.24579118192195892,1.0574121475219727,0.0,0.0,0.0,0.0,8319.8466796875,636.3673095703125,902.3948974609375,1488.4476318359375,787.858154296875,0.0,386.4497985839844,0.0227353535592556,0.0,41.87351989746094,0.0,0.0,0.0,446.9188537597656,446.9188537597656,106.45732879638672,133.33306884765625,104.8887710571289,0.0,0.0,0.0,106.45732879638672,133.33306884765625,104.8887710571289,0.0,0.0,0.0,8.973583221435547,16.834735870361328,8.514781951904297,0.0,0.0,0.0
280.0,75.81123352050781,52565.15625,4045.669921875,30338.541015625,18180.943359375,4742.17333984375,22.147192001342773,0.0,19334.89453125,0.2900404632091522,46.3751220703125,3.5479519367218018,7.83184814453125,5.023071765899658,1.61630117893219,2.6226823329925537,7.199953079223633,0.0010583943221718073,0.24579118192195892,1.0574121475219727,0.0,0.0,0.0,0.0,8408.125,643.2677612304688,913.4461059570312,1583.634521484375,490.2487487792969,0.0,490.6945495605469,0.028867023065686226,0.0,45.53574752807617,0.0,0.0,0.0,448.5966796875,448.5966796875,121.00230407714844,139.99388122558594,115.17500305175781,0.0,0.0,0.0,121.00230407714844,139.99388122558594,115.17500305175781,0.0,0.0,0.0,13.24598217010498,18.80101776123047,11.541495323181152,0.0,0.0,0.0
281.0,75.84190368652344,52572.11328125,4045.669921875,30345.5,18180.943359375,4742.17333984375,23.204458236694336,0.0,18489.103515625,0.29012417793273926,46.38477325439453,3.5489871501922607,7.840982913970947,5.033586502075195,1.61630117893219,2.6226823329925537,7.200202941894531,0.0010583943221718073,0.24579118192195892,1.0574121475219727,0.0,0.0,0.0,0.0,8217.751953125,628.7557983398438,897.0661010742188,1483.5404052734375,344.6448669433594,0.0,389.96044921875,0.022940589115023613,0.0,41.87351989746094,0.0,0.0,0.0,450.2550354003906,450.2550354003906,122.30017852783203,133.1358184814453,126.64665222167969,0.0,0.0,0.0,122.30017852783203,133.1358184814453,126.64665222167969,0.0,0.0,0.0,12.56834602355957,15.73776912689209,13.839688301086426,0.0,0.0,0.0
282.0,75.86370086669922,52579.28515625,4045.669921875,30352.671875,18180.943359375,4742.17333984375,23.49072265625,0.0,18276.734375,0.29016467928886414,46.389442443847656,3.5494627952575684,7.845440864562988,5.042057991027832,1.61630117893219,2.6226823329925537,7.203887462615967,0.0010583943221718073,0.24579118192195892,1.0574121475219727,0.0,0.0,0.0,0.0,8164.521484375,624.703857421875,892.5206298828125,1449.0716552734375,325.105712890625,0.0,361.1350402832031,0.021239982917904854,0.0,41.87351989746094,0.0,0.0,0.0,451.8707275390625,451.8707275390625,113.96125030517578,130.79225158691406,105.19676971435547,0.0,0.0,0.0,113.96125030517578,130.79225158691406,105.19676971435547,0.0,0.0,0.0,9.842941284179688,14.766011238098145,7.279330730438232,0.0,0.0,0.0
283.0,75.8825454711914,52586.1328125,4045.669921875,30359.517578125,18180.943359375,4742.17333984375,23.832653045654297,0.0,18028.771484375,0.2901800274848938,46.39121627807617,3.549635887145996,7.847924709320068,5.048458576202393,1.61630117893219,2.6226823329925537,7.211881637573242,0.0010583943221718073,0.24579118192195892,1.0574121475219727,0.0,0.0,0.0,0.0,8098.1650390625,619.6331787109375,886.558349609375,1403.210205078125,317.2734680175781,0.0,323.6007080078125,0.019022904336452484,0.0,41.87351989746094,0.0,0.0,0.0,453.46820068359375,453.46820068359375,97.26913452148438,128.4396514892578,107.13041687011719,0.0,0.0,0.0,97.26913452148438,128.4396514892578,107.13041687011719,0.0,0.0,0.0,4.6185688972473145,13.735944747924805,7.502994060516357,0.0,0.0,0.0
284.0,75.91276550292969,52608.13671875,4045.669921875,30381.521484375,18180.943359375,4742.17333984375,23.155200958251953,0.0,18546.388671875,0.2901872396469116,46.39204788208008,3.549710512161255,7.8643670082092285,5.052760601043701,1.61630117893219,2.6226823329925537,7.220448017120361,0.0010583943221718073,0.24579118192195892,1.0574121475219727,0.0,0.0,0.0,0.0,8255.65625,631.685546875,902.9580688476562,1525.9434814453125,255.03271484375,0.0,422.63580322265625,0.024831237271428108,0.0,43.45589065551758,0.0,0.0,0.0,455.0654602050781,455.0654602050781,110.45555877685547,127.47130584716797,122.64295959472656,0.0,0.0,0.0,110.45555877685547,127.47130584716797,122.64295959472656,0.0,0.0,0.0,9.153048515319824,14.130154609680176,12.717864036560059,0.0,0.0,0.0
285.0,76.00596618652344,52762.84375,4045.669921875,30536.228515625,18180.943359375,4742.17333984375,23.21908187866211,0.0,18552.037109375,0.29019126296043396,46.392513275146484,3.5497515201568604,7.947566032409668,5.055487632751465,1.61630117893219,2.6226823329925537,7.227208614349365,0.0010583943221718073,0.24579118192195892,1.0574121475219727,0.0,0.0,0.0,0.0,8251.4130859375,631.3619384765625,911.3317260742188,1521.846923828125,261.4373474121094,0.0,420.2872009277344,0.02468273416161537,0.0,41.87351989746094,0.0,0.0,0.0,456.6849060058594,456.6849060058594,112.75270080566406,119.61365509033203,106.173828125,0.0,0.0,0.0,112.75270080566406,119.61365509033203,106.173828125,0.0,0.0,0.0,9.761083602905273,11.767911911010742,7.836764335632324,0.0,0.0,0.0
286.0,76.38787078857422,52978.85546875,4045.669921875,30752.240234375,18180.943359375,4742.17333984375,22.995420455932617,0.0,18802.17578125,0.2902020514011383,46.39375686645508,3.5498733520507812,8.296634674072266,5.063024997711182,1.61630117893219,2.6226823329925537,7.251131534576416,0.0010583943221718073,0.24579118192195892,1.0574121475219727,0.0,0.0,0.0,0.0,8286.04296875,634.0164184570312,951.4227905273438,1528.594970703125,330.9699401855469,0.0,433.5009765625,0.02542085200548172,0.0,41.87351989746094,0.0,0.0,0.0,458.30322265625,458.30322265625,105.00519561767578,119.3315200805664,111.31041717529297,0.0,0.0,0.0,105.00519561767578,119.3315200805664,111.31041717529297,0.0,0.0,0.0,7.718597888946533,11.909048080444336,9.56287670135498,0.0,0.0,0.0
287.0,76.84464263916016,53104.171875,4045.669921875,30877.55859375,18180.943359375,4742.17333984375,22.58633804321289,0.0,19176.46484375,0.290211945772171,46.3948974609375,3.5499863624572754,8.718737602233887,5.070060729980469,1.61630117893219,2.6226823329925537,7.277505874633789,0.0010583943221718073,0.24579118192195892,1.0574121475219727,0.0,0.0,0.0,0.0,8302.2744140625,635.262939453125,997.0396118164062,1491.8221435546875,578.0403442382812,0.0,410.58905029296875,0.024037841707468033,0.0,41.87351989746094,0.0,0.0,0.0,459.936767578125,459.936767578125,104.9757080078125,111.91642761230469,109.6227798461914,0.0,0.0,0.0,104.9757080078125,111.91642761230469,109.6227798461914,0.0,0.0,0.0,8.119057655334473,10.149216651916504,9.478323936462402,0.0,0.0,0.0
288.0,77.14522552490234,53210.6953125,4045.669921875,30984.08203125,18180.943359375,4742.17333984375,22.205339431762695,0.0,19533.962890625,0.29021626710891724,46.3953971862793,3.5500354766845703,9.00285816192627,5.073176860809326,1.61630117893219,2.6226823329925537,7.290295600891113,0.0010583943221718073,0.24579118192195892,1.0574121475219727,0.0,0.0,0.0,0.0,8385.7861328125,641.655029296875,1035.6435546875,1543.343994140625,581.17724609375,0.0,462.90875244140625,0.02707936428487301,0.0,45.53574752807617,0.0,0.0,0.0,461.5888977050781,461.5888977050781,78.76304626464844,116.35641479492188,107.93123626708984,0.0,0.0,0.0,78.76304626464844,116.35641479492188,107.93123626708984,0.0,0.0,0.0,0.8328522443771362,11.828910827636719,9.364546775817871,0.0,0.0,0.0
289.0,77.4288101196289,53396.78125,4045.669921875,31055.40234375,18295.708984375,4742.17333984375,21.40662956237793,0.0,20308.107421875,0.2902196943759918,46.39579391479492,3.550074338912964,9.272964477539062,5.075639247894287,1.61630117893219,2.6226823329925537,7.300871849060059,0.0010583943221718073,0.24579118192195892,1.0574121475219727,0.0,0.0,0.0,0.0,8477.9775390625,648.7108154296875,1073.1888427734375,1548.9827880859375,954.66845703125,0.0,466.7511291503906,0.027286222204566002,0.0,45.53574752807617,0.0,0.0,0.0,463.2703857421875,463.2703857421875,115.24597930908203,129.54791259765625,113.31649017333984,0.0,0.0,0.0,115.24597930908203,129.54791259765625,113.31649017333984,0.0,0.0,0.0,12.302820205688477,16.486135482788086,11.738445281982422,0.0,0.0,0.0
290.0,77.59375762939453,53706.4296875,4045.669921875,31077.96875,18582.79296875,4742.17333984375,21.3693790435791,0.0,20458.845703125,0.2902214825153351,46.395999908447266,3.5500950813293457,9.430636405944824,5.076941013336182,1.61630117893219,2.6226823329925537,7.306615829467773,0.0010583943221718073,0.24579118192195892,1.0574121475219727,0.0,0.0,0.0,0.0,8510.4248046875,651.1943969726562,1093.4432373046875,1569.92724609375,956.6179809570312,0.0,488.4809875488281,0.028546379879117012,0.0,45.53574752807617,0.0,0.0,0.0,464.9949035644531,464.9949035644531,116.47801208496094,135.99783325195312,104.71892547607422,0.0,0.0,0.0,116.47801208496094,135.99783325195312,104.71892547607422,0.0,0.0,0.0,12.700441360473633,18.40998649597168,9.260907173156738,0.0,0.0,0.0
291.0,77.66974639892578,53770.93359375,4045.669921875,31085.109375,18640.15625,4742.17333984375,22.047407150268555,0.08124873787164688,19876.46875,0.2902222275733948,46.39608383178711,3.5501036643981934,9.500970840454102,5.080066680908203,1.61630117893219,2.6226823329925537,7.309051513671875,0.0010583943221718073,0.24579118192195892,1.0574121475219727,0.0,0.0,0.0,0.0,8398.4365234375,642.625732421875,1089.07373046875,1509.1346435546875,790.4713745117188,0.0,446.3511962890625,0.0260804183781147,0.0,45.53574752807617,0.0,0.0,0.0,466.71588134765625,466.71588134765625,122.53368377685547,138.92633056640625,118.78990173339844,0.0,0.0,0.0,122.53368377685547,138.92633056640625,118.78990173339844,0.0,0.0,0.0,13.712447166442871,18.507293701171875,12.617389678955078,0.0,0.0,0.0
292.0,77.7034912109375,53775.4609375,4045.669921875,31089.634765625,18640.15625,4742.17333984375,22.0286865234375,0.06422558426856995,19896.9140625,0.29022249579429626,46.396114349365234,3.5501065254211426,9.52651309967041,5.087386608123779,1.61630117893219,2.6226823329925537,7.309901714324951,0.0010583943221718073,0.24579118192195892,1.0574121475219727,0.0,0.0,0.0,0.0,8484.63671875,649.2217407226562,1101.682373046875,1619.5328369140625,491.9075622558594,0.0,541.1754150390625,0.0316193662583828,0.0,45.53574752807617,0.0,0.0,0.0,468.4186096191406,468.4186096191406,122.18301391601562,140.49990844726562,122.39717864990234,0.0,0.0,0.0,122.18301391601562,140.49990844726562,122.39717864990234,0.0,0.0,0.0,13.645620346069336,19.003311157226562,13.708263397216797,0.0,0.0,0.0
293.0,77.72401428222656,53782.19140625,4045.669921875,31096.365234375,18640.15625,4742.17333984375,23.080698013305664,0.0,19026.51953125,0.2902225852012634,46.39612579345703,3.550107717514038,9.536913871765137,5.0971550941467285,1.61630117893219,2.6226823329925537,7.31024169921875,0.0010583943221718073,0.24579118192195892,1.0574121475219727,0.0,0.0,0.0,0.0,8290.0185546875,634.330078125,1081.76611328125,1500.8970947265625,345.7810363769531,0.0,447.39935302734375,0.026139743626117706,0.0,45.53574752807617,0.0,0.0,0.0,470.1098937988281,470.1098937988281,121.19731140136719,137.55711364746094,115.54255676269531,0.0,0.0,0.0,121.19731140136719,137.55711364746094,115.54255676269531,0.0,0.0,0.0,12.369515419006348,17.15475845336914,10.715499877929688,0.0,0.0,0.0
294.0,77.74254608154297,53789.48828125,4045.669921875,31103.66015625,18640.15625,4742.17333984375,23.365568161010742,0.0,18807.96875,0.2902226746082306,46.39613342285156,3.5501084327697754,9.544140815734863,5.107956886291504,1.61630117893219,2.6226823329925537,7.310739517211914,0.0010583943221718073,0.24579118192195892,1.0574121475219727,0.0,0.0,0.0,0.0,8235.46875,630.1560668945312,1076.4984130859375,1465.7208251953125,326.17462158203125,0.0,417.31103515625,0.02438104711472988,0.0,45.53574752807617,0.0,0.0,0.0,471.7623596191406,471.7623596191406,109.03998565673828,132.50526428222656,127.72010040283203,0.0,0.0,0.0,109.03998565673828,132.50526428222656,127.72010040283203,0.0,0.0,0.0,8.528626441955566,15.392219543457031,13.992561340332031,0.0,0.0,0.0
295.0,77.75638580322266,53792.08203125,4045.669921875,31106.2578125,18640.15625,5559.66357421875,23.703950881958008,0.0,18552.7734375,0.2902226746082306,46.39613723754883,3.5501086711883545,9.546354293823242,5.114065170288086,1.61630117893219,2.6226823329925537,7.316249847412109,0.0010583943221718073,0.24579118192195892,1.0574121475219727,0.0,0.0,0.0,0.0,8167.98486328125,624.992431640625,1069.2645263671875,1422.1435546875,318.310546875,0.0,378.7643127441406,0.02212144061923027,0.0,41.87351989746094,0.0,0.0,0.0,473.401123046875,473.401123046875,96.36980438232422,127.61900329589844,128.2948760986328,0.0,0.0,0.0,96.36980438232422,127.61900329589844,128.2948760986328,0.0,0.0,0.0,4.484218120574951,13.62460708618164,13.822301864624023,0.0,0.0,0.0
296.0,77.78024291992188,53810.3984375,4045.669921875,31124.572265625,18640.15625,5559.66357421875,23.028005599975586,0.0,19085.416015625,0.290222704410553,46.39613723754883,3.5501086711883545,9.559359550476074,5.117934226989746,1.61630117893219,2.6226823329925537,7.323235511779785,0.0010583943221718073,0.24579118192195892,1.0574121475219727,0.0,0.0,0.0,0.0,8327.6279296875,637.2078247070312,1088.1041259765625,1545.868408203125,255.8821563720703,0.0,480.2397155761719,0.02803577482700348,0.0,45.53574752807617,0.0,0.0,0.0,475.04058837890625,475.04058837890625,109.48749542236328,131.6719207763672,114.08877563476562,0.0,0.0,0.0,109.48749542236328,131.6719207763672,114.08877563476562,0.0,0.0,0.0,8.997086524963379,15.486032485961914,10.342962265014648,0.0,0.0,0.0
297.0,77.86649322509766,53969.07421875,4045.669921875,31283.25,18640.15625,5559.66357421875,23.09174156188965,0.0,19091.205078125,0.290222704410553,46.39613723754883,3.5501089096069336,9.635662078857422,5.120914459228516,1.61630117893219,2.6226823329925537,7.330200672149658,0.0010583943221718073,0.24579118192195892,1.0574121475219727,0.0,0.0,0.0,0.0,8323.7841796875,636.9137573242188,1095.583984375,1544.2938232421875,262.32147216796875,0.0,477.929931640625,0.027888765558600426,0.0,41.87351989746094,0.0,0.0,0.0,476.7058410644531,476.7058410644531,118.28768920898438,117.4036865234375,117.01829528808594,0.0,0.0,0.0,118.28768920898438,117.4036865234375,117.01829528808594,0.0,0.0,0.0,11.507408142089844,11.2488374710083,11.13611125946045,0.0,0.0,0.0
298.0,78.22610473632812,54100.796875,4045.669921875,31414.96875,18640.15625,5559.66357421875,22.831520080566406,0.0,19348.583984375,0.290222704410553,46.396141052246094,3.5501091480255127,9.954065322875977,5.131295204162598,1.61630117893219,2.6226823329925537,7.361023902893066,0.0010583943221718073,0.24579118192195892,1.0574121475219727,0.0,0.0,0.0,0.0,8361.1064453125,639.76953125,1132.843994140625,1554.62255859375,332.1721496582031,0.0,492.0106506347656,0.028655726462602615,0.0,41.87351989746094,0.0,0.0,0.0,478.3721923828125,478.3721923828125,116.18218994140625,117.85894775390625,117.51689910888672,0.0,0.0,0.0,116.18218994140625,117.85894775390625,117.51689910888672,0.0,0.0,0.0,11.151771545410156,11.642223358154297,11.542173385620117,0.0,0.0,0.0
299.0,78.48451232910156,54148.43359375,4045.669921875,31462.607421875,18640.15625,5559.66357421875,22.391908645629883,0.0,19733.734375,0.29022273421287537,46.396141052246094,3.5501091480255127,10.181656837463379,5.137979984283447,1.61630117893219,2.6226823329925537,7.385158538818359,0.0010583943221718073,0.24579118192195892,1.0574121475219727,0.0,0.0,0.0,0.0,8386.51953125,641.714111328125,1159.030029296875,1530.069580078125,580.6300659179688,0.0,472.30950927734375,0.02746731787919998,0.0,41.87351989746094,0.0,0.0,0.0,480.053466796875,480.053466796875,97.85645294189453,113.38400268554688,113.8553695678711,0.0,0.0,0.0,97.85645294189453,113.38400268554688,113.8553695678711,0.0,0.0,0.0,6.231103897094727,10.772910118103027,10.910784721374512,0.0,0.0,0.0
300.0,78.61652374267578,54163.5078125,4045.669921875,31477.681640625,18640.15625,5559.66357421875,21.98996353149414,0.0,20089.330078125,0.29022273421287537,46.39614486694336,3.5501091480255127,10.29753589630127,5.141164302825928,1.61630117893219,2.6226823329925537,7.398103713989258,0.0010583943221718073,0.24579118192195892,1.0574121475219727,0.0,0.0,0.0,0.0,8474.994140625,648.4840087890625,1181.336181640625,1593.6529541015625,584.03759765625,0.0,525.5855102539062,0.030541179701685905,0.0,41.87351989746094,0.0,0.0,0.0,481.75531005859375,481.75531005859375,80.60535430908203,121.82808685302734,107.59100341796875,0.0,0.0,0.0,80.60535430908203,121.82808685302734,107.59100341796875,0.0,0.0,0.0,1.5871024131774902,13.644753456115723,9.4804048538208,0.0,0.0,0.0
