time,Total Generation Capacity,Total Transmission,Transmission for Interconnection km,Total Transmission for Generation Connection,Total Transmission for Demand Connection,Total Interconnection Capacity,Transmission Tariff[f0],Congestion Tariff[f0],National Peak Demand[f0],Generation Capacity by Tech[TBiomass],Generation Capacity by Tech[TWindOnS],Generation Capacity by Tech[TWindOffS],Generation Capacity by Tech[TPV],Generation Capacity by Tech[THydroDam],Generation Capacity by Tech[THRoR],Generation Capacity by Tech[TThermo1],Generation Capacity by Tech[TThermo2],Generation Capacity by Tech[TGeothermal],Generation Capacity by Tech[TPVBESSOp1],Generation Capacity by Tech[TPVBESSOp2],Generation Capacity by Tech[TOther1],Generation Capacity by Tech[TOther2],Generation Capacity by Tech[TOther3],Generation by Tech per Month[TBiomass],Generation by Tech per Month[TWindOnS],Generation by Tech per Month[TWindOffS],Generation by Tech per Month[TPV],Generation by Tech per Month[THydroDam],Generation by Tech per Month[THRoR],Generation by Tech per Month[TThermo1],Generation by Tech per Month[TThermo2],Generation by Tech per Month[TGeothermal],Generation by Tech per Month[TPVBESSOp1],Generation by Tech per Month[TPVBESSOp2],Generation by Tech per Month[TOther1],Generation by Tech per Month[TOther2],Generation by Tech per Month[TOther3],Generation by Tech per Month[DERBESS],Generation by Tech per Month[DER],"Electricity Tariff[Regulated,Z1]","Electricity Tariff[Regulated,Z2]","Electricity Tariff[Regulated,Z3]","Electricity Tariff[Regulated,Z4]","Electricity Tariff[Regulated,Z5]","Electricity Tariff[Regulated,Z6]","Electricity Tariff[Unregulated,Z1]","Electricity Tariff[Unregulated,Z2]","Electricity Tariff[Unregulated,Z3]","Electricity Tariff[Unregulated,Z4]","Electricity Tariff[Unregulated,Z5]","Electricity Tariff[Unregulated,Z6]","Generation Tariff[f0,Z1]","Generation Tariff[f0,Z2]","Generation Tariff[f0,Z3]","Generation Tariff[f0,Z4]","Generation Tariff[f0,Z5]","Generation Tariff[f0,Z6]"
0.0,14.057049751281738,16177.3701171875,1836.469970703125,5622.81982421875,8718.080078125,1600.0,16.893709182739258,0.9912989735603333,7532.21728515625,0.06656000018119812,1.021299958229065,0.0,0.4778200089931488,3.705590009689331,1.5324699878692627,2.6226699352264404,4.630640029907227,0.0,0.0,0.0,0.0,0.0,0.0,0.0,279.896484375,0.0,79.0820083618164,2668.02490234375,894.5088500976562,0.0,1152.0262451171875,0.0,0.0,0.0,0.0,0.0,0.0,0.0046911598183214664,0.0046911598183214664,181.14532470703125,182.1839599609375,196.01895141601562,0.0,0.0,0.0,181.14532470703125,182.1839599609375,196.01895141601562,0.0,0.0,0.0,35.10000228881836,35.40380096435547,39.45053482055664,0.0,0.0,0.0
1.0,14.069549560546875,16177.3701171875,1836.469970703125,5622.81982421875,8718.080078125,1600.0,16.261690139770508,0.0,7826.7373046875,0.06656000018119812,1.021299958229065,0.0,0.4778200089931488,3.705590009689331,1.5449700355529785,2.6226699352264404,4.630640029907227,0.0,0.0,0.0,0.0,0.0,0.0,0.0,279.896484375,0.0,79.0820083618164,2668.02490234375,1112.37841796875,0.0,1131.342529296875,0.0,0.0,0.0,0.0,0.0,0.0,1.2011802196502686,1.2011802196502686,149.29342651367188,174.42877197265625,182.51370239257812,0.0,0.0,0.0,149.29342651367188,174.42877197265625,182.51370239257812,0.0,0.0,0.0,27.40663719177246,34.758724212646484,37.123565673828125,0.0,0.0,0.0
2.0,14.069549560546875,16182.3701171875,1836.469970703125,5627.81982421875,8718.080078125,1600.0,16.15877914428711,0.0,7880.8173828125,0.06656000018119812,1.021299958229065,0.0,0.4778200089931488,3.705590009689331,1.5449700355529785,2.6226699352264404,4.630640029907227,0.0,0.0,0.0,0.0,0.0,0.0,0.0,279.896484375,0.0,79.0820083618164,2668.02490234375,1112.37841796875,0.0,1166.5499267578125,0.0,0.0,0.0,0.0,0.0,0.0,2.4212517738342285,2.4212517738342285,92.02758026123047,174.8948211669922,178.93800354003906,0.0,0.0,0.0,92.02758026123047,174.8948211669922,178.93800354003906,0.0,0.0,0.0,10.75928783416748,34.997955322265625,36.18058776855469,0.0,0.0,0.0
3.0,14.069549560546875,16182.3701171875,1836.469970703125,5627.81982421875,8718.080078125,1600.0,16.644784927368164,0.0,7652.58544921875,0.06656000018119812,1.021299958229065,0.0,0.4778200089931488,3.705590009689331,1.5449700355529785,2.6226699352264404,4.630640029907227,0.0,0.0,0.0,0.0,0.0,0.0,0.0,279.896484375,0.0,79.0820083618164,2668.02490234375,925.83251953125,0.0,1198.1695556640625,0.0,0.0,0.0,0.0,0.0,0.0,3.6149046421051025,3.6149046421051025,56.91466522216797,177.2555694580078,184.35311889648438,0.0,0.0,0.0,56.91466522216797,177.2555694580078,184.35311889648438,0.0,0.0,0.0,0.002754894085228443,35.20246887207031,37.27850341796875,0.0,0.0,0.0
4.0,14.069549560546875,16182.3701171875,1836.469970703125,5627.81982421875,8718.080078125,1600.0,16.639860153198242,0.0,7656.55908203125,0.06656000018119812,1.021299958229065,0.0,0.4778200089931488,3.705590009689331,1.5449700355529785,2.6226699352264404,4.630640029907227,0.0,0.0,0.0,0.0,0.0,0.0,0.0,279.896484375,0.0,79.0820083618164,2668.02490234375,572.429931640625,0.0,1553.096435546875,0.0,0.0,0.0,0.0,0.0,0.0,4.767261028289795,4.767261028289795,122.96945190429688,184.9330291748047,168.5253143310547,0.0,0.0,0.0,122.96945190429688,184.9330291748047,168.5253143310547,0.0,0.0,0.0,19.328704833984375,37.45305252075195,32.65379333496094,0.0,0.0,0.0
5.0,14.069549560546875,16182.3701171875,1836.469970703125,5627.81982421875,8718.080078125,1600.0,17.414630889892578,0.0,7317.9033203125,0.06656000018119812,1.021299958229065,0.0,0.4778200089931488,3.705590009689331,1.5449700355529785,2.6226699352264404,4.630640029907227,0.0,0.0,0.0,0.0,0.0,0.0,0.0,279.896484375,0.0,79.0820083618164,1156.087158203125,407.575439453125,0.0,3000.65478515625,0.0,0.0,0.0,0.0,0.0,0.0,5.889845371246338,5.889845371246338,231.8448944091797,219.53720092773438,232.18670654296875,0.0,0.0,0.0,231.8448944091797,219.53720092773438,232.18670654296875,0.0,0.0,0.0,50.400001525878906,46.79999923706055,50.49998092651367,0.0,0.0,0.0
6.0,14.069549560546875,16182.3701171875,1836.469970703125,5627.81982421875,8718.080078125,1600.0,17.6302433013916,0.0,7230.16259765625,0.06656000018119812,1.021299958229065,0.0,0.4778200089931488,3.705590009689331,1.5449700355529785,2.6226699352264404,4.630640029907227,0.0,0.0,0.0,0.0,0.0,0.0,11.96236801147461,279.896484375,0.0,79.0820083618164,1105.605712890625,385.8840637207031,0.0,3000.65478515625,0.0,0.0,0.0,0.0,0.0,0.0,6.99983549118042,6.99983549118042,232.58203125,231.6592254638672,232.92384338378906,0.0,0.0,0.0,232.58203125,231.6592254638672,232.92384338378906,0.0,0.0,0.0,50.400001525878906,50.13008117675781,50.49998474121094,0.0,0.0,0.0
7.0,14.069549560546875,16182.3701171875,1836.469970703125,5627.81982421875,8718.080078125,1600.0,17.88646697998047,0.0,7128.42626953125,0.06656000018119812,1.021299958229065,0.0,0.4778200089931488,3.705590009689331,1.5449700355529785,2.6226699352264404,4.630640029907227,0.0,0.0,0.0,0.0,0.0,0.0,30.670848846435547,279.896484375,0.0,79.0820083618164,650.0059204101562,378.31988525390625,374.79168701171875,3000.65478515625,0.0,0.0,0.0,0.0,0.0,0.0,8.136397361755371,8.136397361755371,273.5947570800781,241.0983123779297,233.7998809814453,0.0,0.0,0.0,273.5947570800781,241.0983123779297,233.7998809814453,0.0,0.0,0.0,62.13999938964844,52.634788513183594,50.5,0.0,0.0,0.0
8.0,14.278849601745605,16182.3701171875,1836.469970703125,5627.81982421875,8718.080078125,1600.0,17.399492263793945,0.0,7329.35107421875,0.06656000018119812,1.021299958229065,0.0,0.4778200089931488,3.9148900508880615,1.5449700355529785,2.6226699352264404,4.630640029907227,0.0,0.0,0.0,0.0,0.0,0.0,11.96236801147461,279.896484375,0.0,79.0820083618164,1255.1962890625,300.787109375,0.0,3000.65478515625,0.0,0.0,0.0,0.0,0.0,0.0,9.317657470703125,9.317657470703125,231.7931365966797,229.78271484375,232.13482666015625,0.0,0.0,0.0,231.7931365966797,229.78271484375,232.13482666015625,0.0,0.0,0.0,50.400001525878906,49.81195068359375,50.49994659423828,0.0,0.0,0.0
9.0,14.278849601745605,16266.08984375,1836.469970703125,5711.5400390625,8718.080078125,1600.0,17.497529983520508,0.0,7327.84619140625,0.06656000018119812,1.021299958229065,0.0,0.4778200089931488,3.9148900508880615,1.5449700355529785,2.6226699352264404,4.630640029907227,0.0,0.0,0.0,0.0,0.0,0.0,11.96236801147461,279.896484375,0.0,79.0820083618164,1245.2620849609375,308.4625244140625,0.0,3000.65478515625,0.0,0.0,0.0,0.0,0.0,0.0,10.562701225280762,10.562701225280762,232.12831115722656,228.05116271972656,232.4700164794922,0.0,0.0,0.0,232.12831115722656,228.05116271972656,232.4700164794922,0.0,0.0,0.0,50.400001525878906,49.207435607910156,50.49994659423828,0.0,0.0,0.0
10.0,14.278849601745605,16266.08984375,1836.469970703125,5711.5400390625,8718.080078125,1600.0,17.27755355834961,0.0,7422.8623046875,0.06656000018119812,1.021299958229065,0.0,0.4778200089931488,3.9148900508880615,1.5449700355529785,2.6226699352264404,4.630640029907227,0.0,0.0,0.0,0.0,0.0,0.0,30.670848846435547,279.896484375,0.0,79.0820083618164,420.2856140136719,389.77740478515625,787.662109375,3000.65478515625,0.0,0.0,0.0,0.0,0.0,0.0,11.854628562927246,11.854628562927246,271.51300048828125,237.31137084960938,235.9584197998047,0.0,0.0,0.0,271.51300048828125,237.31137084960938,235.9584197998047,0.0,0.0,0.0,62.13999938964844,52.13602066040039,51.74028778076172,0.0,0.0,0.0
11.0,14.278849601745605,16266.08984375,1836.469970703125,5711.5400390625,8718.080078125,1600.0,16.952674865722656,0.0,7566.77685546875,0.06656000018119812,1.021299958229065,0.0,0.4778200089931488,3.9148900508880615,1.5449700355529785,2.6226699352264404,4.630640029907227,0.0,0.0,0.0,0.0,0.0,0.0,0.0,279.896484375,0.0,79.0820083618164,1043.3214111328125,680.6643676757812,0.0,3000.65478515625,0.0,0.0,0.0,0.0,0.0,0.0,13.202583312988281,13.202583312988281,230.2655487060547,217.95787048339844,230.6072540283203,0.0,0.0,0.0,230.2655487060547,217.95787048339844,230.6072540283203,0.0,0.0,0.0,50.400001525878906,46.79999923706055,50.49994659423828,0.0,0.0,0.0
12.0,14.278849601745605,16266.08984375,1836.469970703125,5711.5400390625,8718.080078125,1600.0,16.167131423950195,0.0,7935.587890625,0.06656000018119812,1.021299958229065,0.0,0.4778200089931488,3.9148900508880615,1.5449700355529785,2.6226699352264404,4.630640029907227,0.0,0.0,0.0,0.0,0.0,0.0,0.0,279.896484375,0.0,79.0820083618164,2818.720703125,901.80517578125,0.0,1251.1221923828125,0.0,0.0,0.0,0.0,0.0,0.0,14.61824893951416,14.61824893951416,160.81192016601562,179.0555419921875,161.94859313964844,0.0,0.0,0.0,160.81192016601562,179.0555419921875,161.94859313964844,0.0,0.0,0.0,30.870357513427734,36.20661163330078,31.202831268310547,0.0,0.0,0.0
13.0,14.755249977111816,16327.2958984375,1836.469970703125,5711.5400390625,8779.28515625,1600.0,15.619843482971191,0.0,8245.873046875,0.06656000018119812,1.021299958229065,0.0,0.934220016002655,3.9148900508880615,1.5649700164794922,2.6226699352264404,4.630640029907227,0.0,0.0,0.0,0.0,0.0,0.0,0.0,279.896484375,0.0,154.6413116455078,2818.720703125,1126.7784423828125,0.0,1158.125,0.0,0.0,0.0,0.0,0.0,0.0,16.084571838378906,16.084571838378906,170.48687744140625,172.8582305908203,170.48341369628906,0.0,0.0,0.0,170.48687744140625,172.8582305908203,170.48341369628906,0.0,0.0,0.0,34.2475700378418,34.94118881225586,34.24655532836914,0.0,0.0,0.0
14.0,14.755249977111816,16727.017578125,1836.469970703125,5902.10009765625,8988.447265625,1600.0,15.896310806274414,0.0,8302.8525390625,0.06656000018119812,1.021299958229065,0.0,0.934220016002655,3.9148900508880615,1.5649700164794922,2.6226699352264404,4.630640029907227,0.0,0.0,0.0,0.0,0.0,0.0,0.0,279.896484375,0.0,154.6413116455078,2818.720703125,1126.7784423828125,0.0,1195.0313720703125,0.0,0.0,0.0,0.0,0.0,0.0,17.55805778503418,17.55805778503418,114.51805877685547,174.69454956054688,171.36033630371094,0.0,0.0,0.0,114.51805877685547,174.69454956054688,171.36033630371094,0.0,0.0,0.0,17.600221633911133,35.20184326171875,34.22658920288086,0.0,0.0,0.0
15.0,14.755249977111816,16767.43359375,1836.469970703125,5902.10009765625,9028.86328125,1600.0,16.41582679748535,0.0,8062.39599609375,0.06656000018119812,1.021299958229065,0.0,0.934220016002655,3.9148900508880615,1.5649700164794922,2.6226699352264404,4.630640029907227,0.0,0.0,0.0,0.0,0.0,0.0,0.0,279.896484375,0.0,154.6413116455078,2818.720703125,937.8176879882812,0.0,1220.6005859375,0.0,0.0,0.0,0.0,0.0,0.0,18.983430862426758,18.983430862426758,79.51971435546875,177.05474853515625,160.8603057861328,0.0,0.0,0.0,79.51971435546875,177.05474853515625,160.8603057861328,0.0,0.0,0.0,6.843689441680908,35.37268829345703,30.63581085205078,0.0,0.0,0.0
16.0,14.755249977111816,16767.43359375,1836.469970703125,5902.10009765625,9028.86328125,1600.0,16.411409378051758,0.0,8066.58056640625,0.06656000018119812,1.021299958229065,0.0,0.934220016002655,3.9148900508880615,1.5649700164794922,2.6226699352264404,4.630640029907227,0.0,0.0,0.0,0.0,0.0,0.0,0.0,279.896484375,0.0,154.6413116455078,2818.720703125,579.8401489257812,0.0,1580.0347900390625,0.0,0.0,0.0,0.0,0.0,0.0,20.345264434814453,20.345264434814453,141.79434204101562,184.7674102783203,173.78541564941406,0.0,0.0,0.0,141.79434204101562,184.7674102783203,173.78541564941406,0.0,0.0,0.0,25.063432693481445,37.633060455322266,34.42082595825195,0.0,0.0,0.0
17.0,14.755249977111816,16767.43359375,1836.469970703125,5902.10009765625,9028.86328125,1600.0,17.178272247314453,0.0,7709.7802734375,0.06656000018119812,1.021299958229065,0.0,0.934220016002655,3.9148900508880615,1.5649700164794922,2.6226699352264404,4.630640029907227,0.0,0.0,0.0,0.0,0.0,0.0,0.0,279.896484375,0.0,154.6413116455078,1323.439697265625,412.8515930175781,0.0,3000.65478515625,0.0,0.0,0.0,0.0,0.0,0.0,21.661937713623047,21.661937713623047,231.0368194580078,218.72914123535156,231.3787078857422,0.0,0.0,0.0,231.0368194580078,218.72914123535156,231.3787078857422,0.0,0.0,0.0,50.400001525878906,46.79999923706055,50.5,0.0,0.0,0.0
18.0,14.755249977111816,16767.43359375,1836.469970703125,5902.10009765625,9028.86328125,1600.0,17.392030715942383,0.0,7617.3310546875,0.06656000018119812,1.021299958229065,0.0,0.934220016002655,3.9148900508880615,1.5649700164794922,2.6226699352264404,4.630640029907227,0.0,0.0,0.0,0.0,0.0,0.0,30.670848846435547,279.896484375,0.0,154.6413116455078,1251.180419921875,390.8794250488281,0.0,3000.65478515625,0.0,0.0,0.0,0.0,0.0,0.0,22.950542449951172,22.950542449951172,235.73342895507812,235.0668182373047,232.1094970703125,0.0,0.0,0.0,235.73342895507812,235.0668182373047,232.1094970703125,0.0,0.0,0.0,51.560001373291016,51.36501693725586,50.5,0.0,0.0,0.0
19.0,14.755249977111816,16767.43359375,1836.469970703125,5902.10009765625,9028.86328125,1600.0,17.645938873291016,0.0,7510.15673828125,0.06656000018119812,1.021299958229065,0.0,0.934220016002655,3.9148900508880615,1.5649700164794922,2.6226699352264404,4.630640029907227,0.0,0.0,0.0,0.0,0.0,0.0,30.670848846435547,279.896484375,0.0,154.6413116455078,1185.3443603515625,383.21734619140625,0.0,3000.65478515625,0.0,0.0,0.0,0.0,0.0,0.0,24.2581729888916,24.2581729888916,236.6014862060547,235.77928161621094,232.97756958007812,0.0,0.0,0.0,236.6014862060547,235.77928161621094,232.97756958007812,0.0,0.0,0.0,51.55999755859375,51.31949996948242,50.5,0.0,0.0,0.0
20.0,14.755249977111816,16767.43359375,1836.469970703125,5902.10009765625,9028.86328125,1600.0,17.164417266845703,0.0,7721.83447265625,0.06656000018119812,1.021299958229065,0.0,0.934220016002655,3.9148900508880615,1.5649700164794922,2.6226699352264404,4.630640029907227,0.0,0.0,0.0,0.0,0.0,0.0,30.670848846435547,279.896484375,0.0,154.6413116455078,59.72654342651367,304.6808776855469,1345.38720703125,3000.65478515625,0.0,0.0,0.0,0.0,0.0,0.0,25.607168197631836,25.607168197631836,271.126220703125,238.58724975585938,259.19598388671875,0.0,0.0,0.0,271.126220703125,238.58724975585938,259.19598388671875,0.0,0.0,0.0,62.13999938964844,52.622352600097656,58.650413513183594,0.0,0.0,0.0
21.0,14.755249977111816,16767.43359375,1836.469970703125,5902.10009765625,9028.86328125,1600.0,17.172649383544922,0.0,7720.2451171875,0.06656000018119812,1.021299958229065,0.0,0.934220016002655,3.9148900508880615,1.5649700164794922,2.6226699352264404,4.630640029907227,0.0,0.0,0.0,0.0,0.0,0.0,30.670848846435547,279.896484375,0.0,154.6413116455078,38.463443756103516,312.4556579589844,1356.3941650390625,3000.65478515625,0.0,0.0,0.0,0.0,0.0,0.0,27.01782989501953,27.01782989501953,271.15435791015625,239.87936401367188,260.0792236328125,0.0,0.0,0.0,271.15435791015625,239.87936401367188,260.0792236328125,0.0,0.0,0.0,62.13999938964844,52.992061614990234,58.9005241394043,0.0,0.0,0.0
22.0,14.755249977111816,16767.43359375,1836.469970703125,5902.10009765625,9028.86328125,1600.0,16.956409454345703,0.0,7820.3486328125,0.06656000018119812,1.021299958229065,0.0,0.934220016002655,3.9148900508880615,1.5649700164794922,2.6226699352264404,4.630640029907227,0.0,0.0,0.0,0.0,0.0,0.0,30.670848846435547,279.896484375,0.0,154.6413116455078,35.063419342041016,394.8231506347656,1343.399169921875,3000.65478515625,0.0,0.0,0.0,0.0,0.0,0.0,28.47297477722168,28.47297477722168,270.4150695800781,237.62905883789062,258.3387451171875,0.0,0.0,0.0,270.4150695800781,237.62905883789062,258.3387451171875,0.0,0.0,0.0,62.13999938964844,52.55009078979492,58.60767364501953,0.0,0.0,0.0
23.0,14.755249977111816,16767.43359375,1836.469970703125,5902.10009765625,9028.86328125,1600.0,16.636945724487305,0.0,7971.9501953125,0.06656000018119812,1.021299958229065,0.0,0.934220016002655,3.9148900508880615,1.5649700164794922,2.6226699352264404,4.630640029907227,0.0,0.0,0.0,0.0,0.0,0.0,11.96236801147461,279.896484375,0.0,154.6413116455078,1203.1207275390625,689.4757080078125,0.0,3000.65478515625,0.0,0.0,0.0,0.0,0.0,0.0,29.986492156982422,29.986492156982422,229.18614196777344,226.2584228515625,229.52801513671875,0.0,0.0,0.0,229.18614196777344,226.2584228515625,229.52801513671875,0.0,0.0,0.0,50.400001525878906,49.543643951416016,50.5,0.0,0.0,0.0
24.0,14.755249977111816,16767.43359375,1836.469970703125,5902.10009765625,9028.86328125,1600.0,15.911020278930664,0.0,8335.9794921875,0.06656000018119812,1.021299958229065,0.0,0.934220016002655,3.9148900508880615,1.5649700164794922,2.6226699352264404,4.630640029907227,0.0,0.0,0.0,0.0,0.0,0.0,0.0,279.896484375,0.0,154.6413116455078,1341.147705078125,913.479248046875,0.0,2894.207763671875,0.0,0.0,0.0,0.0,0.0,0.0,31.567523956298828,31.567523956298828,158.0159912109375,214.3966522216797,156.4934539794922,0.0,0.0,0.0,158.0159912109375,214.3966522216797,156.4934539794922,0.0,0.0,0.0,30.308658599853516,46.79999923706055,29.863313674926758,0.0,0.0,0.0
25.0,14.755249977111816,16891.419921875,1836.469970703125,5902.10009765625,9152.849609375,1600.0,15.426587104797363,0.0,8661.919921875,0.06656000018119812,1.021299958229065,0.0,0.934220016002655,3.9148900508880615,1.5649700164794922,2.6226699352264404,4.630640029907227,0.0,0.0,0.0,0.0,0.0,0.0,0.0,279.896484375,0.0,154.6413116455078,2818.720703125,1126.7784423828125,0.0,1421.250244140625,0.0,0.0,0.0,0.0,0.0,0.0,33.19969940185547,33.19969940185547,167.9058380126953,178.34439086914062,168.233642578125,0.0,0.0,0.0,167.9058380126953,178.34439086914062,168.233642578125,0.0,0.0,0.0,33.68587112426758,36.7391471862793,33.78175354003906,0.0,0.0,0.0
26.0,14.755249977111816,17037.66015625,1836.469970703125,5902.10009765625,9299.0908203125,1600.0,15.457099914550781,0.0,8721.763671875,0.06656000018119812,1.021299958229065,0.0,0.934220016002655,3.9148900508880615,1.5649700164794922,2.6226699352264404,4.630640029907227,0.0,0.0,0.0,0.0,0.0,0.0,0.0,279.896484375,0.0,154.6413116455078,2818.720703125,1126.7784423828125,0.0,1459.925048828125,0.0,0.0,0.0,0.0,0.0,0.0,34.83447265625,34.83447265625,111.09614562988281,179.35337829589844,160.54525756835938,0.0,0.0,0.0,111.09614562988281,179.35337829589844,160.54525756835938,0.0,0.0,0.0,17.038522720336914,37.003761291503906,31.50238800048828,0.0,0.0,0.0
27.0,14.755249977111816,17064.611328125,1836.469970703125,5902.10009765625,9326.0419921875,1600.0,15.950554847717285,0.0,8469.1748046875,0.06656000018119812,1.021299958229065,0.0,0.934220016002655,3.9148900508880615,1.5649700164794922,2.6226699352264404,4.630640029907227,0.0,0.0,0.0,0.0,0.0,0.0,0.0,279.896484375,0.0,154.6413116455078,2818.720703125,937.8176879882812,0.0,1477.1697998046875,0.0,0.0,0.0,0.0,0.0,0.0,36.41212463378906,36.41212463378906,76.00869750976562,181.35972595214844,165.66744995117188,0.0,0.0,0.0,76.00869750976562,181.35972595214844,165.66744995117188,0.0,0.0,0.0,6.2819905281066895,37.09716796875,32.50717544555664,0.0,0.0,0.0
28.0,14.755249977111816,17064.611328125,1836.469970703125,5902.10009765625,9326.0419921875,1600.0,15.94647216796875,0.0,8473.5595703125,0.06656000018119812,1.021299958229065,0.0,0.934220016002655,3.9148900508880615,1.5649700164794922,2.6226699352264404,4.630640029907227,0.0,0.0,0.0,0.0,0.0,0.0,0.0,279.896484375,0.0,154.6413116455078,2818.720703125,579.8401489257812,0.0,1836.59814453125,0.0,0.0,0.0,0.0,0.0,0.0,37.91434860229492,37.91434860229492,127.5669174194336,189.278564453125,175.14492797851562,0.0,0.0,0.0,127.5669174194336,189.278564453125,175.14492797851562,0.0,0.0,0.0,21.366849899291992,39.41750717163086,35.28342056274414,0.0,0.0,0.0
29.0,14.755249977111816,17064.611328125,1836.469970703125,5902.10009765625,9326.0419921875,1600.0,16.694095611572266,0.0,8098.75537109375,0.06656000018119812,1.021299958229065,0.0,0.934220016002655,3.9148900508880615,1.5649700164794922,2.6226699352264404,4.630640029907227,0.0,0.0,0.0,0.0,0.0,0.0,0.0,279.896484375,0.0,154.6413116455078,1567.7430419921875,412.8515930175781,0.0,3000.65478515625,0.0,0.0,0.0,0.0,0.0,0.0,39.363929748535156,39.363929748535156,229.3815155029297,217.2214813232422,229.72340393066406,0.0,0.0,0.0,229.3815155029297,217.2214813232422,229.72340393066406,0.0,0.0,0.0,50.400001525878906,46.84318542480469,50.5,0.0,0.0,0.0
30.0,14.755249977111816,17064.611328125,1836.469970703125,5902.10009765625,9326.0419921875,1600.0,16.90268898010254,0.0,8001.640625,0.06656000018119812,1.021299958229065,0.0,0.934220016002655,3.9148900508880615,1.5649700164794922,2.6226699352264404,4.630640029907227,0.0,0.0,0.0,0.0,0.0,0.0,30.670848846435547,279.896484375,0.0,154.6413116455078,1117.41748046875,390.8794250488281,374.79168701171875,3000.65478515625,0.0,0.0,0.0,0.0,0.0,0.0,40.784549713134766,40.784549713134766,270.2314147949219,237.1728057861328,232.25274658203125,0.0,0.0,0.0,270.2314147949219,237.1728057861328,232.25274658203125,0.0,0.0,0.0,62.13999938964844,52.47035598754883,51.03124237060547,0.0,0.0,0.0
31.0,14.767749786376953,17064.611328125,1836.469970703125,5902.10009765625,9326.0419921875,1600.0,17.150466918945312,0.0,7889.0458984375,0.06656000018119812,1.021299958229065,0.0,0.934220016002655,3.9148900508880615,1.5774699449539185,2.6226699352264404,4.630640029907227,0.0,0.0,0.0,0.0,0.0,0.0,0.0,279.896484375,0.0,154.6413116455078,1450.2030029296875,386.2782287597656,0.0,3000.65478515625,0.0,0.0,0.0,0.0,0.0,0.0,42.22141647338867,42.22141647338867,215.94384765625,221.5379180908203,231.4765625,0.0,0.0,0.0,215.94384765625,221.5379180908203,231.4765625,0.0,0.0,0.0,46.01311111450195,47.64937210083008,50.55643081665039,0.0,0.0,0.0
32.0,14.767749786376953,17069.611328125,1836.469970703125,5907.10009765625,9326.0419921875,1600.0,16.68609046936035,0.0,8111.40283203125,0.06656000018119812,1.021299958229065,0.0,0.934220016002655,3.9148900508880615,1.5774699449539185,2.6226699352264404,4.630640029907227,0.0,0.0,0.0,0.0,0.0,0.0,30.670848846435547,279.896484375,0.0,154.6413116455078,146.21852111816406,307.1144714355469,1500.7763671875,3000.65478515625,0.0,0.0,0.0,0.0,0.0,0.0,43.697357177734375,43.697357177734375,269.49090576171875,238.08070373535156,269.6480407714844,0.0,0.0,0.0,269.49090576171875,238.08070373535156,269.6480407714844,0.0,0.0,0.0,62.13999938964844,52.9525146484375,62.18596267700195,0.0,0.0,0.0
33.0,14.767749786376953,17069.611328125,1836.469970703125,5907.10009765625,9326.0419921875,1600.0,16.694305419921875,0.0,8109.72900390625,0.06656000018119812,1.021299958229065,0.0,0.934220016002655,3.9148900508880615,1.5774699449539185,2.6226699352264404,4.630640029907227,0.0,0.0,0.0,0.0,0.0,0.0,30.670848846435547,279.896484375,0.0,154.6413116455078,138.2790069580078,314.95135498046875,1498.2119140625,3000.65478515625,0.0,0.0,0.0,0.0,0.0,0.0,45.237117767333984,45.237117767333984,269.51898193359375,239.24392700195312,269.482421875,0.0,0.0,0.0,269.51898193359375,239.24392700195312,269.482421875,0.0,0.0,0.0,62.13999938964844,53.284542083740234,62.12930679321289,0.0,0.0,0.0
34.0,14.767749786376953,17069.611328125,1836.469970703125,5907.10009765625,9326.0419921875,1600.0,16.483633041381836,0.0,8214.8740234375,0.06656000018119812,1.021299958229065,0.0,0.934220016002655,3.9148900508880615,1.5774699449539185,2.6226699352264404,4.630640029907227,0.0,0.0,0.0,0.0,0.0,0.0,30.670848846435547,279.896484375,0.0,154.6413116455078,1622.702392578125,397.97674560546875,0.0,3000.65478515625,0.0,0.0,0.0,0.0,0.0,0.0,46.8235969543457,46.8235969543457,194.33021545410156,230.88272094726562,229.7955322265625,0.0,0.0,0.0,194.33021545410156,230.88272094726562,229.7955322265625,0.0,0.0,0.0,40.35795211791992,51.049564361572266,50.73155975341797,0.0,0.0,0.0
35.0,14.767749786376953,17069.611328125,1836.469970703125,5907.10009765625,9326.0419921875,1600.0,16.172283172607422,0.0,8374.1328125,0.06656000018119812,1.021299958229065,0.0,0.934220016002655,3.9148900508880615,1.5774699449539185,2.6226699352264404,4.630640029907227,0.0,0.0,0.0,0.0,0.0,0.0,11.96236801147461,279.896484375,0.0,154.6413116455078,1450.032470703125,694.9827880859375,0.0,3000.65478515625,0.0,0.0,0.0,0.0,0.0,0.0,48.469024658203125,48.469024658203125,227.59754943847656,229.6445770263672,227.93942260742188,0.0,0.0,0.0,227.59754943847656,229.6445770263672,227.93942260742188,0.0,0.0,0.0,50.400001525878906,50.998756408691406,50.5,0.0,0.0,0.0
36.0,14.767749786376953,17070.298828125,1836.469970703125,5907.10009765625,9326.728515625,1600.0,15.505049705505371,0.0,8734.2939453125,0.06656000018119812,1.021299958229065,0.0,0.934220016002655,3.9148900508880615,1.5774699449539185,2.6226699352264404,4.630640029907227,0.0,0.0,0.0,0.0,0.0,0.0,0.0,279.896484375,0.0,154.6413116455078,1492.029052734375,920.7755737304688,0.0,2985.7119140625,0.0,0.0,0.0,0.0,0.0,0.0,50.18243408203125,50.18243408203125,225.31639099121094,213.0087127685547,181.17991638183594,0.0,0.0,0.0,225.31639099121094,213.0087127685547,181.17991638183594,0.0,0.0,0.0,50.399993896484375,46.79999923706055,37.49007797241211,0.0,0.0,0.0
37.0,14.987750053405762,17179.19921875,1836.469970703125,5907.10009765625,9435.62890625,1600.0,15.016366958618164,0.0,9075.7998046875,0.06656000018119812,1.2412999868392944,0.0,0.934220016002655,3.9148900508880615,1.5774699449539185,2.6226699352264404,4.630640029907227,0.0,0.0,0.0,0.0,0.0,0.0,0.0,340.189453125,0.0,154.6413116455078,2818.720703125,1135.7784423828125,0.0,1611.97412109375,0.0,0.0,0.0,0.0,0.0,0.0,51.96333312988281,51.96333312988281,164.58303833007812,180.8343048095703,168.6569366455078,0.0,0.0,0.0,164.58303833007812,180.8343048095703,168.6569366455078,0.0,0.0,0.0,33.12417221069336,37.87766647338867,34.31578826904297,0.0,0.0,0.0
38.0,14.987750053405762,17407.548828125,1836.469970703125,5995.10009765625,9575.9775390625,1600.0,15.115089416503906,0.0,9138.501953125,0.06656000018119812,1.2412999868392944,0.0,0.934220016002655,3.9148900508880615,1.5774699449539185,2.6226699352264404,4.630640029907227,0.0,0.0,0.0,0.0,0.0,0.0,0.0,340.189453125,0.0,154.6413116455078,2818.720703125,1135.7784423828125,0.0,1652.427490234375,0.0,0.0,0.0,0.0,0.0,0.0,53.745174407958984,53.745174407958984,108.00653839111328,182.33067321777344,171.04234313964844,0.0,0.0,0.0,108.00653839111328,182.33067321777344,171.04234313964844,0.0,0.0,0.0,16.476823806762695,38.21663284301758,34.914798736572266,0.0,0.0,0.0
39.0,15.082480430603027,17532.095703125,1836.469970703125,6094.07177734375,9601.5537109375,1600.0,15.685941696166992,0.0,8873.833984375,0.06656000018119812,1.2412999868392944,0.0,0.9603267908096313,3.9148900508880615,1.5774699449539185,2.6226699352264404,4.630640029907227,0.0,0.03206278383731842,0.03656048700213432,0.0,0.0,0.0,0.0,340.189453125,0.0,158.72647094726562,2818.720703125,945.308349609375,0.0,1650.9925537109375,0.0,3.847533941268921,3.9814369678497314,0.0,0.0,0.0,55.4610481262207,55.4610481262207,73.18370056152344,184.16763305664062,167.74020385742188,0.0,0.0,0.0,73.18370056152344,184.16763305664062,167.74020385742188,0.0,0.0,0.0,5.720291614532471,38.18309020996094,33.37807083129883,0.0,0.0,0.0
40.0,15.269962310791016,17618.9140625,1836.469970703125,6180.89013671875,9601.5537109375,1600.0,15.759709358215332,0.0,8878.435546875,0.06656000018119812,1.2412999868392944,0.0,1.0254876613616943,3.9148900508880615,1.5774699449539185,2.6226699352264404,4.630640029907227,0.0,0.08923616260290146,0.10170828551054001,0.0,0.0,0.0,0.0,340.189453125,0.0,168.91575622558594,2818.720703125,584.4715576171875,0.0,1989.1533203125,0.0,10.70833969116211,11.076031684875488,0.0,0.0,0.0,57.09192657470703,57.09192657470703,128.783203125,192.11859130859375,193.72264099121094,0.0,0.0,0.0,128.783203125,192.11859130859375,193.72264099121094,0.0,0.0,0.0,21.90937614440918,40.43497848510742,40.90415954589844,0.0,0.0,0.0
41.0,15.420848846435547,17646.3828125,1836.469970703125,6208.3603515625,9601.5537109375,1600.0,16.526758193969727,0.0,8485.7109375,0.06656000018119812,1.2412999868392944,0.0,1.0830507278442383,3.9148900508880615,1.5774699449539185,2.6226699352264404,4.630640029907227,0.0,0.13287068903446198,0.15139755606651306,0.0,0.0,0.0,0.0,340.189453125,0.0,177.9120330810547,1689.7921142578125,416.1492004394531,0.0,3000.65478515625,0.0,15.944483757019043,16.487194061279297,0.0,0.0,0.0,58.66701889038086,58.66701889038086,187.7662811279297,217.56588745117188,230.8105010986328,0.0,0.0,0.0,187.7662811279297,217.56588745117188,230.8105010986328,0.0,0.0,0.0,38.39487838745117,47.111263275146484,50.985313415527344,0.0,0.0,0.0
42.0,15.497562408447266,17655.076171875,1836.469970703125,6217.0517578125,9601.5537109375,1600.0,16.742305755615234,0.0,8383.9541015625,0.06656000018119812,1.2412999868392944,0.0,1.1139088869094849,3.9148900508880615,1.5774699449539185,2.6226699352264404,4.630640029907227,0.0,0.15431232750415802,0.17581148445606232,0.0,0.0,0.0,30.670848846435547,340.189453125,0.0,182.73428344726562,1226.3414306640625,394.00152587890625,374.79168701171875,3000.65478515625,0.0,18.517480850219727,19.145870208740234,0.0,0.0,0.0,60.2076416015625,60.2076416015625,269.68310546875,235.65415954589844,234.511962890625,0.0,0.0,0.0,269.68310546875,235.65415954589844,234.511962890625,0.0,0.0,0.0,62.13999938964844,52.1865348815918,51.85244369506836,0.0,0.0,0.0
43.0,15.531002044677734,17657.826171875,1836.469970703125,6219.8017578125,9601.5537109375,1600.0,16.9913272857666,0.0,8265.9765625,0.06656000018119812,1.2412999868392944,0.0,1.127838134765625,3.9148900508880615,1.5774699449539185,2.6226699352264404,4.630640029907227,0.0,0.1634354293346405,0.18619878590106964,0.0,0.0,0.0,11.96236801147461,340.189453125,0.0,184.91099548339844,1542.13720703125,386.2782287597656,0.0,3000.65478515625,0.0,19.61225128173828,20.277048110961914,0.0,0.0,0.0,61.765647888183594,61.765647888183594,214.26646423339844,225.27755737304688,234.79881286621094,0.0,0.0,0.0,214.26646423339844,225.27755737304688,234.79881286621094,0.0,0.0,0.0,45.68161392211914,48.9023551940918,51.68732452392578,0.0,0.0,0.0
44.0,15.544483184814453,17658.6953125,1836.469970703125,6220.671875,9601.5537109375,1600.0,16.525943756103516,0.0,8498.95703125,0.06656000018119812,1.2412999868392944,0.0,1.1335982084274292,3.9148900508880615,1.5774699449539185,2.6226699352264404,4.630640029907227,0.0,0.16704578697681427,0.19030937552452087,0.0,0.0,0.0,30.670848846435547,340.189453125,0.0,185.8111114501953,1756.14453125,307.1144714355469,0.0,3000.65478515625,0.0,20.045494079589844,20.72469139099121,0.0,0.0,0.0,63.362911224365234,63.362911224365234,170.61746215820312,232.4652862548828,232.54676818847656,0.0,0.0,0.0,170.61746215820312,232.4652862548828,232.54676818847656,0.0,0.0,0.0,33.37966537475586,51.47015380859375,51.49398422241211,0.0,0.0,0.0
45.0,15.549666404724121,17658.970703125,1836.469970703125,6220.947265625,9601.5537109375,1600.0,16.534513473510742,0.0,8497.1982421875,0.06656000018119812,1.2412999868392944,0.0,1.1358568668365479,3.9148900508880615,1.5774699449539185,2.6226699352264404,4.630640029907227,0.0,0.16841334104537964,0.19186639785766602,0.0,0.0,0.0,30.670848846435547,340.189453125,0.0,186.1640625,445.92486572265625,314.95135498046875,1298.85009765625,3000.65478515625,0.0,20.2096004486084,20.894250869750977,0.0,0.0,0.0,65.02471923828125,65.02471923828125,268.9726867675781,238.006103515625,254.3458251953125,0.0,0.0,0.0,268.9726867675781,238.006103515625,254.3458251953125,0.0,0.0,0.0,62.13999938964844,53.082271575927734,57.86164093017578,0.0,0.0,0.0
46.0,15.551596641540527,17659.05859375,1836.469970703125,6221.03466796875,9601.5537109375,1600.0,16.325454711914062,0.0,8607.3583984375,0.06656000018119812,1.2412999868392944,0.0,1.1367114782333374,3.9148900508880615,1.5774699449539185,2.6226699352264404,4.630640029907227,0.0,0.16891635954380035,0.19243910908699036,0.0,0.0,0.0,11.96236801147461,340.189453125,0.0,186.29762268066406,1752.69091796875,397.97674560546875,0.0,3000.65478515625,0.0,20.26996421813965,20.956619262695312,0.0,0.0,0.0,66.73699951171875,66.73699951171875,232.39036560058594,224.7616424560547,228.4630889892578,0.0,0.0,0.0,232.39036560058594,224.7616424560547,228.4630889892578,0.0,0.0,0.0,51.64872741699219,49.41732406616211,50.5,0.0,0.0,0.0
47.0,15.552299499511719,17659.0859375,1836.469970703125,6221.06201171875,9601.5537109375,1600.0,16.016340255737305,0.0,8774.2236328125,0.06656190752983093,1.2419325113296509,1.9824130504275672e-05,1.1367121934890747,3.9148900508880615,1.577481746673584,2.6226699352264404,4.630674362182617,5.261716182758391e-07,0.1689167469739914,0.19243954122066498,0.0,0.0,0.0,11.962961196899414,340.36279296875,0.0054329815320670605,186.29771423339844,1566.0948486328125,694.9879760742188,1.1901804555236595e-06,3000.67724609375,0.0003030748339369893,20.270009994506836,20.956666946411133,0.0,0.0,0.0,68.51652526855469,68.51652526855469,227.0644073486328,252.97894287109375,229.0930633544922,0.0,0.0,0.0,227.0644073486328,252.97894287109375,229.0930633544922,0.0,0.0,0.0,50.400001525878906,57.97999954223633,50.99338150024414,0.0,0.0,0.0
48.0,15.904696464538574,18046.69140625,1836.469970703125,6588.984375,9621.236328125,1600.0,15.726761817932129,0.0,9130.5322265625,0.06725209206342697,1.561366319656372,0.010292674414813519,1.1368178129196167,3.9148900508880615,1.5828123092651367,2.6226720809936523,4.646917343139648,0.00019093618902843446,0.16897697746753693,0.19250820577144623,0.0,0.0,0.0,0.0,427.9065246582031,2.8208000659942627,186.31423950195312,1486.269287109375,923.8938598632812,0.0,3011.202392578125,0.10997924953699112,20.277238845825195,20.964143753051758,0.0,0.0,0.0,70.37596893310547,70.37596893310547,226.07440185546875,213.76670837402344,226.70660400390625,0.0,0.0,0.0,226.07440185546875,213.76670837402344,226.70660400390625,0.0,0.0,0.0,50.400001525878906,46.79999923706055,50.58491897583008,0.0,0.0,0.0
49.0,16.605920791625977,18546.669921875,1836.469970703125,6916.107421875,9794.091796875,1600.0,15.552289962768555,0.0,9487.5302734375,0.06841090321540833,2.1978492736816406,0.030600590631365776,1.1369768381118774,3.9148900508880615,1.5931646823883057,2.622675657272339,4.679163455963135,0.0005106349708512425,0.16906744241714478,0.19261124730110168,0.0,0.0,0.0,0.0,602.3403930664062,8.386367797851562,186.33909606933594,2818.720703125,1147.07861328125,0.0,1514.112548828125,0.05029917508363724,20.28809356689453,20.975364685058594,0.0,0.0,0.0,72.30915832519531,72.30915832519531,175.2879638671875,180.81088256835938,177.64559936523438,0.0,0.0,0.0,175.2879638671875,180.81088256835938,177.64559936523438,0.0,0.0,0.0,35.71943664550781,37.334896087646484,36.40904998779297,0.0,0.0,0.0
50.0,17.22447967529297,18879.943359375,1836.469970703125,7073.60009765625,9969.873046875,1600.0,15.72668743133545,0.0,9553.0673828125,0.06933585554361343,2.7595815658569336,0.04839642345905304,1.1370959281921387,3.9148900508880615,1.6022168397903442,2.622678518295288,4.707695484161377,0.0007658125250600278,0.16913510859012604,0.1926882416009903,0.0,0.0,0.0,0.0,756.2882080078125,13.263476371765137,186.35769653320312,2818.720703125,1153.5960693359375,0.0,1390.9273681640625,0.0697757825255394,20.296213150024414,20.983749389648438,0.0,0.0,0.0,74.24149322509766,74.24149322509766,146.07415771484375,178.10435485839844,177.95733642578125,0.0,0.0,0.0,146.07415771484375,178.10435485839844,177.95733642578125,0.0,0.0,0.0,27.000001907348633,36.368839263916016,36.32583236694336,0.0,0.0,0.0
51.0,17.586301803588867,18962.806640625,1836.469970703125,7123.431640625,10002.904296875,1600.0,16.277395248413086,0.0,9276.3916015625,0.0696689635515213,3.0866808891296387,0.05868513882160187,1.1371371746063232,3.9148900508880615,1.605659008026123,2.6226794719696045,4.725863456726074,0.0008577127009630203,0.16972611844539642,0.19445323944091797,0.0,0.0,0.0,0.0,845.9326782226562,16.08319091796875,186.36415100097656,2818.720703125,962.2008056640625,0.0,1301.3638916015625,0.07328764349222183,20.36713409423828,21.17595863342285,0.0,0.0,0.0,76.09977722167969,76.09977722167969,87.00098419189453,177.90402221679688,154.34617614746094,0.0,0.0,0.0,87.00098419189453,177.90402221679688,154.34617614746094,0.0,0.0,0.0,9.170392990112305,35.7595329284668,28.868860244750977,0.0,0.0,0.0
52.0,17.93592643737793,19169.3359375,1836.469970703125,7329.96044921875,10002.904296875,1600.0,16.450756072998047,0.0,9281.189453125,0.06987857073545456,3.3868184089660645,0.0682736337184906,1.1371625661849976,3.9148900508880615,1.6078773736953735,2.6226799488067627,4.743332862854004,0.000915540149435401,0.174668550491333,0.2094293236732483,0.0,0.0,0.0,0.0,928.1881103515625,18.71100425720215,186.36810302734375,2818.720703125,595.7378540039062,0.0,1582.1649169921875,0.09516113996505737,20.96022605895996,22.806854248046875,0.0,0.0,0.0,77.86087799072266,77.86087799072266,147.06564331054688,183.89015197753906,163.6530303955078,0.0,0.0,0.0,147.06564331054688,183.89015197753906,163.6530303955078,0.0,0.0,0.0,26.56594467163086,37.33711242675781,31.417757034301758,0.0,0.0,0.0
53.0,18.28502082824707,19256.25390625,1836.469970703125,7416.87939453125,10002.904296875,1600.0,17.30520248413086,0.0,8870.6474609375,0.07005936652421951,3.6770172119140625,0.07766652852296829,1.1371841430664062,3.9148900508880615,1.6098006963729858,2.6226806640625,4.76041841506958,0.0009654171881265938,0.18217089772224426,0.2321677803993225,0.0,0.0,0.0,0.0,1007.7197265625,21.28521156311035,186.37147521972656,1139.3927001953125,424.6783142089844,0.0,3068.419921875,0.5235550999641418,21.86050796508789,25.283071517944336,0.0,0.0,0.0,79.54671478271484,79.54671478271484,224.30160522460938,219.10011291503906,227.13137817382812,0.0,0.0,0.0,224.30160522460938,219.10011291503906,227.13137817382812,0.0,0.0,0.0,48.303016662597656,46.78158187866211,49.1307258605957,0.0,0.0,0.0
54.0,18.48714828491211,19283.755859375,1836.469970703125,7444.380859375,10002.904296875,1600.0,17.54808235168457,0.0,8764.2724609375,0.07012644410133362,3.792543888092041,0.08137032389640808,1.1371921300888062,3.9148900508880615,1.6105221509933472,2.622680902481079,4.767253398895264,0.0009839230915531516,0.20084041357040405,0.2887449860572815,0.0,0.0,0.0,0.0,1039.380859375,22.300270080566406,186.3727264404297,1026.6356201171875,402.25689697265625,0.0,3089.180419921875,0.5667396783828735,24.100849151611328,31.44432830810547,0.0,0.0,0.0,81.19073486328125,81.19073486328125,232.30113220214844,219.99343872070312,232.74258422851562,0.0,0.0,0.0,232.30113220214844,219.99343872070312,232.74258422851562,0.0,0.0,0.0,50.39999771118164,46.79999923706055,50.52912521362305,0.0,0.0,0.0
55.0,18.66020965576172,19376.14453125,1836.469970703125,7536.76953125,10002.904296875,1600.0,17.892515182495117,0.0,8640.939453125,0.07015455514192581,3.891617774963379,0.08463539928197861,1.1371954679489136,3.9148900508880615,1.6108218431472778,2.622680902481079,4.772130489349365,0.0009916780982166529,0.21709340810775757,0.3379978835582733,0.0,0.0,0.0,0.0,1066.532958984375,23.195093154907227,186.3732452392578,916.8389282226562,394.4451904296875,0.0,3086.720947265625,0.5518584251403809,26.05120849609375,36.80796813964844,0.0,0.0,0.0,82.83782958984375,82.83782958984375,232.5238494873047,221.17098999023438,231.80380249023438,0.0,0.0,0.0,232.5238494873047,221.17098999023438,231.80380249023438,0.0,0.0,0.0,50.12071228027344,46.79999923706055,49.91009521484375,0.0,0.0,0.0
56.0,18.901357650756836,19498.30859375,1836.469970703125,7658.93408203125,10002.904296875,1600.0,17.509807586669922,0.0,8884.4775390625,0.07018136978149414,4.0448689460754395,0.08969081193208694,1.137198567390442,3.9148900508880615,1.611107587814331,2.622680902481079,4.779080390930176,0.0009990772232413292,0.23584303259849548,0.3948163688182831,0.0,0.0,0.0,9.388930320739746,1108.5328369140625,24.580575942993164,186.3737335205078,1088.63037109375,313.6632995605469,0.0,3096.843994140625,0.5754684805870056,28.301164627075195,42.99550247192383,0.0,0.0,0.0,84.51091003417969,84.51091003417969,232.1702880859375,224.0459747314453,232.73948669433594,0.0,0.0,0.0,232.1702880859375,224.0459747314453,232.73948669433594,0.0,0.0,0.0,50.400001525878906,48.02363967895508,50.56649398803711,0.0,0.0,0.0
57.0,19.127397537231445,19558.79296875,1836.469970703125,7719.41796875,10002.904296875,1600.0,17.572965621948242,0.0,8882.634765625,0.07019959390163422,4.203042030334473,0.09486286342144012,1.1372007131576538,3.9148900508880615,1.6113026142120361,2.622681140899658,4.785937786102295,0.0010041050845757127,0.24964261054992676,0.43663427233695984,0.0,0.0,0.0,31.000141143798828,1151.881591796875,25.998022079467773,186.3740692138672,688.5621337890625,321.70623779296875,312.81256103515625,3100.50048828125,0.5752198696136475,29.95711326599121,47.54947280883789,0.0,0.0,0.0,86.23861694335938,86.23861694335938,262.9246520996094,256.6419372558594,235.7440948486328,0.0,0.0,0.0,262.9246520996094,256.6419372558594,235.7440948486328,0.0,0.0,0.0,59.33249282836914,57.49480056762695,51.382179260253906,0.0,0.0,0.0
58.0,19.299091339111328,19615.939453125,1836.469970703125,7776.56591796875,10002.904296875,1600.0,17.40069007873535,0.0,8997.7919921875,0.07021062821149826,4.329799175262451,0.09897751361131668,1.1372020244598389,3.9148900508880615,1.61142098903656,2.622681140899658,4.791318416595459,0.0010071482975035906,0.2584030032157898,0.46318158507347107,0.0,0.0,0.0,25.830177307128906,1186.6204833984375,27.125680923461914,186.374267578125,342.6131591796875,406.5422058105469,623.369384765625,3092.22900390625,0.5471265912055969,31.008359909057617,50.44047546386719,0.0,0.0,0.0,88.02324676513672,88.02324676513672,257.9820861816406,248.77423095703125,227.01527404785156,0.0,0.0,0.0,257.9820861816406,248.77423095703125,227.01527404785156,0.0,0.0,0.0,58.05907440185547,55.36577224731445,49.001277923583984,0.0,0.0,0.0
59.0,19.41368865966797,19634.021484375,1836.469970703125,7794.6474609375,10002.904296875,1600.0,17.0859317779541,0.0,9172.2158203125,0.07021721452474594,4.41623067855835,0.10176821798086166,1.1372028589248657,3.9148900508880615,1.6114920377731323,2.622681140899658,4.794957637786865,0.0010089658899232745,0.26377639174461365,0.47946497797966003,0.0,0.0,0.0,0.0,1210.3077392578125,27.8904972076416,186.3743896484375,953.7520141601562,709.9718017578125,0.0,2915.980224609375,0.1927584409713745,31.653165817260742,52.21373748779297,0.0,0.0,0.0,89.8746337890625,89.8746337890625,187.4871063232422,218.0633087158203,171.7866973876953,0.0,0.0,0.0,187.4871063232422,218.0633087158203,171.7866973876953,0.0,0.0,0.0,37.75404739379883,46.69758605957031,33.161678314208984,0.0,0.0,0.0
60.0,19.469018936157227,19639.744140625,1836.469970703125,7800.369140625,10002.904296875,1600.0,16.40582847595215,0.0,9552.478515625,0.07021982967853546,4.459347248077393,0.10316476225852966,1.1372030973434448,3.9148900508880615,1.6115740537643433,2.622681140899658,4.796921730041504,0.0010096876649186015,0.265951544046402,0.4860565662384033,0.0,0.0,0.0,0.0,1222.124267578125,28.27323341369629,186.3744354248047,2812.3974609375,940.6821899414062,0.0,1067.8079833984375,0.07062613219022751,31.914186477661133,52.93156051635742,0.0,0.0,0.0,91.77230834960938,91.77230834960938,142.77017211914062,182.10009765625,175.73362731933594,0.0,0.0,0.0,142.77017211914062,182.10009765625,175.73362731933594,0.0,0.0,0.0,25.35444450378418,36.85844802856445,34.99625778198242,0.0,0.0,0.0
61.0,19.498517990112305,19778.18359375,1836.469970703125,7808.40380859375,10133.3095703125,1600.0,15.895806312561035,0.0,9925.96875,0.07022034376859665,4.484550952911377,0.10399413853883743,1.1372032165527344,3.9148900508880615,1.6117393970489502,2.622681140899658,4.79848051071167,0.0010098291095346212,0.2663835883140564,0.48736581206321716,0.0,0.0,0.0,0.0,1229.031494140625,28.500532150268555,186.37445068359375,2818.07421875,1160.452392578125,0.0,1084.6778564453125,0.07174363732337952,31.96603012084961,53.074134826660156,0.0,0.0,0.0,93.70089721679688,93.70089721679688,152.02078247070312,171.39231872558594,176.9205322265625,0.0,0.0,0.0,152.02078247070312,171.39231872558594,176.9205322265625,0.0,0.0,0.0,28.570270538330078,34.2364501953125,35.853450775146484,0.0,0.0,0.0
62.0,19.556934356689453,19991.474609375,1836.469970703125,7853.37255859375,10301.6328125,1600.0,15.960071563720703,0.0,9994.5341796875,0.070220947265625,4.535501956939697,0.10566696524620056,1.1372032165527344,3.9148900508880615,1.6121326684951782,2.622681140899658,4.801811218261719,0.0010099959326907992,0.26689645648002625,0.4889200031757355,0.0,0.0,0.0,0.0,1242.9952392578125,28.958984375,186.3744659423828,2818.67724609375,1160.7354736328125,0.0,1113.39794921875,0.07363728433847427,32.02757263183594,53.243385314941406,0.0,0.0,0.0,95.62384796142578,95.62384796142578,102.30447387695312,172.1290283203125,134.1774444580078,0.0,0.0,0.0,102.30447387695312,172.1290283203125,134.1774444580078,0.0,0.0,0.0,13.963987350463867,34.38766860961914,23.28683090209961,0.0,0.0,0.0
63.0,19.622844696044922,20038.201171875,1836.469970703125,7867.6005859375,10334.130859375,1600.0,16.486318588256836,0.0,9705.0634765625,0.07022114098072052,4.59456729888916,0.10760509967803955,1.137203335762024,3.9148900508880615,1.612281084060669,2.622681140899658,4.805915832519531,0.001010048552416265,0.2670588493347168,0.4894121587276459,0.0,0.0,0.0,0.0,1259.1824951171875,29.49014663696289,186.3744659423828,2816.7080078125,966.1691284179688,0.0,1096.322021484375,0.07248906791210175,32.047061920166016,53.29698181152344,0.0,0.0,0.0,97.46339416503906,97.46339416503906,148.67117309570312,173.4635009765625,148.7068634033203,0.0,0.0,0.0,148.67117309570312,173.4635009765625,148.7068634033203,0.0,0.0,0.0,27.000001907348633,34.25175476074219,27.010440826416016,0.0,0.0,0.0
64.0,19.814090728759766,20205.044921875,1836.469970703125,8034.44384765625,10334.130859375,1600.0,16.619342803955078,0.0,9710.0791015625,0.07022140920162201,4.767262935638428,0.11341957002878189,1.137203335762024,3.9148900508880615,1.612499713897705,2.622681140899658,4.817508697509766,0.0010101227089762688,0.2672877013683319,0.49010562896728516,0.0,0.0,0.0,0.0,1306.5113525390625,31.083654403686523,186.3744659423828,2818.720703125,597.4505004882812,0.0,1415.6263427734375,0.09352771192789078,32.07452392578125,53.37250518798828,0.0,0.0,0.0,99.19721984863281,99.19721984863281,127.91114807128906,180.54562377929688,173.5029754638672,0.0,0.0,0.0,127.91114807128906,180.54562377929688,173.5029754638672,0.0,0.0,0.0,20.794668197631836,36.190250396728516,34.130279541015625,0.0,0.0,0.0
65.0,20.08300018310547,20291.71875,1836.469970703125,8121.11767578125,10334.130859375,1600.0,17.480262756347656,0.0,9280.5693359375,0.07022172212600708,5.01012659072876,0.12163804471492767,1.137203335762024,3.915362596511841,1.6127609014511108,2.622681140899658,4.8335161209106445,0.001010210020467639,0.2675571143627167,0.4909220039844513,0.0,0.0,0.0,0.0,1373.0704345703125,33.336002349853516,186.37448120117188,962.5242919921875,425.459228515625,0.0,3083.50244140625,0.5019676089286804,32.10685348510742,53.46140670776367,0.0,0.0,0.0,100.85865020751953,100.85865020751953,211.9893341064453,219.45436096191406,214.18032836914062,0.0,0.0,0.0,211.9893341064453,219.45436096191406,214.18032836914062,0.0,0.0,0.0,44.52661895751953,46.71013641357422,45.16748046875,0.0,0.0,0.0
66.0,20.259891510009766,20319.724609375,1836.469970703125,8149.123046875,10334.130859375,1600.0,17.725109100341797,0.0,9169.2666015625,0.07022184133529663,5.108356952667236,0.1249128058552742,1.137203335762024,3.9158935546875,1.612859845161438,2.622681140899658,4.839919567108154,0.0010102418018504977,0.284516841173172,0.5423151850700378,0.0,0.0,0.0,0.0,1399.9912109375,34.233482360839844,186.37448120117188,899.57080078125,402.8407897949219,0.0,3057.054931640625,0.48427218198776245,34.14202117919922,59.05812454223633,0.0,0.0,0.0,102.47440338134766,102.47440338134766,197.4635467529297,219.8444366455078,215.23129272460938,0.0,0.0,0.0,197.4635467529297,219.8444366455078,215.23129272460938,0.0,0.0,0.0,40.03297805786133,46.57938766479492,45.23004150390625,0.0,0.0,0.0
67.0,20.45191764831543,20439.703125,1836.469970703125,8269.1015625,10334.130859375,1600.0,18.093494415283203,0.0,9040.2353515625,0.07022189348936081,5.217668056488037,0.12865298986434937,1.137203335762024,3.9162471294403076,1.6129051446914673,2.622681140899658,4.845671653747559,0.0010102568194270134,0.30258578062057495,0.5970695614814758,0.0,0.0,0.0,0.0,1429.9488525390625,35.25851058959961,186.37448120117188,935.4323120117188,394.9552917480469,0.0,2901.468505859375,0.45169302821159363,36.31029510498047,65.0208740234375,0.0,0.0,0.0,104.09113311767578,104.09113311767578,218.35067749023438,217.4971923828125,218.5218963623047,0.0,0.0,0.0,218.35067749023438,217.4971923828125,218.5218963623047,0.0,0.0,0.0,45.774078369140625,45.52443313598633,45.824161529541016,0.0,0.0,0.0
68.0,20.76158905029297,20605.517578125,1836.469970703125,8434.916015625,10334.130859375,1600.0,17.736553192138672,0.0,9295.0185546875,0.07022195309400558,5.416585445404053,0.13547255098819733,1.137203335762024,3.916666269302368,1.6129533052444458,2.622681140899658,4.855343341827393,0.0010102728847414255,0.32585832476615906,0.667592465877533,0.0,0.0,0.0,0.0,1484.464111328125,37.127471923828125,186.37448120117188,960.2188720703125,314.02264404296875,0.0,3060.69970703125,0.4916066825389862,39.10300064086914,72.70081329345703,0.0,0.0,0.0,105.72596740722656,105.72596740722656,210.14710998535156,219.63607788085938,216.3946075439453,0.0,0.0,0.0,210.14710998535156,219.63607788085938,216.3946075439453,0.0,0.0,0.0,43.731475830078125,46.50699996948242,45.558868408203125,0.0,0.0,0.0
69.0,21.071937561035156,20697.14453125,1836.469970703125,8526.5439453125,10334.130859375,1600.0,17.82405662536621,0.0,9293.0859375,0.07022199779748917,5.635347366333008,0.14292944967746735,1.1372034549713135,3.916985511779785,1.6129887104034424,2.622681140899658,4.865567684173584,0.0010102845262736082,0.3441077768802643,0.7228937745094299,0.0,0.0,0.0,0.0,1544.4178466796875,39.171104431152344,186.37448120117188,909.6604614257812,322.0428771972656,0.0,3030.05810546875,0.48031896352767944,41.292930603027344,78.72312927246094,0.0,0.0,0.0,107.40570831298828,107.40570831298828,214.02037048339844,220.40664672851562,211.3822479248047,0.0,0.0,0.0,214.02037048339844,220.40664672851562,211.3822479248047,0.0,0.0,0.0,44.77690124511719,46.64488983154297,44.0052490234375,0.0,0.0,0.0
70.0,21.312679290771484,20774.099609375,1836.469970703125,8603.4990234375,10334.130859375,1600.0,17.662242889404297,0.0,9413.564453125,0.07022202014923096,5.81358528137207,0.14897620677947998,1.1372034549713135,3.9171907901763916,1.6130110025405884,2.622681140899658,4.873749256134033,0.0010102917440235615,0.3560296595096588,0.7590206861495972,0.0,0.0,0.0,0.0,1593.2655029296875,40.82827377319336,186.37448120117188,871.478515625,406.9433288574219,0.0,3006.92041015625,0.4784344434738159,42.72355651855469,82.6573486328125,0.0,0.0,0.0,109.10919189453125,109.10919189453125,190.25936889648438,219.9238739013672,198.60430908203125,0.0,0.0,0.0,190.25936889648438,219.9238739013672,198.60430908203125,0.0,0.0,0.0,37.988624572753906,46.665489196777344,40.42951965332031,0.0,0.0,0.0
71.0,21.470016479492188,20798.44921875,1836.469970703125,8627.84765625,10334.130859375,1600.0,17.345666885375977,0.0,9596.0419921875,0.07022203505039215,5.932461261749268,0.15299534797668457,1.1372034549713135,3.9173130989074707,1.6130242347717285,2.622681140899658,4.879167079925537,0.0010102959349751472,0.3631972372531891,0.7807406783103943,0.0,0.0,0.0,0.0,1625.844482421875,41.92975616455078,186.37448120117188,2340.343505859375,710.6468505859375,0.0,1319.0091552734375,0.08672948181629181,43.58367156982422,85.02265930175781,0.0,0.0,0.0,110.85066986083984,110.85066986083984,116.76292419433594,187.99334716796875,187.58944702148438,0.0,0.0,0.0,116.76292419433594,187.99334716796875,187.58944702148438,0.0,0.0,0.0,16.8074893951416,37.64238739013672,37.52424240112305,0.0,0.0,0.0
72.0,21.54547882080078,20806.15234375,1836.469970703125,8635.5517578125,10334.130859375,1600.0,16.805988311767578,0.0,9905.1552734375,0.07022204250097275,5.992238521575928,0.15502414107322693,1.1372034549713135,3.917358160018921,1.6131056547164917,2.622681140899658,4.881943225860596,0.0010102975647896528,0.36586546897888184,0.7888261675834656,0.0,0.0,0.0,0.0,1642.2269287109375,42.48576354980469,186.37448120117188,2669.763427734375,941.5762329101562,0.0,946.9784545898438,0.0622529461979866,43.90385437011719,85.90316772460938,0.0,0.0,0.0,112.62983703613281,112.62983703613281,149.77154541015625,175.20465087890625,169.1631317138672,0.0,0.0,0.0,149.77154541015625,175.20465087890625,169.1631317138672,0.0,0.0,0.0,27.00218963623047,34.44137191772461,32.67422866821289,0.0,0.0,0.0
73.0,21.591737747192383,20923.826171875,1836.469970703125,8652.884765625,10434.470703125,1600.0,16.258922576904297,0.0,10292.427734375,0.07022204250097275,6.0324859619140625,0.15640054643154144,1.1372034549713135,3.9173686504364014,1.6132800579071045,2.622681140899658,4.883928298950195,0.0010102979140356183,0.36647725105285645,0.7906801104545593,0.0,0.0,0.0,0.0,1653.2572021484375,42.862979888916016,186.37448120117188,2676.30859375,1161.5616455078125,0.0,967.8093872070312,0.06361280381679535,43.977272033691406,86.10506439208984,0.0,0.0,0.0,114.44202423095703,114.44202423095703,159.47317504882812,172.9005889892578,161.40928649902344,0.0,0.0,0.0,159.47317504882812,172.9005889892578,161.40928649902344,0.0,0.0,0.0,30.386981964111328,34.31450271606445,30.95329475402832,0.0,0.0,0.0
74.0,21.68316650390625,21153.9375,1836.469970703125,8719.5009765625,10597.966796875,1600.0,16.327417373657227,0.0,10363.513671875,0.07022204250097275,6.113616943359375,0.15916915237903595,1.1372034549713135,3.9173812866210938,1.613685965538025,2.622681140899658,4.88797664642334,0.0010102983796969056,0.3672371804714203,0.7929828763008118,0.0,0.0,0.0,0.0,1675.4918212890625,43.62173843383789,186.37448120117188,2704.21142578125,1161.8538818359375,0.0,981.2125854492188,0.06447409838438034,33.05134582519531,78.50530242919922,0.0,0.0,0.0,116.257568359375,116.257568359375,88.42720031738281,155.7819366455078,110.71974182128906,0.0,0.0,0.0,88.42720031738281,155.7819366455078,110.71974182128906,0.0,0.0,0.0,9.537538528442383,29.238798141479492,16.058107376098633,0.0,0.0,0.0
75.0,21.7823543548584,21206.4765625,1836.469970703125,8740.578125,10629.427734375,1600.0,16.869070053100586,0.0,10063.3583984375,0.07022204250097275,6.202615737915039,0.16220355033874512,1.1372034549713135,3.9173858165740967,1.6138547658920288,2.622681140899658,4.893881320953369,0.0010102984961122274,0.3675042688846588,0.7937922477722168,0.0,0.0,0.0,0.0,1699.8826904296875,44.45334243774414,186.37448120117188,2686.755859375,967.1121826171875,0.0,964.1762084960938,0.06332629919052124,33.07538604736328,78.58543395996094,0.0,0.0,0.0,117.9877700805664,117.9877700805664,60.80775833129883,148.43731689453125,122.07218170166016,0.0,0.0,0.0,60.80775833129883,148.43731689453125,122.07218170166016,0.0,0.0,0.0,0.9172003865242004,26.548845291137695,18.83704376220703,0.0,0.0,0.0
76.0,22.021141052246094,21406.609375,1836.469970703125,8940.7119140625,10629.427734375,1600.0,17.02347183227539,0.0,10068.548828125,0.07022204250097275,6.4174628257751465,0.16966284811496735,1.1372034549713135,3.917391777038574,1.6140856742858887,2.622681140899658,4.908730983734131,0.001010298728942871,0.36785024404525757,0.7948406934738159,0.0,0.0,0.0,0.0,1758.763427734375,46.49763488769531,186.37448120117188,2748.323974609375,598.0380859375,0.0,1212.482666015625,0.07954778522253036,33.10652160644531,78.68922424316406,0.0,0.0,0.0,119.60691833496094,119.60691833496094,114.58509826660156,168.0659637451172,151.8271942138672,0.0,0.0,0.0,114.58509826660156,168.0659637451172,151.8271942138672,0.0,0.0,0.0,16.49266815185547,32.13582229614258,27.385984420776367,0.0,0.0,0.0
77.0,22.321020126342773,21483.7734375,1836.469970703125,9017.8759765625,10629.427734375,1600.0,17.894763946533203,0.0,9623.1669921875,0.07022204995155334,6.6874871253967285,0.17907023429870605,1.1372034549713135,3.917397975921631,1.6143405437469482,2.622681140899658,4.927403926849365,0.001010298845358193,0.36822566390037537,0.7959782481193542,0.0,0.0,0.0,0.0,1832.76611328125,49.075809478759766,186.37448120117188,2626.288330078125,425.8759460449219,0.0,1109.490966796875,0.07269127666950226,44.187076568603516,86.6820297241211,0.0,0.0,0.0,121.14888763427734,121.14888763427734,124.69625854492188,191.3443603515625,194.19381713867188,0.0,0.0,0.0,124.69625854492188,191.3443603515625,194.19381713867188,0.0,0.0,0.0,18.57889175415039,38.073463439941406,38.90692901611328,0.0,0.0,0.0
78.0,22.49728775024414,21508.189453125,1836.469970703125,9042.291015625,10629.427734375,1600.0,18.141061782836914,0.0,9507.7607421875,0.07022204995155334,6.846288681030273,0.18460628390312195,1.1372034549713135,3.9174013137817383,1.614478588104248,2.622681140899658,4.938387393951416,0.0010102989617735147,0.3684253990650177,0.7965835928916931,0.0,0.0,0.0,0.0,1876.287109375,50.593017578125,186.37448120117188,753.439208984375,403.2450866699219,0.0,2880.25244140625,0.4340119957923889,44.2110481262207,86.7479476928711,0.0,0.0,0.0,122.6429214477539,122.6429214477539,179.9572296142578,217.1304931640625,195.6653289794922,0.0,0.0,0.0,179.9572296142578,217.1304931640625,195.6653289794922,0.0,0.0,0.0,34.49642562866211,45.369606018066406,39.09104537963867,0.0,0.0,0.0
79.0,22.57880973815918,21515.9140625,1836.469970703125,9050.015625,10629.427734375,1600.0,18.416217803955078,0.0,9373.9521484375,0.07022204995155334,6.920955181121826,0.1872159093618393,1.1372034549713135,3.9174020290374756,1.6145038604736328,2.622681140899658,4.9424614906311035,0.0010102990781888366,0.3684617280960083,0.7966936826705933,0.0,0.0,0.0,0.0,1896.7501220703125,51.308204650878906,186.37448120117188,687.3834838867188,395.3467712402344,0.0,2841.392333984375,0.4233539402484894,44.21540832519531,86.75994110107422,0.0,0.0,0.0,124.14278411865234,124.14278411865234,199.2532196044922,220.4779052734375,184.38778686523438,0.0,0.0,0.0,199.2532196044922,220.4779052734375,184.38778686523438,0.0,0.0,0.0,39.86534881591797,46.07356643676758,35.5172119140625,0.0,0.0,0.0
80.0,22.72247886657715,21632.998046875,1836.469970703125,9167.1005859375,10629.427734375,1600.0,18.0032901763916,0.0,9638.140625,0.07022204995155334,7.053328037261963,0.19183166325092316,1.1372034549713135,3.917402505874634,1.614525318145752,2.622681140899658,4.9489970207214355,0.0010102990781888366,0.36849215626716614,0.796785831451416,0.0,0.0,0.0,0.0,1933.0281982421875,52.57319641113281,186.37448120117188,835.962158203125,314.3287048339844,0.0,2912.6767578125,0.45279398560523987,44.219058990478516,86.76997375488281,0.0,0.0,0.0,125.66338348388672,125.66338348388672,207.42886352539062,216.93760681152344,191.35394287109375,0.0,0.0,0.0,207.42886352539062,216.93760681152344,191.35394287109375,0.0,0.0,0.0,42.66965103149414,45.45096206665039,37.967735290527344,0.0,0.0,0.0
81.0,22.925395965576172,21705.537109375,1836.469970703125,9239.6396484375,10629.427734375,1600.0,18.071962356567383,0.0,9636.1318359375,0.07022204995155334,7.240135192871094,0.19835707545280457,1.1372034549713135,3.917917013168335,1.6145455837249756,2.622681140899658,4.957930564880371,0.0010102990781888366,0.36852097511291504,0.7968732118606567,0.0,0.0,0.0,0.0,1984.2242431640625,54.36154556274414,186.37448120117188,798.1913452148438,322.35369873046875,0.0,2886.498291015625,0.4541192054748535,44.22251892089844,86.77949523925781,0.0,0.0,0.0,127.23564910888672,127.23564910888672,187.13230895996094,216.66294860839844,208.89517211914062,0.0,0.0,0.0,187.13230895996094,216.66294860839844,208.89517211914062,0.0,0.0,0.0,36.664241790771484,45.30194854736328,43.029876708984375,0.0,0.0,0.0
82.0,23.11446762084961,21779.26953125,1836.469970703125,9313.3720703125,10629.427734375,1600.0,17.901159286499023,0.0,9761.048828125,0.07022204995155334,7.413717746734619,0.20441566407680511,1.1372034549713135,3.919072389602661,1.6145601272583008,2.622681140899658,4.966107368469238,0.0010102990781888366,0.3685417175292969,0.79693603515625,0.0,0.0,0.0,0.0,2031.796142578125,56.02195739746094,186.37448120117188,771.6925659179688,407.33416748046875,0.0,2861.3203125,0.4479895234107971,44.225006103515625,86.78633880615234,0.0,0.0,0.0,128.8375244140625,128.8375244140625,211.57444763183594,215.197509765625,190.75465393066406,0.0,0.0,0.0,211.57444763183594,215.197509765625,190.75465393066406,0.0,0.0,0.0,43.98436737060547,45.04411315917969,37.89457702636719,0.0,0.0,0.0
83.0,23.252450942993164,21802.7578125,1836.469970703125,9336.859375,10629.427734375,1600.0,17.577402114868164,0.0,9950.2626953125,0.07022204995155334,7.540282249450684,0.20880047976970673,1.1372034549713135,3.920111894607544,1.6145697832107544,2.622681140899658,4.972036838531494,0.0010102990781888366,0.3685551881790161,0.7969768047332764,0.0,0.0,0.0,0.0,2066.482421875,57.22365188598633,186.37448120117188,802.5724487304688,711.3277587890625,0.0,2616.6376953125,0.17082323133945465,44.22662353515625,86.79077911376953,0.0,0.0,0.0,130.48085021972656,130.48085021972656,115.87025451660156,212.15142822265625,138.95912170410156,0.0,0.0,0.0,115.87025451660156,212.15142822265625,138.95912170410156,0.0,0.0,0.0,16.314647674560547,44.476890563964844,23.068138122558594,0.0,0.0,0.0
84.0,23.320880889892578,21810.189453125,1836.469970703125,9344.291015625,10629.427734375,1600.0,16.928895950317383,0.0,10329.9716796875,0.07022204995155334,7.603011131286621,0.2109689563512802,1.1372034549713135,3.920686721801758,1.6145741939544678,2.622681140899658,4.974965572357178,0.0010102990781888366,0.368561327457428,0.7969954609870911,0.0,0.0,0.0,0.0,2083.673583984375,57.81794357299805,186.37448120117188,2502.417236328125,942.4334106445312,0.0,922.0861206054688,0.06018203869462013,44.227359771728516,86.79280853271484,0.0,0.0,0.0,132.16822814941406,132.16822814941406,153.27120971679688,176.6743621826172,157.69891357421875,0.0,0.0,0.0,153.27120971679688,176.6743621826172,157.69891357421875,0.0,0.0,0.0,27.902935028076172,34.748355865478516,29.19803810119629,0.0,0.0,0.0
85.0,23.350370407104492,21947.54296875,1836.469970703125,9346.6416015625,10764.431640625,1600.0,16.386571884155273,0.0,10733.857421875,0.07022204995155334,7.630031585693359,0.21190226078033447,1.1372034549713135,3.9209518432617188,1.614575982093811,2.622681140899658,4.976223945617676,0.0010102990781888366,0.36856383085250854,0.7970030307769775,0.0,0.0,0.0,0.0,2091.078857421875,58.07372283935547,186.37448120117188,2525.4189453125,1162.4947509765625,0.0,941.6766357421875,0.061454080045223236,44.2276611328125,86.79363250732422,0.0,0.0,0.0,133.89976501464844,133.89976501464844,146.16029357910156,169.96713256835938,158.67738342285156,0.0,0.0,0.0,146.16029357910156,169.96713256835938,158.67738342285156,0.0,0.0,0.0,26.365314483642578,33.32881546020508,30.02656364440918,0.0,0.0,0.0
86.0,23.362180709838867,22128.40234375,1836.469970703125,9347.3857421875,10944.5458984375,1600.0,16.41016387939453,0.0,10807.9853515625,0.07022204995155334,7.640849590301514,0.21227578818798065,1.1372034549713135,3.9210634231567383,1.6145766973495483,2.622681140899658,4.97672700881958,0.0010102990781888366,0.36856478452682495,0.7970059514045715,0.0,0.0,0.0,0.0,2094.043701171875,58.17609405517578,186.37448120117188,2556.706298828125,1162.4952392578125,0.0,974.4568481445312,0.06359060108661652,33.17082977294922,78.9035873413086,0.0,0.0,0.0,135.64077758789062,135.64077758789062,73.00147247314453,150.03042602539062,146.92759704589844,0.0,0.0,0.0,73.00147247314453,150.03042602539062,146.92759704589844,0.0,0.0,0.0,4.9427666664123535,27.473735809326172,26.566160202026367,0.0,0.0,0.0
87.0,23.366701126098633,22163.390625,1836.469970703125,9347.62109375,10979.2998046875,1600.0,16.940021514892578,0.0,10494.947265625,0.07022204995155334,7.6449875831604,0.21244235336780548,1.1372034549713135,3.921064615249634,1.6145766973495483,2.622681140899658,4.976943016052246,0.0010102990781888366,0.36856478452682495,0.7970059514045715,0.0,0.0,0.0,0.0,2095.177734375,58.22174072265625,186.37448120117188,2549.32373046875,967.5447998046875,0.0,963.8202514648438,0.06289543956518173,32.74858856201172,78.59429168701172,0.0,0.0,0.0,137.3073272705078,137.3073272705078,98.59223175048828,154.72198486328125,153.81655883789062,0.0,0.0,0.0,98.59223175048828,154.72198486328125,153.81655883789062,0.0,0.0,0.0,11.898205757141113,28.316158294677734,28.051321029663086,0.0,0.0,0.0
88.0,23.54473876953125,22347.720703125,1836.469970703125,9531.951171875,10979.2998046875,1600.0,17.075815200805664,0.0,10500.3603515625,0.07022204995155334,7.807591915130615,0.21931524574756622,1.1372034549713135,3.9210855960845947,1.614576816558838,2.622681140899658,4.9854817390441895,0.0010102990781888366,0.3685649633407593,0.7970064282417297,0.0,0.0,0.0,0.0,2139.740966796875,60.10531997680664,186.37448120117188,2618.400390625,598.2200927734375,0.0,1218.941162109375,0.07949430495500565,33.17084503173828,78.90364074707031,0.0,0.0,0.0,138.885009765625,138.885009765625,128.12796020507812,157.07081604003906,156.03195190429688,0.0,0.0,0.0,128.12796020507812,157.07081604003906,156.03195190429688,0.0,0.0,0.0,20.401611328125,28.867399215698242,28.56352996826172,0.0,0.0,0.0
89.0,23.795482635498047,22406.044921875,1836.469970703125,9590.2744140625,10979.2998046875,1600.0,17.933473587036133,0.0,10035.873046875,0.07022204995155334,8.036596298217773,0.22899959981441498,1.1372034549713135,3.921111822128296,1.6145769357681274,2.622681140899658,4.997509002685547,0.0010102990781888366,0.368565171957016,0.7970070838928223,0.0,0.0,0.0,0.0,2202.501708984375,62.759403228759766,186.37448120117188,2518.114990234375,425.9383239746094,0.0,1092.7734375,0.07120390236377716,44.22781753540039,86.7940673828125,0.0,0.0,0.0,140.39707946777344,140.39707946777344,153.6187286376953,186.865478515625,120.35309600830078,0.0,0.0,0.0,153.6187286376953,186.865478515625,120.35309600830078,0.0,0.0,0.0,27.000001907348633,36.72467803955078,17.269807815551758,0.0,0.0,0.0
90.0,23.93633270263672,22424.498046875,1836.469970703125,9608.728515625,10979.2998046875,1600.0,18.174806594848633,0.0,9915.51171875,0.07022204995155334,8.165233612060547,0.23444047570228577,1.1372034549713135,3.9211251735687256,1.614577054977417,2.622681140899658,5.004265785217285,0.0010102990781888366,0.36856526136398315,0.7970073819160461,0.0,0.0,0.0,0.0,2237.755859375,64.25052642822266,186.37448120117188,916.0076293945312,403.2696838378906,0.0,2598.188232421875,0.16921202838420868,44.22783279418945,86.79410552978516,0.0,0.0,0.0,141.84214782714844,141.84214782714844,191.9791717529297,213.76235961914062,184.84925842285156,0.0,0.0,0.0,191.9791717529297,213.76235961914062,184.84925842285156,0.0,0.0,0.0,37.979103088378906,44.35068130493164,35.89360427856445,0.0,0.0,0.0
91.0,24.0003604888916,22430.337890625,1836.469970703125,9614.5673828125,10979.2998046875,2930.02685546875,18.44890022277832,0.0,9775.966796875,0.07022204995155334,8.223958015441895,0.23693214356899261,1.1372034549713135,3.9211273193359375,1.614577054977417,2.622681140899658,5.007076263427734,0.0010102990781888366,0.36856526136398315,0.7970074415206909,0.0,0.0,0.0,0.0,2253.849853515625,64.93338775634766,186.37448120117188,673.3490600585938,395.3647155761719,0.0,2736.275390625,0.4252784848213196,44.22783279418945,86.79410552978516,0.0,0.0,0.0,143.2913360595703,143.2913360595703,173.7669219970703,214.7037811279297,181.6114501953125,0.0,0.0,0.0,173.7669219970703,214.7037811279297,181.6114501953125,0.0,0.0,0.0,32.377925872802734,44.351951599121094,34.672447204589844,0.0,0.0,0.0
92.0,24.133930206298828,22544.134765625,1836.469970703125,9728.3662109375,10979.2998046875,2930.02685546875,18.027278900146484,0.0,10051.4716796875,0.07022204995155334,8.347823143005371,0.24216216802597046,1.1372034549713135,3.921128749847412,1.614577054977417,2.622681140899658,5.011549949645996,0.0010102990781888366,0.36856529116630554,0.7970074415206909,0.0,0.0,0.0,0.0,2287.79638671875,66.3667221069336,186.37448120117188,1017.2352905273438,314.3387756347656,0.0,2622.391357421875,0.17068704962730408,44.22783279418945,86.79411315917969,0.0,0.0,0.0,144.76377868652344,144.76377868652344,125.94377899169922,213.87918090820312,126.62798309326172,0.0,0.0,0.0,125.94377899169922,213.87918090820312,126.62798309326172,0.0,0.0,0.0,18.811277389526367,44.532379150390625,19.01140785217285,0.0,0.0,0.0
93.0,24.425186157226562,22714.888671875,1836.469970703125,9899.1181640625,10979.2998046875,2930.02685546875,18.1718692779541,0.0,10049.37109375,0.07022204995155334,8.618827819824219,0.25361695885658264,1.1372034549713135,3.9216415882110596,1.614577054977417,2.622681140899658,5.019833564758301,0.0010102990781888366,0.36856529116630554,0.7970075011253357,0.0,0.0,0.0,0.0,2362.0673828125,69.50601959228516,186.37448120117188,802.5587158203125,322.3600158691406,0.0,2748.458251953125,0.4136548936367035,44.22783660888672,86.79411315917969,0.0,0.0,0.0,146.28443908691406,146.28443908691406,176.76046752929688,214.01544189453125,189.64952087402344,0.0,0.0,0.0,176.76046752929688,214.01544189453125,189.64952087402344,0.0,0.0,0.0,33.53056716918945,44.42764663696289,37.30061721801758,0.0,0.0,0.0
94.0,24.8115291595459,22888.42578125,1836.469970703125,10072.6552734375,10979.2998046875,2930.02685546875,18.0754337310791,0.0,10179.6455078125,0.07022204995155334,8.978292465209961,0.26879122853279114,1.1372034549713135,3.9230146408081055,1.614577054977417,2.622681140899658,5.0301642417907715,0.0010102990781888366,0.36856532096862793,0.7970075011253357,0.0,0.0,0.0,0.0,2460.58203125,73.66465759277344,186.37448120117188,748.3330078125,407.33843994140625,0.0,2701.223388671875,0.42228084802627563,44.22783660888672,86.79412078857422,0.0,0.0,0.0,147.8349151611328,147.8349151611328,172.5606231689453,212.07058715820312,183.7867889404297,0.0,0.0,0.0,172.5606231689453,212.07058715820312,183.7867889404297,0.0,0.0,0.0,32.3985481262207,43.9552116394043,35.68220138549805,0.0,0.0,0.0
95.0,25.11726951599121,22943.521484375,1836.469970703125,10127.751953125,10979.2998046875,2930.02685546875,17.771100997924805,0.0,10376.9609375,0.07022204995155334,9.26279354095459,0.2807464897632599,1.1372034549713135,3.924311637878418,1.614577054977417,2.622681140899658,5.038149833679199,0.0010102990781888366,0.36856532096862793,0.7970075607299805,0.0,0.0,0.0,0.0,2538.55224609375,76.94110870361328,186.37448120117188,1986.9571533203125,711.3309936523438,0.0,1209.0225830078125,0.07851894199848175,44.227840423583984,86.79412078857422,0.0,0.0,0.0,149.42367553710938,149.42367553710938,185.8734130859375,192.60140991210938,125.24076080322266,0.0,0.0,0.0,185.8734130859375,192.60140991210938,125.24076080322266,0.0,0.0,0.0,36.59687042236328,38.564815521240234,18.8618221282959,0.0,0.0,0.0
96.0,25.27211570739746,22960.953125,1836.469970703125,10145.1845703125,10979.2998046875,2930.02685546875,17.216798782348633,0.0,10714.2890625,0.07022204995155334,9.40688705444336,0.28679415583610535,1.1372034549713135,3.9250330924987793,1.614577054977417,2.622681140899658,5.0421342849731445,0.0010102990781888366,0.36856532096862793,0.7970075607299805,0.0,0.0,0.0,0.0,2578.042236328125,78.59852600097656,186.37448120117188,2282.10302734375,942.4351196289062,0.0,867.2372436523438,0.05630311369895935,44.227840423583984,86.79412078857422,0.0,0.0,0.0,151.0508575439453,151.0508575439453,140.2474822998047,180.288330078125,168.47659301757812,0.0,0.0,0.0,140.2474822998047,180.288330078125,168.47659301757812,0.0,0.0,0.0,23.805587768554688,35.517539978027344,32.06260299682617,0.0,0.0,0.0
97.0,25.339496612548828,23076.27734375,1836.469970703125,10150.7001953125,11089.107421875,2930.02685546875,16.642616271972656,0.0,11133.189453125,0.07022204995155334,9.469588279724121,0.2894245386123657,1.1372034549713135,3.925366163253784,1.614577054977417,2.622681140899658,5.043850421905518,0.0010102990781888366,0.36856532096862793,0.7970075607299805,0.0,0.0,0.0,0.0,2595.22607421875,79.31940460205078,186.37448120117188,2330.571044921875,1162.4954833984375,0.0,899.1876831054688,0.0583689883351326,22.113920211791992,71.01337432861328,0.0,0.0,0.0,152.72201538085938,152.72201538085938,139.75250244140625,167.5085906982422,149.01783752441406,0.0,0.0,0.0,139.75250244140625,167.5085906982422,149.01783752441406,0.0,0.0,0.0,24.2349910736084,32.35364532470703,26.94510269165039,0.0,0.0,0.0
98.0,25.366634368896484,23255.2734375,1836.469970703125,10152.4453125,11266.357421875,2930.02685546875,16.658096313476562,0.0,11210.072265625,0.07022204995155334,9.494840621948242,0.290483683347702,1.1372034549713135,3.925506114959717,1.614577054977417,2.622681140899658,5.044536113739014,0.0010102990781888366,0.36856532096862793,0.7970075607299805,0.0,0.0,0.0,0.0,2602.146728515625,79.60967254638672,186.37448120117188,2341.743896484375,1162.4954833984375,0.0,930.9053344726562,0.06042438745498657,22.113920211791992,71.01337432861328,0.0,0.0,0.0,154.40536499023438,154.40536499023438,62.737918853759766,143.7277374267578,89.84325408935547,0.0,0.0,0.0,62.737918853759766,143.7277374267578,89.84325408935547,0.0,0.0,0.0,1.692744493484497,25.382266998291016,9.621054649353027,0.0,0.0,0.0
99.0,25.377059936523438,23289.93359375,1836.469970703125,10152.998046875,11300.4658203125,2930.02685546875,17.195114135742188,0.0,10885.3818359375,0.07022204995155334,9.504388809204102,0.2909465432167053,1.1372034549713135,3.925511121749878,1.614577054977417,2.622681140899658,5.044947147369385,0.0010102990781888366,0.36856532096862793,0.7970075607299805,0.0,0.0,0.0,0.0,2604.763427734375,79.73652648925781,186.37448120117188,2329.74365234375,967.5450439453125,0.0,914.7964477539062,0.059376928955316544,22.113920211791992,71.01337432861328,0.0,0.0,0.0,156.017822265625,156.017822265625,145.85528564453125,161.7965545654297,102.73562622070312,0.0,0.0,0.0,145.85528564453125,161.7965545654297,102.73562622070312,0.0,0.0,0.0,25.467559814453125,30.13037872314453,12.855057716369629,0.0,0.0,0.0
100.0,25.491558074951172,23405.677734375,1836.469970703125,10268.7412109375,11300.4658203125,2930.02685546875,17.275165557861328,0.0,10890.9951171875,0.07022204995155334,9.609903335571289,0.2963055372238159,1.1372034549713135,3.9255259037017822,1.614577054977417,2.622681140899658,5.048556327819824,0.0010102990781888366,0.36856532096862793,0.7970075607299805,0.0,0.0,0.0,0.0,2633.6806640625,81.2052001953125,186.37448120117188,2420.466796875,598.22021484375,0.0,1156.0496826171875,0.07501603662967682,27.539085388183594,74.77838897705078,0.0,0.0,0.0,157.5550994873047,157.5550994873047,83.6986312866211,164.5231475830078,121.30836486816406,0.0,0.0,0.0,83.6986312866211,164.5231475830078,121.30836486816406,0.0,0.0,0.0,7.20668363571167,30.847854614257812,18.207530975341797,0.0,0.0,0.0
101.0,25.77079200744629,23568.646484375,1836.469970703125,10431.7109375,11300.4658203125,2930.02685546875,18.222999572753906,0.0,10409.2236328125,0.07022204995155334,9.867669105529785,0.30942556262016296,1.1372034549713135,3.925553798675537,1.614577054977417,2.622681140899658,5.0568766593933105,0.0010102990781888366,0.36856532096862793,0.7970075607299805,0.0,0.0,0.0,0.0,2704.323486328125,84.80086517333984,186.37448120117188,2318.85498046875,425.9383544921875,0.0,1023.175537109375,0.0663529559969902,31.3201961517334,77.54810333251953,0.0,0.0,0.0,159.03123474121094,159.03123474121094,132.99151611328125,154.7609405517578,145.4064178466797,0.0,0.0,0.0,132.99151611328125,154.7609405517578,145.4064178466797,0.0,0.0,0.0,20.677021026611328,27.044574737548828,24.308380126953125,0.0,0.0,0.0
102.0,26.031024932861328,23620.2109375,1836.469970703125,10483.275390625,11300.4658203125,2930.02685546875,18.49361801147461,0.0,10284.369140625,0.07022204995155334,10.108054161071777,0.3216678202152252,1.1372034549713135,3.925576686859131,1.614577054977417,2.622681140899658,5.064459323883057,0.0010102990781888366,0.36856532096862793,0.7970075607299805,0.0,0.0,0.0,0.0,2770.203125,88.15596771240234,186.37448120117188,725.6690673828125,403.2696838378906,0.0,2461.929443359375,0.2789449989795685,44.227840423583984,86.79412841796875,0.0,0.0,0.0,160.4313201904297,160.4313201904297,173.13009643554688,209.65365600585938,142.12594604492188,0.0,0.0,0.0,173.13009643554688,209.65365600585938,142.12594604492188,0.0,0.0,0.0,32.146934509277344,42.830074310302734,23.078222274780273,0.0,0.0,0.0
103.0,26.167747497558594,25148.826171875,3348.77001953125,10499.5908203125,11300.4658203125,2930.02685546875,19.982452392578125,0.0,10139.6279296875,0.07022204995155334,10.235200881958008,0.32815858721733093,1.1372034549713135,3.925579786300659,1.614577054977417,2.622681140899658,5.06754207611084,0.0010102990781888366,0.36856532096862793,0.7970075607299805,0.0,0.0,0.0,0.0,2805.049072265625,89.934814453125,186.37448120117188,581.795166015625,395.3647155761719,0.0,2479.94482421875,0.4011944532394409,43.15175247192383,86.00587463378906,0.0,0.0,0.0,161.81776428222656,161.81776428222656,179.1144256591797,214.09315490722656,202.944091796875,0.0,0.0,0.0,179.1144256591797,214.09315490722656,202.944091796875,0.0,0.0,0.0,32.40851974487305,42.63979721069336,39.378692626953125,0.0,0.0,0.0
104.0,26.570175170898438,25511.259765625,3348.77001953125,10862.0234375,11300.4658203125,2930.02685546875,19.70578384399414,0.0,10425.3818359375,0.07022204995155334,10.61000919342041,0.3472364544868469,1.1372034549713135,3.925584316253662,1.614577054977417,2.622681140899658,5.076077938079834,0.0010102990781888366,0.36856532096862793,0.7970075607299805,0.0,0.0,0.0,0.0,2907.768798828125,95.16328430175781,186.37448120117188,718.0439453125,314.3387756347656,0.0,2505.975341796875,0.3994928300380707,44.227840423583984,86.79412841796875,0.0,0.0,0.0,163.23135375976562,163.23135375976562,181.84255981445312,214.2501983642578,202.67959594726562,0.0,0.0,0.0,181.84255981445312,214.2501983642578,202.67959594726562,0.0,0.0,0.0,33.4831657409668,42.962398529052734,39.577999114990234,0.0,0.0,0.0
105.0,27.144424438476562,25693.498046875,3348.77001953125,11044.26171875,11300.4658203125,2930.02685546875,19.855058670043945,0.0,10423.197265625,0.07022204995155334,11.144567489624023,0.37445777654647827,1.1372034549713135,3.926084518432617,1.614577054977417,2.622681140899658,5.088048458099365,0.0010102990781888366,0.36856532096862793,0.7970075607299805,0.0,0.0,0.0,0.0,3054.26904296875,102.62352752685547,186.37448120117188,646.2344970703125,322.3600158691406,0.0,2427.062255859375,0.3956572711467743,36.000274658203125,80.82708740234375,0.0,0.0,0.0,164.69944763183594,164.69944763183594,182.6818084716797,212.19302368164062,207.55218505859375,0.0,0.0,0.0,182.6818084716797,212.19302368164062,207.55218505859375,0.0,0.0,0.0,33.579368591308594,42.21139907836914,40.85395431518555,0.0,0.0,0.0
106.0,27.63041114807129,25868.4921875,3348.77001953125,11219.2568359375,11300.4658203125,2930.02685546875,19.732694625854492,0.0,10558.3076171875,0.07022204995155334,11.596463203430176,0.39745691418647766,1.1372034549713135,3.9271466732025146,1.614577054977417,2.622681140899658,5.09807825088501,0.0010102990781888366,0.36856532096862793,0.7970075607299805,0.0,0.0,0.0,0.0,3166.00439453125,108.51155853271484,185.46395874023438,611.0031127929688,406.55364990234375,0.0,2353.2568359375,0.37535011768341064,34.60237121582031,79.87683868408203,0.0,0.0,0.0,166.20579528808594,166.20579528808594,198.90438842773438,199.65892028808594,195.03274536132812,0.0,0.0,0.0,198.90438842773438,199.65892028808594,195.03274536132812,0.0,0.0,0.0,38.44683837890625,38.66754150390625,37.31438064575195,0.0,0.0,0.0
107.0,27.969100952148438,25924.00390625,3348.77001953125,11274.7685546875,11300.4658203125,2930.02685546875,19.394424438476562,0.0,10762.9638671875,0.07022204995155334,11.816658973693848,0.40795478224754333,1.23968505859375,3.927795171737671,1.614577054977417,2.622681140899658,5.1029438972473145,0.0010102990781888366,0.36856532096862793,0.7970075607299805,0.0,0.0,0.0,0.0,3168.9345703125,109.4033432006836,198.71969604492188,2027.484130859375,703.7852172851562,0.0,761.5054931640625,0.049202702939510345,33.17087936401367,78.90374755859375,0.0,0.0,0.0,167.74951171875,167.74951171875,151.9720458984375,164.90516662597656,148.30323791503906,0.0,0.0,0.0,151.9720458984375,164.90516662597656,148.30323791503906,0.0,0.0,0.0,25.05739974975586,28.8403377532959,23.984270095825195,0.0,0.0,0.0
108.0,28.274154663085938,26087.150390625,3348.77001953125,11437.9140625,11300.4658203125,2930.02685546875,18.88019371032715,0.0,11119.623046875,0.07022204995155334,11.948135375976562,0.41457414627075195,1.4033187627792358,3.9282164573669434,1.614577054977417,2.622681140899658,5.105846405029297,0.0010102990781888366,0.36856532096862793,0.7970075607299805,0.0,0.0,0.0,0.0,3187.872314453125,110.61219024658203,222.79379272460938,2021.5445556640625,930.1199340820312,0.0,735.5615234375,0.047515176236629486,33.17087936401367,78.90374755859375,0.0,0.0,0.0,169.31781005859375,169.31781005859375,129.36477661132812,154.24801635742188,144.6412811279297,0.0,0.0,0.0,129.36477661132812,154.24801635742188,144.6412811279297,0.0,0.0,0.0,18.959003448486328,26.237348556518555,23.42738151550293,0.0,0.0,0.0
109.0,28.58319854736328,26296.974609375,3348.77001953125,11531.8017578125,11416.4033203125,2930.02685546875,18.303855895996094,0.0,11554.36328125,0.07022204995155334,12.060333251953125,0.42056983709335327,1.5913245677947998,3.928583860397339,1.614577054977417,2.622681140899658,5.10832405090332,0.0010102990781888366,0.36856532096862793,0.7970075607299805,0.0,0.0,0.0,0.0,3216.77001953125,112.17571258544922,251.06997680664062,2040.9710693359375,1147.104736328125,0.0,750.6004028320312,0.04847703129053116,22.113920211791992,71.01337432861328,0.0,0.0,0.0,170.90802001953125,170.90802001953125,93.70535278320312,143.15542602539062,126.83563995361328,0.0,0.0,0.0,93.70535278320312,143.15542602539062,126.83563995361328,0.0,0.0,0.0,9.104959487915039,23.56910514831543,18.79556655883789,0.0,0.0,0.0
110.0,28.780004501342773,26511.2578125,3348.77001953125,11561.5078125,11600.9794921875,2930.02685546875,18.327425003051758,0.0,11634.1474609375,0.07022204995155334,12.125511169433594,0.424103319644928,1.7177629470825195,3.9288010597229004,1.614577054977417,2.622681140899658,5.109763145446777,0.0010102990781888366,0.36856532096862793,0.7970075607299805,0.0,0.0,0.0,0.0,3232.716552734375,113.06787872314453,269.9760437011719,2040.9307861328125,1146.841064453125,0.0,767.3165893554688,0.04955095052719116,22.113920211791992,71.01337432861328,0.0,0.0,0.0,172.49110412597656,172.49110412597656,90.849853515625,142.86512756347656,96.51368713378906,0.0,0.0,0.0,90.849853515625,142.86512756347656,96.51368713378906,0.0,0.0,0.0,8.2461576461792,23.46062469482422,9.902830123901367,0.0,0.0,0.0
111.0,28.873605728149414,26556.181640625,3348.77001953125,11570.9072265625,11636.5029296875,2930.02685546875,18.922649383544922,0.0,11297.173828125,0.07022204995155334,12.19917106628418,0.42912039160728455,1.7311252355575562,3.9288218021392822,1.614577054977417,2.622681140899658,5.11130428314209,0.0010102990781888366,0.36856532096862793,0.7970075607299805,0.0,0.0,0.0,0.0,3232.388916015625,113.70313262939453,270.85028076171875,2034.19775390625,951.6793212890625,0.0,739.5324096679688,0.04775148257613182,22.113920211791992,71.01337432861328,0.0,0.0,0.0,174.0117950439453,174.0117950439453,117.63349914550781,147.12420654296875,127.60930633544922,0.0,0.0,0.0,117.63349914550781,147.12420654296875,127.60930633544922,0.0,0.0,0.0,15.485148429870605,24.11117935180664,18.403072357177734,0.0,0.0,0.0
112.0,29.269975662231445,26931.97265625,3348.77001953125,11946.69921875,11636.5029296875,2930.02685546875,19.184083938598633,0.0,11302.9814453125,0.07022204995155334,12.542769432067871,0.4502495527267456,1.7555378675460815,3.928859233856201,1.614577054977417,2.622681140899658,5.118495941162109,0.0010102990781888366,0.36856532096862793,0.7970075607299805,0.0,0.0,0.0,0.0,3355.764892578125,120.46236419677734,276.208984375,2053.51220703125,591.16796875,0.0,947.6777954101562,0.061159346252679825,22.113920211791992,71.01337432861328,0.0,0.0,0.0,175.46775817871094,175.46775817871094,116.72562408447266,152.2201385498047,124.44893646240234,0.0,0.0,0.0,116.72562408447266,152.2201385498047,124.44893646240234,0.0,0.0,0.0,14.958162307739258,25.340307235717773,17.21722984313965,0.0,0.0,0.0
113.0,29.90123748779297,27165.283203125,3348.77001953125,12180.009765625,11636.5029296875,2930.02685546875,20.272008895874023,0.0,10802.982421875,0.07022204995155334,13.096136093139648,0.4840148091316223,1.7880175113677979,3.9289090633392334,1.614577054977417,2.622681140899658,5.130095958709717,0.0010102990781888366,0.36856532096862793,0.7970075607299805,0.0,0.0,0.0,0.0,3392.962646484375,125.39913940429688,275.4258117675781,2019.276123046875,414.4716491699219,0.0,782.5591430664062,0.05046045780181885,20.104015350341797,69.54109191894531,0.0,0.0,0.0,176.87193298339844,176.87193298339844,124.2992935180664,145.0610809326172,105.72702026367188,0.0,0.0,0.0,124.2992935180664,145.0610809326172,105.72702026367188,0.0,0.0,0.0,16.085533142089844,22.158355712890625,10.653143882751465,0.0,0.0,0.0
114.0,30.347042083740234,27239.103515625,3348.77001953125,12253.8310546875,11636.5029296875,2930.02685546875,20.584007263183594,0.0,10673.4033203125,0.07022204995155334,13.489060401916504,0.5079948902130127,1.8086422681808472,3.928940534591675,1.614577054977417,2.622681140899658,5.138340473175049,0.0010102990781888366,0.36856532096862793,0.7970075607299805,0.0,0.0,0.0,0.0,3432.41943359375,129.2641143798828,275.3638916015625,2000.1209716796875,389.08221435546875,0.0,703.345947265625,0.04532535374164581,15.42325496673584,66.11237335205078,0.0,0.0,0.0,178.20220947265625,178.20220947265625,83.81390380859375,149.89108276367188,105.44884490966797,0.0,0.0,0.0,83.81390380859375,149.89108276367188,105.44884490966797,0.0,0.0,0.0,3.93156099319458,23.259132385253906,10.259779930114746,0.0,0.0,0.0
115.0,30.565956115722656,27262.4609375,3348.77001953125,12277.1884765625,11636.5029296875,2930.02685546875,20.907230377197266,0.0,10523.1826171875,0.07022204995155334,13.68265438079834,0.5198163390159607,1.81806218624115,3.928954839706421,1.614577054977417,2.622681140899658,5.142404556274414,0.0010102990781888366,0.36856532096862793,0.7970075607299805,0.0,0.0,0.0,0.0,3437.617431640625,130.59817504882812,274.5368957519531,617.7740478515625,379.17901611328125,0.0,1956.7984619140625,0.12606346607208252,33.17087936401367,78.90374755859375,0.0,0.0,0.0,179.48919677734375,179.48919677734375,153.26577758789062,189.72903442382812,153.8355255126953,0.0,0.0,0.0,153.26577758789062,189.72903442382812,153.8355255126953,0.0,0.0,0.0,23.92300796508789,34.5885124206543,24.08966064453125,0.0,0.0,0.0
116.0,30.65985679626465,27269.8515625,3348.77001953125,12284.5791015625,11636.5029296875,2930.02685546875,20.328908920288086,0.0,10819.7373046875,0.07022204995155334,13.75806999206543,0.524459719657898,1.8215376138687134,3.928960084915161,1.614577054977417,2.622681140899658,5.152765274047852,0.0010102990781888366,0.36856532096862793,0.7970075607299805,0.0,0.0,0.0,0.0,3508.8671875,133.75856018066406,277.66986083984375,590.3654174804688,303.6073303222656,0.0,2180.515869140625,0.31208810210227966,33.17087936401367,78.90374755859375,0.0,0.0,0.0,180.7763671875,180.7763671875,183.4996337890625,191.24366760253906,179.25936889648438,0.0,0.0,0.0,183.4996337890625,191.24366760253906,179.25936889648438,0.0,0.0,0.0,33.344730377197266,35.609867095947266,32.10445785522461,0.0,0.0,0.0
117.0,30.705244064331055,27280.42578125,3348.77001953125,12295.15234375,11636.5029296875,2930.02685546875,20.344966888427734,0.0,10817.4658203125,0.07022204995155334,13.788090705871582,0.5263062715530396,1.82286536693573,3.929854154586792,1.614577054977417,2.622681140899658,5.164063930511475,0.0010102990781888366,0.36856532096862793,0.7970075607299805,0.0,0.0,0.0,0.0,3510.794189453125,134.01080322265625,277.5709533691406,1688.4727783203125,311.114990234375,0.0,1070.2081298828125,0.06883221119642258,33.17087936401367,78.90374755859375,0.0,0.0,0.0,182.10162353515625,182.10162353515625,116.01249694824219,174.051025390625,159.8411865234375,0.0,0.0,0.0,116.01249694824219,174.051025390625,159.8411865234375,0.0,0.0,0.0,13.588688850402832,30.564956665039062,26.408578872680664,0.0,0.0,0.0
118.0,30.733829498291016,27287.318359375,3348.77001953125,12302.0458984375,11636.5029296875,2930.02685546875,20.086872100830078,0.0,10957.685546875,0.07022204995155334,13.790474891662598,0.5264231562614441,1.8473986387252808,3.93011474609375,1.614577054977417,2.622681140899658,5.165355205535889,0.0010102990781888366,0.36856532096862793,0.7970075607299805,0.0,0.0,0.0,0.0,3515.34033203125,134.19091796875,281.3716735839844,1689.0477294921875,393.3362731933594,0.0,1071.985595703125,0.06893932074308395,33.17087936401367,78.90374755859375,0.0,0.0,0.0,183.45013427734375,183.45013427734375,109.617919921875,172.14793395996094,157.79147338867188,0.0,0.0,0.0,109.617919921875,172.14793395996094,157.79147338867188,0.0,0.0,0.0,11.976369857788086,30.266399383544922,26.067134857177734,0.0,0.0,0.0
119.0,30.9534912109375,27501.76953125,3348.77001953125,12516.4970703125,11636.5029296875,2930.02685546875,19.85393714904785,0.0,11170.064453125,0.07022204995155334,13.799449920654297,0.526961088180542,2.0502123832702637,3.9318103790283203,1.614577054977417,2.622681140899658,5.170993804931641,0.0010102990781888366,0.36856532096862793,0.7970075607299805,0.0,0.0,0.0,0.0,3484.82666015625,133.07545471191406,309.10888671875,1931.1927490234375,683.8434448242188,0.0,684.921630859375,0.04402797669172287,33.17087936401367,78.90374755859375,0.0,0.0,0.0,184.8324737548828,184.8324737548828,166.9975128173828,161.29591369628906,163.32522583007812,0.0,0.0,0.0,166.9975128173828,161.29591369628906,163.32522583007812,0.0,0.0,0.0,28.992835998535156,27.325119018554688,27.918691635131836,0.0,0.0,0.0
120.0,31.249412536621094,27569.720703125,3348.77001953125,12584.447265625,11636.5029296875,2930.02685546875,19.390884399414062,0.0,11459.9208984375,0.07022204995155334,13.809098243713379,0.5275461077690125,2.327610492706299,3.9338293075561523,1.614577054977417,2.622681140899658,5.177265644073486,0.0010102990781888366,0.36856532096862793,0.7970075607299805,0.0,0.0,0.0,0.0,3477.710693359375,132.85824584960938,348.6251220703125,1948.3265380859375,904.8292236328125,0.0,608.4468383789062,0.03909306973218918,33.17087936401367,78.90374755859375,0.0,0.0,0.0,186.2506561279297,186.2506561279297,149.24864196777344,158.77781677246094,136.49549865722656,0.0,0.0,0.0,149.24864196777344,158.77781677246094,136.49549865722656,0.0,0.0,0.0,24.264345169067383,27.051626205444336,20.5340518951416,0.0,0.0,0.0
121.0,31.445369720458984,27704.763671875,3348.77001953125,12637.9775390625,11718.015625,2930.02685546875,18.738737106323242,0.0,11907.962890625,0.07022204995155334,13.81435775756836,0.527866005897522,2.512058734893799,3.936246633529663,1.614577054977417,2.622681140899658,5.180776596069336,0.0010102990781888366,0.36856532096862793,0.7970075607299805,0.0,0.0,0.0,0.0,3497.589111328125,133.6477813720703,376.52703857421875,1987.7786865234375,1118.884521484375,0.0,636.767333984375,0.04090157523751259,15.701839447021484,66.31644439697266,0.0,0.0,0.0,187.69976806640625,187.69976806640625,102.99149322509766,140.6042022705078,109.92802429199219,0.0,0.0,0.0,102.99149322509766,140.6042022705078,109.92802429199219,0.0,0.0,0.0,11.386275291442871,22.387990951538086,13.415209770202637,0.0,0.0,0.0
122.0,31.5648250579834,27895.560546875,3348.77001953125,12656.3876953125,11890.4033203125,2930.02685546875,18.738788604736328,0.0,11990.18359375,0.07022204995155334,13.817214012145996,0.5280401110649109,2.623389482498169,3.939403533935547,1.614577054977417,2.622681140899658,5.182713508605957,0.0010102990781888366,0.36856532096862793,0.7970075607299805,0.0,0.0,0.0,0.0,3505.29638671875,133.9587860107422,393.0813903808594,1991.6260986328125,1119.9219970703125,0.0,658.9244995117188,0.04231845960021019,17.034059524536133,67.29231262207031,0.0,0.0,0.0,189.1570587158203,189.1570587158203,124.05572509765625,141.75503540039062,127.11544036865234,0.0,0.0,0.0,124.05572509765625,141.75503540039062,127.11544036865234,0.0,0.0,0.0,17.547510147094727,22.724559783935547,18.44247817993164,0.0,0.0,0.0
123.0,31.62289810180664,27934.931640625,3348.77001953125,12662.76171875,11923.400390625,2930.02685546875,19.342391967773438,0.0,11642.8857421875,0.07022204995155334,13.859779357910156,0.5316429138183594,2.633751630783081,3.9398701190948486,1.614577054977417,2.622681140899658,5.183790683746338,0.0010102990781888366,0.36856532096862793,0.7970075607299805,0.0,0.0,0.0,0.0,3495.2666015625,134.07383728027344,392.9897766113281,1985.5589599609375,929.5062866210938,0.0,632.8475341796875,0.040640585124492645,15.431253433227539,66.11823272705078,0.0,0.0,0.0,190.56982421875,190.56982421875,130.92510986328125,145.26441955566406,120.44622802734375,0.0,0.0,0.0,130.92510986328125,145.26441955566406,120.44622802734375,0.0,0.0,0.0,18.953201293945312,23.147451400756836,15.888129234313965,0.0,0.0,0.0
124.0,31.905303955078125,28205.837890625,3348.77001953125,12933.66796875,11923.400390625,2930.02685546875,19.523160934448242,0.0,11648.8720703125,0.07022204995155334,14.092096328735352,0.5493115186691284,2.659076690673828,3.9415955543518066,1.614577054977417,2.622681140899658,5.189160346984863,0.0010102990781888366,0.36856532096862793,0.7970075607299805,0.0,0.0,0.0,0.0,3594.26025390625,140.1046600341797,399.4391784667969,2009.1895751953125,577.7650146484375,0.0,840.5621948242188,0.05395888537168503,22.113920211791992,71.01337432861328,0.0,0.0,0.0,191.93284606933594,191.93284606933594,110.07585144042969,151.1295166015625,127.26622009277344,0.0,0.0,0.0,110.07585144042969,151.1295166015625,127.26622009277344,0.0,0.0,0.0,12.674026489257812,24.682222366333008,17.702211380004883,0.0,0.0,0.0
125.0,32.280601501464844,28291.642578125,3348.77001953125,13019.47265625,11923.400390625,2930.02685546875,20.516443252563477,0.0,11133.5615234375,0.07022204995155334,14.404475212097168,0.572909951210022,2.6890339851379395,3.943805456161499,1.614577054977417,2.622681140899658,5.196312427520752,0.0010102990781888366,0.36856532096862793,0.7970075607299805,0.0,0.0,0.0,0.0,3591.697265625,142.85276794433594,398.0086364746094,1982.8045654296875,407.0265197753906,0.0,702.079345703125,0.04504596069455147,15.438239097595215,66.12335205078125,0.0,0.0,0.0,193.25726318359375,193.25726318359375,75.06532287597656,144.8908233642578,129.67208862304688,0.0,0.0,0.0,75.06532287597656,144.8908233642578,129.67208862304688,0.0,0.0,0.0,1.4401649236679077,21.864124298095703,17.41264533996582,0.0,0.0,0.0
126.0,32.489845275878906,28318.791015625,3348.77001953125,13046.62109375,11923.400390625,2930.02685546875,20.795759201049805,0.0,11000.0166015625,0.07022204995155334,14.520227432250977,0.5812061429023743,2.7708046436309814,3.9445981979370117,1.614577054977417,2.622681140899658,5.198944568634033,0.0010102990781888366,0.36856532096862793,0.7970075607299805,0.0,0.0,0.0,0.0,3588.8056640625,143.65037536621094,407.4287414550781,1971.465576171875,383.78521728515625,0.0,642.7157592773438,0.04122927412390709,12.717301368713379,64.25164794921875,0.0,0.0,0.0,194.51812744140625,194.51812744140625,125.0616226196289,145.66900634765625,134.59268188476562,0.0,0.0,0.0,125.0616226196289,145.66900634765625,134.59268188476562,0.0,0.0,0.0,15.78476619720459,21.812423706054688,18.572601318359375,0.0,0.0,0.0
127.0,32.68633270263672,28433.58203125,3348.77001953125,13161.4111328125,11923.400390625,2930.02685546875,21.189952850341797,0.0,10845.1904296875,0.07022204995155334,14.593199729919434,0.5867916941642761,2.8773834705352783,3.945089340209961,1.614577054977417,2.622681140899658,5.209804058074951,0.0010102990781888366,0.36856532096862793,0.7970075607299805,0.0,0.0,0.0,0.0,3573.13037109375,143.6753692626953,420.0386657714844,1874.1859130859375,374.6258544921875,0.0,611.57568359375,0.0391998216509819,33.17087936401367,78.90374755859375,0.0,0.0,0.0,195.74606323242188,195.74606323242188,115.23674774169922,166.01254272460938,156.3997039794922,0.0,0.0,0.0,115.23674774169922,166.01254272460938,156.3997039794922,0.0,0.0,0.0,12.516796112060547,27.368715286254883,24.556962966918945,0.0,0.0,0.0
128.0,32.88094711303711,28481.787109375,3348.77001953125,13209.6162109375,11923.400390625,2930.02685546875,20.632009506225586,0.0,11150.818359375,0.07022204995155334,14.656179428100586,0.5917770862579346,2.987450122833252,3.9455103874206543,1.614577054977417,2.622681140899658,5.225964546203613,0.0010102990781888366,0.36856532096862793,0.7970075607299805,0.0,0.0,0.0,0.0,3638.2158203125,146.90135192871094,439.3183898925781,613.6683349609375,299.7510986328125,0.0,2063.91796875,0.13213002681732178,33.17087936401367,78.90374755859375,0.0,0.0,0.0,196.97645568847656,196.97645568847656,105.74948120117188,191.03868103027344,161.57057189941406,0.0,0.0,0.0,105.74948120117188,191.03868103027344,161.57057189941406,0.0,0.0,0.0,10.299712181091309,35.246803283691406,26.62738037109375,0.0,0.0,0.0
129.0,32.99336242675781,28497.0390625,3348.77001953125,13224.869140625,11923.400390625,2930.02685546875,20.6511173248291,0.0,11148.470703125,0.07022204995155334,14.688578605651855,0.5943340063095093,3.0501856803894043,3.947585105895996,1.614577054977417,2.622681140899658,5.238617420196533,0.0010102990781888366,0.36856532096862793,0.7970075607299805,0.0,0.0,0.0,0.0,3638.468994140625,147.2209014892578,447.610107421875,460.00701904296875,307.09271240234375,0.0,2198.364990234375,0.2861412465572357,33.17087936401367,78.90374755859375,0.0,0.0,0.0,198.24937438964844,198.24937438964844,179.40090942382812,192.33058166503906,181.76315307617188,0.0,0.0,0.0,179.40090942382812,192.33058166503906,181.76315307617188,0.0,0.0,0.0,31.823650360107422,35.6055793762207,32.51460647583008,0.0,0.0,0.0
130.0,33.04815673828125,28505.751953125,3348.77001953125,13233.58203125,11923.400390625,2930.02685546875,20.389606475830078,0.0,11292.9716796875,0.07022204995155334,14.702475547790527,0.5954283475875854,3.079028844833374,3.9511640071868896,1.614577054977417,2.622681140899658,5.245996952056885,0.0010102990781888366,0.36856532096862793,0.7970075607299805,0.0,0.0,0.0,0.0,3646.02392578125,147.6585235595703,452.0575866699219,449.5990295410156,388.2497863769531,0.0,2211.20654296875,0.28970426321029663,33.17087936401367,78.90374755859375,0.0,0.0,0.0,199.54837036132812,199.54837036132812,142.69142150878906,190.9732208251953,170.53134155273438,0.0,0.0,0.0,142.69142150878906,190.9732208251953,170.53134155273438,0.0,0.0,0.0,21.347633361816406,35.47005844116211,29.49081039428711,0.0,0.0,0.0
131.0,33.07601547241211,28509.45703125,3348.77001953125,13237.287109375,11923.400390625,2930.02685546875,19.997827529907227,0.0,11511.8505859375,0.07022204995155334,14.704070091247559,0.5955381393432617,3.1034903526306152,3.951869487762451,1.614577054977417,2.622681140899658,5.246982574462891,0.0010102990781888366,0.36856532096862793,0.7970075607299805,0.0,0.0,0.0,0.0,3625.609375,146.84292602539062,454.0304870605469,1898.2506103515625,676.2002563476562,0.0,640.2063598632812,0.04092090576887131,33.17087936401367,78.90374755859375,0.0,0.0,0.0,200.8849639892578,200.8849639892578,105.38706970214844,159.17225646972656,148.4259796142578,0.0,0.0,0.0,105.38706970214844,159.17225646972656,148.4259796142578,0.0,0.0,0.0,10.827888488769531,26.560056686401367,23.416770935058594,0.0,0.0,0.0
132.0,33.18125534057617,28607.125,3348.77001953125,13334.955078125,11923.400390625,2930.02685546875,19.610530853271484,0.08777301758527756,11774.5224609375,0.07022204995155334,14.706354141235352,0.5957099199295044,3.2035000324249268,3.9531192779541016,1.614577054977417,2.622681140899658,5.248509883880615,0.0010102990781888366,0.36856532096862793,0.7970075607299805,0.0,0.0,0.0,0.0,3622.04248046875,146.71798706054688,467.9417724609375,1912.2056884765625,895.4141235351562,0.0,572.3818969726562,0.036581408232450485,33.17087936401367,78.90374755859375,0.0,0.0,0.0,202.25514221191406,202.25514221191406,146.22312927246094,156.95997619628906,145.40786743164062,0.0,0.0,0.0,146.22312927246094,156.95997619628906,145.40786743164062,0.0,0.0,0.0,23.071958541870117,26.212488174438477,22.833498001098633,0.0,0.0,0.0
133.0,33.36664962768555,28753.576171875,3348.77001953125,13417.1416015625,11987.666015625,2930.02685546875,18.953954696655273,0.0,12234.857421875,0.07022204995155334,14.709558486938477,0.5959545373916626,3.381422281265259,3.95495867729187,1.614577054977417,2.622681140899658,5.250693321228027,0.0010102990781888366,0.36856532096862793,0.7970075607299805,0.0,0.0,0.0,0.0,3645.4560546875,147.69485473632812,495.1316223144531,1957.919189453125,1107.6796875,0.0,604.4331665039062,0.03862342983484268,14.00400161743164,65.12631225585938,0.0,0.0,0.0,203.65892028808594,203.65892028808594,96.29611206054688,139.56155395507812,122.61683654785156,0.0,0.0,0.0,96.29611206054688,139.56155395507812,122.61683654785156,0.0,0.0,0.0,9.212657928466797,21.867799758911133,16.911470413208008,0.0,0.0,0.0
134.0,33.51198959350586,28946.978515625,3348.77001953125,13443.1455078125,12155.0625,2930.02685546875,18.95062255859375,0.0,12319.3291015625,0.07022204995155334,14.711756706237793,0.5961230993270874,3.519759178161621,3.9580800533294678,1.614577054977417,2.622681140899658,5.252209186553955,0.0010102990781888366,0.36856532096862793,0.7970075607299805,0.0,0.0,0.0,0.0,3652.69189453125,148.00775146484375,515.3056030273438,1960.6552734375,1108.61083984375,0.0,626.1415405273438,0.04000600054860115,15.41110610961914,66.10347747802734,0.0,0.0,0.0,205.07327270507812,205.07327270507812,94.62063598632812,137.85336303710938,105.47919464111328,0.0,0.0,0.0,94.62063598632812,137.85336303710938,105.47919464111328,0.0,0.0,0.0,8.725914001464844,21.371484756469727,11.9020414352417,0.0,0.0,0.0
135.0,33.5867805480957,28989.177734375,3348.77001953125,13453.412109375,12186.9951171875,2930.02685546875,19.562572479248047,0.0,11962.490234375,0.07022204995155334,14.76370906829834,0.6014527082443237,3.53515362739563,3.958906888961792,1.614577054977417,2.622681140899658,5.253495693206787,0.0010102990781888366,0.36856532096862793,0.7970075607299805,0.0,0.0,0.0,0.0,3641.195068359375,148.337158203125,515.1644287109375,1950.35791015625,919.8333740234375,0.0,598.0042724609375,0.038204748183488846,13.512594223022461,64.79226684570312,0.0,0.0,0.0,206.44638061523438,206.44638061523438,119.69135284423828,145.33885192871094,129.00001525878906,0.0,0.0,0.0,119.69135284423828,145.33885192871094,129.00001525878906,0.0,0.0,0.0,15.447147369384766,22.94904136657715,18.169933319091797,0.0,0.0,0.0
136.0,33.906288146972656,29289.775390625,3348.77001953125,13754.0107421875,12186.9951171875,2930.02685546875,19.758346557617188,0.0,11968.6396484375,0.07022204995155334,15.016857147216797,0.6250500082969666,3.569239377975464,3.9617295265197754,1.614577054977417,2.622681140899658,5.259347915649414,0.0010102990781888366,0.36856532096862793,0.7970075607299805,0.0,0.0,0.0,0.0,3738.915283203125,155.62570190429688,523.0091552734375,1986.224365234375,571.2294921875,0.0,788.6577758789062,0.05036399886012077,20.502269744873047,69.83281707763672,0.0,0.0,0.0,207.77670288085938,207.77670288085938,109.31687927246094,150.9279327392578,121.67868041992188,0.0,0.0,0.0,109.31687927246094,150.9279327392578,121.67868041992188,0.0,0.0,0.0,12.216840744018555,24.38807487487793,15.832666397094727,0.0,0.0,0.0
137.0,34.32468795776367,29384.99609375,3348.77001953125,13849.23046875,12186.9951171875,2930.02685546875,20.769086837768555,0.0,11439.177734375,0.07022204995155334,15.353059768676758,0.656175971031189,3.609013795852661,3.965312957763672,1.614577054977417,2.622681140899658,5.267063140869141,0.0010102990781888366,0.36856532096862793,0.7970075607299805,0.0,0.0,0.0,0.0,3736.299072265625,159.68606567382812,521.0955810546875,1946.322265625,402.4403991699219,0.0,653.12841796875,0.04168606922030449,12.796422004699707,64.30543518066406,0.0,0.0,0.0,209.07374572753906,209.07374572753906,130.64178466796875,142.8723907470703,128.37501525878906,0.0,0.0,0.0,130.64178466796875,142.8723907470703,128.37501525878906,0.0,0.0,0.0,17.443634033203125,21.021085739135742,16.78060531616211,0.0,0.0,0.0
138.0,34.55750274658203,29415.123046875,3348.77001953125,13879.3583984375,12186.9951171875,2930.02685546875,21.053455352783203,0.0,11301.9609375,0.07022204995155334,15.45700454711914,0.6652607917785645,3.7253477573394775,3.966388702392578,1.614577054977417,2.622681140899658,5.269435405731201,0.0010102990781888366,0.36856532096862793,0.7970075607299805,0.0,0.0,0.0,0.0,3730.300537109375,160.55003356933594,534.5851440429688,1926.3226318359375,379.55987548828125,0.0,599.935302734375,0.03828446939587593,11.056960105895996,60.09886932373047,0.0,0.0,0.0,210.31517028808594,210.31517028808594,125.00033569335938,137.56797790527344,96.21937561035156,0.0,0.0,0.0,125.00033569335938,137.56797790527344,96.21937561035156,0.0,0.0,0.0,15.509142875671387,19.1851806640625,7.090713024139404,0.0,0.0,0.0
139.0,34.847652435302734,29617.640625,3348.77001953125,14081.875,12186.9951171875,3297.099853515625,21.513347625732422,0.0,11142.8720703125,0.07022204995155334,15.5407133102417,0.6730559468269348,3.9212348461151123,3.9672420024871826,1.614577054977417,2.622681140899658,5.271343231201172,0.0010102990781888366,0.36856532096862793,0.7970075607299805,0.0,0.0,0.0,0.0,3704.992431640625,160.4602813720703,558.3033447265625,1852.260498046875,370.06622314453125,0.0,535.8880615234375,0.034192685037851334,33.17087936401367,78.90374755859375,0.0,0.0,0.0,211.5244140625,211.5244140625,127.22723388671875,160.47476196289062,144.47276306152344,0.0,0.0,0.0,127.22723388671875,160.47476196289062,144.47276306152344,0.0,0.0,0.0,15.700617790222168,25.425521850585938,20.744935989379883,0.0,0.0,0.0
140.0,35.15304946899414,29681.716796875,3348.77001953125,14145.9521484375,12186.9951171875,3297.099853515625,20.95570945739746,0.0,11456.880859375,0.07022204995155334,15.617914199829102,0.6804827451705933,4.133820056915283,3.9680252075195312,1.614577054977417,2.622681140899658,5.278745174407959,0.0010102990781888366,0.36856532096862793,0.7970075607299805,0.0,0.0,0.0,0.0,3776.88623046875,164.5614013671875,592.02734375,411.9437561035156,296.12677001953125,0.0,2150.4619140625,0.29647186398506165,33.17087936401367,78.90374755859375,0.0,0.0,0.0,212.73519897460938,212.73519897460938,183.23956298828125,191.92691040039062,178.97755432128906,0.0,0.0,0.0,183.23956298828125,191.92691040039062,178.97755432128906,0.0,0.0,0.0,32.64186096191406,35.18291473388672,31.39522361755371,0.0,0.0,0.0
141.0,35.322452545166016,29707.416015625,3348.77001953125,14171.650390625,12186.9951171875,3297.099853515625,20.981914520263672,0.0,11454.462890625,0.07022204995155334,15.655777931213379,0.6841526627540588,4.249514579772949,3.9698758125305176,1.614577054977417,2.622681140899658,5.289068698883057,0.0010102990781888366,0.36856532096862793,0.7970075607299805,0.0,0.0,0.0,0.0,3768.200927734375,164.66920471191406,607.11279296875,1616.3599853515625,303.0413513183594,0.0,929.9766235351562,0.059260331094264984,33.17087936401367,78.90374755859375,0.0,0.0,0.0,213.99020385742188,213.99020385742188,106.94451141357422,174.29534912109375,137.9582977294922,0.0,0.0,0.0,106.94451141357422,174.29534912109375,137.9582977294922,0.0,0.0,0.0,10.299354553222656,29.999473571777344,19.370887756347656,0.0,0.0,0.0
142.0,35.40703582763672,29720.08203125,3348.77001953125,14184.3173828125,12186.9951171875,3297.099853515625,20.718223571777344,0.0,11602.921875,0.07022204995155334,15.67280387878418,0.6857820153236389,4.305082321166992,3.972475290298462,1.614577054977417,2.622681140899658,5.296828746795654,0.0010102990781888366,0.36856532096862793,0.7970075607299805,0.0,0.0,0.0,0.0,3776.794921875,165.25811767578125,615.323486328125,1616.680419921875,383.13494873046875,0.0,930.8833618164062,0.059284038841724396,33.17087936401367,78.90374755859375,0.0,0.0,0.0,215.27468872070312,215.27468872070312,110.89712524414062,171.52235412597656,136.60086059570312,0.0,0.0,0.0,110.89712524414062,171.52235412597656,136.60086059570312,0.0,0.0,0.0,11.719184875488281,29.452064514160156,19.237529754638672,0.0,0.0,0.0
143.0,35.447906494140625,29724.388671875,3348.77001953125,14188.6240234375,12186.9951171875,3297.099853515625,20.319766998291016,0.0,11827.8095703125,0.07022204995155334,15.680496215820312,0.6864972114562988,4.331268787384033,3.974226951599121,1.614577054977417,2.622681140899658,5.301353454589844,0.0010102990781888366,0.36856532096862793,0.7970075607299805,0.0,0.0,0.0,0.0,3761.54736328125,164.6817626953125,617.416748046875,1857.641845703125,667.681884765625,0.0,569.2866821289062,0.036243241280317307,33.17087936401367,78.90374755859375,0.0,0.0,0.0,216.596435546875,216.596435546875,152.72518920898438,158.42013549804688,162.49945068359375,0.0,0.0,0.0,152.72518920898438,158.42013549804688,162.49945068359375,0.0,0.0,0.0,24.352352142333984,26.018123626708984,27.211320877075195,0.0,0.0,0.0
144.0,35.46538162231445,29725.751953125,3348.77001953125,14189.9873046875,12186.9951171875,3297.099853515625,19.7341251373291,0.0,12171.837890625,0.07022204995155334,15.683622360229492,0.6867835521697998,4.342267990112305,3.9751245975494385,1.614577054977417,2.622681140899658,5.303519248962402,0.0010102990781888366,0.36856532096862793,0.7970075607299805,0.0,0.0,0.0,0.0,3774.591064453125,165.28880310058594,620.3688354492188,1859.662109375,885.9286499023438,0.0,562.7874145507812,0.03582366183400154,33.17087936401367,78.90374755859375,0.0,0.0,0.0,217.95654296875,217.95654296875,134.9587860107422,150.03598022460938,144.0230712890625,0.0,0.0,0.0,134.9587860107422,150.03598022460938,144.0230712890625,0.0,0.0,0.0,19.741321563720703,24.151399612426758,22.392621994018555,0.0,0.0,0.0
145.0,35.472347259521484,29825.744140625,3348.77001953125,14190.41796875,12286.556640625,3297.099853515625,19.03919219970703,0.0,12647.6884765625,0.07022204995155334,15.684494972229004,0.6868650913238525,4.345434188842773,3.9772934913635254,1.614577054977417,2.622681140899658,5.304195404052734,0.0010102990781888366,0.36856532096862793,0.7970075607299805,0.0,0.0,0.0,0.0,3806.752197265625,166.7076416015625,624.262451171875,1926.7421875,1097.03125,0.0,600.9240112304688,0.03824927285313606,12.97618293762207,64.42762756347656,0.0,0.0,0.0,219.3553009033203,219.3553009033203,87.35282135009766,133.3496856689453,119.96051788330078,0.0,0.0,0.0,87.35282135009766,133.3496856689453,119.96051788330078,0.0,0.0,0.0,6.511508941650391,19.965591430664062,16.04926109313965,0.0,0.0,0.0
146.0,35.47734451293945,30018.90625,3348.77001953125,14194.0146484375,12476.12109375,3297.099853515625,19.030864715576172,0.0,12735.0078125,0.07022204995155334,15.68480396270752,0.6868934035301208,4.346571922302246,3.9805569648742676,1.614577054977417,2.622681140899658,5.3044538497924805,0.0010102990781888366,0.36856532096862793,0.7970075607299805,0.0,0.0,0.0,0.0,3818.395263671875,167.2211151123047,625.5961303710938,1937.927001953125,1098.5623779296875,0.0,629.6332397460938,0.04007585719227791,14.458454132080078,65.43523406982422,0.0,0.0,0.0,220.7642059326172,220.7642059326172,100.11599731445312,137.32846069335938,115.06503295898438,0.0,0.0,0.0,100.11599731445312,137.32846069335938,115.06503295898438,0.0,0.0,0.0,10.25306510925293,21.137710571289062,14.625657081604004,0.0,0.0,0.0
147.0,35.48429489135742,30057.029296875,3348.77001953125,14195.783203125,12512.4755859375,3297.099853515625,19.642244338989258,0.0,12366.1259765625,0.07022204995155334,15.68496036529541,0.686907172203064,4.3471503257751465,3.982736349105835,1.614577054977417,2.622681140899658,5.308477401733398,0.0010102990781888366,0.36856532096862793,0.7970075607299805,0.0,0.0,0.0,0.0,3796.91015625,166.28187561035156,623.2703247070312,1926.3702392578125,911.95556640625,0.0,605.6007690429688,0.038535188883543015,12.735294342041016,64.26388549804688,0.0,0.0,0.0,222.135986328125,222.135986328125,120.41878509521484,145.3322296142578,126.48078155517578,0.0,0.0,0.0,120.41878509521484,145.3322296142578,126.48078155517578,0.0,0.0,0.0,15.58025074005127,22.867431640625,17.35338592529297,0.0,0.0,0.0
148.0,35.49873352050781,30068.580078125,3348.77001953125,14207.3349609375,12512.4755859375,3297.099853515625,19.642677307128906,0.0,12372.466796875,0.07022204995155334,15.685147285461426,0.6869233250617981,4.347841262817383,3.9860494136810303,1.614577054977417,2.622681140899658,5.3187079429626465,0.0010102990781888366,0.36856532096862793,0.7970075607299805,0.0,0.0,0.0,0.0,3864.359619140625,169.23773193359375,629.185546875,1969.3831787109375,568.4068603515625,0.0,817.2648315429688,0.05196595564484596,21.73682975769043,70.73715209960938,0.0,0.0,0.0,223.4693603515625,223.4693603515625,109.23909759521484,151.2551727294922,122.8877182006836,0.0,0.0,0.0,109.23909759521484,151.2551727294922,122.8877182006836,0.0,0.0,0.0,12.309759140014648,24.599462509155273,16.30198097229004,0.0,0.0,0.0
149.0,35.515724182128906,30072.33203125,3348.77001953125,14211.0859375,12512.4755859375,3297.099853515625,20.58411979675293,0.0,11825.1357421875,0.07022204995155334,15.685340881347656,0.6869400143623352,4.3485565185546875,3.989713668823242,1.614577054977417,2.622681140899658,5.331110000610352,0.0010102990781888366,0.36856532096862793,0.7970075607299805,0.0,0.0,0.0,0.0,3812.63623046875,166.9745330810547,623.7374877929688,1943.265380859375,402.196044921875,0.0,708.242431640625,0.044994205236434937,16.43745994567871,66.85529327392578,0.0,0.0,0.0,224.7725067138672,224.7725067138672,71.99304962158203,143.88076782226562,130.7841033935547,0.0,0.0,0.0,71.99304962158203,143.88076782226562,130.7841033935547,0.0,0.0,0.0,0.4738456904888153,21.501005172729492,17.670230865478516,0.0,0.0,0.0
150.0,35.525054931640625,30073.517578125,3348.77001953125,14212.2724609375,12512.4755859375,3297.099853515625,20.845624923706055,0.0,11683.283203125,0.07022204995155334,15.685437202453613,0.6869483590126038,4.348914623260498,3.9916441440582275,1.614577054977417,2.622681140899658,5.338048458099365,0.0010102990781888366,0.36856532096862793,0.7970075607299805,0.0,0.0,0.0,0.0,3786.86865234375,165.84701538085938,621.9270629882812,1941.97021484375,379.62677001953125,0.0,667.3404541015625,0.04237491264939308,14.5022611618042,65.46501159667969,0.0,0.0,0.0,226.02386474609375,226.02386474609375,120.1912612915039,141.761474609375,129.67726135253906,0.0,0.0,0.0,120.1912612915039,141.761474609375,129.67726135253906,0.0,0.0,0.0,14.310317993164062,20.619604110717773,17.08497428894043,0.0,0.0,0.0
151.0,35.52926254272461,30306.193359375,3581.070068359375,14212.6484375,12512.4755859375,3297.099853515625,21.31928253173828,0.0,11518.8251953125,0.07022204995155334,15.68545150756836,0.686949610710144,4.348968029022217,3.9919400215148926,1.614577054977417,2.622681140899658,5.341888427734375,0.0010102990781888366,0.36856532096862793,0.7970075607299805,0.0,0.0,0.0,0.0,3763.604736328125,164.8283233642578,619.4954833984375,1884.6773681640625,371.1368408203125,0.0,615.737060546875,0.039087556302547455,33.17087936401367,78.90374755859375,0.0,0.0,0.0,227.2444610595703,227.2444610595703,131.67190551757812,160.4578094482422,133.61793518066406,0.0,0.0,0.0,131.67190551757812,160.4578094482422,133.61793518066406,0.0,0.0,0.0,17.194747924804688,25.614625930786133,17.763961791992188,0.0,0.0,0.0
152.0,35.53873825073242,30314.41015625,3581.070068359375,14220.86328125,12512.4755859375,3297.099853515625,20.72672462463379,0.0,11843.423828125,0.07022204995155334,15.685463905334473,0.6869506239891052,4.349013328552246,3.9921987056732178,1.614577054977417,2.622681140899658,5.351046562194824,0.0010102990781888366,0.36856532096862793,0.7970075607299805,0.0,0.0,0.0,0.0,3832.788330078125,167.85836791992188,625.7045288085938,503.91961669921875,297.5358581542969,0.0,2208.840576171875,0.2926120162010193,33.17087936401367,78.90374755859375,0.0,0.0,0.0,228.4663848876953,228.4663848876953,181.9535369873047,191.7168731689453,170.50596618652344,0.0,0.0,0.0,181.9535369873047,191.7168731689453,170.50596618652344,0.0,0.0,0.0,32.494686126708984,35.350460052490234,29.146270751953125,0.0,0.0,0.0
153.0,35.55571746826172,30322.564453125,3581.070068359375,14229.01953125,12512.4755859375,3297.099853515625,20.740211486816406,0.0,11840.91796875,0.07022204995155334,15.685476303100586,0.6869516968727112,4.349057674407959,3.9934465885162354,1.614577054977417,2.622681140899658,5.366722583770752,0.0010102990781888366,0.36856532096862793,0.7970075607299805,0.0,0.0,0.0,0.0,3830.7421875,167.76889038085938,625.4819946289062,675.0301513671875,305.0528564453125,0.0,2029.779541015625,0.12861940264701843,33.17087936401367,78.90374755859375,0.0,0.0,0.0,229.73394775390625,229.73394775390625,133.5559539794922,189.96389770507812,138.26138305664062,0.0,0.0,0.0,133.5559539794922,189.96389770507812,138.26138305664062,0.0,0.0,0.0,18.324907302856445,34.82422637939453,19.701242446899414,0.0,0.0,0.0
154.0,35.578346252441406,30334.828125,3581.070068359375,14241.283203125,12512.4755859375,3297.099853515625,20.478750228881836,0.0,11994.380859375,0.07022204995155334,15.685486793518066,0.6869526505470276,4.3490986824035645,3.9963607788085938,1.614577054977417,2.622681140899658,5.386384010314941,0.0010102990781888366,0.36856532096862793,0.7970075607299805,0.0,0.0,0.0,0.0,3838.927001953125,168.12745666503906,626.3931884765625,678.6420288085938,385.8493347167969,0.0,2037.9869384765625,0.12895400822162628,33.17087936401367,78.90374755859375,0.0,0.0,0.0,231.03277587890625,231.03277587890625,132.69393920898438,189.4130859375,156.56576538085938,0.0,0.0,0.0,132.69393920898438,189.4130859375,156.56576538085938,0.0,0.0,0.0,18.334228515625,34.92457962036133,25.31673812866211,0.0,0.0,0.0
155.0,35.59943771362305,30339.107421875,3581.070068359375,14245.5615234375,12512.4755859375,3297.099853515625,20.084369659423828,0.0,12226.8359375,0.07022204995155334,15.68549633026123,0.6869533658027649,4.349132061004639,3.99940824508667,1.614577054977417,2.622681140899658,5.404383182525635,0.0010102990781888366,0.36856532096862793,0.7970075607299805,0.0,0.0,0.0,0.0,3822.75732421875,167.4193878173828,624.98583984375,1653.628173828125,672.5003662109375,0.0,949.93994140625,0.06002779304981232,33.17087936401367,78.90374755859375,0.0,0.0,0.0,232.37356567382812,232.37356567382812,149.64414978027344,165.6178741455078,122.32528686523438,0.0,0.0,0.0,149.64414978027344,165.6178741455078,122.32528686523438,0.0,0.0,0.0,23.68654441833496,28.358858108520508,15.69577693939209,0.0,0.0,0.0
156.0,35.61062240600586,30340.4609375,3581.070068359375,14246.9150390625,12512.4755859375,3297.099853515625,19.529544830322266,0.0,12566.9892578125,0.07022204995155334,15.685500144958496,0.6869537830352783,4.349148273468018,4.001129150390625,1.614577054977417,2.622681140899658,5.4138264656066895,0.0010102990781888366,0.36856532096862793,0.7970075607299805,0.0,0.0,0.0,0.0,3833.84521484375,167.905029296875,626.3209838867188,1919.06787109375,892.1848754882812,0.0,679.662841796875,0.042918696999549866,33.17087936401367,78.90374755859375,0.0,0.0,0.0,233.75491333007812,233.75491333007812,130.8591766357422,157.55691528320312,137.25802612304688,0.0,0.0,0.0,130.8591766357422,157.55691528320312,137.25802612304688,0.0,0.0,0.0,18.74676513671875,26.55585479736328,20.61842918395996,0.0,0.0,0.0
157.0,35.6155891418457,30438.94921875,3581.070068359375,14247.34375,12610.5361328125,3297.099853515625,18.838787078857422,0.0,13058.2880859375,0.07022204995155334,15.685502052307129,0.6869538426399231,4.349152565002441,4.001652240753174,1.614577054977417,2.622681140899658,5.418264865875244,0.0010102990781888366,0.36856532096862793,0.7970075607299805,0.0,0.0,0.0,0.0,3866.917236328125,169.3534393310547,629.9202270507812,1963.9459228515625,1104.8983154296875,0.0,736.6823120117188,0.04650398716330528,19.643749237060547,69.20394134521484,0.0,0.0,0.0,235.1763916015625,235.1763916015625,117.551025390625,138.91888427734375,107.78294372558594,0.0,0.0,0.0,117.551025390625,138.91888427734375,107.78294372558594,0.0,0.0,0.0,15.544889450073242,21.794984817504883,12.687725067138672,0.0,0.0,0.0
158.0,35.61991882324219,30634.8515625,3581.070068359375,14249.8896484375,12803.8916015625,3297.099853515625,18.829641342163086,0.0,13148.4287109375,0.07022204995155334,15.685502052307129,0.6869539022445679,4.349154949188232,4.00283670425415,1.614577054977417,2.622681140899658,5.421408653259277,0.0010102990781888366,0.36856532096862793,0.7970075607299805,0.0,0.0,0.0,0.0,3878.927734375,169.87945556640625,631.1412353515625,1972.148193359375,1106.488037109375,0.0,769.7698974609375,0.04858164116740227,21.167678833007812,70.32024383544922,0.0,0.0,0.0,236.61398315429688,236.61398315429688,97.94401550292969,144.763671875,98.9129409790039,0.0,0.0,0.0,97.94401550292969,144.763671875,98.9129409790039,0.0,0.0,0.0,9.81898307800293,23.513731002807617,10.102392196655273,0.0,0.0,0.0
159.0,35.625221252441406,30674.552734375,3581.070068359375,14252.5390625,12840.9443359375,3297.099853515625,19.43564796447754,0.0,12767.5615234375,0.07022204995155334,15.685502052307129,0.6869539022445679,4.349155426025391,4.00370979309082,1.614577054977417,2.622681140899658,5.425836086273193,0.0010102990781888366,0.36856532096862793,0.7970075607299805,0.0,0.0,0.0,0.0,3856.832763671875,168.91180419921875,628.6506958007812,1962.49560546875,918.4879150390625,0.0,738.2398681640625,0.046577103435993195,19.315441131591797,68.96345520019531,0.0,0.0,0.0,238.01651000976562,238.01651000976562,131.84487915039062,147.20315551757812,124.33663940429688,0.0,0.0,0.0,131.84487915039062,147.20315551757812,124.33663940429688,0.0,0.0,0.0,19.128978729248047,23.621273040771484,16.932819366455078,0.0,0.0,0.0
160.0,35.64690017700195,30693.1171875,3581.070068359375,14271.1025390625,12840.9443359375,3297.099853515625,19.44033432006836,0.0,12774.1083984375,0.07022204995155334,15.685503005981445,0.6869539618492126,4.349156379699707,4.006951808929443,1.614577054977417,2.622681140899658,5.444272041320801,0.0010102990781888366,0.36856532096862793,0.7970075607299805,0.0,0.0,0.0,0.0,3918.2666015625,171.60232543945312,634.645751953125,2010.338134765625,572.0684814453125,0.0,964.8787841796875,0.060797467827796936,22.113920211791992,71.01337432861328,0.0,0.0,0.0,239.3824920654297,239.3824920654297,112.42670440673828,153.51394653320312,123.17266082763672,0.0,0.0,0.0,112.42670440673828,153.51394653320312,123.17266082763672,0.0,0.0,0.0,13.444477081298828,25.462495803833008,16.587669372558594,0.0,0.0,0.0
161.0,35.67378616333008,30699.169921875,3581.070068359375,14277.15625,12840.9443359375,3297.099853515625,20.374553680419922,0.0,12209.0068359375,0.07022204995155334,15.685503005981445,0.6869539618492126,4.349157810211182,4.010906219482422,1.614577054977417,2.622681140899658,5.467202663421631,0.0010102990781888366,0.36856532096862793,0.7970075607299805,0.0,0.0,0.0,0.0,3864.8095703125,169.2611541748047,628.9129638671875,1982.79052734375,404.72125244140625,0.0,839.3327026367188,0.05280182883143425,22.113920211791992,71.01337432861328,0.0,0.0,0.0,240.72157287597656,240.72157287597656,71.04766845703125,148.00387573242188,106.00688934326172,0.0,0.0,0.0,71.04766845703125,148.00387573242188,106.00688934326172,0.0,0.0,0.0,0.4068877398967743,22.916580200195312,10.632461547851562,0.0,0.0,0.0
162.0,35.68867874145508,30701.0859375,3581.070068359375,14279.0712890625,12840.9443359375,3297.099853515625,20.634166717529297,0.0,12062.5341796875,0.07022204995155334,15.685503005981445,0.6869540214538574,4.349158763885498,4.013072490692139,1.614577054977417,2.622681140899658,5.479926586151123,0.0010102990781888366,0.36856532096862793,0.7970075607299805,0.0,0.0,0.0,0.0,3846.74072265625,168.46981811523438,626.9949340820312,1973.1629638671875,382.3509826660156,0.0,794.7095336914062,0.04995011165738106,20.644372940063477,69.9369125366211,0.0,0.0,0.0,242.00877380371094,242.00877380371094,114.82987213134766,146.09010314941406,89.97078704833984,0.0,0.0,0.0,114.82987213134766,146.09010314941406,89.97078704833984,0.0,0.0,0.0,12.953569412231445,22.09718894958496,5.68228816986084,0.0,0.0,0.0
163.0,35.695411682128906,30701.69140625,3581.070068359375,14279.6767578125,12840.9443359375,3297.099853515625,20.941757202148438,0.0,11892.734375,0.07022204995155334,15.685503005981445,0.6869540214538574,4.349158763885498,4.013354778289795,1.614577054977417,2.622681140899658,5.4863762855529785,0.0010102990781888366,0.36856532096862793,0.7970075607299805,0.0,0.0,0.0,0.0,3822.7255859375,167.41806030273438,624.4766845703125,1906.0079345703125,373.7739562988281,0.0,760.9031982421875,0.04780368506908417,33.17087936401367,78.90374755859375,0.0,0.0,0.0,243.26760864257812,243.26760864257812,108.67851257324219,159.60382080078125,141.9599609375,0.0,0.0,0.0,108.67851257324219,159.60382080078125,141.9599609375,0.0,0.0,0.0,10.846707344055176,25.74235725402832,20.581531524658203,0.0,0.0,0.0
164.0,35.71476364135742,30719.2109375,3581.070068359375,14297.1962890625,12840.9443359375,3297.099853515625,20.365171432495117,0.0,12227.865234375,0.07022204995155334,15.685503005981445,0.6869540214538574,4.349158763885498,4.013784408569336,1.614577054977417,2.622681140899658,5.5052995681762695,0.0010102990781888366,0.36856532096862793,0.7970075607299805,0.0,0.0,0.0,0.0,3885.576171875,170.17063903808594,630.875244140625,883.6091918945312,299.42242431640625,0.0,2010.0457763671875,0.12611256539821625,33.17087936401367,78.90374755859375,0.0,0.0,0.0,244.53265380859375,244.53265380859375,126.50462341308594,188.19422912597656,164.84678649902344,0.0,0.0,0.0,126.50462341308594,188.19422912597656,164.84678649902344,0.0,0.0,0.0,16.637432098388672,34.681640625,27.852514266967773,0.0,0.0,0.0
165.0,35.73936462402344,30724.75390625,3581.070068359375,14302.7392578125,12840.9443359375,3297.099853515625,20.376646041870117,0.0,12225.271484375,0.07022204995155334,15.685503005981445,0.6869540214538574,4.349159240722656,4.017274856567383,1.614577054977417,2.622681140899658,5.52640962600708,0.0010102990781888366,0.36856532096862793,0.7970075607299805,0.0,0.0,0.0,0.0,3883.464111328125,170.07814025878906,630.6395874023438,781.3151245117188,306.9852600097656,0.0,2104.15234375,0.13182207942008972,33.17087936401367,78.90374755859375,0.0,0.0,0.0,245.8445281982422,245.8445281982422,110.05296325683594,189.60777282714844,138.02381896972656,0.0,0.0,0.0,110.05296325683594,189.60777282714844,138.02381896972656,0.0,0.0,0.0,11.813847541809082,35.0836296081543,19.995323181152344,0.0,0.0,0.0
166.0,35.75596618652344,30730.90234375,3581.070068359375,14308.888671875,12840.9443359375,3297.099853515625,20.11540985107422,0.0,12383.701171875,0.07022204995155334,15.685503005981445,0.6869540214538574,4.349159240722656,4.022772312164307,1.614577054977417,2.622681140899658,5.537512302398682,0.0010102990781888366,0.36856532096862793,0.7970075607299805,0.0,0.0,0.0,0.0,3891.9365234375,170.44918823242188,631.578369140625,895.700439453125,388.3046569824219,0.0,2004.041259765625,0.1254529505968094,33.17087936401367,78.90374755859375,0.0,0.0,0.0,247.19024658203125,247.19024658203125,154.1782989501953,182.98114013671875,161.95364379882812,0.0,0.0,0.0,154.1782989501953,182.98114013671875,161.95364379882812,0.0,0.0,0.0,24.98174285888672,33.40657043457031,27.25602912902832,0.0,0.0,0.0
167.0,35.76970672607422,30733.650390625,3581.070068359375,14311.6357421875,12840.9443359375,3297.099853515625,19.726612091064453,0.0,12623.7001953125,0.07022204995155334,15.685503005981445,0.6869540214538574,4.349159240722656,4.028162002563477,1.614577054977417,2.622681140899658,5.545865535736084,0.0010102990781888366,0.36856532096862793,0.7970075607299805,0.0,0.0,0.0,0.0,3875.32861328125,169.7218475341797,630.1347045898438,1970.883056640625,676.7530517578125,0.0,819.5321044921875,0.05127213895320892,33.17087936401367,78.90374755859375,0.0,0.0,0.0,248.5792694091797,248.5792694091797,147.10238647460938,163.6253204345703,147.87869262695312,0.0,0.0,0.0,147.10238647460938,163.6253204345703,147.87869262695312,0.0,0.0,0.0,23.300832748413086,28.1337947845459,23.527904510498047,0.0,0.0,0.0
168.0,35.776954650878906,30734.51953125,3581.070068359375,14312.5048828125,12840.9443359375,3297.099853515625,19.203563690185547,0.0,12959.9658203125,0.07022204995155334,15.685503005981445,0.6869540214538574,4.349159240722656,4.029592037200928,1.614577054977417,2.622681140899658,5.551681041717529,0.0010102990781888366,0.36856532096862793,0.7970075607299805,0.0,0.0,0.0,0.0,3884.749755859375,170.1344451904297,631.3043823242188,1972.3050537109375,897.6406860351562,0.0,811.287841796875,0.05073501542210579,33.17087936401367,78.90374755859375,0.0,0.0,0.0,250.01242065429688,250.01242065429688,140.62777709960938,155.6589813232422,139.80593872070312,0.0,0.0,0.0,140.62777709960938,155.6589813232422,139.80593872070312,0.0,0.0,0.0,21.93006134033203,26.32668685913086,21.689672470092773,0.0,0.0,0.0
169.0,35.78828811645508,30837.0859375,3581.070068359375,14321.2685546875,12934.748046875,3297.099853515625,18.525304794311523,0.0,13466.619140625,0.07022204995155334,15.685503005981445,0.6869540214538574,4.349159240722656,4.031375408172607,1.614577054977417,2.622681140899658,5.56123161315918,0.0010102990781888366,0.36856532096862793,0.7970075607299805,0.0,0.0,0.0,0.0,3918.91064453125,171.6305389404297,635.0244750976562,2009.428466796875,1111.7725830078125,0.0,879.3896484375,0.05495690926909447,22.113920211791992,71.01337432861328,0.0,0.0,0.0,251.49261474609375,251.49261474609375,94.10311889648438,145.09088134765625,102.23339080810547,0.0,0.0,0.0,94.10311889648438,145.09088134765625,102.23339080810547,0.0,0.0,0.0,8.999857902526855,23.91377830505371,11.377961158752441,0.0,0.0,0.0
170.0,35.8140754699707,31050.087890625,3581.070068359375,14338.5263671875,13130.4921875,3297.099853515625,18.52489471435547,0.0,13559.5751953125,0.07022204995155334,15.685503005981445,0.6869540214538574,4.349159240722656,4.037426471710205,1.614577054977417,2.622681140899658,5.58096981048584,0.0010102990781888366,0.36856532096862793,0.7970075607299805,0.0,0.0,0.0,0.0,3931.29248046875,172.1728057861328,636.2826538085938,2020.0562744140625,1113.411376953125,0.0,914.0538330078125,0.05704493075609207,22.113920211791992,71.01337432861328,0.0,0.0,0.0,252.99021911621094,252.99021911621094,92.5519790649414,142.83267211914062,107.53256225585938,0.0,0.0,0.0,92.5519790649414,142.83267211914062,107.53256225585938,0.0,0.0,0.0,8.54655933380127,23.253664016723633,12.928380966186523,0.0,0.0,0.0
171.0,35.8433837890625,31095.80078125,3581.070068359375,14346.767578125,13167.962890625,3297.099853515625,19.125091552734375,0.0,13166.7958984375,0.07022204995155334,15.685503005981445,0.6869540214538574,4.349159240722656,4.043395519256592,1.614577054977417,2.622681140899658,5.60430908203125,0.0010102990781888366,0.36856532096862793,0.7970075607299805,0.0,0.0,0.0,0.0,3908.449951171875,171.1724090576172,633.7049560546875,2011.6163330078125,924.1676025390625,0.0,872.1315307617188,0.05434054136276245,22.113920211791992,71.01337432861328,0.0,0.0,0.0,254.451904296875,254.451904296875,115.41139221191406,150.25592041015625,126.66400909423828,0.0,0.0,0.0,115.41139221191406,150.25592041015625,126.66400909423828,0.0,0.0,0.0,14.632739067077637,24.824764251708984,17.924131393432617,0.0,0.0,0.0
172.0,35.88541030883789,31123.771484375,3581.070068359375,14374.7373046875,13167.962890625,3297.099853515625,19.135366439819336,0.0,13173.5390625,0.07022204995155334,15.685503005981445,0.6869540214538574,4.349159240722656,4.047449588775635,1.614577054977417,2.622681140899658,5.6198859214782715,0.0010102990781888366,0.36856532096862793,0.8194030523300171,0.0,0.0,0.0,0.0,3971.6953125,173.94227600097656,639.8695678710938,2054.930419921875,575.7032470703125,0.0,1106.2115478515625,0.06885118037462234,22.113920211791992,73.0088119506836,0.0,0.0,0.0,255.874755859375,255.874755859375,103.97425079345703,155.16822814941406,123.22920227050781,0.0,0.0,0.0,103.97425079345703,155.16822814941406,123.22920227050781,0.0,0.0,0.0,11.27710247039795,26.2513427734375,16.909175872802734,0.0,0.0,0.0
173.0,35.99373245239258,31200.208984375,3581.070068359375,14451.1748046875,13167.962890625,3297.099853515625,20.101280212402344,0.0,12590.75390625,0.07022204995155334,15.685503005981445,0.6869540214538574,4.349159240722656,4.055382251739502,1.614577054977417,2.622681140899658,5.650262832641602,0.0010102990781888366,0.36856532096862793,0.8894143104553223,0.0,0.0,0.0,0.0,3916.510009765625,171.52540588378906,633.9480590820312,2032.47412109375,407.22528076171875,0.0,960.4942626953125,0.05965617671608925,22.113920211791992,79.24681854248047,0.0,0.0,0.0,257.2689514160156,257.2689514160156,79.56455993652344,149.11402893066406,125.86048889160156,0.0,0.0,0.0,79.56455993652344,149.11402893066406,125.86048889160156,0.0,0.0,0.0,3.171354293823242,23.514572143554688,16.71291160583496,0.0,0.0,0.0
174.0,36.10862350463867,31224.39453125,3581.070068359375,14475.3603515625,13167.962890625,3297.099853515625,20.37223243713379,0.0,12439.7041015625,0.07022204995155334,15.685503005981445,0.6869540214538574,4.349159240722656,4.059995174407959,1.614577054977417,2.622681140899658,5.667907238006592,0.0010102990781888366,0.36856532096862793,0.9820480942726135,0.0,0.0,0.0,0.0,3897.8662109375,170.70889282226562,631.9683227539062,2023.5242919921875,384.6953125,0.0,902.0797729492188,0.055959831923246384,22.113920211791992,87.50048828125,0.0,0.0,0.0,258.6094970703125,258.6094970703125,132.63462829589844,149.25106811523438,123.95858001708984,0.0,0.0,0.0,132.63462829589844,149.25106811523438,123.95858001708984,0.0,0.0,0.0,18.423397064208984,23.28370475769043,15.885653495788574,0.0,0.0,0.0
175.0,36.25003433227539,31315.16015625,3581.070068359375,14566.126953125,13167.962890625,3536.251708984375,20.736024856567383,0.0,12264.5830078125,0.07022204995155334,15.685503005981445,0.6869540214538574,4.349159240722656,4.0644636154174805,1.614577054977417,2.622681140899658,5.685150146484375,0.0010102990781888366,0.36856532096862793,1.1017489433288574,0.0,0.0,0.0,0.0,3873.0908203125,169.62384033203125,629.369873046875,1987.77685546875,376.03802490234375,0.0,823.0433349609375,0.05099616199731827,33.17087936401367,109.0731430053711,0.0,0.0,0.0,259.9269104003906,259.9269104003906,163.85035705566406,166.46263122558594,153.7677459716797,0.0,0.0,0.0,163.85035705566406,166.46263122558594,153.7677459716797,0.0,0.0,0.0,27.190202713012695,27.954294204711914,24.24104118347168,0.0,0.0,0.0
176.0,36.39529037475586,31349.224609375,3581.070068359375,14600.1923828125,13167.962890625,3536.251708984375,20.174968719482422,0.0,12610.1787109375,0.07022204995155334,15.685503005981445,0.6869540214538574,4.349159240722656,4.068943500518799,1.614577054977417,2.622681140899658,5.717692852020264,0.0010102990781888366,0.36856532096862793,1.2099828720092773,0.0,0.0,0.0,0.0,3937.872802734375,172.46099853515625,635.9630126953125,697.821044921875,301.2916259765625,0.0,2334.025390625,0.3001619279384613,33.17087936401367,119.78829956054688,0.0,0.0,0.0,261.2564697265625,261.2564697265625,155.0537872314453,189.74777221679688,180.1815185546875,0.0,0.0,0.0,155.0537872314453,189.74777221679688,180.1815185546875,0.0,0.0,0.0,25.17826271057129,35.326255798339844,32.52812576293945,0.0,0.0,0.0
177.0,36.495765686035156,31379.0703125,3581.070068359375,14630.037109375,13167.962890625,3536.251708984375,20.201993942260742,0.0,12607.4970703125,0.07022204995155334,15.685503005981445,0.6869540214538574,4.349159240722656,4.076400279998779,1.614577054977417,2.622681140899658,5.756407260894775,0.0010102990781888366,0.36856532096862793,1.2642842531204224,0.0,0.0,0.0,0.0,3935.689208984375,172.36537170410156,635.718994140625,862.3955078125,308.8995056152344,0.0,2155.97216796875,0.1329282820224762,33.17087936401367,125.16414642333984,0.0,0.0,0.0,262.6358947753906,262.6358947753906,140.2365264892578,189.71754455566406,150.14906311035156,0.0,0.0,0.0,140.2365264892578,189.71754455566406,150.14906311035156,0.0,0.0,0.0,20.81719207763672,35.29038619995117,23.71660614013672,0.0,0.0,0.0
178.0,36.5816764831543,31414.619140625,3581.070068359375,14665.5859375,13167.962890625,3536.251708984375,19.961368560791016,0.0,12770.8837890625,0.07022204995155334,15.685503005981445,0.6869540214538574,4.349159240722656,4.0886054039001465,1.614577054977417,2.622681140899658,5.794391632080078,0.0010102990781888366,0.36856532096862793,1.3000054359436035,0.0,0.0,0.0,0.0,3944.445556640625,172.7488555908203,636.6901245117188,958.5802001953125,390.73675537109375,0.0,2072.9462890625,0.127473384141922,33.17087936401367,128.70053100585938,0.0,0.0,0.0,264.0519714355469,264.0519714355469,160.09988403320312,187.03883361816406,163.70046997070312,0.0,0.0,0.0,160.09988403320312,187.03883361816406,163.70046997070312,0.0,0.0,0.0,26.867847442626953,34.74748992919922,27.921016693115234,0.0,0.0,0.0
179.0,36.650146484375,31427.384765625,3581.070068359375,14678.3525390625,13167.962890625,3536.251708984375,19.581417083740234,0.0,13018.375,0.07022204995155334,15.685503005981445,0.6869540214538574,4.349159240722656,4.099887371063232,1.614577054977417,2.622681140899658,5.825955390930176,0.0010102990781888366,0.36856532096862793,1.3256311416625977,0.0,0.0,0.0,0.0,3927.400634765625,172.0023651123047,635.2147216796875,2028.6474609375,680.965087890625,0.0,894.698486328125,0.05489622429013252,33.17087936401367,131.23748779296875,0.0,0.0,0.0,265.51171875,265.51171875,144.0504608154297,170.2265167236328,151.34170532226562,0.0,0.0,0.0,144.0504608154297,170.2265167236328,151.34170532226562,0.0,0.0,0.0,22.553340911865234,30.2098388671875,24.686031341552734,0.0,0.0,0.0
180.0,36.68527603149414,31431.423828125,3581.070068359375,14682.3916015625,13167.962890625,3536.251708984375,19.084796905517578,0.0,13350.7763671875,0.07022204995155334,15.685503005981445,0.6869540214538574,4.349159240722656,4.104966640472412,1.614577054977417,2.622681140899658,5.846007823944092,0.0010102990781888366,0.36856532096862793,1.3356292247772217,0.0,0.0,0.0,0.0,3935.163818359375,172.34234619140625,636.2218627929688,2031.248046875,903.0433959960938,0.0,882.3148803710938,0.05405988171696663,33.17087936401367,132.227294921875,0.0,0.0,0.0,267.01568603515625,267.01568603515625,150.5819854736328,157.62367248535156,142.03089904785156,0.0,0.0,0.0,150.5819854736328,157.62367248535156,142.03089904785156,0.0,0.0,0.0,24.96043586730957,27.02012825012207,22.459239959716797,0.0,0.0,0.0
181.0,36.70771408081055,31529.44140625,3581.070068359375,14691.0478515625,13257.32421875,3536.251708984375,18.406015396118164,0.0,13872.7001953125,0.07044398039579391,15.702346801757812,0.688416600227356,4.349159240722656,4.105809211730957,1.614577054977417,2.622681140899658,5.84846830368042,0.0010102990781888366,0.36856532096862793,1.3362352848052979,0.0,0.0,0.0,0.0,3972.960693359375,174.1811065673828,639.8991088867188,2073.94189453125,1118.35498046875,0.0,955.2238159179688,0.05851663276553154,22.113920211791992,119.05856323242188,0.0,0.0,0.0,268.56591796875,268.56591796875,119.21015167236328,144.5703887939453,110.3001480102539,0.0,0.0,0.0,119.21015167236328,144.5703887939453,110.3001480102539,0.0,0.0,0.0,16.462953567504883,23.880823135375977,13.85677719116211,0.0,0.0,0.0
182.0,36.92936706542969,31947.197265625,3581.070068359375,14910.78515625,13455.341796875,3536.251708984375,18.521465301513672,0.0,13968.4541015625,0.07271397858858109,15.874102592468262,0.7053677439689636,4.349159240722656,4.116257667541504,1.614577054977417,2.622681140899658,5.865656852722168,0.0010102990781888366,0.36856532096862793,1.339274287223816,0.0,0.0,0.0,0.0,4011.538818359375,178.25323486328125,639.51025390625,2079.72607421875,1117.721435546875,0.0,970.4697265625,0.059380631893873215,22.113920211791992,119.32933807373047,0.0,0.0,0.0,270.134521484375,270.134521484375,87.89754486083984,145.1543426513672,129.17735290527344,0.0,0.0,0.0,87.89754486083984,145.1543426513672,129.17735290527344,0.0,0.0,0.0,7.188567638397217,23.936180114746094,19.26291275024414,0.0,0.0,0.0
183.0,37.23493957519531,32056.060546875,3581.070068359375,14981.78515625,13493.2060546875,3536.251708984375,19.159194946289062,0.0,13563.8193359375,0.07601821422576904,16.12393569946289,0.7299606204032898,4.349159240722656,4.124505519866943,1.614577054977417,2.622681140899658,5.883161544799805,0.0010102990781888366,0.36856532096862793,1.3413631916046143,0.0,0.0,0.0,0.0,4024.559326171875,182.19931030273438,634.4390258789062,2060.975830078125,924.906005859375,0.0,895.8732299804688,0.05475054681301117,22.113920211791992,119.51546478271484,0.0,0.0,0.0,271.6662292480469,271.6662292480469,114.52885437011719,146.61489868164062,132.36758422851562,0.0,0.0,0.0,114.52885437011719,146.61489868164062,132.36758422851562,0.0,0.0,0.0,14.340494155883789,23.725664138793945,19.558320999145508,0.0,0.0,0.0
184.0,37.654022216796875,32337.126953125,3581.070068359375,15262.8505859375,13493.2060546875,3536.251708984375,19.320241928100586,0.0,13570.7578125,0.08064043521881104,16.4732608795166,0.764511227607727,4.349159240722656,4.132395267486572,1.614577054977417,2.622681140899658,5.9040374755859375,0.0010102990781888366,0.36856532096862793,1.3431856632232666,0.0,0.0,0.0,0.0,4138.68701171875,192.07325744628906,637.012451171875,2090.711181640625,573.6043090820312,0.0,1093.873779296875,0.06675619632005692,22.113920211791992,119.67784118652344,0.0,0.0,0.0,273.1560363769531,273.1560363769531,101.19410705566406,154.98704528808594,131.70692443847656,0.0,0.0,0.0,101.19410705566406,154.98704528808594,131.70692443847656,0.0,0.0,0.0,10.279032707214355,26.013465881347656,19.20403289794922,0.0,0.0,0.0
185.0,38.08306121826172,32426.056640625,3581.070068359375,15351.78125,13493.2060546875,3536.251708984375,20.30255126953125,0.0,12970.39453125,0.08539168536663055,16.83228874206543,0.8000983595848083,4.349159240722656,4.1397318840026855,1.614577054977417,2.622681140899658,5.9247307777404785,0.0010102990781888366,0.36856532096862793,1.3448258638381958,0.0,0.0,0.0,0.0,4131.2294921875,196.37197875976562,627.6582641601562,2052.604736328125,403.9970703125,0.0,909.6165771484375,0.055433548986911774,21.445161819458008,118.99327850341797,0.0,0.0,0.0,274.612548828125,274.612548828125,130.1739501953125,150.81187438964844,119.60491943359375,0.0,0.0,0.0,130.1739501953125,150.81187438964844,119.60491943359375,0.0,0.0,0.0,17.77332878112793,23.80992317199707,14.681888580322266,0.0,0.0,0.0
186.0,38.31260299682617,32454.1953125,3581.070068359375,15379.9189453125,13493.2060546875,3536.251708984375,20.578472137451172,0.0,12814.783203125,0.08789056539535522,17.021093368530273,0.8188691139221191,4.349159240722656,4.14777946472168,1.614577054977417,2.622681140899658,5.935365676879883,0.0010102990781888366,0.36856532096862793,1.34561288356781,0.0,0.0,0.0,0.0,4138.3994140625,199.09458923339844,624.005859375,2033.8160400390625,380.83917236328125,0.0,842.3555297851562,0.051297612488269806,19.96782112121582,117.22675323486328,0.0,0.0,0.0,276.01165771484375,276.01165771484375,123.0918960571289,146.7559051513672,124.85758209228516,0.0,0.0,0.0,123.0918960571289,146.7559051513672,124.85758209228516,0.0,0.0,0.0,15.425908088684082,22.347633361816406,15.942370414733887,0.0,0.0,0.0
187.0,38.418128967285156,32700.158203125,3813.3701171875,15393.5830078125,13493.2060546875,3536.251708984375,21.043916702270508,0.0,12634.37890625,0.0886838287115097,17.110811233520508,0.8277197480201721,4.349159240722656,4.151033401489258,1.614577054977417,2.622681140899658,5.938182353973389,0.0010102990781888366,0.36856532096862793,1.3457040786743164,0.0,0.0,0.0,0.0,4125.30859375,199.55801391601562,620.7144775390625,1980.545654296875,371.9330749511719,0.0,768.3695678710938,0.046783048659563065,33.17087936401367,133.22470092773438,0.0,0.0,0.0,277.37982177734375,277.37982177734375,144.08290100097656,160.73690795898438,151.2015838623047,0.0,0.0,0.0,144.08290100097656,160.73690795898438,151.2015838623047,0.0,0.0,0.0,21.10033416748047,25.971628189086914,23.182544708251953,0.0,0.0,0.0
188.0,38.7583122253418,33010.41015625,3813.3701171875,15703.8359375,13493.2060546875,3536.251708984375,20.645673751831055,0.0,12990.390625,0.09103173017501831,17.39998435974121,0.8564352989196777,4.349159240722656,4.162919998168945,1.614577054977417,2.622681140899658,5.946094512939453,0.0010102990781888366,0.36856532096862793,1.3458538055419922,0.0,0.0,0.0,0.0,4231.9755859375,208.29981994628906,624.2996826171875,640.686767578125,296.9037780761719,0.0,2302.5048828125,0.21694640815258026,33.17087936401367,133.23953247070312,0.0,0.0,0.0,278.7561340332031,278.7561340332031,162.1068572998047,190.8277130126953,152.79486083984375,0.0,0.0,0.0,162.1068572998047,190.8277130126953,152.79486083984375,0.0,0.0,0.0,26.77058219909668,35.17143249511719,24.046823501586914,0.0,0.0,0.0
189.0,39.196041107177734,33109.7265625,3813.3701171875,15803.150390625,13493.2060546875,3536.251708984375,20.715839385986328,0.0,12987.62109375,0.09394484013319016,17.7626953125,0.8926541805267334,4.349159240722656,4.1888933181762695,1.614577054977417,2.622681140899658,5.95583963394165,0.0010102990781888366,0.36856532096862793,1.3460195064544678,0.0,0.0,0.0,0.0,4280.837890625,215.13108825683594,620.9241943359375,1659.00146484375,303.20654296875,0.0,1222.4027099609375,0.0743386521935463,33.17087936401367,133.2559356689453,0.0,0.0,0.0,280.18292236328125,280.18292236328125,131.9398651123047,178.09434509277344,160.85284423828125,0.0,0.0,0.0,131.9398651123047,178.09434509277344,160.85284423828125,0.0,0.0,0.0,17.876571655273438,31.37675666809082,26.333616256713867,0.0,0.0,0.0
190.0,39.448020935058594,33154.078125,3813.3701171875,15847.5009765625,13493.2060546875,3536.251708984375,20.473052978515625,0.0,13155.919921875,0.09552433341741562,17.960792541503906,0.912490725517273,4.349159240722656,4.216020584106445,1.614577054977417,2.622681140899658,5.961097717285156,0.0010102990781888366,0.36856532096862793,1.346101999282837,0.0,0.0,0.0,0.0,4319.6357421875,219.4573211669922,620.2890625,1721.63916015625,382.77593994140625,0.0,1149.6007080078125,0.06988660991191864,33.17087936401367,133.26409912109375,0.0,0.0,0.0,281.64764404296875,281.64764404296875,160.38827514648438,170.1605987548828,138.2386932373047,0.0,0.0,0.0,160.38827514648438,170.1605987548828,138.2386932373047,0.0,0.0,0.0,26.440515518188477,29.298921585083008,19.96176528930664,0.0,0.0,0.0
191.0,39.580421447753906,33170.46875,3813.3701171875,15863.892578125,13493.2060546875,3536.251708984375,20.084714889526367,0.0,13410.87109375,0.09632642567157745,18.061912536621094,0.9224039912223816,4.349159240722656,4.233884334564209,1.614577054977417,2.622681140899658,5.963759422302246,0.0010102990781888366,0.36856532096862793,1.3461415767669678,0.0,0.0,0.0,0.0,4314.88134765625,220.35671997070312,618.6531372070312,2009.042236328125,666.4295654296875,0.0,754.2717895507812,0.0458453930914402,33.17087936401367,133.2680206298828,0.0,0.0,0.0,283.16058349609375,283.16058349609375,153.5402069091797,163.6236114501953,157.74118041992188,0.0,0.0,0.0,153.5402069091797,163.6236114501953,157.74118041992188,0.0,0.0,0.0,24.825796127319336,27.775192260742188,26.05457878112793,0.0,0.0,0.0
192.0,39.63960266113281,33175.65625,3813.3701171875,15869.0791015625,13493.2060546875,3536.251708984375,19.595741271972656,0.0,13739.4228515625,0.09668439626693726,18.10795783996582,0.9268525242805481,4.349159240722656,4.24102783203125,1.614577054977417,2.622681140899658,5.964930534362793,0.0010102990781888366,0.36856532096862793,1.346154808998108,0.0,0.0,0.0,0.0,4376.7470703125,224.0229949951172,622.5271606445312,2040.5906982421875,669.9692993164062,0.0,869.5137939453125,0.052845634520053864,33.17087936401367,133.26931762695312,0.0,0.0,0.0,284.7218322753906,284.7218322753906,149.08065795898438,162.2743377685547,146.7534637451172,0.0,0.0,0.0,149.08065795898438,162.2743377685547,146.7534637451172,0.0,0.0,0.0,24.010353088378906,27.869504928588867,23.329647064208984,0.0,0.0,0.0
193.0,39.677146911621094,33276.171875,3813.3701171875,15884.6689453125,13578.130859375,3536.251708984375,18.896337509155273,0.0,14276.5390625,0.09692554175853729,18.140316009521484,0.929967999458313,4.349159240722656,4.242098331451416,1.614577054977417,2.622681140899658,5.9656901359558105,0.0010102990781888366,0.36856532096862793,1.346156120300293,0.0,0.0,0.0,0.0,4387.01611328125,224.90151977539062,623.0621948242188,2066.43310546875,1095.1922607421875,0.0,805.7940673828125,0.04897041991353035,15.668737411499023,111.92863464355469,0.0,0.0,0.0,286.3304748535156,286.3304748535156,96.29619598388672,143.21798706054688,101.3822250366211,0.0,0.0,0.0,96.29619598388672,143.21798706054688,101.3822250366211,0.0,0.0,0.0,9.270301818847656,22.994922637939453,10.757963180541992,0.0,0.0,0.0
194.0,39.87968444824219,33664.05078125,3813.3701171875,16072.283203125,13778.3984375,3536.251708984375,18.984865188598633,0.0,14375.0673828125,0.09818555414676666,18.309749603271484,0.9468886852264404,4.349159240722656,4.253061294555664,1.614577054977417,2.622681140899658,5.969647407531738,0.0010102990781888366,0.36856532096862793,1.3461599349975586,0.0,0.0,0.0,0.0,4425.3076171875,228.85475158691406,622.898681640625,2072.769287109375,1094.89111328125,0.0,822.1490478515625,0.0499509759247303,15.788423538208008,112.07777404785156,0.0,0.0,0.0,287.95623779296875,287.95623779296875,91.58442687988281,139.5447998046875,122.64653015136719,0.0,0.0,0.0,91.58442687988281,139.5447998046875,122.64653015136719,0.0,0.0,0.0,7.803578853607178,21.831989288330078,16.889244079589844,0.0,0.0,0.0
195.0,40.149566650390625,33772.2734375,3813.3701171875,16142.25390625,13816.650390625,3536.251708984375,19.635440826416016,0.0,13958.6513671875,0.09989087283611298,18.539525985717773,0.969735324382782,4.349159240722656,4.26326847076416,1.614577054977417,2.622681140899658,5.974990367889404,0.0010102990781888366,0.36856532096862793,1.3461616039276123,0.0,0.0,0.0,0.0,4421.60791015625,231.2782745361328,618.3379516601562,2063.648681640625,905.7938232421875,0.0,754.958984375,0.045852094888687134,12.224052429199219,104.8178939819336,0.0,0.0,0.0,289.5399475097656,289.5399475097656,116.28410339355469,146.69992065429688,123.87902069091797,0.0,0.0,0.0,116.28410339355469,146.69992065429688,123.87902069091797,0.0,0.0,0.0,14.377660751342773,23.2742862701416,16.599172592163086,0.0,0.0,0.0
196.0,40.79058837890625,34297.63671875,3813.3701171875,16667.615234375,13816.650390625,3536.251708984375,19.93375015258789,0.0,13965.7822265625,0.10393805801868439,19.084985733032227,1.024086594581604,4.349159240722656,4.287755489349365,1.614577054977417,2.622681140899658,5.987663269042969,0.0010102990781888366,0.36856532096862793,1.3461638689041138,0.0,0.0,0.0,0.0,4565.62744140625,244.98828125,618.8915405273438,2089.63720703125,560.797119140625,0.0,908.4386596679688,0.0551263652741909,15.643796920776367,111.89827728271484,0.0,0.0,0.0,291.0799560546875,291.0799560546875,97.21929168701172,152.70530700683594,123.73509979248047,0.0,0.0,0.0,97.21929168701172,152.70530700683594,123.73509979248047,0.0,0.0,0.0,8.502891540527344,24.73255157470703,16.258766174316406,0.0,0.0,0.0
197.0,41.5518684387207,34465.609375,3813.3701171875,16835.58984375,13816.650390625,3536.251708984375,20.99323272705078,0.0,13347.939453125,0.10874371230602264,19.732688903808594,1.0886824131011963,4.349159240722656,4.3168816566467285,1.614577054977417,2.622681140899658,6.002709865570068,0.0010102990781888366,0.36856532096862793,1.3461663722991943,0.0,0.0,0.0,0.0,4576.75732421875,252.5066680908203,606.0147705078125,2048.0361328125,393.5560302734375,0.0,717.0452880859375,0.04346797615289688,11.056960105895996,93.2893295288086,0.0,0.0,0.0,292.5843811035156,292.5843811035156,123.62812042236328,139.61729431152344,122.11949157714844,0.0,0.0,0.0,123.62812042236328,139.61729431152344,122.11949157714844,0.0,0.0,0.0,15.167991638183594,19.844825744628906,14.726717948913574,0.0,0.0,0.0
198.0,41.96989822387695,34518.7578125,3813.3701171875,16888.736328125,13816.650390625,3536.251708984375,21.293210983276367,0.0,13187.7822265625,0.11135698854923248,20.08489990234375,1.1238691806793213,4.349159240722656,4.336720943450928,1.614577054977417,2.622681140899658,6.010891914367676,0.0010102990781888366,0.36856532096862793,1.3461675643920898,0.0,0.0,0.0,0.0,4598.95703125,257.3388977050781,599.6674194335938,2018.9150390625,370.3019104003906,0.0,639.4239501953125,0.03874114528298378,11.056960105895996,93.2894058227539,0.0,0.0,0.0,294.02313232421875,294.02313232421875,125.93807220458984,136.0930938720703,128.69493103027344,0.0,0.0,0.0,125.93807220458984,136.0930938720703,128.69493103027344,0.0,0.0,0.0,15.543675422668457,18.51401710510254,16.350053787231445,0.0,0.0,0.0
199.0,42.161067962646484,34539.78515625,3813.3701171875,16909.765625,13816.650390625,3536.251708984375,21.624568939208984,0.0,13002.123046875,0.1125701442360878,20.24744987487793,1.1400563716888428,4.349159240722656,4.344144344329834,1.614577054977417,2.622681140899658,6.014687538146973,0.0010102990781888366,0.36856532096862793,1.346167802810669,0.0,0.0,0.0,0.0,4585.837890625,258.21099853515625,594.5452880859375,1974.6044921875,361.10107421875,0.0,575.2145385742188,0.034841910004615784,11.056960105895996,101.92417907714844,0.0,0.0,0.0,295.4259033203125,295.4259033203125,123.4010009765625,145.17218017578125,135.00306701660156,0.0,0.0,0.0,123.4010009765625,145.17218017578125,135.00306701660156,0.0,0.0,0.0,14.470222473144531,20.838294982910156,17.86383056640625,0.0,0.0,0.0
200.0,42.45914077758789,34771.46875,3813.3701171875,17141.44921875,13816.650390625,3536.251708984375,21.156171798706055,0.0,13368.4921875,0.11446582525968552,20.50090980529785,1.1654069423675537,4.349159240722656,4.355578899383545,1.614577054977417,2.622681140899658,6.0206170082092285,0.0010102990781888366,0.36856532096862793,1.3461679220199585,0.0,0.0,0.0,0.0,4698.1201171875,267.0721130371094,600.6219482421875,685.0314331054688,288.79443359375,0.0,2020.552490234375,0.12234003841876984,24.705856323242188,122.8908920288086,0.0,0.0,0.0,296.82354736328125,296.82354736328125,100.23783874511719,186.37258911132812,156.71412658691406,0.0,0.0,0.0,100.23783874511719,186.37258911132812,156.71412658691406,0.0,0.0,0.0,8.163395881652832,33.35780715942383,24.682708740234375,0.0,0.0,0.0
201.0,42.7996940612793,34845.53125,3813.3701171875,17215.51171875,13816.650390625,3536.251708984375,21.209434509277344,0.0,13365.634765625,0.11660246551036835,20.786457061767578,1.1941015720367432,4.349159240722656,4.373072624206543,1.614577054977417,2.622681140899658,6.027299880981445,0.0010102990781888366,0.36856532096862793,1.3461681604385376,0.0,0.0,0.0,0.0,4732.2001953125,271.84661865234375,597.4847412109375,676.211181640625,295.22283935546875,0.0,1989.40087890625,0.1203998550772667,22.113920211791992,119.9435806274414,0.0,0.0,0.0,298.26556396484375,298.26556396484375,155.29248046875,185.7031707763672,147.70425415039062,0.0,0.0,0.0,155.29248046875,185.7031707763672,147.70425415039062,0.0,0.0,0.0,24.21361541748047,33.108741760253906,21.994062423706055,0.0,0.0,0.0
202.0,42.989192962646484,34874.33984375,3813.3701171875,17244.3203125,13816.650390625,3536.251708984375,20.94975471496582,1.6171741485595703,13538.826171875,0.11775698512792587,20.94070816040039,1.209633469581604,4.349159240722656,4.3880205154418945,1.614577054977417,2.622681140899658,6.030910968780518,0.0010102990781888366,0.36856532096862793,1.3461682796478271,0.0,0.0,0.0,0.0,4765.4111328125,275.2724609375,597.4365844726562,1999.9317626953125,372.9598693847656,0.0,666.6171264648438,0.04033435136079788,22.113920211791992,119.94359588623047,0.0,0.0,0.0,299.7413635253906,299.7413635253906,158.02780151367188,173.4075164794922,159.1456298828125,0.0,0.0,0.0,158.02780151367188,173.4075164794922,159.1456298828125,0.0,0.0,0.0,23.65620231628418,28.15477180480957,23.98316764831543,0.0,0.0,0.0
203.0,43.08198547363281,34884.4375,3813.3701171875,17254.416015625,13816.650390625,3536.251708984375,20.547649383544922,0.0,13801.185546875,0.1183125302195549,21.014949798583984,1.2170164585113525,4.349159240722656,4.396897315979004,1.614577054977417,2.622681140899658,6.03264856338501,0.0010102990781888366,0.36856532096862793,1.3461682796478271,0.0,0.0,0.0,0.0,4762.1279296875,275.7840270996094,595.5160522460938,1976.3203125,649.79736328125,0.0,593.2874145507812,0.035893239080905914,22.113920211791992,119.94359588623047,0.0,0.0,0.0,301.2617492675781,301.2617492675781,129.67672729492188,157.6183319091797,146.05368041992188,0.0,0.0,0.0,129.67672729492188,157.6183319091797,146.05368041992188,0.0,0.0,0.0,17.38279151916504,25.555709838867188,22.173051834106445,0.0,0.0,0.0
204.0,43.12199401855469,34887.6328125,3813.3701171875,17257.611328125,13816.650390625,3536.251708984375,20.065086364746094,0.0,14125.921875,0.11856132000684738,21.048145294189453,1.2202732563018799,4.349159240722656,4.3994293212890625,1.614577054977417,2.622681140899658,6.033426284790039,0.0010102990781888366,0.36856532096862793,1.3461682796478271,0.0,0.0,0.0,0.0,4827.05224609375,279.8499755859375,600.9849853515625,2014.2147216796875,653.6952514648438,0.0,693.107177734375,0.04192999750375748,22.62560272216797,120.52543640136719,0.0,0.0,0.0,302.8265686035156,302.8265686035156,131.6278839111328,154.03797912597656,132.4147186279297,0.0,0.0,0.0,131.6278839111328,154.03797912597656,132.4147186279297,0.0,0.0,0.0,18.43606948852539,24.991024017333984,18.66621971130371,0.0,0.0,0.0
205.0,43.16292953491211,34995.171875,3813.3701171875,17284.640625,13897.16015625,3536.251708984375,19.349056243896484,0.0,14678.1279296875,0.11882895976305008,21.083616256713867,1.22378408908844,4.349159240722656,4.400275230407715,1.614577054977417,2.622681140899658,6.034262657165527,0.0010102990781888366,0.36856532096862793,1.3461682796478271,0.0,0.0,0.0,0.0,4844.68896484375,281.2066650390625,601.6810913085938,2043.2603759765625,1069.0850830078125,0.0,638.13916015625,0.038602475076913834,11.056960105895996,93.28946685791016,0.0,0.0,0.0,304.431884765625,304.431884765625,82.69420623779297,131.05006408691406,119.31832122802734,0.0,0.0,0.0,82.69420623779297,131.05006408691406,119.31832122802734,0.0,0.0,0.0,4.8389997482299805,18.98308563232422,15.551553726196289,0.0,0.0,0.0
206.0,43.38646697998047,35397.41796875,3813.3701171875,17484.384765625,14099.6611328125,3536.251708984375,19.436344146728516,0.0,14779.423828125,0.12028703093528748,21.27667808532715,1.24315345287323,4.349159240722656,4.405368328094482,1.614577054977417,2.622681140899658,6.038819313049316,0.0010102990781888366,0.36856532096862793,1.3461682796478271,0.0,0.0,0.0,0.0,4885.951171875,285.476318359375,601.5758666992188,2047.4005126953125,1068.7763671875,0.0,655.493896484375,0.03964013233780861,11.056960105895996,93.28946685791016,0.0,0.0,0.0,306.04827880859375,306.04827880859375,99.39200592041016,134.3044891357422,107.22368621826172,0.0,0.0,0.0,99.39200592041016,134.3044891357422,107.22368621826172,0.0,0.0,0.0,9.635815620422363,19.84771728515625,11.926583290100098,0.0,0.0,0.0
207.0,43.669349670410156,35499.8515625,3813.3701171875,17548.181640625,14138.298828125,3536.251708984375,20.096500396728516,0.0,14351.2822265625,0.12216167896986008,21.524412155151367,1.267952561378479,4.349159240722656,4.407985687255859,1.614577054977417,2.622681140899658,6.044677257537842,0.0010102990781888366,0.36856532096862793,1.3461682796478271,0.0,0.0,0.0,0.0,4872.80859375,287.0456848144531,595.4357299804688,2018.836669921875,883.340576171875,0.0,597.2510375976562,0.03610367700457573,11.056960105895996,93.28946685791016,0.0,0.0,0.0,307.62066650390625,307.62066650390625,118.43360900878906,138.11668395996094,122.79446411132812,0.0,0.0,0.0,118.43360900878906,138.11668395996094,122.79446411132812,0.0,0.0,0.0,14.545329093933105,20.302629470825195,15.820879936218262,0.0,0.0,0.0
208.0,44.27872848510742,35992.8828125,3813.3701171875,18041.21484375,14138.298828125,3536.251708984375,20.368192672729492,0.0,14358.6044921875,0.12621548771858215,22.05979347229004,1.3217164278030396,4.349159240722656,4.411494731903076,1.614577054977417,2.622681140899658,6.057344913482666,0.0010102990781888366,0.36856532096862793,1.3461682796478271,0.0,0.0,0.0,0.0,5009.69140625,300.15655517578125,597.5199584960938,2055.992919921875,547.1843872070312,0.0,747.5709228515625,0.045151978731155396,11.056960105895996,93.28946685791016,0.0,0.0,0.0,309.1460266113281,309.1460266113281,120.31367492675781,143.04534912109375,119.72061157226562,0.0,0.0,0.0,120.31367492675781,143.04534912109375,119.72061157226562,0.0,0.0,0.0,14.823555946350098,21.472570419311523,14.650084495544434,0.0,0.0,0.0
209.0,44.99153518676758,36148.8828125,3813.3701171875,18197.21484375,14138.298828125,3536.251708984375,21.439697265625,0.0,13723.3779296875,0.13096025586128235,22.68636131286621,1.3846832513809204,4.349159240722656,4.415195465087891,1.614577054977417,2.622681140899658,6.072171211242676,0.0010102990781888366,0.36856532096862793,1.3461683988571167,0.0,0.0,0.0,0.0,4989.10791015625,304.5148620605469,583.968505859375,1986.9132080078125,383.5097961425781,0.0,586.9337768554688,0.03541449457406998,8.299306869506836,89.860595703125,0.0,0.0,0.0,310.6350402832031,310.6350402832031,98.27327728271484,138.96661376953125,122.93013000488281,0.0,0.0,0.0,98.27327728271484,138.96661376953125,122.93013000488281,0.0,0.0,0.0,7.305235862731934,19.208036422729492,14.517367362976074,0.0,0.0,0.0
210.0,45.38159942626953,36198.2421875,3813.3701171875,18246.572265625,14138.298828125,3536.251708984375,21.742408752441406,0.38133880496025085,13558.708984375,0.13355675339698792,23.029224395751953,1.4191440343856812,4.349159240722656,4.417229652404785,1.614577054977417,2.622681140899658,6.08028507232666,0.0010102990781888366,0.36856532096862793,1.3461683988571167,0.0,0.0,0.0,0.0,4998.35546875,308.0167236328125,578.575927734375,1951.7049560546875,360.7831115722656,0.0,533.0399780273438,0.03214513137936592,4.791068077087402,85.49845123291016,0.0,0.0,0.0,312.0631103515625,312.0631103515625,120.97393798828125,134.83258056640625,124.6198959350586,0.0,0.0,0.0,120.97393798828125,134.83258056640625,124.6198959350586,0.0,0.0,0.0,13.261128425598145,17.314781188964844,14.327570915222168,0.0,0.0,0.0
211.0,45.557186126708984,36214.015625,3813.3701171875,18262.34765625,14138.298828125,3700.048583984375,22.077173233032227,0.0,13367.82421875,0.13473056256771088,23.18330192565918,1.4346362352371216,4.349159240722656,4.418402671813965,1.614577054977417,2.622681140899658,6.083952903747559,0.0010102990781888366,0.36856532096862793,1.3461683988571167,0.0,0.0,0.0,0.0,4978.431640625,308.07684326171875,574.1077880859375,1918.0806884765625,351.8820495605469,0.0,477.0799865722656,0.02876334637403488,1.4883754253387451,81.65485382080078,0.0,0.0,0.0,313.4541015625,313.4541015625,105.8667984008789,138.75181579589844,88.73217010498047,0.0,0.0,0.0,105.8667984008789,138.75181579589844,88.73217010498047,0.0,0.0,0.0,8.88886547088623,18.507736206054688,3.876986503601074,0.0,0.0,0.0
212.0,45.8100471496582,36408.31640625,3813.3701171875,18456.6484375,14138.298828125,3700.048583984375,21.569366455078125,0.0,13744.484375,0.13641685247421265,23.404142379760742,1.4569288492202759,4.349159240722656,4.421175003051758,1.614577054977417,2.622681140899658,6.089221954345703,0.0010102990781888366,0.36856532096862793,1.3461683988571167,0.0,0.0,0.0,0.0,5092.9892578125,317.04315185546875,580.03857421875,760.0272216796875,281.6089172363281,0.0,1769.2940673828125,0.10663376748561859,22.113920211791992,119.94359588623047,0.0,0.0,0.0,314.82958984375,314.82958984375,155.72332763671875,183.45938110351562,135.91238403320312,0.0,0.0,0.0,155.72332763671875,183.45938110351562,135.91238403320312,0.0,0.0,0.0,23.979703903198242,32.09250259399414,18.185007095336914,0.0,0.0,0.0
213.0,46.09590530395508,36470.1640625,3813.3701171875,18518.49609375,14138.298828125,3700.048583984375,21.614206314086914,0.5679834485054016,13741.5380859375,0.13831253349781036,23.652507781982422,1.482024908065796,4.349159240722656,4.425751209259033,1.614577054977417,2.622681140899658,6.09514856338501,0.0010102990781888366,0.36856532096862793,1.3461683988571167,0.0,0.0,0.0,0.0,5117.6328125,320.6619567871094,577.7623901367188,553.87548828125,287.9931945800781,0.0,1939.5833740234375,0.20583827793598175,22.113920211791992,119.94359588623047,0.0,0.0,0.0,316.238037109375,316.238037109375,169.2333221435547,188.86285400390625,168.35940551757812,0.0,0.0,0.0,169.2333221435547,188.86285400390625,168.35940551757812,0.0,0.0,0.0,27.31855583190918,33.06019592285156,27.062936782836914,0.0,0.0,0.0
214.0,46.42546844482422,36673.06640625,3813.3701171875,18721.396484375,14138.298828125,3700.048583984375,21.450153350830078,0.0,13919.5947265625,0.14047537744045258,23.935970306396484,1.5106593370437622,4.349159240722656,4.434290885925293,1.614577054977417,2.622681140899658,6.101912021636963,0.0010102990781888366,0.36856532096862793,1.3461683988571167,0.0,0.0,0.0,0.0,5167.62353515625,326.1417236328125,577.0188598632812,309.0966491699219,363.5167236328125,0.0,2172.563720703125,0.24357230961322784,22.113920211791992,119.94359588623047,0.0,0.0,0.0,317.6835632324219,317.6835632324219,155.971923828125,187.0188446044922,170.61985778808594,0.0,0.0,0.0,155.971923828125,187.0188446044922,170.61985778808594,0.0,0.0,0.0,24.1716365814209,33.25285720825195,28.456157684326172,0.0,0.0,0.0
215.0,46.746315002441406,36738.29296875,3813.3701171875,18786.625,14138.298828125,3700.048583984375,21.069185256958008,0.0,14189.330078125,0.14257629215717316,24.211362838745117,1.5383933782577515,4.349159240722656,4.44334077835083,1.614577054977417,2.622681140899658,6.1084818840026855,0.0010102990781888366,0.36856532096862793,1.3461683988571167,0.0,0.0,0.0,0.0,5193.9970703125,330.0273132324219,574.393310546875,1871.26953125,632.75634765625,0.0,493.92279052734375,0.029729850590229034,22.113920211791992,119.94359588623047,0.0,0.0,0.0,319.18035888671875,319.18035888671875,125.42784881591797,161.54937744140625,149.6998291015625,0.0,0.0,0.0,125.42784881591797,161.54937744140625,149.6998291015625,0.0,0.0,0.0,15.618460655212402,26.18400764465332,22.718013763427734,0.0,0.0,0.0
216.0,46.916629791259766,36758.93359375,3813.3701171875,18807.263671875,14138.298828125,3700.048583984375,20.602415084838867,0.1047373041510582,14510.23828125,0.14368990063667297,24.357343673706055,1.5530844926834106,4.349159240722656,4.448385238647461,1.614577054977417,2.622681140899658,6.111964702606201,0.0010102990781888366,0.36856532096862793,1.3461683988571167,0.0,0.0,0.0,0.0,5272.529296875,336.18951416015625,578.3563842773438,1920.4373779296875,635.548583984375,0.0,567.9163208007812,0.03417561203241348,22.113920211791992,119.94359588623047,0.0,0.0,0.0,320.7218017578125,320.7218017578125,130.94361877441406,152.36550903320312,132.77603149414062,0.0,0.0,0.0,130.94361877441406,152.36550903320312,132.77603149414062,0.0,0.0,0.0,17.59385871887207,23.859760284423828,18.129838943481445,0.0,0.0,0.0
217.0,46.992286682128906,36842.02734375,3813.3701171875,18813.79296875,14214.8623046875,3700.048583984375,19.85002899169922,0.0,15077.4580078125,0.14419497549533844,24.422822952270508,1.5596647262573242,4.349159240722656,4.4499030113220215,1.614577054977417,2.622681140899658,6.113537311553955,0.0010102990781888366,0.36856532096862793,1.3461683988571167,0.0,0.0,0.0,0.0,5304.95068359375,338.7792053222656,579.69873046875,1958.1837158203125,1040.1549072265625,0.0,524.022216796875,0.031530849635601044,3.6351401805877686,84.0959701538086,0.0,0.0,0.0,322.3063049316406,322.3063049316406,88.7184066772461,125.22006225585938,108.66512298583984,0.0,0.0,0.0,88.7184066772461,125.22006225585938,108.66512298583984,0.0,0.0,0.0,6.100104808807373,16.776840209960938,11.934520721435547,0.0,0.0,0.0
218.0,47.13751983642578,37168.73828125,3813.3701171875,18936.10546875,14419.263671875,3700.048583984375,19.88754653930664,0.0,15181.50390625,0.14516182243824005,24.547761917114258,1.572311520576477,4.349159240722656,4.453580379486084,1.614577054977417,2.622681140899658,6.116544723510742,0.0010102990781888366,0.36856532096862793,1.3461683988571167,0.0,0.0,0.0,0.0,5338.56982421875,341.9413757324219,580.2943115234375,1968.226806640625,1040.7872314453125,0.0,542.8359985351562,0.03265630453824997,4.372949600219727,84.97856140136719,0.0,0.0,0.0,323.9017028808594,323.9017028808594,103.56722259521484,134.05010986328125,112.69683074951172,0.0,0.0,0.0,103.56722259521484,134.05010986328125,112.69683074951172,0.0,0.0,0.0,10.405866622924805,19.32210922241211,13.076276779174805,0.0,0.0,0.0
219.0,47.313575744628906,37246.8359375,3813.3701171875,18975.24609375,14458.2216796875,3700.048583984375,20.547266006469727,0.0,14741.7109375,0.1463596075773239,24.70187759399414,1.5878729820251465,4.349159240722656,4.455039024353027,1.614577054977417,2.622681140899658,6.120265960693359,0.0010102990781888366,0.36856532096862793,1.3461683988571167,0.0,0.0,0.0,0.0,5307.40087890625,341.1675109863281,575.2302856445312,1937.1260986328125,861.2394409179688,0.0,499.5329895019531,0.03004373237490654,1.1976351737976074,81.32424926757812,0.0,0.0,0.0,325.4572448730469,325.4572448730469,114.5869369506836,137.7972412109375,121.42189025878906,0.0,0.0,0.0,114.5869369506836,137.7972412109375,121.42189025878906,0.0,0.0,0.0,12.969414710998535,19.7584285736084,14.968637466430664,0.0,0.0,0.0
220.0,47.819705963134766,37686.6875,3813.3701171875,19415.09375,14458.2216796875,3700.048583984375,20.782230377197266,0.0,14749.224609375,0.14981646835803986,25.146255493164062,1.632938027381897,4.349159240722656,4.457531452178955,1.614577054977417,2.622681140899658,6.131004333496094,0.0010102990781888366,0.36856532096862793,1.3461683988571167,0.0,0.0,0.0,0.0,5426.849609375,352.4067077636719,577.632080078125,1994.752197265625,533.7777709960938,0.0,629.2269897460938,0.03781680390238762,6.050055027008057,87.06388092041016,0.0,0.0,0.0,326.9697570800781,326.9697570800781,125.28510284423828,142.32005310058594,125.67412567138672,0.0,0.0,0.0,125.28510284423828,142.32005310058594,125.67412567138672,0.0,0.0,0.0,15.863661766052246,20.846384048461914,15.977450370788574,0.0,0.0,0.0
221.0,48.443756103515625,37825.85546875,3813.3701171875,19554.265625,14458.2216796875,3700.048583984375,21.86248207092285,0.0,14096.7021484375,0.1540810614824295,25.694395065307617,1.688563346862793,4.349159240722656,4.46030330657959,1.614577054977417,2.622681140899658,6.144251346588135,0.0010102990781888366,0.36856532096862793,1.3461683988571167,0.0,0.0,0.0,0.0,5389.23046875,354.1650695800781,565.9616088867188,1904.4617919921875,374.89361572265625,0.0,498.0870361328125,0.029908740893006325,0.0,79.96240234375,0.0,0.0,0.0,328.44964599609375,328.44964599609375,110.42335510253906,134.24237060546875,129.119384765625,0.0,0.0,0.0,110.42335510253906,134.24237060546875,129.119384765625,0.0,0.0,0.0,10.436348915100098,17.403409957885742,15.904937744140625,0.0,0.0,0.0
222.0,48.787986755371094,37869.890625,3813.3701171875,19598.30078125,14458.2216796875,3700.048583984375,22.166889190673828,0.0,13927.5556640625,0.15643244981765747,25.996599197387695,1.7192376852035522,4.349159240722656,4.462001800537109,1.614577054977417,2.622681140899658,6.151555061340332,0.0010102990781888366,0.36856532096862793,1.3461683988571167,0.0,0.0,0.0,0.0,5392.06591796875,356.59442138671875,561.4990844726562,1862.8189697265625,353.0589599609375,0.0,448.4327392578125,0.026914004236459732,0.0,76.93712615966797,0.0,0.0,0.0,329.8741760253906,329.8741760253906,96.24401092529297,129.65011596679688,119.98133087158203,0.0,0.0,0.0,96.24401092529297,129.65011596679688,119.98133087158203,0.0,0.0,0.0,5.984484672546387,15.755769729614258,12.927651405334473,0.0,0.0,0.0
223.0,48.943546295166016,37884.1171875,3813.3701171875,19612.525390625,14458.2216796875,3959.4287109375,22.507102966308594,0.0,13731.46484375,0.15749569237232208,26.132686614990234,1.7330580949783325,4.349159240722656,4.463287353515625,1.614577054977417,2.622681140899658,6.154857158660889,0.0010102990781888366,0.36856532096862793,1.3461683988571167,0.0,0.0,0.0,0.0,5368.5390625,356.02880859375,557.5916748046875,1822.19287109375,344.56134033203125,0.0,398.38275146484375,0.023904822766780853,0.0,70.6416015625,0.0,0.0,0.0,331.2635803222656,331.2635803222656,78.26311492919922,132.80551147460938,128.348876953125,0.0,0.0,0.0,78.26311492919922,132.80551147460938,128.348876953125,0.0,0.0,0.0,0.3848586082458496,16.3385066986084,15.034945487976074,0.0,0.0,0.0
224.0,49.14854431152344,38036.23046875,3813.3701171875,19764.638671875,14458.2216796875,3959.4287109375,21.959148406982422,0.0,14118.365234375,0.1588922142982483,26.311126708984375,1.7512222528457642,4.349159240722656,4.465948104858398,1.614577054977417,2.622681140899658,6.1591949462890625,0.0010102990781888366,0.36856532096862793,1.3461683988571167,0.0,0.0,0.0,0.0,5479.59521484375,364.71221923828125,563.417724609375,1838.640380859375,275.7597961425781,0.0,512.9829711914062,0.030772455036640167,22.113920211791992,119.94359588623047,0.0,0.0,0.0,332.6368103027344,332.6368103027344,127.08885955810547,154.2274627685547,124.19483947753906,0.0,0.0,0.0,127.08885955810547,154.2274627685547,124.19483947753906,0.0,0.0,0.0,15.21434497833252,23.15238380432129,14.367842674255371,0.0,0.0,0.0
225.0,49.39813995361328,38109.12890625,3813.3701171875,19837.537109375,14458.2216796875,3959.4287109375,22.00948143005371,0.0,14115.33203125,0.16058211028575897,26.527294158935547,1.7732396125793457,4.349159240722656,4.47041654586792,1.614577054977417,2.622681140899658,6.164444446563721,0.0010102990781888366,0.36856532096862793,1.3461683988571167,0.0,0.0,0.0,0.0,5500.5595703125,367.6895751953125,561.7218627929688,476.85333251953125,282.2101745605469,0.0,1842.4742431640625,0.1913192868232727,22.113920211791992,119.94359588623047,0.0,0.0,0.0,334.03277587890625,334.03277587890625,160.25991821289062,179.70108032226562,158.49742126464844,0.0,0.0,0.0,160.25991821289062,179.70108032226562,158.49742126464844,0.0,0.0,0.0,24.866544723510742,30.553085327148438,24.351015090942383,0.0,0.0,0.0
226.0,49.70524597167969,38291.79296875,3813.3701171875,20020.19921875,14458.2216796875,3959.4287109375,21.825279235839844,0.0,14298.224609375,0.16263973712921143,26.790660858154297,1.8000537157058716,4.349159240722656,4.478893756866455,1.614577054977417,2.622681140899658,6.170836925506592,0.0010102990781888366,0.36856532096862793,1.3461683988571167,0.0,0.0,0.0,0.0,5550.427734375,372.9310302734375,561.4935302734375,531.989501953125,356.4520263671875,0.0,1779.9869384765625,0.18676108121871948,22.113920211791992,119.94359588623047,0.0,0.0,0.0,335.4580078125,335.4580078125,166.05059814453125,178.65234375,160.99151611328125,0.0,0.0,0.0,166.05059814453125,178.65234375,160.99151611328125,0.0,0.0,0.0,26.74452018737793,30.43052864074707,25.264738082885742,0.0,0.0,0.0
227.0,49.99751663208008,38350.56640625,3813.3701171875,20078.974609375,14458.2216796875,3959.4287109375,21.43189811706543,0.0,14575.28515625,0.16459326446056366,27.040754318237305,1.825435996055603,4.349159240722656,4.487663269042969,1.614577054977417,2.622681140899658,6.176905632019043,0.0010102990781888366,0.36856532096862793,1.3461683988571167,0.0,0.0,0.0,0.0,5579.40771484375,376.648193359375,559.8126831054688,1774.8319091796875,621.1748046875,0.0,426.715576171875,0.025567270815372467,22.113920211791992,119.94359588623047,0.0,0.0,0.0,336.9314880371094,336.9314880371094,120.21783447265625,156.65359497070312,134.64158630371094,0.0,0.0,0.0,120.21783447265625,156.65359497070312,134.64158630371094,0.0,0.0,0.0,13.731818199157715,24.389280319213867,17.95076560974121,0.0,0.0,0.0
228.0,50.1519775390625,38369.1640625,3813.3701171875,20097.5703125,14458.2216796875,3959.4287109375,20.97313117980957,0.0,14892.388671875,0.16562411189079285,27.172739028930664,1.8388210535049438,4.349159240722656,4.492525577545166,1.614577054977417,2.622681140899658,6.180108547210693,0.0010102990781888366,0.36856532096862793,1.3461683988571167,0.0,0.0,0.0,0.0,5655.95947265625,382.7474670410156,563.5249633789062,1894.21533203125,623.7896728515625,0.0,493.1556396484375,0.02954179234802723,0.0,79.32962036132812,0.0,0.0,0.0,338.4478759765625,338.4478759765625,129.42642211914062,140.32525634765625,131.6154327392578,0.0,0.0,0.0,129.42642211914062,140.32525634765625,131.6154327392578,0.0,0.0,0.0,16.88409423828125,20.072004318237305,17.524383544921875,0.0,0.0,0.0
229.0,50.22046661376953,38448.7578125,3813.3701171875,20103.455078125,14531.9326171875,3959.4287109375,20.202566146850586,0.0,15474.546875,0.16609400510787964,27.232410430908203,1.8448538780212402,4.349159240722656,4.493382453918457,1.614577054977417,2.622681140899658,6.1815643310546875,0.0010102990781888366,0.36856532096862793,1.3461683988571167,0.0,0.0,0.0,0.0,5696.814453125,385.92950439453125,565.4415893554688,1880.41796875,1021.6644897460938,0.0,457.05706787109375,0.0273766927421093,0.0,75.9738998413086,0.0,0.0,0.0,340.00225830078125,340.00225830078125,73.04320526123047,111.85923767089844,114.58003234863281,0.0,0.0,0.0,73.04320526123047,111.85923767089844,114.58003234863281,0.0,0.0,0.0,1.1625711917877197,12.516260147094727,13.312093734741211,0.0,0.0,0.0
230.0,50.45653533935547,38874.2421875,3813.3701171875,20323.4375,14737.4345703125,3959.4287109375,20.28460121154785,0.0,15581.318359375,0.16771292686462402,27.437711715698242,1.8657324314117432,4.349159240722656,4.496638774871826,1.614577054977417,2.622681140899658,6.186577320098877,0.0010102990781888366,0.36856532096862793,1.3461683988571167,0.0,0.0,0.0,0.0,5740.09912109375,390.3200378417969,565.5753784179688,1887.81201171875,1021.7130126953125,0.0,471.13287353515625,0.028210368007421494,0.0,77.00060272216797,0.0,0.0,0.0,341.5672912597656,341.5672912597656,115.24088287353516,132.9842987060547,108.20684814453125,0.0,0.0,0.0,115.24088287353516,132.9842987060547,108.20684814453125,0.0,0.0,0.0,13.423357963562012,18.61330795288086,11.365900993347168,0.0,0.0,0.0
231.0,50.76417922973633,38983.33203125,3813.3701171875,20393.416015625,14776.5478515625,3959.4287109375,20.97270393371582,0.0,15129.9306640625,0.16979891061782837,27.701501846313477,1.8924654722213745,4.355672836303711,4.498703479766846,1.614577054977417,2.622681140899658,6.1930341720581055,0.0010102990781888366,0.36856532096862793,1.3461683988571167,0.0,0.0,0.0,0.0,5715.40185546875,390.45538330078125,560.8070678710938,1841.3233642578125,844.8341674804688,0.0,424.920166015625,0.025432275608181953,0.0,70.33663940429688,0.0,0.0,0.0,343.0987854003906,343.0987854003906,123.31214141845703,137.42970275878906,120.6064453125,0.0,0.0,0.0,123.31214141845703,137.42970275878906,120.6064453125,0.0,0.0,0.0,15.096097946166992,19.22548484802246,14.304682731628418,0.0,0.0,0.0
232.0,51.48326873779297,39578.5234375,3813.3701171875,20988.60546875,14776.5478515625,3959.4287109375,21.2849178314209,0.0,15137.6416015625,0.17419911921024323,28.2575626373291,1.9485265016555786,4.4405341148376465,4.502790451049805,1.614577054977417,2.622681140899658,6.206654071807861,0.0010102990781888366,0.36856532096862793,1.3461683988571167,0.0,0.0,0.0,0.0,5838.8369140625,402.6224365234375,572.4570922851562,1898.7044677734375,522.8245239257812,0.0,536.36181640625,0.032073166221380234,0.0,79.96240234375,0.0,0.0,0.0,344.5948181152344,344.5948181152344,124.8424301147461,142.0568084716797,121.48198699951172,0.0,0.0,0.0,124.8424301147461,142.0568084716797,121.48198699951172,0.0,0.0,0.0,15.23149299621582,20.26669692993164,14.248562812805176,0.0,0.0,0.0
233.0,52.43977355957031,39872.046875,3813.3701171875,21282.130859375,14776.5478515625,3959.4287109375,22.475244522094727,0.0,14467.9287109375,0.17977558076381683,28.962146759033203,2.0201175212860107,4.592898368835449,4.507917404174805,1.614577054977417,2.622681140899658,6.223914623260498,0.0010102990781888366,0.36856532096862793,1.3461683988571167,0.0,0.0,0.0,0.0,5805.77490234375,404.9543762207031,578.72900390625,1771.7552490234375,366.9770202636719,0.0,405.7334899902344,0.024234063923358917,0.0,65.28009796142578,0.0,0.0,0.0,346.06414794921875,346.06414794921875,103.41549682617188,134.26077270507812,126.5060806274414,0.0,0.0,0.0,103.41549682617188,134.26077270507812,126.5060806274414,0.0,0.0,0.0,7.773789405822754,16.796030044555664,14.527785301208496,0.0,0.0,0.0
234.0,53.05199432373047,39964.921875,3813.3701171875,21375.00390625,14776.5478515625,3959.4287109375,22.814897537231445,0.0,14294.3115234375,0.18239665031433105,29.29331398010254,2.0535240173339844,4.827415943145752,4.510313034057617,1.614577054977417,2.622681140899658,6.232027530670166,0.0010102990781888366,0.36856532096862793,1.3461683988571167,0.0,0.0,0.0,0.0,5802.283203125,406.7524719238281,602.0166625976562,1707.4119873046875,345.484619140625,0.0,358.03131103515625,0.021373340860009193,0.0,58.86377716064453,0.0,0.0,0.0,347.48162841796875,347.48162841796875,116.05351257324219,122.84707641601562,114.5295639038086,0.0,0.0,0.0,116.05351257324219,122.84707641601562,114.5295639038086,0.0,0.0,0.0,11.130753517150879,13.11787223815918,10.684999465942383,0.0,0.0,0.0
235.0,53.52802658081055,40419.234375,4045.669921875,21597.015625,14776.5478515625,3965.52294921875,23.41985321044922,0.0,14093.0439453125,0.183942049741745,29.488534927368164,2.0736639499664307,5.07938814163208,4.5126848220825195,1.614577054977417,2.622681140899658,6.23681116104126,0.0010102990781888366,0.36856532096862793,1.3461683988571167,0.0,0.0,0.0,0.0,5775.68603515625,406.15216064453125,627.12841796875,1634.0858154296875,336.9198913574219,0.0,310.61090087890625,0.01853659749031067,0.0,53.308265686035156,0.0,0.0,0.0,348.8672790527344,348.8672790527344,113.00077056884766,118.62129974365234,124.4069595336914,0.0,0.0,0.0,113.00077056884766,118.62129974365234,124.4069595336914,0.0,0.0,0.0,9.632871627807617,11.276875495910645,12.969182014465332,0.0,0.0,0.0
236.0,53.913673400878906,40490.76953125,4045.669921875,21668.552734375,14776.5478515625,3965.52294921875,22.797861099243164,0.0,14490.126953125,0.18506841361522675,29.630794525146484,2.0886595249176025,5.300169944763184,4.515681266784668,1.614577054977417,2.622681140899658,6.240297317504883,0.0010102990781888366,0.36856532096862793,1.3461683988571167,0.0,0.0,0.0,0.0,5875.76513671875,414.1796875,659.3483276367188,1723.7381591796875,269.4108581542969,0.0,402.5643005371094,0.02401861362159252,0.0,64.97760772705078,0.0,0.0,0.0,350.2362365722656,350.2362365722656,114.19037628173828,137.7637481689453,131.46820068359375,0.0,0.0,0.0,114.19037628173828,137.7637481689453,131.46820068359375,0.0,0.0,0.0,10.602824211120605,17.49803352355957,15.656588554382324,0.0,0.0,0.0
237.0,54.111732482910156,40513.640625,4045.669921875,21691.423828125,14776.5478515625,3965.52294921875,22.81919288635254,0.0,14487.005859375,0.1855960339307785,29.697425842285156,2.095740556716919,5.4160237312316895,4.522014141082764,1.614577054977417,2.622681140899658,6.2419304847717285,0.0010102990781888366,0.36856532096862793,1.3461683988571167,0.0,0.0,0.0,0.0,5876.72802734375,414.7193603515625,672.1698608398438,1656.93359375,276.0057678222656,0.0,392.2676086425781,0.023401733487844467,11.056960105895996,106.61653137207031,0.0,0.0,0.0,351.62060546875,351.62060546875,123.44034576416016,160.89932250976562,94.674560546875,0.0,0.0,0.0,123.44034576416016,160.89932250976562,94.674560546875,0.0,0.0,0.0,13.287107467651367,24.24385643005371,4.8731160163879395,0.0,0.0,0.0
238.0,54.2017822265625,40525.70703125,4045.669921875,21703.48828125,14776.5478515625,3965.52294921875,22.526559829711914,0.0,14674.7080078125,0.18581141531467438,29.72462272644043,2.0986459255218506,5.467179298400879,4.529925346374512,1.614577054977417,2.622681140899658,6.2425971031188965,0.0010102990781888366,0.36856532096862793,1.3461683988571167,0.0,0.0,0.0,0.0,5901.25048828125,416.6456604003906,679.840576171875,587.5855712890625,349.2757263183594,0.0,1457.99267578125,0.08697646111249924,20.69643211364746,118.18109893798828,0.0,0.0,0.0,353.018798828125,353.018798828125,96.89939880371094,176.34922790527344,137.2276153564453,0.0,0.0,0.0,96.89939880371094,176.34922790527344,137.2276153564453,0.0,0.0,0.0,5.816514015197754,29.05558967590332,17.612520217895508,0.0,0.0,0.0
239.0,54.24520492553711,40530.40625,4045.669921875,21708.1875,14776.5478515625,3965.52294921875,22.088640213012695,0.0,14959.060546875,0.18590839207172394,29.736875534057617,2.099912166595459,5.4913716316223145,4.53523588180542,1.614577054977417,2.622681140899658,6.2428975105285645,0.0010102990781888366,0.36856532096862793,1.3461683988571167,0.0,0.0,0.0,0.0,5908.82958984375,417.260498046875,683.05517578125,1605.20751953125,610.104248046875,0.0,362.6886901855469,0.021635733544826508,18.73762321472168,115.7455062866211,0.0,0.0,0.0,354.4577331542969,354.4577331542969,144.406005859375,159.48155212402344,130.86135864257812,0.0,0.0,0.0,144.406005859375,159.48155212402344,130.86135864257812,0.0,0.0,0.0,20.150115966796875,24.559715270996094,16.18830680847168,0.0,0.0,0.0
240.0,54.26389694213867,40531.890625,4045.669921875,21709.673828125,14776.5478515625,3965.52294921875,21.62334442138672,0.0,15272.3740234375,0.1859455704689026,29.741573333740234,2.100393295288086,5.50100564956665,4.537787914276123,1.614577054977417,2.622681140899658,6.244189262390137,0.0010102990781888366,0.36856532096862793,1.3461683988571167,0.0,0.0,0.0,0.0,5969.736328125,421.59149169921875,689.2576293945312,1752.2674560546875,612.995361328125,0.0,418.6990661621094,0.024974821135401726,0.0,66.63533020019531,0.0,0.0,0.0,355.9423522949219,355.9423522949219,120.64801788330078,137.48680114746094,118.03081512451172,0.0,0.0,0.0,120.64801788330078,137.48680114746094,118.03081512451172,0.0,0.0,0.0,13.666199684143066,18.591543197631836,12.900668144226074,0.0,0.0,0.0
241.0,54.27239227294922,40604.19921875,4045.669921875,21711.203125,14847.326171875,3965.52294921875,20.822002410888672,0.0,15869.3759765625,0.1859540492296219,29.742643356323242,2.10050630569458,5.503275394439697,4.5390729904174805,1.614577054977417,2.622681140899658,6.24793815612793,0.0010102990781888366,0.36856532096862793,1.3461683988571167,0.0,0.0,0.0,0.0,6011.96923828125,424.58160400390625,692.931396484375,1742.03076171875,1004.9218139648438,0.0,390.28851318359375,0.02327440306544304,0.0,65.0660400390625,0.0,0.0,0.0,357.46490478515625,357.46490478515625,80.05579376220703,112.46785736083984,90.21089935302734,0.0,0.0,0.0,80.05579376220703,112.46785736083984,90.21089935302734,0.0,0.0,0.0,2.594318151473999,12.074846267700195,5.564685821533203,0.0,0.0,0.0
242.0,54.28324508666992,40818.51171875,4045.669921875,21719.00390625,15053.837890625,3965.52294921875,20.78660774230957,0.0,15978.8662109375,0.1859603077173233,29.74343490600586,2.100583553314209,5.504959583282471,4.54151725769043,1.614577054977417,2.622681140899658,6.253788471221924,0.0010102990781888366,0.36856532096862793,1.3461683988571167,0.0,0.0,0.0,0.0,6032.3330078125,426.0240478515625,694.8065795898438,1764.29296875,1006.5101318359375,0.0,413.4031982421875,0.024643246084451675,0.0,66.63533020019531,0.0,0.0,0.0,358.99853515625,358.99853515625,113.29949188232422,131.23265075683594,115.31633758544922,0.0,0.0,0.0,113.29949188232422,131.23265075683594,115.31633758544922,0.0,0.0,0.0,12.353492736816406,17.598941802978516,12.94342041015625,0.0,0.0,0.0
243.0,54.29581832885742,40860.79296875,4045.669921875,21722.03125,15093.08984375,3965.52294921875,21.454225540161133,0.0,15515.9580078125,0.18596214056015015,29.743667602539062,2.1006031036376953,5.511501789093018,4.542697906494141,1.614577054977417,2.622681140899658,6.258383750915527,0.0010102990781888366,0.36856532096862793,1.3461683988571167,0.0,0.0,0.0,0.0,5974.119140625,421.9134216308594,690.6678466796875,1726.0673828125,833.9542846679688,0.0,380.3856506347656,0.022668002173304558,0.0,63.5856819152832,0.0,0.0,0.0,360.50653076171875,360.50653076171875,124.88848876953125,137.25990295410156,121.38424682617188,0.0,0.0,0.0,124.88848876953125,137.25990295410156,121.38424682617188,0.0,0.0,0.0,15.07565689086914,18.69429588317871,14.050667762756348,0.0,0.0,0.0
244.0,54.338138580322266,40898.88671875,4045.669921875,21760.126953125,15093.08984375,3965.52294921875,21.466064453125,0.0,15523.8466796875,0.18596337735652924,29.743824005126953,2.100616931915283,5.547076225280762,4.544072151184082,1.614577054977417,2.622681140899658,6.263582229614258,0.0010102990781888366,0.36856532096862793,1.3461683988571167,0.0,0.0,0.0,0.0,6034.07958984375,426.1486511230469,700.147216796875,1822.569091796875,518.1231689453125,0.0,516.268310546875,0.030754853039979935,0.0,77.18672943115234,0.0,0.0,0.0,361.9822692871094,361.9822692871094,115.26392364501953,141.80764770507812,129.28814697265625,0.0,0.0,0.0,115.26392364501953,141.80764770507812,129.28814697265625,0.0,0.0,0.0,12.248634338378906,20.01267433166504,16.35072135925293,0.0,0.0,0.0
245.0,54.49515151977539,41018.51953125,4045.669921875,21879.76171875,15093.08984375,3965.52294921875,22.566280364990234,0.0,14837.0419921875,0.18596649169921875,29.744218826293945,2.1006550788879395,5.685152053833008,4.547952175140381,1.614577054977417,2.622681140899658,6.278204441070557,0.0010102990781888366,0.36856532096862793,1.3461683988571167,0.0,0.0,0.0,0.0,5921.62451171875,418.20867919921875,707.0440063476562,1735.6998291015625,365.6627197265625,0.0,415.5830078125,0.0247329231351614,0.0,66.63533020019531,0.0,0.0,0.0,363.4360656738281,363.4360656738281,120.07827758789062,137.2740478515625,124.80486297607422,0.0,0.0,0.0,120.07827758789062,137.2740478515625,124.80486297607422,0.0,0.0,0.0,12.556615829467773,17.586380004882812,13.939141273498535,0.0,0.0,0.0
246.0,54.67100524902344,41056.375,4045.669921875,21917.61328125,15093.08984375,3965.52294921875,22.875335693359375,0.0,14658.9873046875,0.1859680712223053,29.744417190551758,2.100674629211426,5.851052761077881,4.5499958992004395,1.614577054977417,2.622681140899658,6.285895824432373,0.0010102990781888366,0.36856532096862793,1.3461683988571167,0.0,0.0,0.0,0.0,5884.08349609375,415.5584411621094,723.4512329101562,1696.3426513671875,345.15631103515625,0.0,380.654541015625,0.022642677649855614,0.0,63.86936950683594,0.0,0.0,0.0,364.8462219238281,364.8462219238281,125.55168914794922,127.46219635009766,127.30952453613281,0.0,0.0,0.0,125.55168914794922,127.46219635009766,127.30952453613281,0.0,0.0,0.0,13.848533630371094,14.407356262207031,14.362700462341309,0.0,0.0,0.0
247.0,54.9409294128418,41250.515625,4045.669921875,22111.7578125,15093.08984375,4161.92529296875,23.327983856201172,0.0,14452.580078125,0.1859695464372635,29.744604110717773,2.1006927490234375,6.109747886657715,4.553654670715332,1.614577054977417,2.622681140899658,6.293260097503662,0.0010102990781888366,0.36856532096862793,1.3461683988571167,0.0,0.0,0.0,0.0,5835.7822265625,412.1482238769531,749.5985717773438,1640.155029296875,337.0655517578125,0.0,335.4034118652344,0.019941287115216255,0.0,58.547119140625,0.0,0.0,0.0,366.2335510253906,366.2335510253906,114.9413070678711,120.10704040527344,114.78551483154297,0.0,0.0,0.0,114.9413070678711,120.10704040527344,114.78551483154297,0.0,0.0,0.0,10.292348861694336,11.803324699401855,10.24677848815918,0.0,0.0,0.0
248.0,55.23283004760742,41314.5078125,4045.669921875,22175.748046875,15093.08984375,4161.92529296875,22.702836990356445,0.0,14859.787109375,0.18597093224525452,29.744779586791992,2.100710153579712,6.3886799812316895,4.559415340423584,1.614577054977417,2.622681140899658,6.300271034240723,0.0010102990781888366,0.36856532096862793,1.3461683988571167,0.0,0.0,0.0,0.0,5919.744140625,418.0789794921875,790.59765625,1729.79296875,269.75994873046875,0.0,443.3286437988281,0.026345761492848396,0.0,70.30229949951172,0.0,0.0,0.0,367.6091613769531,367.6091613769531,101.50658416748047,133.47720336914062,128.19241333007812,0.0,0.0,0.0,101.50658416748047,133.47720336914062,128.19241333007812,0.0,0.0,0.0,6.987837314605713,16.339242935180664,14.793440818786621,0.0,0.0,0.0
249.0,55.39384460449219,41335.22265625,4045.669921875,22196.462890625,15093.08984375,4161.92529296875,22.722591400146484,0.0,14856.578125,0.18597160279750824,29.744863510131836,2.1007187366485596,6.536551475524902,4.569053649902344,1.614577054977417,2.622681140899658,6.303684711456299,0.0010102990781888366,0.36856532096862793,1.3461683988571167,0.0,0.0,0.0,0.0,5912.57958984375,417.573486328125,807.393310546875,1672.9022216796875,276.4718017578125,0.0,433.45965576171875,0.02575349248945713,11.056960105895996,106.61653137207031,0.0,0.0,0.0,368.99884033203125,368.99884033203125,105.16901397705078,151.92457580566406,130.70266723632812,0.0,0.0,0.0,105.16901397705078,151.92457580566406,130.70266723632812,0.0,0.0,0.0,8.039345741271973,21.715347290039062,15.507940292358398,0.0,0.0,0.0
250.0,55.47117614746094,41348.48828125,4045.669921875,22209.728515625,15093.08984375,4161.92529296875,22.43138885498047,0.17275303602218628,15049.0615234375,0.18597187101840973,29.744897842407227,2.100722074508667,6.601256370544434,4.580233573913574,1.614577054977417,2.622681140899658,6.305091857910156,0.0010102990781888366,0.36856532096862793,1.3461683988571167,0.0,0.0,0.0,0.0,5934.27392578125,419.1058349609375,817.1922607421875,1661.72412109375,349.9327392578125,0.0,442.0209655761719,0.026259727776050568,22.113920211791992,119.94359588623047,0.0,0.0,0.0,370.3974609375,370.3974609375,156.31175231933594,163.60061645507812,146.5469512939453,0.0,0.0,0.0,156.31175231933594,163.60061645507812,146.5469512939453,0.0,0.0,0.0,23.117048263549805,25.249038696289062,20.260841369628906,0.0,0.0,0.0
251.0,55.5126953125,41353.91015625,4045.669921875,22215.150390625,15093.08984375,4161.92529296875,21.9952392578125,0.0,15340.6552734375,0.18597200512886047,29.744915008544922,2.1007237434387207,6.63413143157959,4.588168144226074,1.614577054977417,2.622681140899658,6.305783748626709,0.0010102990781888366,0.36856532096862793,1.3461683988571167,0.0,0.0,0.0,0.0,5941.08154296875,419.5867004394531,821.7411499023438,1632.2215576171875,611.33544921875,0.0,393.2514953613281,0.023361338302493095,22.113920211791992,119.94359588623047,0.0,0.0,0.0,371.843994140625,371.843994140625,144.4761505126953,155.16473388671875,124.24734497070312,0.0,0.0,0.0,144.4761505126953,155.16473388671875,124.24734497070312,0.0,0.0,0.0,20.264034271240234,23.39044761657715,14.347108840942383,0.0,0.0,0.0
252.0,55.531551361083984,41355.625,4045.669921875,22216.8671875,15093.08984375,4161.92529296875,21.548349380493164,0.0,15650.2041015625,0.18597203493118286,29.744918823242188,2.1007239818573,6.65095853805542,4.589622497558594,1.614577054977417,2.622681140899658,6.306354999542236,0.0010102990781888366,0.36856532096862793,1.3461683988571167,0.0,0.0,0.0,0.0,5999.72119140625,423.7281188964844,829.62841796875,1761.698974609375,614.1553955078125,0.0,464.7784423828125,0.02760937251150608,0.0,74.56916809082031,0.0,0.0,0.0,373.34039306640625,373.34039306640625,111.80135345458984,136.53065490722656,121.9790267944336,0.0,0.0,0.0,111.80135345458984,136.53065490722656,121.9790267944336,0.0,0.0,0.0,11.153547286987305,18.386869430541992,14.130516052246094,0.0,0.0,0.0
253.0,55.57396697998047,41460.21484375,4045.669921875,22253.599609375,15160.9443359375,4161.92529296875,20.764488220214844,0.0,16261.97265625,0.18597204983234406,29.74492073059082,2.100724220275879,6.686573028564453,4.591363906860352,1.614577054977417,2.622681140899658,6.311410903930664,0.0010102990781888366,0.36856532096862793,1.3461683988571167,0.0,0.0,0.0,0.0,6042.31591796875,426.73638916015625,838.1681518554688,1754.770263671875,1006.8621215820312,0.0,437.4429016113281,0.025976866483688354,0.0,72.52591705322266,0.0,0.0,0.0,374.8747863769531,374.8747863769531,83.1953125,117.77841186523438,92.32581329345703,0.0,0.0,0.0,83.1953125,117.77841186523438,92.32581329345703,0.0,0.0,0.0,3.5701401233673096,13.685696601867676,6.240811347961426,0.0,0.0,0.0
254.0,55.63176345825195,41685.23046875,4045.669921875,22271.109375,15368.4521484375,4161.92529296875,20.73212242126465,0.0,16374.1572265625,0.18597207963466644,29.744924545288086,2.100724458694458,6.733258247375488,4.593426704406738,1.614577054977417,2.622681140899658,6.320455551147461,0.0010102990781888366,0.36856532096862793,1.3461683988571167,0.0,0.0,0.0,0.0,6061.39111328125,428.08355712890625,845.6873168945312,1771.8912353515625,1008.3450317382812,0.0,461.89532470703125,0.027412567287683487,0.0,75.54612731933594,0.0,0.0,0.0,376.4206848144531,376.4206848144531,105.90576171875,133.50799560546875,107.97438049316406,0.0,0.0,0.0,105.90576171875,133.50799560546875,107.97438049316406,0.0,0.0,0.0,10.245312690734863,18.318965911865234,10.850384712219238,0.0,0.0,0.0
255.0,55.66851806640625,41730.15625,4045.669921875,22276.6484375,15407.8388671875,4161.92529296875,21.399389266967773,0.0,15899.7841796875,0.18597209453582764,29.74492645263672,2.100724697113037,6.755888938903809,4.594363689422607,1.614577054977417,2.622681140899658,6.333640098571777,0.0010102990781888366,0.36856532096862793,1.3461683988571167,0.0,0.0,0.0,0.0,6001.57763671875,423.8592529296875,842.22998046875,1735.277099609375,835.3772583007812,0.0,422.8624572753906,0.025074349716305733,0.0,70.60816955566406,0.0,0.0,0.0,377.94305419921875,377.94305419921875,126.8668441772461,138.4838409423828,122.17326354980469,0.0,0.0,0.0,126.8668441772461,138.4838409423828,122.17326354980469,0.0,0.0,0.0,15.709161758422852,19.107133865356445,14.33629035949707,0.0,0.0,0.0
256.0,55.695552825927734,41741.90234375,4045.669921875,22288.39453125,15407.8388671875,4161.92529296875,21.397233963012695,0.0,15907.8671875,0.18597209453582764,29.74492645263672,2.100724697113037,6.779442310333252,4.594496726989746,1.614577054977417,2.622681140899658,6.336989879608154,0.0010102990781888366,0.36856532096862793,1.3461683988571167,0.0,0.0,0.0,0.0,6061.6552734375,428.10223388671875,851.1827392578125,1827.130126953125,518.999755859375,0.0,568.6998291015625,0.033714473247528076,0.0,79.96240234375,0.0,0.0,0.0,379.4379577636719,379.4379577636719,126.36669921875,143.008056640625,115.45760345458984,0.0,0.0,0.0,126.36669921875,143.008056640625,115.45760345458984,0.0,0.0,0.0,15.565025329589844,20.432621002197266,12.374115943908691,0.0,0.0,0.0
257.0,55.81782531738281,41851.484375,4045.669921875,22397.9765625,15407.8388671875,4161.92529296875,22.488075256347656,0.0,15204.0576171875,0.18597209453582764,29.74492645263672,2.100724697113037,6.891299247741699,4.594832897186279,1.614577054977417,2.622681140899658,6.3470683097839355,0.0010102990781888366,0.36856532096862793,1.3461683988571167,0.0,0.0,0.0,0.0,5948.62890625,420.1197814941406,852.7916259765625,1736.3458251953125,366.2808532714844,0.0,459.3332214355469,0.027212681248784065,1.2384742498397827,75.45514678955078,0.0,0.0,0.0,380.9122619628906,380.9122619628906,128.7178955078125,138.56072998046875,122.33032989501953,0.0,0.0,0.0,128.7178955078125,138.56072998046875,122.33032989501953,0.0,0.0,0.0,15.161907196044922,18.040937423706055,13.293545722961426,0.0,0.0,0.0
258.0,55.97208786010742,41886.16015625,4045.669921875,22432.650390625,15407.8388671875,4161.92529296875,22.79412841796875,0.0,15021.599609375,0.18597209453582764,29.74492645263672,2.100724697113037,7.032991886138916,4.595706462860107,1.614577054977417,2.622681140899658,6.358764171600342,0.0010102990781888366,0.36856532096862793,1.3461683988571167,0.0,0.0,0.0,0.0,5911.6201171875,417.50604248046875,865.6166381835938,1703.9324951171875,345.76287841796875,0.0,421.4737854003906,0.024950463324785233,0.0,69.952392578125,0.0,0.0,0.0,382.3441467285156,382.3441467285156,110.7184066772461,129.13333129882812,122.00923156738281,0.0,0.0,0.0,110.7184066772461,129.13333129882812,122.00923156738281,0.0,0.0,0.0,9.591005325317383,14.97736930847168,12.893570899963379,0.0,0.0,0.0
259.0,56.057857513427734,41897.703125,4045.669921875,22444.1953125,15407.8388671875,4161.92529296875,23.142440795898438,0.0,14810.0732421875,0.18597210943698883,29.74492645263672,2.100724697113037,7.109034538269043,4.599522590637207,1.614577054977417,2.622681140899658,6.364672660827637,0.0010102990781888366,0.36856532096862793,1.3461683988571167,0.0,0.0,0.0,0.0,5868.6943359375,414.47442626953125,869.9246826171875,1658.4417724609375,337.8278503417969,0.0,375.97808837890625,0.022248543798923492,0.0,66.63533020019531,0.0,0.0,0.0,383.7542724609375,383.7542724609375,109.51390838623047,119.57486724853516,119.7767333984375,0.0,0.0,0.0,109.51390838623047,119.57486724853516,119.7767333984375,0.0,0.0,0.0,8.89037799835205,11.833207130432129,11.892253875732422,0.0,0.0,0.0
260.0,56.099544525146484,41904.58984375,4045.669921875,22451.080078125,15407.8388671875,4161.92529296875,22.49050521850586,0.0,15227.3466796875,0.18597210943698883,29.74492645263672,2.100724935531616,7.143117904663086,4.604583263397217,1.614577054977417,2.622681140899658,6.367217063903809,0.0010102990781888366,0.36856532096862793,1.3461683988571167,0.0,0.0,0.0,0.0,5961.642578125,421.0388488769531,883.8995971679688,1757.681396484375,270.5764465332031,0.0,497.7532958984375,0.029449675232172012,0.0,79.04415130615234,0.0,0.0,0.0,385.1544494628906,385.1544494628906,117.49817657470703,133.69822692871094,124.60275268554688,0.0,0.0,0.0,117.49817657470703,133.69822692871094,124.60275268554688,0.0,0.0,0.0,11.877713203430176,16.616228103637695,13.955801010131836,0.0,0.0,0.0
261.0,56.121421813964844,41907.3359375,4045.669921875,22453.828125,15407.8388671875,4161.92529296875,22.500261306762695,0.0,15224.0498046875,0.18597210943698883,29.74492835998535,2.100724935531616,7.156314373016357,4.610767364501953,1.614577054977417,2.622681140899658,6.36971378326416,0.0010102990781888366,0.36856532096862793,1.3461683988571167,0.0,0.0,0.0,0.0,5958.7744140625,420.8363037109375,885.1043701171875,1707.4969482421875,277.4154968261719,0.0,491.7937316894531,0.029092321172356606,15.215719223022461,111.36637115478516,0.0,0.0,0.0,386.5668640136719,386.5668640136719,129.9397430419922,153.9549560546875,101.39872741699219,0.0,0.0,0.0,129.9397430419922,153.9549560546875,101.39872741699219,0.0,0.0,0.0,15.507111549377441,22.53156089782715,7.158864974975586,0.0,0.0,0.0
262.0,56.13693618774414,41915.8359375,4045.669921875,22462.326171875,15407.8388671875,4161.92529296875,22.209030151367188,0.0,15421.27734375,0.18597210943698883,29.74492835998535,2.100724935531616,7.1621880531311035,4.618338584899902,1.614577054977417,2.622681140899658,6.371781826019287,0.0010102990781888366,0.36856532096862793,1.3461683988571167,0.0,0.0,0.0,0.0,5982.88232421875,422.5389404296875,888.3736572265625,1629.5684814453125,351.1984558105469,0.0,582.8067016601562,0.03447156399488449,22.113920211791992,119.94359588623047,0.0,0.0,0.0,387.98724365234375,387.98724365234375,101.65789031982422,158.0256805419922,145.16671752929688,0.0,0.0,0.0,101.65789031982422,158.0256805419922,145.16671752929688,0.0,0.0,0.0,7.5259013175964355,24.01348114013672,20.25223159790039,0.0,0.0,0.0
263.0,56.15341567993164,41919.56640625,4045.669921875,22466.05859375,15407.8388671875,4161.92529296875,21.77589988708496,0.0,15720.080078125,0.18597210943698883,29.74492835998535,2.100724935531616,7.175671100616455,4.6207170486450195,1.614577054977417,2.622681140899658,6.37239933013916,0.0010102990781888366,0.36856532096862793,1.3461683988571167,0.0,0.0,0.0,0.0,5990.814453125,423.09912109375,890.8467407226562,1680.2183837890625,613.605712890625,0.0,458.59271240234375,0.027123477309942245,22.113920211791992,119.94359588623047,0.0,0.0,0.0,389.452880859375,389.452880859375,122.34679412841797,155.4073944091797,147.8596649169922,0.0,0.0,0.0,122.34679412841797,155.4073944091797,147.8596649169922,0.0,0.0,0.0,14.010537147521973,23.68076515197754,21.473052978515625,0.0,0.0,0.0
264.0,56.212501525878906,41972.921875,4045.669921875,22519.412109375,15407.8388671875,4161.92529296875,21.375120162963867,0.0,16025.8681640625,0.18597210943698883,29.74492835998535,2.100724935531616,7.231813907623291,4.623065948486328,1.614577054977417,2.622681140899658,6.372995376586914,0.0010102990781888366,0.36856532096862793,1.3461683988571167,0.0,0.0,0.0,0.0,6047.111328125,427.0750732421875,903.6337280273438,1797.560546875,616.3034057617188,0.0,532.0429077148438,0.031466446816921234,0.0,79.96240234375,0.0,0.0,0.0,390.9660949707031,390.9660949707031,118.7125473022461,137.91952514648438,114.21054077148438,0.0,0.0,0.0,118.7125473022461,137.91952514648438,114.21054077148438,0.0,0.0,0.0,13.348299980163574,18.96634292602539,12.031464576721191,0.0,0.0,0.0
265.0,56.38154983520508,42153.02734375,4045.669921875,22634.5859375,15472.7734375,4161.92529296875,20.633087158203125,0.0,16652.30078125,0.18597210943698883,29.74492835998535,2.100724935531616,7.390482425689697,4.627847194671631,1.614577054977417,2.622681140899658,6.378592014312744,0.0010102990781888366,0.36856532096862793,1.3461683988571167,0.0,0.0,0.0,0.0,6087.130859375,429.9014587402344,927.1356201171875,1786.9736328125,1010.1368408203125,0.0,502.84979248046875,0.029728924855589867,0.0,79.96240234375,0.0,0.0,0.0,392.519287109375,392.519287109375,78.32662200927734,120.90950775146484,93.29425811767578,0.0,0.0,0.0,78.32662200927734,120.90950775146484,93.29425811767578,0.0,0.0,0.0,2.2774481773376465,14.732942581176758,6.655483722686768,0.0,0.0,0.0
266.0,56.56209945678711,42403.796875,4045.669921875,22676.869140625,15681.2578125,4161.92529296875,20.611486434936523,0.0,16767.173828125,0.18597210943698883,29.74492835998535,2.100724935531616,7.558027744293213,4.632325649261475,1.614577054977417,2.622681140899658,6.387118816375732,0.0010102990781888366,0.36856532096862793,1.3461683988571167,0.0,0.0,0.0,0.0,6102.73779296875,431.003662109375,949.0126953125,1798.2591552734375,1011.3107299804688,0.0,527.606689453125,0.031175073236227036,0.0,79.96240234375,0.0,0.0,0.0,394.0902404785156,394.0902404785156,114.09505462646484,134.10606384277344,109.69546508789062,0.0,0.0,0.0,114.09505462646484,134.10606384277344,109.69546508789062,0.0,0.0,0.0,12.761317253112793,18.614538192749023,11.474437713623047,0.0,0.0,0.0
267.0,56.663822174072266,42456.6953125,4045.669921875,22690.248046875,15720.77734375,4161.92529296875,21.27900505065918,0.0,16281.400390625,0.18597210943698883,29.74492835998535,2.100724935531616,7.6426005363464355,4.6344122886657715,1.614577054977417,2.622681140899658,6.402182102203369,0.0010102990781888366,0.36856532096862793,1.3461683988571167,0.0,0.0,0.0,0.0,6039.830078125,426.5608215332031,951.8612060546875,1756.368408203125,837.6299438476562,0.0,478.9974670410156,0.028274932876229286,0.0,79.89110565185547,0.0,0.0,0.0,395.64141845703125,395.64141845703125,123.84880065917969,139.50625610351562,113.1590805053711,0.0,0.0,0.0,123.84880065917969,139.50625610351562,113.1590805053711,0.0,0.0,0.0,14.946769714355469,19.52657699584961,11.820026397705078,0.0,0.0,0.0
268.0,56.71968078613281,42470.91796875,4045.669921875,22704.470703125,15720.77734375,4161.92529296875,21.277992248535156,0.0,16289.6669921875,0.18597210943698883,29.74492835998535,2.100724935531616,7.68368673324585,4.635376930236816,1.614577054977417,2.622681140899658,6.415989875793457,0.0010102990781888366,0.36856532096862793,1.3461683988571167,0.0,0.0,0.0,0.0,6099.56640625,430.7796936035156,963.4888305664062,1844.66015625,520.3689575195312,0.0,633.5283203125,0.03736294433474541,1.3193879127502441,81.46269226074219,0.0,0.0,0.0,397.16461181640625,397.16461181640625,112.14020538330078,143.8114013671875,120.31919860839844,0.0,0.0,0.0,112.14020538330078,143.8114013671875,120.31919860839844,0.0,0.0,0.0,11.523018836975098,20.786840438842773,13.915372848510742,0.0,0.0,0.0
269.0,56.752357482910156,42475.41796875,4045.669921875,22708.97265625,15720.77734375,4161.92529296875,22.307435989379883,0.0,15568.958984375,0.18597210943698883,29.74492835998535,2.100724935531616,7.7061967849731445,4.635892868041992,1.614577054977417,2.622681140899658,6.4256391525268555,0.0010102990781888366,0.36856532096862793,1.3461683988571167,0.0,0.0,0.0,0.0,5987.60595703125,422.87249755859375,953.1311645507812,1761.5977783203125,367.29962158203125,0.0,515.7560424804688,0.03039787895977497,0.0,79.96240234375,0.0,0.0,0.0,398.6672668457031,398.6672668457031,117.33119201660156,140.1324920654297,124.45233154296875,0.0,0.0,0.0,117.33119201660156,140.1324920654297,124.45233154296875,0.0,0.0,0.0,12.011937141418457,18.681320190429688,14.094870567321777,0.0,0.0,0.0
270.0,56.76744079589844,42476.84375,4045.669921875,22710.396484375,15720.77734375,4161.92529296875,22.59331703186035,0.0,15382.11328125,0.18597210943698883,29.74492835998535,2.100724935531616,7.71570348739624,4.636772632598877,1.614577054977417,2.622681140899658,6.430338382720947,0.0010102990781888366,0.36856532096862793,1.3461683988571167,0.0,0.0,0.0,0.0,5954.23583984375,420.5157775878906,950.3309936523438,1733.4356689453125,346.841796875,0.0,476.92572021484375,0.028100574389100075,0.0,78.62500762939453,0.0,0.0,0.0,400.12823486328125,400.12823486328125,118.13237762451172,131.9831085205078,123.42549896240234,0.0,0.0,0.0,118.13237762451172,131.9831085205078,123.42549896240234,0.0,0.0,0.0,11.960403442382812,16.011743545532227,13.50864028930664,0.0,0.0,0.0
271.0,56.774208068847656,42478.0234375,4045.669921875,22711.57421875,15720.77734375,4714.7705078125,22.933176040649414,0.0,15165.5048828125,0.18597210943698883,29.74492835998535,2.100724935531616,7.718516826629639,4.639206886291504,1.614577054977417,2.622681140899658,6.431858062744141,0.0010102990781888366,0.36856532096862793,1.3461683988571167,0.0,0.0,0.0,0.0,5911.48974609375,417.496826171875,944.6838989257812,1695.0028076171875,338.82269287109375,0.0,433.14312744140625,0.025518355891108513,0.0,72.93035888671875,0.0,0.0,0.0,401.56976318359375,401.56976318359375,104.60712432861328,116.28038024902344,120.8043441772461,0.0,0.0,0.0,104.60712432861328,116.28038024902344,120.8043441772461,0.0,0.0,0.0,7.664407730102539,11.078835487365723,12.402093887329102,0.0,0.0,0.0
272.0,56.78007125854492,42481.70703125,4045.669921875,22715.2578125,15720.77734375,4714.7705078125,22.284873962402344,0.0,15592.77734375,0.18597210943698883,29.74492835998535,2.100724935531616,7.719546318054199,4.642028331756592,1.614577054977417,2.622681140899658,6.433870792388916,0.0010102990781888366,0.36856532096862793,1.3461683988571167,0.0,0.0,0.0,0.0,6008.3955078125,424.3407897949219,956.918212890625,1793.11572265625,271.5129699707031,0.0,565.6849975585938,0.033322595059871674,0.0,79.96240234375,0.0,0.0,0.0,403.002685546875,403.002685546875,121.8436508178711,136.6436004638672,124.23909759521484,0.0,0.0,0.0,121.8436508178711,136.6436004638672,124.23909759521484,0.0,0.0,0.0,13.35439395904541,17.683380126953125,14.055062294006348,0.0,0.0,0.0
273.0,56.790016174316406,42486.328125,4045.669921875,22719.880859375,15720.77734375,4714.7705078125,22.2955322265625,0.0,15589.392578125,0.18597210943698883,29.74492835998535,2.100724935531616,7.720302581787109,4.646463394165039,1.614577054977417,2.622681140899658,6.438622951507568,0.0010102990781888366,0.36856532096862793,1.3461683988571167,0.0,0.0,0.0,0.0,6005.89013671875,424.1638488769531,956.6640625,1734.4906005859375,278.3849792480469,0.0,559.8876953125,0.03297082707285881,19.734556198120117,116.98509979248047,0.0,0.0,0.0,404.4522399902344,404.4522399902344,133.03298950195312,151.37672424316406,133.03135681152344,0.0,0.0,0.0,133.03298950195312,151.37672424316406,133.03135681152344,0.0,0.0,0.0,16.61661720275879,21.982162475585938,16.616140365600586,0.0,0.0,0.0
274.0,56.80691146850586,42498.66796875,4045.669921875,22732.220703125,15720.77734375,4714.7705078125,22.008649826049805,0.0,15791.35546875,0.18597210943698883,29.74492835998535,2.100724935531616,7.721048831939697,4.655022144317627,1.614577054977417,2.622681140899658,6.44621467590332,0.0010102990781888366,0.36856532096862793,1.3461683988571167,0.0,0.0,0.0,0.0,6030.6884765625,425.9151916503906,959.6011352539062,1745.527587890625,352.4428405761719,0.0,574.542724609375,0.033817071467638016,22.113920211791992,119.94359588623047,0.0,0.0,0.0,405.9153137207031,405.9153137207031,125.27167510986328,164.22633361816406,148.52951049804688,0.0,0.0,0.0,125.27167510986328,164.22633361816406,148.52951049804688,0.0,0.0,0.0,14.633316040039062,26.027555465698242,21.436235427856445,0.0,0.0,0.0
275.0,56.8277587890625,42503.56640625,4045.669921875,22737.119140625,15720.77734375,4714.7705078125,21.57967758178711,0.3107941150665283,16097.314453125,0.18597210943698883,29.74492835998535,2.100724935531616,7.721764087677002,4.664663314819336,1.614577054977417,2.622681140899658,6.456705570220947,0.0010102990781888366,0.36856532096862793,1.3461683988571167,0.0,0.0,0.0,0.0,6039.51708984375,426.5387268066406,960.7604370117188,1725.8148193359375,615.8261108398438,0.0,524.8394775390625,0.03087025322020054,22.113920211791992,119.94359588623047,0.0,0.0,0.0,407.42724609375,407.42724609375,150.01214599609375,161.4955596923828,150.1617889404297,0.0,0.0,0.0,150.01214599609375,161.4955596923828,150.1617889404297,0.0,0.0,0.0,21.988080978393555,25.346981048583984,22.03185272216797,0.0,0.0,0.0
276.0,56.84186935424805,42507.56640625,4045.669921875,22741.119140625,15720.77734375,4714.7705078125,21.172107696533203,0.0,16399.357421875,0.18597210943698883,29.74492835998535,2.100724935531616,7.722036361694336,4.668715000152588,1.614577054977417,2.622681140899658,6.466489791870117,0.0010102990781888366,0.36856532096862793,1.3461683988571167,0.0,0.0,0.0,0.0,6096.5234375,430.5647888183594,967.3389892578125,1841.435791015625,618.5663452148438,0.0,602.44580078125,0.03541204705834389,0.1859242022037506,80.17381286621094,0.0,0.0,0.0,408.9919128417969,408.9919128417969,127.93186950683594,141.4659423828125,130.7395782470703,0.0,0.0,0.0,127.93186950683594,141.4659423828125,130.7395782470703,0.0,0.0,0.0,16.247962951660156,20.206680297851562,17.0692195892334,0.0,0.0,0.0
277.0,56.85738754272461,42578.0,4045.669921875,22749.52734375,15782.8046875,4714.7705078125,20.382905960083008,0.0,17040.380859375,0.18597210943698883,29.74492835998535,2.100724935531616,7.722168922424316,4.6707892417907715,1.614577054977417,2.622681140899658,6.479801654815674,0.0010102990781888366,0.36856532096862793,1.3461683988571167,0.0,0.0,0.0,0.0,6142.81640625,433.8341979980469,972.811767578125,1841.4349365234375,1014.3766479492188,0.0,581.4037475585938,0.034145329147577286,0.35901176929473877,80.37063598632812,0.0,0.0,0.0,410.5997009277344,410.5997009277344,74.25491333007812,119.35149383544922,112.81735229492188,0.0,0.0,0.0,74.25491333007812,119.35149383544922,112.81735229492188,0.0,0.0,0.0,1.336655616760254,14.527406692504883,12.616168975830078,0.0,0.0,0.0
278.0,56.88222122192383,42801.66796875,4045.669921875,22763.73828125,15992.259765625,4714.7705078125,20.347410202026367,0.0,17157.921875,0.18597210943698883,29.74492835998535,2.100724935531616,7.722319602966309,4.6731858253479,1.614577054977417,2.622681140899658,6.50208854675293,0.0010102990781888366,0.36856532096862793,1.3461683988571167,0.0,0.0,0.0,0.0,6164.1220703125,435.3388977050781,975.2369384765625,1858.821044921875,1016.0469360351562,0.0,611.2022094726562,0.03584319353103638,1.9753930568695068,82.20864868164062,0.0,0.0,0.0,412.22735595703125,412.22735595703125,110.7538070678711,134.20899963378906,109.48416900634766,0.0,0.0,0.0,110.7538070678711,134.20899963378906,109.48416900634766,0.0,0.0,0.0,12.048078536987305,18.908721923828125,11.676708221435547,0.0,0.0,0.0
279.0,56.905067443847656,42845.81640625,4045.669921875,22768.234375,16031.912109375,4714.7705078125,21.00240707397461,0.0,16660.82421875,0.18597210943698883,29.74492835998535,2.100724935531616,7.722387790679932,4.6746721267700195,1.614577054977417,2.622681140899658,6.523380756378174,0.0010102990781888366,0.36856532096862793,1.3461683988571167,0.0,0.0,0.0,0.0,6102.45361328125,430.98358154296875,967.9744262695312,1823.8614501953125,841.67431640625,0.0,561.6068725585938,0.03288904204964638,0.0,79.96240234375,0.0,0.0,0.0,413.8311462402344,413.8311462402344,121.07146453857422,139.9415740966797,113.24910736083984,0.0,0.0,0.0,121.07146453857422,139.9415740966797,113.24910736083984,0.0,0.0,0.0,14.410996437072754,19.93050193786621,12.122956275939941,0.0,0.0,0.0
280.0,56.93545913696289,42866.78515625,4045.669921875,22789.201171875,16031.912109375,4714.7705078125,21.004682540893555,0.0,16669.2734375,0.18597210943698883,29.74492835998535,2.100724935531616,7.7224440574646,4.676764011383057,1.614577054977417,2.622681140899658,6.551623344421387,0.0010102990781888366,0.36856532096862793,1.3461683988571167,0.0,0.0,0.0,0.0,6164.7548828125,435.38360595703125,975.0086669921875,1904.7440185546875,522.9801635742188,0.0,716.8256225585938,0.04190191626548767,5.967474460601807,86.96119689941406,0.0,0.0,0.0,415.4034729003906,415.4034729003906,113.51000213623047,144.4678955078125,120.64984130859375,0.0,0.0,0.0,113.51000213623047,144.4678955078125,120.64984130859375,0.0,0.0,0.0,12.19699478149414,21.25217628479004,14.285395622253418,0.0,0.0,0.0
281.0,56.9676513671875,42873.6015625,4045.669921875,22796.021484375,16031.912109375,4714.7705078125,22.022993087768555,0.0,15931.763671875,0.18597210943698883,29.74492835998535,2.100724935531616,7.722496032714844,4.679003715515137,1.614577054977417,2.622681140899658,6.58152437210083,0.0010102990781888366,0.36856532096862793,1.3461683988571167,0.0,0.0,0.0,0.0,6050.9013671875,427.3427429199219,961.6932373046875,1830.670166015625,369.1071472167969,0.0,594.6345825195312,0.03469179570674896,0.0,79.96240234375,0.0,0.0,0.0,416.9539794921875,416.9539794921875,117.9889144897461,139.57546997070312,117.50019836425781,0.0,0.0,0.0,117.9889144897461,139.57546997070312,117.50019836425781,0.0,0.0,0.0,12.488765716552734,18.802833557128906,12.345815658569336,0.0,0.0,0.0
282.0,56.98503112792969,42875.76171875,4045.669921875,22798.177734375,16031.912109375,4714.7705078125,22.30590057373047,0.0,15740.5458984375,0.18597210943698883,29.74492835998535,2.100724935531616,7.722521781921387,4.680221080780029,1.614577054977417,2.622681140899658,6.597660064697266,0.0010102990781888366,0.36856532096862793,1.3461683988571167,0.0,0.0,0.0,0.0,6017.0478515625,424.95184326171875,957.7040405273438,1802.3734130859375,348.54095458984375,0.0,553.4276123046875,0.0322539396584034,0.0,79.96240234375,0.0,0.0,0.0,418.4595642089844,418.4595642089844,122.43421936035156,130.61412048339844,112.92391967773438,0.0,0.0,0.0,122.43421936035156,130.61412048339844,112.92391967773438,0.0,0.0,0.0,13.506108283996582,15.898730278015137,10.724344253540039,0.0,0.0,0.0
283.0,56.99280548095703,43108.7421875,4277.97021484375,22798.861328125,16031.912109375,4714.7705078125,22.764162063598633,0.0,15518.884765625,0.18597210943698883,29.74492835998535,2.100724935531616,7.722529888153076,4.682474136352539,1.614577054977417,2.622681140899658,6.60317325592041,0.0010102990781888366,0.36856532096862793,1.3461683988571167,0.0,0.0,0.0,0.0,5974.83544921875,421.9706115722656,952.7501220703125,1765.332763671875,340.5793151855469,0.0,497.7934875488281,0.029001254588365555,0.0,79.96240234375,0.0,0.0,0.0,419.9412536621094,419.9412536621094,99.63909149169922,126.9253158569336,118.24440002441406,0.0,0.0,0.0,99.63909149169922,126.9253158569336,118.24440002441406,0.0,0.0,0.0,6.380273342132568,14.361493110656738,11.82232666015625,0.0,0.0,0.0
284.0,56.998085021972656,43112.0703125,4277.97021484375,22802.1875,16031.912109375,4714.7705078125,22.119882583618164,0.0,15956.107421875,0.18597210943698883,29.74492835998535,2.100724935531616,7.722532749176025,4.685637474060059,1.614577054977417,2.622681140899658,6.605288505554199,0.0010102990781888366,0.36856532096862793,1.3461683988571167,0.0,0.0,0.0,0.0,6072.56396484375,428.8726501464844,963.99072265625,1860.0262451171875,272.86663818359375,0.0,644.8319091796875,0.037562523037195206,1.4662270545959473,81.62966918945312,0.0,0.0,0.0,421.41259765625,421.41259765625,76.11144256591797,141.07638549804688,118.44914245605469,0.0,0.0,0.0,76.11144256591797,141.07638549804688,118.44914245605469,0.0,0.0,0.0,0.14271359145641327,19.144960403442383,12.526491165161133,0.0,0.0,0.0
285.0,57.00468444824219,43113.69140625,4277.97021484375,22803.806640625,16031.912109375,4714.7705078125,22.12891960144043,0.0,15952.6337890625,0.18597210943698883,29.74492835998535,2.100724935531616,7.722533702850342,4.687702655792236,1.614577054977417,2.622681140899658,6.6098198890686035,0.0010102990781888366,0.36856532096862793,1.3461683988571167,0.0,0.0,0.0,0.0,6070.0224609375,428.6931457519531,963.6408081054688,1798.4990234375,279.7724304199219,0.0,639.7333374023438,0.03725447505712509,22.113920211791992,119.94359588623047,0.0,0.0,0.0,422.90228271484375,422.90228271484375,126.41741180419922,162.8148651123047,135.2713623046875,0.0,0.0,0.0,126.41741180419922,162.8148651123047,135.2713623046875,0.0,0.0,0.0,14.848174095153809,25.494426727294922,17.43795394897461,0.0,0.0,0.0
286.0,57.02754592895508,43135.71484375,4277.97021484375,22825.83203125,16031.912109375,4714.7705078125,21.848804473876953,0.0,16159.2861328125,0.18597210943698883,29.74492835998535,2.100724935531616,7.722535610198975,4.695418834686279,1.614577054977417,2.622681140899658,6.624963760375977,0.0010102990781888366,0.36856532096862793,1.3461683988571167,0.0,0.0,0.0,0.0,6095.43017578125,430.487548828125,966.5612182617188,1465.950439453125,354.21270751953125,0.0,1005.3787231445312,0.058490484952926636,22.113920211791992,119.94359588623047,0.0,0.0,0.0,424.4181213378906,424.4181213378906,94.69292449951172,173.62570190429688,141.43112182617188,0.0,0.0,0.0,94.69292449951172,173.62570190429688,141.43112182617188,0.0,0.0,0.0,5.848875522613525,28.936710357666016,19.519800186157227,0.0,0.0,0.0
287.0,57.06047821044922,43143.671875,4277.97021484375,22833.787109375,16031.912109375,4714.7705078125,21.424135208129883,1.073129415512085,16472.361328125,0.18597210943698883,29.74492835998535,2.100724935531616,7.722537040710449,4.704796314239502,1.614577054977417,2.622681140899658,6.648516654968262,0.0010102990781888366,0.36856532096862793,1.3461683988571167,0.0,0.0,0.0,0.0,6104.5390625,431.130859375,967.6759033203125,1796.955078125,618.9292602539062,0.0,608.1226806640625,0.0353250689804554,22.113920211791992,119.94359588623047,0.0,0.0,0.0,425.9901123046875,425.9901123046875,150.4279022216797,171.17864990234375,154.19317626953125,0.0,0.0,0.0,150.4279022216797,171.17864990234375,154.19317626953125,0.0,0.0,0.0,21.50289535522461,27.572490692138672,22.60424041748047,0.0,0.0,0.0
288.0,57.08545684814453,43152.6328125,4277.97021484375,22842.751953125,16031.912109375,4714.7705078125,21.035614013671875,0.0,16770.69140625,0.18597210943698883,29.74492835998535,2.100724935531616,7.722537994384766,4.709218502044678,1.614577054977417,2.622681140899658,6.6690754890441895,0.0010102990781888366,0.36856532096862793,1.3461683988571167,0.0,0.0,0.0,0.0,6160.82373046875,435.1059875488281,974.1361083984375,1902.09765625,621.6347045898438,0.0,684.6420288085938,0.03971691429615021,4.788895606994629,85.4957504272461,0.0,0.0,0.0,427.6202697753906,427.6202697753906,128.44715881347656,144.35829162597656,130.1320343017578,0.0,0.0,0.0,128.44715881347656,144.35829162597656,130.1320343017578,0.0,0.0,0.0,16.535181045532227,21.18918800354004,17.028003692626953,0.0,0.0,0.0
289.0,57.11322784423828,43225.484375,4277.97021484375,22856.462890625,16091.05078125,4714.7705078125,20.25152015686035,0.0,17426.2265625,0.18597210943698883,29.74492835998535,2.100724935531616,7.722537994384766,4.71183967590332,1.614577054977417,2.622681140899658,6.694221496582031,0.0010102990781888366,0.36856532096862793,1.3461683988571167,0.0,0.0,0.0,0.0,6208.2470703125,438.4552001953125,979.7364501953125,1904.3836669921875,1019.4773559570312,0.0,667.226318359375,0.038643769919872284,5.1405348777771,85.93297576904297,0.0,0.0,0.0,429.301025390625,429.301025390625,84.0713119506836,123.01783752441406,81.10877227783203,0.0,0.0,0.0,84.0713119506836,123.01783752441406,81.10877227783203,0.0,0.0,0.0,4.339338302612305,15.731196403503418,3.472796678543091,0.0,0.0,0.0
290.0,57.15037536621094,43454.76953125,4277.97021484375,22875.328125,16301.470703125,4714.7705078125,20.217248916625977,0.0,17546.4140625,0.18597210943698883,29.74492835998535,2.100724935531616,7.722538471221924,4.713268280029297,1.614577054977417,2.622681140899658,6.708130359649658,0.0010102990781888366,0.36856532096862793,1.3679810762405396,0.0,0.0,0.0,0.0,6230.025390625,439.9933166503906,982.1954345703125,1921.8193359375,1021.1846313476562,0.0,696.7041625976562,0.04031490907073021,6.672027111053467,89.25994110107422,0.0,0.0,0.0,431.0006103515625,431.0006103515625,96.15138244628906,136.1000213623047,101.6740493774414,0.0,0.0,0.0,96.15138244628906,136.1000213623047,101.6740493774414,0.0,0.0,0.0,7.90703010559082,19.59200668334961,9.52241039276123,0.0,0.0,0.0
291.0,57.250003814697266,43571.984375,4277.97021484375,22952.763671875,16341.251953125,4714.7705078125,20.90340232849121,0.0,17038.046875,0.18597210943698883,29.74492835998535,2.100724935531616,7.722538471221924,4.716888427734375,1.614577054977417,2.622681140899658,6.7358622550964355,0.0010102990781888366,0.36856532096862793,1.43625807762146,0.0,0.0,0.0,0.0,6166.9111328125,435.535888671875,974.7479858398438,1888.50341796875,845.856689453125,0.0,639.4542236328125,0.03693621978163719,3.3619608879089355,89.38899230957031,0.0,0.0,0.0,432.6723937988281,432.6723937988281,114.29986572265625,140.7579803466797,116.54312133789062,0.0,0.0,0.0,114.29986572265625,140.7579803466797,116.54312133789062,0.0,0.0,0.0,12.529308319091797,20.268308639526367,13.185461044311523,0.0,0.0,0.0
292.0,57.42524337768555,43661.703125,4277.97021484375,23042.48046875,16341.251953125,4714.7705078125,20.93852996826172,0.0,17046.67578125,0.18597210943698883,29.74492835998535,2.100724935531616,7.722538471221924,4.722995758056641,1.614577054977417,2.622681140899658,6.775533199310303,0.0010102990781888366,0.36856532096862793,1.565718412399292,0.0,0.0,0.0,0.0,6230.537109375,440.0294494628906,981.9136962890625,1968.1024169921875,525.62060546875,0.0,785.8172607421875,0.04527508094906807,9.56320571899414,106.34186553955078,0.0,0.0,0.0,434.31109619140625,434.31109619140625,129.68910217285156,144.93673706054688,121.17156982421875,0.0,0.0,0.0,129.68910217285156,144.93673706054688,121.17156982421875,0.0,0.0,0.0,16.995532989501953,21.45546531677246,14.504154205322266,0.0,0.0,0.0
293.0,57.61527633666992,43731.00390625,4277.97021484375,23111.78125,16341.251953125,4714.7705078125,21.9859676361084,0.0,16292.4619140625,0.18597210943698883,29.74492835998535,2.100724935531616,7.722538948059082,4.730165481567383,1.614577054977417,2.622681140899658,6.813462734222412,0.0010102990781888366,0.36856532096862793,1.71065092086792,0.0,0.0,0.0,0.0,6114.0595703125,431.8032531738281,968.2791137695312,1895.2337646484375,370.91192626953125,0.0,649.1570434570312,0.037310682237148285,2.9657201766967773,105.88525390625,0.0,0.0,0.0,435.9261779785156,435.9261779785156,125.85186767578125,140.1336669921875,130.62086486816406,0.0,0.0,0.0,125.85186767578125,140.1336669921875,130.62086486816406,0.0,0.0,0.0,14.825705528259277,19.003129959106445,16.220638275146484,0.0,0.0,0.0
294.0,57.749359130859375,43754.20703125,4277.97021484375,23134.986328125,16341.251953125,4714.7705078125,22.279409408569336,0.0,16096.9150390625,0.18597210943698883,29.74492835998535,2.100724935531616,7.722538948059082,4.739388465881348,1.614577054977417,2.622681140899658,6.837953567504883,0.0010102990781888366,0.36856532096862793,1.8110183477401733,0.0,0.0,0.0,0.0,6079.4267578125,429.3573303222656,964.1932373046875,1873.751220703125,350.2283935546875,0.0,598.44482421875,0.03434222191572189,0.8080703616142273,108.80615234375,0.0,0.0,0.0,437.4928283691406,437.4928283691406,91.49652099609375,130.96957397460938,118.68014526367188,0.0,0.0,0.0,91.49652099609375,130.96957397460938,118.68014526367188,0.0,0.0,0.0,4.483323097229004,16.029190063476562,12.43453311920166,0.0,0.0,0.0
295.0,57.8193473815918,43765.5,4277.97021484375,23146.27734375,16341.251953125,4714.7705078125,22.62046241760254,0.0,15870.2216796875,0.18597210943698883,29.74492835998535,2.100724935531616,7.722538948059082,4.7522077560424805,1.614577054977417,2.622681140899658,6.848781585693359,0.0010102990781888366,0.36856532096862793,1.857361912727356,0.0,0.0,0.0,0.0,6036.24658203125,426.3077392578125,959.1236572265625,1841.0107421875,342.2077941894531,0.0,535.562255859375,0.030712474137544632,0.0,110.3272933959961,0.0,0.0,0.0,439.0304870605469,439.0304870605469,109.55052947998047,128.26255798339844,122.26802062988281,0.0,0.0,0.0,109.55052947998047,128.26255798339844,122.26802062988281,0.0,0.0,0.0,9.423068046569824,14.896337509155273,13.142934799194336,0.0,0.0,0.0
296.0,57.85919952392578,43775.8203125,4277.97021484375,23156.599609375,16341.251953125,4714.7705078125,21.98320960998535,0.0,16317.3349609375,0.18597210943698883,29.74492835998535,2.100724935531616,7.722538948059082,4.765108108520508,1.614577054977417,2.622681140899658,6.85377311706543,0.0010102990781888366,0.36856532096862793,1.8793220520019531,0.0,0.0,0.0,0.0,6136.1611328125,433.36419677734375,970.6121826171875,1922.67138671875,274.20794677734375,0.0,680.9562377929688,0.039037853479385376,7.826458930969238,124.61761474609375,0.0,0.0,0.0,440.5574035644531,440.5574035644531,114.9225082397461,144.060546875,117.03776550292969,0.0,0.0,0.0,114.9225082397461,144.060546875,117.03776550292969,0.0,0.0,0.0,11.631624221801758,20.154497146606445,12.250336647033691,0.0,0.0,0.0
297.0,57.88546371459961,43780.1953125,4277.97021484375,23160.97265625,16341.251953125,4714.7705078125,21.993633270263672,0.0,16313.7744140625,0.18597210943698883,29.74492835998535,2.100724935531616,7.722538948059082,4.778666019439697,1.614577054977417,2.622681140899658,6.856098651885986,0.0010102990781888366,0.36856532096862793,1.8897027969360352,0.0,0.0,0.0,0.0,6133.5537109375,433.1800537109375,970.2525024414062,925.73779296875,281.146484375,0.0,1612.06005859375,0.09240246564149857,22.113920211791992,168.3725128173828,0.0,0.0,0.0,442.105224609375,442.105224609375,150.62628173828125,181.5659942626953,137.4540557861328,0.0,0.0,0.0,150.62628173828125,181.5659942626953,137.4540557861328,0.0,0.0,0.0,22.064556121826172,31.114418029785156,18.2116756439209,0.0,0.0,0.0
298.0,57.90504455566406,43791.4296875,4277.97021484375,23172.20703125,16341.251953125,4714.7705078125,21.709535598754883,0.0,16525.087890625,0.18597210943698883,29.74492835998535,2.100724935531616,7.722538948059082,4.792655944824219,1.614577054977417,2.622681140899658,6.857112884521484,0.0010102990781888366,0.36856532096862793,1.8942774534225464,0.0,0.0,0.0,0.0,6159.54150390625,435.0154113769531,973.2406005859375,552.3223266601562,355.9647521972656,0.0,2020.109375,0.17809070646762848,22.113920211791992,168.78012084960938,0.0,0.0,0.0,443.6847229003906,443.6847229003906,171.7227020263672,184.09762573242188,140.27284240722656,0.0,0.0,0.0,171.7227020263672,184.09762573242188,140.27284240722656,0.0,0.0,0.0,28.51935386657715,32.13901901245117,19.320270538330078,0.0,0.0,0.0
299.0,57.927581787109375,43796.78125,4277.97021484375,23177.560546875,16341.251953125,4714.7705078125,21.285945892333984,0.0,16845.24609375,0.1862066090106964,29.76259422302246,2.1022610664367676,7.722538948059082,4.794447898864746,1.614577054977417,2.622681140899658,6.8579325675964355,0.0010102990781888366,0.36856532096862793,1.8947665691375732,0.0,0.0,0.0,0.0,6170.93798828125,435.8800964355469,974.2308349609375,1865.0196533203125,621.9227905273438,0.0,642.3095092773438,0.03681236878037453,22.113920211791992,168.82369995117188,0.0,0.0,0.0,445.3274230957031,445.3274230957031,137.87533569335938,159.68580627441406,147.82916259765625,0.0,0.0,0.0,137.87533569335938,159.68580627441406,147.82916259765625,0.0,0.0,0.0,19.04258918762207,25.422151565551758,21.954084396362305,0.0,0.0,0.0
300.0,58.16259002685547,44030.65625,4277.97021484375,23411.43359375,16341.251953125,4714.7705078125,21.020248413085938,0.0,17139.8515625,0.18880900740623474,29.957904815673828,2.1221301555633545,7.722538948059082,4.801589488983154,1.614577054977417,2.622681140899658,6.8662238121032715,0.0010102990781888366,0.36856532096862793,1.896557331085205,0.0,0.0,0.0,0.0,6248.70458984375,442.639892578125,978.7554931640625,1969.3931884765625,623.7152099609375,0.0,705.85546875,0.040432896465063095,6.130032062530518,122.78234100341797,0.0,0.0,0.0,447.02685546875,447.02685546875,110.47004699707031,143.64361572265625,123.62809753417969,0.0,0.0,0.0,110.47004699707031,143.64361572265625,123.62809753417969,0.0,0.0,0.0,11.29223918914795,20.99551010131836,15.140970230102539,0.0,0.0,0.0
