time,Total Generation Capacity,Total Transmission,Transmission for Interconnection km,Total Transmission for Generation Connection,Total Transmission for Demand Connection,Total Interconnection Capacity,Transmission Tariff[f0],Congestion Tariff[f0],National Peak Demand[f0],Generation Capacity by Tech[TBiomass],Generation Capacity by Tech[TWindOnS],Generation Capacity by Tech[TWindOffS],Generation Capacity by Tech[TPV],Generation Capacity by Tech[THydroDam],Generation Capacity by Tech[THRoR],Generation Capacity by Tech[TThermo1],Generation Capacity by Tech[TThermo2],Generation Capacity by Tech[TGeothermal],Generation Capacity by Tech[TPVBESSOp1],Generation Capacity by Tech[TPVBESSOp2],Generation Capacity by Tech[TOther1],Generation Capacity by Tech[TOther2],Generation Capacity by Tech[TOther3],Generation by Tech per Month[TBiomass],Generation by Tech per Month[TWindOnS],Generation by Tech per Month[TWindOffS],Generation by Tech per Month[TPV],Generation by Tech per Month[THydroDam],Generation by Tech per Month[THRoR],Generation by Tech per Month[TThermo1],Generation by Tech per Month[TThermo2],Generation by Tech per Month[TGeothermal],Generation by Tech per Month[TPVBESSOp1],Generation by Tech per Month[TPVBESSOp2],Generation by Tech per Month[TOther1],Generation by Tech per Month[TOther2],Generation by Tech per Month[TOther3],Generation by Tech per Month[DERBESS],Generation by Tech per Month[DER],"Electricity Tariff[Regulated,Z1]","Electricity Tariff[Regulated,Z2]","Electricity Tariff[Regulated,Z3]","Electricity Tariff[Regulated,Z4]","Electricity Tariff[Regulated,Z5]","Electricity Tariff[Regulated,Z6]","Electricity Tariff[Unregulated,Z1]","Electricity Tariff[Unregulated,Z2]","Electricity Tariff[Unregulated,Z3]","Electricity Tariff[Unregulated,Z4]","Electricity Tariff[Unregulated,Z5]","Electricity Tariff[Unregulated,Z6]","Generation Tariff[f0,Z1]","Generation Tariff[f0,Z2]","Generation Tariff[f0,Z3]","Generation Tariff[f0,Z4]","Generation Tariff[f0,Z5]","Generation Tariff[f0,Z6]"
0.0,14.057049751281738,16177.3701171875,1836.469970703125,5622.81982421875,8718.080078125,1600.0,16.893709182739258,0.9912989735603333,7532.21728515625,0.06656000018119812,1.021299958229065,0.0,0.4778200089931488,3.705590009689331,1.5324699878692627,2.6226699352264404,4.630640029907227,0.0,0.0,0.0,0.0,0.0,0.0,0.0,279.896484375,0.0,79.0820083618164,2668.02490234375,894.5088500976562,0.0,1152.0262451171875,0.0,0.0,0.0,0.0,0.0,0.0,0.0046911598183214664,0.0046911598183214664,181.14532470703125,182.1839599609375,196.01895141601562,0.0,0.0,0.0,181.14532470703125,182.1839599609375,196.01895141601562,0.0,0.0,0.0,35.10000228881836,35.40380096435547,39.45053482055664,0.0,0.0,0.0
1.0,14.069549560546875,16177.3701171875,1836.469970703125,5622.81982421875,8718.080078125,1600.0,16.267032623291016,0.0,7824.1669921875,0.06656000018119812,1.021299958229065,0.0,0.4778200089931488,3.705590009689331,1.5449700355529785,2.6226699352264404,4.630640029907227,0.0,0.0,0.0,0.0,0.0,0.0,0.0,279.896484375,0.0,79.0820083618164,2668.02490234375,1112.37841796875,0.0,1129.6116943359375,0.0,0.0,0.0,0.0,0.0,0.0,1.2008056640625,1.2008056640625,149.3026123046875,174.4070281982422,189.20973205566406,0.0,0.0,0.0,149.3026123046875,174.4070281982422,189.20973205566406,0.0,0.0,0.0,27.403980255126953,34.74702072143555,39.07681655883789,0.0,0.0,0.0
2.0,14.069549560546875,16182.3701171875,1836.469970703125,5627.81982421875,8718.080078125,1600.0,16.169403076171875,0.0,7875.64013671875,0.06656000018119812,1.021299958229065,0.0,0.4778200089931488,3.705590009689331,1.5449700355529785,2.6226699352264404,4.630640029907227,0.0,0.0,0.0,0.0,0.0,0.0,0.0,279.896484375,0.0,79.0820083618164,2668.02490234375,1112.37841796875,0.0,1163.0633544921875,0.0,0.0,0.0,0.0,0.0,0.0,2.42051362991333,2.42051362991333,92.05482482910156,174.84506225585938,169.7459259033203,0.0,0.0,0.0,92.05482482910156,174.84506225585938,169.7459259033203,0.0,0.0,0.0,10.756630897521973,34.9727783203125,33.48128128051758,0.0,0.0,0.0
3.0,14.069549560546875,16182.3701171875,1836.469970703125,5627.81982421875,8718.080078125,1600.0,16.661216735839844,0.0,7645.04296875,0.06656000018119812,1.021299958229065,0.0,0.4778200089931488,3.705590009689331,1.5449700355529785,2.6226699352264404,4.630640029907227,0.0,0.0,0.0,0.0,0.0,0.0,0.0,279.896484375,0.0,79.0820083618164,2668.02490234375,925.83251953125,0.0,1193.0894775390625,0.0,0.0,0.0,0.0,0.0,0.0,3.614576578140259,3.614576578140259,56.961761474609375,177.11988830566406,187.55088806152344,0.0,0.0,0.0,56.961761474609375,177.11988830566406,187.55088806152344,0.0,0.0,0.0,9.870220674201846e-05,35.1463508605957,38.197418212890625,0.0,0.0,0.0
4.0,14.069549560546875,16182.3701171875,1836.469970703125,5627.81982421875,8718.080078125,1600.0,16.66178321838379,0.0,7646.4951171875,0.06656000018119812,1.021299958229065,0.0,0.4778200089931488,3.705590009689331,1.5449700355529785,2.6226699352264404,4.630640029907227,0.0,0.0,0.0,0.0,0.0,0.0,0.0,279.896484375,0.0,79.0820083618164,2668.02490234375,572.429931640625,0.0,1546.31689453125,0.0,0.0,0.0,0.0,0.0,0.0,4.767983436584473,4.767983436584473,123.03532409667969,183.8524932861328,196.394775390625,0.0,0.0,0.0,123.03532409667969,183.8524932861328,196.394775390625,0.0,0.0,0.0,19.3260498046875,37.11507034301758,40.78369140625,0.0,0.0,0.0
5.0,14.069549560546875,16182.3701171875,1836.469970703125,5627.81982421875,8718.080078125,1600.0,17.443344116210938,0.0,7305.87744140625,0.06656000018119812,1.021299958229065,0.0,0.4778200089931488,3.705590009689331,1.5449700355529785,2.6226699352264404,4.630640029907227,0.0,0.0,0.0,0.0,0.0,0.0,0.0,279.896484375,0.0,79.0820083618164,1147.9825439453125,407.575439453125,0.0,3000.65478515625,0.0,0.0,0.0,0.0,0.0,0.0,5.8940911293029785,5.8940911293029785,231.94305419921875,219.63536071777344,232.28488159179688,0.0,0.0,0.0,231.94305419921875,219.63536071777344,232.28488159179688,0.0,0.0,0.0,50.400001525878906,46.79999923706055,50.49998092651367,0.0,0.0,0.0
6.0,14.069549560546875,16182.3701171875,1836.469970703125,5627.81982421875,8718.080078125,1600.0,17.665164947509766,0.0,7215.9013671875,0.06656000018119812,1.021299958229065,0.0,0.4778200089931488,3.705590009689331,1.5449700355529785,2.6226699352264404,4.630640029907227,0.0,0.0,0.0,0.0,0.0,0.0,11.96236801147461,279.896484375,0.0,79.0820083618164,1095.991943359375,385.8840637207031,0.0,3000.65478515625,0.0,0.0,0.0,0.0,0.0,0.0,7.007643699645996,7.007643699645996,232.701416015625,230.75912475585938,233.04322814941406,0.0,0.0,0.0,232.701416015625,230.75912475585938,233.04322814941406,0.0,0.0,0.0,50.400001525878906,49.831878662109375,50.49998092651367,0.0,0.0,0.0
7.0,14.069549560546875,16182.3701171875,1836.469970703125,5627.81982421875,8718.080078125,1600.0,17.927837371826172,0.0,7112.01953125,0.06656000018119812,1.021299958229065,0.0,0.4778200089931488,3.705590009689331,1.5449700355529785,2.6226699352264404,4.630640029907227,0.0,0.0,0.0,0.0,0.0,0.0,0.0,279.896484375,0.0,79.0820083618164,1044.4068603515625,378.31988525390625,0.0,3000.65478515625,0.0,0.0,0.0,0.0,0.0,0.0,8.1465482711792,8.1465482711792,233.5994415283203,222.8822021484375,233.94125366210938,0.0,0.0,0.0,233.5994415283203,222.8822021484375,233.94125366210938,0.0,0.0,0.0,50.400001525878906,47.26520538330078,50.49998092651367,0.0,0.0,0.0
8.0,14.278849601745605,16182.3701171875,1836.469970703125,5627.81982421875,8718.080078125,1600.0,17.445518493652344,0.0,7310.06787109375,0.06656000018119812,1.021299958229065,0.0,0.4778200089931488,3.9148900508880615,1.5449700355529785,2.6226699352264404,4.630640029907227,0.0,0.0,0.0,0.0,0.0,0.0,11.96236801147461,279.896484375,0.0,79.0820083618164,1242.1961669921875,300.787109375,0.0,3000.65478515625,0.0,0.0,0.0,0.0,0.0,0.0,9.328792572021484,9.328792572021484,231.9504852294922,227.13027954101562,232.29212951660156,0.0,0.0,0.0,231.9504852294922,227.13027954101562,232.29212951660156,0.0,0.0,0.0,50.400001525878906,48.99008560180664,50.49993133544922,0.0,0.0,0.0
9.0,14.278849601745605,16266.08984375,1836.469970703125,5711.5400390625,8718.080078125,1600.0,17.549631118774414,0.0,7306.15234375,0.06656000018119812,1.021299958229065,0.0,0.4778200089931488,3.9148900508880615,1.5449700355529785,2.6226699352264404,4.630640029907227,0.0,0.0,0.0,0.0,0.0,0.0,11.96236801147461,279.896484375,0.0,79.0820083618164,1230.639892578125,308.4625244140625,0.0,3000.65478515625,0.0,0.0,0.0,0.0,0.0,0.0,10.57229995727539,10.57229995727539,232.30642700195312,225.05856323242188,232.6480712890625,0.0,0.0,0.0,232.30642700195312,225.05856323242188,232.6480712890625,0.0,0.0,0.0,50.400001525878906,48.279998779296875,50.49992752075195,0.0,0.0,0.0
10.0,14.278849601745605,16266.08984375,1836.469970703125,5711.5400390625,8718.080078125,1600.0,17.33474349975586,0.0,7398.4404296875,0.06656000018119812,1.021299958229065,0.0,0.4778200089931488,3.9148900508880615,1.5449700355529785,2.6226699352264404,4.630640029907227,0.0,0.0,0.0,0.0,0.0,0.0,30.670848846435547,279.896484375,0.0,79.0820083618164,1191.4910888671875,389.77740478515625,0.0,3000.65478515625,0.0,0.0,0.0,0.0,0.0,0.0,11.861173629760742,11.861173629760742,235.53758239746094,233.716064453125,231.91343688964844,0.0,0.0,0.0,235.53758239746094,233.716064453125,231.91343688964844,0.0,0.0,0.0,51.560001373291016,51.02720642089844,50.49993896484375,0.0,0.0,0.0
11.0,14.278849601745605,16266.08984375,1836.469970703125,5711.5400390625,8718.080078125,1600.0,17.014434814453125,0.0,7539.38623046875,0.06656000018119812,1.021299958229065,0.0,0.4778200089931488,3.9148900508880615,1.5449700355529785,2.6226699352264404,4.630640029907227,0.0,0.0,0.0,0.0,0.0,0.0,0.0,279.896484375,0.0,79.0820083618164,1024.868896484375,680.6643676757812,0.0,3000.65478515625,0.0,0.0,0.0,0.0,0.0,0.0,13.205521583557129,13.205521583557129,230.47669982910156,218.16900634765625,230.81857299804688,0.0,0.0,0.0,230.47669982910156,218.16900634765625,230.81857299804688,0.0,0.0,0.0,50.400001525878906,46.79999923706055,50.5,0.0,0.0,0.0
12.0,14.278849601745605,16266.08984375,1836.469970703125,5711.5400390625,8718.080078125,1600.0,16.231393814086914,0.0,7904.24462890625,0.06656000018119812,1.021299958229065,0.0,0.4778200089931488,3.9148900508880615,1.5449700355529785,2.6226699352264404,4.630640029907227,0.0,0.0,0.0,0.0,0.0,0.0,0.0,279.896484375,0.0,79.0820083618164,2818.720703125,901.80517578125,0.0,1230.017578125,0.0,0.0,0.0,0.0,0.0,0.0,14.610635757446289,14.610635757446289,160.85440063476562,176.6374969482422,183.64414978027344,0.0,0.0,0.0,160.85440063476562,176.6374969482422,183.64414978027344,0.0,0.0,0.0,30.818517684936523,35.43507385253906,37.484519958496094,0.0,0.0,0.0
13.0,14.755249977111816,16300.69921875,1836.469970703125,5711.5400390625,8752.689453125,1600.0,15.661567687988281,0.46837687492370605,8210.5830078125,0.06656000018119812,1.021299958229065,0.0,0.934220016002655,3.9148900508880615,1.5649700164794922,2.6226699352264404,4.630640029907227,0.0,0.0,0.0,0.0,0.0,0.0,0.0,279.896484375,0.0,154.6413116455078,2818.720703125,1126.7784423828125,0.0,1134.3731689453125,0.0,0.0,0.0,0.0,0.0,0.0,16.065519332885742,16.065519332885742,172.0535888671875,176.94570922851562,186.0750274658203,0.0,0.0,0.0,172.0535888671875,176.94570922851562,186.0750274658203,0.0,0.0,0.0,34.19573211669922,35.62667465209961,38.2969970703125,0.0,0.0,0.0
14.0,14.755249977111816,16683.25,1836.469970703125,5902.10009765625,8944.6796875,1600.0,15.928308486938477,0.0,8264.5771484375,0.06656000018119812,1.021299958229065,0.0,0.934220016002655,3.9148900508880615,1.5649700164794922,2.6226699352264404,4.630640029907227,0.0,0.0,0.0,0.0,0.0,0.0,0.0,279.896484375,0.0,154.6413116455078,2818.720703125,1126.7784423828125,0.0,1169.2738037109375,0.0,0.0,0.0,0.0,0.0,0.0,17.534303665161133,17.534303665161133,114.45022583007812,174.1994171142578,174.76327514648438,0.0,0.0,0.0,114.45022583007812,174.1994171142578,174.76327514648438,0.0,0.0,0.0,17.548381805419922,35.025020599365234,35.18994903564453,0.0,0.0,0.0
15.0,14.755249977111816,16729.65234375,1836.469970703125,5902.10009765625,8991.08203125,1600.0,16.460359573364258,0.0,8022.56640625,0.06656000018119812,1.021299958229065,0.0,0.934220016002655,3.9148900508880615,1.5649700164794922,2.6226699352264404,4.630640029907227,0.0,0.0,0.0,0.0,0.0,0.0,0.0,279.896484375,0.0,154.6413116455078,2818.720703125,937.8176879882812,0.0,1193.799072265625,0.0,0.0,0.0,0.0,0.0,0.0,18.956525802612305,18.956525802612305,79.49473571777344,176.57797241210938,173.3806915283203,0.0,0.0,0.0,79.49473571777344,176.57797241210938,173.3806915283203,0.0,0.0,0.0,6.7918500900268555,35.188697814941406,34.25349044799805,0.0,0.0,0.0
16.0,14.755249977111816,16729.65234375,1836.469970703125,5902.10009765625,8991.08203125,1600.0,16.46142578125,0.0,8024.064453125,0.06656000018119812,1.021299958229065,0.0,0.934220016002655,3.9148900508880615,1.5649700164794922,2.6226699352264404,4.630640029907227,0.0,0.0,0.0,0.0,0.0,0.0,0.0,279.896484375,0.0,154.6413116455078,2818.720703125,579.8401489257812,0.0,1551.427490234375,0.0,0.0,0.0,0.0,0.0,0.0,20.31483268737793,20.31483268737793,141.79400634765625,184.40646362304688,171.02224731445312,0.0,0.0,0.0,141.79400634765625,184.40646362304688,171.02224731445312,0.0,0.0,0.0,25.013320922851562,37.47746658325195,33.56258010864258,0.0,0.0,0.0
17.0,14.755249977111816,16729.65234375,1836.469970703125,5902.10009765625,8991.08203125,1600.0,17.236408233642578,0.0,7666.5966796875,0.06656000018119812,1.021299958229065,0.0,0.934220016002655,3.9148900508880615,1.5649700164794922,2.6226699352264404,4.630640029907227,0.0,0.0,0.0,0.0,0.0,0.0,0.0,279.896484375,0.0,154.6413116455078,1294.3836669921875,412.8515930175781,0.0,3000.65478515625,0.0,0.0,0.0,0.0,0.0,0.0,21.630229949951172,21.630229949951172,231.23558044433594,218.92788696289062,231.57728576660156,0.0,0.0,0.0,231.23558044433594,218.92788696289062,231.57728576660156,0.0,0.0,0.0,50.400001525878906,46.79999923706055,50.49995040893555,0.0,0.0,0.0
18.0,14.755249977111816,16729.65234375,1836.469970703125,5902.10009765625,8991.08203125,1600.0,17.456771850585938,0.0,7572.14599609375,0.06656000018119812,1.021299958229065,0.0,0.934220016002655,3.9148900508880615,1.5649700164794922,2.6226699352264404,4.630640029907227,0.0,0.0,0.0,0.0,0.0,0.0,30.670848846435547,279.896484375,0.0,154.6413116455078,1220.7698974609375,390.8794250488281,0.0,3000.65478515625,0.0,0.0,0.0,0.0,0.0,0.0,22.925148010253906,22.925148010253906,235.95477294921875,234.25152587890625,232.33058166503906,0.0,0.0,0.0,235.95477294921875,234.25152587890625,232.33058166503906,0.0,0.0,0.0,51.560001373291016,51.061798095703125,50.49992370605469,0.0,0.0,0.0
19.0,14.755249977111816,16729.65234375,1836.469970703125,5902.10009765625,8991.08203125,1600.0,17.717607498168945,0.0,7463.12255859375,0.06656000018119812,1.021299958229065,0.0,0.934220016002655,3.9148900508880615,1.5649700164794922,2.6226699352264404,4.630640029907227,0.0,0.0,0.0,0.0,0.0,0.0,30.670848846435547,279.896484375,0.0,154.6413116455078,445.68719482421875,383.21734619140625,707.9947509765625,3000.65478515625,0.0,0.0,0.0,0.0,0.0,0.0,24.239526748657227,24.239526748657227,273.0174560546875,237.75811767578125,233.73268127441406,0.0,0.0,0.0,273.0174560546875,237.75811767578125,233.73268127441406,0.0,0.0,0.0,62.13999938964844,51.82664489746094,50.649200439453125,0.0,0.0,0.0
20.0,14.755249977111816,16729.65234375,1836.469970703125,5902.10009765625,8991.08203125,1600.0,17.23992919921875,0.0,7670.9189453125,0.06656000018119812,1.021299958229065,0.0,0.934220016002655,3.9148900508880615,1.5649700164794922,2.6226699352264404,4.630640029907227,0.0,0.0,0.0,0.0,0.0,0.0,11.96236801147461,279.896484375,0.0,154.6413116455078,1389.54150390625,304.6808776855469,0.0,3000.65478515625,0.0,0.0,0.0,0.0,0.0,0.0,25.5922908782959,25.5922908782959,208.75677490234375,230.30108642578125,231.7048797607422,0.0,0.0,0.0,208.75677490234375,230.30108642578125,231.7048797607422,0.0,0.0,0.0,43.82142639160156,50.123138427734375,50.533748626708984,0.0,0.0,0.0
21.0,14.755249977111816,16729.65234375,1836.469970703125,5902.10009765625,8991.08203125,1600.0,17.254018783569336,0.0,7666.78369140625,0.06656000018119812,1.021299958229065,0.0,0.934220016002655,3.9148900508880615,1.5649700164794922,2.6226699352264404,4.630640029907227,0.0,0.0,0.0,0.0,0.0,0.0,30.670848846435547,279.896484375,0.0,154.6413116455078,1358.85986328125,312.4556579589844,0.0,3000.65478515625,0.0,0.0,0.0,0.0,0.0,0.0,27.00533103942871,27.00533103942871,235.2615966796875,235.08767700195312,231.74630737304688,0.0,0.0,0.0,235.2615966796875,235.08767700195312,231.74630737304688,0.0,0.0,0.0,51.560001373291016,51.509124755859375,50.53177261352539,0.0,0.0,0.0
22.0,14.755249977111816,16729.65234375,1836.469970703125,5902.10009765625,8991.08203125,1600.0,17.042503356933594,0.0,7763.603515625,0.06656000018119812,1.021299958229065,0.0,0.934220016002655,3.9148900508880615,1.5649700164794922,2.6226699352264404,4.630640029907227,0.0,0.0,0.0,0.0,0.0,0.0,11.96236801147461,279.896484375,0.0,154.6413116455078,1358.9583740234375,394.8231506347656,0.0,3000.65478515625,0.0,0.0,0.0,0.0,0.0,0.0,28.46339225769043,28.46339225769043,230.57266235351562,229.92877197265625,231.03323364257812,0.0,0.0,0.0,230.57266235351562,229.92877197265625,231.03323364257812,0.0,0.0,0.0,50.400001525878906,50.21166229248047,50.53471755981445,0.0,0.0,0.0
23.0,14.755249977111816,16729.65234375,1836.469970703125,5902.10009765625,8991.08203125,1600.0,16.727062225341797,0.0,7911.46337890625,0.06656000018119812,1.021299958229065,0.0,0.934220016002655,3.9148900508880615,1.5649700164794922,2.6226699352264404,4.630640029907227,0.0,0.0,0.0,0.0,0.0,0.0,0.0,279.896484375,0.0,154.6413116455078,1174.3486328125,689.4757080078125,0.0,3000.65478515625,0.0,0.0,0.0,0.0,0.0,0.0,29.978328704833984,29.978328704833984,229.49423217773438,218.49827575683594,229.8361053466797,0.0,0.0,0.0,229.49423217773438,218.49827575683594,229.8361053466797,0.0,0.0,0.0,50.400001525878906,47.18368148803711,50.5,0.0,0.0,0.0
24.0,14.755249977111816,16736.576171875,1836.469970703125,5902.10009765625,8998.005859375,1600.0,16.009199142456055,0.0,8269.966796875,0.06656000018119812,1.021299958229065,0.0,0.934220016002655,3.9148900508880615,1.5649700164794922,2.6226699352264404,4.630640029907227,0.0,0.0,0.0,0.0,0.0,0.0,0.0,279.896484375,0.0,154.6413116455078,1205.1910400390625,913.479248046875,0.0,2985.7119140625,0.0,0.0,0.0,0.0,0.0,0.0,31.555635452270508,31.555635452270508,227.03997802734375,214.7322998046875,174.57044982910156,0.0,0.0,0.0,227.03997802734375,214.7322998046875,174.57044982910156,0.0,0.0,0.0,50.399993896484375,46.79999923706055,35.05265808105469,0.0,0.0,0.0
25.0,14.755249977111816,16769.037109375,1836.469970703125,5902.10009765625,9030.466796875,1600.0,15.442910194396973,0.0,8590.4541015625,0.06656000018119812,1.021299958229065,0.0,0.934220016002655,3.9148900508880615,1.5649700164794922,2.6226699352264404,4.630640029907227,0.0,0.0,0.0,0.0,0.0,0.0,0.0,279.896484375,0.0,154.6413116455078,2818.720703125,1126.7784423828125,0.0,1373.130615234375,0.0,0.0,0.0,0.0,0.0,0.0,33.181175231933594,33.181175231933594,122.17639923095703,177.2392120361328,190.8488311767578,0.0,0.0,0.0,122.17639923095703,177.2392120361328,190.8488311767578,0.0,0.0,0.0,20.293685913085938,36.399559020996094,40.380374908447266,0.0,0.0,0.0
26.0,14.755249977111816,16958.185546875,1836.469970703125,5902.10009765625,9219.615234375,1600.0,15.518917083740234,0.0,8646.91015625,0.06656000018119812,1.021299958229065,0.0,0.934220016002655,3.9148900508880615,1.5649700164794922,2.6226699352264404,4.630640029907227,0.0,0.0,0.0,0.0,0.0,0.0,0.0,279.896484375,0.0,154.6413116455078,2818.720703125,1126.7784423828125,0.0,1409.5291748046875,0.0,0.0,0.0,0.0,0.0,0.0,34.810523986816406,34.810523986816406,65.52223205566406,178.40228271484375,164.1031494140625,0.0,0.0,0.0,65.52223205566406,178.40228271484375,164.1031494140625,0.0,0.0,0.0,3.646336555480957,36.66374969482422,32.48125076293945,0.0,0.0,0.0
27.0,14.755249977111816,16994.259765625,1836.469970703125,5902.10009765625,9255.6904296875,1600.0,16.028491973876953,0.0,8393.677734375,0.06656000018119812,1.021299958229065,0.0,0.934220016002655,3.9148900508880615,1.5649700164794922,2.6226699352264404,4.630640029907227,0.0,0.0,0.0,0.0,0.0,0.0,0.0,279.896484375,0.0,154.6413116455078,2818.720703125,937.8176879882812,0.0,1426.3538818359375,0.0,0.0,0.0,0.0,0.0,0.0,36.37468338012695,36.37468338012695,73.15072631835938,180.44522094726562,165.90980529785156,0.0,0.0,0.0,73.15072631835938,180.44522094726562,165.90980529785156,0.0,0.0,0.0,5.368097305297852,36.75173568725586,32.50012969970703,0.0,0.0,0.0
28.0,14.755249977111816,16994.259765625,1836.469970703125,5902.10009765625,9255.6904296875,1600.0,16.029788970947266,0.0,8395.2099609375,0.06656000018119812,1.021299958229065,0.0,0.934220016002655,3.9148900508880615,1.5649700164794922,2.6226699352264404,4.630640029907227,0.0,0.0,0.0,0.0,0.0,0.0,0.0,279.896484375,0.0,154.6413116455078,2818.720703125,579.8401489257812,0.0,1783.87646484375,0.0,0.0,0.0,0.0,0.0,0.0,37.861148834228516,37.861148834228516,93.09569549560547,188.0146484375,172.15826416015625,0.0,0.0,0.0,93.09569549560547,188.0146484375,172.15826416015625,0.0,0.0,0.0,11.200700759887695,38.96449661254883,34.326499938964844,0.0,0.0,0.0
29.0,14.755249977111816,16994.259765625,1836.469970703125,5902.10009765625,9255.6904296875,1600.0,16.787012100219727,0.0,8021.1806640625,0.06656000018119812,1.021299958229065,0.0,0.934220016002655,3.9148900508880615,1.5649700164794922,2.6226699352264404,4.630640029907227,0.0,0.0,0.0,0.0,0.0,0.0,0.0,279.896484375,0.0,154.6413116455078,1515.5621337890625,412.8515930175781,0.0,3000.65478515625,0.0,0.0,0.0,0.0,0.0,0.0,39.292049407958984,39.292049407958984,207.27735900878906,217.39149475097656,230.04087829589844,0.0,0.0,0.0,207.27735900878906,217.39149475097656,230.04087829589844,0.0,0.0,0.0,43.84161376953125,46.79999923706055,50.49994659423828,0.0,0.0,0.0
30.0,14.755249977111816,16994.259765625,1836.469970703125,5902.10009765625,9255.6904296875,1600.0,17.002511978149414,0.0,7922.33642578125,0.06656000018119812,1.021299958229065,0.0,0.934220016002655,3.9148900508880615,1.5649700164794922,2.6226699352264404,4.630640029907227,0.0,0.0,0.0,0.0,0.0,0.0,11.96236801147461,279.896484375,0.0,154.6413116455078,1457.5906982421875,390.8794250488281,0.0,3000.65478515625,0.0,0.0,0.0,0.0,0.0,0.0,40.694026947021484,40.694026947021484,215.43846130371094,229.35137939453125,231.41531372070312,0.0,0.0,0.0,215.43846130371094,229.35137939453125,231.41531372070312,0.0,0.0,0.0,46.013240814208984,50.082767486572266,50.686466217041016,0.0,0.0,0.0
31.0,14.767749786376953,16994.259765625,1836.469970703125,5902.10009765625,9255.6904296875,1600.0,17.257604598999023,0.0,7808.23486328125,0.06656000018119812,1.021299958229065,0.0,0.934220016002655,3.9148900508880615,1.5774699449539185,2.6226699352264404,4.630640029907227,0.0,0.0,0.0,0.0,0.0,0.0,0.0,279.896484375,0.0,154.6413116455078,1395.87744140625,386.2782287597656,0.0,3000.65478515625,0.0,0.0,0.0,0.0,0.0,0.0,42.114540100097656,42.114540100097656,231.30804443359375,221.6527557373047,231.64974975585938,0.0,0.0,0.0,231.30804443359375,221.6527557373047,231.64974975585938,0.0,0.0,0.0,50.400001525878906,47.575828552246094,50.49995040893555,0.0,0.0,0.0
32.0,14.767749786376953,16999.259765625,1836.469970703125,5907.10009765625,9255.6904296875,1600.0,16.79600715637207,0.0,8025.6162109375,0.06656000018119812,1.021299958229065,0.0,0.934220016002655,3.9148900508880615,1.5774699449539185,2.6226699352264404,4.630640029907227,0.0,0.0,0.0,0.0,0.0,0.0,30.670848846435547,279.896484375,0.0,154.6413116455078,446.5167541503906,307.1144714355469,1142.8167724609375,3000.65478515625,0.0,0.0,0.0,0.0,0.0,0.0,43.57475662231445,43.57475662231445,269.86669921875,238.1288299560547,243.77186584472656,0.0,0.0,0.0,269.86669921875,238.1288299560547,243.77186584472656,0.0,0.0,0.0,62.13999938964844,52.85667419433594,54.507266998291016,0.0,0.0,0.0
33.0,14.79002571105957,17061.6328125,1836.469970703125,5969.4716796875,9255.6904296875,1600.0,16.871639251708984,0.0,8021.26171875,0.06656000018119812,1.021299958229065,0.0,0.9393754601478577,3.9148900508880615,1.5774699449539185,2.6226699352264404,4.630640029907227,0.0,0.008002422749996185,0.009117811918258667,0.0,0.0,0.0,30.670848846435547,279.896484375,0.0,155.447998046875,421.3860168457031,314.95135498046875,1152.89892578125,3000.65478515625,0.0,0.9602907299995422,0.9929296970367432,0.0,0.0,0.0,45.09327697753906,45.09327697753906,270.1252746582031,238.86727905273438,244.60777282714844,0.0,0.0,0.0,270.1252746582031,238.86727905273438,244.60777282714844,0.0,0.0,0.0,62.13999938964844,52.99703598022461,54.67613220214844,0.0,0.0,0.0
34.0,14.946483612060547,17151.796875,1836.469970703125,6059.6357421875,9255.6904296875,1600.0,16.75242042541504,0.0,8122.52490234375,0.06656000018119812,1.021299958229065,0.0,0.9888933897018433,3.9148900508880615,1.5774699449539185,2.6226699352264404,4.630640029907227,0.0,0.05798858776688576,0.06607162952423096,0.0,0.0,0.0,30.670848846435547,279.896484375,0.0,163.1963653564453,420.2856140136719,397.97674560546875,1117.669921875,3000.65478515625,0.0,6.958630561828613,7.195200443267822,0.0,0.0,0.0,46.657127380371094,46.657127380371094,269.7176818847656,237.49830627441406,242.12716674804688,0.0,0.0,0.0,269.7176818847656,237.49830627441406,242.12716674804688,0.0,0.0,0.0,62.13999938964844,52.7158317565918,54.06977844238281,0.0,0.0,0.0
35.0,15.131319046020508,17200.205078125,1836.469970703125,6108.0458984375,9255.6904296875,1600.0,16.48795509338379,0.0,8277.2041015625,0.06656000018119812,1.021299958229065,0.0,1.0571202039718628,3.9148900508880615,1.5774699449539185,2.6226699352264404,4.630640029907227,0.0,0.11252088099718094,0.12814781069755554,0.0,0.0,0.0,11.96236801147461,279.896484375,0.0,173.86265563964844,1338.252197265625,694.9827880859375,0.0,3000.65478515625,0.0,13.502506256103516,13.955297470092773,0.0,0.0,0.0,48.28142547607422,48.28142547607422,228.6767578125,226.24859619140625,231.02059936523438,0.0,0.0,0.0,228.6767578125,226.24859619140625,231.02059936523438,0.0,0.0,0.0,50.399993896484375,49.68975830078125,51.0855712890625,0.0,0.0,0.0
36.0,15.240859031677246,17215.5234375,1836.469970703125,6123.36279296875,9255.6904296875,1600.0,15.8264741897583,0.0,8630.287109375,0.06656000018119812,1.021299958229065,0.0,1.1004252433776855,3.9148900508880615,1.5774699449539185,2.6226699352264404,4.630640029907227,0.0,0.14349955320358276,0.1634044200181961,0.0,0.0,0.0,0.0,279.896484375,0.0,180.63156127929688,2373.03369140625,920.7755737304688,0.0,1973.8536376953125,0.0,17.219945907592773,17.794742584228516,0.0,0.0,0.0,49.974239349365234,49.974239349365234,172.35792541503906,188.9990234375,196.39158630371094,0.0,0.0,0.0,172.35792541503906,188.9990234375,196.39158630371094,0.0,0.0,0.0,34.588218688964844,39.45574188232422,41.618064880371094,0.0,0.0,0.0
37.0,15.499165534973145,17340.828125,1836.469970703125,6128.20947265625,9376.1474609375,1600.0,15.346525192260742,0.0,8964.701171875,0.06656000018119812,1.2412999868392944,0.0,1.1162755489349365,3.9148900508880615,1.5774699449539185,2.6226699352264404,4.630640029907227,0.0,0.15388889610767365,0.17547111213207245,0.0,0.0,0.0,0.0,340.189453125,0.0,183.1192169189453,2818.720703125,1135.7784423828125,0.0,1471.321044921875,0.0,18.46666717529297,19.108802795410156,0.0,0.0,0.0,51.72944641113281,51.72944641113281,157.27655029296875,179.0868377685547,169.31576538085938,0.0,0.0,0.0,157.27655029296875,179.0868377685547,169.31576538085938,0.0,0.0,0.0,30.6568660736084,37.036373138427734,34.17833709716797,0.0,0.0,0.0
38.0,15.523138046264648,17573.595703125,1836.469970703125,6217.74267578125,9519.3828125,1600.0,15.454646110534668,0.0,9023.5888671875,0.06656000018119812,1.2412999868392944,0.0,1.126389503479004,3.9148900508880615,1.5774699449539185,2.6226699352264404,4.630640029907227,0.0,0.16039641201496124,0.18282189965248108,0.0,0.0,0.0,0.0,340.189453125,0.0,184.69778442382812,2818.720703125,1135.7784423828125,0.0,1506.076171875,0.0,19.247570037841797,19.909303665161133,0.0,0.0,0.0,53.48003005981445,53.48003005981445,100.732177734375,180.17369079589844,167.57241821289062,0.0,0.0,0.0,100.732177734375,180.17369079589844,167.57241821289062,0.0,0.0,0.0,14.009516716003418,37.246158599853516,33.56028366088867,0.0,0.0,0.0
39.0,15.538107872009277,17599.12890625,1836.469970703125,6218.22802734375,9544.431640625,1600.0,15.952966690063477,0.0,8759.2890625,0.06656000018119812,1.2412999868392944,0.0,1.1327296495437622,3.9148900508880615,1.5774699449539185,2.6226699352264404,4.630640029907227,0.0,0.16449293494224548,0.1873548924922943,0.0,0.0,0.0,0.0,340.189453125,0.0,185.6832733154297,2818.720703125,945.308349609375,0.0,1514.865478515625,0.0,19.739151000976562,20.4029483795166,0.0,0.0,0.0,55.162940979003906,55.162940979003906,65.66136932373047,181.7507781982422,182.1807403564453,0.0,0.0,0.0,65.66136932373047,181.7507781982422,182.1807403564453,0.0,0.0,0.0,3.252984046936035,37.209136962890625,37.33489990234375,0.0,0.0,0.0
40.0,15.543355941772461,17599.283203125,1836.469970703125,6218.38134765625,9544.431640625,1600.0,15.954568862915039,0.0,8760.8681640625,0.06656844913959503,1.2443369626998901,5.6469598348485306e-05,1.133551001548767,3.9148900508880615,1.5775316953659058,2.6226699352264404,4.630799770355225,2.3484674329665722e-06,0.16501522064208984,0.1879335641860962,0.0,0.0,0.0,0.0,341.0217590332031,0.015476002357900143,185.8109893798828,2818.720703125,584.494384765625,0.0,1874.0416259765625,0.0005280164768919349,19.80182647705078,20.465965270996094,0.0,0.0,0.0,56.76271057128906,56.76271057128906,125.1947021484375,190.0592498779297,151.06198120117188,0.0,0.0,0.0,125.1947021484375,190.0592498779297,151.06198120117188,0.0,0.0,0.0,20.664880752563477,39.637760162353516,28.231060028076172,0.0,0.0,0.0
41.0,15.75536823272705,17910.4140625,1836.469970703125,6529.51171875,9544.431640625,1600.0,17.006187438964844,0.0,8370.5107421875,0.06697157025337219,1.436075210571289,0.006107430439442396,1.1339106559753418,3.9148900508880615,1.5807514190673828,2.622671127319336,4.64045524597168,0.00011437911598477513,0.16523908078670502,0.18818245828151703,0.0,0.0,0.0,0.0,393.5693664550781,1.6737964153289795,185.866943359375,1534.3763427734375,417.0148620605469,0.0,3007.01513671875,0.0658823698759079,19.828689575195312,20.493070602416992,0.0,0.0,0.0,58.29594039916992,58.29594039916992,222.4226837158203,222.18910217285156,234.70916748046875,0.0,0.0,0.0,222.4226837158203,222.18910217285156,234.70916748046875,0.0,0.0,0.0,48.05244445800781,47.984127044677734,51.646244049072266,0.0,0.0,0.0
42.0,16.4113826751709,18241.59375,1836.469970703125,6860.69189453125,9544.431640625,1600.0,17.543861389160156,0.0,8267.3349609375,0.06804147362709045,2.0307018756866455,0.024827560409903526,1.1347628831863403,3.9148900508880615,1.5904422998428345,2.6226742267608643,4.6700921058654785,0.0004117166390642524,0.1657685488462448,0.18877120316028595,0.0,0.0,0.0,12.186458587646484,556.5321044921875,6.8042168617248535,185.9995880126953,1283.2392578125,397.2415771484375,0.0,3026.219482421875,0.23714879155158997,19.892227172851562,20.55718421936035,0.0,0.0,0.0,59.79368209838867,59.79368209838867,234.25022888183594,227.10435485839844,237.6844024658203,0.0,0.0,0.0,234.25022888183594,227.10435485839844,237.6844024658203,0.0,0.0,0.0,50.97433090209961,48.88416290283203,51.978824615478516,0.0,0.0,0.0
43.0,17.078998565673828,18423.615234375,1836.469970703125,7042.71337890625,9544.431640625,1600.0,17.98582649230957,0.0,8148.2373046875,0.06900522112846375,2.6364691257476807,0.043733302503824234,1.1354804039001465,3.9148900508880615,1.6001981496810913,2.6226770877838135,4.700384140014648,0.0006795509252697229,0.16621434688568115,0.1892663985490799,0.0,0.0,0.0,31.797603607177734,722.548095703125,11.985506057739258,186.11123657226562,0.0,391.8437194824219,996.0748901367188,3045.84912109375,0.3914213478565216,19.945722579956055,20.61111068725586,0.0,0.0,0.0,61.322654724121094,61.322654724121094,273.66943359375,257.863525390625,246.00933837890625,0.0,0.0,0.0,273.66943359375,257.863525390625,246.00933837890625,0.0,0.0,0.0,62.06248474121094,57.43925094604492,53.97190475463867,0.0,0.0,0.0
44.0,17.502792358398438,18489.44140625,1836.469970703125,7108.53857421875,9544.431640625,1600.0,17.560840606689453,0.0,8375.0576171875,0.06945619732141495,3.0217463970184326,0.05567830428481102,1.1358036994934082,3.9148900508880615,1.6050387620925903,2.622678279876709,4.720791816711426,0.0008048826712183654,0.16641521453857422,0.18948940932750702,0.0,0.0,0.0,32.00541687011719,828.1367797851562,15.25914192199707,186.16151428222656,1104.171630859375,312.4817810058594,0.0015890769427642226,3059.072998046875,0.4636124074459076,19.969825744628906,20.635395050048828,0.0,0.0,0.0,62.902523040771484,62.902523040771484,238.8270263671875,258.25927734375,238.51255798339844,0.0,0.0,0.0,238.8270263671875,258.25927734375,238.51255798339844,0.0,0.0,0.0,52.29606628417969,57.97999954223633,52.204078674316406,0.0,0.0,0.0
45.0,17.810771942138672,18664.87109375,1836.469970703125,7283.96923828125,9544.431640625,1600.0,17.742488861083984,0.0,8370.4833984375,0.06965170055627823,3.3009893894195557,0.06442005187273026,1.1359398365020752,3.9148900508880615,1.6072108745574951,2.622678756713867,4.736700534820557,0.0008592148078605533,0.16683152318000793,0.19059915840625763,0.0,0.0,0.0,12.4365234375,904.6658935546875,17.654895782470703,186.1826934814453,1021.1527709960938,320.8892822265625,0.0,3069.3818359375,0.4949077367782593,20.01978302001953,20.756248474121094,0.0,0.0,0.0,64.54644012451172,64.54644012451172,236.9358673095703,225.71791076660156,233.68785095214844,0.0,0.0,0.0,236.9358673095703,225.71791076660156,233.68785095214844,0.0,0.0,0.0,51.56125259399414,48.279998779296875,50.6112060546875,0.0,0.0,0.0
46.0,18.164743423461914,18751.35546875,1836.469970703125,7370.45458984375,9544.431640625,1600.0,17.605300903320312,0.0,8476.12109375,0.069840207695961,3.611067056655884,0.07428193092346191,1.1360689401626587,3.9148900508880615,1.6093181371688843,2.6226794719696045,4.754627227783203,0.0009116028668358922,0.1702408641576767,0.20081758499145508,0.0,0.0,0.0,24.168935775756836,989.6454467773438,20.357633590698242,186.20278930664062,620.7093505859375,406.01165771484375,272.1763916015625,3080.99853515625,0.5250832438468933,20.428905487060547,21.869035720825195,0.0,0.0,0.0,66.24284362792969,66.24284362792969,260.4716491699219,249.17495727539062,233.68960571289062,0.0,0.0,0.0,260.4716491699219,249.17495727539062,233.68960571289062,0.0,0.0,0.0,58.5826530456543,55.27837371826172,50.748905181884766,0.0,0.0,0.0
47.0,18.37576675415039,18793.3046875,1836.469970703125,7412.40380859375,9544.431640625,1600.0,17.316511154174805,0.0,8637.505859375,0.0699331983923912,3.777677536010742,0.07956555485725403,1.1361323595046997,3.9148900508880615,1.610368013381958,2.6226797103881836,4.764326572418213,0.0009374463115818799,0.17724816501140594,0.22200818359851837,0.0,0.0,0.0,0.0,1035.306640625,21.8056583404541,186.212646484375,837.4959106445312,709.4766235351562,0.0,2914.116455078125,0.17942512035369873,21.269779205322266,24.17669105529785,0.0,0.0,0.0,68.00224304199219,68.00224304199219,186.28746032714844,218.9835205078125,186.69935607910156,0.0,0.0,0.0,186.28746032714844,218.9835205078125,186.69935607910156,0.0,0.0,0.0,37.17257308959961,46.73617172241211,37.293052673339844,0.0,0.0,0.0
48.0,18.501605987548828,18813.904296875,1836.469970703125,7433.00341796875,9544.431640625,1600.0,16.662059783935547,0.0,8985.205078125,0.0699668750166893,3.8657031059265137,0.08241555094718933,1.1361550092697144,3.9148900508880615,1.6107470989227295,2.6226797103881836,4.768906593322754,0.0009468045318499207,0.18456047773361206,0.24463526904582977,0.0,0.0,0.0,0.0,1059.4307861328125,22.58672523498535,186.21615600585938,2792.317138671875,940.1995239257812,0.0,932.8429565429688,0.05798894539475441,22.14725685119629,26.640779495239258,0.0,0.0,0.0,69.80589294433594,69.80589294433594,130.73773193359375,183.7514190673828,164.61033630371094,0.0,0.0,0.0,130.73773193359375,183.7514190673828,164.61033630371094,0.0,0.0,0.0,21.578725814819336,37.08523178100586,31.48646354675293,0.0,0.0,0.0
49.0,18.62592887878418,19075.490234375,1836.469970703125,7559.16162109375,9679.8583984375,1600.0,16.26129722595215,0.0,9333.3427734375,0.06997814029455185,3.929802894592285,0.08451398462057114,1.136162519454956,3.9148900508880615,1.6108734607696533,2.6226797103881836,4.771690845489502,0.0009499362204223871,0.1978548914194107,0.286531925201416,0.0,0.0,0.0,0.0,1076.9979248046875,23.161819458007812,186.2173309326172,2813.4150390625,1159.828857421875,0.0,900.4830932617188,0.05614731088280678,23.74258804321289,31.203325271606445,0.0,0.0,0.0,71.63706970214844,71.63706970214844,147.90188598632812,168.05149841308594,182.1171112060547,0.0,0.0,0.0,147.90188598632812,168.05149841308594,182.1171112060547,0.0,0.0,0.0,27.000003814697266,32.89376449584961,37.007957458496094,0.0,0.0,0.0
50.0,18.89791488647461,19338.48046875,1836.469970703125,7651.841796875,9850.16796875,1600.0,16.38152313232422,0.0,9394.61328125,0.06999684125185013,4.074583530426025,0.08913322538137436,1.1361750364303589,3.9148900508880615,1.6110857725143433,2.6226799488067627,4.777700901031494,0.0009551327093504369,0.2258564829826355,0.3748573362827301,0.0,0.0,0.0,0.0,1116.6763916015625,24.427762985229492,186.2192840576172,2812.472412109375,1159.9818115234375,0.0,886.793212890625,0.055573541671037674,27.102779388427734,40.821964263916016,0.0,0.0,0.0,73.46272277832031,73.46272277832031,148.31292724609375,163.26339721679688,141.38674926757812,0.0,0.0,0.0,148.31292724609375,163.26339721679688,141.38674926757812,0.0,0.0,0.0,27.00000762939453,31.373022079467773,24.974103927612305,0.0,0.0,0.0
51.0,19.10333251953125,19426.423828125,1836.469970703125,7708.52587890625,9881.427734375,1600.0,16.9635009765625,0.0,9119.4169921875,0.07000806927680969,4.192041873931885,0.09287107735872269,1.1361826658248901,3.9148900508880615,1.6112135648727417,2.6226799488067627,4.78242301940918,0.0009582528145983815,0.24495136737823486,0.43511223793029785,0.0,0.0,0.0,0.0,1148.866943359375,25.4521541595459,186.220458984375,2806.664306640625,965.5293579101562,0.0,859.1709594726562,0.05400077998638153,28.58431625366211,46.896568298339844,0.0,0.0,0.0,75.2081298828125,75.2081298828125,79.95339965820312,157.978759765625,146.27293395996094,0.0,0.0,0.0,79.95339965820312,157.978759765625,146.27293395996094,0.0,0.0,0.0,6.422868251800537,29.245285034179688,25.821331024169922,0.0,0.0,0.0
52.0,19.239809036254883,19449.037109375,1836.469970703125,7731.1396484375,9881.427734375,1600.0,16.984817504882812,0.0,9121.021484375,0.07001469284296036,4.272409915924072,0.09543661028146744,1.1361870765686035,3.9148900508880615,1.6112887859344482,2.6226799488067627,4.785613536834717,0.0009600943885743618,0.25704583525657654,0.47328218817710876,0.0,0.0,0.0,0.0,1170.8924560546875,26.155263900756836,186.2211456298828,2818.720703125,597.0018310546875,0.0,1185.42626953125,0.07463283836841583,30.84549903869629,51.540428161621094,0.0,0.0,0.0,76.84965515136719,76.84965515136719,150.37545776367188,177.08457946777344,165.3249969482422,0.0,0.0,0.0,150.37545776367188,177.08457946777344,165.3249969482422,0.0,0.0,0.0,27.000003814697266,34.81241989135742,31.372743606567383,0.0,0.0,0.0
53.0,19.306840896606445,19456.193359375,1836.469970703125,7738.294921875,9881.427734375,1600.0,17.798831939697266,0.0,8714.587890625,0.07001745700836182,4.31423282623291,0.0967743992805481,1.1361889839172363,3.9148900508880615,1.6113677024841309,2.6226799488067627,4.787407875061035,0.0009608625550754368,0.2623371183872223,0.48998433351516724,0.0,0.0,0.0,0.0,1182.3543701171875,26.521896362304688,186.221435546875,819.560791015625,425.0917053222656,0.0,3066.470947265625,0.4838661253452301,31.480453491210938,53.35929489135742,0.0,0.0,0.0,78.41793823242188,78.41793823242188,225.6868438720703,220.6975555419922,208.5109405517578,0.0,0.0,0.0,225.6868438720703,220.6975555419922,208.5109405517578,0.0,0.0,0.0,48.214569091796875,46.75520324707031,43.190616607666016,0.0,0.0,0.0
54.0,19.340076446533203,19465.0859375,1836.469970703125,7747.18896484375,9881.427734375,1600.0,18.0371036529541,0.0,8607.142578125,0.07001814991235733,4.3393731117248535,0.09758276492357254,1.1361894607543945,3.9148900508880615,1.611518383026123,2.6226799488067627,4.788853168487549,0.0009610548731870949,0.26370567083358765,0.49430543184280396,0.0,0.0,0.0,0.0,1189.2442626953125,26.743436813354492,186.2215118408203,1009.64111328125,402.5057067871094,0.0,2817.64208984375,0.17753005027770996,31.644681930541992,53.82986068725586,0.0,0.0,0.0,79.93972778320312,79.93972778320312,144.396240234375,218.9707489013672,190.3119659423828,0.0,0.0,0.0,144.396240234375,218.9707489013672,190.3119659423828,0.0,0.0,0.0,24.198795318603516,46.011837005615234,37.629146575927734,0.0,0.0,0.0
55.0,19.386075973510742,19503.267578125,1836.469970703125,7785.36962890625,9881.427734375,1600.0,18.345369338989258,0.0,8483.119140625,0.07001857459545135,4.377774715423584,0.09882304072380066,1.1361896991729736,3.9148900508880615,1.6118241548538208,2.6226799488067627,4.791325092315674,0.0009611733839847147,0.2645668089389801,0.4970235228538513,0.0,0.0,0.0,0.0,1199.7685546875,27.083345413208008,186.2215576171875,709.5802612304688,394.6905822753906,0.0,3028.915283203125,0.46740439534187317,31.748018264770508,54.12586212158203,0.0,0.0,0.0,81.4498062133789,81.4498062133789,211.08578491210938,221.96319580078125,217.25784301757812,0.0,0.0,0.0,211.08578491210938,221.96319580078125,217.25784301757812,0.0,0.0,0.0,43.39722442626953,46.57886505126953,45.20254898071289,0.0,0.0,0.0
56.0,19.456478118896484,19521.580078125,1836.469970703125,7803.681640625,9881.427734375,1600.0,17.863086700439453,0.0,8719.224609375,0.07001887261867523,4.439280986785889,0.10080741345882416,1.1361899375915527,3.9148900508880615,1.6120816469192505,2.6226799488067627,4.795454025268555,0.0009612565045244992,0.2651742994785309,0.4989403188228607,0.0,0.0,0.0,0.0,1216.6248779296875,27.627180099487305,186.22158813476562,877.8013916015625,313.85296630859375,0.0,3081.320068359375,0.5023927092552185,31.82091522216797,54.33460235595703,0.0,0.0,0.0,82.97982025146484,82.97982025146484,216.43173217773438,220.9795379638672,219.17127990722656,0.0,0.0,0.0,216.43173217773438,220.9795379638672,219.17127990722656,0.0,0.0,0.0,45.44319534301758,46.7734260559082,46.24451446533203,0.0,0.0,0.0
57.0,19.58652687072754,19658.294921875,1836.469970703125,7940.39697265625,9881.427734375,1600.0,18.003131866455078,0.0,8714.4306640625,0.07001905143260956,4.555976390838623,0.10464569181203842,1.1361900568008423,3.9148900508880615,1.6122511625289917,2.6226799488067627,4.8033013343811035,0.0009613056317903101,0.26553478837013245,0.5000779032707214,0.0,0.0,0.0,0.0,1248.6064453125,28.679096221923828,186.2216033935547,846.379638671875,321.8956298828125,0.0,3066.71728515625,0.4771888554096222,31.864173889160156,54.4584846496582,0.0,0.0,0.0,84.55742645263672,84.55742645263672,213.53013610839844,221.2552947998047,207.80520629882812,0.0,0.0,0.0,213.53013610839844,221.2552947998047,207.80520629882812,0.0,0.0,0.0,44.45443344116211,46.71404266357422,42.77989196777344,0.0,0.0,0.0
58.0,19.841135025024414,19739.580078125,1836.469970703125,8021.681640625,9881.427734375,1600.0,17.85396385192871,0.0,8824.3828125,0.07001934200525284,4.785060405731201,0.11223746836185455,1.1361901760101318,3.9148900508880615,1.6125315427780151,2.6226799488067627,4.8185038566589355,0.0009613859001547098,0.26612377166748047,0.5019369125366211,0.0,0.0,0.0,0.0,1311.388916015625,30.759689331054688,186.2216339111328,796.96630859375,406.8223571777344,0.0,3038.5361328125,0.46538475155830383,31.934850692749023,54.660926818847656,0.0,0.0,0.0,86.162109375,86.162109375,200.84938049316406,220.03211975097656,216.41281127929688,0.0,0.0,0.0,200.84938049316406,220.03211975097656,216.41281127929688,0.0,0.0,0.0,40.89448165893555,46.50543212890625,45.446781158447266,0.0,0.0,0.0
59.0,20.013874053955078,19767.87890625,1836.469970703125,8049.98095703125,9881.427734375,1600.0,17.545583724975586,0.0,8992.3583984375,0.07001951336860657,4.94072961807251,0.11740328371524811,1.1361902952194214,3.9148900508880615,1.6127039194107056,2.6226799488067627,4.8287553787231445,0.0009614343871362507,0.26647987961769104,0.5030609369277954,0.0,0.0,0.0,0.0,1354.051513671875,32.1754264831543,186.22164916992188,751.9656982421875,710.5057373046875,0.0,2847.159423828125,0.4170253574848175,31.97758674621582,54.78333282470703,0.0,0.0,0.0,87.8060531616211,87.8060531616211,189.7756805419922,215.553955078125,209.33644104003906,0.0,0.0,0.0,189.7756805419922,215.553955078125,209.33644104003906,0.0,0.0,0.0,37.96380615234375,45.50394821166992,43.685325622558594,0.0,0.0,0.0
60.0,20.098377227783203,19776.83203125,1836.469970703125,8058.93505859375,9881.427734375,1600.0,16.855335235595703,0.0,9361.951171875,0.07001955807209015,5.007948398590088,0.11962669342756271,1.136190414428711,3.9148900508880615,1.6127489805221558,2.6226799488067627,4.832525253295898,0.0009614468435756862,0.26926735043525696,0.5115193128585815,0.0,0.0,0.0,0.0,1372.473388671875,32.78477478027344,186.22166442871094,2702.0927734375,941.3680419921875,0.0,893.5078735351562,0.05613821744918823,32.31208038330078,55.70445251464844,0.0,0.0,0.0,89.49187469482422,89.49187469482422,149.36622619628906,183.87789916992188,172.0697479248047,0.0,0.0,0.0,149.36622619628906,183.87789916992188,172.0697479248047,0.0,0.0,0.0,26.834285736083984,36.92894744873047,33.475067138671875,0.0,0.0,0.0
61.0,20.2251033782959,20055.4765625,1836.469970703125,8230.904296875,9988.1015625,1600.0,16.450876235961914,0.0,9724.650390625,0.07001957297325134,5.077142715454102,0.12191496789455414,1.136190414428711,3.9149460792541504,1.6127631664276123,2.6226799488067627,4.8356170654296875,0.0009614507434889674,0.2821890115737915,0.5506794452667236,0.0,0.0,0.0,0.0,1391.436767578125,33.411895751953125,186.22166442871094,2749.4228515625,1161.189453125,0.0,857.4490356445312,0.05385958403348923,25.397010803222656,54.51726531982422,0.0,0.0,0.0,91.22023010253906,91.22023010253906,140.4521484375,166.62384033203125,163.7058868408203,0.0,0.0,0.0,140.4521484375,166.62384033203125,163.7058868408203,0.0,0.0,0.0,24.631378173828125,32.286598205566406,31.433095932006836,0.0,0.0,0.0
62.0,20.591053009033203,20350.009765625,1836.469970703125,8369.1494140625,10144.390625,1600.0,16.586538314819336,0.0,9788.4599609375,0.07001960277557373,5.284479141235352,0.12886479496955872,1.136190414428711,3.915595769882202,1.6127939224243164,2.6226799488067627,4.84462833404541,0.0009614593000151217,0.3174128234386444,0.6574262380599976,0.0,0.0,0.0,0.0,1448.2591552734375,35.316558837890625,186.22166442871094,2730.441162109375,1161.211669921875,0.0,845.1967163085938,0.053052712231874466,28.567155838012695,65.08519744873047,0.0,0.0,0.0,92.94780731201172,92.94780731201172,145.8634796142578,150.34552001953125,111.2562484741211,0.0,0.0,0.0,145.8634796142578,150.34552001953125,111.2562484741211,0.0,0.0,0.0,26.078527450561523,27.3895263671875,15.955913543701172,0.0,0.0,0.0
63.0,20.887128829956055,20461.5390625,1836.469970703125,8451.380859375,10173.6875,1600.0,17.19268798828125,0.0,9501.6875,0.07001962512731552,5.462427139282227,0.13481509685516357,1.136190414428711,3.916306734085083,1.612813949584961,2.6226799488067627,4.8522138595581055,0.0009614648297429085,0.3431816101074219,0.7355185747146606,0.0,0.0,0.0,0.0,1497.02734375,36.94729232788086,186.22166442871094,2702.900146484375,966.4884033203125,0.0,812.2059326171875,0.05095140263438225,30.88634490966797,72.81633758544922,0.0,0.0,0.0,94.59222412109375,94.59222412109375,89.87342834472656,155.2627410888672,122.10189056396484,0.0,0.0,0.0,89.87342834472656,155.2627410888672,122.10189056396484,0.0,0.0,0.0,9.095290184020996,28.221664428710938,18.522113800048828,0.0,0.0,0.0
64.0,21.082868576049805,20493.689453125,1836.469970703125,8483.5322265625,10173.6875,1600.0,17.220911026000977,0.0,9503.3251953125,0.07001963257789612,5.583065509796143,0.1388251632452011,1.136190414428711,3.9168317317962646,1.6128257513046265,2.6226799488067627,4.8573150634765625,0.0009614680311642587,0.3594214916229248,0.7847333550453186,0.0,0.0,0.0,0.0,1530.0894775390625,38.046287536621094,186.22166442871094,2776.4775390625,597.5712890625,0.0,1065.3092041015625,0.06680189073085785,33.106163024902344,78.21336364746094,0.0,0.0,0.0,96.13805389404297,96.13805389404297,101.99561309814453,163.31910705566406,159.69085693359375,0.0,0.0,0.0,101.99561309814453,163.31910705566406,159.69085693359375,0.0,0.0,0.0,12.612804412841797,30.5499267578125,29.488662719726562,0.0,0.0,0.0
65.0,21.178712844848633,20503.86328125,1836.469970703125,8493.705078125,10173.6875,1600.0,18.050329208374023,0.0,9079.8310546875,0.07001964002847672,5.644598484039307,0.14087094366550446,1.136190414428711,3.9170889854431152,1.6128623485565186,2.6226799488067627,4.859940528869629,0.0009614694281481206,0.3667023777961731,0.8067978620529175,0.0,0.0,0.0,0.0,1546.953125,38.60695266723633,186.22166442871094,2709.195068359375,425.4859924316406,0.0,979.9781494140625,0.061438269913196564,44.0042839050293,87.86028289794922,0.0,0.0,0.0,97.61637115478516,97.61637115478516,155.2296600341797,186.5434112548828,184.3618927001953,0.0,0.0,0.0,155.2296600341797,186.5434112548828,184.3618927001953,0.0,0.0,0.0,27.354345321655273,36.51361846923828,35.875526428222656,0.0,0.0,0.0
66.0,21.22394561767578,20513.263671875,1836.469970703125,8503.1064453125,10173.6875,1600.0,18.292211532592773,0.0,8967.8427734375,0.07001964002847672,5.679259300231934,0.14203673601150513,1.136190414428711,3.91715931892395,1.6129825115203857,2.6226799488067627,4.861545562744141,0.0009614697773940861,0.36859050393104553,0.8125198483467102,0.0,0.0,0.0,0.0,1556.4522705078125,38.92644500732422,186.22166442871094,813.6043701171875,402.8714294433594,0.0,2810.303466796875,0.4131629765033722,44.23086166381836,88.48341369628906,0.0,0.0,0.0,99.0431137084961,99.0431137084961,194.83506774902344,216.45352172851562,219.7729949951172,0.0,0.0,0.0,194.83506774902344,216.45352172851562,219.7729949951172,0.0,0.0,0.0,38.69704818725586,45.020442962646484,45.991390228271484,0.0,0.0,0.0
67.0,21.28193473815918,20563.1640625,1836.469970703125,8553.005859375,10173.6875,1600.0,18.613933563232422,0.0,8838.595703125,0.07001964002847672,5.7286882400512695,0.14369161427021027,1.136190414428711,3.9171998500823975,1.6132354736328125,2.6226799488067627,4.863931655883789,0.0009614699520170689,0.36963924765586853,0.8156980276107788,0.0,0.0,0.0,0.0,1569.99853515625,39.379981994628906,186.22166442871094,615.4295654296875,395.03619384765625,0.0,2913.326416015625,0.4388566315174103,44.356712341308594,88.82951354980469,0.0,0.0,0.0,100.47442626953125,100.47442626953125,191.81729125976562,219.95265197753906,216.76795959472656,0.0,0.0,0.0,191.81729125976562,219.95265197753906,216.76795959472656,0.0,0.0,0.0,37.49262237548828,45.72221755981445,44.79069519042969,0.0,0.0,0.0
68.0,21.373798370361328,20587.306640625,1836.469970703125,8577.1484375,10173.6875,1600.0,18.127182006835938,0.0,9084.5576171875,0.07001964002847672,5.809619903564453,0.14639312028884888,1.136190414428711,3.917229652404785,1.6134557723999023,2.6226799488067627,4.868846893310547,0.0009614701266400516,0.3703996241092682,0.8180022835731506,0.0,0.0,0.0,0.0,1592.1787109375,40.12035369873047,186.22166442871094,934.9268798828125,314.1204833984375,0.0,2815.96630859375,0.17642483115196228,44.44795227050781,89.0804443359375,0.0,0.0,0.0,101.92755889892578,101.92755889892578,127.63671875,218.8264923095703,172.08038330078125,0.0,0.0,0.0,127.63671875,218.8264923095703,172.08038330078125,0.0,0.0,0.0,19.206558227539062,45.87956619262695,32.206329345703125,0.0,0.0,0.0
69.0,21.54615592956543,20769.33203125,1836.469970703125,8759.1748046875,10173.6875,1600.0,18.30230140686035,0.0,9079.5302734375,0.07001964002847672,5.963995456695557,0.15163002908229828,1.136190414428711,3.917248487472534,1.6136101484298706,2.6226799488067627,4.87949275970459,0.0009614701848477125,0.37087756395339966,0.8194506168365479,0.0,0.0,0.0,0.0,1634.48681640625,41.55557632446289,186.22166442871094,741.9306030273438,322.16693115234375,0.0,2951.80224609375,0.4516875743865967,44.505306243896484,89.23817443847656,0.0,0.0,0.0,103.42146301269531,103.42146301269531,199.10073852539062,218.7860565185547,212.88539123535156,0.0,0.0,0.0,199.10073852539062,218.7860565185547,212.88539123535156,0.0,0.0,0.0,39.93466567993164,45.69261932373047,43.9666748046875,0.0,0.0,0.0
70.0,21.872207641601562,20858.740234375,1836.469970703125,8848.58203125,10173.6875,1600.0,18.152751922607422,0.0,9194.0595703125,0.07001964747905731,6.256302833557129,0.16160255670547485,1.136190414428711,3.9172792434692383,1.6138663291931152,2.6226799488067627,4.899821758270264,0.0009614703594706953,0.3716603219509125,0.8218227624893188,0.0,0.0,0.0,0.0,1714.59619140625,44.288639068603516,186.22166442871094,850.1344604492188,407.15911865234375,0.0,2751.318359375,0.17198339104652405,44.59923553466797,89.49649810791016,0.0,0.0,0.0,104.93894958496094,104.93894958496094,114.80702209472656,217.20156860351562,203.4260711669922,0.0,0.0,0.0,114.80702209472656,217.20156860351562,203.4260711669922,0.0,0.0,0.0,15.428301811218262,45.37870788574219,41.34937286376953,0.0,0.0,0.0
71.0,22.069669723510742,20887.029296875,1836.469970703125,8876.8720703125,10173.6875,1600.0,17.83660125732422,0.0,9369.0380859375,0.07001964747905731,6.433452129364014,0.16764971613883972,1.136190414428711,3.9172961711883545,1.614009141921997,2.6226799488067627,4.912201881408691,0.0009614704176783562,0.3720884323120117,0.8231202363967896,0.0,0.0,0.0,0.0,1763.1455078125,45.945919036865234,186.22166442871094,2236.482177734375,711.080810546875,0.0,1127.0628662109375,0.07038851082324982,44.650611877441406,89.6377944946289,0.0,0.0,0.0,106.4893569946289,106.4893569946289,118.56248474121094,189.3325958251953,191.79383850097656,0.0,0.0,0.0,118.56248474121094,189.3325958251953,191.79383850097656,0.0,0.0,0.0,16.842926025390625,37.54318618774414,38.26309585571289,0.0,0.0,0.0
72.0,22.161983489990234,20895.98046875,1836.469970703125,8885.822265625,10173.6875,1600.0,17.288496017456055,0.0,9667.490234375,0.07001964747905731,6.517317295074463,0.17051586508750916,1.136190414428711,3.9173009395599365,1.6140509843826294,2.6226799488067627,4.917238712310791,0.0009614704176783562,0.37221235036849976,0.8234956860542297,0.0,0.0,0.0,0.0,1786.129638671875,46.73141098022461,186.22166442871094,808.3267822265625,942.1280517578125,0.0,2499.700439453125,0.15605540573596954,44.66548156738281,89.67868041992188,0.0,0.0,0.0,108.07927703857422,108.07927703857422,185.4216766357422,209.01954650878906,168.30479431152344,0.0,0.0,0.0,185.4216766357422,209.01954650878906,168.30479431152344,0.0,0.0,0.0,36.94734191894531,43.8497200012207,31.940656661987305,0.0,0.0,0.0
73.0,22.2498779296875,21051.29296875,1836.469970703125,8961.5361328125,10253.2861328125,1600.0,16.76102066040039,0.0,10041.9873046875,0.07001964747905731,6.598226070404053,0.17328274250030518,1.136190414428711,3.9173028469085693,1.6140679121017456,2.6226799488067627,4.921238422393799,0.0009614704176783562,0.37226179242134094,0.8236455321311951,0.0,0.0,0.0,0.0,1808.3033447265625,47.48969650268555,186.22166442871094,2580.2041015625,1162.12890625,0.0,758.4447631835938,0.04733485355973244,31.486703872680664,80.0348129272461,0.0,0.0,0.0,109.70968627929688,109.70968627929688,147.9913787841797,163.76358032226562,154.54966735839844,0.0,0.0,0.0,147.9913787841797,163.76358032226562,154.54966735839844,0.0,0.0,0.0,26.526456832885742,31.139827728271484,28.44475746154785,0.0,0.0,0.0
74.0,22.39078140258789,21237.615234375,1836.469970703125,8998.7880859375,10402.3564453125,1600.0,16.801504135131836,0.0,10107.8359375,0.07001964747905731,6.728108882904053,0.17772364616394043,1.136190414428711,3.9173054695129395,1.614091157913208,2.6226799488067627,4.92751932144165,0.0009614704758860171,0.3723297417163849,0.8238514065742493,0.0,0.0,0.0,0.0,1843.8988037109375,48.70676803588867,186.22166442871094,2572.44189453125,1162.1456298828125,0.0,772.4716186523438,0.04818684607744217,31.263750076293945,79.88402557373047,0.0,0.0,0.0,111.3435287475586,111.3435287475586,64.38906860351562,141.01547241210938,146.1451416015625,0.0,0.0,0.0,64.38906860351562,141.01547241210938,146.1451416015625,0.0,0.0,0.0,2.032299041748047,24.445520401000977,25.945947647094727,0.0,0.0,0.0
75.0,22.474653244018555,21277.15234375,1836.469970703125,9010.5751953125,10430.1064453125,1600.0,17.353742599487305,0.0,9811.6787109375,0.07001964747905731,6.80548095703125,0.18036919832229614,1.136190414428711,3.917307138442993,1.6141037940979004,2.6226799488067627,4.931212902069092,0.0009614704758860171,0.3723662793636322,0.8239622116088867,0.0,0.0,0.0,0.0,1865.1033935546875,49.43180465698242,186.22166442871094,2557.45849609375,967.2613525390625,0.0,761.5286254882812,0.04749061539769173,30.019603729248047,78.96331787109375,0.0,0.0,0.0,112.9049301147461,112.9049301147461,135.81951904296875,152.9936065673828,146.9483184814453,0.0,0.0,0.0,135.81951904296875,152.9936065673828,146.9483184814453,0.0,0.0,0.0,22.37346649169922,27.396888732910156,25.628639221191406,0.0,0.0,0.0
76.0,22.513622283935547,21280.880859375,1836.469970703125,9014.3046875,10430.1064453125,1600.0,17.357769012451172,0.0,9813.3291015625,0.07001964747905731,6.841447830200195,0.18159903585910797,1.136190414428711,3.9173076152801514,1.6141091585159302,2.6226799488067627,4.932915210723877,0.0009614704758860171,0.37238210439682007,0.8240101337432861,0.0,0.0,0.0,0.0,1874.96044921875,49.76885223388672,186.22166442871094,2644.358642578125,598.0468139648438,0.0,1027.155517578125,0.06404723227024078,33.51438903808594,81.5770034790039,0.0,0.0,0.0,114.38426208496094,114.38426208496094,100.03463745117188,152.67315673828125,161.62840270996094,0.0,0.0,0.0,100.03463745117188,152.67315673828125,161.62840270996094,0.0,0.0,0.0,11.902362823486328,27.299129486083984,29.918540954589844,0.0,0.0,0.0
77.0,22.52988624572754,21282.060546875,1836.469970703125,9015.484375,10430.1064453125,1600.0,18.18752670288086,0.0,9375.974609375,0.07001964747905731,6.85646390914917,0.18211250007152557,1.136190414428711,3.9173078536987305,1.614111304283142,2.6226799488067627,4.933621883392334,0.0009614704758860171,0.3723883330821991,0.8240290284156799,0.0,0.0,0.0,0.0,1879.07568359375,49.90957260131836,186.22166442871094,2579.65478515625,425.81549072265625,0.0,944.503662109375,0.05889032408595085,44.68659973144531,89.73676300048828,0.0,0.0,0.0,115.79606628417969,115.79606628417969,91.64008331298828,185.3839874267578,123.59976196289062,0.0,0.0,0.0,91.64008331298828,185.3839874267578,123.59976196289062,0.0,0.0,0.0,8.617197036743164,36.037288665771484,17.965404510498047,0.0,0.0,0.0
78.0,22.53627586364746,21282.43359375,1836.469970703125,9015.8583984375,10430.1064453125,1600.0,18.42336654663086,0.0,9260.3095703125,0.07001964747905731,6.86232852935791,0.1823309063911438,1.136190414428711,3.9173078536987305,1.614127516746521,2.6226799488067627,4.933907985687256,0.0009614704758860171,0.3723895847797394,0.8240328431129456,0.0,0.0,0.0,0.0,1880.6829833984375,49.96942901611328,186.22166442871094,781.9873657226562,403.1573791503906,0.0,2683.563720703125,0.40123793482780457,44.68675231933594,89.73717498779297,0.0,0.0,0.0,117.14205932617188,117.14205932617188,215.29354858398438,216.50054931640625,215.8659210205078,0.0,0.0,0.0,215.29354858398438,216.50054931640625,215.8659210205078,0.0,0.0,0.0,44.54999542236328,44.903045654296875,44.71741485595703,0.0,0.0,0.0
79.0,22.54701042175293,21294.861328125,1836.469970703125,9028.2861328125,10430.1064453125,1600.0,18.71319580078125,0.0,9126.8046875,0.07001964747905731,6.87212610244751,0.18272192776203156,1.136190414428711,3.9173078536987305,1.614176630973816,2.6226799488067627,4.934401035308838,0.0009614704758860171,0.37239015102386475,0.8240344524383545,0.0,0.0,0.0,0.0,1883.3680419921875,50.07659149169922,186.22166442871094,734.8429565429688,395.26666259765625,0.0,2644.7685546875,0.1648932844400406,44.68681716918945,89.73735809326172,0.0,0.0,0.0,118.4901123046875,118.4901123046875,118.69126892089844,216.766357421875,193.12762451171875,0.0,0.0,0.0,118.69126892089844,216.766357421875,193.12762451171875,0.0,0.0,0.0,16.003999710083008,44.69096374511719,37.776634216308594,0.0,0.0,0.0
80.0,22.569128036499023,21301.041015625,1836.469970703125,9034.4638671875,10430.1064453125,1600.0,18.206228256225586,0.0,9380.7578125,0.07001964747905731,6.892355442047119,0.18354007601737976,1.136190414428711,3.9173080921173096,1.6142138242721558,2.6226799488067627,4.935432434082031,0.0009614704758860171,0.372390478849411,0.8240355849266052,0.0,0.0,0.0,0.0,1888.9122314453125,50.300811767578125,186.22166442871094,739.3671875,314.26806640625,0.0,2884.891845703125,0.4317033290863037,44.686859130859375,89.73747253417969,0.0,0.0,0.0,119.86312866210938,119.86312866210938,212.3202362060547,217.47198486328125,212.46714782714844,0.0,0.0,0.0,212.3202362060547,217.47198486328125,212.46714782714844,0.0,0.0,0.0,43.897438049316406,45.404327392578125,43.94041061401367,0.0,0.0,0.0
81.0,22.695377349853516,21469.84375,1836.469970703125,9203.2685546875,10430.1064453125,1600.0,18.365161895751953,0.0,9375.53125,0.07001964747905731,7.007843017578125,0.18833208084106445,1.136190414428711,3.9173080921173096,1.6142494678497314,2.6226799488067627,4.941366195678711,0.0009614704758860171,0.3723908066749573,0.8240364789962769,0.0,0.0,0.0,0.0,1920.5626220703125,51.614105224609375,186.22166442871094,715.3270263671875,322.2945861816406,0.0,2863.001708984375,0.4254130423069,44.68689727783203,89.7375717163086,0.0,0.0,0.0,121.28907775878906,121.28907775878906,209.4311065673828,217.30050659179688,204.97938537597656,0.0,0.0,0.0,209.4311065673828,217.30050659179688,204.97938537597656,0.0,0.0,0.0,42.89344024658203,45.19523620605469,41.59130859375,0.0,0.0,0.0
82.0,22.989456176757812,21553.693359375,1836.469970703125,9287.1181640625,10430.1064453125,1600.0,18.20710563659668,0.0,9493.7548828125,0.07001964747905731,7.276836395263672,0.1995166689157486,1.136190414428711,3.9173080921173096,1.614323616027832,2.6226799488067627,4.955191135406494,0.0009614704758860171,0.3723914325237274,0.8240383863449097,0.0,0.0,0.0,0.0,1994.2825927734375,54.67934036254883,186.22166442871094,731.1314086914062,407.27447509765625,0.0,2763.733642578125,0.29303357005119324,44.68696975708008,89.73777770996094,0.0,0.0,0.0,122.7528305053711,122.7528305053711,185.2073974609375,215.42112731933594,156.7491912841797,0.0,0.0,0.0,185.2073974609375,215.42112731933594,156.7491912841797,0.0,0.0,0.0,35.96605682373047,44.80357360839844,27.642032623291016,0.0,0.0,0.0
83.0,23.170940399169922,21580.224609375,1836.469970703125,9313.6484375,10430.1064453125,1600.0,17.886789321899414,0.0,9674.408203125,0.07001964747905731,7.442839622497559,0.20642060041427612,1.136190414428711,3.9173080921173096,1.6143654584884644,2.6226799488067627,4.963724136352539,0.0009614704758860171,0.3723917603492737,0.8240393996238708,0.0,0.0,0.0,0.0,2039.77734375,56.57142639160156,186.22166442871094,2137.599609375,711.23779296875,0.0,1126.3157958984375,0.07007233798503876,44.68701171875,89.7378921508789,0.0,0.0,0.0,124.25867462158203,124.25867462158203,115.31290435791016,188.6693572998047,182.1996307373047,0.0,0.0,0.0,115.31290435791016,188.6693572998047,182.1996307373047,0.0,0.0,0.0,15.84223461151123,37.29899597167969,35.4066047668457,0.0,0.0,0.0
84.0,23.256343841552734,21588.619140625,1836.469970703125,9322.04296875,10430.1064453125,1600.0,17.233869552612305,0.0,10040.0791015625,0.07001964747905731,7.521234512329102,0.20968416333198547,1.136190414428711,3.9173080921173096,1.6143766641616821,2.6226799488067627,4.967458248138428,0.0009614704758860171,0.37239184975624084,0.8240396976470947,0.0,0.0,0.0,0.0,2061.261962890625,57.46583557128906,186.22166442871094,2446.649169921875,942.318115234375,0.0,808.5820922851562,0.05029091238975525,44.6870231628418,89.73792266845703,0.0,0.0,0.0,125.81200408935547,125.81200408935547,169.6935577392578,183.44215393066406,169.4647216796875,0.0,0.0,0.0,169.6935577392578,183.44215393066406,169.4647216796875,0.0,0.0,0.0,32.40149688720703,36.42295837402344,32.33456039428711,0.0,0.0,0.0
85.0,23.359100341796875,21799.201171875,1836.469970703125,9423.6826171875,10539.0498046875,1600.0,16.745092391967773,0.0,10428.98046875,0.07001964747905731,7.615874767303467,0.213623046875,1.136190414428711,3.9173080921173096,1.6143815517425537,2.6226799488067627,4.971630573272705,0.0009614704758860171,0.3723919093608856,0.8240398168563843,0.0,0.0,0.0,0.0,2087.198974609375,58.54532241821289,186.22166442871094,2464.36865234375,1162.354736328125,0.0,804.1674194335938,0.05000029131770134,44.68702697753906,89.7379379272461,0.0,0.0,0.0,127.4100570678711,127.4100570678711,162.3496856689453,171.07769775390625,142.303466796875,0.0,0.0,0.0,162.3496856689453,171.07769775390625,142.303466796875,0.0,0.0,0.0,30.742191314697266,33.295135498046875,24.878671646118164,0.0,0.0,0.0
86.0,23.543956756591797,22015.412109375,1836.469970703125,9473.8994140625,10705.04296875,1600.0,16.80296516418457,0.0,10497.3271484375,0.07001964747905731,7.786200046539307,0.22070953249931335,1.136190414428711,3.917311668395996,1.614388108253479,2.6226799488067627,4.979063510894775,0.0009614704758860171,0.372391939163208,0.8240399956703186,0.0,0.0,0.0,0.0,2133.87841796875,60.4874382019043,186.22166442871094,2480.964111328125,1162.359375,0.0,814.37841796875,0.05060611292719841,26.82569122314453,76.58386993408203,0.0,0.0,0.0,129.02906799316406,129.02906799316406,74.42804718017578,145.15478515625,150.53506469726562,0.0,0.0,0.0,74.42804718017578,145.15478515625,150.53506469726562,0.0,0.0,0.0,4.967238426208496,25.654809951782227,27.22854232788086,0.0,0.0,0.0
87.0,23.678516387939453,22096.583984375,1836.469970703125,9523.998046875,10736.1162109375,1600.0,17.387828826904297,0.0,10189.7158203125,0.07001964747905731,7.910176753997803,0.22586330771446228,1.136190414428711,3.917375326156616,1.6143914461135864,2.6226799488067627,4.984426021575928,0.0009614704758860171,0.3723919689655304,0.8240400552749634,0.0,0.0,0.0,0.0,2167.855224609375,61.89987564086914,186.22166442871094,2448.14892578125,967.4337768554688,0.0,801.3572998046875,0.04977624863386154,24.844648361206055,75.17737579345703,0.0,0.0,0.0,130.58953857421875,130.58953857421875,144.8687744140625,152.89205932617188,121.87773132324219,0.0,0.0,0.0,144.8687744140625,152.89205932617188,121.87773132324219,0.0,0.0,0.0,24.98628807067871,27.333101272583008,18.26140785217285,0.0,0.0,0.0
88.0,23.7895565032959,22118.78125,1836.469970703125,9546.1943359375,10736.1162109375,1600.0,17.40619659423828,0.0,10191.3955078125,0.07001964747905731,8.012247085571289,0.23010368645191193,1.136190414428711,3.9177002906799316,1.614393949508667,2.6226799488067627,4.988828659057617,0.0009614704758860171,0.3723919987678528,0.8240401148796082,0.0,0.0,0.0,0.0,2195.82861328125,63.061988830566406,186.22166442871094,2534.585205078125,598.15234375,0.0,1041.15234375,0.06464898586273193,32.64384460449219,80.92914581298828,0.0,0.0,0.0,132.07015991210938,132.07015991210938,93.31188201904297,150.48052978515625,143.9884490966797,0.0,0.0,0.0,93.31188201904297,150.48052978515625,143.9884490966797,0.0,0.0,0.0,9.887528419494629,26.609357833862305,24.710424423217773,0.0,0.0,0.0
89.0,23.84832763671875,22125.953125,1836.469970703125,9553.3671875,10736.1162109375,1600.0,18.244810104370117,0.0,9737.1572265625,0.07001964747905731,8.065926551818848,0.23233380913734436,1.136190414428711,3.918248176574707,1.6143951416015625,2.6226799488067627,4.991139888763428,0.0009614704758860171,0.3723919987678528,0.8240401148796082,0.0,0.0,0.0,0.0,2210.539794921875,63.67317581176758,186.22166442871094,2480.929443359375,425.8903503417969,0.0,942.8514404296875,0.05853461101651192,33.515281677246094,81.57997131347656,0.0,0.0,0.0,133.48471069335938,133.48471069335938,168.1470947265625,174.13296508789062,154.66693115234375,0.0,0.0,0.0,168.1470947265625,174.13296508789062,154.66693115234375,0.0,0.0,0.0,30.93821144104004,32.689083099365234,26.995267868041992,0.0,0.0,0.0
90.0,23.874486923217773,22128.76953125,1836.469970703125,9556.1826171875,10736.1162109375,1600.0,18.483850479125977,0.0,9617.0009765625,0.07001964747905731,8.088397979736328,0.23332057893276215,1.136190414428711,3.9199821949005127,1.6143954992294312,2.6226799488067627,4.99210786819458,0.0009614704758860171,0.3723919987678528,0.8240401744842529,0.0,0.0,0.0,0.0,2216.6982421875,63.943607330322266,186.22166442871094,950.6044921875,403.2243347167969,0.0,2387.707275390625,0.148224875330925,44.687042236328125,89.73797607421875,0.0,0.0,0.0,134.8363800048828,134.8363800048828,187.194091796875,210.55999755859375,200.904296875,0.0,0.0,0.0,187.194091796875,210.55999755859375,200.904296875,0.0,0.0,0.0,36.270423889160156,43.104949951171875,40.28065490722656,0.0,0.0,0.0
91.0,23.887161254882812,22130.60546875,1836.469970703125,9558.0185546875,10736.1162109375,1600.0,18.7657527923584,0.0,9478.3251953125,0.07001964747905731,8.098551750183105,0.2337217479944229,1.136190414428711,3.9216647148132324,1.6143957376480103,2.6226799488067627,4.992543697357178,0.0009614704758860171,0.3723919987678528,0.8240401744842529,0.0,0.0,0.0,0.0,2219.48095703125,64.05355072021484,186.22166442871094,566.0853881835938,395.3203125,0.0,2682.22216796875,0.3973289728164673,44.687042236328125,89.73797607421875,0.0,0.0,0.0,136.19361877441406,136.19361877441406,174.76763916015625,214.35845947265625,184.92274475097656,0.0,0.0,0.0,174.76763916015625,214.35845947265625,184.92274475097656,0.0,0.0,0.0,32.353782653808594,43.93409729003906,35.32415008544922,0.0,0.0,0.0
92.0,23.893108367919922,22131.185546875,1836.469970703125,9558.599609375,10736.1162109375,2930.02685546875,18.251461029052734,0.0,9742.013671875,0.07001964747905731,8.103731155395508,0.2338937520980835,1.136190414428711,3.92203950881958,1.6143957376480103,2.6226799488067627,4.992764472961426,0.0009614704758860171,0.3723919987678528,0.8240401744842529,0.0,0.0,0.0,0.0,2220.900390625,64.10069274902344,186.22166442871094,731.9605712890625,314.3034973144531,0.0,2772.115966796875,0.4095452129840851,44.687042236328125,89.73797607421875,0.0,0.0,0.0,137.57769775390625,137.57769775390625,185.3999786376953,215.04063415527344,202.6126708984375,0.0,0.0,0.0,185.3999786376953,215.04063415527344,202.6126708984375,0.0,0.0,0.0,35.97803497314453,44.647926330566406,41.01274490356445,0.0,0.0,0.0
93.0,24.022172927856445,22318.693359375,1836.469970703125,9746.1064453125,10736.1162109375,2930.02685546875,18.420751571655273,0.0,9736.5498046875,0.07001964747905731,8.22143840789795,0.23977427184581757,1.136190414428711,3.922351121902466,1.6143958568572998,2.6226799488067627,4.997929573059082,0.0009614704758860171,0.3723919987678528,0.8240401744842529,0.0,0.0,0.0,0.0,2253.1591796875,65.71229553222656,186.22166442871094,708.4013061523438,322.3238220214844,0.0,2748.677490234375,0.4057881534099579,44.687042236328125,89.73797607421875,0.0,0.0,0.0,139.00833129882812,139.00833129882812,179.93304443359375,215.26080322265625,180.8512725830078,0.0,0.0,0.0,179.93304443359375,215.26080322265625,180.8512725830078,0.0,0.0,0.0,34.20966720581055,44.543033599853516,34.47824478149414,0.0,0.0,0.0
94.0,24.34620475769043,22412.1953125,1836.469970703125,9839.6083984375,10736.1162109375,2930.02685546875,18.26682472229004,0.0,9859.294921875,0.07001964747905731,8.516935348510742,0.25463682413101196,1.136190414428711,3.9230494499206543,1.6143958568572998,2.6226799488067627,5.010903358459473,0.0009614704758860171,0.3723919987678528,0.8240401744842529,0.0,0.0,0.0,0.0,2334.14306640625,69.78551483154297,186.22166442871094,731.322509765625,407.2926940917969,0.0,2637.069580078125,0.27940112352371216,44.687042236328125,89.73797607421875,0.0,0.0,0.0,140.47418212890625,140.47418212890625,173.13450622558594,212.78294372558594,164.35508728027344,0.0,0.0,0.0,173.13450622558594,212.78294372558594,164.35508728027344,0.0,0.0,0.0,32.37501907348633,43.97218704223633,29.807039260864258,0.0,0.0,0.0
95.0,24.547346115112305,22441.779296875,1836.469970703125,9869.193359375,10736.1162109375,2930.02685546875,17.946311950683594,0.0,10046.857421875,0.07001964747905731,8.700392723083496,0.26386791467666626,1.136190414428711,3.9234471321105957,1.6143958568572998,2.6226799488067627,5.01895809173584,0.0009614704758860171,0.3723919987678528,0.8240401744842529,0.0,0.0,0.0,0.0,2384.421142578125,72.31537628173828,186.22166442871094,2011.6968994140625,711.2511596679688,0.0,1124.96923828125,0.06969915330410004,44.687042236328125,89.73797607421875,0.0,0.0,0.0,141.98167419433594,141.98167419433594,176.27296447753906,189.0109405517578,151.64610290527344,0.0,0.0,0.0,176.27296447753906,189.0109405517578,151.64610290527344,0.0,0.0,0.0,33.613529205322266,37.33938980102539,26.410175323486328,0.0,0.0,0.0
96.0,24.64219093322754,22451.140625,1836.469970703125,9878.5546875,10736.1162109375,2930.02685546875,17.387014389038086,0.0,10369.794921875,0.07001964747905731,8.786909103393555,0.2682216465473175,1.136190414428711,3.92362380027771,1.6143959760665894,2.6226799488067627,5.022756576538086,0.0009614704758860171,0.3723919987678528,0.8240401744842529,0.0,0.0,0.0,0.0,2408.131591796875,73.50856018066406,186.22166442871094,2312.0029296875,942.329345703125,0.0,784.6768188476562,0.04860246926546097,44.687042236328125,89.73797607421875,0.0,0.0,0.0,143.53135681152344,143.53135681152344,171.6409912109375,178.05494689941406,169.9579620361328,0.0,0.0,0.0,171.6409912109375,178.05494689941406,169.9579620361328,0.0,0.0,0.0,32.81797790527344,34.69405746459961,32.325687408447266,0.0,0.0,0.0
97.0,24.68207359313965,22540.232421875,1836.469970703125,9881.515625,10822.24609375,2930.02685546875,16.795759201049805,0.0,10771.421875,0.07001964747905731,8.823787689208984,0.27007657289505005,1.136190414428711,3.9236550331115723,1.6143959760665894,2.6226799488067627,5.023873805999756,0.0009614704758860171,0.3723919987678528,0.8240401744842529,0.0,0.0,0.0,0.0,2418.238525390625,74.01691436767578,186.22166442871094,2364.481689453125,1162.3651123046875,0.0,809.1420288085938,0.05011369660496712,22.343521118164062,73.42198181152344,0.0,0.0,0.0,145.121826171875,145.121826171875,124.2770767211914,165.15553283691406,123.51009368896484,0.0,0.0,0.0,124.2770767211914,165.15553283691406,123.51009368896484,0.0,0.0,0.0,19.55528450012207,31.51223373413086,19.330942153930664,0.0,0.0,0.0
98.0,24.825185775756836,22889.912109375,1836.469970703125,10070.9619140625,10982.4794921875,2930.02685546875,16.946868896484375,0.0,10841.974609375,0.07001964747905731,8.957354545593262,0.2767728567123413,1.136190414428711,3.9236674308776855,1.6143959760665894,2.6226799488067627,5.026711463928223,0.0009614704758860171,0.3723919987678528,0.8240401744842529,0.0,0.0,0.0,0.0,2454.84375,75.85209655761719,186.22166442871094,2354.58935546875,1162.3651123046875,0.0,826.5148315429688,0.051178622990846634,22.343521118164062,73.42198181152344,0.0,0.0,0.0,146.72232055664062,146.72232055664062,61.850685119628906,142.47149658203125,132.78042602539062,0.0,0.0,0.0,61.850685119628906,142.47149658203125,132.78042602539062,0.0,0.0,0.0,1.1444560289382935,24.726043701171875,21.891407012939453,0.0,0.0,0.0
99.0,25.232492446899414,23126.896484375,1836.469970703125,10278.1328125,11012.2939453125,2930.02685546875,17.654111862182617,0.0,10524.22265625,0.07001964747905731,9.337594985961914,0.2958192825317383,1.136190414428711,3.92370343208313,1.6143959760665894,2.6226799488067627,5.034695148468018,0.0009614704758860171,0.3723919987678528,0.8240401744842529,0.0,0.0,0.0,0.0,2559.052001953125,81.07194519042969,186.22166442871094,2277.9755859375,967.4364624023438,0.0,773.0692749023438,0.04784010350704193,22.343521118164062,73.42198181152344,0.0,0.0,0.0,148.25448608398438,148.25448608398438,92.0328140258789,159.1536407470703,119.42442321777344,0.0,0.0,0.0,92.0328140258789,159.1536407470703,119.42442321777344,0.0,0.0,0.0,9.265485763549805,28.89832878112793,17.27753257751465,0.0,0.0,0.0
100.0,25.631330490112305,23213.0546875,1836.469970703125,10364.291015625,11012.2939453125,2930.02685546875,17.72068214416504,0.0,10525.9228515625,0.07001964747905731,9.709921836853027,0.3144548535346985,1.136190414428711,3.9238028526306152,1.6143959760665894,2.6226799488067627,5.042470932006836,0.0009614704758860171,0.3723919987678528,0.8240401744842529,0.0,0.0,0.0,0.0,2661.091552734375,86.17919158935547,186.22166442871094,2328.837890625,598.153076171875,0.0,984.0166015625,0.060858096927404404,22.343521118164062,73.42198181152344,0.0,0.0,0.0,149.7138671875,149.7138671875,84.6982421875,161.9259796142578,141.30426025390625,0.0,0.0,0.0,84.6982421875,161.9259796142578,141.30426025390625,0.0,0.0,0.0,7.053553581237793,29.64266586303711,23.610815048217773,0.0,0.0,0.0
101.0,25.84845542907715,23240.35546875,1836.469970703125,10391.591796875,11012.2939453125,2930.02685546875,18.59187889099121,0.0,10056.73828125,0.07001964747905731,9.872008323669434,0.32236406207084656,1.1798086166381836,3.923940896987915,1.6143959760665894,2.6226799488067627,5.045843601226807,0.0009614704758860171,0.3723919987678528,0.8240401744842529,0.0,0.0,0.0,0.0,2705.5126953125,88.3467788696289,193.0134735107422,2243.595458984375,425.89056396484375,0.0,865.8013305664062,0.05353301391005516,25.228878021240234,75.44705200195312,0.0,0.0,0.0,151.1171875,151.1171875,132.62168884277344,150.4534149169922,138.45176696777344,0.0,0.0,0.0,132.62168884277344,150.4534149169922,138.45176696777344,0.0,0.0,0.0,20.199962615966797,25.415742874145508,21.905261993408203,0.0,0.0,0.0
102.0,25.99034309387207,23373.658203125,1836.469970703125,10524.8955078125,11012.2939453125,2930.02685546875,18.941492080688477,0.0,9932.58984375,0.07001964747905731,9.911561965942383,0.3242049813270569,1.278986930847168,3.924435615539551,1.6143959760665894,2.6226799488067627,5.046664237976074,0.0009614704758860171,0.3723919987678528,0.8240401744842529,0.0,0.0,0.0,0.0,2716.35302734375,88.8512954711914,208.44717407226562,1867.6820068359375,403.2244567871094,0.0,1119.3797607421875,0.06920753419399261,44.40250015258789,89.52546691894531,0.0,0.0,0.0,152.448486328125,152.448486328125,113.99908447265625,190.2859344482422,164.614013671875,0.0,0.0,0.0,113.99908447265625,190.2859344482422,164.614013671875,0.0,0.0,0.0,14.403239250183105,36.71714401245117,29.208106994628906,0.0,0.0,0.0
103.0,26.318281173706055,23486.3828125,1836.469970703125,10637.619140625,11012.2939453125,2930.02685546875,19.321918487548828,0.0,9789.3251953125,0.07001964747905731,9.985112190246582,0.32802897691726685,1.5266972780227661,3.925760269165039,1.6143959760665894,2.6226799488067627,5.048193454742432,0.0009614704758860171,0.3723919987678528,0.8240401744842529,0.0,0.0,0.0,0.0,2736.510009765625,89.89929962158203,246.88894653320312,506.4725341796875,395.32037353515625,0.0,2336.59521484375,0.25312554836273193,41.11220169067383,87.06812286376953,0.0,0.0,0.0,153.76394653320312,153.76394653320312,199.75820922851562,210.155517578125,140.76463317871094,0.0,0.0,0.0,199.75820922851562,210.155517578125,140.76463317871094,0.0,0.0,0.0,39.10736083984375,42.1485710144043,21.85173797607422,0.0,0.0,0.0
104.0,26.540931701660156,25034.349609375,3348.77001953125,10673.28515625,11012.2939453125,2930.02685546875,20.029117584228516,0.0,10061.6337890625,0.07001964747905731,10.087315559387207,0.3343949317932129,1.6380772590637207,3.9263699054718018,1.6143959760665894,2.6226799488067627,5.050283908843994,0.0009614704758860171,0.3723919987678528,0.8240401744842529,0.0,0.0,0.0,0.0,2764.519775390625,91.6439437866211,264.1509704589844,581.4215087890625,314.30352783203125,0.0,2471.3525390625,0.38661715388298035,44.687042236328125,89.73797607421875,0.0,0.0,0.0,155.10110473632812,155.10110473632812,212.20626831054688,214.602294921875,186.32643127441406,0.0,0.0,0.0,212.20626831054688,214.602294921875,186.32643127441406,0.0,0.0,0.0,42.04121398925781,42.7420539855957,34.47136688232422,0.0,0.0,0.0
105.0,26.78398895263672,25245.421875,3348.77001953125,10884.359375,11012.2939453125,2930.02685546875,20.213905334472656,0.0,10055.953125,0.07001964747905731,10.260025024414062,0.34501567482948303,1.6939806938171387,3.926682949066162,1.6143959760665894,2.6226799488067627,5.053794860839844,0.0009614704758860171,0.3723919987678528,0.8240401744842529,0.0,0.0,0.0,0.0,2811.852294921875,94.55465698242188,272.82037353515625,739.6115112304688,322.3238220214844,0.0,2243.93408203125,0.13866253197193146,43.15813446044922,88.59611511230469,0.0,0.0,0.0,156.48843383789062,156.48843383789062,119.38702392578125,213.11874389648438,180.88729858398438,0.0,0.0,0.0,119.38702392578125,213.11874389648438,180.88729858398438,0.0,0.0,0.0,14.706799507141113,42.12332534790039,32.69562911987305,0.0,0.0,0.0
106.0,27.17462921142578,25348.65625,3348.77001953125,10987.591796875,11012.2939453125,2930.02685546875,20.04232406616211,0.0,10182.6806640625,0.07001964747905731,10.548672676086426,0.3620659112930298,1.7726176977157593,3.9271302223205566,1.6143959760665894,2.6226799488067627,5.059654235839844,0.0009614704758860171,0.3723919987678528,0.8240401744842529,0.0,0.0,0.0,0.0,2885.24365234375,99.0312728881836,284.26519775390625,545.8893432617188,406.88348388671875,0.0,2354.93994140625,0.33218100666999817,38.914947509765625,85.42710876464844,0.0,0.0,0.0,157.9123077392578,157.9123077392578,202.27113342285156,205.14474487304688,177.55526733398438,0.0,0.0,0.0,202.27113342285156,205.14474487304688,177.55526733398438,0.0,0.0,0.0,39.12198257446289,39.9625129699707,31.892593383789062,0.0,0.0,0.0
107.0,27.4071102142334,25381.318359375,3348.77001953125,11020.255859375,11012.2939453125,2930.02685546875,19.68910789489746,0.0,10376.3623046875,0.07001964747905731,10.723978042602539,0.3724044859409332,1.8156496286392212,3.9273762702941895,1.6143959760665894,2.6226799488067627,5.063211917877197,0.0009614704758860171,0.3723919987678528,0.8240401744842529,0.0,0.0,0.0,0.0,2911.4189453125,101.10291290283203,288.2590637207031,1754.26171875,707.8807983398438,0.0,945.2308959960938,0.05837003141641617,37.40617752075195,84.31078338623047,0.0,0.0,0.0,159.369873046875,159.369873046875,159.8700714111328,169.14622497558594,135.82327270507812,0.0,0.0,0.0,159.8700714111328,169.14622497558594,135.82327270507812,0.0,0.0,0.0,27.072887420654297,29.786163330078125,20.039201736450195,0.0,0.0,0.0
108.0,27.515117645263672,25391.654296875,3348.77001953125,11030.5908203125,11012.2939453125,2930.02685546875,19.062047958374023,0.0,10716.39453125,0.07001964747905731,10.789772987365723,0.376207560300827,1.8526383638381958,3.9274630546569824,1.6143959760665894,2.6226799488067627,5.064546585083008,0.0009614704758860171,0.3723919987678528,0.8240401744842529,0.0,0.0,0.0,0.0,2924.696533203125,101.97554016113281,293.5027770996094,2031.1768798828125,937.1378784179688,0.0,648.7002563476562,0.04005473852157593,36.542694091796875,83.70475006103516,0.0,0.0,0.0,160.8601837158203,160.8601837158203,157.96469116210938,166.06385803222656,152.39222717285156,0.0,0.0,0.0,157.96469116210938,166.06385803222656,152.39222717285156,0.0,0.0,0.0,27.142623901367188,29.51163101196289,25.512676239013672,0.0,0.0,0.0
109.0,27.582626342773438,25547.896484375,3348.77001953125,11096.6787109375,11102.4482421875,2930.02685546875,18.452434539794922,0.0,11131.400390625,0.07001964747905731,10.803871154785156,0.3769943118095398,1.902301549911499,3.927480936050415,1.6143959760665894,2.6226799488067627,5.067490100860596,0.0009614704758860171,0.3723919987678528,0.8240401744842529,0.0,0.0,0.0,0.0,2935.397705078125,102.4288558959961,301.7960205078125,2065.235595703125,1157.3033447265625,0.0,677.5281372070312,0.041825585067272186,22.343521118164062,73.42198181152344,0.0,0.0,0.0,162.3802490234375,162.3802490234375,116.99089050292969,149.65261840820312,123.97073364257812,0.0,0.0,0.0,116.99089050292969,149.65261840820312,123.97073364257812,0.0,0.0,0.0,15.767401695251465,25.320959091186523,17.809003829956055,0.0,0.0,0.0
110.0,27.7511043548584,25779.015625,3348.77001953125,11161.66015625,11268.5859375,2930.02685546875,18.499425888061523,0.0,11204.2666015625,0.07001964747905731,10.831007957458496,0.3786647915840149,2.0285916328430176,3.9275143146514893,1.6143959760665894,2.6226799488067627,5.080835819244385,0.0009614704758860171,0.3723919987678528,0.8240401744842529,0.0,0.0,0.0,0.0,2942.10546875,102.85946655273438,321.0243225097656,2068.60546875,1157.1676025390625,0.0,695.4851684570312,0.042891837656497955,22.343521118164062,73.42198181152344,0.0,0.0,0.0,163.90255737304688,163.90255737304688,131.88900756835938,145.3763427734375,118.33599090576172,0.0,0.0,0.0,131.88900756835938,145.3763427734375,118.33599090576172,0.0,0.0,0.0,20.07811164855957,24.02315330505371,16.11385154724121,0.0,0.0,0.0
111.0,27.876930236816406,25832.08203125,3348.77001953125,11183.814453125,11299.498046875,2930.02685546875,19.113981246948242,0.0,10875.861328125,0.07001964747905731,10.849164009094238,0.37977200746536255,2.123457431793213,3.9275364875793457,1.6143959760665894,2.6226799488067627,5.0925116539001465,0.0009614704758860171,0.3723919987678528,0.8240401744842529,0.0,0.0,0.0,0.0,2936.515869140625,102.79193115234375,334.3153381347656,2058.48974609375,961.4019775390625,0.0,671.0628662109375,0.04135004058480263,22.343521118164062,73.42198181152344,0.0,0.0,0.0,165.36692810058594,165.36692810058594,120.74424743652344,152.3668670654297,116.97850799560547,0.0,0.0,0.0,120.74424743652344,152.3668670654297,116.97850799560547,0.0,0.0,0.0,16.203712463378906,25.453327178955078,15.102231979370117,0.0,0.0,0.0
112.0,27.940109252929688,25839.091796875,3348.77001953125,11190.82421875,11299.498046875,2930.02685546875,19.119857788085938,0.0,10877.5654296875,0.07001964747905731,10.855327606201172,0.3801448345184326,2.175515651702881,3.927543878555298,1.6143959760665894,2.6226799488067627,5.097087383270264,0.0009614704758860171,0.3723919987678528,0.8240401744842529,0.0,0.0,0.0,0.0,2965.206298828125,103.8391342163086,346.02325439453125,2139.730224609375,597.1522216796875,0.0,912.3532104492188,0.05619906261563301,22.343521118164062,73.42198181152344,0.0,0.0,0.0,166.77328491210938,166.77328491210938,131.9306182861328,162.23910522460938,144.4977569580078,0.0,0.0,0.0,131.9306182861328,162.23910522460938,144.4977569580078,0.0,0.0,0.0,19.4698486328125,28.3350830078125,23.145736694335938,0.0,0.0,0.0
113.0,27.996767044067383,25923.279296875,3348.77001953125,11275.01171875,11299.498046875,2930.02685546875,20.103008270263672,0.0,10392.6689453125,0.07001964747905731,10.856450080871582,0.38021206855773926,2.2298450469970703,3.9277546405792236,1.6143959760665894,2.6226799488067627,5.098015308380127,0.0009614704758860171,0.3723919987678528,0.8240401744842529,0.0,0.0,0.0,0.0,2952.414794921875,103.39878845214844,352.31915283203125,2094.640625,424.2275695800781,0.0,809.3267211914062,0.049849435687065125,22.343521118164062,73.42198181152344,0.0,0.0,0.0,168.13998413085938,168.13998413085938,132.0701141357422,149.476806640625,134.33096313476562,0.0,0.0,0.0,132.0701141357422,149.476806640625,134.33096313476562,0.0,0.0,0.0,18.52750015258789,23.618959426879883,19.188796997070312,0.0,0.0,0.0
114.0,28.19679832458496,25997.03125,3348.77001953125,11348.763671875,11299.498046875,2930.02685546875,20.422475814819336,0.0,10264.337890625,0.07001964747905731,10.859634399414062,0.380407452583313,2.4208035469055176,3.930751085281372,1.6143959760665894,2.6226799488067627,5.100712776184082,0.0009614704758860171,0.3723919987678528,0.8240401744842529,0.0,0.0,0.0,0.0,2940.04541015625,102.98829650878906,379.5662536621094,2074.916015625,400.748779296875,0.0,750.3251953125,0.046206168830394745,22.343521118164062,73.42198181152344,0.0,0.0,0.0,169.44033813476562,169.44033813476562,113.41425323486328,155.50689697265625,109.7583999633789,0.0,0.0,0.0,113.41425323486328,155.50689697265625,109.7583999633789,0.0,0.0,0.0,12.751193046569824,25.063289642333984,11.681855201721191,0.0,0.0,0.0
115.0,28.340511322021484,26022.115234375,3348.77001953125,11373.8466796875,11299.498046875,2930.02685546875,20.752988815307617,0.0,10116.2509765625,0.07001964747905731,10.861663818359375,0.3805312514305115,2.5573556423187256,3.9340126514434814,1.6143959760665894,2.6226799488067627,5.102458953857422,0.0009614704758860171,0.3723919987678528,0.8240401744842529,0.0,0.0,0.0,0.0,2922.416748046875,102.38494873046875,397.8463439941406,1728.650634765625,391.6893615722656,0.0,976.6343994140625,0.0601348876953125,38.55381774902344,85.15740203857422,0.0,0.0,0.0,170.70018005371094,170.70018005371094,119.69962310791016,176.94517517089844,159.6821746826172,0.0,0.0,0.0,119.69962310791016,176.94517517089844,159.6821746826172,0.0,0.0,0.0,14.259151458740234,31.00347328186035,25.95404624938965,0.0,0.0,0.0
116.0,28.41243553161621,26030.05078125,3348.77001953125,11381.7822265625,11299.498046875,2930.02685546875,20.187280654907227,0.0,10397.611328125,0.07001964747905731,10.8969144821167,0.3834318518638611,2.5891356468200684,3.934901237487793,1.6143959760665894,2.6226799488067627,5.103564262390137,0.0009614704758860171,0.3723919987678528,0.8240401744842529,0.0,0.0,0.0,0.0,2959.18994140625,104.12560272216797,406.6932373046875,539.2310180664062,312.8500671386719,0.0,2383.861328125,0.37471702694892883,39.47371292114258,85.84442138671875,0.0,0.0,0.0,171.96827697753906,171.96827697753906,205.3001708984375,201.3842010498047,204.34388732910156,0.0,0.0,0.0,205.3001708984375,201.3842010498047,204.34388732910156,0.0,0.0,0.0,39.86301803588867,38.71759796142578,39.58330535888672,0.0,0.0,0.0
117.0,28.600017547607422,26264.111328125,3348.77001953125,11615.8427734375,11299.498046875,2930.02685546875,20.38459587097168,0.0,10391.7001953125,0.07001964747905731,11.051239013671875,0.395041823387146,2.606830358505249,3.9354560375213623,1.6143959760665894,2.6226799488067627,5.106960773468018,0.0009614704758860171,0.3723919987678528,0.8240401744842529,0.0,0.0,0.0,0.0,2990.5810546875,106.90245819091797,407.7198791503906,785.6787109375,320.27239990234375,0.0,2094.355712890625,0.12891504168510437,36.81588363647461,83.89649200439453,0.0,0.0,0.0,173.27938842773438,173.27938842773438,174.12466430664062,190.8236541748047,174.98619079589844,0.0,0.0,0.0,174.12466430664062,190.8236541748047,174.98619079589844,0.0,0.0,0.0,30.5468692779541,35.43132400512695,30.798864364624023,0.0,0.0,0.0
118.0,29.0118350982666,26380.412109375,3348.77001953125,11732.1435546875,11299.498046875,2930.02685546875,20.217660903930664,0.0,10522.6240234375,0.07001964747905731,11.394654273986816,0.4204736649990082,2.641037702560425,3.9367241859436035,1.6143959760665894,2.6226799488067627,5.114455699920654,0.0009614704758860171,0.3723919987678528,0.8240401744842529,0.0,0.0,0.0,0.0,3058.4091796875,112.85823822021484,409.61187744140625,475.6795654296875,403.0721130371094,0.0,2332.347412109375,0.35264840722084045,36.90411376953125,83.95841217041016,0.0,0.0,0.0,174.62460327148438,174.62460327148438,191.11773681640625,196.4160919189453,186.68310546875,0.0,0.0,0.0,191.11773681640625,196.4160919189453,186.68310546875,0.0,0.0,0.0,35.68427658081055,37.234046936035156,34.38714599609375,0.0,0.0,0.0
119.0,29.26479721069336,26417.59375,3348.77001953125,11769.3251953125,11299.498046875,2930.02685546875,19.862871170043945,0.0,10722.7177734375,0.07001964747905731,11.606287002563477,0.436146080493927,2.6600289344787598,3.938795804977417,1.6143959760665894,2.6226799488067627,5.119050025939941,0.0009614704758860171,0.3723919987678528,0.8240401744842529,0.0,0.0,0.0,0.0,3068.259521484375,115.30038452148438,407.947265625,1979.4166259765625,698.7183227539062,0.0,661.8168334960938,0.04070167988538742,33.515281677246094,81.5799789428711,0.0,0.0,0.0,176.0023651123047,176.0023651123047,155.35011291503906,160.07400512695312,147.744140625,0.0,0.0,0.0,155.35011291503906,160.07400512695312,147.744140625,0.0,0.0,0.0,25.57703971862793,26.958778381347656,23.352291107177734,0.0,0.0,0.0
120.0,29.385053634643555,26430.25390625,3348.77001953125,11781.9853515625,11299.498046875,2930.02685546875,19.368425369262695,0.0,10997.01171875,0.07001964747905731,11.686010360717773,0.4419546127319336,2.687957763671875,3.9405107498168945,1.6143959760665894,2.6226799488067627,5.124131679534912,0.0009614704758860171,0.3723919987678528,0.8240401744842529,0.0,0.0,0.0,0.0,3074.65380859375,116.28070831298828,410.9947814941406,1997.9644775390625,923.6149291992188,0.0,591.3059692382812,0.036351900547742844,33.515281677246094,81.5799789428711,0.0,0.0,0.0,177.4095001220703,177.4095001220703,147.9179229736328,158.88482666015625,149.0740509033203,0.0,0.0,0.0,147.9179229736328,158.88482666015625,149.0740509033203,0.0,0.0,0.0,23.897565841674805,27.105388641357422,24.235734939575195,0.0,0.0,0.0
121.0,29.462146759033203,26556.892578125,3348.77001953125,11851.5185546875,11356.60546875,2930.02685546875,18.722185134887695,0.0,11422.8466796875,0.07001964747905731,11.705780029296875,0.44333404302597046,2.7392160892486572,3.94114089012146,1.6143959760665894,2.6226799488067627,5.128186225891113,0.0009614704758860171,0.3723919987678528,0.8240401744842529,0.0,0.0,0.0,0.0,3093.99365234375,117.1791000366211,419.93701171875,2024.617431640625,1141.791748046875,0.0,622.0201416015625,0.03822890669107437,22.343521118164062,73.42198181152344,0.0,0.0,0.0,178.84608459472656,178.84608459472656,106.96380615234375,142.8011932373047,131.12950134277344,0.0,0.0,0.0,106.96380615234375,142.8011932373047,131.12950134277344,0.0,0.0,0.0,12.564728736877441,23.047163009643555,19.633193969726562,0.0,0.0,0.0
122.0,29.630102157592773,26765.603515625,3348.77001953125,11907.974609375,11508.859375,2930.02685546875,18.747358322143555,0.0,11497.576171875,0.07001964747905731,11.74061107635498,0.44598376750946045,2.8597404956817627,3.9423680305480957,1.6143959760665894,2.6226799488067627,5.136910438537598,0.0009614704758860171,0.3723919987678528,0.8240401744842529,0.0,0.0,0.0,0.0,3104.86328125,117.94263458251953,437.87445068359375,2025.8531494140625,1142.0703125,0.0,639.8261108398438,0.03929869830608368,22.343521118164062,73.42198181152344,0.0,0.0,0.0,180.29067993164062,180.29067993164062,121.61466979980469,141.12142944335938,99.388427734375,0.0,0.0,0.0,121.61466979980469,141.12142944335938,99.388427734375,0.0,0.0,0.0,16.824932098388672,22.53066062927246,10.323755264282227,0.0,0.0,0.0
123.0,29.742788314819336,26811.484375,3348.77001953125,11925.8369140625,11536.876953125,2930.02685546875,19.36426544189453,0.0,11160.525390625,0.07001964747905731,11.76171588897705,0.44760262966156006,2.943081855773926,3.9431521892547607,1.6143959760665894,2.6226799488067627,5.14274787902832,0.0009614704758860171,0.3723919987678528,0.8240401744842529,0.0,0.0,0.0,0.0,3094.04541015625,117.74667358398438,448.46759033203125,2019.764892578125,948.1178588867188,0.0,611.8614501953125,0.03756540268659592,22.343521118164062,73.42198181152344,0.0,0.0,0.0,181.68800354003906,181.68800354003906,118.24024963378906,145.71717834472656,133.73390197753906,0.0,0.0,0.0,118.24024963378906,145.71717834472656,133.73390197753906,0.0,0.0,0.0,15.22100830078125,23.258007049560547,19.75290298461914,0.0,0.0,0.0
124.0,29.797283172607422,26817.13671875,3348.77001953125,11931.4892578125,11536.876953125,2930.02685546875,19.368854522705078,0.0,11162.2373046875,0.07001964747905731,11.768632888793945,0.44813311100006104,2.9878289699554443,3.943418025970459,1.6143959760665894,2.6226799488067627,5.144781589508057,0.0009614704758860171,0.3723919987678528,0.8240401744842529,0.0,0.0,0.0,0.0,3152.267578125,120.03395080566406,460.9974365234375,2061.585205078125,591.3478393554688,0.0,853.5648803710938,0.0523972287774086,22.343521118164062,73.42198181152344,0.0,0.0,0.0,183.03334045410156,183.03334045410156,139.0578155517578,157.01409912109375,134.95632934570312,0.0,0.0,0.0,139.0578155517578,157.01409912109375,134.95632934570312,0.0,0.0,0.0,21.30555534362793,26.557767868041992,20.10586929321289,0.0,0.0,0.0
125.0,29.846240997314453,26891.033203125,3348.77001953125,12005.38671875,11536.876953125,2930.02685546875,20.35600471496582,0.0,10664.60546875,0.07001964747905731,11.769862174987793,0.4482271671295166,3.034924030303955,3.9435768127441406,1.6143959760665894,2.6226799488067627,5.145161151885986,0.0009614704758860171,0.3723919987678528,0.8240401744842529,0.0,0.0,0.0,0.0,3122.721923828125,118.92142486572266,463.9929504394531,2032.9908447265625,419.0871276855469,0.0,745.5878295898438,0.04576766863465309,22.343521118164062,73.42198181152344,0.0,0.0,0.0,184.34027099609375,184.34027099609375,73.1784439086914,147.75933837890625,129.08340454101562,0.0,0.0,0.0,73.1784439086914,147.75933837890625,129.08340454101562,0.0,0.0,0.0,1.048690915107727,22.863603591918945,17.40089225769043,0.0,0.0,0.0
126.0,30.021757125854492,26955.5078125,3348.77001953125,12069.859375,11536.876953125,2930.02685546875,20.6705265045166,0.0,10532.8798828125,0.07001964747905731,11.773427963256836,0.4485031068325043,3.20375394821167,3.9453070163726807,1.6143959760665894,2.6226799488067627,5.146275997161865,0.0009614704758860171,0.3723919987678528,0.8240401744842529,0.0,0.0,0.0,0.0,3101.626220703125,118.15496826171875,486.55596923828125,2023.8687744140625,395.42498779296875,0.0,687.7018432617188,0.04221099987626076,22.343521118164062,73.42198181152344,0.0,0.0,0.0,185.58575439453125,185.58575439453125,129.8210906982422,148.32418823242188,131.3655548095703,0.0,0.0,0.0,129.8210906982422,148.32418823242188,131.3655548095703,0.0,0.0,0.0,17.302143096923828,22.714298248291016,17.75389862060547,0.0,0.0,0.0
127.0,30.14668083190918,26976.828125,3348.77001953125,12091.1796875,11536.876953125,2930.02685546875,21.001789093017578,0.0,10380.8759765625,0.07001964747905731,11.775684356689453,0.4486772418022156,3.323726177215576,3.947115421295166,1.6143959760665894,2.6226799488067627,5.146986961364746,0.0009614704758860171,0.3723919987678528,0.8240401744842529,0.0,0.0,0.0,0.0,3076.4814453125,117.22012329101562,501.3711242675781,638.7274169921875,386.1235656738281,0.0,1970.4007568359375,0.12093665450811386,33.515281677246094,81.5799789428711,0.0,0.0,0.0,186.79847717285156,186.79847717285156,160.6593475341797,190.14756774902344,155.63230895996094,0.0,0.0,0.0,160.6593475341797,190.14756774902344,155.63230895996094,0.0,0.0,0.0,25.991069793701172,34.61637496948242,24.520660400390625,0.0,0.0,0.0
128.0,30.20869255065918,26983.572265625,3348.77001953125,12097.92578125,11536.876953125,2930.02685546875,20.427045822143555,0.0,10669.5576171875,0.07001964747905731,11.806194305419922,0.45172441005706787,3.3509204387664795,3.9475905895233154,1.6143959760665894,2.6226799488067627,5.147773265838623,0.0009614704758860171,0.3723919987678528,0.8240401744842529,0.0,0.0,0.0,0.0,3133.4462890625,119.89080047607422,510.81317138671875,1998.401123046875,309.3271179199219,0.0,808.7891845703125,0.04963799938559532,35.25529098510742,82.80119323730469,0.0,0.0,0.0,188.01565551757812,188.01565551757812,130.99134826660156,172.24819946289062,169.70944213867188,0.0,0.0,0.0,130.99134826660156,172.24819946289062,169.70944213867188,0.0,0.0,0.0,17.88792610168457,29.955554962158203,29.21296501159668,0.0,0.0,0.0
129.0,30.38275909423828,27203.7578125,3348.77001953125,12318.1103515625,11536.876953125,2930.02685546875,20.60954475402832,0.0,10663.4501953125,0.07001964747905731,11.948437690734863,0.46480146050453186,3.36628794670105,3.947890043258667,1.6143959760665894,2.6226799488067627,5.150853633880615,0.0009614704758860171,0.3723919987678528,0.8240401744842529,0.0,0.0,0.0,0.0,3154.697509765625,122.71964263916016,511.0613708496094,563.2184448242188,316.4192199707031,0.0,2209.976318359375,0.2150363028049469,33.515281677246094,81.5799789428711,0.0,0.0,0.0,189.27296447753906,189.27296447753906,151.30645751953125,191.87606811523438,164.06336975097656,0.0,0.0,0.0,151.30645751953125,191.87606811523438,164.06336975097656,0.0,0.0,0.0,23.64759063720703,35.51420211791992,27.378990173339844,0.0,0.0,0.0
130.0,30.76951026916504,27313.205078125,3348.77001953125,12427.55859375,11536.876953125,2930.02685546875,20.43192481994629,0.0,10797.751953125,0.07001964747905731,12.26810359954834,0.4938031733036041,3.3963699340820312,3.948993682861328,1.6143959760665894,2.6226799488067627,5.157751083374023,0.0009614704758860171,0.3723919987678528,0.8240401744842529,0.0,0.0,0.0,0.0,3202.915771484375,128.92050170898438,512.1112670898438,708.67578125,397.69091796875,0.0,2017.046142578125,0.1237039864063263,33.515281677246094,81.5799789428711,0.0,0.0,0.0,190.55938720703125,190.55938720703125,160.53219604492188,189.08140563964844,165.09169006347656,0.0,0.0,0.0,160.53219604492188,189.08140563964844,165.09169006347656,0.0,0.0,0.0,26.52374267578125,34.8743896484375,27.85739517211914,0.0,0.0,0.0
131.0,31.007314682006836,27348.95703125,3348.77001953125,12463.3095703125,11536.876953125,2930.02685546875,20.070568084716797,0.0,11003.04296875,0.07001964747905731,12.463224411010742,0.5115273594856262,3.4129278659820557,3.953193426132202,1.6143959760665894,2.6226799488067627,5.161952018737793,0.0009614704758860171,0.3723919987678528,0.8240401744842529,0.0,0.0,0.0,0.0,3204.5390625,131.52369689941406,509.9358825683594,1970.093505859375,689.4671020507812,0.0,598.843017578125,0.036715541034936905,33.515281677246094,81.5799789428711,0.0,0.0,0.0,191.88392639160156,191.88392639160156,148.9865264892578,167.15017700195312,152.0401153564453,0.0,0.0,0.0,148.9865264892578,167.15017700195312,152.0401153564453,0.0,0.0,0.0,23.50798988342285,28.820859909057617,24.401165008544922,0.0,0.0,0.0
132.0,31.123197555541992,27362.21484375,3348.77001953125,12476.56640625,11536.876953125,2930.02685546875,19.63161277770996,0.0,11250.021484375,0.07001964747905731,12.553831100463867,0.5197697877883911,3.4200971126556396,3.9565651416778564,1.6143959760665894,2.6226799488067627,5.168446063995361,0.0009614704758860171,0.3723919987678528,0.8240401744842529,0.0,0.0,0.0,0.0,3211.78369140625,132.97837829589844,509.5977783203125,1956.8079833984375,911.3245849609375,0.0,546.9161376953125,0.03351626917719841,33.515281677246094,81.5799789428711,0.0,0.0,0.0,193.24020385742188,193.24020385742188,134.51666259765625,151.18504333496094,155.86410522460938,0.0,0.0,0.0,134.51666259765625,151.18504333496094,155.86410522460938,0.0,0.0,0.0,19.714509963989258,24.590011596679688,25.958637237548828,0.0,0.0,0.0
133.0,31.1772403717041,27415.43359375,3348.77001953125,12485.7841796875,11580.87890625,2930.02685546875,18.921566009521484,0.0,11685.6064453125,0.07001964747905731,12.591888427734375,0.5232298970222473,3.422959566116333,3.958385467529297,1.6143959760665894,2.6226799488067627,5.176288604736328,0.0009614704758860171,0.3723919987678528,0.8240401744842529,0.0,0.0,0.0,0.0,3239.002685546875,134.59007263183594,511.9844665527344,1992.95068359375,1127.01416015625,0.0,578.6325073242188,0.035440023988485336,20.382431030273438,71.95734405517578,0.0,0.0,0.0,194.62844848632812,194.62844848632812,124.58124542236328,135.48348999023438,122.60626220703125,0.0,0.0,0.0,124.58124542236328,135.48348999023438,122.60626220703125,0.0,0.0,0.0,17.518447875976562,20.707353591918945,16.940765380859375,0.0,0.0,0.0
134.0,31.20635414123535,27562.328125,3348.77001953125,12489.6171875,11723.94140625,2930.02685546875,18.89968490600586,0.0,11762.0107421875,0.07001964747905731,12.6112060546875,0.5249514579772949,3.424360513687134,3.9594388008117676,1.6143959760665894,2.6226799488067627,5.181907653808594,0.0009614704758860171,0.3723919987678528,0.8240401744842529,0.0,0.0,0.0,0.0,3251.85498046875,135.36105346679688,512.9788208007812,1999.0328369140625,1128.3121337890625,0.0,604.727294921875,0.0370233952999115,21.51226043701172,72.80115509033203,0.0,0.0,0.0,196.0248260498047,196.0248260498047,98.85681915283203,137.84544372558594,110.56455993652344,0.0,0.0,0.0,98.85681915283203,137.84544372558594,110.56455993652344,0.0,0.0,0.0,10.015933990478516,21.42011070251465,13.440449714660645,0.0,0.0,0.0
135.0,31.219608306884766,27589.623046875,3348.77001953125,12490.830078125,11750.0224609375,2930.02685546875,19.5082950592041,0.0,11417.1611328125,0.07001964747905731,12.619647979736328,0.5256972908973694,3.424957036972046,3.95993971824646,1.6143959760665894,2.6226799488067627,5.184876441955566,0.0009614704758860171,0.3723919987678528,0.8240401744842529,0.0,0.0,0.0,0.0,3239.232666015625,134.93687438964844,511.3751525878906,1992.0733642578125,937.0590209960938,0.0,586.1972045898438,0.03588130697607994,20.22747039794922,71.84161376953125,0.0,0.0,0.0,197.37985229492188,197.37985229492188,118.95293426513672,144.46681213378906,130.5464324951172,0.0,0.0,0.0,118.95293426513672,144.46681213378906,130.5464324951172,0.0,0.0,0.0,15.285438537597656,22.748249053955078,18.676538467407227,0.0,0.0,0.0
136.0,31.225080490112305,27590.0078125,3348.77001953125,12491.2138671875,11750.0224609375,2930.02685546875,19.508975982666016,0.0,11418.873046875,0.07001964747905731,12.623025894165039,0.5259945392608643,3.4251909255981445,3.9601528644561768,1.6143959760665894,2.6226799488067627,5.1862263679504395,0.0009614704758860171,0.3723919987678528,0.8240401744842529,0.0,0.0,0.0,0.0,3305.67041015625,137.74545288085938,517.6906127929688,2033.267822265625,584.9146118164062,0.0,817.7174072265625,0.050047896802425385,22.343521118164062,73.42198181152344,0.0,0.0,0.0,198.6903839111328,198.6903839111328,118.03211975097656,150.78573608398438,132.36300659179688,0.0,0.0,0.0,118.03211975097656,150.78573608398438,132.36300659179688,0.0,0.0,0.0,15.015419006347656,24.595853805541992,19.20720100402832,0.0,0.0,0.0
137.0,31.227216720581055,27590.12890625,3348.77001953125,12491.3359375,11750.0224609375,2930.02685546875,20.448423385620117,0.0,10909.755859375,0.07001964747905731,12.624197006225586,0.5260980129241943,3.4252707958221436,3.960423231124878,1.6143959760665894,2.6226799488067627,5.18673849105835,0.0009614704758860171,0.3723919987678528,0.8240401744842529,0.0,0.0,0.0,0.0,3263.983154296875,136.02252197265625,513.2518310546875,2013.7452392578125,413.9294128417969,0.0,711.8743896484375,0.043568260967731476,22.343521118164062,73.42198181152344,0.0,0.0,0.0,199.9658660888672,199.9658660888672,104.73937225341797,147.78382873535156,114.91690826416016,0.0,0.0,0.0,104.73937225341797,147.78382873535156,114.91690826416016,0.0,0.0,0.0,10.187844276428223,22.77834701538086,13.164772987365723,0.0,0.0,0.0
138.0,31.22801971435547,27590.9140625,3348.77001953125,12492.12109375,11750.0224609375,2930.02685546875,20.715648651123047,0.0,10774.9599609375,0.07001964747905731,12.624320983886719,0.5261101722717285,3.425279378890991,3.9610238075256348,1.6143959760665894,2.6226799488067627,5.186797142028809,0.0009614704758860171,0.3723919987678528,0.8240401744842529,0.0,0.0,0.0,0.0,3248.169677734375,135.36529541015625,511.6025695800781,2004.4693603515625,390.99462890625,0.0,670.1934814453125,0.04101715609431267,22.343521118164062,73.42198181152344,0.0,0.0,0.0,201.18475341796875,201.18475341796875,93.02203369140625,146.76466369628906,108.2370834350586,0.0,0.0,0.0,93.02203369140625,146.76466369628906,108.2370834350586,0.0,0.0,0.0,6.493294715881348,22.2130126953125,10.94369888305664,0.0,0.0,0.0
139.0,31.23105812072754,27592.458984375,3348.77001953125,12493.6650390625,11750.0224609375,2930.02685546875,21.032609939575195,0.0,10619.4140625,0.07001964747905731,12.624631881713867,0.5261366367340088,3.425299882888794,3.963555097579956,1.6143959760665894,2.6226799488067627,5.186946392059326,0.0009614704758860171,0.3723919987678528,0.8240401744842529,0.0,0.0,0.0,0.0,3226.578857421875,134.46897888183594,509.3813781738281,1969.3201904296875,382.1170959472656,0.0,613.6488647460938,0.03755610063672066,33.515281677246094,81.5799789428711,0.0,0.0,0.0,202.36590576171875,202.36590576171875,139.8824005126953,168.00563049316406,152.49192810058594,0.0,0.0,0.0,139.8824005126953,168.00563049316406,152.49192810058594,0.0,0.0,0.0,19.88298988342285,28.109039306640625,23.57128143310547,0.0,0.0,0.0
140.0,31.2336483001709,27592.947265625,3348.77001953125,12494.1533203125,11750.0224609375,2930.02685546875,20.45126724243164,0.0,10914.685546875,0.07001964747905731,12.624740600585938,0.5261455774307251,3.425307273864746,3.9645588397979736,1.6143959760665894,2.6226799488067627,5.1884074211120605,0.0009614704758860171,0.3723919987678528,0.8240401744842529,0.0,0.0,0.0,0.0,3284.79248046875,136.8961944580078,515.1658325195312,491.2410583496094,306.39337158203125,0.0,2298.441650390625,0.3260531425476074,33.515281677246094,81.5799789428711,0.0,0.0,0.0,203.5504150390625,203.5504150390625,177.62759399414062,191.38035583496094,184.11630249023438,0.0,0.0,0.0,177.62759399414062,191.38035583496094,184.11630249023438,0.0,0.0,0.0,31.504802703857422,35.52748489379883,33.40275192260742,0.0,0.0,0.0
141.0,31.240663528442383,27601.509765625,3348.77001953125,12502.716796875,11750.0224609375,2930.02685546875,20.47327423095703,0.0,10908.39453125,0.07001964747905731,12.624804496765137,0.5261510014533997,3.42531156539917,3.9654548168182373,1.6143959760665894,2.6226799488067627,5.194453239440918,0.0009614704758860171,0.3723919987678528,0.8240401744842529,0.0,0.0,0.0,0.0,3282.02197265625,136.7814483642578,514.8695678710938,677.87646484375,314.0844421386719,0.0,2102.0263671875,0.1285742074251175,33.515281677246094,81.5799789428711,0.0,0.0,0.0,204.78073120117188,204.78073120117188,107.15200805664062,190.4976806640625,167.97576904296875,0.0,0.0,0.0,107.15200805664062,190.4976806640625,167.97576904296875,0.0,0.0,0.0,10.868688583374023,35.24729537963867,28.659637451171875,0.0,0.0,0.0
142.0,31.25575065612793,27606.6171875,3348.77001953125,12507.8251953125,11750.0224609375,2930.02685546875,20.218761444091797,0.0,11045.7353515625,0.07001964747905731,12.624911308288574,0.5261601209640503,3.425318479537964,3.9688336849212646,1.6143959760665894,2.6226799488067627,5.206037521362305,0.0009614704758860171,0.3723919987678528,0.8240401744842529,0.0,0.0,0.0,0.0,3285.832763671875,136.9414825439453,515.3197021484375,678.4026489257812,397.10052490234375,0.0,2105.3154296875,0.128669872879982,33.515281677246094,81.5799789428711,0.0,0.0,0.0,206.0381622314453,206.0381622314453,108.29000091552734,189.95750427246094,139.2106170654297,0.0,0.0,0.0,108.29000091552734,189.95750427246094,139.2106170654297,0.0,0.0,0.0,11.456063270568848,35.34381103515625,20.50034523010254,0.0,0.0,0.0
143.0,31.26817512512207,27609.734375,3348.77001953125,12510.9423828125,11750.0224609375,2930.02685546875,19.836772918701172,0.0,11255.703125,0.07001964747905731,12.624984741210938,0.5261663794517517,3.425323486328125,3.972325325012207,1.6143959760665894,2.6226799488067627,5.2148871421813965,0.0009614704758860171,0.3723919987678528,0.8240401744842529,0.0,0.0,0.0,0.0,3259.92041015625,135.86239624023438,512.9756469726562,579.9590454101562,690.8502807617188,0.0,2079.4111328125,0.19951224327087402,33.515281677246094,81.5799789428711,0.0,0.0,0.0,207.33090209960938,207.33090209960938,174.05870056152344,186.8207244873047,155.57493591308594,0.0,0.0,0.0,174.05870056152344,186.8207244873047,155.57493591308594,0.0,0.0,0.0,31.075395584106445,34.80828857421875,25.668893814086914,0.0,0.0,0.0
144.0,31.275394439697266,27610.720703125,3348.77001953125,12511.9287109375,11750.0224609375,2930.02685546875,19.272113800048828,0.0,11578.8486328125,0.07001964747905731,12.625006675720215,0.5261682868003845,3.4253249168395996,3.9735498428344727,1.6143959760665894,2.6226799488067627,5.220856666564941,0.0009614704758860171,0.3723919987678528,0.8240401744842529,0.0,0.0,0.0,0.0,3263.800537109375,136.02435302734375,513.563720703125,1993.1915283203125,915.8248901367188,0.0,653.06591796875,0.03987138718366623,33.515281677246094,81.5799789428711,0.0,0.0,0.0,208.6626739501953,208.6626739501953,152.382080078125,156.2350616455078,147.23712158203125,0.0,0.0,0.0,152.382080078125,156.2350616455078,147.23712158203125,0.0,0.0,0.0,25.299646377563477,26.4266414642334,23.794742584228516,0.0,0.0,0.0
145.0,31.28633689880371,27693.265625,3348.77001953125,12523.513671875,11820.982421875,2930.02685546875,18.593486785888672,0.0,12027.1064453125,0.07001964747905731,12.625017166137695,0.5261691808700562,3.425325632095337,3.9742140769958496,1.6143959760665894,2.6226799488067627,5.23112154006958,0.0009614704758860171,0.3723919987678528,0.8240401744842529,0.0,0.0,0.0,0.0,3286.16259765625,136.95645141601562,516.0093994140625,2025.0064697265625,1133.3592529296875,0.0,697.8678588867188,0.04257567226886749,22.343521118164062,73.42198181152344,0.0,0.0,0.0,210.0357208251953,210.0357208251953,100.06262969970703,141.4359588623047,109.48934173583984,0.0,0.0,0.0,100.06262969970703,141.4359588623047,109.48934173583984,0.0,0.0,0.0,10.674834251403809,22.776531219482422,13.432147026062012,0.0,0.0,0.0
146.0,31.307157516479492,27865.228515625,3348.77001953125,12529.2353515625,11987.2236328125,2930.02685546875,18.587514877319336,0.0,12105.6982421875,0.07001964747905731,12.625029563903809,0.5261703133583069,3.425326347351074,3.975057363510132,1.6143959760665894,2.6226799488067627,5.251084804534912,0.0009614704758860171,0.3723919987678528,0.8240401744842529,0.0,0.0,0.0,0.0,3296.38134765625,137.38247680664062,517.0230102539062,2032.0364990234375,1135.038818359375,0.0,729.0494384765625,0.04441526532173157,22.343521118164062,73.42198181152344,0.0,0.0,0.0,211.42234802246094,211.42234802246094,124.55357360839844,140.69175720214844,127.09808349609375,0.0,0.0,0.0,124.55357360839844,140.69175720214844,127.09808349609375,0.0,0.0,0.0,17.844404220581055,22.5648250579834,18.588672637939453,0.0,0.0,0.0
147.0,31.326709747314453,27907.974609375,3348.77001953125,12541.30078125,12017.904296875,2930.02685546875,19.197181701660156,0.0,11750.73046875,0.07001964747905731,12.62503719329834,0.5261709094047546,3.4253268241882324,3.975515365600586,1.6143959760665894,2.6226799488067627,5.27017068862915,0.0009614704758860171,0.3723919987678528,0.8240401744842529,0.0,0.0,0.0,0.0,3281.99658203125,136.78305053710938,515.3604125976562,2024.522705078125,942.7144165039062,0.0,705.0870361328125,0.042897120118141174,22.343521118164062,73.42198181152344,0.0,0.0,0.0,212.77203369140625,212.77203369140625,117.00151824951172,147.21304321289062,128.38185119628906,0.0,0.0,0.0,117.00151824951172,147.21304321289062,128.38185119628906,0.0,0.0,0.0,15.025761604309082,23.86263084411621,18.354507446289062,0.0,0.0,0.0
148.0,31.350297927856445,27913.662109375,3348.77001953125,12546.9892578125,12017.904296875,2930.02685546875,19.201496124267578,0.0,11752.435546875,0.07001964747905731,12.625043869018555,0.5261715054512024,3.4253273010253906,3.97599196434021,1.6143959760665894,2.6226799488067627,5.293274879455566,0.0009614704758860171,0.3723919987678528,0.8240401744842529,0.0,0.0,0.0,0.0,3349.252685546875,139.58615112304688,521.8388671875,2059.19287109375,588.5546875,0.0,947.8632202148438,0.057572148740291595,22.343521118164062,73.42198181152344,0.0,0.0,0.0,214.08143615722656,214.08143615722656,122.6564712524414,155.469970703125,134.23208618164062,0.0,0.0,0.0,122.6564712524414,155.469970703125,134.23208618164062,0.0,0.0,0.0,16.675521850585938,26.27347183227539,20.06138801574707,0.0,0.0,0.0
149.0,31.36376190185547,27915.462890625,3348.77001953125,12548.7890625,12017.904296875,2930.02685546875,20.1285400390625,0.0,11228.4033203125,0.07001964747905731,12.62504768371582,0.5261718034744263,3.4253275394439697,3.976590394973755,1.6143959760665894,2.6226799488067627,5.306135177612305,0.0009614704758860171,0.3723919987678528,0.8240401744842529,0.0,0.0,0.0,0.0,3306.57421875,137.8074951171875,517.26220703125,2041.8668212890625,416.478271484375,0.0,832.0504760742188,0.05049148201942444,22.343521118164062,73.42198181152344,0.0,0.0,0.0,215.36053466796875,215.36053466796875,96.10400390625,148.8973388671875,100.57386779785156,0.0,0.0,0.0,96.10400390625,148.8973388671875,100.57386779785156,0.0,0.0,0.0,7.981880187988281,23.423931121826172,9.289315223693848,0.0,0.0,0.0
150.0,31.369918823242188,27916.83984375,3348.77001953125,12550.1669921875,12017.904296875,2930.02685546875,20.392358779907227,0.0,11089.626953125,0.07001964747905731,12.625048637390137,0.526171863079071,3.4253275394439697,3.978175640106201,1.6143959760665894,2.6226799488067627,5.310706615447998,0.0009614704758860171,0.3723919987678528,0.8240401744842529,0.0,0.0,0.0,0.0,3290.273193359375,137.1281280517578,515.5642700195312,2036.071533203125,393.3818359375,0.0,784.92138671875,0.04761666804552078,22.343521118164062,73.42198181152344,0.0,0.0,0.0,216.5856170654297,216.5856170654297,95.36781311035156,150.7632293701172,104.91426849365234,0.0,0.0,0.0,95.36781311035156,150.7632293701172,104.91426849365234,0.0,0.0,0.0,7.5027265548706055,23.705886840820312,10.295065879821777,0.0,0.0,0.0
151.0,31.377197265625,27921.28515625,3348.77001953125,12554.611328125,12017.904296875,2930.02685546875,20.70694351196289,0.0,10929.498046875,0.07001964747905731,12.625048637390137,0.5261719226837158,3.425327777862549,3.980123996734619,1.6143959760665894,2.6226799488067627,5.316035747528076,0.0009614704758860171,0.3723919987678528,0.8240401744842529,0.0,0.0,0.0,0.0,3268.002685546875,136.19996643066406,513.2784423828125,2004.042724609375,384.4239501953125,0.0,723.011962890625,0.0438438355922699,33.515281677246094,81.5799789428711,0.0,0.0,0.0,217.78073120117188,217.78073120117188,162.618896484375,172.73182678222656,154.03073120117188,0.0,0.0,0.0,162.618896484375,172.73182678222656,154.03073120117188,0.0,0.0,0.0,26.85908317565918,29.81711769104004,24.347047805786133,0.0,0.0,0.0
152.0,31.385377883911133,27923.16796875,3348.77001953125,12556.4931640625,12017.904296875,3039.25146484375,20.134904861450195,0.0,11233.34765625,0.07001964747905731,12.625049591064453,0.5261719822883606,3.425327777862549,3.9813053607940674,1.6143959760665894,2.6226799488067627,5.323034286499023,0.0009614704758860171,0.3723919987678528,0.8240401744842529,0.0,0.0,0.0,0.0,3327.865966796875,138.69488525390625,519.226806640625,1720.1256103515625,308.3019714355469,0.0,1218.17626953125,0.07383272051811218,33.515281677246094,81.5799789428711,0.0,0.0,0.0,218.9862060546875,218.9862060546875,106.3599853515625,175.31732177734375,159.88058471679688,0.0,0.0,0.0,106.3599853515625,175.31732177734375,159.88058471679688,0.0,0.0,0.0,10.97539234161377,31.145410537719727,26.630168914794922,0.0,0.0,0.0
153.0,31.399532318115234,27937.94140625,3348.77001953125,12571.2685546875,12017.904296875,3039.25146484375,20.161041259765625,0.0,11226.828125,0.07001964747905731,12.625049591064453,0.5261719822883606,3.425327777862549,3.9823074340820312,1.6143959760665894,2.6226799488067627,5.336185455322266,0.0009614704758860171,0.3723919987678528,0.8240401744842529,0.0,0.0,0.0,0.0,3325.005615234375,138.57568359375,518.9224853515625,774.7365112304688,316.0384216308594,0.0,2153.413330078125,0.1303938925266266,33.515281677246094,81.5799789428711,0.0,0.0,0.0,220.2374267578125,220.2374267578125,153.39990234375,190.31143188476562,163.1761932373047,0.0,0.0,0.0,153.39990234375,190.31143188476562,163.1761932373047,0.0,0.0,0.0,24.70842933654785,35.50505065917969,27.5679931640625,0.0,0.0,0.0
154.0,31.42605972290039,27946.0859375,3348.77001953125,12579.4111328125,12017.904296875,3039.25146484375,19.912267684936523,0.0,11368.134765625,0.07001964747905731,12.625049591064453,0.5261719822883606,3.425327777862549,3.9859542846679688,1.6143959760665894,2.6226799488067627,5.359066486358643,0.0009614704758860171,0.3723919987678528,0.8240401744842529,0.0,0.0,0.0,0.0,3328.940185546875,138.7396697998047,519.3907470703125,2010.13134765625,399.5783996582031,0.0,923.8787231445312,0.05585272237658501,33.515281677246094,81.5799789428711,0.0,0.0,0.0,221.5256805419922,221.5256805419922,116.42768096923828,171.3184814453125,150.43568420410156,0.0,0.0,0.0,116.42768096923828,171.3184814453125,150.43568420410156,0.0,0.0,0.0,14.142827987670898,30.198387145996094,24.09016990661621,0.0,0.0,0.0
155.0,31.445348739624023,27950.19140625,3348.77001953125,12583.517578125,12017.904296875,3039.25146484375,19.536354064941406,0.0,11584.1708984375,0.07001964747905731,12.625049591064453,0.5261720418930054,3.425327777862549,3.9894378185272217,1.6143959760665894,2.6226799488067627,5.374872207641602,0.0009614704758860171,0.3723919987678528,0.8240401744842529,0.0,0.0,0.0,0.0,3302.36572265625,137.6321258544922,516.9957275390625,762.081787109375,695.113037109375,0.0,2050.594482421875,0.12383019179105759,33.515281677246094,81.5799789428711,0.0,0.0,0.0,222.85182189941406,222.85182189941406,157.61676025390625,186.0103759765625,162.23129272460938,0.0,0.0,0.0,157.61676025390625,186.0103759765625,162.23129272460938,0.0,0.0,0.0,26.56654930114746,34.871681213378906,27.916297912597656,0.0,0.0,0.0
156.0,31.455781936645508,27951.490234375,3348.77001953125,12584.81640625,12017.904296875,3039.25146484375,19.003889083862305,0.0,11902.04296875,0.07001964747905731,12.62505054473877,0.5261720418930054,3.425327777862549,3.990633964538574,1.6143959760665894,2.6226799488067627,5.3841094970703125,0.0009614704758860171,0.3723919987678528,0.8240401744842529,0.0,0.0,0.0,0.0,3304.41455078125,137.71751403808594,517.4087524414062,2025.2734375,921.2293701171875,0.0,771.5609130859375,0.046562310308218,33.515281677246094,81.5799789428711,0.0,0.0,0.0,224.2191925048828,224.2191925048828,136.7823944091797,156.1192169189453,139.60948181152344,0.0,0.0,0.0,136.7823944091797,156.1192169189453,139.60948181152344,0.0,0.0,0.0,21.004961013793945,26.660980224609375,21.831884384155273,0.0,0.0,0.0
157.0,31.470426559448242,28035.384765625,3348.77001953125,12599.986328125,12086.62890625,3039.25146484375,18.334096908569336,0.0,12362.7705078125,0.07001964747905731,12.62505054473877,0.5261720418930054,3.425327777862549,3.9911110401153564,1.6143959760665894,2.6226799488067627,5.398276329040527,0.0009614704758860171,0.3723919987678528,0.8240401744842529,0.0,0.0,0.0,0.0,3327.468994140625,138.6783447265625,519.934326171875,2053.80810546875,1140.1405029296875,0.0,825.8336791992188,0.04978891462087631,22.343521118164062,73.42198181152344,0.0,0.0,0.0,225.62252807617188,225.62252807617188,98.08637237548828,144.59608459472656,100.39102935791016,0.0,0.0,0.0,98.08637237548828,144.59608459472656,100.39102935791016,0.0,0.0,0.0,10.35616683959961,23.96025848388672,11.030279159545898,0.0,0.0,0.0
158.0,31.50506019592285,28222.390625,3348.77001953125,12618.2373046875,12255.3828125,3039.25146484375,18.336524963378906,0.0,12443.5,0.07001964747905731,12.62505054473877,0.5261720418930054,3.425327777862549,3.9918181896209717,1.6143959760665894,2.6226799488067627,5.432202339172363,0.0009614704758860171,0.3723919987678528,0.8240401744842529,0.0,0.0,0.0,0.0,3337.965576171875,139.11581420898438,520.9757690429688,2058.7783203125,1141.866455078125,0.0,860.1217041015625,0.05173557624220848,22.343521118164062,73.42198181152344,0.0,0.0,0.0,227.038818359375,227.038818359375,121.44329071044922,144.74063110351562,102.3029556274414,0.0,0.0,0.0,121.44329071044922,144.74063110351562,102.3029556274414,0.0,0.0,0.0,17.185638427734375,24.000110626220703,11.587089538574219,0.0,0.0,0.0
159.0,31.54729652404785,28271.76171875,3348.77001953125,12636.5166015625,12286.4755859375,3039.25146484375,18.94280433654785,0.0,12078.5732421875,0.07001964747905731,12.62505054473877,0.5261720418930054,3.425327777862549,3.992436408996582,1.6143959760665894,2.6226799488067627,5.473821640014648,0.0009614704758860171,0.3723919987678528,0.8240401744842529,0.0,0.0,0.0,0.0,3323.108154296875,138.49659729003906,519.2559204101562,2053.35595703125,948.3320922851562,0.0,829.0902099609375,0.04972614347934723,22.343521118164062,73.42198181152344,0.0,0.0,0.0,228.41873168945312,228.41873168945312,116.02439880371094,148.87059020996094,133.37059020996094,0.0,0.0,0.0,116.02439880371094,148.87059020996094,133.37059020996094,0.0,0.0,0.0,14.994332313537598,24.601844787597656,20.068092346191406,0.0,0.0,0.0
160.0,31.584747314453125,28279.46875,3348.77001953125,12644.2236328125,12286.4755859375,3039.25146484375,18.94841957092285,0.0,12080.28515625,0.07001964747905731,12.62505054473877,0.5261720418930054,3.425327777862549,3.9929165840148926,1.6143959760665894,2.6226799488067627,5.510792255401611,0.0009614704758860171,0.3723919987678528,0.8240401744842529,0.0,0.0,0.0,0.0,3381.5546875,140.93247985839844,526.1223754882812,2096.4404296875,591.3168334960938,0.0,1075.068603515625,0.06431480497121811,22.343521118164062,73.42198181152344,0.0,0.0,0.0,229.76014709472656,229.76014709472656,127.13826751708984,163.12400817871094,144.28150939941406,0.0,0.0,0.0,127.13826751708984,163.12400817871094,144.28150939941406,0.0,0.0,0.0,18.23952293395996,28.76535415649414,23.253921508789062,0.0,0.0,0.0
161.0,31.604724884033203,28281.908203125,3348.77001953125,12646.6611328125,12286.4755859375,3039.25146484375,19.864938735961914,0.0,11541.58984375,0.07001964747905731,12.62505054473877,0.5261720418930054,3.425327777862549,3.993896245956421,1.6143959760665894,2.6226799488067627,5.529789924621582,0.0009614704758860171,0.3723919987678528,0.8240401744842529,0.0,0.0,0.0,0.0,3346.10986328125,139.4552459716797,521.1654052734375,2069.0546875,418.8607177734375,0.0,952.6260375976562,0.05691550672054291,22.343521118164062,73.42198181152344,0.0,0.0,0.0,231.07794189453125,231.07794189453125,93.04041290283203,152.14376831054688,135.67755126953125,0.0,0.0,0.0,93.04041290283203,152.14376831054688,135.67755126953125,0.0,0.0,0.0,7.349382400512695,24.637115478515625,19.82074737548828,0.0,0.0,0.0
162.0,31.613618850708008,28284.49609375,3348.77001953125,12649.25,12286.4755859375,3039.25146484375,20.126611709594727,0.0,11398.8876953125,0.07001964747905731,12.629682540893555,0.5265759825706482,3.425327777862549,3.995192527770996,1.6143959760665894,2.6226799488067627,5.532350540161133,0.0009614704758860171,0.3723919987678528,0.8240401744842529,0.0,0.0,0.0,0.0,3332.062744140625,138.92544555664062,519.37939453125,2060.4560546875,395.6919860839844,0.0,903.3699340820312,0.05396343767642975,22.343521118164062,73.42198181152344,0.0,0.0,0.0,232.34593200683594,232.34593200683594,100.75435638427734,152.63037109375,132.61370849609375,0.0,0.0,0.0,100.75435638427734,152.63037109375,132.61370849609375,0.0,0.0,0.0,9.344037055969238,24.517770767211914,18.66289710998535,0.0,0.0,0.0
163.0,31.70012855529785,28401.26171875,3348.77001953125,12766.0146484375,12286.4755859375,3039.25146484375,20.518722534179688,0.0,11234.251953125,0.07001964747905731,12.701079368591309,0.5333488583564758,3.425327777862549,3.998124361038208,1.6143959760665894,2.6226799488067627,5.537759304046631,0.0009614704758860171,0.3723919987678528,0.8240401744842529,0.0,0.0,0.0,0.0,3319.474365234375,139.3927001953125,516.251708984375,780.179443359375,386.1883850097656,0.0,2076.86279296875,0.12401579320430756,33.515281677246094,81.5799789428711,0.0,0.0,0.0,233.58680725097656,233.58680725097656,147.04403686523438,189.8890380859375,154.19735717773438,0.0,0.0,0.0,147.04403686523438,189.8890380859375,154.19735717773438,0.0,0.0,0.0,22.491657257080078,35.02381896972656,24.584003448486328,0.0,0.0,0.0
164.0,31.902097702026367,28458.783203125,3348.77001953125,12823.5380859375,12286.4755859375,3161.159423828125,19.990327835083008,0.0,11546.529296875,0.07001964747905731,12.873381614685059,0.5498104095458984,3.425327777862549,4.00160026550293,1.6143959760665894,2.6226799488067627,5.547487258911133,0.0009614704758860171,0.3723919987678528,0.8240401744842529,0.0,0.0,0.0,0.0,3405.62646484375,145.45120239257812,520.38623046875,911.449462890625,308.8381652832031,0.0,2135.6845703125,0.1274411529302597,33.515281677246094,81.5799789428711,0.0,0.0,0.0,234.840087890625,234.840087890625,111.58387756347656,189.00389099121094,163.21180725097656,0.0,0.0,0.0,111.58387756347656,189.00389099121094,163.21180725097656,0.0,0.0,0.0,12.647955894470215,35.29330825805664,27.749128341674805,0.0,0.0,0.0
165.0,32.26972579956055,28836.70703125,3348.77001953125,13201.4609375,12286.4755859375,3161.159423828125,20.27151107788086,0.0,11539.78125,0.07001964747905731,13.192706108093262,0.580457866191864,3.425327777862549,4.004684925079346,1.6143959760665894,2.6226799488067627,5.5620598793029785,0.0009614704758860171,0.3723919987678528,0.8240401744842529,0.0,0.0,0.0,0.0,3448.438720703125,151.72576904296875,516.6224365234375,813.43701171875,314.9041442871094,0.0,2176.457763671875,0.12974199652671814,33.515281677246094,81.5799789428711,0.0,0.0,0.0,236.14266967773438,236.14266967773438,162.4400177001953,190.2927703857422,159.66470336914062,0.0,0.0,0.0,162.4400177001953,190.2927703857422,159.66470336914062,0.0,0.0,0.0,27.2421932220459,35.38912582397461,26.4304141998291,0.0,0.0,0.0
166.0,32.948699951171875,29024.212890625,3348.77001953125,13388.9677734375,12286.4755859375,3161.159423828125,20.145483016967773,0.0,11684.970703125,0.07001964747905731,13.777978897094727,0.6368057727813721,3.425327777862549,4.015783309936523,1.6143959760665894,2.6226799488067627,5.588314056396484,0.0009614704758860171,0.3723919987678528,0.8240401744842529,0.0,0.0,0.0,0.0,3537.371826171875,163.49412536621094,511.21087646484375,833.5482788085938,394.5437316894531,0.0,2077.88623046875,0.12364006042480469,33.515281677246094,81.5799789428711,0.0,0.0,0.0,237.47659301757812,237.47659301757812,157.0243682861328,188.1347198486328,163.116943359375,0.0,0.0,0.0,157.0243682861328,188.1347198486328,163.116943359375,0.0,0.0,0.0,25.784147262573242,34.8839225769043,27.566225051879883,0.0,0.0,0.0
167.0,33.3673210144043,29087.537109375,3348.77001953125,13452.291015625,12286.4755859375,3161.159423828125,19.80499267578125,0.0,11906.9853515625,0.07001964747905731,14.135910987854004,0.6712255477905273,3.425327777862549,4.026167869567871,1.6143959760665894,2.6226799488067627,5.604198455810547,0.0009614704758860171,0.3723919987678528,0.8240401744842529,0.0,0.0,0.0,0.0,3566.975830078125,169.37326049804688,506.0458679199219,2003.8489990234375,683.4017333984375,0.0,736.6613159179688,0.04378509148955345,33.515281677246094,81.5799789428711,0.0,0.0,0.0,238.8486785888672,238.8486785888672,156.77403259277344,167.90338134765625,150.946044921875,0.0,0.0,0.0,156.77403259277344,167.90338134765625,150.946044921875,0.0,0.0,0.0,26.051408767700195,29.306743621826172,24.346723556518555,0.0,0.0,0.0
168.0,33.566558837890625,29109.646484375,3348.77001953125,13474.400390625,12286.4755859375,3161.159423828125,19.30124855041504,0.0,12219.595703125,0.07001964747905731,14.2998685836792,0.6870246529579163,3.425327777862549,4.038425445556641,1.6143959760665894,2.6226799488067627,5.611424922943115,0.0009614704758860171,0.3723919987678528,0.8240401744842529,0.0,0.0,0.0,0.0,3595.766357421875,172.7554473876953,505.17681884765625,1998.3583984375,903.9608764648438,0.0,699.4488525390625,0.041552454233169556,33.515281677246094,81.5799789428711,0.0,0.0,0.0,240.25868225097656,240.25868225097656,143.13491821289062,153.95480346679688,148.0792236328125,0.0,0.0,0.0,143.13491821289062,153.95480346679688,148.0792236328125,0.0,0.0,0.0,22.565715789794922,25.73052978515625,24.011924743652344,0.0,0.0,0.0
169.0,33.658348083496094,29184.0546875,3348.77001953125,13484.994140625,12350.2919921875,3161.159423828125,18.61191749572754,0.0,12692.5615234375,0.07001964747905731,14.377105712890625,0.6943736672401428,3.425327777862549,4.043041229248047,1.6143959760665894,2.6226799488067627,5.614011764526367,0.0009614704758860171,0.3723919987678528,0.8240401744842529,0.0,0.0,0.0,0.0,3635.77587890625,175.5977325439453,507.2076721191406,2035.1614990234375,1118.02197265625,0.0,740.6670532226562,0.043993256986141205,22.053234100341797,73.2051773071289,0.0,0.0,0.0,241.7080841064453,241.7080841064453,96.82415771484375,142.65982055664062,111.10577392578125,0.0,0.0,0.0,96.82415771484375,142.65982055664062,111.10577392578125,0.0,0.0,0.0,9.709148406982422,23.11608123779297,13.886523246765137,0.0,0.0,0.0
170.0,33.79270553588867,29496.140625,3348.77001953125,13627.6748046875,12519.6953125,3161.159423828125,18.688720703125,0.0,12775.3955078125,0.07001964747905731,14.495343208312988,0.7056840062141418,3.425327777862549,4.044975280761719,1.6143959760665894,2.6226799488067627,5.616886138916016,0.0009614704758860171,0.3723919987678528,0.8240401744842529,0.0,0.0,0.0,0.0,3664.611328125,178.40609741210938,507.1646423339844,2038.1993408203125,1117.872314453125,0.0,760.0028076171875,0.04513285681605339,22.343521118164062,73.42198181152344,0.0,0.0,0.0,243.17034912109375,243.17034912109375,95.1721420288086,141.92369079589844,111.38291931152344,0.0,0.0,0.0,95.1721420288086,141.92369079589844,111.38291931152344,0.0,0.0,0.0,9.149129867553711,22.823957443237305,13.890782356262207,0.0,0.0,0.0
171.0,34.13829040527344,29729.6171875,3348.77001953125,13830.021484375,12550.826171875,3161.159423828125,19.426313400268555,0.0,12400.6904296875,0.07001964747905731,14.800522804260254,0.7350531220436096,3.425327777862549,4.048826694488525,1.6143959760665894,2.6226799488067627,5.624068737030029,0.0009614704758860171,0.3723919987678528,0.8240401744842529,0.0,0.0,0.0,0.0,3690.1669921875,183.26844787597656,502.69952392578125,2017.9237060546875,924.37890625,0.0,701.0206909179688,0.04160972684621811,18.32567024230957,70.4212646484375,0.0,0.0,0.0,244.59674072265625,244.59674072265625,131.0614471435547,146.16004943847656,124.79035949707031,0.0,0.0,0.0,131.0614471435547,146.16004943847656,124.79035949707031,0.0,0.0,0.0,18.90915870666504,23.325502395629883,17.074867248535156,0.0,0.0,0.0
172.0,34.521148681640625,29818.34375,3348.77001953125,13918.748046875,12550.826171875,3161.159423828125,19.484859466552734,0.0,12402.39453125,0.07001964747905731,15.137391090393066,0.7675045132637024,3.425327777862549,4.054518699645996,1.6143959760665894,2.6226799488067627,5.631917476654053,0.0009614704758860171,0.3723919987678528,0.8240401744842529,0.0,0.0,0.0,0.0,3801.755615234375,192.7587432861328,504.9857177734375,2046.8802490234375,573.4798583984375,0.0,892.3316040039062,0.05293669551610947,22.343521118164062,73.42198181152344,0.0,0.0,0.0,245.9821014404297,245.9821014404297,130.78982543945312,151.8237762451172,130.45620727539062,0.0,0.0,0.0,130.78982543945312,151.8237762451172,130.45620727539062,0.0,0.0,0.0,18.771163940429688,24.923593521118164,18.673580169677734,0.0,0.0,0.0
173.0,34.73759841918945,29847.564453125,3348.77001953125,13947.96875,12550.826171875,3161.159423828125,20.446908950805664,0.0,11849.28125,0.07001964747905731,15.325648307800293,0.7856458425521851,3.425327777862549,4.060208797454834,1.6143959760665894,2.6226799488067627,5.6362786293029785,0.0009614704758860171,0.3723919987678528,0.8240401744842529,0.0,0.0,0.0,0.0,3776.720458984375,193.60777282714844,498.8720703125,2019.205322265625,404.7305603027344,0.0,753.498779296875,0.04468723386526108,17.561357498168945,69.8504409790039,0.0,0.0,0.0,247.33485412597656,247.33485412597656,79.40647888183594,143.37454223632812,111.55148315429688,0.0,0.0,0.0,79.40647888183594,143.37454223632812,111.55148315429688,0.0,0.0,0.0,2.7794864177703857,21.49014663696289,12.181900978088379,0.0,0.0,0.0
174.0,34.8369026184082,29860.55078125,3348.77001953125,13960.9541015625,12550.826171875,3161.159423828125,20.72376823425293,0.0,11702.7353515625,0.07001964747905731,15.402204513549805,0.7931811213493347,3.425327777862549,4.073653697967529,1.6143959760665894,2.6226799488067627,5.638047218322754,0.0009614704758860171,0.3723919987678528,0.8240401744842529,0.0,0.0,0.0,0.0,3769.307373046875,194.11138916015625,496.68084716796875,2009.0264892578125,381.9610595703125,0.0,697.9317016601562,0.04138685762882233,16.196420669555664,68.83103942871094,0.0,0.0,0.0,248.628662109375,248.628662109375,125.71810913085938,145.8699951171875,122.39026641845703,0.0,0.0,0.0,125.71810913085938,145.8699951171875,122.39026641845703,0.0,0.0,0.0,16.04878044128418,21.943204879760742,15.075385093688965,0.0,0.0,0.0
175.0,34.891807556152344,29871.14453125,3348.77001953125,13971.548828125,12550.826171875,3161.159423828125,21.048612594604492,0.0,11533.658203125,0.07001964747905731,15.44068717956543,0.7968244552612305,3.425327777862549,4.085546493530273,1.6143959760665894,2.6226799488067627,5.638932704925537,0.0009614704758860171,0.3723919987678528,0.8240401744842529,0.0,0.0,0.0,0.0,3750.61279296875,193.55227661132812,494.3284912109375,1926.5567626953125,373.1871643066406,0.0,665.56494140625,0.03946509584784508,33.515281677246094,81.5799789428711,0.0,0.0,0.0,249.89205932617188,249.89205932617188,164.58786010742188,159.4850616455078,152.3280792236328,0.0,0.0,0.0,164.58786010742188,159.4850616455078,152.3280792236328,0.0,0.0,0.0,27.09333610534668,25.600770950317383,23.507352828979492,0.0,0.0,0.0
176.0,34.920352935791016,29874.49609375,3348.77001953125,13974.900390625,12550.826171875,3585.47900390625,20.46671485900879,0.0,11854.203125,0.07001964747905731,15.464065551757812,0.7988905906677246,3.425327777862549,4.0881218910217285,1.6143959760665894,2.6226799488067627,5.6394572257995605,0.0009614704758860171,0.3723919987678528,0.8240401744842529,0.0,0.0,0.0,0.0,3815.083251953125,197.0913848876953,499.175048828125,815.9420166015625,298.84161376953125,0.0,1992.2322998046875,0.11812600493431091,33.515281677246094,81.5799789428711,0.0,0.0,0.0,251.16265869140625,251.16265869140625,162.4537811279297,188.1393585205078,160.3123016357422,0.0,0.0,0.0,162.4537811279297,188.1393585205078,160.3123016357422,0.0,0.0,0.0,27.051015853881836,34.564048767089844,26.42463493347168,0.0,0.0,0.0
177.0,35.23699188232422,30325.5859375,3348.77001953125,14425.990234375,12550.826171875,3585.47900390625,20.791921615600586,0.0,11847.2255859375,0.07001964747905731,15.744258880615234,0.826000452041626,3.425327777862549,4.0912017822265625,1.6143959760665894,2.6226799488067627,5.645715236663818,0.0009614704758860171,0.3723919987678528,0.8240401744842529,0.0,0.0,0.0,0.0,3851.77490234375,202.07797241210938,496.6706237792969,660.73583984375,305.2828063964844,0.0,2095.802490234375,0.12421293556690216,33.515281677246094,81.5799789428711,0.0,0.0,0.0,252.47772216796875,252.47772216796875,141.3546600341797,191.3392333984375,169.6490936279297,0.0,0.0,0.0,141.3546600341797,191.3392333984375,169.6490936279297,0.0,0.0,0.0,20.55431365966797,35.1748046875,28.83043670654297,0.0,0.0,0.0
178.0,36.0181884765625,30553.95703125,3348.77001953125,14654.3603515625,12550.826171875,3585.47900390625,20.683443069458008,0.0,11996.244140625,0.07001964747905731,16.427120208740234,0.8924201130867004,3.425327777862549,4.1078619956970215,1.6143959760665894,2.6226799488067627,5.66096830368042,0.0009614704758860171,0.3723919987678528,0.8240401744842529,0.0,0.0,0.0,0.0,3955.848876953125,214.90553283691406,492.1294250488281,612.0241088867188,382.9757080078125,0.0,2053.490966796875,0.12157679349184036,33.515281677246094,81.5799789428711,0.0,0.0,0.0,253.82640075683594,253.82640075683594,106.55467224121094,190.15931701660156,161.33982849121094,0.0,0.0,0.0,106.55467224121094,190.15931701660156,161.33982849121094,0.0,0.0,0.0,10.48379898071289,34.93815994262695,26.508459091186523,0.0,0.0,0.0
179.0,36.51549530029297,30634.9140625,3348.77001953125,14735.3173828125,12550.826171875,3585.47900390625,20.342905044555664,0.3097614347934723,12224.1181640625,0.07001964747905731,16.850400924682617,0.9335974454879761,3.425327777862549,4.131256580352783,1.6143959760665894,2.6226799488067627,5.6704230308532715,0.0009614704758860171,0.3723919987678528,0.8240401744842529,0.0,0.0,0.0,0.0,3993.3671875,221.25274658203125,488.1492614746094,1928.272216796875,663.9714965820312,0.0,568.5509643554688,0.03363901749253273,33.515281677246094,81.5799789428711,0.0,0.0,0.0,255.2161865234375,255.2161865234375,155.17816162109375,170.42059326171875,161.19606018066406,0.0,0.0,0.0,155.17816162109375,170.42059326171875,161.19606018066406,0.0,0.0,0.0,24.7369441986084,29.195358276367188,26.49717903137207,0.0,0.0,0.0
180.0,36.76491928100586,30667.46484375,3348.77001953125,14767.8681640625,12550.826171875,3585.47900390625,19.852874755859375,0.0,12531.5146484375,0.07001964747905731,17.057048797607422,0.9536179304122925,3.425327777862549,4.149402618408203,1.6143959760665894,2.6226799488067627,5.675031661987305,0.0009614704758860171,0.3723919987678528,0.8240401744842529,0.0,0.0,0.0,0.0,4032.286865234375,225.435302734375,487.5562744140625,1937.7384033203125,878.7024536132812,0.0,526.8028564453125,0.03115907683968544,22.343521118164062,73.42198181152344,0.0,0.0,0.0,256.6460876464844,256.6460876464844,133.55809020996094,162.0385284423828,132.9081573486328,0.0,0.0,0.0,133.55809020996094,162.0385284423828,132.9081573486328,0.0,0.0,0.0,19.212867736816406,27.54339599609375,19.022764205932617,0.0,0.0,0.0
181.0,36.94456100463867,30830.70703125,3348.77001953125,14871.072265625,12610.865234375,3585.47900390625,19.195804595947266,0.0,13016.4990234375,0.07001964747905731,17.207645416259766,0.9681396484375,3.425327777862549,4.160574436187744,1.6143959760665894,2.6226799488067627,5.6783833503723145,0.0009614704758860171,0.3723919987678528,0.8240401744842529,0.0,0.0,0.0,0.0,4089.849609375,230.10386657714844,489.3480224609375,1985.0198974609375,1086.5396728515625,0.0,560.3514404296875,0.033135849982500076,11.171760559082031,57.10598373413086,0.0,0.0,0.0,258.1161804199219,258.1161804199219,118.69379425048828,133.46994018554688,120.79537963867188,0.0,0.0,0.0,118.69379425048828,133.46994018554688,120.79537963867188,0.0,0.0,0.0,15.522130966186523,19.844152450561523,16.136844635009766,0.0,0.0,0.0
182.0,37.15205383300781,31050.56640625,3348.77001953125,14921.978515625,12779.818359375,3585.47900390625,19.20696449279785,0.0,13101.396484375,0.07001964747905731,17.38191032409668,0.9851075410842896,3.425327777862549,4.172957420349121,1.6143959760665894,2.6226799488067627,5.682261943817139,0.0009614704758860171,0.3723919987678528,0.8240401744842529,0.0,0.0,0.0,0.0,4126.93994140625,233.89141845703125,489.0745544433594,1990.2623291015625,1086.02490234375,0.0,570.7218627929688,0.03374027833342552,11.171760559082031,57.10598373413086,0.0,0.0,0.0,259.5978088378906,259.5978088378906,94.00598907470703,137.26287841796875,109.26409912109375,0.0,0.0,0.0,94.00598907470703,137.26287841796875,109.26409912109375,0.0,0.0,0.0,8.289788246154785,20.942428588867188,12.752786636352539,0.0,0.0,0.0
183.0,37.2723503112793,31098.0,3348.77001953125,14938.466796875,12810.763671875,3585.47900390625,19.83925437927246,0.0,12717.0712890625,0.07001964747905731,17.48257064819336,0.9949358701705933,3.425327777862549,4.180527687072754,1.6143959760665894,2.6226799488067627,5.684501647949219,0.0009614704758860171,0.3723919987678528,0.8240401744842529,0.0,0.0,0.0,0.0,4115.5869140625,234.2187042236328,486.3963623046875,1969.7218017578125,900.4088745117188,0.0,530.2735595703125,0.03134431317448616,11.171760559082031,57.10598373413086,0.0,0.0,0.0,261.0364990234375,261.0364990234375,117.86552429199219,143.11688232421875,133.110595703125,0.0,0.0,0.0,117.86552429199219,143.11688232421875,133.110595703125,0.0,0.0,0.0,14.63641357421875,22.022436141967773,19.095596313476562,0.0,0.0,0.0
184.0,37.32780456542969,31104.38671875,3348.77001953125,14944.8525390625,12810.763671875,3585.47900390625,19.843936920166016,0.0,12718.765625,0.07001964747905731,17.525903701782227,0.9992215037345886,3.425327777862549,4.187397003173828,1.6143959760665894,2.6226799488067627,5.685466289520264,0.0009614704758860171,0.3723919987678528,0.8240401744842529,0.0,0.0,0.0,0.0,4185.79443359375,238.64878845214844,490.0890197753906,2033.9774169921875,560.3412475585938,0.0,724.1842041015625,0.0428035743534565,11.171760559082031,60.41033172607422,0.0,0.0,0.0,262.43316650390625,262.43316650390625,108.82618713378906,147.6294403076172,131.87179565429688,0.0,0.0,0.0,108.82618713378906,147.6294403076172,131.87179565429688,0.0,0.0,0.0,11.98772144317627,23.33767318725586,18.728561401367188,0.0,0.0,0.0
185.0,37.35514450073242,31108.431640625,3348.77001953125,14948.8984375,12810.763671875,3585.47900390625,20.807289123535156,0.0,12151.494140625,0.07001964747905731,17.545024871826172,1.0010885000228882,3.425327777862549,4.193321228027344,1.6143959760665894,2.6226799488067627,5.685891628265381,0.0009614704758860171,0.3723919987678528,0.8240401744842529,0.0,0.0,0.0,0.0,4122.5830078125,235.22738647460938,485.5830383300781,1998.80712890625,396.04510498046875,0.0,614.635009765625,0.036327529698610306,11.171760559082031,57.10598373413086,0.0,0.0,0.0,263.79638671875,263.79638671875,72.16850280761719,142.6566925048828,128.2542266845703,0.0,0.0,0.0,72.16850280761719,142.6566925048828,128.2542266845703,0.0,0.0,0.0,0.3019983470439911,20.91979217529297,16.707073211669922,0.0,0.0,0.0
186.0,37.36806106567383,31113.5390625,3348.77001953125,14954.005859375,12810.763671875,3585.47900390625,21.083707809448242,0.0,12001.1611328125,0.07001964747905731,17.549734115600586,1.0015677213668823,3.425327777862549,4.200944423675537,1.6143959760665894,2.6226799488067627,5.6859965324401855,0.0009614704758860171,0.3723919987678528,0.8240401744842529,0.0,0.0,0.0,0.0,4103.85400390625,234.20797729492188,484.0895080566406,1983.5667724609375,374.152099609375,0.0,570.4446411132812,0.033715467900037766,11.171760559082031,57.10598373413086,0.0,0.0,0.0,265.1028747558594,265.1028747558594,119.57614135742188,135.16989135742188,117.40991973876953,0.0,0.0,0.0,119.57614135742188,135.16989135742188,117.40991973876953,0.0,0.0,0.0,13.892313003540039,18.45348358154297,13.258692741394043,0.0,0.0,0.0
187.0,37.387550354003906,31121.79296875,3348.77001953125,14962.259765625,12810.763671875,3585.47900390625,21.41272735595703,0.0,11827.7255859375,0.07001964747905731,17.554964065551758,1.0020464658737183,3.425327777862549,4.214611053466797,1.6143959760665894,2.6226799488067627,5.686112880706787,0.0009614704758860171,0.3723919987678528,0.8240401744842529,0.0,0.0,0.0,0.0,4077.9560546875,232.77186584472656,481.702392578125,1906.552978515625,365.67694091796875,0.0,557.6471557617188,0.03295881673693657,15.295856475830078,62.89493942260742,0.0,0.0,0.0,266.3760986328125,266.3760986328125,97.97794342041016,152.64671325683594,133.8329620361328,0.0,0.0,0.0,97.97794342041016,152.64671325683594,133.8329620361328,0.0,0.0,0.0,7.245820045471191,23.23643684387207,17.733415603637695,0.0,0.0,0.0
188.0,37.40242385864258,31628.505859375,3852.8701171875,14964.87109375,12810.763671875,3585.47900390625,21.1566104888916,0.0,12156.3955078125,0.07001964747905731,17.565292358398438,1.0028759241104126,3.425327777862549,4.218092918395996,1.6143959760665894,2.6226799488067627,5.68634557723999,0.0009614704758860171,0.3723919987678528,0.8240401744842529,0.0,0.0,0.0,0.0,4150.6923828125,236.9803924560547,486.6025695800781,619.9409790039062,293.0085754394531,0.0,2018.2064208984375,0.11928050220012665,33.515281677246094,81.5799789428711,0.0,0.0,0.0,267.6455993652344,267.6455993652344,99.456298828125,190.85679626464844,159.85366821289062,0.0,0.0,0.0,99.456298828125,190.85679626464844,159.85366821289062,0.0,0.0,0.0,7.934356689453125,34.669002532958984,25.6005859375,0.0,0.0,0.0
189.0,37.76554489135742,32155.71484375,3852.8701171875,15492.080078125,12810.763671875,3585.47900390625,21.526025772094727,0.0,12149.189453125,0.07001964747905731,17.886594772338867,1.034251093864441,3.425327777862549,4.22123384475708,1.6143959760665894,2.6226799488067627,5.693650245666504,0.0009614704758860171,0.3723919987678528,0.8240401744842529,0.0,0.0,0.0,0.0,4184.5595703125,241.9625244140625,484.2828674316406,591.534423828125,299.14764404296875,0.0,2000.0224609375,0.11814598739147186,32.230812072753906,80.62067413330078,0.0,0.0,0.0,268.95880126953125,268.95880126953125,135.4489288330078,191.89512634277344,142.6061248779297,0.0,0.0,0.0,135.4489288330078,191.89512634277344,142.6061248779297,0.0,0.0,0.0,18.09278678894043,34.60329818725586,20.18626594543457,0.0,0.0,0.0
190.0,38.67655563354492,32418.5546875,3852.8701171875,15754.921875,12810.763671875,3585.47900390625,21.42705535888672,0.0,12301.947265625,0.07001964747905731,18.69286346435547,1.113241195678711,3.425327777862549,4.2286505699157715,1.6143959760665894,2.6226799488067627,5.7119832038879395,0.0009614704758860171,0.3723919987678528,0.8240401744842529,0.0,0.0,0.0,0.0,4303.34912109375,256.28314208984375,478.93292236328125,1617.8623046875,375.17779541015625,0.0,886.1013793945312,0.05227791145443916,23.81441307067871,74.45431518554688,0.0,0.0,0.0,270.3047180175781,270.3047180175781,100.36194610595703,169.3936004638672,151.32362365722656,0.0,0.0,0.0,100.36194610595703,169.3936004638672,151.32362365722656,0.0,0.0,0.0,7.928813457489014,28.12057113647461,22.835105895996094,0.0,0.0,0.0
191.0,39.24201965332031,32502.470703125,3852.8701171875,15838.8369140625,12810.763671875,3585.47900390625,21.072465896606445,0.0,12535.5810546875,0.07001964747905731,19.19117546081543,1.1620951890945435,3.425327777862549,4.235617637634277,1.6143959760665894,2.6226799488067627,5.723313808441162,0.0009614704758860171,0.3723919987678528,0.8240401744842529,0.0,0.0,0.0,0.0,4344.287109375,263.0622863769531,473.03887939453125,591.0975952148438,649.588623046875,0.0,1755.0704345703125,0.10346424579620361,22.343521118164062,73.42198181152344,0.0,0.0,0.0,271.6893615722656,271.6893615722656,150.6761932373047,182.2298126220703,145.4462432861328,0.0,0.0,0.0,150.6761932373047,182.2298126220703,145.4462432861328,0.0,0.0,0.0,23.000320434570312,32.22975540161133,21.47056007385254,0.0,0.0,0.0
192.0,39.51140594482422,32531.033203125,3852.8701171875,15867.3994140625,12810.763671875,3585.47900390625,20.58186149597168,0.0,12837.8017578125,0.07001964747905731,19.42568016052246,1.185091495513916,3.425327777862549,4.242171764373779,1.6143959760665894,2.6226799488067627,5.7286458015441895,0.0009614704758860171,0.3723919987678528,0.8240401744842529,0.0,0.0,0.0,0.0,4429.16064453125,270.2073059082031,475.8023681640625,1924.0252685546875,651.961181640625,0.0,527.2067260742188,0.031068280339241028,22.343521118164062,73.42198181152344,0.0,0.0,0.0,273.11279296875,273.11279296875,129.78500366210938,149.61676025390625,128.73617553710938,0.0,0.0,0.0,129.78500366210938,149.61676025390625,128.73617553710938,0.0,0.0,0.0,17.380250930786133,23.181041717529297,17.073471069335938,0.0,0.0,0.0
193.0,39.62862014770508,32597.474609375,3852.8701171875,15877.6669921875,12866.9375,3585.47900390625,19.834758758544922,0.0,13334.5908203125,0.07001964747905731,19.52663230895996,1.1949630975723267,3.425327777862549,4.2462663650512695,1.6143959760665894,2.6226799488067627,5.730941295623779,0.0009614704758860171,0.3723919987678528,0.8240401744842529,0.0,0.0,0.0,0.0,4444.3466796875,271.9787902832031,475.0341491699219,1929.6312255859375,1064.2110595703125,0.0,458.382568359375,0.02700820192694664,8.562746047973633,55.15745162963867,0.0,0.0,0.0,274.5679016113281,274.5679016113281,79.5852279663086,121.45519256591797,112.61295318603516,0.0,0.0,0.0,79.5852279663086,121.45519256591797,112.61295318603516,0.0,0.0,0.0,3.443920373916626,15.690885543823242,13.104530334472656,0.0,0.0,0.0
194.0,39.676536560058594,32769.08984375,3852.8701171875,15880.9150390625,13035.306640625,3585.47900390625,19.809324264526367,0.0,13421.5,0.07001964747905731,19.56757926940918,1.1989541053771973,3.425327777862549,4.248313903808594,1.6143959760665894,2.6226799488067627,5.73187255859375,0.0009614704758860171,0.3723919987678528,0.8240401744842529,0.0,0.0,0.0,0.0,4464.9228515625,273.576904296875,475.9378356933594,1940.5888671875,1065.5614013671875,0.0,477.9845886230469,0.02816135808825493,9.760140419006348,56.051719665527344,0.0,0.0,0.0,276.0277099609375,276.0277099609375,114.07376861572266,132.70639038085938,119.69780731201172,0.0,0.0,0.0,114.07376861572266,132.70639038085938,119.69780731201172,0.0,0.0,0.0,13.557252883911133,19.007293701171875,15.202284812927246,0.0,0.0,0.0
195.0,39.69512176513672,32800.8515625,3852.8701171875,15881.9423828125,13066.0400390625,3585.47900390625,20.450725555419922,0.0,13027.7353515625,0.07001964747905731,19.583364486694336,1.2004897594451904,3.425327777862549,4.2492218017578125,1.6143959760665894,2.6226799488067627,5.732231140136719,0.0009614704758860171,0.3723919987678528,0.8240401744842529,0.0,0.0,0.0,0.0,4430.7470703125,271.6114807128906,472.9638977050781,1922.530029296875,883.2203369140625,0.0,454.74200439453125,0.026791315525770187,7.531422138214111,54.387210845947266,0.0,0.0,0.0,277.44805908203125,277.44805908203125,122.58390808105469,135.66419982910156,124.33794403076172,0.0,0.0,0.0,122.58390808105469,135.66419982910156,124.33794403076172,0.0,0.0,0.0,15.40506649017334,19.231054306030273,15.918122291564941,0.0,0.0,0.0
196.0,39.70208740234375,32801.1796875,3852.8701171875,15882.267578125,13066.0400390625,3585.47900390625,20.451519012451172,0.0,13029.4150390625,0.07001964747905731,19.589248657226562,1.201061487197876,3.425327777862549,4.24959659576416,1.6143959760665894,2.6226799488067627,5.732365131378174,0.0009614704758860171,0.3723919987678528,0.8240401744842529,0.0,0.0,0.0,0.0,4506.5703125,276.30810546875,479.084228515625,1979.1473388671875,550.8141479492188,0.0,637.2755737304688,0.037545010447502136,11.171760559082031,57.10598373413086,0.0,0.0,0.0,278.82476806640625,278.82476806640625,124.97620391845703,142.00372314453125,130.5577850341797,0.0,0.0,0.0,124.97620391845703,142.00372314453125,130.5577850341797,0.0,0.0,0.0,16.104021072387695,21.084569931030273,17.73663330078125,0.0,0.0,0.0
197.0,39.70463562011719,32801.28125,3852.8701171875,15882.37109375,13066.0400390625,3585.47900390625,21.44281578063965,0.0,12448.2373046875,0.07001964747905731,19.591115951538086,1.2012438774108887,3.425327777862549,4.250051975250244,1.6143959760665894,2.6226799488067627,5.732407569885254,0.0009614704758860171,0.3723919987678528,0.8240401744842529,0.0,0.0,0.0,0.0,4427.78173828125,271.4927673339844,472.75872802734375,1949.1005859375,388.7578125,0.0,527.7921142578125,0.031094714999198914,10.43299674987793,56.55424118041992,0.0,0.0,0.0,280.1686706542969,280.1686706542969,121.97288513183594,133.95115661621094,127.02079010009766,0.0,0.0,0.0,121.97288513183594,133.95115661621094,127.02079010009766,0.0,0.0,0.0,14.2342529296875,17.737895965576172,15.710766792297363,0.0,0.0,0.0
198.0,39.70555114746094,32803.9453125,3852.8701171875,15885.03515625,13066.0400390625,3585.47900390625,21.72620391845703,0.08212186396121979,12294.1728515625,0.07002203166484833,19.591501235961914,1.2012840509414673,3.425327777862549,4.2505292892456055,1.6143959760665894,2.6226799488067627,5.73241662979126,0.0009614704758860171,0.3723919987678528,0.8240401744842529,0.0,0.0,0.0,0.0,4401.41845703125,269.8800048828125,470.6048889160156,1931.11669921875,366.9734191894531,0.0,496.3233337402344,0.029240725561976433,8.317106246948242,54.973995208740234,0.0,0.0,0.0,281.4588317871094,281.4588317871094,115.15035247802734,133.77488708496094,120.90233612060547,0.0,0.0,0.0,115.15035247802734,133.77488708496094,120.90233612060547,0.0,0.0,0.0,11.873151779174805,17.320829391479492,13.555606842041016,0.0,0.0,0.0
199.0,39.729103088378906,32829.4296875,3852.8701171875,15910.51953125,13066.0400390625,3585.47900390625,22.076908111572266,0.0,12116.455078125,0.0701335147023201,19.607397079467773,1.2027947902679443,3.425327777862549,4.256195545196533,1.6143959760665894,2.6226799488067627,5.732784271240234,0.0009614704758860171,0.3723919987678528,0.8240401744842529,0.0,0.0,0.0,0.0,4368.99609375,268.01141357421875,467.6937255859375,1907.3802490234375,358.31610107421875,0.0,450.30731201171875,0.026529014110565186,5.25550651550293,52.68745422363281,0.0,0.0,0.0,282.7146301269531,282.7146301269531,97.6225357055664,140.35528564453125,99.79013061523438,0.0,0.0,0.0,97.6225357055664,140.35528564453125,99.79013061523438,0.0,0.0,0.0,6.477684020996094,18.97701072692871,7.111705303192139,0.0,0.0,0.0
200.0,39.77259063720703,32841.15625,3852.8701171875,15922.24609375,13066.0400390625,3585.47900390625,21.470251083374023,0.0,12453.0966796875,0.07038682699203491,19.642908096313477,1.2061983346939087,3.425327777862549,4.259693622589111,1.6143959760665894,2.6226799488067627,5.733606338500977,0.0009614704758860171,0.3723919987678528,0.8240401744842529,0.0,0.0,0.0,0.0,4456.42236328125,273.6524353027344,474.11785888671875,514.5252075195312,287.4705810546875,0.0,2002.013427734375,0.2184496968984604,22.343521118164062,73.42198181152344,0.0,0.0,0.0,283.9581298828125,283.9581298828125,165.69442749023438,186.606689453125,153.4640655517578,0.0,0.0,0.0,165.69442749023438,186.606689453125,153.4640655517578,0.0,0.0,0.0,26.9953670501709,33.112205505371094,23.417987823486328,0.0,0.0,0.0
201.0,40.05217742919922,33219.9921875,3852.8701171875,16301.080078125,13066.0400390625,3585.47900390625,21.734773635864258,0.0,12445.662109375,0.07214297354221344,19.887617111206055,1.2302954196929932,3.425327777862549,4.263046741485596,1.6143959760665894,2.6226799488067627,5.739279270172119,0.0009614704758860171,0.3723919987678528,0.8240401744842529,0.0,0.0,0.0,0.0,4479.880859375,277.1361083984375,471.7727355957031,521.3040771484375,293.76593017578125,0.0,1958.160400390625,0.11530950665473938,22.343521118164062,73.42198181152344,0.0,0.0,0.0,285.2352294921875,285.2352294921875,96.08545684814453,187.72573852539062,149.02293395996094,0.0,0.0,0.0,96.08545684814453,187.72573852539062,149.02293395996094,0.0,0.0,0.0,6.370223045349121,33.17500305175781,21.854434967041016,0.0,0.0,0.0
202.0,40.711280822753906,33408.7734375,3852.8701171875,16489.865234375,13066.0400390625,3585.47900390625,21.580970764160156,1.4620840549468994,12602.095703125,0.07628036290407181,20.464038848876953,1.2872161865234375,3.425327777862549,4.271305084228516,1.6143959760665894,2.6226799488067627,5.752643585205078,0.0009614704758860171,0.3723919987678528,0.8240401744842529,0.0,0.0,0.0,0.0,4557.17724609375,286.6527404785156,468.171875,1906.124267578125,369.1040954589844,0.0,518.933837890625,0.030530203133821487,22.343521118164062,73.42198181152344,0.0,0.0,0.0,286.5464782714844,286.5464782714844,153.60824584960938,171.86868286132812,159.95083618164062,0.0,0.0,0.0,153.60824584960938,171.86868286132812,159.95083618164062,0.0,0.0,0.0,21.887359619140625,27.22853660583496,23.742563247680664,0.0,0.0,0.0
203.0,41.120201110839844,33469.359375,3852.8701171875,16550.44921875,13066.0400390625,3585.47900390625,21.206886291503906,0.0,12841.37109375,0.0788460373878479,20.82146644592285,1.322500228881836,3.425327777862549,4.276661396026611,1.6143959760665894,2.6226799488067627,5.76093053817749,0.0009614704758860171,0.3723919987678528,0.8240401744842529,0.0,0.0,0.0,0.0,4583.90380859375,291.152099609375,464.28369140625,597.0385131835938,640.8131103515625,0.0,1688.7210693359375,0.09929520636796951,22.343521118164062,73.42198181152344,0.0,0.0,0.0,287.9002990722656,287.9002990722656,148.38157653808594,181.20254516601562,146.17355346679688,0.0,0.0,0.0,148.38157653808594,181.20254516601562,146.17355346679688,0.0,0.0,0.0,22.194726943969727,31.794857025146484,21.548877716064453,0.0,0.0,0.0
204.0,41.313514709472656,33488.55078125,3852.8701171875,16569.638671875,13066.0400390625,3585.47900390625,20.726455688476562,0.0,13138.47265625,0.08006825298070908,20.99121856689453,1.339235544204712,3.425327777862549,4.278330326080322,1.6143959760665894,2.6226799488067627,5.764866352081299,0.0009614704758860171,0.3723919987678528,0.8240401744842529,0.0,0.0,0.0,0.0,4660.54345703125,297.3417663574219,467.3494567871094,1931.9290771484375,643.513671875,0.0,500.38775634765625,0.029414398595690727,6.095028400421143,53.31444549560547,0.0,0.0,0.0,289.2943420410156,289.2943420410156,121.4938735961914,139.69984436035156,127.33560180664062,0.0,0.0,0.0,121.4938735961914,139.69984436035156,127.33560180664062,0.0,0.0,0.0,14.810503005981445,20.13574981689453,16.519207000732422,0.0,0.0,0.0
205.0,41.511070251464844,33718.8515625,3852.8701171875,16747.611328125,13118.3681640625,3585.47900390625,20.069561004638672,0.0,13646.8271484375,0.08132726699113846,21.165515899658203,1.356461524963379,3.425327777862549,4.279058456420898,1.6143959760665894,2.6226799488067627,5.7689080238342285,0.0009614704758860171,0.3723919987678528,0.8240401744842529,0.0,0.0,0.0,0.0,4690.64404296875,300.6152648925781,466.60546875,1904.045654296875,1050.43017578125,0.0,435.2227478027344,0.0255767572671175,2.913313388824463,50.992679595947266,0.0,0.0,0.0,290.72113037109375,290.72113037109375,75.17217254638672,116.57164764404297,115.39885711669922,0.0,0.0,0.0,75.17217254638672,116.57164764404297,115.39885711669922,0.0,0.0,0.0,1.9182993173599243,14.027647018432617,13.684605598449707,0.0,0.0,0.0
206.0,41.839683532714844,33974.26953125,3852.8701171875,16835.283203125,13286.1171875,3585.47900390625,20.089691162109375,0.0,13735.716796875,0.08342301845550537,21.455738067626953,1.385192632675171,3.425327777862549,4.27989387512207,1.6143959760665894,2.6226799488067627,5.775638580322266,0.0009614704758860171,0.3723919987678528,0.8240401744842529,0.0,0.0,0.0,0.0,4740.8642578125,306.0724792480469,465.7613220214844,1903.3348388671875,1048.9339599609375,0.0,441.6195983886719,0.025940822437405586,2.5712013244628906,50.75257110595703,0.0,0.0,0.0,292.15325927734375,292.15325927734375,101.1214828491211,128.98016357421875,121.34419250488281,0.0,0.0,0.0,101.1214828491211,128.98016357421875,121.34419250488281,0.0,0.0,0.0,9.488341331481934,17.637004852294922,15.403485298156738,0.0,0.0,0.0
207.0,42.12138366699219,34158.7109375,3852.8701171875,16989.20703125,13316.6328125,3585.47900390625,20.83323860168457,0.0,13332.671875,0.08522021025419235,21.704788208007812,1.4098308086395264,3.425327777862549,4.280333995819092,1.6143959760665894,2.6226799488067627,5.781414985656738,0.0009614704758860171,0.3723919987678528,0.8240401744842529,0.0,0.0,0.0,0.0,4729.12646484375,307.1795959472656,461.1401672363281,1870.5743408203125,867.1576538085938,0.0,402.9083557128906,0.023657623678445816,0.0,48.9479866027832,0.0,0.0,0.0,293.549072265625,293.549072265625,112.48541259765625,137.20664978027344,122.56414031982422,0.0,0.0,0.0,112.48541259765625,137.20664978027344,122.56414031982422,0.0,0.0,0.0,12.068744659423828,19.299707412719727,15.016773223876953,0.0,0.0,0.0
208.0,42.4304084777832,34230.43359375,3852.8701171875,17060.9296875,13316.6328125,3585.47900390625,20.8775577545166,0.0,13334.3330078125,0.08719191700220108,21.978076934814453,1.4368394613265991,3.425327777862549,4.280750274658203,1.6143959760665894,2.6226799488067627,5.787753582000732,0.0009614704758860171,0.3723919987678528,0.8240401744842529,0.0,0.0,0.0,0.0,4830.4296875,315.7943115234375,464.5122375488281,1934.741455078125,538.5938110351562,0.0,543.7515258789062,0.03191374987363815,5.839887619018555,53.123897552490234,0.0,0.0,0.0,294.90716552734375,294.90716552734375,122.64466857910156,140.83456420898438,128.4720001220703,0.0,0.0,0.0,122.64466857910156,140.83456420898438,128.4720001220703,0.0,0.0,0.0,14.996007919311523,20.316551208496094,16.700502395629883,0.0,0.0,0.0
209.0,42.60383224487305,34253.125,3852.8701171875,17083.623046875,13316.6328125,3585.47900390625,21.905086517333984,0.0,12739.5029296875,0.08828882873058319,22.13011932373047,1.451886534690857,3.425327777862549,4.282458782196045,1.6143959760665894,2.6226799488067627,5.7912797927856445,0.0009614704758860171,0.3723919987678528,0.8240401744842529,0.0,0.0,0.0,0.0,4761.9140625,312.41400146484375,457.3656311035156,1876.408447265625,379.5697021484375,0.0,448.17852783203125,0.02629808522760868,0.0,48.9479866027832,0.0,0.0,0.0,296.2360534667969,296.2360534667969,114.44784545898438,133.50718688964844,128.63687133789062,0.0,0.0,0.0,114.44784545898438,133.50718688964844,128.63687133789062,0.0,0.0,0.0,11.570908546447754,17.145767211914062,15.721197128295898,0.0,0.0,0.0
210.0,42.68263626098633,34263.34375,3852.8701171875,17093.83984375,13316.6328125,3585.47900390625,22.199722290039062,0.0,12581.779296875,0.08873049914836884,22.191307067871094,1.4580694437026978,3.425327777862549,4.292032241821289,1.6143959760665894,2.6226799488067627,5.792699813842773,0.0009614704758860171,0.3723919987678528,0.8240401744842529,0.0,0.0,0.0,0.0,4740.88232421875,311.4974365234375,454.9401550292969,1853.0928955078125,358.1195068359375,0.0,409.8019714355469,0.02404395490884781,0.0,48.9479866027832,0.0,0.0,0.0,297.5152893066406,297.5152893066406,93.09310913085938,125.195556640625,112.25157928466797,0.0,0.0,0.0,93.09310913085938,125.195556640625,112.25157928466797,0.0,0.0,0.0,5.0300140380859375,14.419979095458984,10.633866310119629,0.0,0.0,0.0
211.0,42.726295471191406,34271.84375,3852.8701171875,17102.33984375,13316.6328125,3585.47900390625,22.546537399291992,0.0,12399.8544921875,0.08895251899957657,22.222097396850586,1.461073637008667,3.425327777862549,4.300960540771484,1.6143959760665894,2.6226799488067627,5.7934136390686035,0.0009614704758860171,0.3723919987678528,0.8240401744842529,0.0,0.0,0.0,0.0,4708.8154296875,309.5984191894531,452.16912841796875,1823.3900146484375,349.7115173339844,0.0,363.2759704589844,0.021313128992915154,0.0,46.536705017089844,0.0,0.0,0.0,298.76220703125,298.76220703125,95.02275085449219,133.89849853515625,107.78160858154297,0.0,0.0,0.0,95.02275085449219,133.89849853515625,107.78160858154297,0.0,0.0,0.0,5.247617244720459,16.618776321411133,8.979582786560059,0.0,0.0,0.0
212.0,42.74907302856445,34274.53125,3852.8701171875,17105.029296875,13316.6328125,3585.47900390625,21.920154571533203,0.0,12744.30859375,0.08908776193857193,22.24061393737793,1.4627739191055298,3.425327777862549,4.302950382232666,1.6143959760665894,2.6226799488067627,5.793848037719727,0.0009614704758860171,0.3723919987678528,0.8240401744842529,0.0,0.0,0.0,0.0,4794.9892578125,315.3683166503906,458.07928466796875,1856.7020263671875,280.40673828125,0.0,482.96368408203125,0.02833421900868416,22.343521118164062,73.42198181152344,0.0,0.0,0.0,299.9952392578125,299.9952392578125,146.5190887451172,164.07958984375,131.92388916015625,0.0,0.0,0.0,146.5190887451172,164.07958984375,131.92388916015625,0.0,0.0,0.0,20.936676025390625,26.07312774658203,16.66758155822754,0.0,0.0,0.0
213.0,42.9659423828125,34581.48828125,3852.8701171875,17411.984375,13316.6328125,3585.47900390625,22.133623123168945,0.0,12736.6455078125,0.09049009531736374,22.431137084960938,1.4816428422927856,3.425327777862549,4.304527282714844,1.6143959760665894,2.6226799488067627,5.798347473144531,0.0009614704758860171,0.3723919987678528,0.8240401744842529,0.0,0.0,0.0,0.0,4812.28515625,317.8656311035156,456.4990234375,1532.70458984375,286.875732421875,0.0,775.8407592773438,0.04550246521830559,22.343521118164062,73.42198181152344,0.0,0.0,0.0,301.2543029785156,301.2543029785156,127.49649047851562,174.4261474609375,154.41033935546875,0.0,0.0,0.0,127.49649047851562,174.4261474609375,154.41033935546875,0.0,0.0,0.0,15.159101486206055,28.88602638244629,23.031402587890625,0.0,0.0,0.0
214.0,43.49790954589844,34734.453125,3852.8701171875,17564.94921875,13316.6328125,3585.47900390625,21.949129104614258,0.0,12896.6826171875,0.09387362003326416,22.89076805114746,1.527249813079834,3.4343814849853516,4.307966709136963,1.6143959760665894,2.6226799488067627,5.809203147888184,0.0009614704758860171,0.3723919987678528,0.8240401744842529,0.0,0.0,0.0,0.0,4877.9853515625,325.4544372558594,455.6142578125,533.8282470703125,361.3145751953125,0.0,1734.2777099609375,0.14503894746303558,22.343521118164062,73.42198181152344,0.0,0.0,0.0,302.54864501953125,302.54864501953125,161.80361938476562,184.89413452148438,150.70623779296875,0.0,0.0,0.0,161.80361938476562,184.89413452148438,150.70623779296875,0.0,0.0,0.0,25.378429412841797,32.13240432739258,22.1324462890625,0.0,0.0,0.0
215.0,43.83271789550781,34797.29296875,3852.8701171875,17627.7890625,13316.6328125,3585.47900390625,21.568084716796875,0.0,13141.498046875,0.0958642065525055,23.16118049621582,1.5539348125457764,3.4618496894836426,4.309828758239746,1.6143959760665894,2.6226799488067627,5.815589904785156,0.0009614704758860171,0.3723919987678528,0.8240401744842529,0.0,0.0,0.0,0.0,4899.16064453125,328.69549560546875,456.57110595703125,1769.37646484375,628.5894165039062,0.0,369.76849365234375,0.021661028265953064,22.343521118164062,73.42198181152344,0.0,0.0,0.0,303.8879699707031,303.8879699707031,118.91609954833984,159.06349182128906,138.49276733398438,0.0,0.0,0.0,118.91609954833984,159.06349182128906,138.49276733398438,0.0,0.0,0.0,13.214872360229492,24.95798683166504,18.941049575805664,0.0,0.0,0.0
216.0,44.021366119384766,34825.296875,3852.8701171875,17655.794921875,13316.6328125,3585.47900390625,21.103281021118164,0.0,13433.494140625,0.0968252420425415,23.29141616821289,1.566867470741272,3.5026957988739014,4.310423374176025,1.6143959760665894,2.6226799488067627,5.818669319152832,0.0009614704758860171,0.3723919987678528,0.8240401744842529,0.0,0.0,0.0,0.0,4969.0029296875,334.2763366699219,464.7398681640625,1861.24169921875,631.1945190429688,0.0,433.82098388671875,0.02540786936879158,0.0,48.9479866027832,0.0,0.0,0.0,305.2687683105469,305.2687683105469,125.08495330810547,140.06527709960938,132.77574157714844,0.0,0.0,0.0,125.08495330810547,140.06527709960938,132.77574157714844,0.0,0.0,0.0,15.4840669631958,19.86581039428711,17.733623504638672,0.0,0.0,0.0
217.0,44.24928283691406,35154.60546875,3852.8701171875,17936.595703125,13365.138671875,3585.47900390625,20.48593521118164,0.0,13953.2021484375,0.0975821241736412,23.393692016601562,1.576888084411621,3.6149468421936035,4.310614585876465,1.6143959760665894,2.6226799488067627,5.821090221405029,0.0009614704758860171,0.3723919987678528,0.8240401744842529,0.0,0.0,0.0,0.0,4994.83935546875,336.68487548828125,479.1162109375,1827.3114013671875,1031.62158203125,0.0,375.6351318359375,0.02199643850326538,0.0,46.666114807128906,0.0,0.0,0.0,306.6861572265625,306.6861572265625,71.55045318603516,111.82617950439453,95.24659729003906,0.0,0.0,0.0,71.55045318603516,111.82617950439453,95.24659729003906,0.0,0.0,0.0,0.44257205724716187,12.223223686218262,7.37369441986084,0.0,0.0,0.0
218.0,44.84881591796875,35529.79296875,3852.8701171875,18144.685546875,13532.236328125,3585.47900390625,20.569381713867188,0.0,14044.029296875,0.09950900822877884,23.65395164489746,1.6030480861663818,3.919559955596924,4.311027526855469,1.6143959760665894,2.6226799488067627,5.8272504806518555,0.0009614704758860171,0.3723919987678528,0.8240401744842529,0.0,0.0,0.0,0.0,5030.3896484375,340.9137268066406,516.35888671875,1810.2255859375,1029.525390625,0.0,377.35772705078125,0.022088056430220604,0.0,46.858253479003906,0.0,0.0,0.0,308.1107482910156,308.1107482910156,99.43502807617188,132.26150512695312,116.62757873535156,0.0,0.0,0.0,99.43502807617188,132.26150512695312,116.62757873535156,0.0,0.0,0.0,8.515362739562988,18.117107391357422,13.544184684753418,0.0,0.0,0.0
219.0,45.265220642089844,35628.8203125,3852.8701171875,18213.421875,13562.5283203125,3585.47900390625,21.27532958984375,0.0,13631.8828125,0.10082659870386124,23.831892013549805,1.6209404468536377,4.134292125701904,4.311337947845459,1.6143959760665894,2.6226799488067627,5.831462383270264,0.0009614704758860171,0.3723919987678528,0.8240401744842529,0.0,0.0,0.0,0.0,4998.09375,339.9483642578125,538.0202026367188,1763.0328369140625,851.1532592773438,0.0,340.2972106933594,0.019913077354431152,0.0,42.081478118896484,0.0,0.0,0.0,309.50225830078125,309.50225830078125,107.78620147705078,135.9398193359375,126.82476806640625,0.0,0.0,0.0,107.78620147705078,135.9398193359375,126.82476806640625,0.0,0.0,0.0,10.252134323120117,18.48706817626953,15.820916175842285,0.0,0.0,0.0
220.0,45.4694709777832,35650.6796875,3852.8701171875,18235.28125,13562.5283203125,3585.47900390625,21.28898811340332,0.0,13633.5205078125,0.10146550834178925,23.918170928955078,1.629615306854248,4.240396022796631,4.311850070953369,1.6143959760665894,2.6226799488067627,5.8335041999816895,0.0009614704758860171,0.3723919987678528,0.8240401744842529,0.0,0.0,0.0,0.0,5069.06884765625,345.3705749511719,555.7188720703125,1844.14208984375,529.0082397460938,0.0,480.1098327636719,0.02809055708348751,0.0,48.9479866027832,0.0,0.0,0.0,310.857666015625,310.857666015625,125.58216094970703,140.4569854736328,126.3525390625,0.0,0.0,0.0,125.58216094970703,140.4569854736328,126.3525390625,0.0,0.0,0.0,15.443795204162598,19.794681549072266,15.6691312789917,0.0,0.0,0.0
221.0,45.55743408203125,35657.78515625,3852.8701171875,18242.38671875,13562.5283203125,3585.47900390625,22.327587127685547,0.0,13025.28125,0.10173491388559341,23.954547882080078,1.6332796812057495,4.285738468170166,4.313300132751465,1.6143959760665894,2.6226799488067627,5.834364891052246,0.0009614704758860171,0.3723919987678528,0.8240401744842529,0.0,0.0,0.0,0.0,4981.81103515625,339.67205810546875,553.64990234375,1775.0355224609375,373.2778625488281,0.0,391.058349609375,0.022878943011164665,0.0,46.84171676635742,0.0,0.0,0.0,312.18609619140625,312.18609619140625,111.05107879638672,135.1776123046875,122.20248413085938,0.0,0.0,0.0,111.05107879638672,135.1776123046875,122.20248413085938,0.0,0.0,0.0,10.154854774475098,17.211862564086914,13.41663932800293,0.0,0.0,0.0
222.0,45.5927619934082,35662.16015625,3852.8701171875,18246.76171875,13562.5283203125,3585.47900390625,22.62427520751953,0.0,12863.97265625,0.10182246565818787,23.966360092163086,1.6345176696777344,4.3006911277771,4.319541931152344,1.6143959760665894,2.6226799488067627,5.835358619689941,0.0009614704758860171,0.3723919987678528,0.8240401744842529,0.0,0.0,0.0,0.0,4954.06396484375,337.86962890625,552.9854125976562,1752.06103515625,352.38677978515625,0.0,358.9830322265625,0.021000996232032776,0.0,43.062767028808594,0.0,0.0,0.0,313.4671936035156,313.4671936035156,104.74470520019531,121.4893798828125,122.9887924194336,0.0,0.0,0.0,104.74470520019531,121.4893798828125,122.9887924194336,0.0,0.0,0.0,8.013550758361816,12.911368370056152,13.349946022033691,0.0,0.0,0.0
223.0,45.614803314208984,35668.2421875,3852.8701171875,18252.841796875,13562.5283203125,3585.47900390625,22.976383209228516,0.0,12677.90625,0.1018676683306694,23.97246551513672,1.6351163387298584,4.308396816253662,4.325578212738037,1.6143959760665894,2.6226799488067627,5.836908340454102,0.0009614704758860171,0.3723919987678528,0.8240401744842529,0.0,0.0,0.0,0.0,4918.41357421875,335.4756164550781,550.8560180664062,1718.9825439453125,344.2492370605469,0.0,316.0666198730469,0.018488368019461632,0.0,40.78998947143555,0.0,0.0,0.0,314.7185363769531,314.7185363769531,123.17353820800781,128.843505859375,118.811767578125,0.0,0.0,0.0,123.17353820800781,128.843505859375,118.811767578125,0.0,0.0,0.0,13.051877975463867,14.710344314575195,11.776060104370117,0.0,0.0,0.0
224.0,45.62864685058594,35670.34765625,3852.8701171875,18254.94921875,13562.5283203125,3673.24365234375,22.336965560913086,0.0,13030.0302734375,0.10188544541597366,23.974870681762695,1.6353421211242676,4.311423301696777,4.328513145446777,1.6143959760665894,2.6226799488067627,5.84214448928833,0.0009614704758860171,0.3723919987678528,0.8240401744842529,0.0,0.0,0.0,0.0,5002.484375,341.22283935546875,558.1340942382812,1757.4180908203125,275.9227294921875,0.0,429.82342529296875,0.02513342909514904,22.343521118164062,73.42198181152344,0.0,0.0,0.0,315.95770263671875,315.95770263671875,101.84562683105469,154.75369262695312,92.74616241455078,0.0,0.0,0.0,101.84562683105469,154.75369262695312,92.74616241455078,0.0,0.0,0.0,7.452879905700684,22.92848777770996,4.791285991668701,0.0,0.0,0.0
225.0,45.641902923583984,35680.85546875,3852.8701171875,18265.458984375,13562.5283203125,3673.24365234375,22.36091423034668,0.0,13022.1376953125,0.10189320147037506,23.975919723510742,1.6354384422302246,4.312742710113525,4.330256938934326,1.6143959760665894,2.6226799488067627,5.851181983947754,0.0009614704758860171,0.3723919987678528,0.8240401744842529,0.0,0.0,0.0,0.0,4999.07568359375,340.9954833984375,557.9600219726562,1702.0672607421875,282.8627014160156,0.0,475.4699401855469,0.02778521552681923,22.343521118164062,73.42198181152344,0.0,0.0,0.0,317.2134704589844,317.2134704589844,102.4106674194336,171.25729370117188,136.02618408203125,0.0,0.0,0.0,102.4106674194336,171.25729370117188,136.02618408203125,0.0,0.0,0.0,7.594205856323242,27.731842041015625,17.42674446105957,0.0,0.0,0.0
226.0,45.66166687011719,35686.91015625,3852.8701171875,18271.51171875,13562.5283203125,3673.24365234375,22.080307006835938,0.0,13185.7060546875,0.10190046578645706,23.97690200805664,1.6355245113372803,4.3177947998046875,4.333636283874512,1.6143959760665894,2.6226799488067627,5.861440181732178,0.0009614704758860171,0.3723919987678528,0.8240401744842529,0.0,0.0,0.0,0.0,5015.9140625,342.1480407714844,559.90087890625,1480.1551513671875,357.9807434082031,0.0,711.2117309570312,0.04153214395046234,22.343521118164062,73.42198181152344,0.0,0.0,0.0,318.4962463378906,318.4962463378906,101.42810821533203,170.2751007080078,148.23072814941406,0.0,0.0,0.0,101.42810821533203,170.2751007080078,148.23072814941406,0.0,0.0,0.0,7.58741569519043,27.72515869140625,21.27718162536621,0.0,0.0,0.0
227.0,45.68149948120117,35703.74609375,3852.8701171875,18288.349609375,13562.5283203125,3673.24365234375,21.667585372924805,1.58465576171875,13435.9453125,0.10190338641405106,23.977296829223633,1.6355570554733276,4.330393314361572,4.335808753967285,1.6143959760665894,2.6226799488067627,5.866068363189697,0.0009614704758860171,0.3723919987678528,0.8240401744842529,0.0,0.0,0.0,0.0,5010.53271484375,341.7821044921875,560.8818359375,1725.716796875,624.703125,0.0,370.9400329589844,0.021654631942510605,22.343521118164062,73.42198181152344,0.0,0.0,0.0,319.82659912109375,319.82659912109375,153.95347595214844,170.46969604492188,158.48544311523438,0.0,0.0,0.0,153.95347595214844,170.46969604492188,158.48544311523438,0.0,0.0,0.0,21.779151916503906,26.610143661499023,23.104751586914062,0.0,0.0,0.0
228.0,45.72067642211914,35717.23828125,3852.8701171875,18301.841796875,13562.5283203125,3673.24365234375,21.209575653076172,0.0,13722.8818359375,0.10190616548061371,23.977672576904297,1.6355924606323242,4.361389636993408,4.338995456695557,1.6143959760665894,2.6226799488067627,5.8706488609313965,0.0009614704758860171,0.3723919987678528,0.8240401744842529,0.0,0.0,0.0,0.0,5064.68994140625,345.4784240722656,569.2039184570312,1778.5653076171875,627.9288330078125,0.0,440.58355712890625,0.025712305679917336,22.343521118164062,73.42198181152344,0.0,0.0,0.0,321.2032775878906,321.2032775878906,127.30189514160156,150.48516845703125,131.46347045898438,0.0,0.0,0.0,127.30189514160156,150.48516845703125,131.46347045898438,0.0,0.0,0.0,16.026227951049805,22.807336807250977,17.24349021911621,0.0,0.0,0.0
229.0,45.7977409362793,35903.64453125,3852.8701171875,18443.525390625,13607.248046875,3673.24365234375,20.50189208984375,0.0,14253.73046875,0.10190694779157639,23.977779388427734,1.6356024742126465,4.435807228088379,4.340208530426025,1.6143959760665894,2.6226799488067627,5.8719658851623535,0.0009614704758860171,0.3723919987678528,0.8240401744842529,0.0,0.0,0.0,0.0,5083.7607421875,346.7798767089844,579.951904296875,1801.8004150390625,1027.7835693359375,0.0,389.3975830078125,0.022723089903593063,0.0,48.8936653137207,0.0,0.0,0.0,322.6223449707031,322.6223449707031,73.67737579345703,112.30493927001953,92.87590789794922,0.0,0.0,0.0,73.67737579345703,112.30493927001953,92.87590789794922,0.0,0.0,0.0,1.0487407445907593,12.34730339050293,6.664310455322266,0.0,0.0,0.0
230.0,46.126644134521484,36191.52734375,3852.8701171875,18564.986328125,13773.669921875,3673.24365234375,20.531251907348633,0.0,14346.4453125,0.10190971195697784,23.978153228759766,1.6356383562088013,4.755076885223389,4.3447370529174805,1.6143959760665894,2.6226799488067627,5.876658916473389,0.0009614704758860171,0.3723919987678528,0.8240401744842529,0.0,0.0,0.0,0.0,5089.42822265625,347.168701171875,620.36181640625,1800.395263671875,1028.1878662109375,0.0,404.89874267578125,0.023620184510946274,0.0,48.9479866027832,0.0,0.0,0.0,324.05133056640625,324.05133056640625,115.81169128417969,129.98526000976562,122.8597640991211,0.0,0.0,0.0,115.81169128417969,129.98526000976562,122.8597640991211,0.0,0.0,0.0,13.343667984008789,17.48943519592285,15.405229568481445,0.0,0.0,0.0
231.0,46.35881423950195,36260.01953125,3852.8701171875,18603.41796875,13803.7333984375,3673.24365234375,21.217662811279297,0.0,13925.3583984375,0.10191145539283752,23.9783878326416,1.635661005973816,4.981071949005127,4.347691059112549,1.6143959760665894,2.6226799488067627,5.879621505737305,0.0009614704758860171,0.3723919987678528,0.8240401744842529,0.0,0.0,0.0,0.0,5035.3720703125,343.4826965332031,643.46533203125,1761.9931640625,851.3603515625,0.0,370.91748046875,0.021633535623550415,0.0,47.76431655883789,0.0,0.0,0.0,325.4515075683594,325.4515075683594,123.34162902832031,136.87057495117188,115.70465850830078,0.0,0.0,0.0,123.34162902832031,136.87057495117188,115.70465850830078,0.0,0.0,0.0,14.859764099121094,18.816978454589844,12.62594985961914,0.0,0.0,0.0
232.0,46.472808837890625,36272.1796875,3852.8701171875,18615.578125,13803.7333984375,3673.24365234375,21.22542953491211,0.0,13926.9775390625,0.1019122451543808,23.97849464416504,1.6356712579727173,5.09222412109375,4.349066734313965,1.6143959760665894,2.6226799488067627,5.880969047546387,0.0009614704758860171,0.3723919987678528,0.8240401744842529,0.0,0.0,0.0,0.0,5096.01708984375,347.6202087402344,663.0496215820312,1844.5062255859375,529.5001831054688,0.0,520.9111328125,0.030379069969058037,2.066286325454712,50.39820098876953,0.0,0.0,0.0,326.8194274902344,326.8194274902344,129.66603088378906,141.21884155273438,120.12149810791016,0.0,0.0,0.0,129.66603088378906,141.21884155273438,120.12149810791016,0.0,0.0,0.0,16.70188331604004,20.081083297729492,13.910110473632812,0.0,0.0,0.0
233.0,46.52170181274414,36276.02734375,3852.8701171875,18619.42578125,13803.7333984375,3673.24365234375,22.260021209716797,0.0,13305.5888671875,0.10191255807876587,23.97853660583496,1.6356754302978516,5.139129638671875,4.350471019744873,1.6143959760665894,2.6226799488067627,5.881505012512207,0.0009614704758860171,0.3723919987678528,0.8240401744842529,0.0,0.0,0.0,0.0,5003.4248046875,341.3043518066406,659.8591918945312,1778.578125,373.71734619140625,0.0,428.34539794921875,0.024979818612337112,0.0,48.9479866027832,0.0,0.0,0.0,328.16259765625,328.16259765625,123.1020736694336,136.53561401367188,124.09870147705078,0.0,0.0,0.0,123.1020736694336,136.53561401367188,124.09870147705078,0.0,0.0,0.0,13.747335433959961,17.676647186279297,14.038848876953125,0.0,0.0,0.0
234.0,46.541229248046875,36278.9609375,3852.8701171875,18622.357421875,13803.7333984375,3673.24365234375,22.55527114868164,0.0,13140.7431640625,0.10191264748573303,23.97854995727539,1.635676622390747,5.15333366394043,4.355051517486572,1.6143959760665894,2.6226799488067627,5.882235527038574,0.0009614704758860171,0.3723919987678528,0.8240401744842529,0.0,0.0,0.0,0.0,4974.10791015625,339.30462646484375,658.6994018554688,1755.201416015625,352.83453369140625,0.0,392.74957275390625,0.022902879863977432,0.0,48.9479866027832,0.0,0.0,0.0,329.4593505859375,329.4593505859375,89.47671508789062,126.83873748779297,126.86257934570312,0.0,0.0,0.0,89.47671508789062,126.83873748779297,126.86257934570312,0.0,0.0,0.0,3.616666078567505,14.545058250427246,14.552033424377441,0.0,0.0,0.0
235.0,46.55561828613281,36283.79296875,3852.8701171875,18627.19140625,13803.7333984375,3673.24365234375,22.90592384338379,0.0,12950.611328125,0.10191269963979721,23.97855567932129,1.6356772184371948,5.161498546600342,4.359907627105713,1.6143959760665894,2.6226799488067627,5.8835954666137695,0.0009614704758860171,0.3723919987678528,0.8240401744842529,0.0,0.0,0.0,0.0,4937.43603515625,336.8030700683594,656.0759887695312,1724.112548828125,344.6981506347656,0.0,348.93017578125,0.020345699042081833,0.0,44.4546012878418,0.0,0.0,0.0,330.7284851074219,330.7284851074219,112.34422302246094,128.8735809326172,117.32130432128906,0.0,0.0,0.0,112.34422302246094,128.8735809326172,117.32130432128906,0.0,0.0,0.0,9.954760551452637,14.78959846496582,11.410555839538574,0.0,0.0,0.0
236.0,46.56569290161133,36285.49609375,3852.8701171875,18628.890625,13803.7333984375,3863.09228515625,22.267589569091797,0.0,13310.2529296875,0.1019127145409584,23.978559494018555,1.635677456855774,5.164793491363525,4.362279415130615,1.6143959760665894,2.6226799488067627,5.888002872467041,0.0009614704758860171,0.3723919987678528,0.8240401744842529,0.0,0.0,0.0,0.0,5021.76123046875,342.5552978515625,664.681396484375,1807.893798828125,276.2942199707031,0.0,471.3587951660156,0.027475977316498756,0.0,48.9479866027832,0.0,0.0,0.0,331.9859924316406,331.9859924316406,117.63739013671875,144.220947265625,97.53228759765625,0.0,0.0,0.0,117.63739013671875,144.220947265625,97.53228759765625,0.0,0.0,0.0,12.14134693145752,19.917036056518555,6.2606048583984375,0.0,0.0,0.0
237.0,46.57712936401367,36295.5859375,3852.8701171875,18638.984375,13803.7333984375,3863.09228515625,22.29119873046875,0.0,13302.1318359375,0.1019127294421196,23.978559494018555,1.6356775760650635,5.1663312911987305,4.363741874694824,1.6143959760665894,2.6226799488067627,5.896438121795654,0.0009614704758860171,0.3723919987678528,0.8240401744842529,0.0,0.0,0.0,0.0,5018.216796875,342.3135070800781,664.4815063476562,1678.0126953125,283.2461853027344,0.0,544.7068481445312,0.031733132898807526,22.343521118164062,73.42198181152344,0.0,0.0,0.0,333.26129150390625,333.26129150390625,99.75875091552734,169.95298767089844,131.96180725097656,0.0,0.0,0.0,99.75875091552734,169.95298767089844,131.96180725097656,0.0,0.0,0.0,6.888236999511719,27.42005157470703,16.30763053894043,0.0,0.0,0.0
238.0,46.59575271606445,36301.234375,3852.8701171875,18644.62890625,13803.7333984375,3863.09228515625,22.010936737060547,0.7131497859954834,13469.158203125,0.1019127368927002,23.978561401367188,1.635677695274353,5.171970367431641,4.3665242195129395,1.6143959760665894,2.6226799488067627,5.906635761260986,0.0009614704758860171,0.3723919987678528,0.8240401744842529,0.0,0.0,0.0,0.0,5035.29052734375,343.4781799316406,666.7997436523438,1713.0093994140625,358.4807434082031,0.0,525.1226196289062,0.03057089075446129,22.343521118164062,73.42198181152344,0.0,0.0,0.0,334.5643005371094,334.5643005371094,159.25428771972656,171.7832794189453,155.1859893798828,0.0,0.0,0.0,159.25428771972656,171.7832794189453,155.1859893798828,0.0,0.0,0.0,23.8577938079834,27.52252197265625,22.667814254760742,0.0,0.0,0.0
239.0,46.61492919921875,36319.66015625,3852.8701171875,18663.056640625,13803.7333984375,3863.09228515625,21.599925994873047,0.8654878735542297,13724.7216796875,0.1019127368927002,23.978561401367188,1.6356778144836426,5.185307502746582,4.368124961853027,1.6143959760665894,2.6226799488067627,5.9108734130859375,0.0009614704758860171,0.3723919987678528,0.8240401744842529,0.0,0.0,0.0,0.0,5030.5537109375,343.1550598144531,667.9246215820312,1516.6090087890625,625.62890625,0.0,629.0929565429688,0.03661303222179413,22.343521118164062,73.42198181152344,0.0,0.0,0.0,335.91705322265625,335.91705322265625,153.5690460205078,171.65281677246094,156.93336486816406,0.0,0.0,0.0,153.5690460205078,171.65281677246094,156.93336486816406,0.0,0.0,0.0,22.453533172607422,27.74303436279297,23.43759536743164,0.0,0.0,0.0
240.0,46.65810012817383,36334.2578125,3852.8701171875,18677.654296875,13803.7333984375,3863.09228515625,21.160890579223633,0.2324587106704712,14006.63671875,0.10191274434328079,23.97856330871582,1.6356778144836426,5.217380046844482,4.371359348297119,1.6143959760665894,2.6226799488067627,5.918735980987549,0.0009614704758860171,0.3723919987678528,0.8240401744842529,0.0,0.0,0.0,0.0,5083.02197265625,346.7341613769531,676.9996337890625,1782.4017333984375,628.7533569335938,0.0,483.551513671875,0.0281276423484087,22.343521118164062,73.42198181152344,0.0,0.0,0.0,337.3197326660156,337.3197326660156,132.12698364257812,151.53224182128906,133.9302520751953,0.0,0.0,0.0,132.12698364257812,151.53224182128906,133.9302520751953,0.0,0.0,0.0,17.25379180908203,22.929828643798828,17.78125,0.0,0.0,0.0
241.0,46.687156677246094,36379.83984375,3852.8701171875,18682.2734375,13844.6962890625,3863.09228515625,20.37343978881836,0.0,14548.3955078125,0.10191275179386139,23.97856330871582,1.6356779336929321,5.239528179168701,4.373439311981201,1.6143959760665894,2.6226799488067627,5.9235639572143555,0.0009614704758860171,0.3723919987678528,0.8240401744842529,0.0,0.0,0.0,0.0,5105.21044921875,348.2477111816406,681.87548828125,1810.86279296875,1029.4775390625,0.0,436.07940673828125,0.02535800077021122,0.0,48.9479866027832,0.0,0.0,0.0,338.7664489746094,338.7664489746094,106.1463623046875,116.64401245117188,114.91498565673828,0.0,0.0,0.0,106.1463623046875,116.64401245117188,114.91498565673828,0.0,0.0,0.0,10.674370765686035,13.744935035705566,13.239194869995117,0.0,0.0,0.0
242.0,46.70122146606445,36547.01953125,3852.8701171875,18683.736328125,14010.4150390625,3863.09228515625,20.333295822143555,0.0,14642.96484375,0.10191275179386139,23.97856330871582,1.6356779336929321,5.250418663024902,4.374417781829834,1.6143959760665894,2.6226799488067627,5.9257612228393555,0.0009614704758860171,0.3723919987678528,0.8240401744842529,0.0,0.0,0.0,0.0,5121.92529296875,349.3879089355469,684.839599609375,1825.936279296875,1031.0997314453125,0.0,460.0765380859375,0.02674948237836361,0.42659828066825867,49.24739074707031,0.0,0.0,0.0,340.226806640625,340.226806640625,106.4710693359375,130.41407775878906,122.95542907714844,0.0,0.0,0.0,106.4710693359375,130.41407775878906,122.95542907714844,0.0,0.0,0.0,10.809492111206055,17.812822341918945,15.6311674118042,0.0,0.0,0.0
243.0,46.70721435546875,36577.3125,3852.8701171875,18684.197265625,14040.24609375,3863.09228515625,20.991531372070312,0.0,14213.1162109375,0.10191275179386139,23.97856330871582,1.6356779336929321,5.255002498626709,4.3749518394470215,1.6143959760665894,2.6226799488067627,5.926634788513184,0.0009614704758860171,0.3723919987678528,0.8240401744842529,0.0,0.0,0.0,0.0,5074.61572265625,346.1607360839844,680.6824340820312,1798.864990234375,854.4141845703125,0.0,428.2879943847656,0.024899790063500404,0.0,48.9479866027832,0.0,0.0,0.0,341.65667724609375,341.65667724609375,120.56019592285156,137.2737579345703,119.62956237792969,0.0,0.0,0.0,120.56019592285156,137.2737579345703,119.62956237792969,0.0,0.0,0.0,14.27232551574707,19.161043167114258,14.000116348266602,0.0,0.0,0.0
244.0,46.7095947265625,36577.7421875,3852.8701171875,18684.626953125,14040.24609375,3863.09228515625,20.992528915405273,0.0,14214.6953125,0.10191275179386139,23.97856330871582,1.6356779336929321,5.2563395500183105,4.375756740570068,1.6143959760665894,2.6226799488067627,5.926877021789551,0.0009614704758860171,0.3723919987678528,0.8240401744842529,0.0,0.0,0.0,0.0,5139.953125,350.6176452636719,687.294189453125,1879.751708984375,531.6470947265625,0.0,582.0764770507812,0.03384019806981087,6.601711750030518,53.6928596496582,0.0,0.0,0.0,343.0512390136719,343.0512390136719,113.13811492919922,141.4487762451172,125.39056396484375,0.0,0.0,0.0,113.13811492919922,141.4487762451172,125.39056396484375,0.0,0.0,0.0,12.100369453430176,20.381237030029297,15.684209823608398,0.0,0.0,0.0
245.0,46.711544036865234,36578.37109375,3852.8701171875,18685.255859375,14040.24609375,3863.09228515625,22.01500701904297,0.0,13580.4111328125,0.10191275179386139,23.97856330871582,1.6356779336929321,5.257076263427734,4.376836776733398,1.6143959760665894,2.6226799488067627,5.927008628845215,0.0009614704758860171,0.3723919987678528,0.8240401744842529,0.0,0.0,0.0,0.0,5047.19189453125,344.2900390625,678.13671875,1821.95654296875,375.2484436035156,0.0,487.25909423828125,0.028327545151114464,0.0,48.9479866027832,0.0,0.0,0.0,344.4200134277344,344.4200134277344,123.89643096923828,135.79164123535156,116.6453628540039,0.0,0.0,0.0,123.89643096923828,135.79164123535156,116.6453628540039,0.0,0.0,0.0,14.224699974060059,17.704050064086914,12.103763580322266,0.0,0.0,0.0
246.0,46.712825775146484,36581.38671875,3852.8701171875,18688.26953125,14040.24609375,3863.09228515625,22.307458877563477,0.0,13412.099609375,0.10191275179386139,23.97856330871582,1.6356779336929321,5.25714635848999,4.377960681915283,1.6143959760665894,2.6226799488067627,5.927093982696533,0.0009614704758860171,0.3723919987678528,0.8240401744842529,0.0,0.0,0.0,0.0,5017.796875,342.2848815917969,675.181884765625,1797.741943359375,354.2838439941406,0.0,452.102294921875,0.0262835044413805,0.0,48.9479866027832,0.0,0.0,0.0,345.7422180175781,345.7422180175781,108.09944915771484,125.21990203857422,120.13027954101562,0.0,0.0,0.0,108.09944915771484,125.21990203857422,120.13027954101562,0.0,0.0,0.0,9.311628341674805,14.319360733032227,12.830646514892578,0.0,0.0,0.0
247.0,46.72451400756836,36588.30859375,3852.8701171875,18695.193359375,14040.24609375,3863.09228515625,22.656007766723633,0.0,13217.986328125,0.10191275179386139,23.97856330871582,1.6356779336929321,5.257529258728027,4.38774299621582,1.6143959760665894,2.6226799488067627,5.928616523742676,0.0009614704758860171,0.3723919987678528,0.8240401744842529,0.0,0.0,0.0,0.0,4980.67919921875,339.7529296875,671.4988403320312,1767.8714599609375,346.10565185546875,0.0,401.4402770996094,0.023335779085755348,0.0,48.9479866027832,0.0,0.0,0.0,347.0374755859375,347.0374755859375,117.43964385986328,132.62149047851562,102.81761932373047,0.0,0.0,0.0,117.43964385986328,132.62149047851562,102.81761932373047,0.0,0.0,0.0,11.695086479187012,16.135778427124023,7.418144702911377,0.0,0.0,0.0
248.0,46.73600769042969,36590.69921875,3852.8701171875,18697.58203125,14040.24609375,3863.09228515625,22.024465560913086,0.0,13584.994140625,0.10191275179386139,23.97856330871582,1.6356779336929321,5.257750511169434,4.394052982330322,1.6143959760665894,2.6226799488067627,5.933579444885254,0.0009614704758860171,0.3723919987678528,0.8240401744842529,0.0,0.0,0.0,0.0,5066.68408203125,345.6196594238281,680.02587890625,1807.4862060546875,277.4576110839844,0.0,529.1740112304688,0.030750328674912453,22.343521118164062,73.42198181152344,0.0,0.0,0.0,348.3223876953125,348.3223876953125,130.25637817382812,156.31027221679688,130.18614196777344,0.0,0.0,0.0,130.25637817382812,156.31027221679688,130.18614196777344,0.0,0.0,0.0,16.075525283813477,23.6962890625,16.054983139038086,0.0,0.0,0.0
249.0,46.748451232910156,36600.76171875,3852.8701171875,18707.64453125,14040.24609375,3863.09228515625,22.047880172729492,0.0,13576.64453125,0.10191275179386139,23.97856330871582,1.6356779336929321,5.25786018371582,4.397434711456299,1.6143959760665894,2.6226799488067627,5.942533016204834,0.0009614704758860171,0.3723919987678528,0.8240401744842529,0.0,0.0,0.0,0.0,5063.11376953125,345.3761291503906,679.6403198242188,705.8928833007812,284.4387512207031,0.0,1620.9920654296875,0.09413810074329376,22.343521118164062,73.42198181152344,0.0,0.0,0.0,349.628173828125,349.628173828125,157.8428192138672,182.866455078125,137.57115173339844,0.0,0.0,0.0,157.8428192138672,182.866455078125,137.57115173339844,0.0,0.0,0.0,24.121145248413086,31.4405574798584,18.191682815551758,0.0,0.0,0.0
250.0,46.76724624633789,36605.64453125,3852.8701171875,18712.52734375,14040.24609375,3863.09228515625,21.770023345947266,0.08988260477781296,13747.056640625,0.10191275179386139,23.97856330871582,1.6356779336929321,5.258002281188965,4.401910305023193,1.6143959760665894,2.6226799488067627,5.956711769104004,0.0009614704758860171,0.3723919987678528,0.8240401744842529,0.0,0.0,0.0,0.0,5080.7431640625,346.5787048339844,681.3627319335938,320.58953857421875,360.0074157714844,0.0,2023.480712890625,0.23077785968780518,22.343521118164062,73.42198181152344,0.0,0.0,0.0,350.9691467285156,350.9691467285156,172.0042724609375,186.48963928222656,164.2162322998047,0.0,0.0,0.0,172.0042724609375,186.48963928222656,164.2162322998047,0.0,0.0,0.0,28.45134162902832,32.68831253051758,26.173341751098633,0.0,0.0,0.0
251.0,46.778343200683594,36607.1875,3852.8701171875,18714.072265625,14040.24609375,3863.09228515625,21.353267669677734,1.1482166051864624,14007.826171875,0.10191275179386139,23.97856330871582,1.6356779336929321,5.258078098297119,4.4043402671813965,1.6143959760665894,2.6226799488067627,5.965301990509033,0.0009614704758860171,0.3723919987678528,0.8240401744842529,0.0,0.0,0.0,0.0,5076.5146484375,346.2902526855469,680.9043579101562,1784.42138671875,628.328369140625,0.0,470.764404296875,0.02729739621281624,22.343521118164062,73.42198181152344,0.0,0.0,0.0,352.3603820800781,352.3603820800781,155.42059326171875,165.96884155273438,151.7587127685547,0.0,0.0,0.0,155.42059326171875,165.96884155273438,151.7587127685547,0.0,0.0,0.0,22.95903968811035,26.044403076171875,21.887941360473633,0.0,0.0,0.0
252.0,46.783485412597656,36607.67578125,3852.8701171875,18714.560546875,14040.24609375,3863.09228515625,20.927085876464844,0.0,14284.767578125,0.10191275179386139,23.97856330871582,1.6356779336929321,5.258110523223877,4.405402183532715,1.6143959760665894,2.6226799488067627,5.969347953796387,0.0009614704758860171,0.3723919987678528,0.8240401744842529,0.0,0.0,0.0,0.0,5129.09765625,349.87713623046875,686.0792236328125,1833.0771484375,631.4675903320312,0.0,542.7208862304688,0.031461238861083984,22.343521118164062,73.42198181152344,0.0,0.0,0.0,353.80218505859375,353.80218505859375,131.3326873779297,150.54696655273438,129.6172332763672,0.0,0.0,0.0,131.3326873779297,150.54696655273438,129.6172332763672,0.0,0.0,0.0,17.48772430419922,23.10790252685547,16.98595428466797,0.0,0.0,0.0
253.0,46.78562545776367,36645.07421875,3852.8701171875,18714.71484375,14077.4873046875,3863.09228515625,20.14293098449707,0.0,14837.2236328125,0.10191275179386139,23.97856330871582,1.6356779336929321,5.258123874664307,4.405825138092041,1.6143959760665894,2.6226799488067627,5.971053600311279,0.0009614704758860171,0.3723919987678528,0.8240401744842529,0.0,0.0,0.0,0.0,5152.6435546875,351.48333740234375,688.3656005859375,1858.589599609375,1034.0528564453125,0.0,499.0324401855469,0.028925320133566856,3.2973196506500244,51.2621955871582,0.0,0.0,0.0,355.285400390625,355.285400390625,69.06571197509766,116.80013275146484,107.532958984375,0.0,0.0,0.0,69.06571197509766,116.80013275146484,107.532958984375,0.0,0.0,0.0,0.058789558708667755,14.02110767364502,11.31045913696289,0.0,0.0,0.0
254.0,46.786468505859375,36810.1171875,3852.8701171875,18714.763671875,14242.4814453125,3863.09228515625,20.101390838623047,0.0,14933.59765625,0.10191275179386139,23.97856330871582,1.6356779336929321,5.2581257820129395,4.405887603759766,1.6143959760665894,2.6226799488067627,5.971830368041992,0.0009614704758860171,0.3723919987678528,0.8240401744842529,0.0,0.0,0.0,0.0,5170.0576171875,352.6712341308594,690.0443115234375,1872.16259765625,1035.74755859375,0.0,524.0131225585938,0.03037167154252529,4.972658634185791,52.4762077331543,0.0,0.0,0.0,356.78106689453125,356.78106689453125,98.43109893798828,132.518798828125,119.1547622680664,0.0,0.0,0.0,98.43109893798828,132.518798828125,119.1547622680664,0.0,0.0,0.0,8.689705848693848,18.660358428955078,14.75137710571289,0.0,0.0,0.0
255.0,46.79343032836914,36849.55859375,3852.8701171875,18724.615234375,14272.07421875,3863.09228515625,20.757925033569336,0.0,14495.1474609375,0.10191275179386139,23.97856330871582,1.6356779336929321,5.258126735687256,4.405998229980469,1.6143959760665894,2.6226799488067627,5.978681564331055,0.0009614704758860171,0.3723919987678528,0.8240401744842529,0.0,0.0,0.0,0.0,5121.908203125,349.38671875,685.2227783203125,1848.0079345703125,858.216796875,0.0,490.196533203125,0.028398610651493073,2.0366530418395996,50.377403259277344,0.0,0.0,0.0,358.2448425292969,358.2448425292969,109.28831481933594,137.75238037109375,129.41062927246094,0.0,0.0,0.0,109.28831481933594,137.75238037109375,129.41062927246094,0.0,0.0,0.0,11.208906173706055,19.534643173217773,17.094684600830078,0.0,0.0,0.0
256.0,46.810508728027344,36854.73046875,3852.8701171875,18729.787109375,14272.07421875,3863.09228515625,20.761688232421875,0.0,14496.69921875,0.10191275179386139,23.97856330871582,1.6356779336929321,5.258128643035889,4.406848430633545,1.6143959760665894,2.6226799488067627,5.994908332824707,0.0009614704758860171,0.3723919987678528,0.8240401744842529,0.0,0.0,0.0,0.0,5188.47314453125,353.92742919921875,691.7815551757812,1924.9058837890625,534.0613403320312,0.0,643.98828125,0.0372677780687809,10.910835266113281,56.91111373901367,0.0,0.0,0.0,359.6747131347656,359.6747131347656,119.91946411132812,141.76124572753906,129.4493408203125,0.0,0.0,0.0,119.91946411132812,141.76124572753906,129.4493408203125,0.0,0.0,0.0,14.3147554397583,20.703475952148438,17.102245330810547,0.0,0.0,0.0
257.0,46.82218933105469,36857.0234375,3852.8701171875,18732.080078125,14272.07421875,3863.09228515625,21.7751407623291,0.0,13849.7626953125,0.10191275179386139,23.97856330871582,1.6356779336929321,5.258130073547363,4.4082536697387695,1.6143959760665894,2.6226799488067627,6.005180358886719,0.0009614704758860171,0.3723919987678528,0.8240401744842529,0.0,0.0,0.0,0.0,5093.8359375,347.4718322753906,682.3377075195312,1865.93017578125,376.9007568359375,0.0,545.7721557617188,0.03156229853630066,3.8789024353027344,51.67037582397461,0.0,0.0,0.0,361.0793762207031,361.0793762207031,123.31149291992188,135.4892578125,119.85935974121094,0.0,0.0,0.0,123.31149291992188,135.4892578125,119.85935974121094,0.0,0.0,0.0,14.29347038269043,17.855466842651367,13.283721923828125,0.0,0.0,0.0
258.0,46.82950973510742,36862.1484375,3852.8701171875,18737.205078125,14272.07421875,3863.09228515625,22.066089630126953,0.0,13678.0595703125,0.10191275179386139,23.97856330871582,1.6356779336929321,5.258130073547363,4.4113593101501465,1.6143959760665894,2.6226799488067627,6.009397506713867,0.0009614704758860171,0.3723919987678528,0.8240401744842529,0.0,0.0,0.0,0.0,5063.8408203125,345.42572021484375,679.312255859375,1846.001708984375,355.8279113769531,0.0,509.12908935546875,0.029435090720653534,1.3523319959640503,49.89711380004883,0.0,0.0,0.0,362.4366455078125,362.4366455078125,112.97310638427734,124.3171615600586,119.23440551757812,0.0,0.0,0.0,112.97310638427734,124.3171615600586,119.23440551757812,0.0,0.0,0.0,10.978545188903809,14.296679496765137,12.809972763061523,0.0,0.0,0.0
259.0,46.8488883972168,36874.41015625,3852.8701171875,18749.466796875,14272.07421875,3863.09228515625,22.414600372314453,0.0,13480.0302734375,0.10191275179386139,23.97856330871582,1.6356779336929321,5.2581305503845215,4.419070720672607,1.6143959760665894,2.6226799488067627,6.021064281463623,0.0009614704758860171,0.3723919987678528,0.8240401744842529,0.0,0.0,0.0,0.0,5025.9833984375,342.8432922363281,675.5068359375,1817.1297607421875,347.5948791503906,0.0,458.0666198730469,0.026461873203516006,0.0,48.9479866027832,0.0,0.0,0.0,363.7655944824219,363.7655944824219,100.9300537109375,135.27828979492188,122.50837707519531,0.0,0.0,0.0,100.9300537109375,135.27828979492188,122.50837707519531,0.0,0.0,0.0,7.107439994812012,17.154300689697266,13.419100761413574,0.0,0.0,0.0
260.0,46.87052536010742,36879.3203125,3852.8701171875,18754.375,14272.07421875,4306.46875,21.790693283081055,0.0,13854.2529296875,0.10191275179386139,23.97856330871582,1.6356779336929321,5.25813102722168,4.4250359535217285,1.6143959760665894,2.6226799488067627,6.036734580993652,0.0009614704758860171,0.3723919987678528,0.8240401744842529,0.0,0.0,0.0,0.0,5113.66259765625,348.82427978515625,684.1701049804688,1857.9151611328125,278.68603515625,0.0,587.7926025390625,0.03391963243484497,22.343521118164062,73.42198181152344,0.0,0.0,0.0,365.08282470703125,365.08282470703125,98.06021881103516,159.98574829101562,130.3036346435547,0.0,0.0,0.0,98.06021881103516,159.98574829101562,130.3036346435547,0.0,0.0,0.0,6.8919219970703125,25.00514030456543,16.323122024536133,0.0,0.0,0.0
261.0,46.8919563293457,36894.796875,3852.8701171875,18769.8515625,14272.07421875,4306.46875,21.81715965270996,0.10637328773736954,13845.6748046875,0.10191275179386139,23.97856330871582,1.6356779336929321,5.25813102722168,4.428273677825928,1.6143959760665894,2.6226799488067627,6.054926872253418,0.0009614704758860171,0.3723919987678528,0.8240401744842529,0.0,0.0,0.0,0.0,5110.01220703125,348.5752868652344,683.761962890625,568.527587890625,285.6962890625,0.0,1867.20068359375,0.19068604707717896,22.343521118164062,73.42198181152344,0.0,0.0,0.0,366.4243469238281,366.4243469238281,168.37606811523438,185.56556701660156,161.33795166015625,0.0,0.0,0.0,168.37606811523438,185.56556701660156,161.33795166015625,0.0,0.0,0.0,27.32646369934082,32.35439682006836,25.267818450927734,0.0,0.0,0.0
262.0,46.921409606933594,36902.234375,3852.8701171875,18777.2890625,14272.07421875,4306.46875,21.54351806640625,0.0,14019.392578125,0.10191275179386139,23.97856330871582,1.6356779336929321,5.25813102722168,4.4321818351745605,1.6143959760665894,2.6226799488067627,6.080472469329834,0.0009614704758860171,0.3723919987678528,0.8240401744842529,0.0,0.0,0.0,0.0,5128.0029296875,349.802490234375,685.5040283203125,1561.4874267578125,361.608642578125,0.0,893.1422119140625,0.051388680934906006,22.343521118164062,73.42198181152344,0.0,0.0,0.0,367.8031311035156,367.8031311035156,94.48582458496094,171.68304443359375,130.26519775390625,0.0,0.0,0.0,94.48582458496094,171.68304443359375,130.26519775390625,0.0,0.0,0.0,6.093586444854736,28.67377281188965,16.559053421020508,0.0,0.0,0.0
263.0,46.93857192993164,36904.5859375,3852.8701171875,18779.640625,14272.07421875,4306.46875,21.131235122680664,0.5440039038658142,14285.2666015625,0.10191275179386139,23.97856330871582,1.6356779336929321,5.25813102722168,4.4342827796936035,1.6143959760665894,2.6226799488067627,6.095533847808838,0.0009614704758860171,0.3723919987678528,0.8240401744842529,0.0,0.0,0.0,0.0,5123.76123046875,349.5131530761719,685.0429077148438,1835.958251953125,631.12255859375,0.0,531.8265380859375,0.030568845570087433,22.343521118164062,73.42198181152344,0.0,0.0,0.0,369.2344055175781,369.2344055175781,147.10313415527344,169.54464721679688,145.7503204345703,0.0,0.0,0.0,147.10313415527344,169.54464721679688,145.7503204345703,0.0,0.0,0.0,21.35243034362793,27.91657066345215,20.95673179626465,0.0,0.0,0.0
264.0,46.94648361206055,36905.33203125,3852.8701171875,18780.38671875,14272.07421875,4306.46875,20.724620819091797,0.0,14557.2646484375,0.10191275179386139,23.97856330871582,1.6356779336929321,5.25813102722168,4.434860706329346,1.6143959760665894,2.6226799488067627,6.099908828735352,0.0009614704758860171,0.3723919987678528,0.8269993662834167,0.0,0.0,0.0,0.0,5175.38427734375,353.0345764160156,690.1172485351562,1883.4957275390625,634.2044067382812,0.0,602.4530029296875,0.034618254750967026,22.343521118164062,73.6856460571289,0.0,0.0,0.0,370.7139892578125,370.7139892578125,131.81129455566406,154.55751037597656,132.9104461669922,0.0,0.0,0.0,131.81129455566406,154.55751037597656,132.9104461669922,0.0,0.0,0.0,17.830183029174805,24.483449935913086,18.151683807373047,0.0,0.0,0.0
265.0,46.97744369506836,37016.58984375,3852.8701171875,18858.099609375,14305.619140625,4306.46875,19.987083435058594,0.0,15120.1806640625,0.10191275179386139,23.97856330871582,1.6356779336929321,5.25813102722168,4.434939384460449,1.6143959760665894,2.6226799488067627,6.100532531738281,0.0009614704758860171,0.3723919987678528,0.857256293296814,0.0,0.0,0.0,0.0,5199.4814453125,354.6783447265625,692.4683837890625,1903.2081298828125,1038.5765380859375,0.0,559.8023681640625,0.03216611221432686,7.55421781539917,56.59361267089844,0.0,0.0,0.0,372.2400207519531,372.2400207519531,103.20915222167969,120.66630554199219,110.19770812988281,0.0,0.0,0.0,103.20915222167969,120.66630554199219,110.19770812988281,0.0,0.0,0.0,10.201594352722168,15.307811737060547,12.245746612548828,0.0,0.0,0.0
266.0,47.15740203857422,37248.9921875,3852.8701171875,18926.26953125,14469.853515625,4306.46875,19.981096267700195,0.0,15218.3251953125,0.10191275179386139,23.97856330871582,1.6356779336929321,5.25813102722168,4.435336112976074,1.6143959760665894,2.6226799488067627,6.1037092208862305,0.0009614704758860171,0.3723919987678528,1.0336427688598633,0.0,0.0,0.0,0.0,5217.208984375,355.8876037597656,694.1763305664062,1917.1328125,1040.3016357421875,0.0,574.6622924804688,0.03301294520497322,8.472223281860352,69.0854263305664,0.0,0.0,0.0,373.7834777832031,373.7834777832031,116.2183837890625,132.436279296875,110.77980041503906,0.0,0.0,0.0,116.2183837890625,132.436279296875,110.77980041503906,0.0,0.0,0.0,14.012781143188477,18.756515502929688,12.421996116638184,0.0,0.0,0.0
267.0,47.2862434387207,37300.109375,3852.8701171875,18947.83984375,14499.3994140625,4306.46875,20.640716552734375,0.0,14771.4443359375,0.10191275179386139,23.97856330871582,1.6356779336929321,5.25813102722168,4.435737133026123,1.6143959760665894,2.6226799488067627,6.105747222900391,0.0009614704758860171,0.3723919987678528,1.160042405128479,0.0,0.0,0.0,0.0,5168.06982421875,352.53564453125,689.24951171875,1891.821044921875,861.9276123046875,0.0,531.0364990234375,0.030502596870064735,5.451007843017578,74.31832122802734,0.0,0.0,0.0,375.29351806640625,375.29351806640625,112.384033203125,138.5025177001953,125.48326873779297,0.0,0.0,0.0,112.384033203125,138.5025177001953,125.48326873779297,0.0,0.0,0.0,12.231612205505371,19.87127113342285,16.063138961791992,0.0,0.0,0.0
268.0,47.34975814819336,37307.234375,3852.8701171875,18954.962890625,14499.3994140625,4306.46875,20.645641326904297,0.0,14772.9560546875,0.10191275179386139,23.97856330871582,1.6356779336929321,5.25813102722168,4.4368062019348145,1.6143959760665894,2.6226799488067627,6.111328601837158,0.0009614704758860171,0.3723919987678528,1.2169069051742554,0.0,0.0,0.0,0.0,5235.783203125,357.1546325683594,695.9093627929688,1968.7684326171875,536.4144897460938,0.0,684.411376953125,0.03929769620299339,11.171760559082031,84.3316421508789,0.0,0.0,0.0,376.7680969238281,376.7680969238281,119.17191314697266,142.3513946533203,127.48422241210938,0.0,0.0,0.0,119.17191314697266,142.3513946533203,127.48422241210938,0.0,0.0,0.0,14.212143898010254,20.99213981628418,16.64349365234375,0.0,0.0,0.0
269.0,47.38201904296875,37315.73046875,3852.8701171875,18963.4609375,14499.3994140625,4306.46875,21.65828514099121,0.0,14113.6279296875,0.10191275179386139,23.97856330871582,1.6356779336929321,5.25813102722168,4.43821907043457,1.6143959760665894,2.6226799488067627,6.121592044830322,0.0009614704758860171,0.3723919987678528,1.2374918460845947,0.0,0.0,0.0,0.0,5139.275390625,350.5714111328125,686.2726440429688,1907.962890625,378.50958251953125,0.0,578.6761474609375,0.033203717321157455,6.577401161193848,80.54788970947266,0.0,0.0,0.0,378.2162780761719,378.2162780761719,113.0495834350586,137.00852966308594,126.76349639892578,0.0,0.0,0.0,113.0495834350586,137.00852966308594,126.76349639892578,0.0,0.0,0.0,11.408717155456543,18.41670799255371,15.420035362243652,0.0,0.0,0.0
270.0,47.40800857543945,37328.296875,3852.8701171875,18976.025390625,14499.3994140625,4306.46875,21.952482223510742,0.0,13938.58984375,0.10191275179386139,23.97856330871582,1.6356779336929321,5.25813102722168,4.443093299865723,1.6143959760665894,2.6226799488067627,6.134171009063721,0.0009614704758860171,0.3723919987678528,1.2460277080535889,0.0,0.0,0.0,0.0,5108.68359375,348.4846496582031,683.185791015625,1888.11328125,357.3309020996094,0.0,540.1157836914062,0.030965367332100868,4.476409435272217,78.70295715332031,0.0,0.0,0.0,379.6159973144531,379.6159973144531,120.94989013671875,123.31477355957031,129.8707733154297,0.0,0.0,0.0,120.94989013671875,123.31477355957031,129.8707733154297,0.0,0.0,0.0,13.425360679626465,14.117090225219727,16.03472137451172,0.0,0.0,0.0
271.0,47.445343017578125,37347.109375,3852.8701171875,18994.83984375,14499.3994140625,4306.46875,22.303556442260742,0.0,13736.7275390625,0.10191275179386139,23.97856330871582,1.6356779336929321,5.25813102722168,4.450564861297607,1.6143959760665894,2.6226799488067627,6.155858516693115,0.0009614704758860171,0.3723919987678528,1.2542051076889038,0.0,0.0,0.0,0.0,5070.0849609375,345.8516845703125,679.3050537109375,1862.1259765625,349.0437927246094,0.0,487.62994384765625,0.027915505692362785,1.5712069272994995,76.14324188232422,0.0,0.0,0.0,380.9869384765625,380.9869384765625,89.55632781982422,137.5614776611328,125.70545959472656,0.0,0.0,0.0,89.55632781982422,137.5614776611328,125.70545959472656,0.0,0.0,0.0,3.8916714191436768,17.933176040649414,14.465290069580078,0.0,0.0,0.0
272.0,47.4811897277832,37587.0390625,4085.169921875,19002.46875,14499.3994140625,4306.46875,21.818586349487305,0.0,14118.0048828125,0.10216134041547775,23.998842239379883,1.6374380588531494,5.25813102722168,4.453153610229492,1.6143959760665894,2.6226799488067627,6.164312839508057,0.0009614704758860171,0.3723919987678528,1.2567195892333984,0.0,0.0,0.0,0.0,5161.67333984375,352.1802978515625,687.9456787109375,1892.33740234375,279.8269348144531,0.0,618.9258422851562,0.035411447286605835,22.343521118164062,111.97371673583984,0.0,0.0,0.0,382.3492431640625,382.3492431640625,130.02294921875,165.2169189453125,124.02186584472656,0.0,0.0,0.0,130.02294921875,165.2169189453125,124.02186584472656,0.0,0.0,0.0,16.213125228881836,26.50736427307129,14.457810401916504,0.0,0.0,0.0
273.0,47.734561920166016,37935.75,4085.169921875,19351.1796875,14499.3994140625,4306.46875,22.038684844970703,0.0,14109.1982421875,0.10474984347820282,24.20956039428711,1.6584019660949707,5.25813102722168,4.455386161804199,1.6143959760665894,2.6226799488067627,6.179218769073486,0.0009614704758860171,0.3723919987678528,1.2586822509765625,0.0,0.0,0.0,0.0,5181.41015625,354.9366455078125,685.6571655273438,1788.40625,286.2872314453125,0.0,688.6912231445312,0.039363641291856766,22.343521118164062,112.14859008789062,0.0,0.0,0.0,383.7388000488281,383.7388000488281,98.59510040283203,173.91104125976562,148.47390747070312,0.0,0.0,0.0,98.59510040283203,173.91104125976562,148.47390747070312,0.0,0.0,0.0,6.800381660461426,28.830291748046875,21.389930725097656,0.0,0.0,0.0
274.0,48.340450286865234,38109.2578125,4085.169921875,19524.689453125,14499.3994140625,4306.46875,21.857221603393555,0.0,14286.166015625,0.11096586287021637,24.715511322021484,1.7091608047485352,5.25813102722168,4.460159778594971,1.6143959760665894,2.6226799488067627,6.213274002075195,0.0009614704758860171,0.3723919987678528,1.2628191709518433,0.0,0.0,0.0,0.0,5256.45947265625,363.5018615722656,683.0442504882812,265.9246520996094,360.6611633300781,0.0,2172.99462890625,0.24764810502529144,22.343521118164062,112.5171890258789,0.0,0.0,0.0,385.1659240722656,385.1659240722656,141.553955078125,187.1653594970703,170.60594177246094,0.0,0.0,0.0,141.553955078125,187.1653594970703,170.60594177246094,0.0,0.0,0.0,19.54730987548828,32.88864517211914,28.04501724243164,0.0,0.0,0.0
275.0,48.71515655517578,38164.16015625,4085.169921875,19579.58984375,14499.3994140625,4306.46875,21.468154907226562,0.0,14557.0283203125,0.1148097887635231,25.02838134765625,1.7405705451965332,5.25813102722168,4.464171886444092,1.6143959760665894,2.6226799488067627,6.233546257019043,0.0009614704758860171,0.3723919987678528,1.265116810798645,0.0,0.0,0.0,0.0,5289.2548828125,367.8352966308594,680.1495361328125,1812.7493896484375,627.8189697265625,0.0,505.75537109375,0.028803037479519844,22.343521118164062,112.72190856933594,0.0,0.0,0.0,386.64959716796875,386.64959716796875,119.52442169189453,163.35421752929688,149.408203125,0.0,0.0,0.0,119.52442169189453,163.35421752929688,149.408203125,0.0,0.0,0.0,13.492737770080566,26.31295394897461,22.233745574951172,0.0,0.0,0.0
276.0,48.89161682128906,38184.18359375,4085.169921875,19599.615234375,14499.3994140625,4306.46875,21.08019256591797,0.07537157833576202,14824.12109375,0.1165359616279602,25.168867111206055,1.7547639608383179,5.25813102722168,4.474390029907227,1.6143959760665894,2.6226799488067627,6.24242639541626,0.0009614704758860171,0.3723919987678528,1.266074538230896,0.0,0.0,0.0,0.0,5356.07373046875,373.4234313964844,683.7896118164062,1854.2579345703125,629.9432373046875,0.0,564.3622436523438,0.03212178871035576,22.343521118164062,112.80723571777344,0.0,0.0,0.0,388.1831970214844,388.1831970214844,131.9437713623047,152.1043701171875,132.94412231445312,0.0,0.0,0.0,131.9437713623047,152.1043701171875,132.94412231445312,0.0,0.0,0.0,17.437986373901367,23.334962844848633,17.730592727661133,0.0,0.0,0.0
277.0,48.975521087646484,38224.921875,4085.169921875,19610.5546875,14529.1953125,4306.46875,20.289794921875,0.0,15397.2822265625,0.11732222884893417,25.232868194580078,1.7611628770828247,5.25813102722168,4.482717514038086,1.6143959760665894,2.6226799488067627,6.246401786804199,0.0009614704758860171,0.3723919987678528,1.266487717628479,0.0,0.0,0.0,0.0,5391.828125,376.3301086425781,685.892822265625,1894.6585693359375,1031.3348388671875,0.0,520.0637817382812,0.029592620208859444,2.9963650703430176,78.3931655883789,0.0,0.0,0.0,389.758056640625,389.758056640625,72.7223129272461,118.0577163696289,109.27359008789062,0.0,0.0,0.0,72.7223129272461,118.0577163696289,109.27359008789062,0.0,0.0,0.0,0.9814812541007996,14.242087364196777,11.672730445861816,0.0,0.0,0.0
278.0,49.013607025146484,38391.81640625,4085.169921875,19614.072265625,14692.5732421875,4306.46875,20.24515151977539,0.0,15497.1572265625,0.11766549944877625,25.260814666748047,1.7639250755310059,5.25813102722168,4.487863540649414,1.6143959760665894,2.6226799488067627,6.248116493225098,0.0009614704758860171,0.3723919987678528,1.2666611671447754,0.0,0.0,0.0,0.0,5413.232421875,377.9979553222656,687.334228515625,1909.0909423828125,1032.7646484375,0.0,542.832275390625,0.03088465705513954,4.222381591796875,79.70894622802734,0.0,0.0,0.0,391.34423828125,391.34423828125,106.80368041992188,131.57334899902344,126.41712951660156,0.0,0.0,0.0,106.80368041992188,131.57334899902344,126.41712951660156,0.0,0.0,0.0,10.994926452636719,18.240053176879883,16.73185920715332,0.0,0.0,0.0
279.0,49.02950668334961,38423.1015625,4085.169921875,19615.7265625,14722.205078125,4306.46875,20.902685165405273,0.0,15042.0224609375,0.11778884381055832,25.27085304260254,1.7649226188659668,5.25813102722168,4.491933822631836,1.6143959760665894,2.6226799488067627,6.248726844787598,0.0009614704758860171,0.3723919987678528,1.2667217254638672,0.0,0.0,0.0,0.0,5362.36279296875,374.5086975097656,682.2947387695312,1883.2978515625,855.5543212890625,0.0,502.8750915527344,0.028610117733478546,1.4230759143829346,76.74613189697266,0.0,0.0,0.0,392.8983459472656,392.8983459472656,122.28313446044922,138.2885284423828,119.9130859375,0.0,0.0,0.0,122.28313446044922,138.2885284423828,119.9130859375,0.0,0.0,0.0,14.865131378173828,19.546709060668945,14.171893119812012,0.0,0.0,0.0
280.0,49.03746032714844,38425.94140625,4085.169921875,19618.56640625,14722.205078125,4306.46875,20.90536117553711,0.0,15043.4912109375,0.11783063411712646,25.274946212768555,1.7653253078460693,5.25813102722168,4.495156764984131,1.6143959760665894,2.6226799488067627,6.248906135559082,0.0009614704758860171,0.3723919987678528,1.2667347192764282,0.0,0.0,0.0,0.0,5428.8017578125,379.1739807128906,688.4652709960938,1960.7437744140625,532.1943969726562,0.0,655.6879272460938,0.03730366379022598,8.628188133239746,84.83055877685547,0.0,0.0,0.0,394.4153747558594,394.4153747558594,126.3123779296875,142.3765869140625,123.97473907470703,0.0,0.0,0.0,126.3123779296875,142.3765869140625,123.97473907470703,0.0,0.0,0.0,16.0410099029541,20.739788055419922,15.35724925994873,0.0,0.0,0.0
281.0,49.05247497558594,38437.62109375,4085.169921875,19630.24609375,14722.205078125,4306.46875,21.933734893798828,0.0,14372.0234375,0.11792609095573425,25.286773681640625,1.7664251327514648,5.25813102722168,4.496831893920898,1.6143959760665894,2.6226799488067627,6.249221324920654,0.0009614704758860171,0.3723919987678528,1.2667386531829834,0.0,0.0,0.0,0.0,5329.806640625,372.3173522949219,678.8353881835938,1897.6844482421875,375.5096130371094,0.0,550.2913208007812,0.03130671754479408,2.4645771980285645,77.8470687866211,0.0,0.0,0.0,395.90496826171875,395.90496826171875,102.09453582763672,136.55511474609375,120.45364379882812,0.0,0.0,0.0,102.09453582763672,136.55511474609375,120.45364379882812,0.0,0.0,0.0,7.928915977478027,18.008634567260742,13.298955917358398,0.0,0.0,0.0
282.0,49.13939666748047,38544.54296875,4085.169921875,19737.16796875,14722.205078125,4306.46875,22.2865047454834,0.0,14193.7060546875,0.11849898099899292,25.35938835144043,1.7736623287200928,5.25813102722168,4.501503944396973,1.6143959760665894,2.6226799488067627,6.251038551330566,0.0009614704758860171,0.3723919987678528,1.266742467880249,0.0,0.0,0.0,0.0,5306.3779296875,371.1336364746094,675.220703125,1873.61669921875,354.2885437011719,0.0,507.3275146484375,0.028858955949544907,0.0,75.24449920654297,0.0,0.0,0.0,397.3431091308594,397.3431091308594,85.21192932128906,126.08126831054688,124.2132797241211,0.0,0.0,0.0,85.21192932128906,126.08126831054688,124.2132797241211,0.0,0.0,0.0,2.6379847526550293,14.592266082763672,14.045878410339355,0.0,0.0,0.0
283.0,49.4586181640625,38786.7734375,4085.169921875,19979.3984375,14722.205078125,4306.46875,22.77428436279297,0.0,13988.0869140625,0.12062416225671768,25.629104614257812,1.8005740642547607,5.25813102722168,4.515242099761963,1.6143959760665894,2.6226799488067627,6.257761001586914,0.0009614704758860171,0.3723919987678528,1.2667515277862549,0.0,0.0,0.0,0.0,5296.75732421875,372.12396240234375,669.3161010742188,1827.360595703125,345.3006896972656,0.0,437.2038879394531,0.024858877062797546,0.0,75.24504089355469,0.0,0.0,0.0,398.7481994628906,398.7481994628906,115.72661590576172,134.30487060546875,119.3955078125,0.0,0.0,0.0,115.72661590576172,134.30487060546875,119.3955078125,0.0,0.0,0.0,11.075750350952148,16.5098876953125,12.148900985717773,0.0,0.0,0.0
284.0,49.89896011352539,38896.9609375,4085.169921875,20089.583984375,14722.205078125,4306.46875,22.19913101196289,0.0,14376.275390625,0.12360098212957382,26.007287979125977,1.8383699655532837,5.25813102722168,4.527223110198975,1.6143959760665894,2.6226799488067627,6.267157554626465,0.0009614704758860171,0.3723919987678528,1.266758918762207,0.0,0.0,0.0,0.0,5429.00146484375,383.75830078125,674.6875610351562,1837.470703125,275.8763732910156,0.0,547.377197265625,0.031103722751140594,22.343521118164062,112.86821746826172,0.0,0.0,0.0,400.1422119140625,400.1422119140625,139.88217163085938,159.0164794921875,119.71925354003906,0.0,0.0,0.0,139.88217163085938,159.0164794921875,119.71925354003906,0.0,0.0,0.0,18.71640396118164,24.313190460205078,12.818750381469727,0.0,0.0,0.0
285.0,50.38356399536133,39270.83984375,4085.169921875,20463.462890625,14722.205078125,4306.46875,22.430648803710938,0.0,14367.2392578125,0.1269194632768631,26.429183959960938,1.8805766105651855,5.25813102722168,4.533942222595215,1.6143959760665894,2.6226799488067627,6.277616500854492,0.0009614704758860171,0.3723919987678528,1.2667627334594727,0.0,0.0,0.0,0.0,5471.86279296875,389.35205078125,671.0040283203125,553.334716796875,281.81622314453125,0.0,1773.1485595703125,0.1764906793832779,22.343521118164062,112.86856079101562,0.0,0.0,0.0,401.5630187988281,401.5630187988281,165.13204956054688,185.3399658203125,157.54649353027344,0.0,0.0,0.0,165.13204956054688,185.3399658203125,157.54649353027344,0.0,0.0,0.0,25.87047576904297,31.781291961669922,23.651700973510742,0.0,0.0,0.0
286.0,51.08583450317383,39450.984375,4085.169921875,20643.607421875,14722.205078125,4306.46875,22.24604606628418,0.0,14547.3681640625,0.13173626363277435,27.04160499572754,1.941947340965271,5.25813102722168,4.542424201965332,1.6143959760665894,2.6226799488067627,6.292794704437256,0.0009614704758860171,0.3723919987678528,1.2667676210403442,0.0,0.0,0.0,0.0,5559.91943359375,399.2762451171875,668.15478515625,546.4228515625,354.94024658203125,0.0,1731.68701171875,0.17135478556156158,22.343521118164062,112.8689956665039,0.0,0.0,0.0,403.0165100097656,403.0165100097656,169.01536560058594,178.07908630371094,160.98046875,0.0,0.0,0.0,169.01536560058594,178.07908630371094,160.98046875,0.0,0.0,0.0,27.190950393676758,29.842084884643555,24.840740203857422,0.0,0.0,0.0
287.0,51.4980354309082,39507.98046875,4085.169921875,20700.60546875,14722.205078125,4306.46875,21.849769592285156,0.0,14823.109375,0.13456621766090393,27.401432037353516,1.9780089855194092,5.25813102722168,4.546987056732178,1.6143959760665894,2.6226799488067627,6.301711082458496,0.0009614704758860171,0.3723919987678528,1.2667701244354248,0.0,0.0,0.0,0.0,5602.044921875,404.39111328125,665.6367797851562,1734.791748046875,618.1016235351562,0.0,419.80914306640625,0.023800261318683624,22.343521118164062,112.86922454833984,0.0,0.0,0.0,404.5223693847656,404.5223693847656,140.08705139160156,154.84580993652344,138.83924865722656,0.0,0.0,0.0,140.08705139160156,154.84580993652344,138.83924865722656,0.0,0.0,0.0,19.12569236755371,23.442628860473633,18.760711669921875,0.0,0.0,0.0
288.0,51.688575744628906,39526.015625,4085.169921875,20718.640625,14722.205078125,4306.46875,21.467378616333008,0.0,15085.3525390625,0.1358751803636551,27.567873001098633,1.9946893453598022,5.25813102722168,4.548970699310303,1.6143959760665894,2.6226799488067627,6.305834770202637,0.0009614704758860171,0.3723919987678528,1.2667713165283203,0.0,0.0,0.0,0.0,5671.07421875,410.3338623046875,668.8085327148438,1837.7989501953125,619.9330444335938,0.0,472.5286865234375,0.026781776919960976,0.0,74.60385131835938,0.0,0.0,0.0,406.068115234375,406.068115234375,107.93008422851562,138.51016235351562,118.77802276611328,0.0,0.0,0.0,107.93008422851562,138.51016235351562,118.77802276611328,0.0,0.0,0.0,10.102171897888184,19.046842575073242,13.275192260742188,0.0,0.0,0.0
289.0,51.76788330078125,39559.078125,4085.169921875,20724.34765625,14749.5615234375,4306.46875,20.656845092773438,0.0,15668.546875,0.1364167332649231,27.63669204711914,2.0015931129455566,5.25813102722168,4.550308704376221,1.6143959760665894,2.6226799488067627,6.307540416717529,0.0009614704758860171,0.3723919987678528,1.266771674156189,0.0,0.0,0.0,0.0,5714.58544921875,413.8800048828125,671.3211669921875,1823.8092041015625,1015.4314575195312,0.0,436.1234130859375,0.024715624749660492,0.0,71.18416595458984,0.0,0.0,0.0,407.6440734863281,407.6440734863281,76.25471496582031,114.99616241455078,106.83224487304688,0.0,0.0,0.0,76.25471496582031,114.99616241455078,106.83224487304688,0.0,0.0,0.0,1.6476601362228394,12.979532241821289,10.591586112976074,0.0,0.0,0.0
290.0,51.80392837524414,39731.20703125,4085.169921875,20734.96484375,14911.0712890625,4306.46875,20.610984802246094,0.0,15770.1015625,0.13665515184402466,27.66691780090332,2.0046420097351074,5.25813102722168,4.552095413208008,1.6143959760665894,2.6226799488067627,6.308286666870117,0.0009614704758860171,0.3723919987678528,1.2667717933654785,0.0,0.0,0.0,0.0,5736.705078125,415.6603088378906,672.6837768554688,1839.92919921875,1016.7752075195312,0.0,457.7483825683594,0.02593987248837948,0.0,73.6545181274414,0.0,0.0,0.0,409.22589111328125,409.22589111328125,119.84015655517578,132.45176696777344,114.50935363769531,0.0,0.0,0.0,119.84015655517578,132.45176696777344,114.50935363769531,0.0,0.0,0.0,14.4422607421875,18.13115692138672,12.883001327514648,0.0,0.0,0.0
291.0,51.92042541503906,39897.9609375,4085.169921875,20872.123046875,14940.66796875,4306.46875,21.353086471557617,0.0,15306.8740234375,0.13742610812187195,27.764585494995117,2.0144433975219727,5.25813102722168,4.5579447746276855,1.6143959760665894,2.6226799488067627,6.310691833496094,0.0009614704758860171,0.3723919987678528,1.2667717933654785,0.0,0.0,0.0,0.0,5691.53857421875,412.9463195800781,667.0931396484375,1802.4302978515625,841.739990234375,0.0,415.8232421875,0.023560352623462677,0.0,68.01493072509766,0.0,0.0,0.0,410.7774963378906,410.7774963378906,130.0232696533203,137.98995971679688,117.07755279541016,0.0,0.0,0.0,130.0232696533203,137.98995971679688,117.07755279541016,0.0,0.0,0.0,16.678720474243164,19.00897789001465,12.892097473144531,0.0,0.0,0.0
292.0,52.164772033691406,39970.0546875,4085.169921875,20944.216796875,14940.66796875,4306.46875,21.392881393432617,0.0,15308.294921875,0.13899916410446167,27.96385383605957,2.0345211029052734,5.25813102722168,4.576464653015137,1.6143959760665894,2.6226799488067627,6.315598964691162,0.0009614704758860171,0.3723919987678528,1.266771912574768,0.0,0.0,0.0,0.0,5775.8486328125,420.2240905761719,671.038330078125,1888.5030517578125,522.4033813476562,0.0,545.7559814453125,0.030912430956959724,0.0,75.24624633789062,0.0,0.0,0.0,412.294677734375,412.294677734375,125.82138061523438,142.44635009765625,131.86659240722656,0.0,0.0,0.0,125.82138061523438,142.44635009765625,131.86659240722656,0.0,0.0,0.0,15.409873962402344,20.272674560546875,17.178098678588867,0.0,0.0,0.0
293.0,52.32444381713867,39997.05859375,4085.169921875,20971.21875,14940.66796875,4306.46875,22.45484161376953,0.0,14624.9404296875,0.13999798893928528,28.09038734436035,2.0472028255462646,5.25813102722168,4.592808723449707,1.6143959760665894,2.6226799488067627,6.318714618682861,0.0009614704758860171,0.3723919987678528,1.266771912574768,0.0,0.0,0.0,0.0,5684.01123046875,414.2457275390625,661.0181884765625,1807.9888916015625,368.3769226074219,0.0,433.6679382324219,0.024558618664741516,0.0,67.93036651611328,0.0,0.0,0.0,413.78839111328125,413.78839111328125,117.09190368652344,140.4859619140625,124.69827270507812,0.0,0.0,0.0,117.09190368652344,140.4859619140625,124.69827270507812,0.0,0.0,0.0,11.794538497924805,18.637300491333008,14.019403457641602,0.0,0.0,0.0
294.0,52.4034423828125,40008.76953125,4085.169921875,20982.93359375,14940.66796875,4306.46875,22.7597713470459,0.0,14443.423828125,0.14047671854496002,28.150728225708008,2.053243398666382,5.25813102722168,4.603452682495117,1.6143959760665894,2.6226799488067627,6.3202104568481445,0.0009614704758860171,0.3723919987678528,1.266771912574768,0.0,0.0,0.0,0.0,5657.9482421875,412.676513671875,657.7562866210938,1780.7828369140625,347.6692199707031,0.0,393.6598815917969,0.022290783002972603,0.0,63.037620544433594,0.0,0.0,0.0,415.23345947265625,415.23345947265625,105.88961791992188,132.24888610839844,102.16718292236328,0.0,0.0,0.0,105.88961791992188,132.24888610839844,102.16718292236328,0.0,0.0,0.0,8.212943077087402,15.923029899597168,7.124129772186279,0.0,0.0,0.0
295.0,52.500457763671875,40093.9921875,4085.169921875,21068.154296875,14940.66796875,4306.46875,23.16239356994629,0.0,14234.115234375,0.14109984040260315,28.228931427001953,2.0609562397003174,5.25813102722168,4.611974716186523,1.6143959760665894,2.6226799488067627,6.3221611976623535,0.0009614704758860171,0.3723919987678528,1.266771912574768,0.0,0.0,0.0,0.0,5625.8505859375,410.73577880859375,653.7015991210938,1737.3017578125,339.50482177734375,0.0,345.0325012207031,0.019534746184945107,0.0,59.006248474121094,0.0,0.0,0.0,416.6474304199219,416.6474304199219,111.98279571533203,119.61810302734375,119.0877914428711,0.0,0.0,0.0,111.98279571533203,119.61810302734375,119.0877914428711,0.0,0.0,0.0,9.592573165893555,11.82590103149414,11.670784950256348,0.0,0.0,0.0
296.0,52.655704498291016,40134.82421875,4085.169921875,21108.98828125,14940.66796875,4306.46875,22.535724639892578,0.0,14629.0634765625,0.14214591681957245,28.360015869140625,2.073995590209961,5.25813102722168,4.618774890899658,1.6143959760665894,2.6226799488067627,6.325438499450684,0.0009614704758860171,0.3723919987678528,1.266771912574768,0.0,0.0,0.0,0.0,5731.5556640625,419.15423583984375,660.5689086914062,1810.06396484375,271.72015380859375,0.0,455.94171142578125,0.025808479636907578,5.523961067199707,81.22763061523438,0.0,0.0,0.0,418.0472412109375,418.0472412109375,115.25498962402344,132.8074951171875,122.0861587524414,0.0,0.0,0.0,115.25498962402344,132.8074951171875,122.0861587524414,0.0,0.0,0.0,11.176359176635742,16.310468673706055,13.174476623535156,0.0,0.0,0.0
297.0,52.943870544433594,40437.79296875,4085.169921875,21411.95703125,14940.66796875,4306.46875,22.724271774291992,0.0,14619.798828125,0.1441451609134674,28.610336303710938,2.0990445613861084,5.25813102722168,4.6233062744140625,1.6143959760665894,2.6226799488067627,6.3317036628723145,0.0009614704758860171,0.3723919987678528,1.266771912574768,0.0,0.0,0.0,0.0,5755.291015625,422.2464294433594,658.4930419921875,1741.4481201171875,278.04827880859375,0.0,437.3655700683594,0.02474670670926571,22.343521118164062,112.869384765625,0.0,0.0,0.0,419.458740234375,419.458740234375,126.51520538330078,158.5284423828125,150.0294952392578,0.0,0.0,0.0,126.51520538330078,158.5284423828125,150.0294952392578,0.0,0.0,0.0,14.281425476074219,23.645299911499023,21.159358978271484,0.0,0.0,0.0
298.0,53.48686981201172,40586.5703125,4085.169921875,21560.732421875,14940.66796875,4306.46875,22.516559600830078,0.0,14803.0166015625,0.14791926741600037,29.082834243774414,2.146456003189087,5.25813102722168,4.630796909332275,1.6143959760665894,2.6226799488067627,6.343532085418701,0.0009614704758860171,0.3723919987678528,1.266771912574768,0.0,0.0,0.0,0.0,5829.048828125,430.2124328613281,657.0963745117188,594.8991088867188,350.7469177246094,0.0,1552.766845703125,0.1267467588186264,22.343521118164062,112.869384765625,0.0,0.0,0.0,420.8900451660156,420.8900451660156,165.6921844482422,177.0957489013672,153.50653076171875,0.0,0.0,0.0,165.6921844482422,177.0957489013672,153.50653076171875,0.0,0.0,0.0,25.948402404785156,29.28394889831543,22.38409996032715,0.0,0.0,0.0
299.0,53.815589904785156,40633.64453125,4085.169921875,21607.806640625,14940.66796875,4306.46875,22.108675003051758,0.007352282293140888,15083.53515625,0.15020684897899628,29.369216918945312,2.1751949787139893,5.25813102722168,4.634937763214111,1.6143959760665894,2.6226799488067627,6.350701332092285,0.0009614704758860171,0.3723919987678528,1.266771912574768,0.0,0.0,0.0,0.0,5866.22705078125,434.4748840332031,655.585205078125,1670.47509765625,611.4573974609375,0.0,364.1285095214844,0.020577022805809975,22.343521118164062,112.869384765625,0.0,0.0,0.0,422.37042236328125,422.37042236328125,156.28875732421875,161.38037109375,146.6470947265625,0.0,0.0,0.0,156.28875732421875,161.38037109375,146.6470947265625,0.0,0.0,0.0,23.59843635559082,25.087730407714844,20.778247833251953,0.0,0.0,0.0
300.0,53.9692497253418,40648.5390625,4085.169921875,21622.701171875,14940.66796875,4306.46875,21.73321533203125,0.0,15340.943359375,0.15127702057361603,29.503189086914062,2.1886391639709473,5.25813102722168,4.636754512786865,1.6143959760665894,2.6226799488067627,6.354055404663086,0.0009614704758860171,0.3723919987678528,1.266771912574768,0.0,0.0,0.0,0.0,5930.84912109375,439.9689636230469,658.7609252929688,1790.30712890625,613.306396484375,0.0,413.51690673828125,0.02336280420422554,0.0,62.7052116394043,0.0,0.0,0.0,423.8988037109375,423.8988037109375,110.79150390625,138.96316528320312,125.95247650146484,0.0,0.0,0.0,110.79150390625,138.96316528320312,125.95247650146484,0.0,0.0,0.0,10.673298835754395,18.913511276245117,15.107884407043457,0.0,0.0,0.0
