time,Total Generation Capacity,Total Transmission,Transmission for Interconnection km,Total Transmission for Generation Connection,Total Transmission for Demand Connection,Total Interconnection Capacity,Transmission Tariff[f0],Congestion Tariff[f0],National Peak Demand[f0],Generation Capacity by Tech[TBiomass],Generation Capacity by Tech[TWindOnS],Generation Capacity by Tech[TWindOffS],Generation Capacity by Tech[TPV],Generation Capacity by Tech[THydroDam],Generation Capacity by Tech[THRoR],Generation Capacity by Tech[TThermo1],Generation Capacity by Tech[TThermo2],Generation Capacity by Tech[TGeothermal],Generation Capacity by Tech[TPVBESSOp1],Generation Capacity by Tech[TPVBESSOp2],Generation Capacity by Tech[TOther1],Generation Capacity by Tech[TOther2],Generation Capacity by Tech[TOther3],Generation by Tech per Month[TBiomass],Generation by Tech per Month[TWindOnS],Generation by Tech per Month[TWindOffS],Generation by Tech per Month[TPV],Generation by Tech per Month[THydroDam],Generation by Tech per Month[THRoR],Generation by Tech per Month[TThermo1],Generation by Tech per Month[TThermo2],Generation by Tech per Month[TGeothermal],Generation by Tech per Month[TPVBESSOp1],Generation by Tech per Month[TPVBESSOp2],Generation by Tech per Month[TOther1],Generation by Tech per Month[TOther2],Generation by Tech per Month[TOther3],Generation by Tech per Month[DERBESS],Generation by Tech per Month[DER],"Electricity Tariff[Regulated,Z1]","Electricity Tariff[Regulated,Z2]","Electricity Tariff[Regulated,Z3]","Electricity Tariff[Regulated,Z4]","Electricity Tariff[Regulated,Z5]","Electricity Tariff[Regulated,Z6]","Electricity Tariff[Unregulated,Z1]","Electricity Tariff[Unregulated,Z2]","Electricity Tariff[Unregulated,Z3]","Electricity Tariff[Unregulated,Z4]","Electricity Tariff[Unregulated,Z5]","Electricity Tariff[Unregulated,Z6]","Generation Tariff[f0,Z1]","Generation Tariff[f0,Z2]","Generation Tariff[f0,Z3]","Generation Tariff[f0,Z4]","Generation Tariff[f0,Z5]","Generation Tariff[f0,Z6]"
0.0,14.057049751281738,16177.3701171875,1836.469970703125,5622.81982421875,8718.080078125,1600.0,16.893709182739258,0.9912989735603333,7532.21728515625,0.06656000018119812,1.021299958229065,0.0,0.4778200089931488,3.705590009689331,1.5324699878692627,2.6226699352264404,4.630640029907227,0.0,0.0,0.0,0.0,0.0,0.0,0.0,279.896484375,0.0,79.0820083618164,2668.02490234375,894.5088500976562,0.0,1152.0262451171875,0.0,0.0,0.0,0.0,0.0,0.0,0.0046911598183214664,0.0046911598183214664,181.14532470703125,182.1839599609375,196.01895141601562,0.0,0.0,0.0,181.14532470703125,182.1839599609375,196.01895141601562,0.0,0.0,0.0,35.10000228881836,35.40380096435547,39.45053482055664,0.0,0.0,0.0
1.0,14.069549560546875,16177.3701171875,1836.469970703125,5622.81982421875,8718.080078125,1600.0,16.25971031188965,0.0,7827.689453125,0.06656000018119812,1.021299958229065,0.0,0.4778200089931488,3.705590009689331,1.5449700355529785,2.6226699352264404,4.630640029907227,0.0,0.0,0.0,0.0,0.0,0.0,0.0,279.896484375,0.0,79.0820083618164,2668.02490234375,1112.37841796875,0.0,1131.984375,0.0,0.0,0.0,0.0,0.0,0.0,1.200939416885376,1.200939416885376,149.29002380371094,174.4493865966797,170.1892547607422,0.0,0.0,0.0,149.29002380371094,174.4493865966797,170.1892547607422,0.0,0.0,0.0,27.407621383666992,34.7667350769043,33.52064514160156,0.0,0.0,0.0
2.0,14.069549560546875,16182.3701171875,1836.469970703125,5627.81982421875,8718.080078125,1600.0,16.15483856201172,0.0,7882.73583984375,0.06656000018119812,1.021299958229065,0.0,0.4778200089931488,3.705590009689331,1.5449700355529785,2.6226699352264404,4.630640029907227,0.0,0.0,0.0,0.0,0.0,0.0,0.0,279.896484375,0.0,79.0820083618164,2668.02490234375,1112.37841796875,0.0,1167.8438720703125,0.0,0.0,0.0,0.0,0.0,0.0,2.4194798469543457,2.4194798469543457,92.01747131347656,174.9112548828125,173.03372192382812,0.0,0.0,0.0,92.01747131347656,174.9112548828125,173.03372192382812,0.0,0.0,0.0,10.760271072387695,35.0067024230957,34.457523345947266,0.0,0.0,0.0
3.0,14.069549560546875,16182.3701171875,1836.469970703125,5627.81982421875,8718.080078125,1600.0,16.638694763183594,0.0,7655.38037109375,0.06656000018119812,1.021299958229065,0.0,0.4778200089931488,3.705590009689331,1.5449700355529785,2.6226699352264404,4.630640029907227,0.0,0.0,0.0,0.0,0.0,0.0,0.0,279.896484375,0.0,79.0820083618164,2668.02490234375,925.83251953125,0.0,1200.0546875,0.0,0.0,0.0,0.0,0.0,0.0,3.6124541759490967,3.6124541759490967,56.897212982177734,177.2323760986328,184.0294647216797,0.0,0.0,0.0,56.897212982177734,177.2323760986328,184.0294647216797,0.0,0.0,0.0,0.003739007981494069,35.20177459716797,37.18992233276367,0.0,0.0,0.0
4.0,14.069549560546875,16182.3701171875,1836.469970703125,5627.81982421875,8718.080078125,1600.0,16.631744384765625,0.0,7660.2880859375,0.06656000018119812,1.021299958229065,0.0,0.4778200089931488,3.705590009689331,1.5449700355529785,2.6226699352264404,4.630640029907227,0.0,0.0,0.0,0.0,0.0,0.0,0.0,279.896484375,0.0,79.0820083618164,2668.02490234375,572.429931640625,0.0,1555.6109619140625,0.0,0.0,0.0,0.0,0.0,0.0,4.764680862426758,4.764680862426758,122.945068359375,184.2317352294922,187.77247619628906,0.0,0.0,0.0,122.945068359375,184.2317352294922,187.77247619628906,0.0,0.0,0.0,19.329689025878906,37.256038665771484,38.29170608520508,0.0,0.0,0.0
5.0,14.069549560546875,16182.3701171875,1836.469970703125,5627.81982421875,8718.080078125,1600.0,17.404020309448242,0.0,7322.35986328125,0.06656000018119812,1.021299958229065,0.0,0.4778200089931488,3.705590009689331,1.5449700355529785,2.6226699352264404,4.630640029907227,0.0,0.0,0.0,0.0,0.0,0.0,0.0,279.896484375,0.0,79.0820083618164,1159.0885009765625,407.575439453125,0.0,3000.65478515625,0.0,0.0,0.0,0.0,0.0,0.0,5.890091419219971,5.890091419219971,231.80860900878906,219.50091552734375,232.1504364013672,0.0,0.0,0.0,231.80860900878906,219.50091552734375,232.1504364013672,0.0,0.0,0.0,50.400001525878906,46.79999923706055,50.49998092651367,0.0,0.0,0.0
6.0,14.069549560546875,16182.3701171875,1836.469970703125,5627.81982421875,8718.080078125,1600.0,17.617361068725586,0.0,7235.44677734375,0.06656000018119812,1.021299958229065,0.0,0.4778200089931488,3.705590009689331,1.5449700355529785,2.6226699352264404,4.630640029907227,0.0,0.0,0.0,0.0,0.0,0.0,11.96236801147461,279.896484375,0.0,79.0820083618164,1109.161376953125,385.8840637207031,0.0,3000.65478515625,0.0,0.0,0.0,0.0,0.0,0.0,7.00359582901001,7.00359582901001,232.53799438476562,231.9925994873047,232.87979125976562,0.0,0.0,0.0,232.53799438476562,231.9925994873047,232.87979125976562,0.0,0.0,0.0,50.400001525878906,50.240474700927734,50.499977111816406,0.0,0.0,0.0
7.0,14.069549560546875,16182.3701171875,1836.469970703125,5627.81982421875,8718.080078125,1600.0,17.871225357055664,0.0,7134.50634765625,0.06656000018119812,1.021299958229065,0.0,0.4778200089931488,3.705590009689331,1.5449700355529785,2.6226699352264404,4.630640029907227,0.0,0.0,0.0,0.0,0.0,0.0,30.670848846435547,279.896484375,0.0,79.0820083618164,294.9912109375,378.31988525390625,733.894287109375,3000.65478515625,0.0,0.0,0.0,0.0,0.0,0.0,8.143733978271484,8.143733978271484,273.54266357421875,238.09071350097656,233.77850341796875,0.0,0.0,0.0,273.54266357421875,238.09071350097656,233.77850341796875,0.0,0.0,0.0,62.13999938964844,51.77030944824219,50.50898742675781,0.0,0.0,0.0
8.0,14.278849601745605,16182.3701171875,1836.469970703125,5627.81982421875,8718.080078125,1600.0,17.382549285888672,0.0,7336.49658203125,0.06656000018119812,1.021299958229065,0.0,0.4778200089931488,3.9148900508880615,1.5449700355529785,2.6226699352264404,4.630640029907227,0.0,0.0,0.0,0.0,0.0,0.0,30.670848846435547,279.896484375,0.0,79.0820083618164,0.0,300.787109375,1241.2908935546875,3000.65478515625,0.0,0.0,0.0,0.0,0.0,0.0,9.32765007019043,9.32765007019043,271.8719787597656,236.73338317871094,251.97921752929688,0.0,0.0,0.0,271.8719787597656,236.73338317871094,251.97921752929688,0.0,0.0,0.0,62.13999938964844,51.86196517944336,56.321372985839844,0.0,0.0,0.0
9.0,14.278849601745605,16266.08984375,1836.469970703125,5711.5400390625,8718.080078125,1600.0,17.47835922241211,0.0,7335.884765625,0.06656000018119812,1.021299958229065,0.0,0.4778200089931488,3.9148900508880615,1.5449700355529785,2.6226699352264404,4.630640029907227,0.0,0.0,0.0,0.0,0.0,0.0,30.670848846435547,279.896484375,0.0,79.0820083618164,857.1643676757812,308.4625244140625,374.79168701171875,3000.65478515625,0.0,0.0,0.0,0.0,0.0,0.0,10.574993133544922,10.574993133544922,272.19952392578125,239.70602416992188,232.40444946289062,0.0,0.0,0.0,272.19952392578125,239.70602416992188,232.40444946289062,0.0,0.0,0.0,62.13999938964844,52.635650634765625,50.499942779541016,0.0,0.0,0.0
10.0,14.278849601745605,16266.08984375,1836.469970703125,5711.5400390625,8718.080078125,1600.0,17.256515502929688,0.0,7431.912109375,0.06656000018119812,1.021299958229065,0.0,0.4778200089931488,3.9148900508880615,1.5449700355529785,2.6226699352264404,4.630640029907227,0.0,0.0,0.0,0.0,0.0,0.0,30.670848846435547,279.896484375,0.0,79.0820083618164,420.2856140136719,389.77740478515625,793.7432861328125,3000.65478515625,0.0,0.0,0.0,0.0,0.0,0.0,11.869158744812012,11.869158744812012,271.4410705566406,236.72972106933594,235.95457458496094,0.0,0.0,0.0,271.4410705566406,236.72972106933594,235.95457458496094,0.0,0.0,0.0,62.13999938964844,51.9869270324707,51.760196685791016,0.0,0.0,0.0
11.0,14.278849601745605,16266.08984375,1836.469970703125,5711.5400390625,8718.080078125,1600.0,16.929969787597656,0.0,7576.9267578125,0.06656000018119812,1.021299958229065,0.0,0.4778200089931488,3.9148900508880615,1.5449700355529785,2.6226699352264404,4.630640029907227,0.0,0.0,0.0,0.0,0.0,0.0,0.0,279.896484375,0.0,79.0820083618164,1050.139404296875,680.6643676757812,0.0,3000.65478515625,0.0,0.0,0.0,0.0,0.0,0.0,13.221299171447754,13.221299171447754,230.18792724609375,217.88023376464844,230.5296173095703,0.0,0.0,0.0,230.18792724609375,217.88023376464844,230.5296173095703,0.0,0.0,0.0,50.400001525878906,46.79999923706055,50.49994659423828,0.0,0.0,0.0
12.0,14.278849601745605,16266.08984375,1836.469970703125,5711.5400390625,8718.080078125,1600.0,16.14349937438965,0.0,7947.2021484375,0.06656000018119812,1.021299958229065,0.0,0.4778200089931488,3.9148900508880615,1.5449700355529785,2.6226699352264404,4.630640029907227,0.0,0.0,0.0,0.0,0.0,0.0,0.0,279.896484375,0.0,79.0820083618164,2398.435302734375,901.80517578125,0.0,1679.2110595703125,0.0,0.0,0.0,0.0,0.0,0.0,14.638236999511719,14.638236999511719,160.7967987060547,184.628173828125,190.3610382080078,0.0,0.0,0.0,160.7967987060547,184.628173828125,190.3610382080078,0.0,0.0,0.0,30.889562606811523,37.8602409362793,39.537105560302734,0.0,0.0,0.0
13.0,14.755249977111816,16337.6943359375,1836.469970703125,5711.5400390625,8789.6845703125,1600.0,15.605057716369629,0.0,8258.9501953125,0.06656000018119812,1.021299958229065,0.0,0.934220016002655,3.9148900508880615,1.5649700164794922,2.6226699352264404,4.630640029907227,0.0,0.0,0.0,0.0,0.0,0.0,0.0,279.896484375,0.0,154.6413116455078,2818.720703125,1126.7784423828125,0.0,1166.902587890625,0.0,0.0,0.0,0.0,0.0,0.0,16.11530113220215,16.11530113220215,170.5019989013672,173.0136260986328,167.65188598632812,0.0,0.0,0.0,170.5019989013672,173.0136260986328,167.65188598632812,0.0,0.0,0.0,34.26677703857422,35.00143051147461,33.43312072753906,0.0,0.0,0.0
14.0,14.755249977111816,16737.513671875,1836.469970703125,5902.10009765625,8998.943359375,1600.0,15.879199028015137,0.0,8317.03515625,0.06656000018119812,1.021299958229065,0.0,0.934220016002655,3.9148900508880615,1.5649700164794922,2.6226699352264404,4.630640029907227,0.0,0.0,0.0,0.0,0.0,0.0,0.0,279.896484375,0.0,154.6413116455078,2818.720703125,1126.7784423828125,0.0,1204.5413818359375,0.0,0.0,0.0,0.0,0.0,0.0,17.60163116455078,17.60163116455078,114.52522277832031,174.85739135742188,165.56793212890625,0.0,0.0,0.0,114.52522277832031,174.85739135742188,165.56793212890625,0.0,0.0,0.0,17.619428634643555,35.2665901184082,32.54942321777344,0.0,0.0,0.0
15.0,14.755249977111816,16778.173828125,1836.469970703125,5902.10009765625,9039.6025390625,1600.0,16.39638900756836,0.0,8077.1552734375,0.06656000018119812,1.021299958229065,0.0,0.934220016002655,3.9148900508880615,1.5649700164794922,2.6226699352264404,4.630640029907227,0.0,0.0,0.0,0.0,0.0,0.0,0.0,279.896484375,0.0,154.6413116455078,2818.720703125,937.8176879882812,0.0,1230.4866943359375,0.0,0.0,0.0,0.0,0.0,0.0,19.03889274597168,19.03889274597168,79.5189208984375,177.21783447265625,166.775390625,0.0,0.0,0.0,79.5189208984375,177.21783447265625,166.775390625,0.0,0.0,0.0,6.862895488739014,35.4398307800293,32.385414123535156,0.0,0.0,0.0
16.0,14.755249977111816,16778.173828125,1836.469970703125,5902.10009765625,9039.6025390625,1600.0,16.38998794555664,0.0,8082.3349609375,0.06656000018119812,1.021299958229065,0.0,0.934220016002655,3.9148900508880615,1.5649700164794922,2.6226699352264404,4.630640029907227,0.0,0.0,0.0,0.0,0.0,0.0,0.0,279.896484375,0.0,154.6413116455078,2818.720703125,579.8401489257812,0.0,1590.581787109375,0.0,0.0,0.0,0.0,0.0,0.0,20.410228729248047,20.410228729248047,141.78456115722656,185.0462188720703,173.505859375,0.0,0.0,0.0,141.78456115722656,185.0462188720703,173.505859375,0.0,0.0,0.0,25.08199691772461,37.73603057861328,34.3604736328125,0.0,0.0,0.0
17.0,14.755249977111816,16778.173828125,1836.469970703125,5902.10009765625,9039.6025390625,1600.0,17.153762817382812,0.0,7725.78271484375,0.06656000018119812,1.021299958229065,0.0,0.934220016002655,3.9148900508880615,1.5649700164794922,2.6226699352264404,4.630640029907227,0.0,0.0,0.0,0.0,0.0,0.0,0.0,279.896484375,0.0,154.6413116455078,1334.145751953125,412.8515930175781,0.0,3000.65478515625,0.0,0.0,0.0,0.0,0.0,0.0,21.734586715698242,21.734586715698242,230.95303344726562,218.6453399658203,231.294921875,0.0,0.0,0.0,230.95303344726562,218.6453399658203,231.294921875,0.0,0.0,0.0,50.400001525878906,46.79999923706055,50.5,0.0,0.0,0.0
18.0,14.755249977111816,16778.173828125,1836.469970703125,5902.10009765625,9039.6025390625,1600.0,17.36509895324707,0.0,7634.07470703125,0.06656000018119812,1.021299958229065,0.0,0.934220016002655,3.9148900508880615,1.5649700164794922,2.6226699352264404,4.630640029907227,0.0,0.0,0.0,0.0,0.0,0.0,11.96236801147461,279.896484375,0.0,154.6413116455078,1281.08740234375,390.8794250488281,0.0,3000.65478515625,0.0,0.0,0.0,0.0,0.0,0.0,23.030187606811523,23.030187606811523,231.67555236816406,228.7572021484375,232.01722717285156,0.0,0.0,0.0,231.67555236816406,228.7572021484375,232.01722717285156,0.0,0.0,0.0,50.400001525878906,49.546382904052734,50.49993896484375,0.0,0.0,0.0
19.0,14.755249977111816,16778.173828125,1836.469970703125,5902.10009765625,9039.6025390625,1600.0,17.616455078125,0.0,7527.58544921875,0.06656000018119812,1.021299958229065,0.0,0.934220016002655,3.9148900508880615,1.5649700164794922,2.6226699352264404,4.630640029907227,0.0,0.0,0.0,0.0,0.0,0.0,11.96236801147461,279.896484375,0.0,154.6413116455078,1215.7086181640625,383.21734619140625,0.0,3000.65478515625,0.0,0.0,0.0,0.0,0.0,0.0,24.342086791992188,24.342086791992188,232.53488159179688,231.6526336669922,232.8765106201172,0.0,0.0,0.0,232.53488159179688,231.6526336669922,232.8765106201172,0.0,0.0,0.0,50.400001525878906,50.141937255859375,50.49992370605469,0.0,0.0,0.0
20.0,14.755249977111816,16778.173828125,1836.469970703125,5902.10009765625,9039.6025390625,1600.0,17.133625030517578,0.0,7740.70166015625,0.06656000018119812,1.021299958229065,0.0,0.934220016002655,3.9148900508880615,1.5649700164794922,2.6226699352264404,4.630640029907227,0.0,0.0,0.0,0.0,0.0,0.0,30.670848846435547,279.896484375,0.0,154.6413116455078,44.76858139038086,304.6808776855469,1372.9676513671875,3000.65478515625,0.0,0.0,0.0,0.0,0.0,0.0,25.69318389892578,25.69318389892578,271.02093505859375,237.09861755371094,261.2403869628906,0.0,0.0,0.0,271.02093505859375,237.09861755371094,261.2403869628906,0.0,0.0,0.0,62.13999938964844,52.21772003173828,59.27919006347656,0.0,0.0,0.0
21.0,14.755249977111816,16778.173828125,1836.469970703125,5902.10009765625,9039.6025390625,1600.0,17.139732360839844,0.0,7740.0556640625,0.06656000018119812,1.021299958229065,0.0,0.934220016002655,3.9148900508880615,1.5649700164794922,2.6226699352264404,4.630640029907227,0.0,0.0,0.0,0.0,0.0,0.0,30.670848846435547,279.896484375,0.0,154.6413116455078,42.37342071533203,312.4556579589844,1365.73974609375,3000.65478515625,0.0,0.0,0.0,0.0,0.0,0.0,27.10633659362793,27.10633659362793,271.04180908203125,239.01222229003906,260.6969299316406,0.0,0.0,0.0,271.04180908203125,239.01222229003906,260.6969299316406,0.0,0.0,0.0,62.13999938964844,52.77134323120117,59.11411666870117,0.0,0.0,0.0
22.0,14.755249977111816,16778.173828125,1836.469970703125,5902.10009765625,9039.6025390625,1600.0,16.921815872192383,0.0,7841.3759765625,0.06656000018119812,1.021299958229065,0.0,0.934220016002655,3.9148900508880615,1.5649700164794922,2.6226699352264404,4.630640029907227,0.0,0.0,0.0,0.0,0.0,0.0,30.670848846435547,279.896484375,0.0,154.6413116455078,38.67568588256836,394.8231506347656,1353.8599853515625,3000.65478515625,0.0,0.0,0.0,0.0,0.0,0.0,28.56338882446289,28.56338882446289,270.29681396484375,238.12852478027344,259.0365905761719,0.0,0.0,0.0,270.29681396484375,238.12852478027344,259.0365905761719,0.0,0.0,0.0,62.13999938964844,52.73078155517578,58.84638595581055,0.0,0.0,0.0
23.0,14.755249977111816,16778.173828125,1836.469970703125,5902.10009765625,9039.6025390625,1600.0,16.600950241088867,0.0,7994.3642578125,0.06656000018119812,1.021299958229065,0.0,0.934220016002655,3.9148900508880615,1.5649700164794922,2.6226699352264404,4.630640029907227,0.0,0.0,0.0,0.0,0.0,0.0,11.96236801147461,279.896484375,0.0,154.6413116455078,1218.126220703125,689.4757080078125,0.0,3000.65478515625,0.0,0.0,0.0,0.0,0.0,0.0,30.078510284423828,30.078510284423828,229.06307983398438,227.1608123779297,229.40496826171875,0.0,0.0,0.0,229.06307983398438,227.1608123779297,229.40496826171875,0.0,0.0,0.0,50.400001525878906,49.84358596801758,50.5,0.0,0.0,0.0
24.0,14.755249977111816,16779.4296875,1836.469970703125,5902.10009765625,9040.859375,1600.0,15.875822067260742,0.0,8360.4404296875,0.06656000018119812,1.021299958229065,0.0,0.934220016002655,3.9148900508880615,1.5649700164794922,2.6226699352264404,4.630640029907227,0.0,0.0,0.0,0.0,0.0,0.0,0.0,279.896484375,0.0,154.6413116455078,1266.0260009765625,913.479248046875,0.0,2985.7119140625,0.0,0.0,0.0,0.0,0.0,0.0,31.661848068237305,31.661848068237305,226.583984375,214.2763214111328,154.64041137695312,0.0,0.0,0.0,226.583984375,214.2763214111328,154.64041137695312,0.0,0.0,0.0,50.399993896484375,46.79999923706055,29.356496810913086,0.0,0.0,0.0
25.0,14.755249977111816,16908.703125,1836.469970703125,5902.10009765625,9170.1328125,1600.0,15.395297050476074,0.0,8688.40234375,0.06656000018119812,1.021299958229065,0.0,0.934220016002655,3.9148900508880615,1.5649700164794922,2.6226699352264404,4.630640029907227,0.0,0.0,0.0,0.0,0.0,0.0,0.0,279.896484375,0.0,154.6413116455078,2818.720703125,1126.7784423828125,0.0,1438.9886474609375,0.0,0.0,0.0,0.0,0.0,0.0,33.29936599731445,33.29936599731445,167.86453247070312,178.696044921875,171.84164428710938,0.0,0.0,0.0,167.86453247070312,178.696044921875,171.84164428710938,0.0,0.0,0.0,33.705078125,36.873294830322266,34.868385314941406,0.0,0.0,0.0
26.0,14.755249977111816,17057.4296875,1836.469970703125,5902.10009765625,9318.8603515625,1600.0,15.425963401794434,0.0,8749.501953125,0.06656000018119812,1.021299958229065,0.0,0.934220016002655,3.9148900508880615,1.5649700164794922,2.6226699352264404,4.630640029907227,0.0,0.0,0.0,0.0,0.0,0.0,0.0,279.896484375,0.0,154.6413116455078,2818.720703125,1126.7784423828125,0.0,1478.50244140625,0.0,0.0,0.0,0.0,0.0,0.0,34.94065475463867,34.94065475463867,111.05535888671875,179.514404296875,170.86859130859375,0.0,0.0,0.0,111.05535888671875,179.514404296875,170.86859130859375,0.0,0.0,0.0,17.057729721069336,37.08199691772461,34.5531005859375,0.0,0.0,0.0
27.0,14.755249977111816,17085.123046875,1836.469970703125,5902.10009765625,9346.552734375,1600.0,15.917128562927246,0.0,8497.1513671875,0.06656000018119812,1.021299958229065,0.0,0.934220016002655,3.9148900508880615,1.5649700164794922,2.6226699352264404,4.630640029907227,0.0,0.0,0.0,0.0,0.0,0.0,0.0,279.896484375,0.0,154.6413116455078,2818.720703125,937.8176879882812,0.0,1495.900390625,0.0,0.0,0.0,0.0,0.0,0.0,36.525611877441406,36.525611877441406,75.9600830078125,181.51174926757812,165.58648681640625,0.0,0.0,0.0,75.9600830078125,181.51174926757812,165.58648681640625,0.0,0.0,0.0,6.301196575164795,37.17505645751953,32.51691818237305,0.0,0.0,0.0
28.0,14.755249977111816,17085.123046875,1836.469970703125,5902.10009765625,9346.552734375,1600.0,15.911094665527344,0.0,8502.5927734375,0.06656000018119812,1.021299958229065,0.0,0.934220016002655,3.9148900508880615,1.5649700164794922,2.6226699352264404,4.630640029907227,0.0,0.0,0.0,0.0,0.0,0.0,0.0,279.896484375,0.0,154.6413116455078,2818.720703125,579.8401489257812,0.0,1856.0345458984375,0.0,0.0,0.0,0.0,0.0,0.0,38.03412628173828,38.03412628173828,127.50113677978516,189.61337280273438,179.93760681152344,0.0,0.0,0.0,127.50113677978516,189.61337280273438,179.93760681152344,0.0,0.0,0.0,21.38298797607422,39.55081558227539,36.72065734863281,0.0,0.0,0.0
29.0,14.755249977111816,17085.123046875,1836.469970703125,5902.10009765625,9346.552734375,1600.0,16.655004501342773,0.0,8127.50146484375,0.06656000018119812,1.021299958229065,0.0,0.934220016002655,3.9148900508880615,1.5649700164794922,2.6226699352264404,4.630640029907227,0.0,0.0,0.0,0.0,0.0,0.0,0.0,279.896484375,0.0,154.6413116455078,1586.9794921875,412.8515930175781,0.0,3000.65478515625,0.0,0.0,0.0,0.0,0.0,0.0,39.49018859863281,39.49018859863281,229.2478790283203,218.34515380859375,229.58975219726562,0.0,0.0,0.0,229.2478790283203,218.34515380859375,229.58975219726562,0.0,0.0,0.0,50.400001525878906,47.21095275878906,50.5,0.0,0.0,0.0
30.0,14.755249977111816,17085.123046875,1836.469970703125,5902.10009765625,9346.552734375,1600.0,16.86102867126465,0.0,8031.02734375,0.06656000018119812,1.021299958229065,0.0,0.934220016002655,3.9148900508880615,1.5649700164794922,2.6226699352264404,4.630640029907227,0.0,0.0,0.0,0.0,0.0,0.0,30.670848846435547,279.896484375,0.0,154.6413116455078,67.48954010009766,390.8794250488281,1444.380615234375,3000.65478515625,0.0,0.0,0.0,0.0,0.0,0.0,40.91776657104492,40.91776657104492,270.0889892578125,236.0846405029297,265.8990478515625,0.0,0.0,0.0,270.0889892578125,236.0846405029297,265.8990478515625,0.0,0.0,0.0,62.13999938964844,52.193729400634766,60.91444396972656,0.0,0.0,0.0
31.0,14.767749786376953,17085.123046875,1836.469970703125,5902.10009765625,9346.552734375,1600.0,17.10608673095703,0.0,7918.9912109375,0.06656000018119812,1.021299958229065,0.0,0.934220016002655,3.9148900508880615,1.5774699449539185,2.6226699352264404,4.630640029907227,0.0,0.0,0.0,0.0,0.0,0.0,30.670848846435547,279.896484375,0.0,154.6413116455078,445.68719482421875,386.2782287597656,993.8746337890625,3000.65478515625,0.0,0.0,0.0,0.0,0.0,0.0,42.3621826171875,42.3621826171875,270.9267883300781,238.93603515625,237.85511779785156,0.0,0.0,0.0,270.9267883300781,238.93603515625,237.85511779785156,0.0,0.0,0.0,62.13999938964844,52.7827033996582,52.46653747558594,0.0,0.0,0.0
32.0,14.767749786376953,17090.123046875,1836.469970703125,5907.10009765625,9346.552734375,1600.0,16.64085578918457,0.0,8143.19189453125,0.06656000018119812,1.021299958229065,0.0,0.934220016002655,3.9148900508880615,1.5774699449539185,2.6226699352264404,4.630640029907227,0.0,0.0,0.0,0.0,0.0,0.0,30.670848846435547,279.896484375,0.0,154.6413116455078,426.7715148925781,307.1144714355469,1241.4866943359375,3000.65478515625,0.0,0.0,0.0,0.0,0.0,0.0,43.84638977050781,43.84638977050781,269.3362731933594,238.35386657714844,249.85496520996094,0.0,0.0,0.0,269.3362731933594,238.35386657714844,249.85496520996094,0.0,0.0,0.0,62.13999938964844,53.0776481628418,56.44172286987305,0.0,0.0,0.0
33.0,14.767749786376953,17090.123046875,1836.469970703125,5907.10009765625,9346.552734375,1600.0,16.64699363708496,0.0,8142.51123046875,0.06656000018119812,1.021299958229065,0.0,0.934220016002655,3.9148900508880615,1.5774699449539185,2.6226699352264404,4.630640029907227,0.0,0.0,0.0,0.0,0.0,0.0,30.670848846435547,279.896484375,0.0,154.6413116455078,425.7330322265625,314.95135498046875,1232.682373046875,3000.65478515625,0.0,0.0,0.0,0.0,0.0,0.0,45.39406967163086,45.39406967163086,269.35723876953125,238.32025146484375,250.04681396484375,0.0,0.0,0.0,269.35723876953125,238.32025146484375,250.04681396484375,0.0,0.0,0.0,62.13999938964844,53.06167984008789,56.491703033447266,0.0,0.0,0.0
34.0,14.767749786376953,17090.123046875,1836.469970703125,5907.10009765625,9346.552734375,1600.0,16.434900283813477,0.0,8249.0947265625,0.06656000018119812,1.021299958229065,0.0,0.934220016002655,3.9148900508880615,1.5774699449539185,2.6226699352264404,4.630640029907227,0.0,0.0,0.0,0.0,0.0,0.0,30.670848846435547,279.896484375,0.0,154.6413116455078,449.4351501464844,397.97674560546875,1196.1485595703125,3000.65478515625,0.0,0.0,0.0,0.0,0.0,0.0,46.99258804321289,46.99258804321289,268.63214111328125,237.99807739257812,245.9854278564453,0.0,0.0,0.0,268.63214111328125,237.99807739257812,245.9854278564453,0.0,0.0,0.0,62.13999938964844,53.17953872680664,55.515838623046875,0.0,0.0,0.0
35.0,14.767749786376953,17090.123046875,1836.469970703125,5907.10009765625,9346.552734375,1600.0,16.122493743896484,0.0,8410.0498046875,0.06656000018119812,1.021299958229065,0.0,0.934220016002655,3.9148900508880615,1.5774699449539185,2.6226699352264404,4.630640029907227,0.0,0.0,0.0,0.0,0.0,0.0,0.0,279.896484375,0.0,154.6413116455078,1486.005126953125,694.9827880859375,0.0,3000.65478515625,0.0,0.0,0.0,0.0,0.0,0.0,48.65211486816406,48.65211486816406,227.42730712890625,216.94061279296875,228.66758728027344,0.0,0.0,0.0,227.42730712890625,216.94061279296875,228.66758728027344,0.0,0.0,0.0,50.399993896484375,47.332637786865234,50.76277542114258,0.0,0.0,0.0
36.0,14.767749786376953,17093.2578125,1836.469970703125,5907.10009765625,9349.6875,1600.0,15.45763111114502,0.0,8772.8349609375,0.06656000018119812,1.021299958229065,0.0,0.934220016002655,3.9148900508880615,1.5774699449539185,2.6226699352264404,4.630640029907227,0.0,0.0,0.0,0.0,0.0,0.0,0.0,279.896484375,0.0,154.6413116455078,2373.03369140625,920.7755737304688,0.0,2130.470458984375,0.0,0.0,0.0,0.0,0.0,0.0,50.37950897216797,50.37950897216797,136.6233673095703,190.03533935546875,200.81594848632812,0.0,0.0,0.0,136.6233673095703,190.03533935546875,200.81594848632812,0.0,0.0,0.0,24.504703521728516,40.127708435058594,43.28103256225586,0.0,0.0,0.0
37.0,14.987750053405762,17209.423828125,1836.469970703125,5907.10009765625,9465.8525390625,1600.0,14.974787712097168,0.0,9116.9677734375,0.06656000018119812,1.2412999868392944,0.0,0.934220016002655,3.9148900508880615,1.5774699449539185,2.6226699352264404,4.630640029907227,0.0,0.0,0.0,0.0,0.0,0.0,0.0,340.189453125,0.0,154.6413116455078,2818.720703125,1135.7784423828125,0.0,1639.498046875,0.0,0.0,0.0,0.0,0.0,0.0,52.16968536376953,52.16968536376953,147.7084197998047,181.23802185058594,176.43865966796875,0.0,0.0,0.0,147.7084197998047,181.23802185058594,176.43865966796875,0.0,0.0,0.0,28.22992515563965,38.037330627441406,36.633522033691406,0.0,0.0,0.0
38.0,14.987750053405762,17439.115234375,1836.469970703125,5995.10009765625,9607.544921875,1600.0,15.072176933288574,0.0,9181.083984375,0.06656000018119812,1.2412999868392944,0.0,0.934220016002655,3.9148900508880615,1.5774699449539185,2.6226699352264404,4.630640029907227,0.0,0.0,0.0,0.0,0.0,0.0,0.0,340.189453125,0.0,154.6413116455078,2818.720703125,1135.7784423828125,0.0,1680.8966064453125,0.0,0.0,0.0,0.0,0.0,0.0,53.95848083496094,53.95848083496094,91.12736511230469,182.49322509765625,172.8525390625,0.0,0.0,0.0,91.12736511230469,182.49322509765625,172.8525390625,0.0,0.0,0.0,11.582576751708984,38.307090759277344,35.48719024658203,0.0,0.0,0.0
39.0,14.987750053405762,17465.212890625,1836.469970703125,5995.10009765625,9633.642578125,1600.0,15.551593780517578,0.0,8916.279296875,0.06656000018119812,1.2412999868392944,0.0,0.934220016002655,3.9148900508880615,1.5774699449539185,2.6226699352264404,4.630640029907227,0.0,0.0,0.0,0.0,0.0,0.0,0.0,340.189453125,0.0,154.6413116455078,2818.720703125,945.308349609375,0.0,1691.2779541015625,0.0,0.0,0.0,0.0,0.0,0.0,55.68037414550781,55.68037414550781,55.99192810058594,183.9658966064453,178.26043701171875,0.0,0.0,0.0,55.99192810058594,183.9658966064453,178.26043701171875,0.0,0.0,0.0,0.8260445594787598,38.25843048095703,36.58958435058594,0.0,0.0,0.0
40.0,14.987750053405762,17465.212890625,1836.469970703125,5995.10009765625,9633.642578125,1600.0,15.54580020904541,0.0,8922.0009765625,0.06656000018119812,1.2412999868392944,0.0,0.934220016002655,3.9148900508880615,1.5774699449539185,2.6226699352264404,4.630640029907227,0.0,0.0,0.0,0.0,0.0,0.0,0.0,340.189453125,0.0,154.6413116455078,2818.720703125,584.4715576171875,0.0,2054.332275390625,0.0,0.0,0.0,0.0,0.0,0.0,57.31671142578125,57.31671142578125,87.90565490722656,193.00836181640625,194.6346435546875,0.0,0.0,0.0,87.90565490722656,193.00836181640625,194.6346435546875,0.0,0.0,0.0,10.166603088378906,40.909141540527344,41.38483428955078,0.0,0.0,0.0
41.0,14.987750053405762,17465.212890625,1836.469970703125,5995.10009765625,9633.642578125,1600.0,16.275009155273438,0.0,8528.3994140625,0.06656000018119812,1.2412999868392944,0.0,0.934220016002655,3.9148900508880615,1.5774699449539185,2.6226699352264404,4.630640029907227,0.0,0.0,0.0,0.0,0.0,0.0,11.96236801147461,340.189453125,0.0,154.6413116455078,1762.060302734375,416.1492004394531,0.0,3000.65478515625,0.0,0.0,0.0,0.0,0.0,0.0,58.89286422729492,58.89286422729492,198.27413940429688,222.081298828125,228.2904510498047,0.0,0.0,0.0,198.27413940429688,222.081298828125,228.2904510498047,0.0,0.0,0.0,41.720176696777344,48.683773040771484,50.49994659423828,0.0,0.0,0.0
42.0,14.987750053405762,17465.212890625,1836.469970703125,5995.10009765625,9633.642578125,1600.0,16.477062225341797,0.0,8427.16796875,0.06656000018119812,1.2412999868392944,0.0,0.934220016002655,3.9148900508880615,1.5774699449539185,2.6226699352264404,4.630640029907227,0.0,0.0,0.0,0.0,0.0,0.0,30.670848846435547,340.189453125,0.0,154.6413116455078,456.1510314941406,394.00152587890625,1239.626953125,3000.65478515625,0.0,0.0,0.0,0.0,0.0,0.0,60.427284240722656,60.427284240722656,268.7762756347656,237.7202606201172,249.5948944091797,0.0,0.0,0.0,268.7762756347656,237.7202606201172,249.5948944091797,0.0,0.0,0.0,62.13999938964844,53.056114196777344,56.52944564819336,0.0,0.0,0.0
43.0,14.987750053405762,17465.212890625,1836.469970703125,5995.10009765625,9633.642578125,1600.0,16.71739959716797,0.0,8309.6064453125,0.06656000018119812,1.2412999868392944,0.0,0.934220016002655,3.9148900508880615,1.5774699449539185,2.6226699352264404,4.630640029907227,0.0,0.0,0.0,0.0,0.0,0.0,30.670848846435547,340.189453125,0.0,154.6413116455078,128.20188903808594,386.2782287597656,1494.5618896484375,3000.65478515625,0.0,0.0,0.0,0.0,0.0,0.0,61.977455139160156,61.977455139160156,269.59796142578125,238.68515014648438,269.2264099121094,0.0,0.0,0.0,269.59796142578125,238.68515014648438,269.2264099121094,0.0,0.0,0.0,62.13999938964844,53.09800338745117,62.03132629394531,0.0,0.0,0.0
44.0,14.987750053405762,17465.212890625,1836.469970703125,5995.10009765625,9633.642578125,1600.0,16.256669998168945,0.0,8544.8681640625,0.06656000018119812,1.2412999868392944,0.0,0.934220016002655,3.9148900508880615,1.5774699449539185,2.6226699352264404,4.630640029907227,0.0,0.0,0.0,0.0,0.0,0.0,30.670848846435547,340.189453125,0.0,154.6413116455078,348.1429443359375,307.1144714355469,1510.657958984375,3000.65478515625,0.0,0.0,0.0,0.0,0.0,0.0,63.571815490722656,63.571815490722656,268.0227966308594,237.25636291503906,268.91168212890625,0.0,0.0,0.0,268.0227966308594,237.25636291503906,268.91168212890625,0.0,0.0,0.0,62.13999938964844,53.14081573486328,62.400001525878906,0.0,0.0,0.0
45.0,14.987750053405762,17465.212890625,1836.469970703125,5995.10009765625,9633.642578125,1600.0,16.26278305053711,0.0,8544.154296875,0.06656000018119812,1.2412999868392944,0.0,0.934220016002655,3.9148900508880615,1.5774699449539185,2.6226699352264404,4.630640029907227,0.0,0.0,0.0,0.0,0.0,0.0,30.670848846435547,340.189453125,0.0,154.6413116455078,338.1662292480469,314.95135498046875,1510.657958984375,3000.65478515625,0.0,0.0,0.0,0.0,0.0,0.0,65.2302474975586,65.2302474975586,268.043701171875,236.5632781982422,268.9325866699219,0.0,0.0,0.0,268.043701171875,236.5632781982422,268.9325866699219,0.0,0.0,0.0,62.13999938964844,52.931976318359375,62.400001525878906,0.0,0.0,0.0
46.0,14.987750053405762,17465.212890625,1836.469970703125,5995.10009765625,9633.642578125,1600.0,16.05504035949707,0.0,8655.9892578125,0.06656000018119812,1.2412999868392944,0.0,0.934220016002655,3.9148900508880615,1.5774699449539185,2.6226699352264404,4.630640029907227,0.0,0.0,0.0,0.0,0.0,0.0,30.670848846435547,340.189453125,0.0,154.6413116455078,328.7651062011719,397.97674560546875,1510.657958984375,3000.65478515625,0.0,0.0,0.0,0.0,0.0,0.0,66.93614959716797,66.93614959716797,267.3334655761719,235.05796813964844,268.22235107421875,0.0,0.0,0.0,267.3334655761719,235.05796813964844,268.22235107421875,0.0,0.0,0.0,62.13999938964844,52.69941329956055,62.400001525878906,0.0,0.0,0.0
47.0,14.987750053405762,17465.212890625,1836.469970703125,5995.10009765625,9633.642578125,1600.0,15.749002456665039,0.0,8824.8857421875,0.06656000018119812,1.2412999868392944,0.0,0.934220016002655,3.9148900508880615,1.5774699449539185,2.6226699352264404,4.630640029907227,0.0,0.0,0.0,0.0,0.0,0.0,11.96236801147461,340.189453125,0.0,154.6413116455078,1673.124267578125,694.9827880859375,0.0,3000.65478515625,0.0,0.0,0.0,0.0,0.0,0.0,68.70242309570312,68.70242309570312,226.1504364013672,226.71270751953125,226.4923095703125,0.0,0.0,0.0,226.1504364013672,226.71270751953125,226.4923095703125,0.0,0.0,0.0,50.400001525878906,50.5644645690918,50.5,0.0,0.0,0.0
48.0,15.0109224319458,17543.931640625,1836.469970703125,6059.98193359375,9647.4794921875,1600.0,15.198349952697754,0.0,9184.384765625,0.06656000018119812,1.2412999868392944,0.0,0.934220016002655,3.9148900508880615,1.5774699449539185,2.6226699352264404,4.630640029907227,0.0,0.010831859894096851,0.012340256944298744,0.0,0.0,0.0,0.0,340.189453125,0.0,154.6413116455078,1696.9691162109375,920.7755737304688,0.0,3000.65478515625,0.0,1.2998231649398804,1.3438539505004883,0.0,0.0,0.0,70.53443145751953,70.53443145751953,224.2678680419922,211.96017456054688,224.6095733642578,0.0,0.0,0.0,224.2678680419922,211.96017456054688,224.6095733642578,0.0,0.0,0.0,50.400001525878906,46.79999923706055,50.49995040893555,0.0,0.0,0.0
49.0,15.160545349121094,17720.296875,1836.469970703125,6117.0068359375,9766.8193359375,1600.0,14.769686698913574,0.0,9544.666015625,0.06656000018119812,1.2412999868392944,0.0,0.934220016002655,3.9148900508880615,1.5774699449539185,2.6226699352264404,4.630640029907227,0.0,0.08077351748943329,0.09202168136835098,0.0,0.0,0.0,0.0,340.189453125,0.0,154.6413116455078,2818.720703125,1135.7784423828125,0.0,1887.59814453125,0.0,9.692821502685547,10.021161079406738,0.0,0.0,0.0,72.44378662109375,72.44378662109375,164.86697387695312,185.65602111816406,169.13369750976562,0.0,0.0,0.0,164.86697387695312,185.65602111816406,169.13369750976562,0.0,0.0,0.0,33.45390319824219,39.53470230102539,34.70192337036133,0.0,0.0,0.0
50.0,15.268030166625977,17866.37890625,1836.469970703125,6135.05029296875,9894.8583984375,1600.0,14.790714263916016,0.0,9611.783203125,0.06656000018119812,1.2412999868392944,0.0,0.934220016002655,3.9148900508880615,1.5774699449539185,2.6226699352264404,4.630640029907227,0.0,0.131017804145813,0.14926277101039886,0.0,0.0,0.0,0.0,340.189453125,0.0,154.6413116455078,2818.720703125,1135.7784423828125,0.0,1918.6260986328125,0.0,15.722136497497559,16.254714965820312,0.0,0.0,0.0,74.36192321777344,74.36192321777344,108.02484893798828,186.855224609375,165.84576416015625,0.0,0.0,0.0,108.02484893798828,186.855224609375,165.84576416015625,0.0,0.0,0.0,16.80655288696289,39.864437103271484,33.71916961669922,0.0,0.0,0.0
51.0,15.321069717407227,17895.26171875,1836.469970703125,6140.75927734375,9918.0322265625,1600.0,15.26440715789795,0.0,9334.5595703125,0.06656000018119812,1.2412999868392944,0.0,0.934220016002655,3.9148900508880615,1.5774699449539185,2.6226699352264404,4.630640029907227,0.0,0.15581095218658447,0.17750850319862366,0.0,0.0,0.0,0.0,340.189453125,0.0,154.6413116455078,2818.720703125,945.308349609375,0.0,1914.46435546875,0.0,18.69731330871582,19.33067512512207,0.0,0.0,0.0,76.2103500366211,76.2103500366211,72.86984252929688,188.8582305908203,157.11465454101562,0.0,0.0,0.0,72.86984252929688,188.8582305908203,157.11465454101562,0.0,0.0,0.0,6.050021171569824,39.97662353515625,30.69162940979004,0.0,0.0,0.0
52.0,15.3438720703125,17897.068359375,1836.469970703125,6142.5654296875,9918.0322265625,1600.0,15.260370254516602,0.0,9340.541015625,0.06656000018119812,1.2412999868392944,0.0,0.934220016002655,3.9148900508880615,1.5774699449539185,2.6226699352264404,4.630640029907227,0.0,0.1664702594280243,0.18965217471122742,0.0,0.0,0.0,0.0,340.189453125,0.0,154.6413116455078,2818.720703125,584.4715576171875,0.0,2274.9697265625,0.0,19.976430892944336,20.653121948242188,0.0,0.0,0.0,77.9693374633789,77.9693374633789,110.28926849365234,197.75352478027344,209.1549530029297,0.0,0.0,0.0,110.28926849365234,197.75352478027344,209.1549530029297,0.0,0.0,0.0,16.999238967895508,42.58253479003906,45.91745376586914,0.0,0.0,0.0
53.0,15.35299301147461,17897.638671875,1836.469970703125,6143.13720703125,9918.0322265625,1600.0,15.97900676727295,0.0,8928.4765625,0.06656000018119812,1.2412999868392944,0.0,0.934220016002655,3.9148900508880615,1.5774699449539185,2.6226699352264404,4.630640029907227,0.0,0.1707334965467453,0.1945090889930725,0.0,0.0,0.0,11.96236801147461,340.189453125,0.0,154.6413116455078,1969.0947265625,416.1492004394531,0.0,3000.65478515625,0.0,20.488019943237305,21.182039260864258,0.0,0.0,0.0,79.67183685302734,79.67183685302734,218.25039672851562,227.16934204101562,227.27865600585938,0.0,0.0,0.0,218.25039672851562,227.16934204101562,227.27865600585938,0.0,0.0,0.0,47.85923385620117,50.46802520751953,50.5,0.0,0.0,0.0
54.0,15.356480598449707,17897.8203125,1836.469970703125,6143.31787109375,9918.0322265625,1600.0,16.17831802368164,0.0,8822.498046875,0.06656000018119812,1.2412999868392944,0.0,0.934220016002655,3.9148900508880615,1.5774699449539185,2.6226699352264404,4.630640029907227,0.0,0.17236419022083282,0.19636686146259308,0.0,0.0,0.0,30.670848846435547,340.189453125,0.0,154.6413116455078,1899.0859375,394.00152587890625,0.0,3000.65478515625,0.0,20.68370246887207,21.38435173034668,0.0,0.0,0.0,81.337158203125,81.337158203125,156.0725555419922,230.81915283203125,232.14857482910156,0.0,0.0,0.0,156.0725555419922,230.81915283203125,232.14857482910156,0.0,0.0,0.0,29.472904205322266,51.33628463745117,51.72513961791992,0.0,0.0,0.0
55.0,15.357775688171387,17897.876953125,1836.469970703125,6143.375,9918.0322265625,1600.0,16.41526985168457,0.0,8699.421875,0.06656000018119812,1.2412999868392944,0.0,0.934220016002655,3.9148900508880615,1.5774699449539185,2.6226699352264404,4.630640029907227,0.0,0.1729692965745926,0.19705624878406525,0.0,0.0,0.0,30.670848846435547,340.189453125,0.0,154.6413116455078,481.7145690917969,386.2782287597656,1340.358154296875,3000.65478515625,0.0,20.756317138671875,21.45942497253418,0.0,0.0,0.0,83.0240707397461,83.0240707397461,268.5650329589844,237.8160858154297,256.74761962890625,0.0,0.0,0.0,268.5650329589844,237.8160858154297,256.74761962890625,0.0,0.0,0.0,62.13999938964844,53.14593505859375,58.683414459228516,0.0,0.0,0.0
56.0,15.358245849609375,17897.89453125,1836.469970703125,6143.39306640625,9918.0322265625,1600.0,15.961671829223633,0.0,8945.712890625,0.06656000018119812,1.2412999868392944,0.0,0.934220016002655,3.9148900508880615,1.5774699449539185,2.6226699352264404,4.630640029907227,0.0,0.1731889694929123,0.19730651378631592,0.0,0.0,0.0,30.670848846435547,340.189453125,0.0,154.6413116455078,2062.31884765625,307.1144714355469,3.032691478729248,3000.65478515625,0.0,20.782676696777344,21.486679077148438,0.0,0.0,0.0,84.7522964477539,84.7522964477539,135.9405975341797,228.951904296875,233.13441467285156,0.0,0.0,0.0,135.9405975341797,228.951904296875,233.13441467285156,0.0,0.0,0.0,23.80095100402832,51.00676345825195,52.23014450073242,0.0,0.0,0.0
57.0,15.358413696289062,17897.900390625,1836.469970703125,6143.39892578125,9918.0322265625,1600.0,15.96787166595459,0.0,8944.9638671875,0.06656000018119812,1.2412999868392944,0.0,0.934220016002655,3.9148900508880615,1.5774699449539185,2.6226699352264404,4.630640029907227,0.0,0.1732674092054367,0.19739586114883423,0.0,0.0,0.0,30.670848846435547,340.189453125,0.0,154.6413116455078,544.532958984375,314.95135498046875,1510.657958984375,3000.65478515625,0.0,20.792089462280273,21.496410369873047,0.0,0.0,0.0,86.55242919921875,86.55242919921875,267.03546142578125,235.75115966796875,267.9243469238281,0.0,0.0,0.0,267.03546142578125,235.75115966796875,267.9243469238281,0.0,0.0,0.0,62.13999938964844,52.989341735839844,62.400001525878906,0.0,0.0,0.0
58.0,15.35847282409668,17897.90234375,1836.469970703125,6143.40087890625,9918.0322265625,1600.0,15.76345443725586,0.0,9062.05078125,0.06656000018119812,1.2412999868392944,0.0,0.934220016002655,3.9148900508880615,1.5774699449539185,2.6226699352264404,4.630640029907227,0.0,0.1732950508594513,0.19742734730243683,0.0,0.0,0.0,30.670848846435547,340.189453125,0.0,154.6413116455078,538.51171875,397.97674560546875,1510.657958984375,3000.65478515625,0.0,20.795406341552734,21.499839782714844,0.0,0.0,0.0,88.40862274169922,88.40862274169922,266.33660888671875,235.9436798095703,267.2254943847656,0.0,0.0,0.0,266.33660888671875,235.9436798095703,267.2254943847656,0.0,0.0,0.0,62.13999938964844,53.25006866455078,62.400001525878906,0.0,0.0,0.0
59.0,15.358492851257324,17897.904296875,1836.469970703125,6143.4013671875,9918.0322265625,1600.0,15.462268829345703,0.0,9238.8623046875,0.0665600597858429,1.2413185834884644,5.510402161235106e-07,0.934220016002655,3.9148900508880615,1.577470302581787,2.6226699352264404,4.630640983581543,1.6658427526294872e-08,0.1732950508594513,0.19742736220359802,0.0,0.0,0.0,0.0,340.1945495605469,0.00015101753524504602,154.6413116455078,1900.0050048828125,694.9829711914062,0.0,3000.6552734375,9.595253686711658e-06,20.795406341552734,21.499839782714844,0.0,0.0,0.0,90.32867431640625,90.32867431640625,175.83602905273438,214.6932373046875,230.67124938964844,0.0,0.0,0.0,175.83602905273438,214.6932373046875,230.67124938964844,0.0,0.0,0.0,35.96976852416992,47.33550262451172,52.009071350097656,0.0,0.0,0.0
60.0,15.711847305297852,18303.837890625,1836.469970703125,6512.56982421875,9954.7978515625,1600.0,15.177446365356445,0.0,9623.080078125,0.06742079555988312,1.5580450296401978,0.01048644445836544,0.934220016002655,3.9148900508880615,1.5835630893707275,2.6226727962493896,4.64958381652832,0.00023469168809242547,0.1732986569404602,0.19743146002292633,0.0,0.0,0.0,12.092348098754883,426.9963073730469,2.8739047050476074,154.6413116455078,1813.2706298828125,924.3321533203125,0.0,3012.930419921875,0.13518241047859192,20.79583740234375,21.500286102294922,0.0,0.0,0.0,92.33563995361328,92.33563995361328,224.19639587402344,216.9485321044922,224.81988525390625,0.0,0.0,0.0,224.19639587402344,216.9485321044922,224.81988525390625,0.0,0.0,0.0,50.400001525878906,48.279998779296875,50.58237075805664,0.0,0.0,0.0
61.0,16.327444076538086,18740.5,1836.469970703125,6748.9375,10155.091796875,1600.0,14.949541091918945,0.0,10000.5693359375,0.06866902112960815,2.1085426807403564,0.028608256950974464,0.934220016002655,3.9148900508880615,1.594356894493103,2.6226770877838135,4.6841654777526855,0.0005750138079747558,0.17330332100391388,0.19743677973747253,0.0,0.0,0.0,0.0,577.8651123046875,7.84035062789917,154.6413116455078,2818.720703125,1147.93701171875,0.0,1892.359619140625,0.07085751742124557,20.796398162841797,21.500865936279297,0.0,0.0,0.0,94.44039154052734,94.44039154052734,163.5615234375,186.6492156982422,182.67079162597656,0.0,0.0,0.0,163.5615234375,186.6492156982422,182.67079162597656,0.0,0.0,0.0,32.89220428466797,39.645355224609375,38.481666564941406,0.0,0.0,0.0
62.0,16.849945068359375,19091.90234375,1836.469970703125,6905.66552734375,10349.7666015625,1600.0,15.126799583435059,0.0,10070.896484375,0.0696026012301445,2.575212240219116,0.04383905231952667,0.934220016002655,3.9148900508880615,1.6036189794540405,2.6226799488067627,4.714305877685547,0.000829549040645361,0.17330656945705414,0.1974404752254486,0.0,0.0,0.0,0.0,705.7601318359375,12.014487266540527,154.6413116455078,2818.720703125,1154.6055908203125,0.0,1798.8447265625,0.097633957862854,20.79678726196289,21.50126838684082,0.0,0.0,0.0,96.5611801147461,96.5611801147461,107.2535171508789,185.2871856689453,156.98744201660156,0.0,0.0,0.0,107.2535171508789,185.2871856689453,156.98744201660156,0.0,0.0,0.0,16.244853973388672,39.0697021484375,30.792024612426758,0.0,0.0,0.0
63.0,17.180566787719727,19179.609375,1836.469970703125,6955.2548828125,10387.884765625,1600.0,15.659231185913086,0.0,9780.42578125,0.06992914527654648,2.8631930351257324,0.05311877653002739,0.934220016002655,3.9148900508880615,1.6071038246154785,2.622681140899658,4.733070373535156,0.0009185796952806413,0.17596057057380676,0.20548084378242493,0.0,0.0,0.0,0.0,784.6838989257812,14.557679176330566,154.6413116455078,2818.720703125,963.066650390625,0.0,1710.02783203125,0.10306072235107422,21.11526870727539,22.376863479614258,0.0,0.0,0.0,98.59555053710938,98.59555053710938,145.8435516357422,184.7008056640625,159.7891082763672,0.0,0.0,0.0,145.8435516357422,184.7008056640625,159.7891082763672,0.0,0.0,0.0,27.00000762939453,38.365753173828125,31.079082489013672,0.0,0.0,0.0
64.0,17.55951499938965,19451.453125,1836.469970703125,7227.09716796875,10387.884765625,1600.0,15.875555992126465,0.0,9786.693359375,0.07011795043945312,3.1662373542785645,0.06307888776063919,0.934220016002655,3.9148900508880615,1.6091828346252441,2.6226818561553955,4.7513813972473145,0.0009700572700239718,0.18720416724681854,0.23955118656158447,0.0,0.0,0.0,0.0,867.7359008789062,17.287338256835938,154.6413116455078,2818.720703125,596.2215576171875,0.0,1988.3057861328125,0.12659680843353271,22.464500427246094,26.08712387084961,0.0,0.0,0.0,100.51974487304688,100.51974487304688,132.3854217529297,191.07034301757812,190.14854431152344,0.0,0.0,0.0,132.3854217529297,191.07034301757812,190.14854431152344,0.0,0.0,0.0,22.84718132019043,40.01251983642578,39.742897033691406,0.0,0.0,0.0
65.0,18.096446990966797,19649.447265625,1836.469970703125,7425.09228515625,10387.884765625,1600.0,16.79427719116211,0.0,9354.9541015625,0.07033475488424301,3.5917320251464844,0.07734451442956924,0.934220016002655,3.9148900508880615,1.611577033996582,2.622682571411133,4.776181697845459,0.001029166509397328,0.20449824631214142,0.2919561564922333,0.0,0.0,0.0,0.0,984.3464965820312,21.196962356567383,154.6413116455078,1461.7110595703125,425.14691162109375,0.0,3094.9658203125,0.592799961566925,24.5397891998291,31.794023513793945,0.0,0.0,0.0,102.36481475830078,102.36481475830078,229.72402954101562,217.4163360595703,230.3936767578125,0.0,0.0,0.0,229.72402954101562,217.4163360595703,230.3936767578125,0.0,0.0,0.0,50.400001525878906,46.79999923706055,50.59587478637695,0.0,0.0,0.0
66.0,18.475156784057617,19712.09375,1836.469970703125,7487.7392578125,10387.884765625,1600.0,17.05860710144043,0.0,9243.9052734375,0.07047177851200104,3.8907082080841064,0.08738812059164047,0.934220016002655,3.9148900508880615,1.6130998134613037,2.622683048248291,4.793311595916748,0.001066526398062706,0.2171187847852707,0.33019939064979553,0.0,0.0,0.0,32.47339630126953,1066.28369140625,23.949501037597656,154.6413116455078,58.94721984863281,402.90069580078125,1214.4486083984375,3106.06591796875,0.6143192052841187,26.05425453186035,35.95871353149414,0.0,0.0,0.0,104.16232299804688,104.16232299804688,270.23675537109375,256.542236328125,258.0588684082031,0.0,0.0,0.0,270.23675537109375,256.542236328125,258.0588684082031,0.0,0.0,0.0,61.98564529418945,57.97999954223633,58.423614501953125,0.0,0.0,0.0
67.0,18.661056518554688,19731.916015625,1836.469970703125,7507.56103515625,10387.884765625,1600.0,17.326730728149414,0.0,9114.9541015625,0.07050205022096634,4.051243305206299,0.09280309081077576,0.934220016002655,3.9148900508880615,1.6134369373321533,2.622683048248291,4.8006134033203125,0.0010747797787189484,0.22016380727291107,0.33942654728889465,0.0,0.0,0.0,29.436107635498047,1110.2796630859375,25.43352508544922,154.6413116455078,389.8735656738281,395.0855407714844,754.108642578125,3110.79736328125,0.6190731525421143,26.41965675354004,36.96355056762695,0.0,0.0,0.0,105.98328399658203,105.98328399658203,261.5258483886719,253.78890991210938,236.5353240966797,0.0,0.0,0.0,261.5258483886719,253.78890991210938,236.5353240966797,0.0,0.0,0.0,59.169578552246094,56.906524658203125,51.8598518371582,0.0,0.0,0.0
68.0,18.932899475097656,19938.908203125,1836.469970703125,7714.55224609375,10387.884765625,1600.0,17.023353576660156,0.0,9373.005859375,0.07052616029977798,4.294261455535889,0.10094863921403885,0.934220016002655,3.9148900508880615,1.6137070655822754,2.622683048248291,4.810695171356201,0.001081353984773159,0.22271859645843506,0.3471681773662567,0.0,0.0,0.0,12.571415901184082,1176.881103515625,27.665884017944336,154.6413116455078,1337.19189453125,314.1694030761719,0.0,3117.330322265625,0.6228598356246948,26.72623062133789,37.80661392211914,0.0,0.0,0.0,107.85242462158203,107.85242462158203,223.18357849121094,226.01388549804688,235.47093200683594,0.0,0.0,0.0,223.18357849121094,226.01388549804688,235.47093200683594,0.0,0.0,0.0,48.25783920288086,49.0857048034668,51.851890563964844,0.0,0.0,0.0
69.0,19.263660430908203,20032.021484375,1836.469970703125,7807.66650390625,10387.884765625,1600.0,17.10967254638672,0.0,9372.220703125,0.070548415184021,4.5929670333862305,0.11094269156455994,0.934220016002655,3.9148900508880615,1.6139568090438843,2.62268328666687,4.822822093963623,0.0010874215513467789,0.2251145839691162,0.35442861914634705,0.0,0.0,0.0,12.574897766113281,1258.7440185546875,30.404844284057617,154.6413116455078,1233.10400390625,322.2361755371094,0.002533445367589593,3125.188720703125,0.6263548135757446,27.013750076293945,38.59727478027344,0.0,0.0,0.0,109.79660034179688,109.79660034179688,230.8022918701172,256.7168273925781,235.33384704589844,0.0,0.0,0.0,230.8022918701172,256.7168273925781,235.33384704589844,0.0,0.0,0.0,50.400001525878906,57.97999954223633,51.72547912597656,0.0,0.0,0.0
70.0,19.506011962890625,20102.7421875,1836.469970703125,7878.38671875,10387.884765625,1600.0,16.949737548828125,0.0,9494.904296875,0.07056177407503128,4.813099384307861,0.1182999461889267,0.934220016002655,3.9148900508880615,1.6141068935394287,2.62268328666687,4.831658840179443,0.0010910623241215944,0.2265680730342865,0.35883304476737976,0.0,0.0,0.0,26.48231315612793,1319.0733642578125,32.421165466308594,154.6413116455078,869.7676391601562,407.21978759765625,281.0975646972656,3126.18896484375,0.6142879128456116,27.188169479370117,39.07691955566406,0.0,0.0,0.0,111.7959213256836,111.7959213256836,259.9945068359375,247.84481811523438,229.97659301757812,0.0,0.0,0.0,259.9945068359375,247.84481811523438,229.97659301757812,0.0,0.0,0.0,59.09865951538086,55.54487228393555,50.318416595458984,0.0,0.0,0.0
71.0,19.65728187561035,20125.119140625,1836.469970703125,7900.76318359375,10387.884765625,1600.0,16.643569946289062,0.0,9680.16015625,0.07056927680969238,4.950860977172852,0.12289920449256897,0.934220016002655,3.9148900508880615,1.6141911745071411,2.62268328666687,4.837160110473633,0.0010931078577414155,0.2273901104927063,0.3613240122795105,0.0,0.0,0.0,0.0,1356.8280029296875,33.68163299560547,154.6413116455078,981.7713012695312,711.1610107421875,0.0,3101.20751953125,0.5620547533035278,27.286813735961914,39.34818649291992,0.0,0.0,0.0,113.86418914794922,113.86418914794922,220.12997436523438,216.7802276611328,216.29086303710938,0.0,0.0,0.0,220.12997436523438,216.7802276611328,216.29086303710938,0.0,0.0,0.0,47.744449615478516,46.7646484375,46.62150955200195,0.0,0.0,0.0
72.0,19.728744506835938,20132.19921875,1836.469970703125,7907.84326171875,10387.884765625,1600.0,16.12403678894043,0.0,9993.224609375,0.07057256996631622,5.016050338745117,0.12507489323616028,0.934220016002655,3.9148900508880615,1.6142282485961914,2.62268328666687,4.839755058288574,0.001094005536288023,0.2277527004480362,0.36242273449897766,0.0,0.0,0.0,0.0,1374.69384765625,34.27790069580078,154.6413116455078,2814.166015625,942.2315063476562,0.0,1228.3414306640625,0.08776690810918808,27.330324172973633,39.46783447265625,0.0,0.0,0.0,115.98805236816406,115.98805236816406,153.08349609375,179.5361328125,190.5243682861328,0.0,0.0,0.0,153.08349609375,179.5361328125,190.5243682861328,0.0,0.0,0.0,28.652883529663086,36.39027786254883,39.604339599609375,0.0,0.0,0.0
73.0,19.75882339477539,20247.388671875,1836.469970703125,7910.08349609375,10500.8349609375,1600.0,15.598755836486816,0.0,10385.23046875,0.07057387381792068,5.043520927429199,0.1259915828704834,0.934220016002655,3.9148900508880615,1.6142430305480957,2.62268328666687,4.840846061706543,0.0010943625820800662,0.2278975397348404,0.36286166310310364,0.0,0.0,0.0,0.0,1382.222412109375,34.52912902832031,154.6413116455078,2816.3740234375,1162.2550048828125,0.0,1260.153076171875,0.09006238728761673,27.347705841064453,39.5156364440918,0.0,0.0,0.0,118.1441650390625,118.1441650390625,162.83367919921875,181.78121948242188,174.52857971191406,0.0,0.0,0.0,162.83367919921875,181.78121948242188,174.52857971191406,0.0,0.0,0.0,32.03009796142578,37.57225036621094,35.45085525512695,0.0,0.0,0.0
74.0,19.770702362060547,20417.46875,1836.469970703125,7910.7919921875,10670.20703125,1600.0,15.622915267944336,0.0,10458.2568359375,0.07057437300682068,5.054380416870117,0.12635394930839539,0.934220016002655,3.9148900508880615,1.614248514175415,2.62268328666687,4.8412766456604,0.0010944973910227418,0.22795240581035614,0.3630279004573822,0.0,0.0,0.0,0.0,1385.198486328125,34.62843704223633,154.6413116455078,2818.720703125,1162.259033203125,0.0,1301.743408203125,0.09304345399141312,27.35428810119629,39.53373718261719,0.0,0.0,0.0,120.28936767578125,120.28936767578125,109.59832763671875,175.06785583496094,163.26455688476562,0.0,0.0,0.0,109.59832763671875,175.06785583496094,163.26455688476562,0.0,0.0,0.0,16.434595108032227,35.584434509277344,32.1319694519043,0.0,0.0,0.0
75.0,19.77520751953125,20450.63671875,1836.469970703125,7911.0166015625,10703.150390625,1600.0,16.126256942749023,0.0,10156.62109375,0.07057438045740128,5.058043956756592,0.12647821009159088,0.934220016002655,3.9148900508880615,1.6142486333847046,2.62268328666687,4.8415422439575195,0.0010944993700832129,0.2280648648738861,0.3633686900138855,0.0,0.0,0.0,0.0,1386.2025146484375,34.66249465942383,154.6413116455078,2818.720703125,967.3482055664062,0.0,1290.3426513671875,0.09222688525915146,27.36778450012207,39.57085037231445,0.0,0.0,0.0,122.3372573852539,122.3372573852539,77.94417572021484,176.58309936523438,154.95591735839844,0.0,0.0,0.0,77.94417572021484,176.58309936523438,154.95591735839844,0.0,0.0,0.0,6.672414302825928,35.524295806884766,29.198348999023438,0.0,0.0,0.0
76.0,19.90498161315918,20616.853515625,1836.469970703125,8077.232421875,10703.150390625,1600.0,16.251401901245117,0.0,10163.123046875,0.07057441771030426,5.143718719482422,0.1294524222612381,0.934220016002655,3.9148900508880615,1.6142491102218628,2.62268328666687,4.846742153167725,0.0010945110116153955,0.2369781881570816,0.39037877321243286,0.0,0.0,0.0,0.0,1409.6824951171875,35.477603912353516,154.6413116455078,2818.720703125,598.0986938476562,0.0,1633.7108154296875,0.11672522127628326,28.4373836517334,42.51224899291992,0.0,0.0,0.0,124.26747131347656,124.26747131347656,134.60357666015625,183.94786071777344,162.39842224121094,0.0,0.0,0.0,134.60357666015625,183.94786071777344,162.39842224121094,0.0,0.0,0.0,23.12014389038086,37.5533447265625,31.250137329101562,0.0,0.0,0.0
77.0,20.27861785888672,20801.45703125,1836.469970703125,8261.8369140625,10703.150390625,1600.0,17.173267364501953,0.0,9714.765625,0.07057452201843262,5.392989635467529,0.1381865292787552,0.934220016002655,3.9148900508880615,1.6142503023147583,2.62268328666687,4.861276149749756,0.0010945380199700594,0.26206204295158386,0.466390460729599,0.0,0.0,0.0,0.0,1477.9974365234375,37.87126541137695,154.6413116455078,1122.39892578125,425.8521423339844,0.0,3115.984619140625,0.5616549253463745,31.447444915771484,50.789920806884766,0.0,0.0,0.0,126.11689758300781,126.11689758300781,212.79638671875,218.64036560058594,218.3270263671875,0.0,0.0,0.0,212.79638671875,218.64036560058594,218.3270263671875,0.0,0.0,0.0,45.06967544555664,46.7790412902832,46.6873893737793,0.0,0.0,0.0
78.0,20.591537475585938,20859.8671875,1836.469970703125,8320.24609375,10703.150390625,1600.0,17.437406539916992,0.0,9599.455078125,0.07057459652423859,5.6028218269348145,0.1455354392528534,0.934220016002655,3.9148900508880615,1.6142510175704956,2.62268328666687,4.873275279998779,0.0010945579269900918,0.28283950686454773,0.5293524265289307,0.0,0.0,0.0,0.0,1535.5037841796875,39.88529586791992,154.6413116455078,1033.4464111328125,403.1882629394531,0.0,3079.2900390625,0.5373509526252747,33.940738677978516,57.646480560302734,0.0,0.0,0.0,127.91129302978516,127.91129302978516,217.81092834472656,218.86468505859375,203.26905822753906,0.0,0.0,0.0,217.81092834472656,218.86468505859375,203.26905822753906,0.0,0.0,0.0,46.27228927612305,46.58051681518555,42.01879119873047,0.0,0.0,0.0
79.0,20.752151489257812,20878.34765625,1836.469970703125,8338.7275390625,10703.150390625,1600.0,17.709901809692383,0.0,9465.53515625,0.07057461142539978,5.731385231018066,0.1500653773546219,0.934220016002655,3.9148900508880615,1.6142512559890747,2.62268328666687,4.87940788269043,0.0010945627000182867,0.2881461977958679,0.5454333424568176,0.0,0.0,0.0,0.0,1570.73779296875,41.12677001953125,154.6413116455078,948.5703735351562,395.2849426269531,0.0,3041.23046875,0.5205970406532288,34.57754135131836,59.39768600463867,0.0,0.0,0.0,129.69749450683594,129.69749450683594,207.185302734375,219.2602081298828,216.24696350097656,0.0,0.0,0.0,207.185302734375,219.2602081298828,216.24696350097656,0.0,0.0,0.0,42.89179992675781,46.423709869384766,45.542335510253906,0.0,0.0,0.0
80.0,20.976642608642578,21045.279296875,1836.469970703125,8505.658203125,10703.150390625,1600.0,17.354965209960938,0.0,9733.515625,0.07057462632656097,5.9248127937316895,0.1568540334701538,0.934220016002655,3.9148900508880615,1.6142513751983643,2.62268328666687,4.888002395629883,0.0010945660760626197,0.2920365035533905,0.5572221875190735,0.0,0.0,0.0,0.0,1623.7484130859375,42.98726272583008,154.6413116455078,1109.0028076171875,314.275390625,0.0,3083.875732421875,0.5341345071792603,35.04438400268555,60.681495666503906,0.0,0.0,0.0,131.50042724609375,131.50042724609375,213.76170349121094,222.0387420654297,206.1925811767578,0.0,0.0,0.0,213.76170349121094,222.0387420654297,206.1925811767578,0.0,0.0,0.0,45.17033386230469,47.591365814208984,42.956363677978516,0.0,0.0,0.0
81.0,21.276966094970703,21153.71484375,1836.469970703125,8614.09375,10703.150390625,1600.0,17.45091438293457,0.0,9732.69921875,0.07057463377714157,6.189538478851318,0.16612763702869415,0.934220016002655,3.9148900508880615,1.6142514944076538,2.62268328666687,4.899554252624512,0.0010945691028609872,0.2957020401954651,0.5683298707008362,0.0,0.0,0.0,9.896747589111328,1696.298828125,45.528778076171875,154.6413116455078,1047.6131591796875,322.2950134277344,0.001912857173010707,3048.21630859375,0.5203264355659485,35.48424530029297,61.89112091064453,0.0,0.0,0.0,133.35366821289062,133.35366821289062,214.08531188964844,247.27096557617188,211.75244140625,0.0,0.0,0.0,214.08531188964844,247.27096557617188,211.75244140625,0.0,0.0,0.0,45.16904067993164,54.8758430480957,44.48667526245117,0.0,0.0,0.0
82.0,21.540943145751953,21245.056640625,1836.469970703125,8705.435546875,10703.150390625,1600.0,17.30022430419922,0.0,9860.095703125,0.07057464122772217,6.424266338348389,0.17433586716651917,0.934220016002655,3.91538405418396,1.6142516136169434,2.62268328666687,4.9097161293029785,0.001094571314752102,0.29827889800071716,0.5761384963989258,0.0,0.0,0.0,9.434263229370117,1760.6280517578125,47.778316497802734,154.6413116455078,1007.9699096679688,407.2563171386719,0.0019128610147163272,3019.538818359375,0.5178993940353394,35.7934684753418,62.74148178100586,0.0,0.0,0.0,135.2515106201172,135.2515106201172,189.1515655517578,245.98397827148438,214.1405029296875,0.0,0.0,0.0,189.1515655517578,245.98397827148438,214.1405029296875,0.0,0.0,0.0,38.026611328125,54.650089263916016,45.335872650146484,0.0,0.0,0.0
83.0,21.721221923828125,21274.57421875,1836.469970703125,8734.9541015625,10703.150390625,1600.0,16.99094581604004,0.0,10052.4833984375,0.07057464867830276,6.584727764129639,0.17993886768817902,0.934220016002655,3.916327476501465,1.614251732826233,2.62268328666687,4.916640281677246,0.001094572595320642,0.29985347390174866,0.5809099078178406,0.0,0.0,0.0,0.0,1804.6038818359375,49.31386947631836,154.6413116455078,857.6889038085938,711.1876220703125,0.0,2956.745849609375,0.5131734609603882,35.98241424560547,63.261085510253906,0.0,0.0,0.0,137.2029266357422,137.2029266357422,183.93826293945312,214.2327880859375,204.92230224609375,0.0,0.0,0.0,183.93826293945312,214.2327880859375,204.92230224609375,0.0,0.0,0.0,36.810997009277344,45.67214584350586,42.948829650878906,0.0,0.0,0.0
84.0,21.809677124023438,21284.02734375,1836.469970703125,8744.40625,10703.150390625,1600.0,16.3638973236084,0.0,10437.39453125,0.07057464867830276,6.663702011108398,0.18269456923007965,0.934220016002655,3.916912794113159,1.6142973899841309,2.62268328666687,4.920111179351807,0.0010945731773972511,0.3005044460296631,0.5828825831413269,0.0,0.0,0.0,0.0,1826.24755859375,50.069091796875,154.6413116455078,1150.294189453125,942.2718505859375,0.0,2667.95458984375,0.1895749419927597,36.0605354309082,63.475914001464844,0.0,0.0,0.0,139.20443725585938,139.20443725585938,154.05657958984375,209.114990234375,188.0107879638672,0.0,0.0,0.0,154.05657958984375,209.114990234375,188.0107879638672,0.0,0.0,0.0,28.69765281677246,44.80223846435547,38.62925720214844,0.0,0.0,0.0
85.0,21.855152130126953,21439.625,1836.469970703125,8755.2509765625,10847.904296875,1600.0,15.85376262664795,0.0,10846.83203125,0.07057464867830276,6.704870700836182,0.18414169549942017,0.934220016002655,3.9170589447021484,1.6144520044326782,2.62268328666687,4.92213773727417,0.001094573293812573,0.3006364107131958,0.583282470703125,0.0,0.0,0.0,0.0,1837.5301513671875,50.46569061279297,154.6413116455078,2690.39599609375,1162.4053955078125,0.0,1169.828125,0.08311117440462112,36.07637023925781,63.51945877075195,0.0,0.0,0.0,141.25167846679688,141.25167846679688,157.02540588378906,175.23500061035156,161.24188232421875,0.0,0.0,0.0,157.02540588378906,175.23500061035156,161.24188232421875,0.0,0.0,0.0,30.076168060302734,35.40247344970703,31.309486389160156,0.0,0.0,0.0
86.0,21.93707275390625,21687.041015625,1836.469970703125,8817.2890625,11033.28125,1600.0,15.92706298828125,0.0,10923.1025390625,0.07057464867830276,6.779309272766113,0.18676207959651947,0.934220016002655,3.9172332286834717,1.6147980690002441,2.62268328666687,4.925905704498291,0.0010945734102278948,0.3007786273956299,0.5837134122848511,0.0,0.0,0.0,0.0,1857.930908203125,51.18383026123047,154.6413116455078,2707.157958984375,1162.6546630859375,0.0,1195.762939453125,0.08493000268936157,27.07007598876953,57.787628173828125,0.0,0.0,0.0,143.2978515625,143.2978515625,86.4621810913086,158.21180725097656,159.682861328125,0.0,0.0,0.0,86.4621810913086,158.21180725097656,159.682861328125,0.0,0.0,0.0,9.36312484741211,30.349889755249023,30.78017234802246,0.0,0.0,0.0
87.0,22.028423309326172,21742.79296875,1836.469970703125,8836.91796875,11069.4052734375,1600.0,16.4565486907959,0.0,10608.0537109375,0.07057464867830276,6.861770153045654,0.1896630823612213,0.934220016002655,3.9173085689544678,1.614970088005066,2.62268328666687,4.931407451629639,0.0010945734102278948,0.30083808302879333,0.5838935375213623,0.0,0.0,0.0,0.0,1880.530029296875,51.97887420654297,154.6413116455078,2688.015380859375,967.780517578125,0.0,1172.1959228515625,0.08322169631719589,27.07542610168457,57.80546188354492,0.0,0.0,0.0,145.25570678710938,145.25570678710938,125.6419448852539,151.8138427734375,151.0511932373047,0.0,0.0,0.0,125.6419448852539,151.8138427734375,151.0511932373047,0.0,0.0,0.0,20.293718338012695,27.948999404907227,27.72592544555664,0.0,0.0,0.0
88.0,22.209890365600586,21886.767578125,1836.469970703125,8980.892578125,11069.4052734375,1600.0,16.559038162231445,0.0,10614.849609375,0.07057464867830276,7.02614688873291,0.1955404132604599,0.934220016002655,3.9173789024353027,1.6151388883590698,2.62268328666687,4.942160129547119,0.0010945735266432166,0.30089277029037476,0.5840593576431274,0.0,0.0,0.0,0.0,1925.5789794921875,53.58961486816406,154.6413116455078,2757.1728515625,598.4283447265625,0.0,1428.4317626953125,0.10133335739374161,27.080350875854492,57.821876525878906,0.0,0.0,0.0,147.0926055908203,147.0926055908203,71.47374725341797,170.8831024169922,123.79812622070312,0.0,0.0,0.0,71.47374725341797,170.8831024169922,123.79812622070312,0.0,0.0,0.0,4.3470330238342285,33.42427062988281,19.651914596557617,0.0,0.0,0.0
89.0,22.48104476928711,21996.982421875,1836.469970703125,9091.107421875,11069.4052734375,1600.0,17.431943893432617,0.0,10146.564453125,0.07057464867830276,7.272218704223633,0.20438194274902344,0.934220016002655,3.9174630641937256,1.6153438091278076,2.62268328666687,4.957849025726318,0.0010945735266432166,0.3009580671787262,0.584257185459137,0.0,0.0,0.0,0.0,1993.01708984375,56.01271438598633,154.6413116455078,1286.4012451171875,426.140625,0.0,2669.533935546875,0.18916071951389313,36.114967346191406,63.625606536865234,0.0,0.0,0.0,148.8354034423828,148.8354034423828,156.11314392089844,212.90431213378906,176.68666076660156,0.0,0.0,0.0,156.11314392089844,212.90431213378906,176.68666076660156,0.0,0.0,0.0,28.231149673461914,44.842567443847656,34.2489013671875,0.0,0.0,0.0
90.0,22.683082580566406,22031.85546875,1836.469970703125,9125.98046875,11069.4052734375,1600.0,17.678531646728516,0.0,10026.126953125,0.07057464867830276,7.455721378326416,0.2109845131635666,0.934220016002655,3.9175188541412354,1.6154813766479492,2.62268328666687,4.969413757324219,0.0010945735266432166,0.30100128054618835,0.5843881368637085,0.0,0.0,0.0,0.0,2043.3076171875,57.822208404541016,154.6413116455078,919.61083984375,403.49554443359375,0.0,2923.727294921875,0.5080175995826721,36.120155334472656,63.63986587524414,0.0,0.0,0.0,150.515380859375,150.515380859375,186.3141326904297,215.4093475341797,193.19752502441406,0.0,0.0,0.0,186.3141326904297,215.4093475341797,193.19752502441406,0.0,0.0,0.0,36.818355560302734,45.32870101928711,38.83174514770508,0.0,0.0,0.0
91.0,22.78378677368164,22042.888671875,1836.469970703125,9137.013671875,11069.4052734375,1600.0,17.948020935058594,0.0,9886.2607421875,0.07057464867830276,7.548259258270264,0.2143164426088333,0.934220016002655,3.9175376892089844,1.6155282258987427,2.62268328666687,4.974125385284424,0.0010945735266432166,0.30101585388183594,0.5844323039054871,0.0,0.0,0.0,0.0,2068.66845703125,58.7353515625,154.6413116455078,852.827392578125,395.5976257324219,0.0,2876.2587890625,0.4927228093147278,36.12190246582031,63.644676208496094,0.0,0.0,0.0,152.18896484375,152.18896484375,218.2610321044922,215.41868591308594,199.4895477294922,0.0,0.0,0.0,218.2610321044922,215.41868591308594,199.4895477294922,0.0,0.0,0.0,45.89332962036133,45.061946868896484,40.402671813964844,0.0,0.0,0.0
92.0,22.860322952270508,22080.892578125,1836.469970703125,9175.017578125,11069.4052734375,1600.0,17.477140426635742,0.0,10166.1435546875,0.07057464867830276,7.619139671325684,0.216866597533226,0.934220016002655,3.9175479412078857,1.6155537366867065,2.62268328666687,4.977161884307861,0.0010945736430585384,0.3010236918926239,0.5844560265541077,0.0,0.0,0.0,0.0,2088.093994140625,59.43424606323242,154.6413116455078,1026.95263671875,314.5289306640625,0.0,2949.89306640625,0.5104283094406128,36.12284469604492,63.64726257324219,0.0,0.0,0.0,153.87562561035156,153.87562561035156,202.28656005859375,215.37228393554688,193.1381378173828,0.0,0.0,0.0,202.28656005859375,215.37228393554688,193.1381378173828,0.0,0.0,0.0,41.69167709350586,45.51925277709961,39.01576614379883,0.0,0.0,0.0
93.0,22.924619674682617,22092.91796875,1836.469970703125,9187.04296875,11069.4052734375,1600.0,17.492691040039062,0.0,10165.2900390625,0.07057464867830276,7.679297924041748,0.2190300077199936,0.934220016002655,3.9175524711608887,1.6155649423599243,2.62268328666687,4.979109287261963,0.0010945736430585384,0.3010271489620209,0.5844665169715881,0.0,0.0,0.0,8.386012077331543,2104.580810546875,60.02714920043945,154.6413116455078,1001.6492919921875,322.5572204589844,0.0,2939.39306640625,0.5096129775047302,36.12325668334961,63.64840316772461,0.0,0.0,0.0,155.60914611816406,155.60914611816406,185.7105712890625,222.24258422851562,215.25448608398438,0.0,0.0,0.0,185.7105712890625,222.24258422851562,215.25448608398438,0.0,0.0,0.0,36.8276481628418,47.513267517089844,45.4692497253418,0.0,0.0,0.0
94.0,23.002044677734375,22143.109375,1836.469970703125,9237.2333984375,11069.4052734375,1600.0,17.305204391479492,0.0,10298.3544921875,0.07057464867830276,7.7519917488098145,0.22163471579551697,0.934220016002655,3.917555809020996,1.6155731678009033,2.62268328666687,4.981213569641113,0.0010945736430585384,0.30102968215942383,0.5844742059707642,0.0,0.0,0.0,22.78017234802246,2124.503173828125,60.74099349975586,154.6413116455078,732.3528442382812,407.5897216796875,245.08262634277344,2931.406494140625,0.508969783782959,36.12356185913086,63.64924240112305,0.0,0.0,0.0,157.37567138671875,157.37567138671875,226.48348999023438,243.9822998046875,203.70655822753906,0.0,0.0,0.0,226.48348999023438,243.9822998046875,203.70655822753906,0.0,0.0,0.0,48.94121551513672,54.05961990356445,42.27896499633789,0.0,0.0,0.0
95.0,23.08401870727539,22163.732421875,1836.469970703125,9257.8564453125,11069.4052734375,1600.0,16.986799240112305,0.0,10499.2841796875,0.07057464867830276,7.82899284362793,0.2243887186050415,0.934220016002655,3.9175586700439453,1.6155807971954346,2.62268328666687,4.9834113121032715,0.0010945736430585384,0.30103200674057007,0.5844812393188477,0.0,0.0,0.0,0.0,2145.60595703125,61.495750427246094,154.6413116455078,865.359619140625,711.773193359375,0.0,2873.7431640625,0.4934348165988922,36.12384033203125,63.65000534057617,0.0,0.0,0.0,159.21034240722656,159.21034240722656,207.92625427246094,212.18968200683594,196.6853790283203,0.0,0.0,0.0,207.92625427246094,212.18968200683594,196.6853790283203,0.0,0.0,0.0,43.83163070678711,45.07868194580078,40.54367446899414,0.0,0.0,0.0
96.0,23.13170623779297,22170.2578125,1836.469970703125,9264.3818359375,11069.4052734375,1600.0,16.447166442871094,0.0,10841.9443359375,0.07057464867830276,7.873363494873047,0.22605879604816437,0.934220016002655,3.917559862136841,1.6156566143035889,2.62268328666687,4.984978199005127,0.0010945736430585384,0.3010328710079193,0.5844838619232178,0.0,0.0,0.0,0.0,2157.76611328125,61.95344924926758,154.6413116455078,1174.02734375,943.0652465820312,0.0,2550.39208984375,0.18035627901554108,36.12394332885742,63.65029525756836,0.0,0.0,0.0,161.10540771484375,161.10540771484375,164.89695739746094,206.93724060058594,167.5596466064453,0.0,0.0,0.0,164.89695739746094,206.93724060058594,167.5596466064453,0.0,0.0,0.0,31.785192489624023,44.08197784423828,32.564029693603516,0.0,0.0,0.0
97.0,23.171110153198242,22310.173828125,1836.469970703125,9284.66015625,11189.0439453125,1600.0,15.916817665100098,0.0,11267.2451171875,0.07057464867830276,7.909419536590576,0.22753581404685974,0.934220016002655,3.91756010055542,1.6158146858215332,2.62268328666687,4.986689567565918,0.0010945736430585384,0.3010331094264984,0.5844845771789551,0.0,0.0,0.0,0.0,2167.647705078125,62.358238220214844,154.6413116455078,2582.50146484375,1163.3865966796875,0.0,1195.945068359375,0.08456315845251083,36.12397384643555,63.650367736816406,0.0,0.0,0.0,163.0400390625,163.0400390625,146.68345642089844,173.13304138183594,162.63600158691406,0.0,0.0,0.0,146.68345642089844,173.13304138183594,162.63600158691406,0.0,0.0,0.0,26.988094329833984,34.7245979309082,31.654212951660156,0.0,0.0,0.0
98.0,23.26512908935547,22562.287109375,1836.469970703125,9353.93359375,11371.8828125,2930.02685546875,15.985980033874512,0.0,11346.474609375,0.07057464867830276,7.994786262512207,0.2311171144247055,0.934220016002655,3.9179742336273193,1.6162277460098267,2.62268328666687,4.990931034088135,0.0010945736430585384,0.3010334372520447,0.5844855904579163,0.0,0.0,0.0,0.0,2191.043212890625,63.33972930908203,154.6413116455078,2598.29833984375,1163.6839599609375,0.0,1221.71630859375,0.08635881543159485,27.09300994873047,57.86407470703125,0.0,0.0,0.0,164.97975158691406,164.97975158691406,76.02877807617188,154.05718994140625,129.56884765625,0.0,0.0,0.0,76.02877807617188,154.05718994140625,129.56884765625,0.0,0.0,0.0,6.252436637878418,29.075746536254883,21.91290855407715,0.0,0.0,0.0
99.0,23.368364334106445,22620.392578125,1836.469970703125,9376.484375,11407.4375,2930.02685546875,16.51818084716797,0.0,11019.2119140625,0.07057464867830276,8.088583946228027,0.2350943237543106,0.934220016002655,3.918304920196533,1.616394281387329,2.62268328666687,4.9958953857421875,0.0010945736430585384,0.30103355646133423,0.5844860076904297,0.0,0.0,0.0,0.0,2216.749267578125,64.42971801757812,154.6413116455078,2575.49365234375,968.6339721679688,0.0,1190.4876708984375,0.08412010222673416,27.093021392822266,57.864112854003906,0.0,0.0,0.0,166.83253479003906,166.83253479003906,96.85501098632812,157.25588989257812,110.8148193359375,0.0,0.0,0.0,96.85501098632812,157.25588989257812,110.8148193359375,0.0,0.0,0.0,11.811909675598145,29.47916603088379,15.895153999328613,0.0,0.0,0.0
100.0,23.631650924682617,22843.439453125,1836.469970703125,9599.5322265625,11407.4375,2930.02685546875,16.674135208129883,0.0,11026.275390625,0.07057464867830276,8.328086853027344,0.24545647203922272,0.934220016002655,3.9188692569732666,1.6166205406188965,2.62268328666687,5.0085248947143555,0.0010945736430585384,0.30103373527526855,0.5844864249229431,0.0,0.0,0.0,0.0,2282.38720703125,67.2695541381836,154.6413116455078,2633.944091796875,598.977294921875,0.0,1436.211181640625,0.10138937830924988,27.093034744262695,57.864158630371094,0.0,0.0,0.0,168.5775146484375,168.5775146484375,133.27981567382812,163.03900146484375,125.411376953125,0.0,0.0,0.0,133.27981567382812,163.03900146484375,125.411376953125,0.0,0.0,0.0,22.310213088989258,31.014774322509766,20.008691787719727,0.0,0.0,0.0
101.0,23.988544464111328,22954.072265625,1836.469970703125,9710.1650390625,11407.4375,2930.02685546875,17.551179885864258,0.0,10539.83984375,0.07057464867830276,8.652861595153809,0.2595948576927185,0.934220016002655,3.919558048248291,1.6168817281723022,2.62268328666687,5.025554180145264,0.0010945736430585384,0.3010338842868805,0.5844869613647461,0.0,0.0,0.0,0.0,2371.394775390625,71.14431762695312,154.6413116455078,2520.2705078125,426.5463562011719,0.0,1285.31201171875,0.09062490612268448,36.12406921386719,63.650630950927734,0.0,0.0,0.0,170.2396240234375,170.2396240234375,107.72409057617188,193.07412719726562,153.4535369873047,0.0,0.0,0.0,107.72409057617188,193.07412719726562,153.4535369873047,0.0,0.0,0.0,13.958118438720703,38.92300033569336,27.333980560302734,0.0,0.0,0.0
102.0,24.218149185180664,22989.078125,1836.469970703125,9745.169921875,11407.4375,2930.02685546875,17.798492431640625,0.0,10414.7236328125,0.07057464867830276,8.861859321594238,0.26870840787887573,0.934220016002655,3.919975996017456,1.6170347929000854,2.62268328666687,5.036477565765381,0.0010945736430585384,0.30103400349617004,0.58448725938797,0.0,0.0,0.0,0.0,2428.67236328125,73.64196014404297,154.6413116455078,897.3352661132812,403.883544921875,0.0,2784.900634765625,0.46294817328453064,36.124080657958984,63.65066146850586,0.0,0.0,0.0,171.82569885253906,171.82569885253906,213.94342041015625,213.1117401123047,207.89404296875,0.0,0.0,0.0,213.94342041015625,213.1117401123047,207.89404296875,0.0,0.0,0.0,44.77995681762695,44.53669357299805,43.01051330566406,0.0,0.0,0.0
103.0,24.32771873474121,23000.15234375,1836.469970703125,9756.2451171875,11407.4375,2930.02685546875,18.06968116760254,0.0,10269.4345703125,0.07057464867830276,8.962126731872559,0.273086279630661,0.934220016002655,3.9200656414031982,1.617066740989685,2.62268328666687,5.041278839111328,0.0010945736430585384,0.30103400349617004,0.5844873189926147,0.0,0.0,0.0,0.0,2456.151611328125,74.84175872802734,154.6413116455078,824.977783203125,395.974365234375,0.0,2737.045166015625,0.4498632550239563,36.124080657958984,63.65066909790039,0.0,0.0,0.0,173.41871643066406,173.41871643066406,219.5481414794922,212.75186157226562,183.43093872070312,0.0,0.0,0.0,219.5481414794922,212.75186157226562,183.43093872070312,0.0,0.0,0.0,46.14815139770508,44.160240173339844,35.58386993408203,0.0,0.0,0.0
104.0,24.495027542114258,23130.033203125,1836.469970703125,9886.125,11407.4375,2930.02685546875,17.66302490234375,0.0,10560.1708984375,0.07057464867830276,9.116934776306152,0.27983158826828003,0.934220016002655,3.920116424560547,1.6170846223831177,2.62268328666687,5.046965599060059,0.0010945736430585384,0.30103403329849243,0.5844873785972595,0.0,0.0,0.0,0.0,2498.578125,76.69036865234375,154.6413116455078,979.0680541992188,314.8269958496094,0.0,2814.018798828125,0.4807682931423187,36.12408447265625,63.650672912597656,0.0,0.0,0.0,175.02967834472656,175.02967834472656,178.5658721923828,212.77328491210938,193.8826904296875,0.0,0.0,0.0,178.5658721923828,212.77328491210938,193.8826904296875,0.0,0.0,0.0,34.5674934387207,44.57316207885742,39.04766082763672,0.0,0.0,0.0
105.0,24.818944931030273,23311.125,1836.469970703125,10067.2177734375,11407.4375,2930.02685546875,17.807092666625977,0.0,10559.283203125,0.07057464867830276,9.418350219726562,0.29294371604919434,0.934220016002655,3.920172691345215,1.617104411125183,2.62268328666687,5.056279182434082,0.0010945736430585384,0.30103403329849243,0.5844873785972595,0.0,0.0,0.0,0.0,2581.183837890625,80.28386688232422,154.6413116455078,935.7800903320312,322.8645935058594,0.0,2760.8310546875,0.4681489169597626,36.12408447265625,63.65067672729492,0.0,0.0,0.0,176.68331909179688,176.68331909179688,178.6709747314453,214.44764709472656,179.61398315429688,0.0,0.0,0.0,178.6709747314453,214.44764709472656,179.61398315429688,0.0,0.0,0.0,34.45417022705078,44.91884231567383,34.72999572753906,0.0,0.0,0.0
106.0,25.232257843017578,23493.6171875,1836.469970703125,10249.708984375,11407.4375,2930.02685546875,17.713031768798828,0.0,10697.4990234375,0.07057464867830276,9.803702354431152,0.30967971682548523,0.934220016002655,3.9202277660369873,1.6171237230300903,2.62268328666687,5.067429065704346,0.0010945736430585384,0.3010340631008148,0.5844874382019043,0.0,0.0,0.0,7.861886501312256,2686.793212890625,84.87051391601562,154.6413116455078,884.3224487304688,407.98089599609375,0.0,2700.541259765625,0.45817822217941284,36.12408447265625,63.65068054199219,0.0,0.0,0.0,178.36605834960938,178.36605834960938,176.1634063720703,216.446533203125,179.59849548339844,0.0,0.0,0.0,176.1634063720703,216.446533203125,179.59849548339844,0.0,0.0,0.0,33.81476593017578,45.59757995605469,34.81953048706055,0.0,0.0,0.0
107.0,25.55550193786621,23551.357421875,1836.469970703125,10307.4501953125,11407.4375,2930.02685546875,17.41248893737793,0.0,10906.2216796875,0.07057464867830276,10.105302810668945,0.3227663040161133,0.934220016002655,3.9202661514282227,1.61713707447052,2.62268328666687,5.075936317443848,0.0010945736430585384,0.3010340631008148,0.5844874382019043,0.0,0.0,0.0,0.0,2769.44921875,88.45701599121094,154.6413116455078,1963.0089111328125,712.4588623046875,0.0,1378.2181396484375,0.09680958092212677,36.124088287353516,63.65068435668945,0.0,0.0,0.0,180.09632873535156,180.09632873535156,113.02568054199219,195.2559051513672,130.261474609375,0.0,0.0,0.0,113.02568054199219,195.2559051513672,130.261474609375,0.0,0.0,0.0,15.647522926330566,39.69986343383789,20.688995361328125,0.0,0.0,0.0
108.0,25.718679428100586,23569.626953125,1836.469970703125,10325.7197265625,11407.4375,2930.02685546875,16.8553524017334,0.0,11269.0439453125,0.07057464867830276,10.25761890411377,0.329373836517334,0.934220016002655,3.9202840328216553,1.6171432733535767,2.62268328666687,5.080164909362793,0.0010945736430585384,0.3010340631008148,0.5844874978065491,0.0,0.0,0.0,0.0,2811.19287109375,90.26787567138672,154.6413116455078,2266.742919921875,943.9330444335938,0.0,1047.983154296875,0.07358931005001068,32.576927185058594,61.30412292480469,0.0,0.0,0.0,181.8746337890625,181.8746337890625,144.80105590820312,183.9956817626953,152.1195831298828,0.0,0.0,0.0,144.80105590820312,183.9956817626953,152.1195831298828,0.0,0.0,0.0,25.49895668029785,36.963382720947266,27.639625549316406,0.0,0.0,0.0
109.0,25.78957748413086,23701.779296875,1836.469970703125,10331.5009765625,11533.8095703125,2930.02685546875,16.298810958862305,0.0,11711.095703125,0.07057464867830276,10.323819160461426,0.3322453200817108,0.934220016002655,3.9202914237976074,1.6171458959579468,2.62268328666687,5.081982135772705,0.0010945736430585384,0.3010340631008148,0.5844874978065491,0.0,0.0,0.0,0.0,2829.335693359375,91.05482482910156,154.6413116455078,2305.595947265625,1164.344970703125,0.0,1089.4637451171875,0.07649147510528564,18.062044143676758,52.07783508300781,0.0,0.0,0.0,183.69456481933594,183.69456481933594,146.76502990722656,169.23236083984375,150.01097106933594,0.0,0.0,0.0,146.76502990722656,169.23236083984375,150.01097106933594,0.0,0.0,0.0,26.629961013793945,33.201656341552734,27.579395294189453,0.0,0.0,0.0
110.0,25.81810760498047,23894.2890625,1836.469970703125,10333.330078125,11724.48828125,2930.02685546875,16.31759262084961,0.0,11793.443359375,0.07057464867830276,10.349799156188965,0.33340099453926086,0.934220016002655,3.92097544670105,1.6171467304229736,2.62268328666687,5.082690715789795,0.0010945736430585384,0.3010340631008148,0.5844874978065491,0.0,0.0,0.0,0.0,2836.455810546875,91.37155151367188,154.6413116455078,2326.99072265625,1164.345703125,0.0,1114.2681884765625,0.07822896540164948,18.062044143676758,52.07783508300781,0.0,0.0,0.0,185.52386474609375,185.52386474609375,132.484130859375,147.905029296875,135.47555541992188,0.0,0.0,0.0,132.484130859375,147.905029296875,135.47555541992188,0.0,0.0,0.0,22.43401527404785,26.944629669189453,23.309005737304688,0.0,0.0,0.0
111.0,25.829572677612305,25445.005859375,3348.77001953125,10334.6630859375,11761.5732421875,2930.02685546875,17.909534454345703,0.0,11453.294921875,0.07057464867830276,10.360184669494629,0.33390524983406067,0.934220016002655,3.9210901260375977,1.6171468496322632,2.62268328666687,5.083151817321777,0.0010945736430585384,0.3010340631008148,0.5844874978065491,0.0,0.0,0.0,0.0,2839.302001953125,91.5097427368164,154.6413116455078,2302.773681640625,969.0849609375,0.0,1099.8946533203125,0.07721705734729767,18.062044143676758,52.07783508300781,0.0,0.0,0.0,187.27476501464844,187.27476501464844,94.7644271850586,169.01312255859375,145.69158935546875,0.0,0.0,0.0,94.7644271850586,169.01312255859375,145.69158935546875,0.0,0.0,0.0,9.809061050415039,31.52680206298828,24.705257415771484,0.0,0.0,0.0
112.0,25.94392204284668,25559.416015625,3348.77001953125,10449.0712890625,11761.5732421875,2930.02685546875,17.982276916503906,0.0,11460.623046875,0.07057464867830276,10.465084075927734,0.3393586277961731,0.934220016002655,3.9214835166931152,1.6171469688415527,2.62268328666687,5.08675479888916,0.0010945736430585384,0.3010340631008148,0.5844874978065491,0.0,0.0,0.0,0.0,2868.050537109375,93.00428771972656,154.6413116455078,2392.9326171875,599.17236328125,0.0,1342.139892578125,0.09419863671064377,24.49850082397461,56.14786911010742,0.0,0.0,0.0,188.95266723632812,188.95266723632812,83.13111114501953,170.109619140625,138.0299835205078,0.0,0.0,0.0,83.13111114501953,170.109619140625,138.0299835205078,0.0,0.0,0.0,6.333572864532471,31.7747859954834,22.391490936279297,0.0,0.0,0.0
113.0,26.239273071289062,25740.322265625,3348.77001953125,10629.978515625,11761.5732421875,2930.02685546875,18.971576690673828,0.0,10955.0283203125,0.07057464867830276,10.736591339111328,0.35363277792930603,0.934220016002655,3.922281503677368,1.6171470880508423,2.62268328666687,5.095526695251465,0.0010945736430585384,0.3010340631008148,0.5844874978065491,0.0,0.0,0.0,0.0,2942.459716796875,96.91624450683594,154.6413116455078,2289.88720703125,426.6163330078125,0.0,1192.944091796875,0.08367403596639633,27.09306526184082,57.864261627197266,0.0,0.0,0.0,190.57046508789062,190.57046508789062,163.18687438964844,164.5772247314453,141.642333984375,0.0,0.0,0.0,163.18687438964844,164.5772247314453,141.642333984375,0.0,0.0,0.0,28.760583877563477,29.167259216308594,22.45880699157715,0.0,0.0,0.0
114.0,26.52352523803711,25797.5625,3348.77001953125,10687.21875,11761.5732421875,2930.02685546875,19.252483367919922,0.0,10824.9853515625,0.07057464867830276,10.998114585876465,0.36741113662719727,0.934220016002655,3.9229776859283447,1.6171473264694214,2.62268328666687,5.103780746459961,0.0010945736430585384,0.3010340631008148,0.5844874978065491,0.0,0.0,0.0,0.0,3014.13232421875,100.69232940673828,154.6413116455078,1886.0889892578125,403.9116516113281,0.0,1440.0301513671875,0.10094458609819412,36.124088287353516,63.65068817138672,0.0,0.0,0.0,192.11004638671875,192.11004638671875,125.61798858642578,201.64291381835938,181.5971221923828,0.0,0.0,0.0,125.61798858642578,201.64291381835938,181.5971221923828,0.0,0.0,0.0,17.49077796936035,39.728065490722656,33.86467361450195,0.0,0.0,0.0
115.0,26.6738338470459,25815.673828125,3348.77001953125,10705.330078125,11761.5732421875,2930.02685546875,19.55031394958496,0.0,10673.9736328125,0.07057464867830276,11.137528419494629,0.3747584819793701,0.934220016002655,3.923097610473633,1.6171473264694214,2.62268328666687,5.107208251953125,0.0010945736430585384,0.3010340631008148,0.5844874978065491,0.0,0.0,0.0,0.0,3052.340087890625,102.70594024658203,154.6413116455078,926.7933349609375,395.99407958984375,0.0,2269.400146484375,0.1590423434972763,32.705596923828125,61.38924026489258,0.0,0.0,0.0,193.63539123535156,193.63539123535156,178.17384338378906,211.46604919433594,146.7103729248047,0.0,0.0,0.0,178.17384338378906,211.46604919433594,146.7103729248047,0.0,0.0,0.0,32.56553649902344,42.303504943847656,23.362470626831055,0.0,0.0,0.0
116.0,27.0264835357666,26120.19921875,3348.77001953125,11009.85546875,11761.5732421875,2930.02685546875,19.22585678100586,0.0,10976.16015625,0.07057464867830276,11.465417861938477,0.3919490873813629,0.934220016002655,3.9232230186462402,1.6171473264694214,2.62268328666687,5.114652633666992,0.0010945736430585384,0.3010340631008148,0.5844874978065491,0.0,0.0,0.0,0.0,3142.201171875,107.41717529296875,154.6413116455078,1074.6640625,314.83917236328125,0.0,2306.4609375,0.16249191761016846,34.893470764160156,62.83658981323242,0.0,0.0,0.0,195.19400024414062,195.19400024414062,130.0565185546875,211.23733520507812,143.91456604003906,0.0,0.0,0.0,130.0565185546875,211.23733520507812,143.91456604003906,0.0,0.0,0.0,18.815677642822266,42.561065673828125,22.869155883789062,0.0,0.0,0.0
117.0,27.570171356201172,26332.447265625,3348.77001953125,11222.1044921875,11761.5732421875,2930.02685546875,19.388090133666992,0.0,10975.236328125,0.07057464867830276,11.971220970153809,0.4184434711933136,0.934220016002655,3.9233555793762207,1.6171473264694214,2.62268328666687,5.125910758972168,0.0010945736430585384,0.3010340631008148,0.5844874978065491,0.0,0.0,0.0,0.0,3280.369140625,114.66241455078125,154.61627197265625,804.0135498046875,322.8509521484375,0.0,2425.728271484375,0.4273940920829773,32.177635192871094,61.039974212646484,0.0,0.0,0.0,196.80255126953125,196.80255126953125,185.337646484375,206.6946258544922,206.26368713378906,0.0,0.0,0.0,185.337646484375,206.6946258544922,206.26368713378906,0.0,0.0,0.0,34.82316970825195,41.07008743286133,40.94403839111328,0.0,0.0,0.0
118.0,28.077423095703125,26515.9609375,3348.77001953125,11405.6171875,11761.5732421875,2930.02685546875,19.26848793029785,0.0,11118.9013671875,0.07057464867830276,12.443251609802246,0.44315454363822937,0.934220016002655,3.9234535694122314,1.6171473264694214,2.62268328666687,5.136322498321533,0.0010945736430585384,0.3010340631008148,0.5844874978065491,0.0,0.0,0.0,0.0,3381.87109375,120.4421157836914,153.38575744628906,769.2566528320312,406.3034973144531,0.0,2374.390869140625,0.4043111801147461,27.09306526184082,57.864261627197266,0.0,0.0,0.0,198.44627380371094,198.44627380371094,179.99105834960938,193.42794799804688,191.9568328857422,0.0,0.0,0.0,179.99105834960938,193.42794799804688,191.9568328857422,0.0,0.0,0.0,33.3788948059082,37.30918502807617,36.87888717651367,0.0,0.0,0.0
119.0,28.431468963623047,26574.025390625,3348.77001953125,11463.681640625,11761.5732421875,2930.02685546875,18.935558319091797,0.0,11335.83203125,0.07057464867830276,12.772692680358887,0.4603959321975708,0.934220016002655,3.923576831817627,1.617147445678711,2.62268328666687,5.143562316894531,0.0010945736430585384,0.3010340631008148,0.5844874978065491,0.0,0.0,0.0,0.0,3399.3759765625,122.53163146972656,151.39366149902344,876.9515991210938,702.3408813476562,0.0,2097.75244140625,0.14661265909671783,27.09306526184082,57.864261627197266,0.0,0.0,0.0,200.1275177001953,200.1275177001953,146.15078735351562,185.65052795410156,147.16807556152344,0.0,0.0,0.0,146.15078735351562,185.65052795410156,147.16807556152344,0.0,0.0,0.0,23.813547134399414,35.36722183227539,24.111103057861328,0.0,0.0,0.0
120.0,28.60477638244629,26592.46484375,3348.77001953125,11482.1201171875,11761.5732421875,2930.02685546875,18.45857810974121,0.0,11631.455078125,0.07057464867830276,12.933669090270996,0.46883291006088257,0.934220016002655,3.9239418506622314,1.617147445678711,2.62268328666687,5.147091865539551,0.0010945736430585384,0.3010340631008148,0.5844874978065491,0.0,0.0,0.0,0.0,3420.777587890625,123.99986267089844,150.8277587890625,2028.0667724609375,927.7279663085938,0.0,896.4594116210938,0.06263726949691772,27.09306526184082,57.864261627197266,0.0,0.0,0.0,201.82391357421875,201.82391357421875,134.95840454101562,158.36582946777344,141.080322265625,0.0,0.0,0.0,134.95840454101562,158.36582946777344,141.080322265625,0.0,0.0,0.0,21.016756057739258,27.863426208496094,22.807418823242188,0.0,0.0,0.0
121.0,28.67925262451172,26689.169921875,3348.77001953125,11488.20703125,11852.1923828125,2930.02685546875,17.812482833862305,0.0,12087.7275390625,0.07057464867830276,13.00257682800293,0.47244587540626526,0.934220016002655,3.9243884086608887,1.617147445678711,2.62268328666687,5.1486005783081055,0.0010945736430585384,0.3010340631008148,0.5844874978065491,0.0,0.0,0.0,0.0,3454.328369140625,125.51229095458984,151.26678466796875,2049.52294921875,1146.81201171875,0.0,940.8556518554688,0.06573188304901123,18.062044143676758,52.07783508300781,0.0,0.0,0.0,203.53494262695312,203.53494262695312,101.77944946289062,146.46347045898438,129.50108337402344,0.0,0.0,0.0,101.77944946289062,146.46347045898438,129.50108337402344,0.0,0.0,0.0,11.958006858825684,25.028079986572266,20.066585540771484,0.0,0.0,0.0
122.0,28.709346771240234,26870.814453125,3348.77001953125,11490.1767578125,12031.8671875,2930.02685546875,17.809101104736328,0.0,12172.72265625,0.07057464867830276,13.028400421142578,0.4737958312034607,0.934220016002655,3.926743745803833,1.617147445678711,2.62268328666687,5.149165153503418,0.0010945736430585384,0.3010340631008148,0.5844874978065491,0.0,0.0,0.0,0.0,3470.005859375,126.19156646728516,151.50381469726562,2054.67138671875,1148.220947265625,0.0,973.2489013671875,0.06799209117889404,18.062044143676758,52.07783508300781,0.0,0.0,0.0,205.23956298828125,205.23956298828125,84.86279296875,145.28627014160156,124.62616729736328,0.0,0.0,0.0,84.86279296875,145.28627014160156,124.62616729736328,0.0,0.0,0.0,7.013264179229736,24.687131881713867,18.644052505493164,0.0,0.0,0.0
123.0,28.722536087036133,26908.59765625,3348.77001953125,11493.1533203125,12066.6748046875,2930.02685546875,18.381696701049805,0.0,11821.62890625,0.07057464867830276,13.040471076965332,0.4745040237903595,0.934220016002655,3.9268996715545654,1.617147445678711,2.62268328666687,5.149420261383057,0.0010945736430585384,0.3010340631008148,0.5844874978065491,0.0,0.0,0.0,0.0,3458.396484375,125.84078216552734,151.07325744628906,2049.4560546875,953.6904907226562,0.0,947.2604370117188,0.06617520749568939,18.062044143676758,52.07783508300781,0.0,0.0,0.0,206.8768310546875,206.8768310546875,115.57476806640625,149.7403564453125,128.24655151367188,0.0,0.0,0.0,115.57476806640625,149.7403564453125,128.24655151367188,0.0,0.0,0.0,15.423921585083008,25.417356491088867,19.13041877746582,0.0,0.0,0.0
124.0,29.046470642089844,27239.740234375,3348.77001953125,11824.294921875,12066.6748046875,2930.02685546875,18.599435806274414,0.0,11829.1982421875,0.07057464867830276,13.33750057220459,0.4931681454181671,0.934220016002655,3.9288113117218018,1.617147445678711,2.62268328666687,5.155747890472412,0.0010945736430585384,0.3010340631008148,0.5844874978065491,0.0,0.0,0.0,0.0,3577.435546875,132.27944946289062,152.1558074951172,2071.808349609375,592.8922119140625,0.0,1162.6629638671875,0.08118598163127899,18.062044143676758,52.07783508300781,0.0,0.0,0.0,208.4436798095703,208.4436798095703,128.20193481445312,154.7936553955078,128.83920288085938,0.0,0.0,0.0,128.20193481445312,154.7936553955078,128.83920288085938,0.0,0.0,0.0,18.899633407592773,26.677709579467773,19.086030960083008,0.0,0.0,0.0
125.0,29.683876037597656,27538.396484375,3348.77001953125,12122.951171875,12066.6748046875,2930.02685546875,19.699615478515625,0.0,11307.337890625,0.07057464867830276,13.922333717346191,0.5300373435020447,0.934220016002655,3.9320435523986816,1.617147445678711,2.62268328666687,5.168220043182373,0.0010945736430585384,0.3010340631008148,0.5844874978065491,0.0,0.0,0.0,0.0,3614.407958984375,137.6041717529297,149.10836791992188,2037.4166259765625,415.5746765136719,0.0,982.1103515625,0.06851677596569061,18.062044143676758,52.07783508300781,0.0,0.0,0.0,209.95423889160156,209.95423889160156,130.81045532226562,150.33657836914062,131.245361328125,0.0,0.0,0.0,130.81045532226562,150.33657836914062,131.245361328125,0.0,0.0,0.0,18.56244468688965,24.273834228515625,18.689655303955078,0.0,0.0,0.0
126.0,30.200544357299805,27632.892578125,3348.77001953125,12217.4482421875,12066.6748046875,2930.02685546875,20.015399932861328,0.0,11173.1181640625,0.07057464867830276,14.396529197692871,0.5599695444107056,0.934220016002655,3.934467315673828,1.617147445678711,2.62268328666687,5.178338050842285,0.0010945736430585384,0.3010340631008148,0.5844874978065491,0.0,0.0,0.0,0.0,3663.745361328125,142.50558471679688,147.30819702148438,2016.8843994140625,389.75701904296875,0.0,888.9927368164062,0.06197526305913925,15.17143726348877,50.16560363769531,0.0,0.0,0.0,211.38511657714844,211.38511657714844,123.37255859375,152.4449920654297,93.95393371582031,0.0,0.0,0.0,123.37255859375,152.4449920654297,93.95393371582031,0.0,0.0,0.0,16.071073532104492,24.57476043701172,7.466125011444092,0.0,0.0,0.0
127.0,30.463685989379883,27662.79296875,3348.77001953125,12247.34765625,12066.6748046875,2930.02685546875,20.332759857177734,0.0,11017.24609375,0.07057464867830276,14.638089179992676,0.5752226114273071,0.934220016002655,3.9356400966644287,1.617147445678711,2.62268328666687,5.183493614196777,0.0010945736430585384,0.3010340631008148,0.5844874978065491,0.0,0.0,0.0,0.0,3673.957275390625,144.37289428710938,146.06533813476562,660.6471557617188,379.6365661621094,0.0,2118.327392578125,0.25116848945617676,27.09306526184082,57.864261627197266,0.0,0.0,0.0,212.77023315429688,212.77023315429688,182.65322875976562,189.54737854003906,158.07858276367188,0.0,0.0,0.0,182.65322875976562,189.54737854003906,158.07858276367188,0.0,0.0,0.0,33.09331130981445,35.10984802246094,25.905221939086914,0.0,0.0,0.0
128.0,30.578481674194336,27672.251953125,3348.77001953125,12256.8076171875,12066.6748046875,2930.02685546875,19.767358779907227,0.0,11329.15234375,0.07057464867830276,14.73613452911377,0.5813431143760681,0.9426187872886658,3.935770034790039,1.617147445678711,2.62268328666687,5.185593128204346,0.0010945736430585384,0.3010340631008148,0.5844874978065491,0.0,0.0,0.0,0.0,3751.828857421875,148.01031494140625,148.59722900390625,740.9971923828125,303.8702087402344,0.0,2238.399169921875,0.26522934436798096,27.09306526184082,57.864261627197266,0.0,0.0,0.0,214.15330505371094,214.15330505371094,167.5465087890625,189.65289306640625,154.78549194335938,0.0,0.0,0.0,167.5465087890625,189.65289306640625,154.78549194335938,0.0,0.0,0.0,29.2399959564209,35.706111907958984,25.507396697998047,0.0,0.0,0.0
129.0,30.964157104492188,28094.578125,3348.77001953125,12679.1337890625,12066.6748046875,2930.02685546875,20.07462501525879,0.0,11328.1982421875,0.07057464867830276,15.000391960144043,0.5974429845809937,1.042136311531067,3.935906171798706,1.617147445678711,2.62268328666687,5.191258907318115,0.0010945736430585384,0.3010340631008148,0.5844874978065491,0.0,0.0,0.0,0.0,3782.329833984375,150.6444854736328,162.24085998535156,824.5210571289062,310.20556640625,0.0,2099.817626953125,0.1462479531764984,27.09306526184082,57.864261627197266,0.0,0.0,0.0,215.5730438232422,215.5730438232422,104.11669921875,190.2047576904297,151.37698364257812,0.0,0.0,0.0,104.11669921875,190.2047576904297,151.37698364257812,0.0,0.0,0.0,10.379508018493652,35.560264587402344,24.203144073486328,0.0,0.0,0.0
130.0,31.806154251098633,28469.91796875,3348.77001953125,13054.4736328125,12066.6748046875,2930.02685546875,20.0762939453125,0.0,11476.4794921875,0.07057464867830276,15.55010986328125,0.6320199966430664,1.2878056764602661,3.9361376762390137,1.617147445678711,2.62268328666687,5.203059673309326,0.0010945736430585384,0.3010340631008148,0.5844874978065491,0.0,0.0,0.0,0.0,3856.424560546875,156.74085998535156,196.00852966308594,1693.0257568359375,388.9453430175781,0.0,1137.118408203125,0.07912871986627579,27.09306526184082,57.864261627197266,0.0,0.0,0.0,217.01478576660156,217.01478576660156,152.55767822265625,172.81375122070312,157.7036590576172,0.0,0.0,0.0,152.55767822265625,172.81375122070312,157.7036590576172,0.0,0.0,0.0,24.546825408935547,30.471729278564453,26.052026748657227,0.0,0.0,0.0
131.0,32.504093170166016,28606.298828125,3348.77001953125,13190.853515625,12066.6748046875,2930.02685546875,19.779296875,0.0,11700.3935546875,0.07057464867830276,15.995845794677734,0.6602563858032227,1.5020320415496826,3.9363059997558594,1.617147445678711,2.62268328666687,5.212631702423096,0.0010945736430585384,0.3010340631008148,0.5844874978065491,0.0,0.0,0.0,0.0,3892.46435546875,160.66824340820312,224.2045135498047,1913.37939453125,673.2675170898438,0.0,713.6571655273438,0.04962615296244621,27.09306526184082,57.864261627197266,0.0,0.0,0.0,218.49072265625,218.49072265625,158.8407745361328,161.60487365722656,151.01528930664062,0.0,0.0,0.0,158.8407745361328,161.60487365722656,151.01528930664062,0.0,0.0,0.0,26.681631088256836,27.490129470825195,24.39267349243164,0.0,0.0,0.0
132.0,32.8687629699707,28649.44921875,3348.77001953125,13234.0048828125,12066.6748046875,2930.02685546875,19.356121063232422,0.0,11968.880859375,0.07057464867830276,16.22572135925293,0.6748644709587097,1.6171993017196655,3.9363865852355957,1.617147445678711,2.62268328666687,5.217569351196289,0.0010945736430585384,0.3010340631008148,0.5844874978065491,0.0,0.0,0.0,0.0,3923.141357421875,163.17233276367188,239.63137817382812,1890.69873046875,889.3719482421875,0.0,650.9663696289062,0.04525025933980942,27.09306526184082,57.864261627197266,0.0,0.0,0.0,220.00108337402344,220.00108337402344,131.67495727539062,158.6188507080078,151.95249938964844,0.0,0.0,0.0,131.67495727539062,158.6188507080078,151.95249938964844,0.0,0.0,0.0,19.158802032470703,27.03989028930664,25.089984893798828,0.0,0.0,0.0
133.0,33.029659271240234,28736.744140625,3348.77001953125,13247.658203125,12140.31640625,2930.02685546875,18.666013717651367,0.0,12438.38671875,0.07057464867830276,16.326248168945312,0.6812589168548584,1.6689810752868652,3.936420202255249,1.617147445678711,2.62268328666687,5.219728946685791,0.0010945736430585384,0.3010340631008148,0.5844874978065491,0.0,0.0,0.0,0.0,3968.918701171875,165.6143798828125,247.82403564453125,1937.8856201171875,1099.780029296875,0.0,687.0853881835938,0.047753363847732544,9.031022071838379,40.504981994628906,0.0,0.0,0.0,221.5437469482422,221.5437469482422,97.71601867675781,139.0297088623047,109.7808837890625,0.0,0.0,0.0,97.71601867675781,139.0297088623047,109.7808837890625,0.0,0.0,0.0,9.915922164916992,22.000179290771484,13.444894790649414,0.0,0.0,0.0
134.0,33.094966888427734,28916.171875,3348.77001953125,13251.978515625,12315.4228515625,2930.02685546875,18.65138816833496,0.0,12525.8486328125,0.07057464867830276,16.36602783203125,0.6837993264198303,1.6899043321609497,3.9376296997070312,1.617147445678711,2.62268328666687,5.220583438873291,0.0010945736430585384,0.3010340631008148,0.5844874978065491,0.0,0.0,0.0,0.0,3986.357666015625,166.55653381347656,251.09339904785156,1945.8028564453125,1100.7664794921875,0.0,713.8942260742188,0.04961349070072174,9.031022071838379,40.504981994628906,0.0,0.0,0.0,223.09112548828125,223.09112548828125,115.8490982055664,138.41497802734375,98.91305541992188,0.0,0.0,0.0,115.8490982055664,138.41497802734375,98.91305541992188,0.0,0.0,0.0,15.23447322845459,21.834993362426758,10.280681610107422,0.0,0.0,0.0
135.0,33.12099838256836,28952.576171875,3348.77001953125,13254.5478515625,12349.2587890625,2930.02685546875,19.248641967773438,0.0,12164.56640625,0.07057464867830276,16.38895606994629,0.6856184005737305,1.6905345916748047,3.937782049179077,1.617147445678711,2.62268328666687,5.2210869789123535,0.0010945736430585384,0.3010340631008148,0.5844874978065491,0.0,0.0,0.0,0.0,3967.95947265625,165.99630737304688,250.1975555419922,1934.063232421875,913.6284790039062,0.0,687.780029296875,0.04779689013957977,9.031022071838379,40.504981994628906,0.0,0.0,0.0,224.58717346191406,224.58717346191406,125.62218475341797,145.413330078125,131.74940490722656,0.0,0.0,0.0,125.62218475341797,145.413330078125,131.74940490722656,0.0,0.0,0.0,17.495847702026367,23.28475570678711,19.28805923461914,0.0,0.0,0.0
136.0,33.468711853027344,29305.072265625,3348.77001953125,13607.04296875,12349.2587890625,2930.02685546875,19.47369384765625,0.0,12172.3603515625,0.07057464867830276,16.69019889831543,0.7089241147041321,1.705777883529663,3.939067840576172,1.617147445678711,2.62268328666687,5.227724075317383,0.0010945736430585384,0.3010340631008148,0.5844874978065491,0.0,0.0,0.0,0.0,4072.82763671875,172.99530029296875,253.5968017578125,1970.0927734375,566.9349365234375,0.0,880.2858276367188,0.0611458420753479,9.590286254882812,46.62942123413086,0.0,0.0,0.0,226.03184509277344,226.03184509277344,131.94053649902344,151.20802307128906,121.32389068603516,0.0,0.0,0.0,131.94053649902344,151.20802307128906,121.32389068603516,0.0,0.0,0.0,19.118913650512695,24.754655838012695,16.013545989990234,0.0,0.0,0.0
137.0,34.13978958129883,29637.4765625,3348.77001953125,13939.447265625,12349.2587890625,2930.02685546875,20.634334564208984,0.0,11635.359375,0.07057464867830276,17.240745544433594,0.7513443827629089,1.7696551084518433,3.9411604404449463,1.617147445678711,2.62268328666687,5.23986291885376,0.0010945736430585384,0.3010340631008148,0.5844874978065491,0.0,0.0,0.0,0.0,4093.053955078125,178.37355041503906,258.2280578613281,1911.0743408203125,398.61163330078125,0.0,720.9701538085938,0.050035979598760605,9.031022071838379,40.504981994628906,0.0,0.0,0.0,227.435302734375,227.435302734375,77.90983581542969,143.83108520507812,119.98735046386719,0.0,0.0,0.0,77.90983581542969,143.83108520507812,119.98735046386719,0.0,0.0,0.0,2.1542928218841553,21.436260223388672,14.461967468261719,0.0,0.0,0.0
138.0,34.745018005371094,29763.55859375,3348.77001953125,14065.5302734375,12349.2587890625,2930.02685546875,20.98230743408203,0.0,11497.2451171875,0.07057464867830276,17.724042892456055,0.78924560546875,1.840128779411316,3.9440534114837646,1.617147445678711,2.62268328666687,5.250527381896973,0.0010945736430585384,0.3010340631008148,0.5844874978065491,0.0,0.0,0.0,0.0,4139.32763671875,184.32284545898438,265.39398193359375,1869.6065673828125,374.60662841796875,0.0,632.6937255859375,0.04387610778212547,9.031022071838379,40.504981994628906,0.0,0.0,0.0,228.77151489257812,228.77151489257812,119.1341552734375,140.50314331054688,80.61869049072266,0.0,0.0,0.0,119.1341552734375,140.50314331054688,80.61869049072266,0.0,0.0,0.0,13.864432334899902,20.11486053466797,2.5986592769622803,0.0,0.0,0.0
139.0,35.070377349853516,29804.755859375,3348.77001953125,14106.7255859375,12349.2587890625,2930.02685546875,21.32154083251953,0.0,11336.84375,0.07057464867830276,17.944656372070312,0.8064308166503906,1.9200193881988525,3.946852207183838,1.617147445678711,2.62268328666687,5.255395412445068,0.0010945736430585384,0.3010340631008148,0.5844874978065491,0.0,0.0,0.0,0.0,4136.373046875,185.88812255859375,274.4918212890625,1807.1119384765625,365.02703857421875,0.0,567.1220703125,0.03931516408920288,18.062044143676758,52.07783508300781,0.0,0.0,0.0,230.06663513183594,230.06663513183594,157.4654083251953,154.42466735839844,127.99515533447266,0.0,0.0,0.0,157.4654083251953,154.42466735839844,127.99515533447266,0.0,0.0,0.0,24.737089157104492,23.847673416137695,16.117042541503906,0.0,0.0,0.0
140.0,35.250911712646484,29911.5078125,3348.77001953125,14213.478515625,12349.2587890625,2930.02685546875,20.794532775878906,0.0,11657.7958984375,0.07057464867830276,18.00657081604004,0.8111382126808167,2.026262044906616,3.948352813720703,1.617147445678711,2.62268328666687,5.2615647315979,0.0010945736430585384,0.3010340631008148,0.5844874978065491,0.0,0.0,0.0,0.0,4210.7080078125,189.6788787841797,291.35675048828125,510.61041259765625,292.162109375,0.0,2051.65234375,0.30727025866508484,20.852174758911133,53.764156341552734,0.0,0.0,0.0,231.35377502441406,231.35377502441406,153.72018432617188,190.11196899414062,173.24122619628906,0.0,0.0,0.0,153.72018432617188,190.11196899414062,173.24122619628906,0.0,0.0,0.0,24.168624877929688,34.8132209777832,29.878528594970703,0.0,0.0,0.0
141.0,35.53582763671875,30007.365234375,3348.77001953125,14309.3349609375,12349.2587890625,2930.02685546875,20.86661148071289,0.0,11656.8125,0.07057464867830276,18.080354690551758,0.8171514272689819,2.213829278945923,3.950843334197998,1.617147445678711,2.62268328666687,5.276626110076904,0.0010945736430585384,0.3010340631008148,0.5844874978065491,0.0,0.0,0.0,0.0,4212.919921875,190.4051971435547,316.5130920410156,384.5303039550781,299.1329650878906,0.0,2142.42919921875,0.33074793219566345,19.747276306152344,53.09636688232422,0.0,0.0,0.0,232.6785888671875,232.6785888671875,168.97463989257812,192.41152954101562,174.4991912841797,0.0,0.0,0.0,168.97463989257812,192.41152954101562,174.4991912841797,0.0,0.0,0.0,28.5584716796875,35.413761138916016,30.174400329589844,0.0,0.0,0.0
142.0,35.73916244506836,30066.271484375,3348.77001953125,14368.2421875,12349.2587890625,2930.02685546875,20.63292694091797,0.0,11809.3916015625,0.07057464867830276,18.119897842407227,0.8203612565994263,2.3618149757385254,3.952378511428833,1.617147445678711,2.62268328666687,5.287688732147217,0.0010945736430585384,0.3010340631008148,0.5844874978065491,0.0,0.0,0.0,0.0,4223.625,191.22064208984375,336.9459533691406,422.2043762207031,378.04486083984375,0.0,2095.076904296875,0.2863609492778778,19.919536590576172,53.20048141479492,0.0,0.0,0.0,234.0335693359375,234.0335693359375,172.7342987060547,190.4295654296875,162.6460723876953,0.0,0.0,0.0,172.7342987060547,190.4295654296875,162.6460723876953,0.0,0.0,0.0,29.89185333251953,35.06772232055664,26.94104766845703,0.0,0.0,0.0
143.0,35.894859313964844,30099.353515625,3348.77001953125,14401.3251953125,12349.2587890625,2930.02685546875,20.252161026000977,0.07726491242647171,12039.80859375,0.07057464867830276,18.14600944519043,0.8224968910217285,2.479701519012451,3.9534707069396973,1.617147445678711,2.62268328666687,5.29616117477417,0.0010945736430585384,0.3010340631008148,0.5844874978065491,0.0,0.0,0.0,0.0,4208.90283203125,190.7752685546875,352.26800537109375,1823.760009765625,658.646484375,0.0,569.8024291992188,0.03938409313559532,18.062044143676758,52.07783508300781,0.0,0.0,0.0,235.42739868164062,235.42739868164062,140.55767822265625,168.2940216064453,138.5234832763672,0.0,0.0,0.0,140.55767822265625,168.2940216064453,138.5234832763672,0.0,0.0,0.0,20.783695220947266,28.896574020385742,20.188692092895508,0.0,0.0,0.0
144.0,35.97901916503906,30109.822265625,3348.77001953125,14411.79296875,12349.2587890625,2930.02685546875,19.670875549316406,0.0,12391.5751953125,0.07057464867830276,18.15894889831543,0.8235589265823364,2.544708728790283,3.9540374279022217,1.617147445678711,2.62268328666687,5.300741672515869,0.0010945736430585384,0.3010340631008148,0.5844874978065491,0.0,0.0,0.0,0.0,4218.9189453125,191.3397216796875,361.98382568359375,1832.2479248046875,873.3455200195312,0.0,561.8305053710938,0.038820188492536545,18.062044143676758,52.07783508300781,0.0,0.0,0.0,236.85916137695312,236.85916137695312,136.53419494628906,154.7011260986328,135.8109893798828,0.0,0.0,0.0,136.53419494628906,154.7011260986328,135.8109893798828,0.0,0.0,0.0,20.265377044677734,25.579206466674805,20.05384063720703,0.0,0.0,0.0
145.0,36.016685485839844,30223.09765625,3348.77001953125,14415.10546875,12459.2216796875,2930.02685546875,18.98198127746582,0.0,12877.650390625,0.07057464867830276,18.16438865661621,0.8240059018135071,2.574192523956299,3.9542839527130127,1.617147445678711,2.62268328666687,5.302792072296143,0.0010945736430585384,0.3010340631008148,0.5844874978065491,0.0,0.0,0.0,0.0,4266.8779296875,193.5618438720703,368.0514831542969,1865.4058837890625,1082.6575927734375,0.0,609.65185546875,0.04211818799376488,9.031022071838379,40.504981994628906,0.0,0.0,0.0,238.3295440673828,238.3295440673828,118.42842864990234,131.3321990966797,110.10415649414062,0.0,0.0,0.0,118.42842864990234,131.3321990966797,110.10415649414062,0.0,0.0,0.0,15.658334732055664,19.432687759399414,13.22348403930664,0.0,0.0,0.0
146.0,36.03209686279297,30422.25390625,3348.77001953125,14416.1533203125,12657.33203125,2939.186767578125,18.973207473754883,0.0,12968.203125,0.07057464867830276,18.166288375854492,0.8241666555404663,2.585132598876953,3.955944061279297,1.617147445678711,2.62268328666687,5.303543567657471,0.0010945736430585384,0.3010340631008148,0.5844874978065491,0.0,0.0,0.0,0.0,4279.5166015625,194.15274047851562,370.21099853515625,1878.4862060546875,1084.0535888671875,0.0,639.2998657226562,0.044164083898067474,9.031022071838379,40.504981994628906,0.0,0.0,0.0,239.8087615966797,239.8087615966797,116.33180236816406,138.5599822998047,118.83915710449219,0.0,0.0,0.0,116.33180236816406,138.5599822998047,118.83915710449219,0.0,0.0,0.0,15.053844451904297,21.555587768554688,15.787245750427246,0.0,0.0,0.0
147.0,36.039363861083984,30462.927734375,3348.77001953125,14418.388671875,12695.76953125,2939.186767578125,19.5826473236084,0.0,12594.1669921875,0.07062121480703354,18.172504425048828,0.8247935771942139,2.5852713584899902,3.9560341835021973,1.617147445678711,2.62268328666687,5.303693771362305,0.0010945736430585384,0.3010340631008148,0.5844874978065491,0.0,0.0,0.0,0.0,4254.6767578125,193.10659790039062,368.73785400390625,1862.9906005859375,899.7459106445312,0.0,613.08154296875,0.042352404445409775,9.031022071838379,40.504981994628906,0.0,0.0,0.0,241.24757385253906,241.24757385253906,131.06890869140625,144.40296936035156,127.77725219726562,0.0,0.0,0.0,131.06890869140625,144.40296936035156,127.77725219726562,0.0,0.0,0.0,18.7550048828125,22.65521812438965,17.792198181152344,0.0,0.0,0.0
148.0,36.32212829589844,30753.9296875,3348.77001953125,14709.3896484375,12695.76953125,2939.186767578125,19.760047912597656,0.0,12602.224609375,0.07245359569787979,18.416522979736328,0.8482983112335205,2.587862253189087,3.9589762687683105,1.617147445678711,2.62268328666687,5.311567783355713,0.0010945736430585384,0.3010340631008148,0.5844874978065491,0.0,0.0,0.0,0.0,4346.5166015625,200.20840454101562,370.92120361328125,1915.89404296875,558.3197631835938,0.0,804.4979248046875,0.055544570088386536,9.031022071838379,40.504981994628906,0.0,0.0,0.0,242.643310546875,242.643310546875,127.7435302734375,150.15347290039062,127.80062866210938,0.0,0.0,0.0,127.7435302734375,150.15347290039062,127.80062866210938,0.0,0.0,0.0,17.604934692382812,24.159841537475586,17.62163734436035,0.0,0.0,0.0
149.0,36.722110748291016,30849.46875,3348.77001953125,14804.9287109375,12695.76953125,2939.186767578125,20.768037796020508,0.0,12046.259765625,0.07504138350486755,18.76105499267578,0.8814881443977356,2.59110951423645,3.963042974472046,1.617147445678711,2.62268328666687,5.323925971984863,0.0010945736430585384,0.3010340631008148,0.5844874978065491,0.0,0.0,0.0,0.0,4332.72021484375,203.57286071777344,366.52252197265625,1860.00390625,393.625244140625,0.0,664.0739135742188,0.04580915346741676,9.031022071838379,40.504981994628906,0.0,0.0,0.0,244.00685119628906,244.00685119628906,118.77252960205078,138.3873748779297,110.67472839355469,0.0,0.0,0.0,118.77252960205078,138.3873748779297,110.67472839355469,0.0,0.0,0.0,13.97292709350586,19.710268020629883,11.60431957244873,0.0,0.0,0.0
150.0,36.949432373046875,30879.697265625,3348.77001953125,14835.158203125,12695.76953125,2939.186767578125,21.049489974975586,0.0,11903.267578125,0.07651052623987198,18.956628799438477,0.9003090858459473,2.592792272567749,3.965317487716675,1.617147445678711,2.62268328666687,5.331426620483398,0.0010945736430585384,0.3010340631008148,0.5844874978065491,0.0,0.0,0.0,0.0,4325.79638671875,205.44549560546875,364.8274841308594,1846.96337890625,370.63116455078125,0.0,609.236572265625,0.04200402647256851,9.031022071838379,40.504981994628906,0.0,0.0,0.0,245.31210327148438,245.31210327148438,103.30110168457031,138.47364807128906,98.15853881835938,0.0,0.0,0.0,103.30110168457031,138.47364807128906,98.15853881835938,0.0,0.0,0.0,9.166082382202148,19.45405387878418,7.661882400512695,0.0,0.0,0.0
151.0,37.05323791503906,30889.26171875,3348.77001953125,14844.72265625,12695.76953125,2939.186767578125,21.367000579833984,0.0,11737.205078125,0.07697254419326782,19.01813507080078,0.9061790108680725,2.619419813156128,3.966719388961792,1.617147445678711,2.62268328666687,5.3393659591674805,0.0010945736430585384,0.3010340631008148,0.5844874978065491,0.0,0.0,0.0,0.0,4300.8828125,204.92910766601562,366.2654113769531,1828.0460205078125,361.7787780761719,0.0,547.876220703125,0.03775210678577423,9.031022071838379,40.504981994628906,0.0,0.0,0.0,246.58192443847656,246.58192443847656,129.5714111328125,143.5513916015625,116.97071838378906,0.0,0.0,0.0,129.5714111328125,143.5513916015625,116.97071838378906,0.0,0.0,0.0,16.532636642456055,20.62177848815918,12.846935272216797,0.0,0.0,0.0
152.0,37.14932632446289,31025.783203125,3348.77001953125,14981.2451171875,12695.76953125,2939.186767578125,20.855426788330078,0.0,12069.4921875,0.07707147300243378,19.031314849853516,0.9073799252510071,2.6962199211120605,3.967848300933838,1.617147445678711,2.62268328666687,5.343045234680176,0.0010945736430585384,0.3010340631008148,0.5844874978065491,0.0,0.0,0.0,0.0,4377.81982421875,208.72682189941406,380.4198913574219,1824.98388671875,289.9931945800781,0.0,729.7811889648438,0.05027322471141815,18.062044143676758,52.07783508300781,0.0,0.0,0.0,247.84107971191406,247.84107971191406,102.82797241210938,173.302978515625,155.473876953125,0.0,0.0,0.0,102.82797241210938,173.302978515625,155.473876953125,0.0,0.0,0.0,9.221755981445312,29.835693359375,24.620683670043945,0.0,0.0,0.0
153.0,37.4656982421875,31139.587890625,3348.77001953125,15095.048828125,12695.76953125,2939.186767578125,20.937198638916016,0.0,12068.4736328125,0.07732368260622025,19.064876556396484,0.9106549024581909,2.9591283798217773,3.971669912338257,1.617147445678711,2.62268328666687,5.355599403381348,0.0010945736430585384,0.3010340631008148,0.5844874978065491,0.0,0.0,0.0,0.0,4371.6220703125,208.81536865234375,415.4629211425781,667.2178344726562,296.95745849609375,0.0,1849.587158203125,0.12730050086975098,18.062044143676758,52.07783508300781,0.0,0.0,0.0,249.1398162841797,249.1398162841797,159.5650177001953,183.6514434814453,155.87509155273438,0.0,0.0,0.0,159.5650177001953,183.6514434814453,155.87509155273438,0.0,0.0,0.0,25.735570907592773,32.78084945678711,24.656265258789062,0.0,0.0,0.0
154.0,37.69867706298828,31206.841796875,3348.77001953125,15162.302734375,12695.76953125,2939.186767578125,20.70631980895996,1.3911640644073486,12226.44140625,0.0774630680680275,19.083423614501953,0.9124664068222046,3.16058611869812,3.974113702774048,1.617147445678711,2.62268328666687,5.3641767501831055,0.0010945736430585384,0.3010340631008148,0.5844874978065491,0.0,0.0,0.0,0.0,4378.7333984375,209.36741638183594,442.70806884765625,1837.9737548828125,375.31402587890625,0.0,670.718505859375,0.04613492265343666,18.062044143676758,52.07783508300781,0.0,0.0,0.0,250.47267150878906,250.47267150878906,156.39210510253906,170.34754943847656,159.40025329589844,0.0,0.0,0.0,156.39210510253906,170.34754943847656,159.40025329589844,0.0,0.0,0.0,23.647205352783203,27.72917366027832,24.527090072631836,0.0,0.0,0.0
155.0,37.87610626220703,31244.3203125,3348.77001953125,15199.7822265625,12695.76953125,2939.186767578125,20.3256893157959,0.0,12464.98046875,0.07755453139543533,19.095592498779297,0.9136581420898438,3.3165581226348877,3.9758479595184326,1.617147445678711,2.62268328666687,5.370449066162109,0.0010945736430585384,0.3010340631008148,0.5844874978065491,0.0,0.0,0.0,0.0,4355.6640625,208.40345764160156,461.2197265625,1817.806640625,653.232421875,0.0,577.7957763671875,0.03972551226615906,18.062044143676758,52.07783508300781,0.0,0.0,0.0,251.84674072265625,251.84674072265625,133.40452575683594,155.8536834716797,145.4770965576172,0.0,0.0,0.0,133.40452575683594,155.8536834716797,145.4770965576172,0.0,0.0,0.0,18.69513511657715,25.26151466369629,22.226360321044922,0.0,0.0,0.0
156.0,37.971778869628906,31256.1796875,3348.77001953125,15211.640625,12695.76953125,2939.186767578125,19.767234802246094,0.3817485570907593,12813.390625,0.07759970426559448,19.10160255432129,0.914247453212738,3.4013748168945312,3.9767470359802246,1.617147445678711,2.62268328666687,5.373757839202881,0.0010945736430585384,0.3010340631008148,0.5844874978065491,0.0,0.0,0.0,0.0,4372.087890625,209.25836181640625,473.53955078125,1817.8524169921875,866.764404296875,0.0,567.8876342773438,0.039035070687532425,18.062044143676758,52.07783508300781,0.0,0.0,0.0,253.26065063476562,253.26065063476562,133.60760498046875,151.35154724121094,132.7154541015625,0.0,0.0,0.0,133.60760498046875,151.35154724121094,132.7154541015625,0.0,0.0,0.0,18.931241989135742,24.121347427368164,18.6702880859375,0.0,0.0,0.0
157.0,38.01455307006836,31368.84765625,3348.77001953125,15215.392578125,12804.685546875,2939.186767578125,19.07107925415039,0.0,13316.0185546875,0.07761865109205246,19.104124069213867,0.9144948720932007,3.4395158290863037,3.9771382808685303,1.617147445678711,2.62268328666687,5.375215530395508,0.0010945736430585384,0.3010340631008148,0.5844874978065491,0.0,0.0,0.0,0.0,4420.63525390625,211.61126708984375,482.422607421875,1854.4163818359375,1074.850341796875,0.0,621.1641235351562,0.04269271716475487,9.031022071838379,40.504981994628906,0.0,0.0,0.0,254.711181640625,254.711181640625,83.7928237915039,130.01803588867188,115.31635284423828,0.0,0.0,0.0,83.7928237915039,130.01803588867188,115.31635284423828,0.0,0.0,0.0,5.438323020935059,18.959196090698242,14.658955574035645,0.0,0.0,0.0
158.0,38.032047271728516,31572.498046875,3348.77001953125,15216.580078125,13007.1494140625,3518.48583984375,19.060150146484375,0.0,13409.646484375,0.07762524485588074,19.10500144958496,0.9145830273628235,3.4535458087921143,3.979102611541748,1.617147445678711,2.62268328666687,5.375741958618164,0.0010945736430585384,0.3010340631008148,0.5844874978065491,0.0,0.0,0.0,0.0,4436.86181640625,212.3987579345703,485.6138916015625,1863.3604736328125,1076.7955322265625,0.0,651.6734619140625,0.04478795826435089,9.031022071838379,40.504981994628906,0.0,0.0,0.0,256.17083740234375,256.17083740234375,119.33104705810547,136.02288818359375,122.4258041381836,0.0,0.0,0.0,119.33104705810547,136.02288818359375,122.4258041381836,0.0,0.0,0.0,15.844182014465332,20.726547241210938,16.74939727783203,0.0,0.0,0.0
159.0,38.04032897949219,31614.349609375,3348.77001953125,15219.169921875,13046.41015625,3518.48583984375,19.67258071899414,0.0,13022.8720703125,0.0776742696762085,19.11136817932129,0.9152478575706482,3.454486846923828,3.9792089462280273,1.617147445678711,2.62268328666687,5.375896453857422,0.0010945736430585384,0.3010340631008148,0.5844874978065491,0.0,0.0,0.0,0.0,4404.326171875,210.9241943359375,482.947998046875,1852.7568359375,892.867919921875,0.0,620.9376220703125,0.042675089091062546,9.031022071838379,40.504981994628906,0.0,0.0,0.0,257.5928039550781,257.5928039550781,124.21597290039062,138.39244079589844,122.85960388183594,0.0,0.0,0.0,124.21597290039062,138.39244079589844,122.85960388183594,0.0,0.0,0.0,16.66059112548828,20.807207107543945,16.263853073120117,0.0,0.0,0.0
160.0,38.360233306884766,31995.37109375,3348.77001953125,15600.1904296875,13046.41015625,3518.48583984375,19.899778366088867,0.0,13031.2109375,0.07921844720840454,19.312095642089844,0.9346083998680115,3.5452721118927,3.981938600540161,1.617147445678711,2.62268328666687,5.380653381347656,0.0010945736430585384,0.3010340631008148,0.5844874978065491,0.0,0.0,0.0,0.0,4493.81640625,217.47813415527344,499.3883056640625,1902.3695068359375,554.7595825195312,0.0,801.1727905273438,0.0550435334444046,9.031022071838379,40.504981994628906,0.0,0.0,0.0,258.97393798828125,258.97393798828125,120.05805206298828,150.7659912109375,132.10743713378906,0.0,0.0,0.0,120.05805206298828,150.7659912109375,132.10743713378906,0.0,0.0,0.0,15.217203140258789,24.19927406311035,18.741649627685547,0.0,0.0,0.0
161.0,38.95804977416992,32162.69140625,3348.77001953125,15767.51171875,13046.41015625,3518.48583984375,20.9599552154541,0.0,12456.3232421875,0.08201823383569717,19.67589569091797,0.9706274271011353,3.727015733718872,3.986786365509033,1.617147445678711,2.62268328666687,5.3892598152160645,0.0010945736430585384,0.3010340631008148,0.5844874978065491,0.0,0.0,0.0,0.0,4457.99462890625,219.91639709472656,513.3605346679688,1848.121337890625,389.84857177734375,0.0,651.1693115234375,0.04471056908369064,9.031022071838379,40.504981994628906,0.0,0.0,0.0,260.3257141113281,260.3257141113281,82.1330795288086,139.00381469726562,122.57476806640625,0.0,0.0,0.0,82.1330795288086,139.00381469726562,122.57476806640625,0.0,0.0,0.0,3.063969612121582,19.69866180419922,14.893163681030273,0.0,0.0,0.0
162.0,39.323673248291016,32215.6328125,3348.77001953125,15820.453125,13046.41015625,3518.48583984375,21.258285522460938,0.0,12308.453125,0.08369830995798111,19.89418601989746,0.9923565983772278,3.8429157733917236,3.989654302597046,1.617147445678711,2.62268328666687,5.394416809082031,0.0010945736430585384,0.3010340631008148,0.5844874978065491,0.0,0.0,0.0,0.0,4452.041015625,222.0755615234375,523.876708984375,1826.504638671875,366.82379150390625,0.0,588.19482421875,0.040371932089328766,9.031022071838379,40.504981994628906,0.0,0.0,0.0,261.621826171875,261.621826171875,97.78559875488281,127.73014068603516,105.8427963256836,0.0,0.0,0.0,97.78559875488281,127.73014068603516,105.8427963256836,0.0,0.0,0.0,7.344001770019531,16.102781295776367,9.70073413848877,0.0,0.0,0.0
163.0,39.49519729614258,32232.384765625,3348.77001953125,15837.205078125,13046.41015625,3518.48583984375,21.58365249633789,0.0,12136.740234375,0.08441301435232162,19.98702621459961,1.0017365217208862,3.8942105770111084,3.993248462677002,1.617147445678711,2.62268328666687,5.408116817474365,0.0010945736430585384,0.3010340631008148,0.5844874978065491,0.0,0.0,0.0,0.0,4427.06884765625,221.8817596435547,526.5297241210938,1796.4033203125,357.80023193359375,0.0,532.9129638671875,0.03654232993721962,9.031022071838379,40.504981994628906,0.0,0.0,0.0,262.88360595703125,262.88360595703125,129.28732299804688,141.82164001464844,121.9279556274414,0.0,0.0,0.0,129.28732299804688,141.82164001464844,121.9279556274414,0.0,0.0,0.0,16.23288917541504,19.89917755126953,14.08027458190918,0.0,0.0,0.0
164.0,39.57939529418945,32251.310546875,3348.77001953125,15856.130859375,13046.41015625,3518.48583984375,20.98578643798828,0.0,12480.3408203125,0.08466608077287674,20.019906997680664,1.00499427318573,3.927805185317993,3.997211217880249,1.617147445678711,2.62268328666687,5.418365955352783,0.0010945736430585384,0.3010340631008148,0.5844874978065491,0.0,0.0,0.0,0.0,4514.21435546875,226.61241149902344,538.041015625,512.8707885742188,287.0177307128906,0.0,1993.1790771484375,0.2825621962547302,18.062044143676758,52.07783508300781,0.0,0.0,0.0,264.1370544433594,264.1370544433594,137.98275756835938,186.07594299316406,162.8844451904297,0.0,0.0,0.0,137.98275756835938,186.07594299316406,162.8844451904297,0.0,0.0,0.0,19.374168395996094,33.44142532348633,26.657913208007812,0.0,0.0,0.0
165.0,39.64213180541992,32298.673828125,3348.77001953125,15903.4931640625,13046.41015625,3518.48583984375,21.021772384643555,0.0,12479.2861328125,0.0847378671169281,20.029245376586914,1.005843162536621,3.9736058712005615,3.999084949493408,1.617147445678711,2.62268328666687,5.423165321350098,0.0010945736430585384,0.3010340631008148,0.5844874978065491,0.0,0.0,0.0,0.0,4510.94921875,226.5341033935547,543.510498046875,381.2351989746094,294.15643310546875,0.0,2113.51953125,0.3112359344959259,18.062044143676758,52.07783508300781,0.0,0.0,0.0,265.42828369140625,265.42828369140625,144.54571533203125,186.2596893310547,163.7611846923828,0.0,0.0,0.0,144.54571533203125,186.2596893310547,163.7611846923828,0.0,0.0,0.0,21.257848739624023,33.45918655395508,26.878376007080078,0.0,0.0,0.0
166.0,39.7746696472168,32379.07421875,3348.77001953125,15983.89453125,13046.41015625,3518.48583984375,20.796419143676758,0.26902687549591064,12642.6220703125,0.08482303470373154,20.040315628051758,1.0069260597229004,4.084139823913574,4.0016560554504395,1.617147445678711,2.62268328666687,5.43036413192749,0.0010945736430585384,0.3010340631008148,0.5844874978065491,0.0,0.0,0.0,0.0,4522.0068359375,227.2083282470703,558.6412353515625,529.3953247070312,372.0037536621094,0.0,1969.383056640625,0.27121642231941223,18.062044143676758,52.07783508300781,0.0,0.0,0.0,266.7544250488281,266.7544250488281,169.98776245117188,184.41439819335938,163.626953125,0.0,0.0,0.0,169.98776245117188,184.41439819335938,163.626953125,0.0,0.0,0.0,28.655975341796875,32.87576675415039,26.79543685913086,0.0,0.0,0.0
167.0,39.947174072265625,32427.12890625,3348.77001953125,16031.9482421875,13046.41015625,3518.48583984375,20.419391632080078,0.4832732081413269,12889.28515625,0.0849151760339737,20.05228614807129,1.0081180334091187,4.231991767883301,4.004593372344971,1.617147445678711,2.62268328666687,5.4388227462768555,0.0010945736430585384,0.3010340631008148,0.5844874978065491,0.0,0.0,0.0,0.0,4503.4287109375,226.40748596191406,575.743408203125,1799.2083740234375,647.9141845703125,0.0,590.9476928710938,0.04043406620621681,18.062044143676758,52.07783508300781,0.0,0.0,0.0,268.1210021972656,268.1210021972656,138.83853149414062,163.9905242919922,147.0217742919922,0.0,0.0,0.0,138.83853149414062,163.9905242919922,147.0217742919922,0.0,0.0,0.0,19.70760726928711,27.064563751220703,22.10120391845703,0.0,0.0,0.0
168.0,40.05244064331055,32442.333984375,3348.77001953125,16047.1533203125,13046.41015625,3518.48583984375,19.88309097290039,0.4652133882045746,13234.3154296875,0.08496598899364471,20.058889389038086,1.0087776184082031,4.323368549346924,4.006267547607422,1.617147445678711,2.62268328666687,5.443723201751709,0.0010945736430585384,0.3010340631008148,0.5844874978065491,0.0,0.0,0.0,0.0,4520.3671875,227.33290100097656,589.0149536132812,1795.9385986328125,859.7093505859375,0.0,582.2827758789062,0.03982742875814438,18.062044143676758,52.07783508300781,0.0,0.0,0.0,269.5307922363281,269.5307922363281,136.23329162597656,155.63162231445312,135.65809631347656,0.0,0.0,0.0,136.23329162597656,155.63162231445312,135.65809631347656,0.0,0.0,0.0,19.49993324279785,25.173946380615234,19.331687927246094,0.0,0.0,0.0
169.0,40.10177993774414,32552.203125,3348.77001953125,16051.96484375,13151.46875,3518.48583984375,19.17791748046875,0.0,13753.453125,0.08498817682266235,20.061771392822266,1.009065866470337,4.366550445556641,4.007016658782959,1.617147445678711,2.62268328666687,5.44594144821167,0.0010945736430585384,0.3010340631008148,0.5844874978065491,0.0,0.0,0.0,0.0,4572.6806640625,229.99642944335938,599.6281127929688,1843.7401123046875,1066.3157958984375,0.0,631.1095581054688,0.043160371482372284,9.031022071838379,40.504981994628906,0.0,0.0,0.0,270.9863586425781,270.9863586425781,113.87680053710938,126.63225555419922,97.11831665039062,0.0,0.0,0.0,113.87680053710938,126.63225555419922,97.11831665039062,0.0,0.0,0.0,14.131046295166016,17.862018585205078,9.229190826416016,0.0,0.0,0.0
170.0,40.122467041015625,32759.130859375,3348.77001953125,16053.486328125,13356.875,3518.48583984375,19.16414451599121,0.0,13850.1591796875,0.08499620109796524,20.062814712524414,1.0091724395751953,4.383163928985596,4.0091071128845215,1.617147445678711,2.62268328666687,5.446766376495361,0.0010945736430585384,0.3010340631008148,0.5844874978065491,0.0,0.0,0.0,0.0,4589.62255859375,230.8609619140625,603.4052124023438,1857.028076171875,1068.251708984375,0.0,657.971435546875,0.04499480128288269,9.031022071838379,40.504981994628906,0.0,0.0,0.0,272.4541320800781,272.4541320800781,97.5387954711914,130.4475555419922,116.29570770263672,0.0,0.0,0.0,97.5387954711914,130.4475555419922,116.29570770263672,0.0,0.0,0.0,9.365954399108887,18.991764068603516,14.852351188659668,0.0,0.0,0.0
171.0,40.13206100463867,33033.84765625,3581.070068359375,16056.1015625,13396.6748046875,3518.48583984375,19.91982650756836,0.0,13450.6826171875,0.0849963054060936,20.069982528686523,1.0099372863769531,4.384542465209961,4.009209156036377,1.617147445678711,2.62268328666687,5.446945667266846,0.0010945736430585384,0.3010340631008148,0.5844874978065491,0.0,0.0,0.0,0.0,4553.6806640625,229.144775390625,599.8690795898438,1838.2481689453125,885.5567016601562,0.0,630.13330078125,0.043090566992759705,9.031022071838379,40.504981994628906,0.0,0.0,0.0,273.8848571777344,273.8848571777344,111.42669677734375,139.31759643554688,120.66203308105469,0.0,0.0,0.0,111.42669677734375,139.31759643554688,120.66203308105469,0.0,0.0,0.0,12.672483444213867,20.8305721282959,15.373818397521973,0.0,0.0,0.0
172.0,40.517337799072266,33521.45703125,3581.070068359375,16543.7109375,13396.6748046875,3518.48583984375,20.20372200012207,0.0,13459.29296875,0.08499760180711746,20.282922744750977,1.0307559967041016,4.528429985046387,4.011692523956299,1.617147445678711,2.62268328666687,5.452093601226807,0.0010945736430585384,0.3010340631008148,0.5844874978065491,0.0,0.0,0.0,0.0,4646.26806640625,236.11827087402344,623.6289672851562,1888.02978515625,550.2406616210938,0.0,796.7448120117188,0.05446425452828407,9.031022071838379,40.504981994628906,0.0,0.0,0.0,275.2754821777344,275.2754821777344,123.38867950439453,147.81304931640625,129.86056518554688,0.0,0.0,0.0,123.38867950439453,147.81304931640625,129.86056518554688,0.0,0.0,0.0,15.887466430664062,23.03159523010254,17.780492782592773,0.0,0.0,0.0
173.0,41.31856155395508,33757.23828125,3581.070068359375,16779.494140625,13396.6748046875,3518.48583984375,21.319120407104492,0.0,12865.51171875,0.0849999338388443,20.70853042602539,1.0737018585205078,4.845958232879639,4.016565799713135,1.617147445678711,2.62268328666687,5.462359428405762,0.0010945736430585384,0.3010340631008148,0.5844874978065491,0.0,0.0,0.0,0.0,4602.44140625,238.62872314453125,650.662353515625,1810.402099609375,385.93597412109375,0.0,651.6485595703125,0.04451359435915947,9.031022071838379,40.504981994628906,0.0,0.0,0.0,276.6384582519531,276.6384582519531,92.49678802490234,140.3831024169922,126.2439193725586,0.0,0.0,0.0,92.49678802490234,140.3831024169922,126.2439193725586,0.0,0.0,0.0,5.736191272735596,19.742938995361328,15.607227325439453,0.0,0.0,0.0
174.0,41.82075119018555,33831.84375,3581.070068359375,16854.09765625,13396.6748046875,3518.48583984375,21.634897232055664,0.0,12712.79296875,0.08500123769044876,20.967390060424805,1.0999977588653564,5.05109977722168,4.022221565246582,1.617147445678711,2.62268328666687,5.468592643737793,0.0010945736430585384,0.3010340631008148,0.5844874978065491,0.0,0.0,0.0,0.0,4597.48095703125,241.19447326660156,670.4452514648438,1770.1571044921875,362.9544982910156,0.0,593.3125,0.040510982275009155,9.031022071838379,40.504981994628906,0.0,0.0,0.0,277.94873046875,277.94873046875,90.20767974853516,128.1635284423828,121.6464614868164,0.0,0.0,0.0,90.20767974853516,128.1635284423828,121.6464614868164,0.0,0.0,0.0,4.750848293304443,15.852933883666992,13.946693420410156,0.0,0.0,0.0
175.0,42.060306549072266,33858.375,3581.070068359375,16880.630859375,13396.6748046875,3518.48583984375,21.972074508666992,0.0,12535.4326171875,0.08500181138515472,21.08732795715332,1.1122102737426758,5.149814605712891,4.028029441833496,1.617147445678711,2.62268328666687,5.471477508544922,0.0010945736430585384,0.3010340631008148,0.5844874978065491,0.0,0.0,0.0,0.0,4573.43994140625,241.2172393798828,677.538330078125,1735.931640625,353.9272155761719,0.0,533.2302856445312,0.03640124574303627,8.742630004882812,40.31420135498047,0.0,0.0,0.0,279.225341796875,279.225341796875,107.0186996459961,140.34799194335938,90.33401489257812,0.0,0.0,0.0,107.0186996459961,140.34799194335938,90.33401489257812,0.0,0.0,0.0,9.330894470214844,19.079713821411133,4.450625419616699,0.0,0.0,0.0
176.0,42.16542434692383,33867.3046875,3581.070068359375,16889.55859375,13396.6748046875,3518.48583984375,21.355918884277344,0.0,12890.3115234375,0.08500203490257263,21.136606216430664,1.1172399520874023,5.1914496421813965,4.032101154327393,1.617147445678711,2.62268328666687,5.476578712463379,0.0010945736430585384,0.3010340631008148,0.5844874978065491,0.0,0.0,0.0,0.0,4662.33154296875,246.44178771972656,691.3800659179688,692.66748046875,283.74725341796875,0.0,1755.3226318359375,0.11978522688150406,18.062044143676758,52.07783508300781,0.0,0.0,0.0,280.4925842285156,280.4925842285156,94.31898498535156,183.22337341308594,124.83246612548828,0.0,0.0,0.0,94.31898498535156,183.22337341308594,124.83246612548828,0.0,0.0,0.0,6.232385635375977,32.23691940307617,15.157578468322754,0.0,0.0,0.0
177.0,42.21195602416992,33874.39453125,3581.070068359375,16896.650390625,13396.6748046875,3518.48583984375,21.365564346313477,0.0,12889.2216796875,0.0850021168589592,21.155139923095703,1.1191385984420776,5.207411766052246,4.034688949584961,1.617147445678711,2.62268328666687,5.484128475189209,0.0010945736430585384,0.3010340631008148,0.5844874978065491,0.0,0.0,0.0,0.0,4661.5185546875,246.601318359375,692.842529296875,686.9046020507812,290.8333740234375,0.0,1751.1553955078125,0.11943776160478592,18.062044143676758,52.07783508300781,0.0,0.0,0.0,281.7930908203125,281.7930908203125,94.93439483642578,183.19744873046875,154.4407196044922,0.0,0.0,0.0,94.93439483642578,183.19744873046875,154.4407196044922,0.0,0.0,0.0,6.402745723724365,32.21969223022461,23.808347702026367,0.0,0.0,0.0
178.0,42.237857818603516,33880.265625,3581.070068359375,16902.521484375,13396.6748046875,3518.48583984375,21.08733367919922,0.0,13057.93359375,0.08500215411186218,21.16414451599121,1.1200264692306519,5.215213775634766,4.036284446716309,1.617147445678711,2.62268328666687,5.490739822387695,0.0010945736430585384,0.3010340631008148,0.5844874978065491,0.0,0.0,0.0,0.0,4678.208984375,247.57521057128906,695.4285888671875,1759.4737548828125,368.0509338378906,0.0,693.4986572265625,0.04727818816900253,18.062044143676758,52.07783508300781,0.0,0.0,0.0,283.1260681152344,283.1260681152344,130.35792541503906,169.420654296875,149.10427856445312,0.0,0.0,0.0,130.35792541503906,169.420654296875,149.10427856445312,0.0,0.0,0.0,17.042360305786133,28.46820831298828,22.52566909790039,0.0,0.0,0.0
179.0,42.25224304199219,33882.12109375,3581.070068359375,16904.37890625,13396.6748046875,3518.48583984375,20.6750545501709,0.29234397411346436,13312.6943359375,0.08500217646360397,21.168777465820312,1.120468020439148,5.21923828125,4.037214279174805,1.617147445678711,2.62268328666687,5.495096206665039,0.0010945736430585384,0.3010340631008148,0.5844874978065491,0.0,0.0,0.0,0.0,4668.62646484375,247.1114044189453,694.7619018554688,1756.4837646484375,641.891845703125,0.0,603.5877075195312,0.0411359965801239,18.062044143676758,52.07783508300781,0.0,0.0,0.0,284.5062255859375,284.5062255859375,139.3177947998047,158.6577911376953,141.70460510253906,0.0,0.0,0.0,139.3177947998047,158.6577911376953,141.70460510253906,0.0,0.0,0.0,19.783056259155273,25.440004348754883,20.481199264526367,0.0,0.0,0.0
180.0,42.25875473022461,33882.7109375,3581.070068359375,16904.966796875,13396.6748046875,3518.48583984375,20.144765853881836,0.0,13654.361328125,0.08500218391418457,21.17076301574707,1.1206547021865845,5.220968246459961,4.037648677825928,1.617147445678711,2.62268328666687,5.497272491455078,0.0010945736430585384,0.3010340631008148,0.5844874978065491,0.0,0.0,0.0,0.0,4689.24365234375,248.22076416015625,697.1891479492188,1757.732421875,852.13525390625,0.0,596.657958984375,0.04065746068954468,18.062044143676758,52.07783508300781,0.0,0.0,0.0,285.9305419921875,285.9305419921875,128.55982971191406,149.89364624023438,127.69284057617188,0.0,0.0,0.0,128.55982971191406,149.89364624023438,127.69284057617188,0.0,0.0,0.0,17.458986282348633,23.699125289916992,17.20538902282715,0.0,0.0,0.0
181.0,42.261436462402344,33983.8984375,3581.070068359375,16905.15234375,13497.677734375,3518.48583984375,19.42182731628418,0.0,14189.9716796875,0.08500218391418457,21.171545028686523,1.1207278966903687,5.221652507781982,4.037830829620361,1.617147445678711,2.62268328666687,5.49822998046875,0.0010945736430585384,0.3010340631008148,0.5844874978065491,0.0,0.0,0.0,0.0,4746.96875,251.2835235595703,703.6021728515625,1810.32568359375,1057.34521484375,0.0,651.5659790039062,0.044395994395017624,9.031022071838379,40.504981994628906,0.0,0.0,0.0,287.3947448730469,287.3947448730469,73.5210952758789,123.7286376953125,82.98197937011719,0.0,0.0,0.0,73.5210952758789,123.7286376953125,82.98197937011719,0.0,0.0,0.0,2.083094596862793,16.768800735473633,4.850401878356934,0.0,0.0,0.0
182.0,42.26247787475586,34192.19921875,3581.070068359375,16905.2109375,13705.9169921875,3518.48583984375,19.403289794921875,0.0,14289.75,0.08500218391418457,21.17169189453125,1.120741844177246,5.221782207489014,4.038390636444092,1.617147445678711,2.62268328666687,5.4984235763549805,0.0010945736430585384,0.3010340631008148,0.5844874978065491,0.0,0.0,0.0,0.0,4764.9150390625,252.2349090576172,705.5430908203125,1824.55517578125,1059.3201904296875,0.0,680.2549438476562,0.04635016247630119,9.031022071838379,40.504981994628906,0.0,0.0,0.0,288.8688659667969,288.8688659667969,103.55026245117188,133.09237670898438,118.225830078125,0.0,0.0,0.0,103.55026245117188,133.09237670898438,118.225830078125,0.0,0.0,0.0,10.885163307189941,19.526229858398438,15.177766799926758,0.0,0.0,0.0
183.0,42.26465606689453,34235.171875,3581.070068359375,16907.869140625,13746.2333984375,3518.48583984375,20.02625846862793,0.0,13877.5888671875,0.08500218391418457,21.171710968017578,1.1207436323165894,5.221798896789551,4.0389323234558105,1.617147445678711,2.62268328666687,5.500020980834961,0.0010945736430585384,0.3010340631008148,0.5844874978065491,0.0,0.0,0.0,0.0,4724.94482421875,250.11920166015625,701.0590209960938,1804.4708251953125,878.081787109375,0.0,649.0863037109375,0.04422122612595558,9.031022071838379,40.504981994628906,0.0,0.0,0.0,290.309814453125,290.309814453125,116.31871795654297,140.3185577392578,117.1484375,0.0,0.0,0.0,116.31871795654297,140.3185577392578,117.1484375,0.0,0.0,0.0,13.996966361999512,21.01692008972168,14.23965835571289,0.0,0.0,0.0
184.0,42.28104019165039,34248.70703125,3581.070068359375,16921.40234375,13746.2333984375,3518.48583984375,20.0240535736084,0.0,13886.470703125,0.08500219136476517,21.171812057495117,1.1207528114318848,5.221887588500977,4.042281627655029,1.617147445678711,2.62268328666687,5.512856960296631,0.0010945736430585384,0.3010340631008148,0.5844874978065491,0.0,0.0,0.0,0.0,4798.7001953125,254.02438354492188,709.113037109375,1883.398681640625,547.2119140625,0.0,819.880615234375,0.055806685239076614,9.031022071838379,40.504981994628906,0.0,0.0,0.0,291.7137756347656,291.7137756347656,117.07252502441406,144.21145629882812,125.16746520996094,0.0,0.0,0.0,117.07252502441406,144.21145629882812,125.16746520996094,0.0,0.0,0.0,14.219659805297852,22.157800674438477,16.58742904663086,0.0,0.0,0.0
185.0,42.30049514770508,34252.98828125,3581.070068359375,16925.685546875,13746.2333984375,3518.48583984375,20.9853515625,0.0,13273.8447265625,0.08500219136476517,21.171916961669922,1.1207624673843384,5.221980094909668,4.04600715637207,1.617147445678711,2.62268328666687,5.52838134765625,0.0010945736430585384,0.3010340631008148,0.5844874978065491,0.0,0.0,0.0,0.0,4713.83740234375,249.5330047607422,699.6751708984375,1830.27734375,386.21563720703125,0.0,718.7688598632812,0.04887149855494499,9.031022071838379,40.504981994628906,0.0,0.0,0.0,293.0903015136719,293.0903015136719,92.73202514648438,140.91439819335938,125.71871948242188,0.0,0.0,0.0,92.73202514648438,140.91439819335938,125.71871948242188,0.0,0.0,0.0,6.13876485824585,20.23211097717285,15.787372589111328,0.0,0.0,0.0
186.0,42.3111686706543,34254.34375,3581.070068359375,16927.0390625,13746.2333984375,3518.48583984375,21.250244140625,0.0,13116.2783203125,0.08500219136476517,21.17195701599121,1.120766282081604,5.222015380859375,4.050052642822266,1.617147445678711,2.62268328666687,5.534928798675537,0.0010945736430585384,0.3010340631008148,0.5844874978065491,0.0,0.0,0.0,0.0,4687.0302734375,248.11428833007812,696.6637573242188,1812.7459716796875,364.634765625,0.0,681.659423828125,0.04632718488574028,9.031022071838379,40.504981994628906,0.0,0.0,0.0,294.4178771972656,294.4178771972656,90.186279296875,128.25396728515625,122.46753692626953,0.0,0.0,0.0,90.186279296875,128.25396728515625,122.46753692626953,0.0,0.0,0.0,5.12924337387085,16.264039993286133,14.571510314941406,0.0,0.0,0.0
187.0,42.319000244140625,34259.25,3581.070068359375,16931.947265625,13746.2333984375,3518.48583984375,21.56783676147461,0.0,12933.291015625,0.08500219136476517,21.171966552734375,1.1207671165466309,5.222023963928223,4.053024768829346,1.617147445678711,2.62268328666687,5.539769172668457,0.0010945736430585384,0.3010340631008148,0.5844874978065491,0.0,0.0,0.0,0.0,4652.28125,246.27488708496094,692.7752685546875,1788.06884765625,356.1791687011719,0.0,630.717529296875,0.04285059869289398,9.031022071838379,40.504981994628906,0.0,0.0,0.0,295.7165832519531,295.7165832519531,128.4789276123047,142.236083984375,127.92937469482422,0.0,0.0,0.0,128.4789276123047,142.236083984375,127.92937469482422,0.0,0.0,0.0,16.012248992919922,20.03621482849121,15.851506233215332,0.0,0.0,0.0
188.0,42.33662796020508,34269.90625,3581.070068359375,16942.6015625,13746.2333984375,3518.48583984375,20.963436126708984,0.0,13299.4345703125,0.08500219136476517,21.171981811523438,1.120768427848816,5.222036838531494,4.059274196624756,1.617147445678711,2.62268328666687,5.551116466522217,0.0010945736430585384,0.3010340631008148,0.5844874978065491,0.0,0.0,0.0,0.0,4739.83154296875,250.90960693359375,702.388427734375,676.785888671875,285.8168640136719,0.0,1935.1304931640625,0.2056039571762085,18.062044143676758,52.07783508300781,0.0,0.0,0.0,297.0111083984375,297.0111083984375,171.7785186767578,183.67117309570312,130.87789916992188,0.0,0.0,0.0,171.7785186767578,183.67117309570312,130.87789916992188,0.0,0.0,0.0,29.281782150268555,32.76038360595703,17.318349838256836,0.0,0.0,0.0
189.0,42.35414505004883,34274.3203125,3581.070068359375,16947.015625,13746.2333984375,3518.48583984375,20.971193313598633,0.0,13298.30859375,0.08500219136476517,21.171993255615234,1.1207696199417114,5.222047805786133,4.065813064575195,1.617147445678711,2.62268328666687,5.56207275390625,0.0010945736430585384,0.3010340631008148,0.5844874978065491,0.0,0.0,0.0,0.0,4737.51220703125,250.7869415283203,702.0839233398438,559.0909423828125,293.036376953125,0.0,2046.2470703125,0.22287805378437042,18.062044143676758,52.07783508300781,0.0,0.0,0.0,298.3410339355469,298.3410339355469,156.36355590820312,185.34495544433594,152.86354064941406,0.0,0.0,0.0,156.36355590820312,185.34495544433594,152.86354064941406,0.0,0.0,0.0,24.765148162841797,33.24220275878906,23.741390228271484,0.0,0.0,0.0
190.0,42.36482238769531,34275.90625,3581.070068359375,16948.603515625,13746.2333984375,3518.48583984375,20.695232391357422,0.0,13472.3662109375,0.08500219136476517,21.172000885009766,1.1207702159881592,5.222053527832031,4.0699028968811035,1.617147445678711,2.62268328666687,5.56864595413208,0.0010945736430585384,0.3010340631008148,0.5844874978065491,0.0,0.0,0.0,0.0,4754.03466796875,251.66165161132812,703.8714599609375,468.6195373535156,370.9052734375,0.0,2155.43896484375,0.3199474513530731,18.062044143676758,52.07783508300781,0.0,0.0,0.0,299.71075439453125,299.71075439453125,149.21267700195312,185.44903564453125,169.309814453125,0.0,0.0,0.0,149.21267700195312,185.44903564453125,169.309814453125,0.0,0.0,0.0,22.949474334716797,33.54861068725586,28.827890396118164,0.0,0.0,0.0
191.0,42.369873046875,34276.41015625,3581.070068359375,16949.10546875,13746.2333984375,3518.48583984375,20.289443969726562,0.0,13735.216796875,0.08500219136476517,21.1720027923584,1.1207704544067383,5.222055912017822,4.071869850158691,1.617147445678711,2.62268328666687,5.571725845336914,0.0010945736430585384,0.3010340631008148,0.5844874978065491,0.0,0.0,0.0,0.0,4743.8642578125,251.123291015625,702.7435302734375,1602.63720703125,646.9039306640625,0.0,933.1472778320312,0.06325867772102356,18.062044143676758,52.07783508300781,0.0,0.0,0.0,301.1302795410156,301.1302795410156,149.71189880371094,162.59510803222656,136.24188232421875,0.0,0.0,0.0,149.71189880371094,162.59510803222656,136.24188232421875,0.0,0.0,0.0,23.50128746032715,27.269622802734375,19.561307907104492,0.0,0.0,0.0
192.0,42.37200164794922,34276.56640625,3581.070068359375,16949.265625,13746.2333984375,3518.48583984375,19.78896713256836,0.0,14073.5263671875,0.08500219136476517,21.17200469970703,1.1207705736160278,5.2220563888549805,4.07222318649292,1.617147445678711,2.62268328666687,5.57349967956543,0.0010945736430585384,0.3010340631008148,0.5844874978065491,0.0,0.0,0.0,0.0,4808.0087890625,254.5188751220703,709.7720336914062,1872.322021484375,651.2423095703125,0.0,810.9739379882812,0.05496974289417267,18.062044143676758,52.07783508300781,0.0,0.0,0.0,302.5985107421875,302.5985107421875,127.18391418457031,154.7498321533203,129.44827270507812,0.0,0.0,0.0,127.18391418457031,154.7498321533203,129.44827270507812,0.0,0.0,0.0,17.412328720092773,25.475360870361328,18.07465171813965,0.0,0.0,0.0
193.0,42.37562942504883,34376.47265625,3581.070068359375,16952.2265625,13843.17578125,3518.48583984375,19.0767879486084,0.0,14625.5859375,0.08500219136476517,21.17200469970703,1.1207705736160278,5.222056865692139,4.07236909866333,1.617147445678711,2.62268328666687,5.576981067657471,0.0010945736430585384,0.3010340631008148,0.5844874978065491,0.0,0.0,0.0,0.0,4821.8486328125,255.25152587890625,711.3132934570312,1879.1484375,1065.55810546875,0.0,764.6702880859375,0.05181863531470299,9.031022071838379,40.504981994628906,0.0,0.0,0.0,304.10888671875,304.10888671875,105.32125091552734,132.5275421142578,112.95809936523438,0.0,0.0,0.0,105.32125091552734,132.5275421142578,112.95809936523438,0.0,0.0,0.0,11.7296781539917,19.687517166137695,13.963456153869629,0.0,0.0,0.0
194.0,42.38700866699219,34595.890625,3581.070068359375,16960.587890625,14054.234375,3518.48583984375,19.063297271728516,0.0,14728.419921875,0.08500219136476517,21.17200469970703,1.1207705736160278,5.222056865692139,4.074490547180176,1.617147445678711,2.62268328666687,5.586236476898193,0.0010945736430585384,0.3010340631008148,0.5844874978065491,0.0,0.0,0.0,0.0,4840.32861328125,256.22979736328125,713.2980346679688,1894.335205078125,1067.595458984375,0.0,793.7402954101562,0.05375421419739723,9.031022071838379,40.504981994628906,0.0,0.0,0.0,305.6362609863281,305.6362609863281,119.66117858886719,136.58782958984375,116.42633056640625,0.0,0.0,0.0,119.66117858886719,136.58782958984375,116.42633056640625,0.0,0.0,0.0,15.937597274780273,20.88864517211914,14.991405487060547,0.0,0.0,0.0
195.0,42.40179443359375,34642.87109375,3581.070068359375,16966.736328125,14095.0634765625,3518.48583984375,19.677852630615234,0.0,14303.6103515625,0.08500219136476517,21.17200469970703,1.1207705736160278,5.222057342529297,4.076771259307861,1.617147445678711,2.62268328666687,5.598740577697754,0.0010945736430585384,0.3010340631008148,0.5844874978065491,0.0,0.0,0.0,0.0,4799.07568359375,254.04600524902344,708.6619262695312,1872.9520263671875,884.8538818359375,0.0,758.3006591796875,0.05130946263670921,9.031022071838379,40.504981994628906,0.0,0.0,0.0,307.1328125,307.1328125,116.23970031738281,140.57376098632812,122.66564178466797,0.0,0.0,0.0,116.23970031738281,140.57376098632812,122.66564178466797,0.0,0.0,0.0,14.322259902954102,21.439973831176758,16.201847076416016,0.0,0.0,0.0
196.0,42.433204650878906,34664.94140625,3581.070068359375,16988.806640625,14095.0634765625,3518.48583984375,19.680461883544922,0.0,14312.76171875,0.08500219136476517,21.17200469970703,1.1207706928253174,5.222057342529297,4.0807576179504395,1.617147445678711,2.62268328666687,5.62616491317749,0.0010945736430585384,0.3010340631008148,0.5844874978065491,0.0,0.0,0.0,0.0,4865.21044921875,257.54693603515625,716.92919921875,1940.4056396484375,550.8724975585938,0.0,945.8314819335938,0.06387628614902496,9.031022071838379,46.29140853881836,0.0,0.0,0.0,308.5923156738281,308.5923156738281,115.30199432373047,149.65774536132812,128.4100341796875,0.0,0.0,0.0,115.30199432373047,149.65774536132812,128.4100341796875,0.0,0.0,0.0,14.045372009277344,24.09442710876465,17.879474639892578,0.0,0.0,0.0
197.0,42.4664192199707,34671.921875,3581.070068359375,16995.7890625,14095.0634765625,3518.48583984375,20.62771224975586,0.0,13681.3310546875,0.08500219136476517,21.17200469970703,1.1207706928253174,5.222057819366455,4.084780693054199,1.617147445678711,2.62268328666687,5.6553568840026855,0.0010945736430585384,0.3010340631008148,0.5844874978065491,0.0,0.0,0.0,0.0,4787.45263671875,253.43072509765625,707.1784057617188,1896.32861328125,389.1805725097656,0.0,822.267822265625,0.055419206619262695,9.031022071838379,40.504981994628906,0.0,0.0,0.0,310.0260314941406,310.0260314941406,114.52643585205078,141.46932983398438,114.85584259033203,0.0,0.0,0.0,114.52643585205078,141.46932983398438,114.85584259033203,0.0,0.0,0.0,12.871269226074219,20.75206756591797,12.967620849609375,0.0,0.0,0.0
198.0,42.48429489135742,34674.1328125,3581.070068359375,16998.0,14095.0634765625,3518.48583984375,20.888877868652344,0.0,13518.9169921875,0.08500219136476517,21.17200469970703,1.1207706928253174,5.222057819366455,4.086881160736084,1.617147445678711,2.62268328666687,5.671130657196045,0.0010945736430585384,0.3010340631008148,0.5844874978065491,0.0,0.0,0.0,0.0,4759.80615234375,251.9672088623047,704.0677490234375,1877.4283447265625,367.4100646972656,0.0,784.3815307617188,0.052808087319135666,9.031022071838379,40.504981994628906,0.0,0.0,0.0,311.40789794921875,311.40789794921875,93.07176971435547,136.75521850585938,87.37344360351562,0.0,0.0,0.0,93.07176971435547,136.75521850585938,87.37344360351562,0.0,0.0,0.0,6.3346147537231445,19.112024307250977,4.6678547859191895,0.0,0.0,0.0
199.0,42.492279052734375,34674.83203125,3581.070068359375,16998.697265625,14095.0634765625,3518.48583984375,21.198766708374023,0.0,13330.314453125,0.08500219136476517,21.17200469970703,1.1207706928253174,5.222057819366455,4.087431907653809,1.617147445678711,2.62268328666687,5.678218841552734,0.0010945736430585384,0.3010340631008148,0.5848344564437866,0.0,0.0,0.0,0.0,4723.984375,250.0709228515625,700.0576171875,1851.1112060546875,358.8597412109375,0.0,732.5696411132812,0.049295730888843536,9.031022071838379,40.529029846191406,0.0,0.0,0.0,312.7567138671875,312.7567138671875,127.09713745117188,144.2991943359375,122.86710357666016,0.0,0.0,0.0,127.09713745117188,144.2991943359375,122.86710357666016,0.0,0.0,0.0,15.977147102355957,21.00874900817871,14.739862442016602,0.0,0.0,0.0
200.0,42.51523971557617,34698.31640625,3581.070068359375,17022.181640625,14095.0634765625,3518.48583984375,20.61172866821289,0.0,13707.7001953125,0.08500219136476517,21.17200469970703,1.1207706928253174,5.222057819366455,4.089437007904053,1.617147445678711,2.62268328666687,5.696167469024658,0.0010945736430585384,0.3010340631008148,0.5878404974937439,0.0,0.0,0.0,0.0,4809.93310546875,254.62075805664062,709.95849609375,655.3484497070312,287.87847900390625,0.0,2126.004638671875,0.3006340265274048,20.94607925415039,54.1299934387207,0.0,0.0,0.0,314.0975341796875,314.0975341796875,163.52964782714844,184.84732055664062,167.04086303710938,0.0,0.0,0.0,163.52964782714844,184.84732055664062,167.04086303710938,0.0,0.0,0.0,27.220693588256836,33.45611572265625,28.247722625732422,0.0,0.0,0.0
201.0,42.56549072265625,34722.5859375,3581.070068359375,17046.451171875,14095.0634765625,3518.48583984375,20.63116455078125,0.0,13706.5380859375,0.08500219136476517,21.17200469970703,1.1207706928253174,5.222057819366455,4.0934672355651855,1.617147445678711,2.62268328666687,5.737089157104492,0.0010945736430585384,0.3010340631008148,0.593140721321106,0.0,0.0,0.0,0.0,4807.88037109375,254.51210021972656,709.642578125,786.514404296875,295.16064453125,0.0,1987.9285888671875,0.13323655724525452,20.70685386657715,54.47187805175781,0.0,0.0,0.0,315.485107421875,315.485107421875,127.8039321899414,184.88912963867188,126.90040588378906,0.0,0.0,0.0,127.8039321899414,184.88912963867188,126.90040588378906,0.0,0.0,0.0,16.751483917236328,33.44890594482422,16.48720359802246,0.0,0.0,0.0
202.0,42.62067413330078,34744.0703125,3581.070068359375,17067.9375,14095.0634765625,3518.48583984375,20.371126174926758,0.0,13885.939453125,0.08500219136476517,21.17200469970703,1.1207706928253174,5.222057819366455,4.097537517547607,1.617147445678711,2.62268328666687,5.78310489654541,0.0010945736430585384,0.3010340631008148,0.5982347130775452,0.0,0.0,0.0,0.0,4823.29150390625,255.32789611816406,711.4888305664062,1602.3143310546875,373.5349426269531,0.0,1192.8590087890625,0.07970031350851059,21.815082550048828,55.65312194824219,0.0,0.0,0.0,316.912109375,316.912109375,94.86189270019531,172.27798461914062,142.38975524902344,0.0,0.0,0.0,94.86189270019531,172.27798461914062,142.38975524902344,0.0,0.0,0.0,7.3759765625,30.020183563232422,21.277875900268555,0.0,0.0,0.0
203.0,42.66079330444336,34750.87109375,3581.070068359375,17074.736328125,14095.0634765625,3518.48583984375,19.974990844726562,0.0,14156.853515625,0.08500219136476517,21.17200469970703,1.1207706928253174,5.222057819366455,4.100395202636719,1.617147445678711,2.62268328666687,5.816873073577881,0.0010945736430585384,0.3010340631008148,0.6017304062843323,0.0,0.0,0.0,0.0,4817.0810546875,254.99913024902344,710.3447265625,1887.481201171875,651.8106079101562,0.0,822.3812866210938,0.05482220649719238,19.013660430908203,54.20690155029297,0.0,0.0,0.0,318.385009765625,318.385009765625,138.8400421142578,160.49981689453125,140.35101318359375,0.0,0.0,0.0,138.8400421142578,160.49981689453125,140.35101318359375,0.0,0.0,0.0,20.635725021362305,26.971206665039062,21.077678680419922,0.0,0.0,0.0
204.0,42.680660247802734,34753.0234375,3581.070068359375,17076.888671875,14095.0634765625,3518.48583984375,19.502056121826172,0.0,14491.830078125,0.08500219136476517,21.17200469970703,1.1207706928253174,5.222057819366455,4.1014909744262695,1.617147445678711,2.62268328666687,5.834322452545166,0.0010945736430585384,0.3010340631008148,0.6030510067939758,0.0,0.0,0.0,0.0,4871.69482421875,257.89019775390625,717.2987060546875,1922.81884765625,655.3995361328125,0.0,932.9317016601562,0.06211874261498451,25.067337036132812,58.320194244384766,0.0,0.0,0.0,319.90814208984375,319.90814208984375,126.02054595947266,158.0372772216797,133.34164428710938,0.0,0.0,0.0,126.02054595947266,158.0372772216797,133.34164428710938,0.0,0.0,0.0,17.35895347595215,26.723848342895508,19.500375747680664,0.0,0.0,0.0
205.0,42.693782806396484,34851.3671875,3581.070068359375,17082.34375,14187.9541015625,3518.48583984375,18.798015594482422,0.0,15060.28515625,0.08500219136476517,21.17200469970703,1.1207706928253174,5.222057819366455,4.1018500328063965,1.617147445678711,2.62268328666687,5.846658706665039,0.0010945736430585384,0.3010340631008148,0.6034795641899109,0.0,0.0,0.0,0.0,4887.99609375,258.7531433105469,718.9124755859375,1943.667236328125,1072.6551513671875,0.0,883.9432373046875,0.05880768597126007,9.031022071838379,47.79558181762695,0.0,0.0,0.0,321.478515625,321.478515625,88.03336334228516,139.4725799560547,96.73213195800781,0.0,0.0,0.0,88.03336334228516,139.4725799560547,96.73213195800781,0.0,0.0,0.0,6.951742172241211,21.997713088989258,9.496133804321289,0.0,0.0,0.0
206.0,42.7122802734375,35075.9375,3581.070068359375,17093.04296875,14401.82421875,3564.731689453125,18.78577995300293,0.0,15166.177734375,0.08500219136476517,21.17200469970703,1.1207706928253174,5.222057819366455,4.105815887451172,1.617147445678711,2.62268328666687,5.860846042633057,0.0010945736430585384,0.3010340631008148,0.603821337223053,0.0,0.0,0.0,0.0,4904.3330078125,259.6179504394531,720.9547729492188,1954.479736328125,1074.403564453125,0.0,921.7427978515625,0.061264120042324066,9.092402458190918,47.861019134521484,0.0,0.0,0.0,323.0715637207031,323.0715637207031,118.06493377685547,141.73641967773438,118.67771911621094,0.0,0.0,0.0,118.06493377685547,141.73641967773438,118.67771911621094,0.0,0.0,0.0,15.748212814331055,22.672121047973633,15.927452087402344,0.0,0.0,0.0
207.0,42.73419952392578,35127.74609375,3581.070068359375,17103.5078125,14443.1669921875,3564.731689453125,19.394250869750977,0.0,14728.736328125,0.08500219136476517,21.17200469970703,1.1207706928253174,5.222057819366455,4.110859394073486,1.617147445678711,2.62268328666687,5.877554416656494,0.0010945736430585384,0.3010340631008148,0.6039910912513733,0.0,0.0,0.0,0.0,4865.88427734375,257.5826110839844,716.1672973632812,1940.4560546875,890.845947265625,0.0,869.7735595703125,0.057744164019823074,9.031022071838379,46.534549713134766,0.0,0.0,0.0,324.6335144042969,324.6335144042969,115.78652954101562,145.5979461669922,116.9692611694336,0.0,0.0,0.0,115.78652954101562,145.5979461669922,116.9692611694336,0.0,0.0,0.0,14.473308563232422,23.193147659301758,14.819256782531738,0.0,0.0,0.0
208.0,42.774662017822266,35152.47265625,3581.070068359375,17128.234375,14443.1669921875,3564.731689453125,19.398157119750977,0.0,14738.1572265625,0.08500219136476517,21.17200469970703,1.1207706928253174,5.222057819366455,4.119039058685303,1.617147445678711,2.62268328666687,5.909624099731445,0.0010945736430585384,0.3010340631008148,0.6042045950889587,0.0,0.0,0.0,0.0,4929.66552734375,260.958984375,724.6548461914062,1981.561279296875,554.4014282226562,0.0,1082.4097900390625,0.07170302420854568,15.409052848815918,52.021480560302734,0.0,0.0,0.0,326.1583557128906,326.1583557128906,125.9052505493164,152.19371032714844,127.31839752197266,0.0,0.0,0.0,125.9052505493164,152.19371032714844,127.31839752197266,0.0,0.0,0.0,17.429128646850586,25.11850357055664,17.84247398376465,0.0,0.0,0.0
209.0,42.81354522705078,35160.296875,3581.070068359375,17136.05859375,14443.1669921875,3564.731689453125,20.333148956298828,0.0,14087.9609375,0.08500219136476517,21.17200469970703,1.1207706928253174,5.222057819366455,4.126620292663574,1.617147445678711,2.62268328666687,5.940743446350098,0.0010945736430585384,0.3010340631008148,0.6043851375579834,0.0,0.0,0.0,0.0,4850.29833984375,256.757568359375,714.6009521484375,1958.5501708984375,391.63616943359375,0.0,932.8938598632812,0.06166790798306465,9.031022071838379,47.86730194091797,0.0,0.0,0.0,327.65692138671875,327.65692138671875,121.85319519042969,146.20846557617188,124.61138153076172,0.0,0.0,0.0,121.85319519042969,146.20846557617188,124.61138153076172,0.0,0.0,0.0,15.30890941619873,22.43282699584961,16.115678787231445,0.0,0.0,0.0
210.0,42.83409881591797,35162.76953125,3581.070068359375,17138.533203125,14443.1669921875,3564.731689453125,20.59101676940918,0.0,13920.71875,0.08500219136476517,21.17200469970703,1.1207706928253174,5.222057819366455,4.133174419403076,1.617147445678711,2.62268328666687,5.954668998718262,0.0010945736430585384,0.3010340631008148,0.6044589877128601,0.0,0.0,0.0,0.0,4825.49853515625,255.4447479248047,711.3944091796875,1946.2216796875,369.8688049316406,0.0,884.1100463867188,0.05838786065578461,9.031022071838379,45.97140121459961,0.0,0.0,0.0,329.1036376953125,329.1036376953125,121.42668151855469,135.2251739501953,124.53960418701172,0.0,0.0,0.0,121.42668151855469,135.2251739501953,124.53960418701172,0.0,0.0,0.0,14.926287651062012,18.96234703063965,15.83681869506836,0.0,0.0,0.0
211.0,42.84635543823242,35168.203125,3581.070068359375,17143.966796875,14443.1669921875,3564.731689453125,20.8996524810791,0.0,13726.513671875,0.08504252135753632,21.17509651184082,1.1210765838623047,5.222057819366455,4.135247230529785,1.617147445678711,2.62268328666687,5.95676851272583,0.0010945736430585384,0.3010340631008148,0.609105110168457,0.0,0.0,0.0,0.0,4794.0068359375,253.80987548828125,707.228515625,1918.003662109375,361.4400329589844,0.0,827.7833251953125,0.05466008186340332,9.031022071838379,44.00876998901367,0.0,0.0,0.0,330.5242004394531,330.5242004394531,117.97592163085938,146.89512634277344,131.79359436035156,0.0,0.0,0.0,117.97592163085938,146.89512634277344,131.79359436035156,0.0,0.0,0.0,13.608304023742676,22.06717300415039,17.649974822998047,0.0,0.0,0.0
212.0,42.90378189086914,35268.390625,3581.070068359375,17244.15234375,14443.1669921875,3564.731689453125,20.364545822143555,0.0,14115.107421875,0.08511751145124435,21.180835723876953,1.121695637702942,5.222057819366455,4.137345790863037,1.617147445678711,2.62268328666687,5.962971210479736,0.0010945736430585384,0.3010340631008148,0.6517978310585022,0.0,0.0,0.0,0.0,4873.76416015625,258.10504150390625,717.3475952148438,851.1842041015625,289.6564025878906,0.0,2093.8623046875,0.15336477756500244,27.09306526184082,64.52798461914062,0.0,0.0,0.0,331.9449768066406,331.9449768066406,129.31471252441406,184.83084106445312,129.90826416015625,0.0,0.0,0.0,129.31471252441406,184.83084106445312,129.90826416015625,0.0,0.0,0.0,17.460006713867188,33.6984748840332,17.63361930847168,0.0,0.0,0.0
213.0,43.133785247802734,35361.13671875,3581.070068359375,17336.900390625,14443.1669921875,3564.731689453125,20.423166275024414,0.0,14113.91015625,0.08539379388093948,21.202001571655273,1.1238903999328613,5.222057819366455,4.14462947845459,1.617147445678711,2.62268328666687,5.990562915802002,0.0010945736430585384,0.3010340631008148,0.8232882022857666,0.0,0.0,0.0,0.0,4874.384765625,258.384765625,716.7791748046875,828.0687866210938,296.91986083984375,0.0,2091.40185546875,0.1573590189218521,26.42995834350586,80.89152526855469,0.0,0.0,0.0,333.4144287109375,333.4144287109375,105.30304718017578,184.72988891601562,150.36009216308594,0.0,0.0,0.0,105.30304718017578,184.72988891601562,150.36009216308594,0.0,0.0,0.0,10.377974510192871,33.61032485961914,23.557161331176758,0.0,0.0,0.0
214.0,43.304378509521484,35390.484375,3581.070068359375,17366.24609375,14443.1669921875,3564.731689453125,20.16983985900879,0.0,14298.6435546875,0.08558910340070724,21.216964721679688,1.1254386901855469,5.222057819366455,4.149582386016846,1.617147445678711,2.62268328666687,6.012142658233643,0.0010945736430585384,0.3010340631008148,0.9506437182426453,0.0,0.0,0.0,0.0,4892.23876953125,259.50531005859375,718.513427734375,860.36083984375,375.7201843261719,0.0,2069.486083984375,0.14491568505764008,26.689599990844727,93.68341827392578,0.0,0.0,0.0,334.9223327636719,334.9223327636719,151.94715881347656,183.6702117919922,136.44027709960938,0.0,0.0,0.0,151.94715881347656,183.6702117919922,136.44027709960938,0.0,0.0,0.0,24.274703979492188,33.55369567871094,19.738941192626953,0.0,0.0,0.0
215.0,43.38930892944336,35399.76953125,3581.070068359375,17375.53125,14443.1669921875,3564.731689453125,19.778650283813477,0.0,14577.61328125,0.08568166196346283,21.22405433654785,1.1261721849441528,5.222057819366455,4.153426170349121,1.617147445678711,2.62268328666687,6.023025035858154,0.0010945736430585384,0.3010340631008148,1.012929916381836,0.0,0.0,0.0,0.0,4886.9580078125,259.3074645996094,717.2888793945312,1941.30419921875,655.5809936523438,0.0,900.7298583984375,0.05921369418501854,24.327224731445312,97.13998413085938,0.0,0.0,0.0,336.4773864746094,336.4773864746094,134.08250427246094,161.0060272216797,141.77183532714844,0.0,0.0,0.0,134.08250427246094,161.0060272216797,141.77183532714844,0.0,0.0,0.0,19.440481185913086,27.315610885620117,21.689611434936523,0.0,0.0,0.0
216.0,43.42708206176758,35404.3515625,3581.070068359375,17380.11328125,14443.1669921875,3564.731689453125,19.32915687561035,0.0,14909.234375,0.08570900559425354,21.226150512695312,1.1263879537582397,5.222057819366455,4.157972812652588,1.617147445678711,2.62268328666687,6.035110950469971,0.0010945736430585384,0.3010340631008148,1.0317351818084717,0.0,0.0,0.0,0.0,4941.28515625,262.2144775390625,724.12890625,1967.2623291015625,659.1105346679688,0.0,1021.1657104492188,0.06707566976547241,27.09306526184082,102.14178466796875,0.0,0.0,0.0,338.07763671875,338.07763671875,138.24212646484375,158.904541015625,139.78456115722656,0.0,0.0,0.0,138.24212646484375,158.904541015625,139.78456115722656,0.0,0.0,0.0,21.106664657592773,27.150421142578125,21.55782699584961,0.0,0.0,0.0
217.0,43.45891571044922,35511.08203125,3581.070068359375,17398.0078125,14532.00390625,3564.731689453125,18.634187698364258,0.0,15494.060546875,0.08572041988372803,21.22702407836914,1.1264781951904297,5.222057819366455,4.162780284881592,1.617147445678711,2.62268328666687,6.053206443786621,0.0010945736430585384,0.3010340631008148,1.0396885871887207,0.0,0.0,0.0,0.0,4958.46875,263.1365966796875,725.8236694335938,1995.9259033203125,1078.785400390625,0.0,975.8038940429688,0.06401705741882324,12.537640571594238,86.20208740234375,0.0,0.0,0.0,339.7250061035156,339.7250061035156,117.2571792602539,141.01954650878906,122.7419204711914,0.0,0.0,0.0,117.2571792602539,141.01954650878906,122.7419204711914,0.0,0.0,0.0,15.663537979125977,22.614030838012695,17.267824172973633,0.0,0.0,0.0
218.0,43.503665924072266,35748.72265625,3581.070068359375,17418.974609375,14748.677734375,3693.651611328125,18.626596450805664,0.0,15603.0048828125,0.08573085069656372,21.22782325744629,1.1265615224838257,5.222057819366455,4.174736976623535,1.617147445678711,2.62268328666687,6.077808856964111,0.0010945736430585384,0.3010340631008148,1.0469863414764404,0.0,0.0,0.0,0.0,4975.3798828125,264.0436096191406,727.9091796875,2007.5592041015625,1080.5706787109375,0.0,1010.7468872070312,0.0662011057138443,13.843302726745605,88.33861541748047,0.0,0.0,0.0,341.39837646484375,341.39837646484375,90.94530487060547,142.52882385253906,121.90807342529297,0.0,0.0,0.0,90.94530487060547,142.52882385253906,121.90807342529297,0.0,0.0,0.0,7.974905490875244,23.06308364868164,17.031513214111328,0.0,0.0,0.0
219.0,43.547462463378906,35808.34375,3581.070068359375,17436.744140625,14790.53125,3693.651611328125,19.234163284301758,0.0,15152.9677734375,0.08573605865240097,21.228221893310547,1.1266028881072998,5.222057819366455,4.187117099761963,1.617147445678711,2.62268328666687,6.10513162612915,0.0010945736430585384,0.3010340631008148,1.0506340265274048,0.0,0.0,0.0,0.0,4935.7236328125,261.9437561035156,722.9658813476562,2002.307373046875,895.8724975585938,0.0,947.9352416992188,0.0619736947119236,11.227446556091309,85.64334106445312,0.0,0.0,0.0,343.0390319824219,343.0390319824219,110.66597747802734,147.02349853515625,127.06932067871094,0.0,0.0,0.0,110.66597747802734,147.02349853515625,127.06932067871094,0.0,0.0,0.0,13.135634422302246,23.77021026611328,17.933612823486328,0.0,0.0,0.0
220.0,43.60785675048828,35839.73828125,3581.070068359375,17468.134765625,14790.53125,3693.651611328125,19.241416931152344,0.0,15162.658203125,0.08574118465185165,21.228614807128906,1.126643419265747,5.222057819366455,4.202487468719482,1.617147445678711,2.62268328666687,6.146120071411133,0.0010945736430585384,0.3010340631008148,1.0542336702346802,0.0,0.0,0.0,0.0,5001.14306640625,265.4202880859375,731.6292114257812,2040.3997802734375,557.58642578125,0.0,1160.3580322265625,0.07565192878246307,18.062044143676758,93.93222045898438,0.0,0.0,0.0,344.6404113769531,344.6404113769531,124.20255279541016,152.3579864501953,130.2982177734375,0.0,0.0,0.0,124.20255279541016,152.3579864501953,130.2982177734375,0.0,0.0,0.0,17.08782958984375,25.32329559326172,18.870811462402344,0.0,0.0,0.0
221.0,43.66007614135742,35849.66796875,3581.070068359375,17478.068359375,14790.53125,3693.651611328125,20.170921325683594,0.0,14493.7255859375,0.08574509620666504,21.228914260864258,1.1266745328903198,5.222057819366455,4.2153425216674805,1.617147445678711,2.62268328666687,6.182399749755859,0.0010945736430585384,0.3010340631008148,1.0569827556610107,0.0,0.0,0.0,0.0,4919.37060546875,261.083984375,721.2816162109375,2020.417236328125,393.815185546875,0.0,1000.8709716796875,0.06509587168693542,12.250096321105957,87.30098724365234,0.0,0.0,0.0,346.21258544921875,346.21258544921875,75.30851745605469,146.94122314453125,126.29146575927734,0.0,0.0,0.0,75.30851745605469,146.94122314453125,126.29146575927734,0.0,0.0,0.0,1.8568209409713745,22.809385299682617,16.769332885742188,0.0,0.0,0.0
222.0,43.68707275390625,35852.8125,3581.070068359375,17481.2109375,14790.53125,3693.651611328125,20.427377700805664,0.0,14321.6748046875,0.08574654906988144,21.229026794433594,1.1266860961914062,5.222057819366455,4.226415634155273,1.617147445678711,2.62268328666687,6.197179794311523,0.0010945736430585384,0.3010340631008148,1.0580031871795654,0.0,0.0,0.0,0.0,4893.841796875,259.7303771972656,717.9842529296875,2016.8140869140625,371.9061584472656,0.0,943.5773315429688,0.06130896508693695,10.123876571655273,85.01313018798828,0.0,0.0,0.0,347.7265625,347.7265625,130.00294494628906,142.5630340576172,127.8826675415039,0.0,0.0,0.0,130.00294494628906,142.5630340576172,127.8826675415039,0.0,0.0,0.0,17.598482131958008,21.272310256958008,16.978302001953125,0.0,0.0,0.0
223.0,43.705692291259766,35863.8125,3581.070068359375,17492.208984375,14790.53125,3693.651611328125,20.737075805664062,0.0,14121.869140625,0.08594238013029099,21.243988037109375,1.128032922744751,5.222057819366455,4.227475643157959,1.617147445678711,2.62268328666687,6.198202610015869,0.0010945736430585384,0.3010340631008148,1.0580323934555054,0.0,0.0,0.0,0.0,4862.9716796875,258.2185974121094,713.5748291015625,1976.001708984375,363.3647155761719,0.0,876.463134765625,0.05694419518113136,18.062044143676758,94.27069091796875,0.0,0.0,0.0,349.2093200683594,349.2093200683594,133.02516174316406,151.79066467285156,136.23887634277344,0.0,0.0,0.0,133.02516174316406,151.79066467285156,136.23887634277344,0.0,0.0,0.0,18.17278289794922,23.661693572998047,19.112794876098633,0.0,0.0,0.0
224.0,44.12283706665039,36284.00390625,3581.070068359375,17912.404296875,14790.53125,3693.651611328125,20.38428497314453,0.0,14521.6572265625,0.0902562364935875,21.58111000061035,1.1630200147628784,5.222057819366455,4.250251293182373,1.617147445678711,2.62268328666687,6.215832233428955,0.0010945736430585384,0.3010340631008148,1.0583508014678955,0.0,0.0,0.0,0.0,4987.9521484375,268.8039855957031,720.1408081054688,716.9810180664062,290.29180908203125,0.0,2314.5068359375,0.2375054508447647,27.09306526184082,104.7767333984375,0.0,0.0,0.0,350.6982727050781,350.6982727050781,157.99948120117188,185.4974822998047,138.97921752929688,0.0,0.0,0.0,157.99948120117188,185.4974822998047,138.97921752929688,0.0,0.0,0.0,25.830562591552734,33.87372970581055,20.267135620117188,0.0,0.0,0.0
225.0,44.74573516845703,36466.91796875,3581.070068359375,18095.31640625,14790.53125,3693.651611328125,20.492204666137695,0.0,14520.423828125,0.09624972939491272,22.09206199645996,1.2160667181015015,5.222057819366455,4.280073165893555,1.617147445678711,2.62268328666687,6.238586902618408,0.0010945736430585384,0.3010340631008148,1.058679223060608,0.0,0.0,0.0,0.0,5051.9638671875,278.08746337890625,714.1448364257812,838.1734008789062,296.18304443359375,0.0,2126.546875,0.1565289944410324,23.09050178527832,100.06292724609375,0.0,0.0,0.0,352.2419738769531,352.2419738769531,104.50527954101562,185.11181640625,149.70106506347656,0.0,0.0,0.0,104.50527954101562,185.11181640625,149.70106506347656,0.0,0.0,0.0,10.075589179992676,33.65300369262695,23.295358657836914,0.0,0.0,0.0
226.0,45.293949127197266,36687.8984375,3581.070068359375,18316.294921875,14790.53125,3693.651611328125,20.34357261657715,0.0,14710.4775390625,0.10128902643918991,22.546476364135742,1.263152003288269,5.222057819366455,4.303248405456543,1.617147445678711,2.62268328666687,6.256868362426758,0.0010945736430585384,0.3010340631008148,1.0588997602462769,0.0,0.0,0.0,0.0,5127.99072265625,287.29241943359375,711.2504272460938,1710.0042724609375,373.2937927246094,0.0,1228.45751953125,0.07950855046510696,19.98331642150879,96.49333953857422,0.0,0.0,0.0,353.8226623535156,353.8226623535156,147.41407775878906,172.412109375,140.05970764160156,0.0,0.0,0.0,147.41407775878906,172.412109375,140.05970764160156,0.0,0.0,0.0,22.775043487548828,30.08696937561035,20.623891830444336,0.0,0.0,0.0
227.0,45.70047378540039,36757.81640625,3581.070068359375,18386.21484375,14790.53125,3693.651611328125,19.981477737426758,0.0,14997.4765625,0.10494110733270645,22.88265609741211,1.2980440855026245,5.222057819366455,4.321890354156494,1.617147445678711,2.62268328666687,6.269881725311279,0.0010945736430585384,0.3010340631008148,1.0590442419052124,0.0,0.0,0.0,0.0,5162.95458984375,292.87432861328125,707.0693969726562,1980.445068359375,649.2416381835938,0.0,841.4708251953125,0.05441565811634064,18.062044143676758,94.36083984375,0.0,0.0,0.0,355.45172119140625,355.45172119140625,137.98814392089844,160.79312133789062,144.34173583984375,0.0,0.0,0.0,137.98814392089844,160.79312133789062,144.34173583984375,0.0,0.0,0.0,20.380054473876953,27.050512313842773,22.238481521606445,0.0,0.0,0.0
228.0,45.90460205078125,36782.54296875,3581.070068359375,18410.94140625,14790.53125,3693.651611328125,19.554636001586914,0.0,15325.759765625,0.10669030994176865,23.045732498168945,1.3150415420532227,5.222057819366455,4.337967872619629,1.617147445678711,2.62268328666687,6.276043891906738,0.0010945736430585384,0.3010340631008148,1.0591087341308594,0.0,0.0,0.0,0.0,5244.11328125,299.2409362792969,711.7937622070312,2013.400634765625,652.0166015625,0.0,932.8167724609375,0.06029856577515602,18.11431312561035,94.42496490478516,0.0,0.0,0.0,357.1272888183594,357.1272888183594,135.86114501953125,158.46841430664062,134.57568359375,0.0,0.0,0.0,135.86114501953125,158.46841430664062,134.57568359375,0.0,0.0,0.0,20.184749603271484,26.79737663269043,19.808752059936523,0.0,0.0,0.0
229.0,45.99982452392578,36880.625,3581.070068359375,18424.224609375,14875.3291015625,3693.651611328125,18.8443546295166,0.0,15926.9306640625,0.1074146255850792,23.125019073486328,1.323183298110962,5.222057819366455,4.3427348136901855,1.617147445678711,2.62268328666687,6.278337478637695,0.0010945736430585384,0.3010340631008148,1.0591189861297607,0.0,0.0,0.0,0.0,5276.28515625,301.9021301269531,713.29443359375,2038.9881591796875,1066.7498779296875,0.0,889.4903564453125,0.057489171624183655,9.031022071838379,73.39694213867188,0.0,0.0,0.0,358.8494873046875,358.8494873046875,110.3176040649414,137.04205322265625,99.65323638916016,0.0,0.0,0.0,110.3176040649414,137.04205322265625,99.65323638916016,0.0,0.0,0.0,13.423544883728027,21.240447998046875,10.304217338562012,0.0,0.0,0.0
230.0,46.20864486694336,37274.890625,3581.070068359375,18599.017578125,15094.8017578125,3693.651611328125,18.911413192749023,0.0,16038.9111328125,0.10891494154930115,23.295879364013672,1.340943694114685,5.222057819366455,4.356815814971924,1.617147445678711,2.62268328666687,6.282944202423096,0.0010945736430585384,0.3010340631008148,1.0591307878494263,0.0,0.0,0.0,0.0,5316.74658203125,306.0394287109375,713.6255493164062,2048.299560546875,1066.92431640625,0.0,908.7610473632812,0.058716803789138794,9.031022071838379,73.39776611328125,0.0,0.0,0.0,360.5891418457031,360.5891418457031,91.56339263916016,139.34547424316406,118.78511047363281,0.0,0.0,0.0,91.56339263916016,139.34547424316406,118.78511047363281,0.0,0.0,0.0,7.870879173278809,21.847139358520508,15.833231925964355,0.0,0.0,0.0
231.0,46.466739654541016,37383.91015625,3581.070068359375,18665.673828125,15137.1650390625,3693.651611328125,19.553356170654297,0.0,15576.294921875,0.11077076941728592,23.514175415039062,1.3635261058807373,5.222057819366455,4.366621017456055,1.617147445678711,2.62268328666687,6.288493633270264,0.0010945736430585384,0.3010340631008148,1.0591360330581665,0.0,0.0,0.0,0.0,5293.0712890625,306.9314880371094,706.5018920898438,2024.7119140625,882.022705078125,0.0,833.8578491210938,0.05385727062821388,9.031022071838379,73.39812469482422,0.0,0.0,0.0,362.2843017578125,362.2843017578125,122.0262680053711,141.39739990234375,124.92182922363281,0.0,0.0,0.0,122.0262680053711,141.39739990234375,124.92182922363281,0.0,0.0,0.0,16.139326095581055,21.805383682250977,16.986278533935547,0.0,0.0,0.0
232.0,47.04008865356445,37841.9140625,3581.070068359375,19123.681640625,15137.1650390625,3693.651611328125,19.78302574157715,0.0,15586.2626953125,0.11490941792726517,24.00448226928711,1.4143534898757935,5.222057819366455,4.382391452789307,1.617147445678711,2.62268328666687,6.300793170928955,0.0010945736430585384,0.3010340631008148,1.0591427087783813,0.0,0.0,0.0,0.0,5424.31591796875,319.6028137207031,709.1820678710938,2063.744140625,546.5391235351562,0.0,988.3001708984375,0.063780277967453,9.031022071838379,73.86430358886719,0.0,0.0,0.0,363.9353332519531,363.9353332519531,109.32695007324219,149.2133026123047,128.00421142578125,0.0,0.0,0.0,109.32695007324219,149.2133026123047,128.00421142578125,0.0,0.0,0.0,12.195107460021973,23.861865997314453,17.658206939697266,0.0,0.0,0.0
233.0,47.70455551147461,37986.83203125,3581.070068359375,19268.59765625,15137.1650390625,3693.651611328125,20.81329917907715,0.0,14898.6435546875,0.11970788985490799,24.573591232299805,1.4735504388809204,5.222057819366455,4.399500846862793,1.617147445678711,2.62268328666687,6.315039157867432,0.0010945736430585384,0.3010340631008148,1.0591493844985962,0.0,0.0,0.0,0.0,5386.93505859375,323.0264587402344,693.9051513671875,1998.91748046875,383.40069580078125,0.0,801.1942138671875,0.05165659636259079,9.031022071838379,73.39905548095703,0.0,0.0,0.0,365.55224609375,365.55224609375,81.82158660888672,140.74530029296875,118.71969604492188,0.0,0.0,0.0,81.82158660888672,140.74530029296875,118.71969604492188,0.0,0.0,0.0,3.1195147037506104,20.35470199584961,13.912212371826172,0.0,0.0,0.0
234.0,48.0676383972168,38032.68359375,3581.070068359375,19314.44921875,15137.1650390625,3693.651611328125,21.101787567138672,0.0,14721.7763671875,0.12232854217290878,24.8846378326416,1.505922555923462,5.222057819366455,4.408764362335205,1.617147445678711,2.62268328666687,6.322814464569092,0.0010945736430585384,0.3010340631008148,1.0591528415679932,0.0,0.0,0.0,0.0,5390.26953125,326.1983642578125,688.0677490234375,1965.698486328125,360.8924255371094,0.0,735.5692749023438,0.04740108549594879,9.031022071838379,73.3992919921875,0.0,0.0,0.0,367.1049499511719,367.1049499511719,104.22432708740234,135.97320556640625,117.62828826904297,0.0,0.0,0.0,104.22432708740234,135.97320556640625,117.62828826904297,0.0,0.0,0.0,9.383827209472656,18.670377731323242,13.304487228393555,0.0,0.0,0.0
235.0,48.231109619140625,38047.53515625,3581.070068359375,19329.30078125,15137.1650390625,3693.651611328125,21.423818588256836,0.0,14516.3818359375,0.1234997808933258,25.023391723632812,1.520377516746521,5.222057819366455,4.414407253265381,1.617147445678711,2.62268328666687,6.326263904571533,0.0010945736430585384,0.3010340631008148,1.0591535568237305,0.0,0.0,0.0,0.0,5365.88330078125,326.02166748046875,683.0247192382812,1932.0693359375,352.087646484375,0.0,668.9992065429688,0.043101418763399124,8.458834648132324,72.72052764892578,0.0,0.0,0.0,368.6209411621094,368.6209411621094,124.86190032958984,142.6017608642578,117.5829086303711,0.0,0.0,0.0,124.86190032958984,142.6017608642578,117.5829086303711,0.0,0.0,0.0,15.098287582397461,20.287195205688477,12.969181060791016,0.0,0.0,0.0
236.0,48.43606185913086,38198.4609375,3581.070068359375,19480.2265625,15137.1650390625,3693.651611328125,20.89737319946289,0.0,14927.3388671875,0.12494077533483505,25.193939208984375,1.5382254123687744,5.222057819366455,4.425289154052734,1.617147445678711,2.62268328666687,6.330494403839111,0.0010945736430585384,0.3010340631008148,1.0591540336608887,0.0,0.0,0.0,0.0,5481.22802734375,334.6584167480469,690.62060546875,594.478759765625,281.9336853027344,0.0,2188.9873046875,0.27238917350769043,18.062044143676758,94.3706283569336,0.0,0.0,0.0,370.12933349609375,370.12933349609375,161.5245361328125,183.86807250976562,160.11578369140625,0.0,0.0,0.0,161.5245361328125,183.86807250976562,160.11578369140625,0.0,0.0,0.0,26.34855079650879,32.884037017822266,25.936494827270508,0.0,0.0,0.0
237.0,48.68796920776367,38272.73828125,3581.070068359375,19554.50390625,15137.1650390625,3693.651611328125,20.943212509155273,0.0,14926.0703125,0.1267102211713791,25.40334701538086,1.5600906610488892,5.222057819366455,4.438962936401367,1.617147445678711,2.62268328666687,6.335685729980469,0.0010945736430585384,0.3010340631008148,1.0591546297073364,0.0,0.0,0.0,0.0,5501.892578125,337.8865966796875,688.4959106445312,586.7623901367188,288.49566650390625,0.0,2165.972900390625,0.2668921947479248,18.062044143676758,94.37067413330078,0.0,0.0,0.0,371.6811828613281,371.6811828613281,137.33494567871094,185.30470275878906,164.5223846435547,0.0,0.0,0.0,137.33494567871094,185.30470275878906,164.5223846435547,0.0,0.0,0.0,19.22726058959961,33.25841522216797,27.179584503173828,0.0,0.0,0.0
238.0,48.84601593017578,38296.2421875,3581.070068359375,19578.005859375,15137.1650390625,3693.651611328125,20.678428649902344,0.0,15121.43359375,0.12781965732574463,25.534637451171875,1.573805332183838,5.222057819366455,4.447640419006348,1.617147445678711,2.62268328666687,6.338939666748047,0.0010945736430585384,0.3010340631008148,1.0591548681259155,0.0,0.0,0.0,0.0,5538.30224609375,341.3484802246094,689.3338623046875,1613.6253662109375,364.79296875,0.0,1152.2967529296875,0.07417724281549454,18.062044143676758,94.3707046508789,0.0,0.0,0.0,373.27294921875,373.27294921875,91.05369567871094,171.00119018554688,153.22669982910156,0.0,0.0,0.0,91.05369567871094,171.00119018554688,153.22669982910156,0.0,0.0,0.0,5.954777717590332,29.339420318603516,24.140378952026367,0.0,0.0,0.0
239.0,48.92081069946289,38303.67578125,3581.070068359375,19585.443359375,15137.1650390625,3693.651611328125,20.27521324157715,0.0,15416.455078125,0.12830527126789093,25.592092514038086,1.5798707008361816,5.222057819366455,4.457004070281982,1.617147445678711,2.62268328666687,6.3403639793396,0.0010945736430585384,0.3010340631008148,1.059154987335205,0.0,0.0,0.0,0.0,5544.419921875,342.27239990234375,688.7194213867188,885.7039794921875,636.5834350585938,0.0,1799.0380859375,0.11579946428537369,18.062044143676758,94.37071228027344,0.0,0.0,0.0,374.91357421875,374.91357421875,142.99485778808594,179.08901977539062,141.04690551757812,0.0,0.0,0.0,142.99485778808594,179.08901977539062,141.04690551757812,0.0,0.0,0.0,21.550783157348633,32.10832595825195,20.981006622314453,0.0,0.0,0.0
240.0,48.956687927246094,38312.5,3581.070068359375,19594.265625,15137.1650390625,3693.651611328125,19.849178314208984,0.0,15741.404296875,0.1285465657711029,25.62053108215332,1.582814335823059,5.222057819366455,4.460551738739014,1.617147445678711,2.62268328666687,6.341072082519531,0.0010945736430585384,0.3010340631008148,1.059154987335205,0.0,0.0,0.0,0.0,5610.17041015625,346.5914611816406,694.2278442382812,1999.97705078125,639.9234619140625,0.0,823.1009521484375,0.05297842621803284,18.062044143676758,94.37071228027344,0.0,0.0,0.0,376.6015319824219,376.6015319824219,124.61734771728516,152.7736053466797,129.2511444091797,0.0,0.0,0.0,124.61734771728516,152.7736053466797,129.2511444091797,0.0,0.0,0.0,16.601396560668945,24.837100982666016,17.9567813873291,0.0,0.0,0.0
241.0,49.10398864746094,38529.8203125,3581.070068359375,19729.814453125,15218.93359375,3693.651611328125,19.184755325317383,0.0,16358.8759765625,0.1295921504497528,25.743383407592773,1.5955079793930054,5.222057819366455,4.4681925773620605,1.617147445678711,2.62268328666687,6.344142436981201,0.0010945736430585384,0.3010340631008148,1.0591551065444946,0.0,0.0,0.0,0.0,5656.6748046875,350.5860290527344,696.063232421875,2022.4539794921875,1047.3702392578125,0.0,785.0352783203125,0.050518035888671875,9.031022071838379,73.39944458007812,0.0,0.0,0.0,378.3302917480469,378.3302917480469,108.90119171142578,125.716552734375,83.87944793701172,0.0,0.0,0.0,108.90119171142578,125.716552734375,83.87944793701172,0.0,0.0,0.0,12.668842315673828,17.58733558654785,5.349982738494873,0.0,0.0,0.0
242.0,49.51971435546875,39028.21875,3581.070068359375,20006.638671875,15440.5107421875,3831.670166015625,19.295583724975586,0.0,16473.896484375,0.13250797986984253,26.085721969604492,1.631367564201355,5.222057819366455,4.494241237640381,1.617147445678711,2.62268328666687,6.352705001831055,0.0010945736430585384,0.3010340631008148,1.0591551065444946,0.0,0.0,0.0,0.0,5717.42822265625,357.5606689453125,695.0789184570312,2031.2735595703125,1046.1148681640625,0.0,786.461669921875,0.05058124288916588,9.031022071838379,73.39944458007812,0.0,0.0,0.0,380.07037353515625,380.07037353515625,113.6757583618164,133.70025634765625,124.30497741699219,0.0,0.0,0.0,113.6757583618164,133.70025634765625,124.30497741699219,0.0,0.0,0.0,13.95457649230957,19.81174087524414,17.063623428344727,0.0,0.0,0.0
243.0,49.952144622802734,39171.75390625,3581.070068359375,20107.439453125,15483.2431640625,3831.670166015625,19.96602439880371,0.0,15998.7373046875,0.13561072945594788,26.44937515258789,1.6693519353866577,5.222057819366455,4.512815952301025,1.617147445678711,2.62268328666687,6.36181640625,0.0010945736430585384,0.3010340631008148,1.0591551065444946,0.0,0.0,0.0,0.0,5704.07177734375,360.01239013671875,687.0881958007812,1990.8543701171875,863.9283447265625,0.0,706.2095947265625,0.045392438769340515,9.031022071838379,73.39944458007812,0.0,0.0,0.0,381.77215576171875,381.77215576171875,120.4875259399414,139.19911193847656,119.4669418334961,0.0,0.0,0.0,120.4875259399414,139.19911193847656,119.4669418334961,0.0,0.0,0.0,15.276577949523926,20.74971580505371,14.978055953979492,0.0,0.0,0.0
244.0,50.614097595214844,39637.33203125,3581.070068359375,20573.017578125,15483.2431640625,3831.670166015625,20.193172454833984,0.0,16008.962890625,0.14041538536548615,27.012155532836914,1.7281407117843628,5.222057819366455,4.5342864990234375,1.617147445678711,2.62268328666687,6.3759260177612305,0.0010945736430585384,0.3010340631008148,1.0591551065444946,0.0,0.0,0.0,0.0,5837.5380859375,373.4647216796875,688.7864990234375,2049.629638671875,534.8265991210938,0.0,833.1406860351562,0.05350113660097122,9.031022071838379,73.39945220947266,0.0,0.0,0.0,383.4306335449219,383.4306335449219,109.49849700927734,143.51626586914062,122.32151794433594,0.0,0.0,0.0,109.49849700927734,143.51626586914062,122.32151794433594,0.0,0.0,0.0,11.835138320922852,21.78533363342285,15.585871696472168,0.0,0.0,0.0
245.0,51.31458282470703,39784.64453125,3581.070068359375,20720.330078125,15483.2431640625,3831.670166015625,21.24327850341797,0.0,15302.6962890625,0.14551003277301788,27.608783721923828,1.7906880378723145,5.222057819366455,4.555540561676025,1.617147445678711,2.62268328666687,6.3908867835998535,0.0010945736430585384,0.3010340631008148,1.0591551065444946,0.0,0.0,0.0,0.0,5795.111328125,375.8672180175781,674.5625,1960.657470703125,375.5149230957031,0.0,670.3687744140625,0.04300612956285477,3.5260398387908936,66.86862182617188,0.0,0.0,0.0,385.0544738769531,385.0544738769531,109.74707794189453,138.5638427734375,103.24321746826172,0.0,0.0,0.0,109.74707794189453,138.5638427734375,103.24321746826172,0.0,0.0,0.0,10.857741355895996,19.286643981933594,8.955361366271973,0.0,0.0,0.0
246.0,51.691585540771484,39831.25390625,3581.070068359375,20766.939453125,15483.2431640625,3831.670166015625,21.53714942932129,0.0,15121.03125,0.14820563793182373,27.924427032470703,1.823878526687622,5.222057819366455,4.57310152053833,1.617147445678711,2.62268328666687,6.398802757263184,0.0010945736430585384,0.3010340631008148,1.0591551065444946,0.0,0.0,0.0,0.0,5797.02978515625,378.63189697265625,669.318603515625,1928.167236328125,353.6664123535156,0.0,608.8280639648438,0.039037786424160004,0.0,62.913814544677734,0.0,0.0,0.0,386.6133117675781,386.6133117675781,117.06411743164062,132.86631774902344,102.17998504638672,0.0,0.0,0.0,117.06411743164062,132.86631774902344,102.17998504638672,0.0,0.0,0.0,12.70410442352295,17.326248168945312,8.350496292114258,0.0,0.0,0.0
247.0,51.86496353149414,39853.296875,3581.070068359375,20788.984375,15483.2431640625,3831.670166015625,21.86960792541504,0.0,14910.068359375,0.14944060146808624,28.068437576293945,1.8389772176742554,5.222057819366455,4.58251428604126,1.617147445678711,2.62268328666687,6.402420997619629,0.0010945736430585384,0.3010340631008148,1.0591551065444946,0.0,0.0,0.0,0.0,5771.5498046875,378.1382141113281,664.6878662109375,1886.8270263671875,345.1618957519531,0.0,545.6646728515625,0.03497946262359619,0.0,62.913814544677734,0.0,0.0,0.0,388.1300964355469,388.1300964355469,124.02397918701172,131.33682250976562,110.25289916992188,0.0,0.0,0.0,124.02397918701172,131.33682250976562,110.25289916992188,0.0,0.0,0.0,14.407405853271484,16.546409606933594,10.379365921020508,0.0,0.0,0.0
248.0,52.05017852783203,39970.16796875,3581.070068359375,20905.85546875,15483.2431640625,3831.670166015625,21.30953025817871,0.0,15332.1728515625,0.1507664918899536,28.22272491455078,1.855126976966858,5.222057819366455,4.5920891761779785,1.617147445678711,2.62268328666687,6.406298637390137,0.0010945736430585384,0.3010340631008148,1.0591551065444946,0.0,0.0,0.0,0.0,5886.58447265625,386.9350891113281,671.888671875,1925.4921875,276.3153076171875,0.0,678.1055908203125,0.0434584766626358,18.062044143676758,94.37071990966797,0.0,0.0,0.0,389.631103515625,389.631103515625,114.51892852783203,159.1066436767578,140.00979614257812,0.0,0.0,0.0,114.51892852783203,159.1066436767578,140.00979614257812,0.0,0.0,0.0,12.187255859375,25.22916030883789,19.643335342407227,0.0,0.0,0.0
249.0,52.247535705566406,40023.734375,3581.070068359375,20959.419921875,15483.2431640625,3831.670166015625,21.343263626098633,0.5197145342826843,15330.8681640625,0.15220779180526733,28.390609741210938,1.872727870941162,5.222057819366455,4.598316192626953,1.617147445678711,2.62268328666687,6.410500526428223,0.0010945736430585384,0.3010340631008148,1.0591551065444946,0.0,0.0,0.0,0.0,5902.61669921875,389.3538818359375,670.3999633789062,647.63525390625,282.933349609375,0.0,1929.796630859375,0.21940524876117706,18.062044143676758,94.37071990966797,0.0,0.0,0.0,391.16217041015625,391.16217041015625,166.46505737304688,186.92263793945312,167.84840393066406,0.0,0.0,0.0,166.46505737304688,186.92263793945312,167.84840393066406,0.0,0.0,0.0,26.82805061340332,32.811893463134766,27.23267936706543,0.0,0.0,0.0
250.0,52.527122497558594,40207.984375,3581.070068359375,21143.669921875,15483.2431640625,3831.670166015625,21.15704917907715,0.0,15531.5302734375,0.1542666256427765,28.630538940429688,1.8979132175445557,5.222057819366455,4.604734420776367,1.617147445678711,2.62268328666687,6.416496276855469,0.0010945736430585384,0.3010340631008148,1.0591551065444946,0.0,0.0,0.0,0.0,5953.23388671875,394.6387939453125,670.6212768554688,445.6182861328125,357.5335998535156,0.0,2134.664306640625,0.23240970075130463,18.062044143676758,94.37071990966797,0.0,0.0,0.0,392.7367248535156,392.7367248535156,161.6988525390625,179.4213104248047,156.8418731689453,0.0,0.0,0.0,161.6988525390625,179.4213104248047,156.8418731689453,0.0,0.0,0.0,26.139867782592773,31.32368278503418,24.719200134277344,0.0,0.0,0.0
251.0,52.80990982055664,40266.28125,3581.070068359375,21201.966796875,15483.2431640625,3831.670166015625,20.770057678222656,0.0,15834.546875,0.15635262429714203,28.873659133911133,1.9234638214111328,5.222057819366455,4.610692977905273,1.617147445678711,2.62268328666687,6.422569751739502,0.0010945736430585384,0.3010340631008148,1.0591551065444946,0.0,0.0,0.0,0.0,5986.0068359375,398.7671813964844,669.2418823242188,1880.9105224609375,623.4013671875,0.0,600.6536254882812,0.03845422342419624,18.062044143676758,94.37071990966797,0.0,0.0,0.0,394.3646240234375,394.3646240234375,146.1857452392578,157.1563262939453,132.83250427246094,0.0,0.0,0.0,146.1857452392578,157.1563262939453,132.83250427246094,0.0,0.0,0.0,21.98927116394043,25.19816780090332,18.083452224731445,0.0,0.0,0.0
252.0,52.960872650146484,40284.7265625,3581.070068359375,21220.4140625,15483.2431640625,3831.670166015625,20.353591918945312,0.0,16156.177734375,0.15746620297431946,29.003263473510742,1.9370956420898438,5.222057819366455,4.6140570640563965,1.617147445678711,2.62268328666687,6.425817966461182,0.0010945736430585384,0.3010340631008148,1.0591551065444946,0.0,0.0,0.0,0.0,6062.89404296875,404.9339294433594,673.4507446289062,1930.564453125,625.8878784179688,0.0,676.2166748046875,0.043282702565193176,18.062044143676758,94.37071990966797,0.0,0.0,0.0,396.0374450683594,396.0374450683594,129.4035186767578,151.684814453125,127.75244903564453,0.0,0.0,0.0,129.4035186767578,151.684814453125,127.75244903564453,0.0,0.0,0.0,17.496936798095703,24.01421356201172,17.01399803161621,0.0,0.0,0.0
253.0,53.07825469970703,40422.74609375,3581.070068359375,21279.23828125,15562.435546875,3831.670166015625,19.62754249572754,0.0,16789.92578125,0.15834474563598633,29.105005264282227,1.9477673768997192,5.222057819366455,4.615573883056641,1.617147445678711,2.62268328666687,6.428390026092529,0.0010945736430585384,0.3010340631008148,1.0591551065444946,0.0,0.0,0.0,0.0,6117.5048828125,409.3961181640625,676.1205444335938,1970.05859375,1025.3609619140625,0.0,647.3438110351562,0.041427645832300186,1.344923496246338,64.41597747802734,0.0,0.0,0.0,397.7533264160156,397.7533264160156,69.45698547363281,119.07096099853516,73.73078155517578,0.0,0.0,0.0,69.45698547363281,119.07096099853516,73.73078155517578,0.0,0.0,0.0,0.688625156879425,15.200713157653809,1.938711166381836,0.0,0.0,0.0
254.0,53.3814582824707,40877.19140625,3581.070068359375,21510.427734375,15785.6923828125,4489.615234375,19.707712173461914,0.0,16907.96875,0.16059793531894684,29.365694046020508,1.9751917123794556,5.222057819366455,4.621812343597412,1.617147445678711,2.62268328666687,6.434990882873535,0.0010945736430585384,0.3010340631008148,1.0591551065444946,0.0,0.0,0.0,0.0,6169.1181640625,414.94647216796875,676.044677734375,1976.5927734375,1025.1324462890625,0.0,661.2924194335938,0.04230199754238129,1.553727388381958,64.6491928100586,0.0,0.0,0.0,399.47967529296875,399.47967529296875,102.44766235351562,131.6049041748047,117.59601593017578,0.0,0.0,0.0,102.44766235351562,131.6049041748047,117.59601593017578,0.0,0.0,0.0,10.25822925567627,18.786720275878906,14.689123153686523,0.0,0.0,0.0
255.0,53.72468948364258,40998.4765625,3581.070068359375,21588.701171875,15828.70703125,4489.615234375,20.37847137451172,0.0,16420.28515625,0.16316890716552734,29.66254997253418,2.0063741207122803,5.222057819366455,4.62689733505249,1.617147445678711,2.62268328666687,6.442526817321777,0.0010945736430585384,0.3010340631008148,1.0591551065444946,0.0,0.0,0.0,0.0,6141.71533203125,415.4254455566406,669.0471801757812,1926.325439453125,847.3939208984375,0.0,596.3301391601562,0.038127537816762924,0.0,62.913814544677734,0.0,0.0,0.0,401.1681213378906,401.1681213378906,120.66223907470703,138.05006408691406,120.26321411132812,0.0,0.0,0.0,120.66223907470703,138.05006408691406,120.26321411132812,0.0,0.0,0.0,14.915233612060547,20.00117301940918,14.798517227172852,0.0,0.0,0.0
256.0,54.30435562133789,41427.64453125,3581.070068359375,22017.8671875,15828.70703125,4489.615234375,20.581314086914062,0.0,16430.787109375,0.16752856969833374,30.165597915649414,2.05924129486084,5.222057819366455,4.633504390716553,1.617147445678711,2.62268328666687,6.45530891418457,0.0010945736430585384,0.3010340631008148,1.0591551065444946,0.0,0.0,0.0,0.0,6263.150390625,427.55120849609375,670.9209594726562,1989.6856689453125,524.7328491210938,0.0,722.3778686523438,0.04614787548780441,1.5291649103164673,64.62175750732422,0.0,0.0,0.0,402.8161315917969,402.8161315917969,120.6686782836914,142.7417449951172,130.24783325195312,0.0,0.0,0.0,120.6686782836914,142.7417449951172,130.24783325195312,0.0,0.0,0.0,14.714275360107422,21.1706485748291,17.516178131103516,0.0,0.0,0.0
257.0,54.940399169921875,41563.43359375,3581.070068359375,22153.658203125,15828.70703125,4489.615234375,21.642955780029297,0.0,15705.9033203125,0.172315314412117,30.71784210205078,2.1173746585845947,5.222057819366455,4.640351295471191,1.617147445678711,2.62268328666687,6.469343185424805,0.0010945736430585384,0.3010340631008148,1.0591551065444946,0.0,0.0,0.0,0.0,6208.40234375,427.9439392089844,658.1009521484375,1877.599609375,368.9075012207031,0.0,570.8265991210938,0.03643275052309036,0.0,62.913814544677734,0.0,0.0,0.0,404.43450927734375,404.43450927734375,122.2701416015625,136.565673828125,126.69608306884766,0.0,0.0,0.0,122.2701416015625,136.565673828125,126.69608306884766,0.0,0.0,0.0,14.121060371398926,18.302507400512695,15.415648460388184,0.0,0.0,0.0
258.0,55.28486633300781,41606.3984375,3581.070068359375,22196.623046875,15828.70703125,4489.615234375,21.93949317932129,0.0,15519.458984375,0.17489737272262573,31.015708923339844,2.1487581729888916,5.222057819366455,4.64541482925415,1.617147445678711,2.62268328666687,6.476913928985596,0.0010945736430585384,0.3010340631008148,1.0591551065444946,0.0,0.0,0.0,0.0,6206.6533203125,429.9949035644531,653.4832763671875,1834.05908203125,347.6553649902344,0.0,518.3469848632812,0.03306686505675316,0.0,57.357112884521484,0.0,0.0,0.0,405.99749755859375,405.99749755859375,108.6352767944336,126.86861419677734,114.700927734375,0.0,0.0,0.0,108.6352767944336,126.86861419677734,114.700927734375,0.0,0.0,0.0,9.836325645446777,15.169577598571777,11.610528945922852,0.0,0.0,0.0
259.0,55.44023513793945,41621.5703125,3581.070068359375,22211.79296875,15828.70703125,4489.615234375,22.274202346801758,0.0,15302.931640625,0.17606157064437866,31.149641036987305,2.1628620624542236,5.222057819366455,4.648176193237305,1.617147445678711,2.62268328666687,6.48032283782959,0.0010945736430585384,0.3010340631008148,1.0591551065444946,0.0,0.0,0.0,0.0,6178.4931640625,429.0010681152344,649.288818359375,1788.360107421875,339.432373046875,0.0,463.1752624511719,0.029540712013840675,0.0,52.42817687988281,0.0,0.0,0.0,407.523681640625,407.523681640625,94.18476104736328,125.75531768798828,124.99951171875,0.0,0.0,0.0,94.18476104736328,125.75531768798828,124.99951171875,0.0,0.0,0.0,5.274838924407959,14.50922679901123,14.288153648376465,0.0,0.0,0.0
260.0,55.57392501831055,41697.58984375,3581.070068359375,22287.8125,15828.70703125,4489.615234375,21.67918586730957,0.0,15736.158203125,0.17706555128097534,31.26494598388672,2.1750104427337646,5.222057819366455,4.650473117828369,1.617147445678711,2.62268328666687,6.483259677886963,0.0010945736430585384,0.3010340631008148,1.0591551065444946,0.0,0.0,0.0,0.0,6290.92724609375,437.6413269042969,656.2832641601562,1880.527587890625,271.7033996582031,0.0,590.4788818359375,0.03765275701880455,0.0,62.913814544677734,0.0,0.0,0.0,409.0316162109375,409.0316162109375,107.7841796875,142.99855041503906,116.74385833740234,0.0,0.0,0.0,107.7841796875,142.99855041503906,116.74385833740234,0.0,0.0,0.0,9.847686767578125,20.14788818359375,12.468392372131348,0.0,0.0,0.0
261.0,55.69831848144531,41723.5625,3581.070068359375,22313.783203125,15828.70703125,4489.615234375,21.697856903076172,0.0,15734.8173828125,0.17800015211105347,31.372234344482422,2.18633770942688,5.222057819366455,4.652581691741943,1.617147445678711,2.62268328666687,6.485993385314941,0.0010945736430585384,0.3010340631008148,1.0591551065444946,0.0,0.0,0.0,0.0,6300.34814453125,439.0726318359375,655.38671875,542.2836303710938,278.38433837890625,0.0,1869.6197509765625,0.21282315254211426,13.645984649658203,89.1317367553711,0.0,0.0,0.0,410.5561218261719,410.5561218261719,143.06764221191406,177.6402130126953,147.9081573486328,0.0,0.0,0.0,143.06764221191406,177.6402130126953,147.9081573486328,0.0,0.0,0.0,20.149431228637695,30.26190757751465,21.56528091430664,0.0,0.0,0.0
262.0,55.76506805419922,41731.77734375,3581.070068359375,22322.001953125,15828.70703125,4489.615234375,21.413822174072266,0.0,15940.7578125,0.17850182950496674,31.429813385009766,2.1924192905426025,5.222057819366455,4.653703689575195,1.617147445678711,2.62268328666687,6.487460136413574,0.0010945736430585384,0.3010340631008148,1.0591551065444946,0.0,0.0,0.0,0.0,6333.17626953125,441.77728271484375,656.9974975585938,441.9126892089844,352.3163757324219,0.0,1986.4249267578125,0.21712660789489746,18.062044143676758,94.37071990966797,0.0,0.0,0.0,412.1041564941406,412.1041564941406,161.5869140625,178.22193908691406,167.63270568847656,0.0,0.0,0.0,161.5869140625,178.22193908691406,167.63270568847656,0.0,0.0,0.0,25.850351333618164,30.716096878051758,27.618743896484375,0.0,0.0,0.0
263.0,55.794857025146484,41734.37890625,3581.070068359375,22324.6015625,15828.70703125,4489.615234375,20.992502212524414,0.14799484610557556,16251.76171875,0.1787228286266327,31.455163955688477,2.195103168487549,5.222057819366455,4.654587268829346,1.617147445678711,2.62268328666687,6.4881062507629395,0.0010945736430585384,0.3010340631008148,1.0591551065444946,0.0,0.0,0.0,0.0,6346.61279296875,442.8992919921875,657.517333984375,1808.6163330078125,615.551025390625,0.0,549.473388671875,0.03502693772315979,18.062044143676758,94.37071990966797,0.0,0.0,0.0,413.70635986328125,413.70635986328125,144.32179260253906,155.9525909423828,144.44505310058594,0.0,0.0,0.0,144.32179260253906,155.9525909423828,144.44505310058594,0.0,0.0,0.0,21.073627471923828,24.475635528564453,21.10968017578125,0.0,0.0,0.0
264.0,55.82956314086914,41759.19921875,3581.070068359375,22349.419921875,15828.70703125,4489.615234375,20.589111328125,0.0,16570.0703125,0.17898304760456085,31.484962463378906,2.198235273361206,5.222057819366455,4.655343055725098,1.617147445678711,2.62268328666687,6.488866329193115,0.0010945736430585384,0.3010340631008148,1.0591551065444946,0.0,0.0,0.0,0.0,6412.10302734375,447.6839294433594,662.0572509765625,1914.656005859375,618.26953125,0.0,628.171142578125,0.040041640400886536,0.0,62.913814544677734,0.0,0.0,0.0,415.3560791015625,415.3560791015625,119.59159851074219,140.16773986816406,128.3604278564453,0.0,0.0,0.0,119.59159851074219,140.16773986816406,128.3604278564453,0.0,0.0,0.0,14.391430854797363,20.409954071044922,16.95631217956543,0.0,0.0,0.0
265.0,56.044532775878906,42029.80859375,3581.070068359375,22543.46484375,15905.2724609375,4489.615234375,19.914318084716797,0.0,17220.04296875,0.1806125044822693,31.671140670776367,2.2177939414978027,5.222057819366455,4.6581878662109375,1.617147445678711,2.62268328666687,6.493625164031982,0.0010945736430585384,0.3010340631008148,1.0591551065444946,0.0,0.0,0.0,0.0,6483.53125,454.0138244628906,664.5653076171875,1905.867919921875,1012.7317504882812,0.0,598.3519897460938,0.038128964602947235,0.0,62.913814544677734,0.0,0.0,0.0,417.04388427734375,417.04388427734375,69.20088195800781,117.14410400390625,106.85234069824219,0.0,0.0,0.0,69.20088195800781,117.14410400390625,106.85234069824219,0.0,0.0,0.0,0.3269406259059906,14.350332260131836,11.339991569519043,0.0,0.0,0.0
266.0,56.56862258911133,42577.89453125,3581.070068359375,22866.671875,16130.1533203125,4489.615234375,20.03097152709961,0.0,17341.111328125,0.1845654547214508,32.12257385253906,2.2653727531433105,5.222057819366455,4.6677703857421875,1.617147445678711,2.62268328666687,6.505170822143555,0.0010945736430585384,0.3010340631008148,1.0591551065444946,0.0,0.0,0.0,0.0,6557.0546875,462.4216613769531,663.44140625,1903.3553466796875,1011.3892822265625,0.0,601.2483520507812,0.03828459233045578,0.0,62.913814544677734,0.0,0.0,0.0,418.7447509765625,418.7447509765625,117.37432098388672,132.4588623046875,114.15467071533203,0.0,0.0,0.0,117.37432098388672,132.4588623046875,114.15467071533203,0.0,0.0,0.0,14.301018714904785,18.71324348449707,13.359269142150879,0.0,0.0,0.0
267.0,57.079044342041016,42961.2421875,3813.3701171875,22974.431640625,16173.44140625,4489.615234375,20.837800979614258,0.0,16840.927734375,0.18843555450439453,32.56368637084961,2.311842679977417,5.222057819366455,4.675433158874512,1.617147445678711,2.62268328666687,6.516473770141602,0.0010945736430585384,0.3010340631008148,1.0591551065444946,0.0,0.0,0.0,0.0,6540.57177734375,464.3446044921875,655.8817138671875,1840.0240478515625,835.4703369140625,0.0,531.4243774414062,0.033813491463661194,0.0,55.52787780761719,0.0,0.0,0.0,420.41552734375,420.41552734375,121.92501831054688,138.07992553710938,115.45106506347656,0.0,0.0,0.0,121.92501831054688,138.07992553710938,115.45106506347656,0.0,0.0,0.0,14.82526683807373,19.550579071044922,12.931635856628418,0.0,0.0,0.0
268.0,57.739315032958984,43396.08203125,3813.3701171875,23409.26953125,16173.44140625,4489.615234375,21.03789520263672,0.0,16851.6953125,0.1934608370065689,33.136009216308594,2.372154474258423,5.222057819366455,4.6833648681640625,1.617147445678711,2.62268328666687,6.531150817871094,0.0010945736430585384,0.3010340631008148,1.0591551065444946,0.0,0.0,0.0,0.0,6665.7294921875,477.1890563964844,657.1201171875,1903.0560302734375,517.0307006835938,0.0,645.815673828125,0.04105256125330925,0.0,62.913814544677734,0.0,0.0,0.0,422.0516052246094,422.0516052246094,121.77169036865234,142.8300323486328,124.93306732177734,0.0,0.0,0.0,121.77169036865234,142.8300323486328,124.93306732177734,0.0,0.0,0.0,14.580324172973633,20.739891052246094,15.50502872467041,0.0,0.0,0.0
269.0,58.40684509277344,43533.66796875,3813.3701171875,23546.85546875,16173.44140625,4489.615234375,22.121484756469727,0.0,16108.244140625,0.1985449343919754,33.71491622924805,2.433259963989258,5.222057819366455,4.690954208374023,1.617147445678711,2.62268328666687,6.545999526977539,0.0010945736430585384,0.3010340631008148,1.0591551065444946,0.0,0.0,0.0,0.0,6607.2685546875,476.85723876953125,644.9568481445312,1778.0584716796875,363.695556640625,0.0,503.2147521972656,0.03195687383413315,0.0,52.42817687988281,0.0,0.0,0.0,423.6620178222656,423.6620178222656,99.67329406738281,137.63497924804688,127.96969604492188,0.0,0.0,0.0,99.67329406738281,137.63497924804688,127.96969604492188,0.0,0.0,0.0,7.03295373916626,18.13674545288086,15.309650421142578,0.0,0.0,0.0
270.0,58.76316833496094,43577.19921875,3813.3701171875,23590.388671875,16173.44140625,4489.615234375,22.42397117614746,0.0,15917.0224609375,0.2012500762939453,34.02290344238281,2.4657952785491943,5.222057819366455,4.696145534515381,1.617147445678711,2.62268328666687,6.553900241851807,0.0010945736430585384,0.3010340631008148,1.0591551065444946,0.0,0.0,0.0,0.0,6605.01318359375,478.6954650878906,640.662841796875,1725.9786376953125,342.84539794921875,0.0,454.54632568359375,0.028851304203271866,0.0,48.37872314453125,0.0,0.0,0.0,425.2215576171875,425.2215576171875,89.28700256347656,128.58892822265625,121.99942779541016,0.0,0.0,0.0,89.28700256347656,128.58892822265625,121.99942779541016,0.0,0.0,0.0,3.692476511001587,15.188291549682617,13.260860443115234,0.0,0.0,0.0
271.0,58.922733306884766,43592.32421875,3813.3701171875,23605.51171875,16173.44140625,4489.615234375,22.76588249206543,0.0,15694.9501953125,0.20244911313056946,34.15940475463867,2.480226516723633,5.222057819366455,4.700078964233398,1.617147445678711,2.62268328666687,6.55740213394165,0.0010945736430585384,0.3010340631008148,1.0591551065444946,0.0,0.0,0.0,0.0,6568.30810546875,476.907958984375,636.7418212890625,1678.0028076171875,334.5343933105469,0.0,408.57257080078125,0.025927308946847916,0.0,41.942543029785156,0.0,0.0,0.0,426.7522277832031,426.7522277832031,106.5608139038086,111.83405303955078,117.91996765136719,0.0,0.0,0.0,106.5608139038086,111.83405303955078,117.91996765136719,0.0,0.0,0.0,8.403156280517578,9.945576667785645,11.7257080078125,0.0,0.0,0.0
272.0,58.98991012573242,43597.5390625,3813.3701171875,23610.7265625,16173.44140625,4489.615234375,22.119373321533203,0.0,16139.2666015625,0.20293428003787994,34.21463394165039,2.4860713481903076,5.222057819366455,4.704278469085693,1.617147445678711,2.62268328666687,6.55881929397583,0.0010945736430585384,0.3010340631008148,1.0591551065444946,0.0,0.0,0.0,0.0,6683.42919921875,485.625,643.6673583984375,1785.50390625,268.0180969238281,0.0,524.1010131835938,0.033255480229854584,0.0,52.42817687988281,0.0,0.0,0.0,428.2642517089844,428.2642517089844,125.54845428466797,133.09490966796875,121.06121826171875,0.0,0.0,0.0,125.54845428466797,133.09490966796875,121.06121826171875,0.0,0.0,0.0,14.603550910949707,16.810890197753906,13.291033744812012,0.0,0.0,0.0
273.0,59.01814651489258,43601.29296875,3813.3701171875,23614.48046875,16173.44140625,4489.615234375,22.12647247314453,0.0,16137.890625,0.20312102138996124,34.23589324951172,2.488320827484131,5.222057819366455,4.708276748657227,1.617147445678711,2.62268328666687,6.5593647956848145,0.0010945736430585384,0.3010340631008148,1.0591551065444946,0.0,0.0,0.0,0.0,6683.587890625,485.7741394042969,643.3571166992188,1749.301513671875,274.7798156738281,0.0,518.432373046875,0.032894618809223175,9.031022071838379,76.05705261230469,0.0,0.0,0.0,429.7895812988281,429.7895812988281,133.0616912841797,156.07911682128906,121.52515411376953,0.0,0.0,0.0,133.0616912841797,156.07911682128906,121.52515411376953,0.0,0.0,0.0,16.794071197509766,23.526668548583984,13.419633865356445,0.0,0.0,0.0
274.0,59.031986236572266,43602.85546875,3813.3701171875,23616.044921875,16173.44140625,4489.615234375,21.832958221435547,0.0,16349.1162109375,0.20320765674114227,34.245758056640625,2.489337682723999,5.222057819366455,4.710893154144287,1.617147445678711,2.62268328666687,6.55961799621582,0.0010945736430585384,0.3010340631008148,1.0591551065444946,0.0,0.0,0.0,0.0,6713.224609375,487.9869689941406,645.2620849609375,1764.593505859375,347.8713684082031,0.0,534.5924682617188,0.03391941636800766,9.031022071838379,78.49430084228516,0.0,0.0,0.0,431.3297119140625,431.3297119140625,143.06277465820312,165.94764709472656,133.6209716796875,0.0,0.0,0.0,143.06277465820312,165.94764709472656,133.6209716796875,0.0,0.0,0.0,20.012901306152344,26.706727981567383,17.251176834106445,0.0,0.0,0.0
275.0,59.03801727294922,43603.3515625,3813.3701171875,23616.541015625,16173.44140625,4489.615234375,21.401851654052734,0.0,16668.08203125,0.20325317978858948,34.250919342041016,2.489849090576172,5.222057819366455,4.711070537567139,1.617147445678711,2.62268328666687,6.559750556945801,0.0010945736430585384,0.3010340631008148,1.0591551065444946,0.0,0.0,0.0,0.0,6728.87841796875,489.1515808105469,646.158935546875,1728.3192138671875,608.0299682617188,0.0,494.61810302734375,0.03138280287384987,11.98302173614502,87.18221282958984,0.0,0.0,0.0,432.9158935546875,432.9158935546875,140.29116821289062,158.32907104492188,143.2292022705078,0.0,0.0,0.0,140.29116821289062,158.32907104492188,143.2292022705078,0.0,0.0,0.0,19.63331413269043,24.909404754638672,20.492691040039062,0.0,0.0,0.0
276.0,59.093482971191406,43659.109375,3813.3701171875,23672.298828125,16173.44140625,4489.615234375,21.019250869750977,0.0,16983.076171875,0.20367710292339325,34.29888916015625,2.4948902130126953,5.222057819366455,4.711869716644287,1.617147445678711,2.62268328666687,6.560986042022705,0.0010945736430585384,0.3010340631008148,1.0591551065444946,0.0,0.0,0.0,0.0,6796.029296875,494.34100341796875,650.236572265625,1834.448486328125,610.4547729492188,0.0,565.6535034179688,0.03588700294494629,0.0,53.69017791748047,0.0,0.0,0.0,434.5522155761719,434.5522155761719,125.49066925048828,139.09219360351562,127.15730285644531,0.0,0.0,0.0,125.49066925048828,139.09219360351562,127.15730285644531,0.0,0.0,0.0,15.686768531799316,19.66521453857422,16.174259185791016,0.0,0.0,0.0
277.0,59.38190460205078,43972.83984375,3813.3701171875,23912.08984375,16247.3818359375,4489.615234375,20.343887329101562,0.0,17649.244140625,0.20589615404605865,34.54950714111328,2.5212881565093994,5.222057819366455,4.714587211608887,1.617147445678711,2.62268328666687,6.567453861236572,0.0010945736430585384,0.3010340631008148,1.0591551065444946,0.0,0.0,0.0,0.0,6882.05126953125,502.2252197265625,652.7548828125,1823.194091796875,999.9693603515625,0.0,539.2718505859375,0.0341988168656826,0.0,52.42817687988281,0.0,0.0,0.0,436.2298889160156,436.2298889160156,74.19428253173828,115.95867919921875,89.37760925292969,0.0,0.0,0.0,74.19428253173828,115.95867919921875,89.37760925292969,0.0,0.0,0.0,1.3579410314559937,13.574027061462402,5.7990641593933105,0.0,0.0,0.0
278.0,59.99345779418945,44553.796875,3813.3701171875,24266.544921875,16473.8828125,4489.615234375,20.46630859375,0.0,17773.33203125,0.21058185398578644,35.07843780517578,2.5771210193634033,5.222057819366455,4.7230329513549805,1.617147445678711,2.62268328666687,6.581110954284668,0.0010945736430585384,0.3010340631008148,1.0591551065444946,0.0,0.0,0.0,0.0,6964.4814453125,511.6622314453125,651.4633178710938,1814.869140625,998.4710693359375,0.0,540.4126586914062,0.034240689128637314,0.0,52.42817687988281,0.0,0.0,0.0,437.9203186035156,437.9203186035156,109.69793701171875,132.1595001220703,111.89635467529297,0.0,0.0,0.0,109.69793701171875,132.1595001220703,111.89635467529297,0.0,0.0,0.0,11.62033748626709,18.190345764160156,12.263374328613281,0.0,0.0,0.0
279.0,60.56423568725586,44714.6015625,3813.3701171875,24383.787109375,16517.443359375,4489.615234375,21.1772518157959,0.0,17260.685546875,0.21496930718421936,35.572731018066406,2.629286527633667,5.222057819366455,4.730175971984863,1.617147445678711,2.62268328666687,6.593898773193359,0.0010945736430585384,0.3010340631008148,1.0591551065444946,0.0,0.0,0.0,0.0,6944.3740234375,513.2793579101562,644.0194702148438,1740.6717529296875,824.44482421875,0.0,472.50897216796875,0.02991335652768612,0.0,47.52201843261719,0.0,0.0,0.0,439.5839538574219,439.5839538574219,120.1703872680664,138.30369567871094,121.98944854736328,0.0,0.0,0.0,120.1703872680664,138.30369567871094,121.98944854736328,0.0,0.0,0.0,13.972586631774902,19.276580810546875,14.504663467407227,0.0,0.0,0.0
280.0,61.23965835571289,45137.98828125,3813.3701171875,24807.17578125,16517.443359375,4489.615234375,21.3666934967041,0.0,17271.71875,0.2201767861843109,36.158897399902344,2.691155195236206,5.222057819366455,4.737180233001709,1.617147445678711,2.62268328666687,6.609076499938965,0.0010945736430585384,0.3010340631008148,1.0591551065444946,0.0,0.0,0.0,0.0,7071.9296875,526.3341064453125,645.051025390625,1807.889892578125,510.3667907714844,0.0,578.6142578125,0.036594461649656296,0.0,52.42817687988281,0.0,0.0,0.0,441.2157287597656,441.2157287597656,125.78646850585938,142.55421447753906,112.0750732421875,0.0,0.0,0.0,125.78646850585938,142.55421447753906,112.0750732421875,0.0,0.0,0.0,15.425848960876465,20.330415725708008,11.415266990661621,0.0,0.0,0.0
281.0,61.89990997314453,45271.953125,3813.3701171875,24941.138671875,16517.443359375,4489.615234375,22.463428497314453,0.0,16509.73828125,0.22527024149894714,36.73209762573242,2.751741409301758,5.222057819366455,4.7437052726745605,1.617147445678711,2.62268328666687,6.623922348022461,0.0010945736430585384,0.3010340631008148,1.0591551065444946,0.0,0.0,0.0,0.0,6987.9375,523.4930419921875,633.6299438476562,1680.7265625,358.5271301269531,0.0,451.5009460449219,0.028527673333883286,0.0,41.942543029785156,0.0,0.0,0.0,442.8255310058594,442.8255310058594,106.4710693359375,139.1566925048828,115.5841293334961,0.0,0.0,0.0,106.4710693359375,139.1566925048828,115.5841293334961,0.0,0.0,0.0,8.67935848236084,18.23990249633789,11.344929695129395,0.0,0.0,0.0
282.0,62.25010681152344,45314.33984375,3813.3701171875,24983.525390625,16517.443359375,4489.615234375,22.769311904907227,0.0,16313.740234375,0.2279662787914276,37.03546142578125,2.7838258743286133,5.222057819366455,4.747899532318115,1.617147445678711,2.62268328666687,6.63178014755249,0.0010945736430585384,0.3010340631008148,1.0591551065444946,0.0,0.0,0.0,0.0,6969.77685546875,523.8937377929688,629.6796875,1629.86865234375,337.5665588378906,0.0,411.4501037597656,0.02598385512828827,0.0,41.942543029785156,0.0,0.0,0.0,444.3875427246094,444.3875427246094,105.7863540649414,128.56138610839844,129.2112579345703,0.0,0.0,0.0,105.7863540649414,128.56138610839844,129.2112579345703,0.0,0.0,0.0,8.173197746276855,14.834892272949219,15.024983406066895,0.0,0.0,0.0
283.0,62.40620803833008,45328.62890625,3813.3701171875,24997.814453125,16517.443359375,4489.615234375,23.115957260131836,0.0,16086.134765625,0.22916246950626373,37.16999053955078,2.79805850982666,5.222057819366455,4.750556945800781,1.617147445678711,2.62268328666687,6.635264873504639,0.0010945736430585384,0.3010340631008148,1.0591551065444946,0.0,0.0,0.0,0.0,6924.076171875,521.2261352539062,626.0105590820312,1575.9761962890625,329.19842529296875,0.0,367.23321533203125,0.02318623848259449,0.0,45.6150016784668,0.0,0.0,0.0,445.92315673828125,445.92315673828125,106.51913452148438,123.15367889404297,119.29597473144531,0.0,0.0,0.0,106.51913452148438,123.15367889404297,119.29597473144531,0.0,0.0,0.0,8.040888786315918,12.906493186950684,11.778115272521973,0.0,0.0,0.0
284.0,62.478759765625,45341.3515625,3813.3701171875,25010.537109375,16517.443359375,4489.615234375,22.462539672851562,0.0,16541.52734375,0.22971728444099426,37.232357025146484,2.804645299911499,5.222057819366455,4.751987934112549,1.617147445678711,2.62268328666687,6.636880397796631,0.0010945736430585384,0.3010340631008148,1.0591551065444946,0.0,0.0,0.0,0.0,7061.78076171875,531.9509887695312,632.5174560546875,1691.1058349609375,264.2291259765625,0.0,471.0218200683594,0.029736096039414406,0.0,41.942543029785156,0.0,0.0,0.0,447.4461364746094,447.4461364746094,104.47957611083984,120.4920654296875,123.15081024169922,0.0,0.0,0.0,104.47957611083984,120.4920654296875,123.15081024169922,0.0,0.0,0.0,8.097735404968262,12.781390190124512,13.559073448181152,0.0,0.0,0.0
285.0,62.51514434814453,45345.37890625,3813.3701171875,25014.56640625,16517.443359375,4489.615234375,22.46974754333496,0.0,16540.115234375,0.22999516129493713,37.26358413696289,2.807943820953369,5.222057819366455,4.752761363983154,1.617147445678711,2.62268328666687,6.637689590454102,0.0010945736430585384,0.3010340631008148,1.0591551065444946,0.0,0.0,0.0,0.0,7062.33154296875,532.171875,632.1904296875,1685.542724609375,270.868408203125,0.0,467.01995849609375,0.029481912031769753,0.0,41.942543029785156,0.0,0.0,0.0,448.9761657714844,448.9761657714844,107.85161590576172,140.5044403076172,129.39686584472656,0.0,0.0,0.0,107.85161590576172,140.5044403076172,129.39686584472656,0.0,0.0,0.0,9.076848030090332,18.6278018951416,15.378832817077637,0.0,0.0,0.0
286.0,62.530906677246094,45346.65625,3813.3701171875,25015.841796875,16517.443359375,4489.615234375,22.17119789123535,0.0,16756.595703125,0.23011335730552673,37.276859283447266,2.8093502521514893,5.222057819366455,4.7533769607543945,1.617147445678711,2.62268328666687,6.638033390045166,0.0010945736430585384,0.3010340631008148,1.0591551065444946,0.0,0.0,0.0,0.0,7096.8232421875,534.8482055664062,634.0587768554688,1664.4564208984375,343.00775146484375,0.0,480.7234802246094,0.030346311628818512,9.031022071838379,73.39945220947266,0.0,0.0,0.0,450.5110778808594,450.5110778808594,112.02344512939453,159.03897094726562,123.46287536621094,0.0,0.0,0.0,112.02344512939453,159.03897094726562,123.46287536621094,0.0,0.0,0.0,10.595661163330078,24.347702026367188,13.941694259643555,0.0,0.0,0.0
287.0,62.53742599487305,45347.33203125,3813.3701171875,25016.51953125,16517.443359375,4489.615234375,21.733051300048828,0.0,17083.505859375,0.23016192018985748,37.28230285644531,2.809924602508545,5.222057819366455,4.753688335418701,1.617147445678711,2.62268328666687,6.638174533843994,0.0010945736430585384,0.3010340631008148,1.0591551065444946,0.0,0.0,0.0,0.0,7114.47900390625,536.2101440429688,635.1580200195312,1636.3736572265625,599.511474609375,0.0,450.81793212890625,0.02845822460949421,9.031022071838379,73.39945220947266,0.0,0.0,0.0,452.08001708984375,452.08001708984375,110.38206481933594,158.61029052734375,86.60154724121094,0.0,0.0,0.0,110.38206481933594,158.61029052734375,86.60154724121094,0.0,0.0,0.0,10.553703308105469,24.66046142578125,3.597902297973633,0.0,0.0,0.0
288.0,62.571781158447266,45381.1171875,3813.3701171875,25050.3046875,16517.443359375,4489.615234375,21.346927642822266,0.0,17395.208984375,0.23039034008979797,37.307861328125,2.812568426132202,5.226608753204346,4.754403591156006,1.617147445678711,2.62268328666687,6.638837814331055,0.0010945736430585384,0.3010340631008148,1.0591551065444946,0.0,0.0,0.0,0.0,7186.5947265625,541.7836303710938,639.5553588867188,1737.4173583984375,602.3071899414062,0.0,508.4005432128906,0.032091788947582245,0.0,47.266258239746094,0.0,0.0,0.0,453.6888427734375,453.6888427734375,120.97200012207031,135.2310028076172,88.63056945800781,0.0,0.0,0.0,120.97200012207031,135.2310028076172,88.63056945800781,0.0,0.0,0.0,14.037381172180176,18.20813751220703,4.577513694763184,0.0,0.0,0.0
289.0,62.874061584472656,45776.76953125,3813.3701171875,25374.6328125,16588.767578125,4489.615234375,20.691715240478516,0.0,18077.548828125,0.23220808804035187,37.5108642578125,2.8336329460144043,5.294382572174072,4.757740497589111,1.617147445678711,2.62268328666687,6.644117832183838,0.0010945736430585384,0.3010340631008148,1.0591551065444946,0.0,0.0,0.0,0.0,7271.68408203125,549.3151245117188,650.5654296875,1728.44384765625,987.0286865234375,0.0,489.2192687988281,0.030870432034134865,0.0,45.03753662109375,0.0,0.0,0.0,455.3313293457031,455.3313293457031,82.21260833740234,117.02819061279297,105.94268798828125,0.0,0.0,0.0,82.21260833740234,117.02819061279297,105.94268798828125,0.0,0.0,0.0,3.355473279953003,13.539030075073242,10.296520233154297,0.0,0.0,0.0
290.0,63.699180603027344,46511.23046875,3813.3701171875,25880.970703125,16816.888671875,4489.615234375,20.87420082092285,0.0,18204.642578125,0.23679696023464203,38.02311325073242,2.887474775314331,5.525203227996826,4.768031120300293,1.617147445678711,2.62268328666687,6.657447338104248,0.0010945736430585384,0.3010340631008148,1.0591551065444946,0.0,0.0,0.0,0.0,7342.51025390625,557.5901489257812,676.498046875,1711.1256103515625,985.1320190429688,0.0,488.3273620605469,0.030787548050284386,0.0,44.05854415893555,0.0,0.0,0.0,456.990966796875,456.990966796875,120.19140625,131.71762084960938,110.48960876464844,0.0,0.0,0.0,120.19140625,131.71762084960938,110.48960876464844,0.0,0.0,0.0,14.28178596496582,17.653202056884766,11.444009780883789,0.0,0.0,0.0
291.0,64.58123016357422,46761.55078125,3813.3701171875,26087.4609375,16860.720703125,4489.615234375,21.637834548950195,0.0,17679.548828125,0.24199095368385315,38.60188293457031,2.949140787124634,5.736642837524414,4.777927398681641,1.617147445678711,2.62268328666687,6.672533988952637,0.0010945736430585384,0.3010340631008148,1.0591551065444946,0.0,0.0,0.0,0.0,7302.48046875,557.9013671875,692.93505859375,1618.9443359375,811.4655151367188,0.0,424.2425231933594,0.026721028611063957,0.0,41.942543029785156,0.0,0.0,0.0,458.63238525390625,458.63238525390625,118.93846130371094,138.4457550048828,117.34146118164062,0.0,0.0,0.0,118.93846130371094,138.4457550048828,117.34146118164062,0.0,0.0,0.0,13.151665687561035,18.8575496673584,12.684540748596191,0.0,0.0,0.0
292.0,65.46428680419922,47283.3203125,3813.3701171875,26609.23046875,16860.720703125,4489.615234375,21.867820739746094,0.0,17690.84765625,0.24688945710659027,39.14730453491211,3.006455898284912,5.990234375,4.785524845123291,1.617147445678711,2.62268328666687,6.68676233291626,0.0010945736430585384,0.3010340631008148,1.0591551065444946,0.0,0.0,0.0,0.0,7423.927734375,570.1468505859375,723.25,1682.382080078125,502.6429443359375,0.0,509.2252502441406,0.0320441834628582,0.0,44.327613830566406,0.0,0.0,0.0,460.24774169921875,460.24774169921875,121.39826202392578,142.76942443847656,118.31745910644531,0.0,0.0,0.0,121.39826202392578,142.76942443847656,118.31745910644531,0.0,0.0,0.0,13.641170501708984,19.892236709594727,12.740036964416504,0.0,0.0,0.0
293.0,66.392822265625,47497.24609375,3813.3701171875,26823.154296875,16860.720703125,4489.615234375,23.026653289794922,0.0,16910.376953125,0.2519313395023346,39.70855712890625,3.065814971923828,6.271089553833008,4.792910099029541,1.617147445678711,2.62268328666687,6.701407432556152,0.0010945736430585384,0.3010340631008148,1.0591551065444946,0.0,0.0,0.0,0.0,7299.25,563.5598754882812,741.2445678710938,1534.98779296875,352.09588623046875,0.0,391.85089111328125,0.02463481016457081,0.0,45.6150016784668,0.0,0.0,0.0,461.84478759765625,461.84478759765625,117.53583526611328,136.12123107910156,119.77205657958984,0.0,0.0,0.0,117.53583526611328,136.12123107910156,119.77205657958984,0.0,0.0,0.0,11.352579116821289,16.788806915283203,12.006673812866211,0.0,0.0,0.0
294.0,66.91223907470703,47564.93359375,3813.3701171875,26890.841796875,16860.720703125,4489.615234375,23.351713180541992,0.0,16709.630859375,0.25471776723861694,40.01869583129883,3.0987231731414795,6.4326372146606445,4.7968525886535645,1.617147445678711,2.62268328666687,6.709501266479492,0.0010945736430585384,0.3010340631008148,1.0591551065444946,0.0,0.0,0.0,0.0,7267.15771484375,562.709716796875,751.6031494140625,1485.280029296875,331.02935791015625,0.0,349.13818359375,0.021938087418675423,0.0,44.917049407958984,0.0,0.0,0.0,463.3978576660156,463.3978576660156,106.80278015136719,128.57720947265625,111.699951171875,0.0,0.0,0.0,106.80278015136719,128.57720947265625,111.699951171875,0.0,0.0,0.0,7.888099670410156,14.257122039794922,9.320523262023926,0.0,0.0,0.0
295.0,67.14797973632812,47586.34765625,3813.3701171875,26912.2578125,16860.720703125,4489.615234375,23.710603713989258,0.0,16476.494140625,0.255972295999527,40.158321380615234,3.113554000854492,6.50728702545166,4.798585414886475,1.617147445678711,2.62268328666687,6.7131452560424805,0.0010945736430585384,0.3010340631008148,1.0591551065444946,0.0,0.0,0.0,0.0,7212.95361328125,559.2345581054688,752.8013916015625,1433.5572509765625,322.5129089355469,0.0,310.2718811035156,0.01949133910238743,0.0,41.942543029785156,0.0,0.0,0.0,464.92633056640625,464.92633056640625,105.72683715820312,123.50306701660156,117.73519897460938,0.0,0.0,0.0,105.72683715820312,123.50306701660156,117.73519897460938,0.0,0.0,0.0,7.214495658874512,12.414042472839355,10.726940155029297,0.0,0.0,0.0
296.0,67.24515533447266,47593.125,3813.3701171875,26919.03515625,16860.720703125,4489.615234375,23.036602020263672,0.0,16942.939453125,0.2564864158630371,40.215538024902344,3.1196343898773193,6.538460731506348,4.799282550811768,1.617147445678711,2.62268328666687,6.714638710021973,0.0010945736430585384,0.3010340631008148,1.0591551065444946,0.0,0.0,0.0,0.0,7361.13720703125,571.0244750976562,768.6641235351562,1534.0272216796875,259.23968505859375,0.0,406.2265319824219,0.025516768917441368,0.0,45.6150016784668,0.0,0.0,0.0,466.4468994140625,466.4468994140625,108.9073257446289,118.07406616210938,118.34858703613281,0.0,0.0,0.0,108.9073257446289,118.07406616210938,118.34858703613281,0.0,0.0,0.0,8.8187894821167,11.50006103515625,11.58035945892334,0.0,0.0,0.0
297.0,67.28305053710938,47595.26953125,3813.3701171875,26921.177734375,16860.720703125,4489.615234375,23.042919158935547,0.0,16941.490234375,0.2566860020160675,40.23774719238281,3.121994972229004,6.550739288330078,4.799549579620361,1.617147445678711,2.62268328666687,6.7152180671691895,0.0010945736430585384,0.3010340631008148,1.0591551065444946,0.0,0.0,0.0,0.0,7359.3916015625,571.0057373046875,769.4186401367188,1533.5721435546875,265.7257995605469,0.0,402.3700256347656,0.025273580104112625,0.0,41.942543029785156,0.0,0.0,0.0,467.979736328125,467.979736328125,121.82969665527344,117.09855651855469,117.94629669189453,0.0,0.0,0.0,121.82969665527344,117.09855651855469,117.94629669189453,0.0,0.0,0.0,12.592267990112305,11.20840835571289,11.456371307373047,0.0,0.0,0.0
298.0,67.29730224609375,47595.94921875,3813.3701171875,26921.857421875,16860.720703125,4489.615234375,22.736135482788086,0.0,17163.21484375,0.25679200887680054,40.24953079223633,3.123281717300415,6.551436901092529,4.799618244171143,1.617147445678711,2.62268328666687,6.715526103973389,0.0010945736430585384,0.3010340631008148,1.0591551065444946,0.0,0.0,0.0,0.0,7399.91064453125,574.218017578125,772.6535034179688,1548.643798828125,336.70257568359375,0.0,417.1753234863281,0.026203006505966187,0.0,41.942543029785156,0.0,0.0,0.0,469.5076904296875,469.5076904296875,112.40658569335938,129.6000518798828,109.98247528076172,0.0,0.0,0.0,112.40658569335938,129.6000518798828,109.98247528076172,0.0,0.0,0.0,10.142790794372559,15.171880722045898,9.433738708496094,0.0,0.0,0.0
299.0,67.38497924804688,47682.50390625,3813.3701171875,27008.412109375,16860.720703125,4489.615234375,22.326568603515625,0.0,17498.0625,0.25744879245758057,40.32254409790039,3.131026029586792,6.553441524505615,4.801968574523926,1.617147445678711,2.62268328666687,6.717433929443359,0.0010945736430585384,0.3010340631008148,1.0591551065444946,0.0,0.0,0.0,0.0,7424.16064453125,576.4824829101562,773.1710815429688,1525.42919921875,588.0447998046875,0.0,386.0196228027344,0.02424311637878418,0.0,41.942543029785156,0.0,0.0,0.0,471.05108642578125,471.05108642578125,117.10511779785156,128.30723571777344,115.99836730957031,0.0,0.0,0.0,117.10511779785156,128.30723571777344,115.99836730957031,0.0,0.0,0.0,11.926676750183105,15.203295707702637,11.60295295715332,0.0,0.0,0.0
300.0,67.50611114501953,47712.67578125,3813.3701171875,27038.583984375,16860.720703125,4489.615234375,21.940942764282227,0.0,17806.453125,0.2597813010215759,40.39982986450195,3.1391828060150146,6.574393272399902,4.807622909545898,1.617147445678711,2.62268328666687,6.724186420440674,0.0010945736430585384,0.3010340631008148,1.0591551065444946,0.0,0.0,0.0,0.0,7511.21630859375,583.64306640625,782.0062255859375,1573.6268310546875,591.335693359375,0.0,437.63555908203125,0.02747284434735775,0.0,41.942543029785156,0.0,0.0,0.0,472.6175231933594,472.6175231933594,106.87995910644531,114.47179412841797,119.19408416748047,0.0,0.0,0.0,106.87995910644531,114.47179412841797,119.19408416748047,0.0,0.0,0.0,9.321446418762207,11.542057991027832,12.92332649230957,0.0,0.0,0.0
