time,Total Generation Capacity,Total Transmission,Transmission for Interconnection km,Total Transmission for Generation Connection,Total Transmission for Demand Connection,Total Interconnection Capacity,Transmission Tariff[f0],Congestion Tariff[f0],National Peak Demand[f0],Generation Capacity by Tech[TBiomass],Generation Capacity by Tech[TWindOnS],Generation Capacity by Tech[TWindOffS],Generation Capacity by Tech[TPV],Generation Capacity by Tech[THydroDam],Generation Capacity by Tech[THRoR],Generation Capacity by Tech[TThermo1],Generation Capacity by Tech[TThermo2],Generation Capacity by Tech[TGeothermal],Generation Capacity by Tech[TPVBESSOp1],Generation Capacity by Tech[TPVBESSOp2],Generation Capacity by Tech[TOther1],Generation Capacity by Tech[TOther2],Generation Capacity by Tech[TOther3],Generation by Tech per Month[TBiomass],Generation by Tech per Month[TWindOnS],Generation by Tech per Month[TWindOffS],Generation by Tech per Month[TPV],Generation by Tech per Month[THydroDam],Generation by Tech per Month[THRoR],Generation by Tech per Month[TThermo1],Generation by Tech per Month[TThermo2],Generation by Tech per Month[TGeothermal],Generation by Tech per Month[TPVBESSOp1],Generation by Tech per Month[TPVBESSOp2],Generation by Tech per Month[TOther1],Generation by Tech per Month[TOther2],Generation by Tech per Month[TOther3],Generation by Tech per Month[DERBESS],Generation by Tech per Month[DER],"Electricity Tariff[Regulated,Z1]","Electricity Tariff[Regulated,Z2]","Electricity Tariff[Regulated,Z3]","Electricity Tariff[Regulated,Z4]","Electricity Tariff[Regulated,Z5]","Electricity Tariff[Regulated,Z6]","Electricity Tariff[Unregulated,Z1]","Electricity Tariff[Unregulated,Z2]","Electricity Tariff[Unregulated,Z3]","Electricity Tariff[Unregulated,Z4]","Electricity Tariff[Unregulated,Z5]","Electricity Tariff[Unregulated,Z6]","Generation Tariff[f0,Z1]","Generation Tariff[f0,Z2]","Generation Tariff[f0,Z3]","Generation Tariff[f0,Z4]","Generation Tariff[f0,Z5]","Generation Tariff[f0,Z6]"
0.0,14.057049751281738,16177.3701171875,1836.469970703125,5622.81982421875,8718.080078125,1600.0,16.893709182739258,0.9912989735603333,7532.21728515625,0.06656000018119812,1.021299958229065,0.0,0.4778200089931488,3.705590009689331,1.5324699878692627,2.6226699352264404,4.630640029907227,0.0,0.0,0.0,0.0,0.0,0.0,0.0,279.896484375,0.0,79.0820083618164,2668.02490234375,894.5088500976562,0.0,1152.0262451171875,0.0,0.0,0.0,0.0,0.0,0.0,0.0046911598183214664,0.0046911598183214664,181.14532470703125,182.1839599609375,196.01895141601562,0.0,0.0,0.0,181.14532470703125,182.1839599609375,196.01895141601562,0.0,0.0,0.0,35.10000228881836,35.40380096435547,39.45053482055664,0.0,0.0,0.0
1.0,14.069549560546875,16177.3701171875,1836.469970703125,5622.81982421875,8718.080078125,1600.0,16.26285743713379,0.0,7826.17626953125,0.06656000018119812,1.021299958229065,0.0,0.4778200089931488,3.705590009689331,1.5449700355529785,2.6226699352264404,4.630640029907227,0.0,0.0,0.0,0.0,0.0,0.0,0.0,279.896484375,0.0,79.0820083618164,2668.02490234375,1112.37841796875,0.0,1130.9642333984375,0.0,0.0,0.0,0.0,0.0,0.0,1.2015498876571655,1.2015498876571655,149.29542541503906,174.4298095703125,182.94070434570312,0.0,0.0,0.0,149.29542541503906,174.4298095703125,182.94070434570312,0.0,0.0,0.0,27.406057357788086,34.75786209106445,37.24729537963867,0.0,0.0,0.0
2.0,14.069549560546875,16182.3701171875,1836.469970703125,5627.81982421875,8718.080078125,1600.0,16.161104202270508,0.0,7879.6875,0.06656000018119812,1.021299958229065,0.0,0.4778200089931488,3.705590009689331,1.5449700355529785,2.6226699352264404,4.630640029907227,0.0,0.0,0.0,0.0,0.0,0.0,0.0,279.896484375,0.0,79.0820083618164,2668.02490234375,1112.37841796875,0.0,1165.78662109375,0.0,0.0,0.0,0.0,0.0,0.0,2.4232804775238037,2.4232804775238037,92.0335464477539,174.86041259765625,191.863037109375,0.0,0.0,0.0,92.0335464477539,174.86041259765625,191.863037109375,0.0,0.0,0.0,10.758708000183105,34.985565185546875,39.95883560180664,0.0,0.0,0.0
3.0,14.069549560546875,16182.3701171875,1836.469970703125,5627.81982421875,8718.080078125,1600.0,16.64838218688965,0.0,7650.93896484375,0.06656000018119812,1.021299958229065,0.0,0.4778200089931488,3.705590009689331,1.5449700355529785,2.6226699352264404,4.630640029907227,0.0,0.0,0.0,0.0,0.0,0.0,0.0,279.896484375,0.0,79.0820083618164,2668.02490234375,925.83251953125,0.0,1197.056640625,0.0,0.0,0.0,0.0,0.0,0.0,3.618972063064575,3.618972063064575,56.92498016357422,177.1244659423828,177.69442749023438,0.0,0.0,0.0,56.92498016357422,177.1244659423828,177.69442749023438,0.0,0.0,0.0,0.002175268717110157,35.1605224609375,35.327239990234375,0.0,0.0,0.0
4.0,14.069549560546875,16182.3701171875,1836.469970703125,5627.81982421875,8718.080078125,1600.0,16.644662857055664,0.0,7654.3623046875,0.06656000018119812,1.021299958229065,0.0,0.4778200089931488,3.705590009689331,1.5449700355529785,2.6226699352264404,4.630640029907227,0.0,0.0,0.0,0.0,0.0,0.0,0.0,279.896484375,0.0,79.0820083618164,2668.02490234375,572.429931640625,0.0,1551.610107421875,0.0,0.0,0.0,0.0,0.0,0.0,4.774014472961426,4.774014472961426,122.98388671875,184.44305419921875,181.18202209472656,0.0,0.0,0.0,122.98388671875,184.44305419921875,181.18202209472656,0.0,0.0,0.0,19.328125,37.304931640625,36.35108184814453,0.0,0.0,0.0
5.0,14.069549560546875,16182.3701171875,1836.469970703125,5627.81982421875,8718.080078125,1600.0,17.420927047729492,0.0,7315.2783203125,0.06656000018119812,1.021299958229065,0.0,0.4778200089931488,3.705590009689331,1.5449700355529785,2.6226699352264404,4.630640029907227,0.0,0.0,0.0,0.0,0.0,0.0,0.0,279.896484375,0.0,79.0820083618164,1154.3077392578125,407.575439453125,0.0,3000.65478515625,0.0,0.0,0.0,0.0,0.0,0.0,5.901125431060791,5.901125431060791,231.8664093017578,219.5587158203125,232.20822143554688,0.0,0.0,0.0,231.8664093017578,219.5587158203125,232.20822143554688,0.0,0.0,0.0,50.400001525878906,46.79999923706055,50.49998092651367,0.0,0.0,0.0
6.0,14.069549560546875,16182.3701171875,1836.469970703125,5627.81982421875,8718.080078125,1600.0,17.637903213500977,0.0,7227.0498046875,0.06656000018119812,1.021299958229065,0.0,0.4778200089931488,3.705590009689331,1.5449700355529785,2.6226699352264404,4.630640029907227,0.0,0.0,0.0,0.0,0.0,0.0,11.96236801147461,279.896484375,0.0,79.0820083618164,1103.4935302734375,385.8840637207031,0.0,3000.65478515625,0.0,0.0,0.0,0.0,0.0,0.0,7.015265941619873,7.015265941619873,232.60821533203125,231.4615478515625,232.95004272460938,0.0,0.0,0.0,232.60821533203125,231.4615478515625,232.95004272460938,0.0,0.0,0.0,50.400001525878906,50.06460189819336,50.49998474121094,0.0,0.0,0.0
7.0,14.069549560546875,16182.3701171875,1836.469970703125,5627.81982421875,8718.080078125,1600.0,17.895544052124023,0.0,7124.84521484375,0.06656000018119812,1.021299958229065,0.0,0.4778200089931488,3.705590009689331,1.5449700355529785,2.6226699352264404,4.630640029907227,0.0,0.0,0.0,0.0,0.0,0.0,30.670848846435547,279.896484375,0.0,79.0820083618164,647.5745239257812,378.31988525390625,374.79168701171875,3000.65478515625,0.0,0.0,0.0,0.0,0.0,0.0,8.155521392822266,8.155521392822266,273.62579345703125,241.14285278320312,233.83091735839844,0.0,0.0,0.0,273.62579345703125,241.14285278320312,233.83091735839844,0.0,0.0,0.0,62.13999938964844,52.63874435424805,50.5,0.0,0.0,0.0
8.0,14.278849601745605,16182.3701171875,1836.469970703125,5627.81982421875,8718.080078125,1600.0,17.409587860107422,0.0,7325.14208984375,0.06656000018119812,1.021299958229065,0.0,0.4778200089931488,3.9148900508880615,1.5449700355529785,2.6226699352264404,4.630640029907227,0.0,0.0,0.0,0.0,0.0,0.0,11.96236801147461,279.896484375,0.0,79.0820083618164,1252.3387451171875,300.787109375,0.0,3000.65478515625,0.0,0.0,0.0,0.0,0.0,0.0,9.339935302734375,9.339935302734375,231.82765197753906,229.64601135253906,232.16932678222656,0.0,0.0,0.0,231.82765197753906,229.64601135253906,232.16932678222656,0.0,0.0,0.0,50.400001525878906,49.761871337890625,50.49993896484375,0.0,0.0,0.0
9.0,14.278849601745605,16266.08984375,1836.469970703125,5711.5400390625,8718.080078125,1600.0,17.50895881652832,0.0,7323.11083984375,0.06656000018119812,1.021299958229065,0.0,0.4778200089931488,3.9148900508880615,1.5449700355529785,2.6226699352264404,4.630640029907227,0.0,0.0,0.0,0.0,0.0,0.0,11.96236801147461,279.896484375,0.0,79.0820083618164,1242.0472412109375,308.4625244140625,0.0,3000.65478515625,0.0,0.0,0.0,0.0,0.0,0.0,10.587949752807617,10.587949752807617,232.16737365722656,227.77593994140625,232.50901794433594,0.0,0.0,0.0,232.16737365722656,227.77593994140625,232.50901794433594,0.0,0.0,0.0,50.400001525878906,49.115501403808594,50.49993133544922,0.0,0.0,0.0
10.0,14.278849601745605,16266.08984375,1836.469970703125,5711.5400390625,8718.080078125,1600.0,17.290096282958984,0.0,7417.53173828125,0.06656000018119812,1.021299958229065,0.0,0.4778200089931488,3.9148900508880615,1.5449700355529785,2.6226699352264404,4.630640029907227,0.0,0.0,0.0,0.0,0.0,0.0,30.670848846435547,279.896484375,0.0,79.0820083618164,420.2856140136719,389.77740478515625,784.04345703125,3000.65478515625,0.0,0.0,0.0,0.0,0.0,0.0,11.882654190063477,11.882654190063477,271.5558776855469,239.15550231933594,235.9640655517578,0.0,0.0,0.0,271.5558776855469,239.15550231933594,235.9640655517578,0.0,0.0,0.0,62.13999938964844,52.66288757324219,51.729393005371094,0.0,0.0,0.0
11.0,14.278849601745605,16266.08984375,1836.469970703125,5711.5400390625,8718.080078125,1600.0,16.966217041015625,0.0,7560.79833984375,0.06656000018119812,1.021299958229065,0.0,0.4778200089931488,3.9148900508880615,1.5449700355529785,2.6226699352264404,4.630640029907227,0.0,0.0,0.0,0.0,0.0,0.0,0.0,279.896484375,0.0,79.0820083618164,1039.2637939453125,680.6643676757812,0.0,3000.65478515625,0.0,0.0,0.0,0.0,0.0,0.0,13.233033180236816,13.233033180236816,230.31185913085938,218.00416564941406,230.65350341796875,0.0,0.0,0.0,230.31185913085938,218.00416564941406,230.65350341796875,0.0,0.0,0.0,50.400001525878906,46.79999923706055,50.499935150146484,0.0,0.0,0.0
12.0,14.278849601745605,16266.08984375,1836.469970703125,5711.5400390625,8718.080078125,1600.0,16.18121910095215,0.0,7928.74658203125,0.06656000018119812,1.021299958229065,0.0,0.4778200089931488,3.9148900508880615,1.5449700355529785,2.6226699352264404,4.630640029907227,0.0,0.0,0.0,0.0,0.0,0.0,0.0,279.896484375,0.0,79.0820083618164,2818.720703125,901.80517578125,0.0,1246.4814453125,0.0,0.0,0.0,0.0,0.0,0.0,14.650765419006348,14.650765419006348,160.82119750976562,178.3286895751953,180.3832550048828,0.0,0.0,0.0,160.82119750976562,178.3286895751953,180.3832550048828,0.0,0.0,0.0,30.85898208618164,35.979923248291016,36.58088302612305,0.0,0.0,0.0
13.0,14.755249977111816,16323.9150390625,1836.469970703125,5711.5400390625,8775.9052734375,1600.0,15.631354331970215,0.0,8238.169921875,0.06656000018119812,1.021299958229065,0.0,0.934220016002655,3.9148900508880615,1.5649700164794922,2.6226699352264404,4.630640029907227,0.0,0.0,0.0,0.0,0.0,0.0,0.0,279.896484375,0.0,154.6413116455078,2818.720703125,1126.7784423828125,0.0,1152.900634765625,0.0,0.0,0.0,0.0,0.0,0.0,16.120351791381836,16.120351791381836,170.4873504638672,172.77496337890625,170.87384033203125,0.0,0.0,0.0,170.4873504638672,172.77496337890625,170.87384033203125,0.0,0.0,0.0,34.2361946105957,34.90532302856445,34.3492431640625,0.0,0.0,0.0
14.0,14.755249977111816,16721.59375,1836.469970703125,5902.10009765625,8983.0244140625,1600.0,15.907326698303223,0.0,8294.498046875,0.06656000018119812,1.021299958229065,0.0,0.934220016002655,3.9148900508880615,1.5649700164794922,2.6226699352264404,4.630640029907227,0.0,0.0,0.0,0.0,0.0,0.0,0.0,279.896484375,0.0,154.6413116455078,2818.720703125,1126.7784423828125,0.0,1189.364501953125,0.0,0.0,0.0,0.0,0.0,0.0,17.59751319885254,17.59751319885254,114.51683044433594,174.59918212890625,164.85452270507812,0.0,0.0,0.0,114.51683044433594,174.59918212890625,164.85452270507812,0.0,0.0,0.0,17.58884620666504,35.162933349609375,32.312618255615234,0.0,0.0,0.0
15.0,14.755249977111816,16761.45703125,1836.469970703125,5902.10009765625,9022.8876953125,1600.0,16.42788314819336,0.0,8053.7021484375,0.06656000018119812,1.021299958229065,0.0,0.934220016002655,3.9148900508880615,1.5649700164794922,2.6226699352264404,4.630640029907227,0.0,0.0,0.0,0.0,0.0,0.0,0.0,279.896484375,0.0,154.6413116455078,2818.720703125,937.8176879882812,0.0,1214.7022705078125,0.0,0.0,0.0,0.0,0.0,0.0,19.025808334350586,19.025808334350586,79.52204132080078,176.95750427246094,161.3614501953125,0.0,0.0,0.0,79.52204132080078,176.95750427246094,161.3614501953125,0.0,0.0,0.0,6.832314491271973,35.332183837890625,30.770339965820312,0.0,0.0,0.0
16.0,14.755249977111816,16761.45703125,1836.469970703125,5902.10009765625,9022.8876953125,1600.0,16.424665451049805,0.0,8057.30029296875,0.06656000018119812,1.021299958229065,0.0,0.934220016002655,3.9148900508880615,1.5649700164794922,2.6226699352264404,4.630640029907227,0.0,0.0,0.0,0.0,0.0,0.0,0.0,279.896484375,0.0,154.6413116455078,2818.720703125,579.8401489257812,0.0,1573.739013671875,0.0,0.0,0.0,0.0,0.0,0.0,20.39019012451172,20.39019012451172,141.80206298828125,185.21682739257812,160.999267578125,0.0,0.0,0.0,141.80206298828125,185.21682739257812,160.999267578125,0.0,0.0,0.0,25.052438735961914,37.751258850097656,30.667621612548828,0.0,0.0,0.0
17.0,14.755249977111816,16761.45703125,1836.469970703125,5902.10009765625,9022.8876953125,1600.0,17.19341468811035,0.0,7700.3544921875,0.06656000018119812,1.021299958229065,0.0,0.934220016002655,3.9148900508880615,1.5649700164794922,2.6226699352264404,4.630640029907227,0.0,0.0,0.0,0.0,0.0,0.0,0.0,279.896484375,0.0,154.6413116455078,1317.043701171875,412.8515930175781,0.0,3000.65478515625,0.0,0.0,0.0,0.0,0.0,0.0,21.708768844604492,21.708768844604492,231.08859252929688,218.78089904785156,231.43048095703125,0.0,0.0,0.0,231.08859252929688,218.78089904785156,231.43048095703125,0.0,0.0,0.0,50.400001525878906,46.79999923706055,50.5,0.0,0.0,0.0
18.0,14.755249977111816,16761.45703125,1836.469970703125,5902.10009765625,9022.8876953125,1600.0,17.40863800048828,0.0,7607.46826171875,0.06656000018119812,1.021299958229065,0.0,0.934220016002655,3.9148900508880615,1.5649700164794922,2.6226699352264404,4.630640029907227,0.0,0.0,0.0,0.0,0.0,0.0,11.96236801147461,279.896484375,0.0,154.6413116455078,1263.197265625,390.8794250488281,0.0,3000.65478515625,0.0,0.0,0.0,0.0,0.0,0.0,22.998788833618164,22.998788833618164,231.82440185546875,233.6555938720703,232.16629028320312,0.0,0.0,0.0,231.82440185546875,233.6555938720703,232.16629028320312,0.0,0.0,0.0,50.400001525878906,50.93562316894531,50.5,0.0,0.0,0.0
19.0,14.755249977111816,16761.45703125,1836.469970703125,5902.10009765625,9022.8876953125,1600.0,17.66408348083496,0.0,7499.89013671875,0.06656000018119812,1.021299958229065,0.0,0.934220016002655,3.9148900508880615,1.5649700164794922,2.6226699352264404,4.630640029907227,0.0,0.0,0.0,0.0,0.0,0.0,11.96236801147461,279.896484375,0.0,154.6413116455078,1197.089111328125,383.21734619140625,0.0,3000.65478515625,0.0,0.0,0.0,0.0,0.0,0.0,24.30679702758789,24.30679702758789,232.69772338867188,234.32615661621094,233.0395965576172,0.0,0.0,0.0,232.69772338867188,234.32615661621094,233.0395965576172,0.0,0.0,0.0,50.400001525878906,50.87631607055664,50.5,0.0,0.0,0.0
20.0,14.755249977111816,16761.45703125,1836.469970703125,5902.10009765625,9022.8876953125,1600.0,17.183313369750977,0.0,7710.72119140625,0.06656000018119812,1.021299958229065,0.0,0.934220016002655,3.9148900508880615,1.5649700164794922,2.6226699352264404,4.630640029907227,0.0,0.0,0.0,0.0,0.0,0.0,30.670848846435547,279.896484375,0.0,154.6413116455078,57.81735610961914,304.6808776855469,1339.7623291015625,3000.65478515625,0.0,0.0,0.0,0.0,0.0,0.0,25.65537452697754,25.65537452697754,271.1908264160156,237.8821563720703,258.822021484375,0.0,0.0,0.0,271.1908264160156,237.8821563720703,258.822021484375,0.0,0.0,0.0,62.13999938964844,52.397216796875,58.52212905883789,0.0,0.0,0.0
21.0,14.755249977111816,16761.45703125,1836.469970703125,5902.10009765625,9022.8876953125,1600.0,17.19281005859375,0.0,7708.576171875,0.06656000018119812,1.021299958229065,0.0,0.934220016002655,3.9148900508880615,1.5649700164794922,2.6226699352264404,4.630640029907227,0.0,0.0,0.0,0.0,0.0,0.0,30.670848846435547,279.896484375,0.0,154.6413116455078,36.453956604003906,312.4556579589844,1350.4967041015625,3000.65478515625,0.0,0.0,0.0,0.0,0.0,0.0,27.064762115478516,27.064762115478516,271.2232666015625,239.13442993164062,259.6883544921875,0.0,0.0,0.0,271.2232666015625,239.13442993164062,259.6883544921875,0.0,0.0,0.0,62.13999938964844,52.75400924682617,58.76603698730469,0.0,0.0,0.0
22.0,14.755249977111816,16761.45703125,1836.469970703125,5902.10009765625,9022.8876953125,1600.0,16.9775447845459,0.0,7807.96240234375,0.06656000018119812,1.021299958229065,0.0,0.934220016002655,3.9148900508880615,1.5649700164794922,2.6226699352264404,4.630640029907227,0.0,0.0,0.0,0.0,0.0,0.0,30.670848846435547,279.896484375,0.0,154.6413116455078,420.2856140136719,394.8231506347656,949.789794921875,3000.65478515625,0.0,0.0,0.0,0.0,0.0,0.0,28.51720428466797,28.51720428466797,270.4873352050781,236.9503936767578,240.70777893066406,0.0,0.0,0.0,270.4873352050781,236.9503936767578,240.70777893066406,0.0,0.0,0.0,62.13999938964844,52.330448150634766,53.42947769165039,0.0,0.0,0.0
23.0,14.755249977111816,16761.45703125,1836.469970703125,5902.10009765625,9022.8876953125,1600.0,16.658884048461914,0.0,7958.74755859375,0.06656000018119812,1.021299958229065,0.0,0.934220016002655,3.9148900508880615,1.5649700164794922,2.6226699352264404,4.630640029907227,0.0,0.0,0.0,0.0,0.0,0.0,0.0,279.896484375,0.0,154.6413116455078,1206.1507568359375,689.4757080078125,0.0,3000.65478515625,0.0,0.0,0.0,0.0,0.0,0.0,30.025699615478516,30.025699615478516,229.26113891601562,216.9534454345703,229.60281372070312,0.0,0.0,0.0,229.26113891601562,216.9534454345703,229.60281372070312,0.0,0.0,0.0,50.400001525878906,46.79999923706055,50.49993896484375,0.0,0.0,0.0
24.0,14.755249977111816,16761.45703125,1836.469970703125,5902.10009765625,9022.8876953125,1600.0,15.933151245117188,0.0,8321.5703125,0.06656000018119812,1.021299958229065,0.0,0.934220016002655,3.9148900508880615,1.5649700164794922,2.6226699352264404,4.630640029907227,0.0,0.0,0.0,0.0,0.0,0.0,0.0,279.896484375,0.0,154.6413116455078,1331.4056396484375,913.479248046875,0.0,2894.207763671875,0.0,0.0,0.0,0.0,0.0,0.0,31.604124069213867,31.604124069213867,158.05276489257812,214.47230529785156,156.20135498046875,0.0,0.0,0.0,158.05276489257812,214.47230529785156,156.20135498046875,0.0,0.0,0.0,30.297283172607422,46.79999923706055,29.755746841430664,0.0,0.0,0.0
25.0,14.755249977111816,16881.447265625,1836.469970703125,5902.10009765625,9142.8759765625,1600.0,15.44554615020752,0.0,8646.3203125,0.06656000018119812,1.021299958229065,0.0,0.934220016002655,3.9148900508880615,1.5649700164794922,2.6226699352264404,4.630640029907227,0.0,0.0,0.0,0.0,0.0,0.0,0.0,279.896484375,0.0,154.6413116455078,2818.720703125,1126.7784423828125,0.0,1410.7080078125,0.0,0.0,0.0,0.0,0.0,0.0,33.2346076965332,33.2346076965332,167.93177795410156,178.1062774658203,169.94944763183594,0.0,0.0,0.0,167.93177795410156,178.1062774658203,169.94944763183594,0.0,0.0,0.0,33.674495697021484,36.650543212890625,34.26466751098633,0.0,0.0,0.0
26.0,14.755249977111816,17025.9140625,1836.469970703125,5902.10009765625,9287.3447265625,1600.0,15.475692749023438,0.0,8705.4248046875,0.06656000018119812,1.021299958229065,0.0,0.934220016002655,3.9148900508880615,1.5649700164794922,2.6226699352264404,4.630640029907227,0.0,0.0,0.0,0.0,0.0,0.0,0.0,279.896484375,0.0,154.6413116455078,2818.720703125,1126.7784423828125,0.0,1448.8875732421875,0.0,0.0,0.0,0.0,0.0,0.0,34.86667251586914,34.86667251586914,111.12081909179688,179.1203155517578,164.1683349609375,0.0,0.0,0.0,111.12081909179688,179.1203155517578,164.1683349609375,0.0,0.0,0.0,17.02714729309082,36.91699981689453,32.54354476928711,0.0,0.0,0.0
27.0,14.755249977111816,17052.365234375,1836.469970703125,5902.10009765625,9313.7958984375,1600.0,15.97046184539795,0.0,8452.6962890625,0.06656000018119812,1.021299958229065,0.0,0.934220016002655,3.9148900508880615,1.5649700164794922,2.6226699352264404,4.630640029907227,0.0,0.0,0.0,0.0,0.0,0.0,0.0,279.896484375,0.0,154.6413116455078,2818.720703125,937.8176879882812,0.0,1466.04150390625,0.0,0.0,0.0,0.0,0.0,0.0,36.440372467041016,36.440372467041016,76.03787231445312,181.2240753173828,162.4648895263672,0.0,0.0,0.0,76.03787231445312,181.2240753173828,162.4648895263672,0.0,0.0,0.0,6.270615577697754,37.03758239746094,31.550518035888672,0.0,0.0,0.0
28.0,14.755249977111816,17052.365234375,1836.469970703125,5902.10009765625,9313.7958984375,1600.0,15.96753978729248,0.0,8456.4580078125,0.06656000018119812,1.021299958229065,0.0,0.934220016002655,3.9148900508880615,1.5649700164794922,2.6226699352264404,4.630640029907227,0.0,0.0,0.0,0.0,0.0,0.0,0.0,279.896484375,0.0,154.6413116455078,2818.720703125,579.8401489257812,0.0,1825.05419921875,0.0,0.0,0.0,0.0,0.0,0.0,37.938934326171875,37.938934326171875,131.19461059570312,188.60906982421875,178.39370727539062,0.0,0.0,0.0,131.19461059570312,188.60906982421875,178.39370727539062,0.0,0.0,0.0,22.406885147094727,39.20061492919922,36.21261978149414,0.0,0.0,0.0
29.0,14.755249977111816,17052.365234375,1836.469970703125,5902.10009765625,9313.7958984375,1600.0,16.717391967773438,0.0,8081.82275390625,0.06656000018119812,1.021299958229065,0.0,0.934220016002655,3.9148900508880615,1.5649700164794922,2.6226699352264404,4.630640029907227,0.0,0.0,0.0,0.0,0.0,0.0,0.0,279.896484375,0.0,154.6413116455078,1556.314697265625,412.8515930175781,0.0,3000.65478515625,0.0,0.0,0.0,0.0,0.0,0.0,39.38690948486328,39.38690948486328,229.46116638183594,217.15347290039062,229.8030548095703,0.0,0.0,0.0,229.46116638183594,217.15347290039062,229.8030548095703,0.0,0.0,0.0,50.400001525878906,46.79999923706055,50.5,0.0,0.0,0.0
30.0,14.755249977111816,17052.365234375,1836.469970703125,5902.10009765625,9313.7958984375,1600.0,16.92752456665039,0.0,7984.33056640625,0.06656000018119812,1.021299958229065,0.0,0.934220016002655,3.9148900508880615,1.5649700164794922,2.6226699352264404,4.630640029907227,0.0,0.0,0.0,0.0,0.0,0.0,30.670848846435547,279.896484375,0.0,154.6413116455078,420.2856140136719,390.8794250488281,1060.2423095703125,3000.65478515625,0.0,0.0,0.0,0.0,0.0,0.0,40.80610656738281,40.80610656738281,270.3163146972656,238.40414428710938,240.84286499023438,0.0,0.0,0.0,270.3163146972656,238.40414428710938,240.84286499023438,0.0,0.0,0.0,62.13999938964844,52.805686950683594,53.519012451171875,0.0,0.0,0.0
31.0,14.767749786376953,17052.365234375,1836.469970703125,5902.10009765625,9313.7958984375,1600.0,17.17694854736328,0.0,7871.4072265625,0.06656000018119812,1.021299958229065,0.0,0.934220016002655,3.9148900508880615,1.5774699449539185,2.6226699352264404,4.630640029907227,0.0,0.0,0.0,0.0,0.0,0.0,30.670848846435547,279.896484375,0.0,154.6413116455078,445.68719482421875,386.2782287597656,961.9404296875,3000.65478515625,0.0,0.0,0.0,0.0,0.0,0.0,42.24480056762695,42.24480056762695,271.1690673828125,237.33799743652344,237.0810089111328,0.0,0.0,0.0,271.1690673828125,237.33799743652344,237.0810089111328,0.0,0.0,0.0,62.13999938964844,52.24441909790039,52.169246673583984,0.0,0.0,0.0
32.0,14.767749786376953,17057.365234375,1836.469970703125,5907.10009765625,9313.7958984375,1600.0,16.713090896606445,0.0,8092.677734375,0.06656000018119812,1.021299958229065,0.0,0.934220016002655,3.9148900508880615,1.5774699449539185,2.6226699352264404,4.630640029907227,0.0,0.0,0.0,0.0,0.0,0.0,30.670848846435547,279.896484375,0.0,154.6413116455078,143.52407836914062,307.1144714355469,1490.832763671875,3000.65478515625,0.0,0.0,0.0,0.0,0.0,0.0,43.722721099853516,43.722721099853516,269.5832214355469,237.77955627441406,268.993896484375,0.0,0.0,0.0,269.5832214355469,237.77955627441406,268.993896484375,0.0,0.0,0.0,62.13999938964844,52.83742904663086,61.96762466430664,0.0,0.0,0.0
33.0,14.767749786376953,17057.365234375,1836.469970703125,5907.10009765625,9313.7958984375,1600.0,16.722543716430664,0.0,8090.4189453125,0.06656000018119812,1.021299958229065,0.0,0.934220016002655,3.9148900508880615,1.5774699449539185,2.6226699352264404,4.630640029907227,0.0,0.0,0.0,0.0,0.0,0.0,11.96236801147461,279.896484375,0.0,154.6413116455078,1642.1715087890625,314.95135498046875,0.0,3000.65478515625,0.0,0.0,0.0,0.0,0.0,0.0,45.258056640625,45.258056640625,163.0040740966797,226.8505096435547,231.39810180664062,0.0,0.0,0.0,163.0040740966797,226.8505096435547,231.39810180664062,0.0,0.0,0.0,30.956148147583008,49.631229400634766,50.96139907836914,0.0,0.0,0.0
34.0,14.767749786376953,17057.365234375,1836.469970703125,5907.10009765625,9313.7958984375,1600.0,16.512714385986328,0.0,8194.716796875,0.06656000018119812,1.021299958229065,0.0,0.934220016002655,3.9148900508880615,1.5774699449539185,2.6226699352264404,4.630640029907227,0.0,0.0,0.0,0.0,0.0,0.0,30.670848846435547,279.896484375,0.0,154.6413116455078,1234.3193359375,397.97674560546875,374.79168701171875,3000.65478515625,0.0,0.0,0.0,0.0,0.0,0.0,46.837371826171875,46.837371826171875,268.8981628417969,234.68106079101562,229.3318328857422,0.0,0.0,0.0,268.8981628417969,234.68106079101562,229.3318328857422,0.0,0.0,0.0,62.13999938964844,52.13149642944336,50.56684875488281,0.0,0.0,0.0
35.0,14.767749786376953,17057.365234375,1836.469970703125,5907.10009765625,9313.7958984375,1600.0,16.201993942260742,0.0,8352.9755859375,0.06656000018119812,1.021299958229065,0.0,0.934220016002655,3.9148900508880615,1.5774699449539185,2.6226699352264404,4.630640029907227,0.0,0.0,0.0,0.0,0.0,0.0,30.670848846435547,279.896484375,0.0,154.6413116455078,1042.27294921875,694.9827880859375,374.79168701171875,3000.65478515625,0.0,0.0,0.0,0.0,0.0,0.0,48.477542877197266,48.477542877197266,267.83587646484375,233.76356506347656,228.04100036621094,0.0,0.0,0.0,267.83587646484375,233.76356506347656,228.04100036621094,0.0,0.0,0.0,62.13999938964844,52.173851013183594,50.5,0.0,0.0,0.0
36.0,14.767749786376953,17057.365234375,1836.469970703125,5907.10009765625,9313.7958984375,1600.0,15.534038543701172,0.0,8711.591796875,0.06656000018119812,1.021299958229065,0.0,0.934220016002655,3.9148900508880615,1.5774699449539185,2.6226699352264404,4.630640029907227,0.0,0.0,0.0,0.0,0.0,0.0,0.0,279.896484375,0.0,154.6413116455078,1568.23681640625,920.7755737304688,0.0,2894.207763671875,0.0,0.0,0.0,0.0,0.0,0.0,50.18706130981445,50.18706130981445,157.16836547851562,213.10781860351562,165.95291137695312,0.0,0.0,0.0,157.16836547851562,213.10781860351562,165.95291137695312,0.0,0.0,0.0,30.437707901000977,46.79999923706055,33.0071907043457,0.0,0.0,0.0
37.0,15.001829147338867,17225.57421875,1836.469970703125,5970.1318359375,9418.97265625,1600.0,15.097564697265625,0.0,9051.5498046875,0.06656000018119812,1.2412999868392944,0.0,0.9375,3.9148900508880615,1.5774699449539185,2.6226699352264404,4.630640029907227,0.0,0.004945659078657627,0.005853844806551933,0.0,0.0,0.0,0.0,340.189453125,0.0,155.15867614746094,2818.720703125,1135.7784423828125,0.0,1593.90185546875,0.0,0.5934790968894958,0.6374837160110474,0.0,0.0,0.0,51.9529914855957,51.9529914855957,167.22216796875,181.19456481933594,174.48638916015625,0.0,0.0,0.0,167.22216796875,181.19456481933594,174.48638916015625,0.0,0.0,0.0,33.81492233276367,37.90184783935547,35.93970489501953,0.0,0.0,0.0
38.0,15.14842414855957,17543.025390625,1836.469970703125,6148.998046875,9557.556640625,1600.0,15.274964332580566,0.0,9113.419921875,0.06656000018119812,1.2412999868392944,0.0,0.9841458201408386,3.9148900508880615,1.5774699449539185,2.6226699352264404,4.630640029907227,0.0,0.05153384059667587,0.05921414494514465,0.0,0.0,0.0,0.0,340.189453125,0.0,162.46441650390625,2818.720703125,1135.7784423828125,0.0,1615.098876953125,0.0,6.184061050415039,6.448420524597168,0.0,0.0,0.0,53.72315979003906,53.72315979003906,110.91465759277344,182.22190856933594,157.29368591308594,0.0,0.0,0.0,110.91465759277344,182.22190856933594,157.29368591308594,0.0,0.0,0.0,17.167572021484375,38.02494430541992,30.73343849182129,0.0,0.0,0.0
39.0,15.348211288452148,17616.802734375,1836.469970703125,6197.69921875,9582.6337890625,1600.0,15.806598663330078,0.0,8848.83203125,0.06656000018119812,1.2412999868392944,0.0,1.056315302848816,3.9148900508880615,1.5774699449539185,2.6226699352264404,4.630640029907227,0.0,0.11136693507432938,0.12699942290782928,0.0,0.0,0.0,0.0,340.189453125,0.0,173.739501953125,2818.720703125,945.308349609375,0.0,1599.8045654296875,0.0,13.364031791687012,13.83023738861084,0.0,0.0,0.0,55.42972183227539,55.42972183227539,75.9577407836914,183.5714569091797,165.39842224121094,0.0,0.0,0.0,75.9577407836914,183.5714569091797,165.39842224121094,0.0,0.0,0.0,6.411040306091309,37.88805389404297,32.57244110107422,0.0,0.0,0.0
40.0,15.462790489196777,17632.212890625,1836.469970703125,6213.1083984375,9582.6337890625,1600.0,15.817659378051758,0.0,8852.7734375,0.06656000018119812,1.2412999868392944,0.0,1.100723147392273,3.9148900508880615,1.5774699449539185,2.6226699352264404,4.630640029907227,0.0,0.14423713088035583,0.16429996490478516,0.0,0.0,0.0,0.0,340.189453125,0.0,180.6787872314453,2818.720703125,584.4715576171875,0.0,1946.7279052734375,0.0,17.308456420898438,17.89226722717285,0.0,0.0,0.0,57.052513122558594,57.052513122558594,131.0463104248047,190.9290008544922,187.25132751464844,0.0,0.0,0.0,131.0463104248047,190.9290008544922,187.25132751464844,0.0,0.0,0.0,22.513385772705078,40.02907180786133,38.9533576965332,0.0,0.0,0.0
41.0,15.51529598236084,17637.087890625,1836.469970703125,6217.984375,9582.6337890625,1600.0,16.5675106048584,0.0,8460.5654296875,0.06656000018119812,1.2412999868392944,0.0,1.1219741106033325,3.9148900508880615,1.5774699449539185,2.6226699352264404,4.630640029907227,0.0,0.15887263417243958,0.180918887257576,0.0,0.0,0.0,11.96236801147461,340.189453125,0.0,183.99986267089844,1648.5191650390625,416.1492004394531,0.0,3000.65478515625,0.0,19.064716339111328,19.70206642150879,0.0,0.0,0.0,58.61746597290039,58.61746597290039,227.46762084960938,221.7008819580078,229.29063415527344,0.0,0.0,0.0,227.46762084960938,221.7008819580078,229.29063415527344,0.0,0.0,0.0,49.966766357421875,48.279998779296875,50.5,0.0,0.0,0.0
42.0,15.5370512008667,17638.630859375,1836.469970703125,6219.52685546875,9582.6337890625,1600.0,16.778024673461914,0.0,8358.4990234375,0.06656000018119812,1.2412999868392944,0.0,1.1310502290725708,3.9148900508880615,1.5774699449539185,2.6226699352264404,4.630640029907227,0.0,0.16480882465839386,0.18766194581985474,0.0,0.0,0.0,30.670848846435547,340.189453125,0.0,185.4183349609375,93.36984252929688,394.00152587890625,1485.4420166015625,3000.65478515625,0.0,19.77705955505371,20.436386108398438,0.0,0.0,0.0,60.148921966552734,60.148921966552734,269.8052062988281,238.37469482421875,268.6761474609375,0.0,0.0,0.0,269.8052062988281,238.37469482421875,268.6761474609375,0.0,0.0,0.0,62.13999938964844,52.946571350097656,61.80974578857422,0.0,0.0,0.0
43.0,15.545561790466309,17639.119140625,1836.469970703125,6220.01513671875,9582.6337890625,1600.0,17.026647567749023,0.0,8240.27734375,0.06656000018119812,1.2412999868392944,0.0,1.1346827745437622,3.9148900508880615,1.5774699449539185,2.6226699352264404,4.630640029907227,0.0,0.16709232330322266,0.19025641679763794,0.0,0.0,0.0,30.670848846435547,340.189453125,0.0,185.986083984375,420.2856140136719,386.2782287597656,1083.9447021484375,3000.65478515625,0.0,20.05107879638672,20.718923568725586,0.0,0.0,0.0,61.69763946533203,61.69763946533203,270.65521240234375,238.21214294433594,243.5511474609375,0.0,0.0,0.0,270.65521240234375,238.21214294433594,243.5511474609375,0.0,0.0,0.0,62.13999938964844,52.6504020690918,54.21206283569336,0.0,0.0,0.0
44.0,15.548768997192383,17639.2734375,1836.469970703125,6220.16943359375,9582.6337890625,1600.0,16.56082534790039,0.0,8471.9130859375,0.06656000018119812,1.2412999868392944,0.0,1.1360769271850586,3.9148900508880615,1.5774699449539185,2.6226699352264404,4.630640029907227,0.0,0.16794118285179138,0.19122101366519928,0.0,0.0,0.0,30.670848846435547,340.189453125,0.0,186.2039794921875,443.6210632324219,307.1144714355469,1293.785400390625,3000.65478515625,0.0,20.152942657470703,20.8239688873291,0.0,0.0,0.0,63.285030364990234,63.285030364990234,269.0626525878906,238.18251037597656,253.73069763183594,0.0,0.0,0.0,269.0626525878906,238.18251037597656,253.73069763183594,0.0,0.0,0.0,62.13999938964844,53.10755920410156,57.65540313720703,0.0,0.0,0.0
45.0,15.549946784973145,17639.322265625,1836.469970703125,6220.21826171875,9582.6337890625,1600.0,16.570419311523438,0.0,8469.5400390625,0.06656203418970108,1.2419878244400024,2.1156403818167746e-05,1.13625967502594,3.9148900508880615,1.57748281955719,2.6226699352264404,4.630677223205566,5.628728558804141e-07,0.16805031895637512,0.19134505093097687,0.0,0.0,0.0,30.671785354614258,340.3779602050781,0.005798103287816048,186.2325439453125,217.60665893554688,314.95391845703125,1508.434326171875,3000.678955078125,0.00032421477953903377,20.166038513183594,20.837474822998047,0.0,0.0,0.0,64.93794250488281,64.93794250488281,269.095458984375,254.87322998046875,269.7980041503906,0.0,0.0,0.0,269.095458984375,254.87322998046875,269.7980041503906,0.0,0.0,0.0,62.13999938964844,57.97999954223633,62.34550094604492,0.0,0.0,0.0
46.0,15.760884284973145,17950.896484375,1836.469970703125,6531.79345703125,9582.6337890625,1600.0,16.651065826416016,0.0,8578.712890625,0.06697968393564224,1.4331358671188354,0.006138884928077459,1.1363452672958374,3.9148900508880615,1.5806959867477417,2.622671365737915,4.640408992767334,0.00011602368613239378,0.16810032725334167,0.19140194356441498,0.0,0.0,0.0,30.864238739013672,392.7637939453125,1.6824166774749756,186.2459259033203,450.57928466796875,398.7906188964844,1202.7955322265625,3006.985107421875,0.06682964414358139,20.172039031982422,20.843671798706055,0.0,0.0,0.0,66.65067291259766,66.65067291259766,269.37115478515625,255.14894104003906,248.0995330810547,0.0,0.0,0.0,269.37115478515625,255.14894104003906,248.0995330810547,0.0,0.0,0.0,62.13999938964844,57.97999954223633,55.91804504394531,0.0,0.0,0.0
47.0,16.41818618774414,18283.6953125,1836.469970703125,6864.59228515625,9582.6337890625,1600.0,16.639888763427734,0.0,8744.3818359375,0.06809574365615845,2.0297439098358154,0.025137433782219887,1.1365500688552856,3.9148900508880615,1.5904381275177002,2.6226744651794434,4.670473575592041,0.0004245618765708059,0.16821978986263275,0.19153782725334167,0.0,0.0,0.0,0.0,556.2695922851562,6.889140605926514,186.2779541015625,1303.700927734375,700.6961669921875,0.0,3026.467041015625,0.24454763531684875,20.18637466430664,20.858469009399414,0.0,0.0,0.0,68.44146728515625,68.44146728515625,229.19619750976562,216.95196533203125,229.7698516845703,0.0,0.0,0.0,229.19619750976562,216.95196533203125,229.7698516845703,0.0,0.0,0.0,50.39999771118164,46.81856155395508,50.56779479980469,0.0,0.0,0.0
48.0,17.088821411132812,18485.15234375,1836.469970703125,7047.78369140625,9600.8984375,1600.0,16.165477752685547,0.0,9098.8115234375,0.06910300254821777,2.638852119445801,0.04436488822102547,1.1367216110229492,3.9148900508880615,1.6002671718597412,2.6226775646209717,4.701271057128906,0.0007030232227407396,0.16831974685192108,0.1916513890028,0.0,0.0,0.0,0.0,723.2012329101562,12.158596992492676,186.30477905273438,2818.720703125,934.0823364257812,0.0,1342.865234375,0.061761513352394104,20.1983699798584,20.87083625793457,0.0,0.0,0.0,70.30394744873047,70.30394744873047,147.57431030273438,185.2259979248047,182.67803955078125,0.0,0.0,0.0,147.57431030273438,185.2259979248047,182.67803955078125,0.0,0.0,0.0,27.000009536743164,38.013126373291016,37.26784896850586,0.0,0.0,0.0
49.0,17.514991760253906,18716.26171875,1836.469970703125,7114.052734375,9765.7392578125,1600.0,15.750764846801758,0.0,9453.875,0.0695730522274971,3.025533676147461,0.056493815034627914,1.13679838180542,3.9148900508880615,1.6051307916641235,2.6226789951324463,4.721985816955566,0.0008329713600687683,0.16861234605312347,0.19246135652065277,0.0,0.0,0.0,0.0,829.1748046875,15.48263931274414,186.31675720214844,2818.720703125,1155.6942138671875,0.0,1249.0721435546875,0.06829690933227539,20.23348045349121,20.959041595458984,0.0,0.0,0.0,72.20917510986328,72.20917510986328,155.7007293701172,174.912841796875,180.53829956054688,0.0,0.0,0.0,155.7007293701172,174.912841796875,180.53829956054688,0.0,0.0,0.0,29.791698455810547,35.4112434387207,37.05669021606445,0.0,0.0,0.0
50.0,17.826677322387695,19073.541015625,1836.469970703125,7294.4609375,9942.6103515625,1600.0,15.946030616760254,0.0,9518.48046875,0.06977270543575287,3.3006348609924316,0.06519556045532227,1.1368299722671509,3.9148900508880615,1.6072704792022705,2.6226794719696045,4.737837791442871,0.0008881660178303719,0.17099782824516296,0.19968050718307495,0.0,0.0,0.0,0.0,904.5687255859375,17.867431640625,186.3217010498047,2818.720703125,1157.2347412109375,0.0,1210.288330078125,0.07061342149972916,20.51974105834961,21.745206832885742,0.0,0.0,0.0,74.1109619140625,74.1109619140625,101.62004089355469,174.6103973388672,153.12525939941406,0.0,0.0,0.0,101.62004089355469,174.6103973388672,153.12525939941406,0.0,0.0,0.0,13.77783203125,35.12751007080078,28.843107223510742,0.0,0.0,0.0
51.0,18.1948299407959,19207.392578125,1836.469970703125,7395.19970703125,9975.7236328125,1600.0,16.548757553100586,0.0,9242.1279296875,0.06996689736843109,3.6087965965270996,0.07508482038974762,1.1368603706359863,3.9148900508880615,1.609365701675415,2.622680187225342,4.755854606628418,0.0009418502449989319,0.1783696413040161,0.22201965749263763,0.0,0.0,0.0,0.0,989.0232543945312,20.577672958374023,186.32644653320312,2818.720703125,964.4220581054688,0.0,1124.6541748046875,0.06958122551441193,21.40435791015625,24.177940368652344,0.0,0.0,0.0,75.92634582519531,75.92634582519531,68.59136199951172,174.63002014160156,166.84747314453125,0.0,0.0,0.0,68.59136199951172,174.63002014160156,166.84747314453125,0.0,0.0,0.0,3.5142154693603516,34.530521392822266,32.254127502441406,0.0,0.0,0.0
52.0,18.433090209960938,19246.939453125,1836.469970703125,7434.74609375,9975.7236328125,1600.0,16.580005645751953,0.0,9246.228515625,0.0700669214129448,3.7805540561676025,0.08061808347702026,1.136875867843628,3.9148900508880615,1.6104516983032227,2.622680425643921,4.765966892242432,0.0009695033659227192,0.19068245589733124,0.2593344748020172,0.0,0.0,0.0,0.0,1036.0948486328125,22.094112396240234,186.32887268066406,2818.720703125,596.691650390625,0.0,1439.27880859375,0.09164082258939743,22.881895065307617,28.24152183532715,0.0,0.0,0.0,77.64087677001953,77.64087677001953,132.59259033203125,181.3660125732422,159.9394073486328,0.0,0.0,0.0,132.59259033203125,181.3660125732422,159.9394073486328,0.0,0.0,0.0,22.20332908630371,36.46955490112305,30.2022705078125,0.0,0.0,0.0
53.0,18.56922149658203,19312.75,1836.469970703125,7500.556640625,9975.7236328125,1600.0,17.422985076904297,0.0,8836.5830078125,0.07009325176477432,3.8523635864257812,0.0829276591539383,1.1368800401687622,3.9148900508880615,1.6107392311096191,2.622680425643921,4.7696638107299805,0.0009767814772203565,0.205070361495018,0.3029356300830841,0.0,0.0,0.0,0.0,1055.77490234375,22.72707176208496,186.3295135498047,1034.19921875,424.9259033203125,0.0,3090.7421875,0.5626261234283447,24.608444213867188,32.989688873291016,0.0,0.0,0.0,79.2769775390625,79.2769775390625,231.87344360351562,219.56576538085938,232.4012908935547,0.0,0.0,0.0,231.87344360351562,219.56576538085938,232.4012908935547,0.0,0.0,0.0,50.39999771118164,46.79999923706055,50.55439376831055,0.0,0.0,0.0
54.0,18.792959213256836,19438.4140625,1836.469970703125,7626.22119140625,9975.7236328125,1600.0,17.75828742980957,0.0,8729.974609375,0.07011841237545013,3.986208915710449,0.08733692765235901,1.1368838548660278,3.9148900508880615,1.611011028289795,2.6226806640625,4.775622844696045,0.000983737874776125,0.2247253805398941,0.3624977171421051,0.0,0.0,0.0,0.0,1092.45654296875,23.93547248840332,186.33010864257812,935.539306640625,402.3789978027344,0.0,3091.82275390625,0.5572801828384399,26.9670467376709,39.47600173950195,0.0,0.0,0.0,80.86402130126953,80.86402130126953,232.45359802246094,220.71209716796875,230.06419372558594,0.0,0.0,0.0,232.45359802246094,220.71209716796875,230.06419372558594,0.0,0.0,0.0,50.23439025878906,46.79999923706055,49.53548812866211,0.0,0.0,0.0
55.0,19.041996002197266,19508.947265625,1836.469970703125,7696.7548828125,9975.7236328125,1600.0,18.087099075317383,0.0,8606.4921875,0.07013934850692749,4.14910364151001,0.09264931082725525,1.1368870735168457,3.9148900508880615,1.6112382411956787,2.6226806640625,4.78250789642334,0.0009895253460854292,0.24300837516784668,0.41790205240249634,0.0,0.0,0.0,0.0,1137.0992431640625,25.39137840270996,186.3306121826172,819.0778198242188,394.547119140625,0.0,3077.054443359375,0.5227749347686768,29.1610050201416,45.5095329284668,0.0,0.0,0.0,82.45777130126953,82.45777130126953,218.18374633789062,221.755615234375,224.85450744628906,0.0,0.0,0.0,218.18374633789062,221.755615234375,224.85450744628906,0.0,0.0,0.0,45.73164749145508,46.77642059326172,47.68284606933594,0.0,0.0,0.0
56.0,19.223926544189453,19565.375,1836.469970703125,7753.18212890625,9975.7236328125,1600.0,17.641386032104492,0.0,8848.4072265625,0.07015102356672287,4.277607440948486,0.09681547433137894,1.136888861656189,3.9148900508880615,1.6113653182983398,2.6226806640625,4.7877655029296875,0.0009927526116371155,0.2538907527923584,0.4508797228336334,0.0,0.0,0.0,0.0,1172.3167724609375,26.533153533935547,186.33090209960938,997.8892211914062,313.7134704589844,0.0,3099.111572265625,0.5608476996421814,30.466888427734375,49.100799560546875,0.0,0.0,0.0,84.0768051147461,84.0768051147461,231.9846954345703,220.3124237060547,224.74017333984375,0.0,0.0,0.0,231.9846954345703,220.3124237060547,224.74017333984375,0.0,0.0,0.0,50.21413803100586,46.79999923706055,48.095115661621094,0.0,0.0,0.0
57.0,19.35513687133789,19588.8828125,1836.469970703125,7776.68896484375,9975.7236328125,1600.0,17.672637939453125,0.0,8845.919921875,0.07015843689441681,4.3729472160339355,0.09988276660442352,1.1368900537490845,3.9148900508880615,1.6114462614059448,2.6226806640625,4.791620254516602,0.000994801870547235,0.2610504627227783,0.4725763499736786,0.0,0.0,0.0,0.0,1198.445556640625,27.3737735748291,186.33106994628906,968.5265502929688,321.73492431640625,0.0,3086.9453125,0.5334259867668152,31.326053619384766,51.463565826416016,0.0,0.0,0.0,85.74537658691406,85.74537658691406,232.75697326660156,221.7821502685547,225.57611083984375,0.0,0.0,0.0,232.75697326660156,221.7821502685547,225.57611083984375,0.0,0.0,0.0,50.408775329589844,47.19864273071289,48.308372497558594,0.0,0.0,0.0
58.0,19.421445846557617,19596.3203125,1836.469970703125,7784.126953125,9975.7236328125,1600.0,17.456113815307617,0.0,8959.94140625,0.07016163319349289,4.422686576843262,0.10148493200540543,1.1368905305862427,3.9148900508880615,1.6115233898162842,2.6226806640625,4.79374885559082,0.0009956859285011888,0.2642155885696411,0.48216789960861206,0.0,0.0,0.0,24.247859954833984,1212.0771484375,27.8128604888916,186.33116149902344,922.5859985351562,406.5679931640625,0.0015465508913621306,3083.413818359375,0.5291637778282166,31.70587158203125,52.508087158203125,0.0,0.0,0.0,87.44641876220703,87.44641876220703,228.82652282714844,248.49012756347656,221.45123291015625,0.0,0.0,0.0,228.82652282714844,248.49012756347656,221.45123291015625,0.0,0.0,0.0,49.475643157958984,55.22724914550781,47.3183708190918,0.0,0.0,0.0
59.0,19.454200744628906,19604.490234375,1836.469970703125,7792.2958984375,9975.7236328125,1600.0,17.13276481628418,0.0,9132.95703125,0.07016243040561676,4.44964075088501,0.10236569494009018,1.1368906497955322,3.9148900508880615,1.6116688251495361,2.6226806640625,4.795279502868652,0.0009959067683666945,0.26502010226249695,0.4846058487892151,0.0,0.0,0.0,0.0,1219.464111328125,28.054241180419922,186.3311767578125,780.5740966796875,710.0496826171875,0.0,3053.024169921875,0.48748648166656494,31.802412033081055,52.77357864379883,0.0,0.0,0.0,89.20687103271484,89.20687103271484,216.42529296875,218.16131591796875,213.02281188964844,0.0,0.0,0.0,216.42529296875,218.16131591796875,213.02281188964844,0.0,0.0,0.0,46.171630859375,46.679420471191406,45.17640686035156,0.0,0.0,0.0
60.0,19.499818801879883,19643.63671875,1836.469970703125,7831.443359375,9975.7236328125,1600.0,16.479921340942383,0.0,9510.8916015625,0.07016290724277496,4.489154815673828,0.10365743935108185,1.1368906497955322,3.9148900508880615,1.611971139907837,2.6226806640625,4.797833442687988,0.0009960386669263244,0.26550549268722534,0.48607680201530457,0.0,0.0,0.0,0.0,1230.2933349609375,28.408254623413086,186.33119201660156,2807.054443359375,940.9140625,0.0,1037.4483642578125,0.06769562512636185,31.860658645629883,52.93376159667969,0.0,0.0,0.0,91.0241928100586,91.0241928100586,148.64930725097656,182.8464813232422,172.6309051513672,0.0,0.0,0.0,148.64930725097656,182.8464813232422,172.6309051513672,0.0,0.0,0.0,27.000001907348633,37.0026741027832,34.01462173461914,0.0,0.0,0.0
61.0,19.571733474731445,19788.1484375,1836.469970703125,7850.30615234375,10101.3720703125,1600.0,15.973557472229004,0.0,9882.0263671875,0.07016324996948242,4.552978038787842,0.10574176162481308,1.1368907690048218,3.9148900508880615,1.612231969833374,2.6226806640625,4.802171230316162,0.0009961333125829697,0.2658546268939972,0.48713478446006775,0.0,0.0,0.0,0.0,1247.78466796875,28.979482650756836,186.33119201660156,2807.745849609375,1160.8070068359375,0.0,1046.772705078125,0.06828825920820236,31.90255355834961,53.04897689819336,0.0,0.0,0.0,92.88422393798828,92.88422393798828,154.94313049316406,170.88299560546875,179.08041381835938,0.0,0.0,0.0,154.94313049316406,170.88299560546875,179.08041381835938,0.0,0.0,0.0,29.347309112548828,34.00971984863281,36.40746307373047,0.0,0.0,0.0
62.0,19.706844329833984,20096.822265625,1836.469970703125,7993.119140625,10267.234375,1600.0,16.115615844726562,0.0,9949.5537109375,0.07016345113515854,4.674660682678223,0.10980311036109924,1.1368907690048218,3.9150543212890625,1.612399697303772,2.6226806640625,4.810391426086426,0.0009961880277842283,0.26605677604675293,0.4877474308013916,0.0,0.0,0.0,0.0,1281.1329345703125,30.092531204223633,186.33119201660156,2812.388427734375,1160.9278564453125,0.0,1051.0806884765625,0.06853120028972626,31.92681312561035,53.11569595336914,0.0,0.0,0.0,94.7452392578125,94.7452392578125,145.332275390625,171.19142150878906,163.1672821044922,0.0,0.0,0.0,145.332275390625,171.19142150878906,163.1672821044922,0.0,0.0,0.0,26.394073486328125,33.9578742980957,31.61081314086914,0.0,0.0,0.0
63.0,19.97931480407715,20223.70703125,1836.469970703125,8088.169921875,10299.0673828125,1600.0,16.714147567749023,0.0,9660.671875,0.0701637715101242,4.920219421386719,0.11806708574295044,1.1368908882141113,3.915836811065674,1.6126788854599,2.6226806640625,4.826635360717773,0.0009962779004126787,0.2663896381855011,0.4887561500072479,0.0,0.0,0.0,0.0,1348.430419921875,32.35734939575195,186.33120727539062,2798.3818359375,966.407470703125,0.0,998.947509765625,0.06506023555994034,28.62985610961914,51.13689041137695,0.0,0.0,0.0,96.53726959228516,96.53726959228516,70.61634063720703,171.978271484375,107.5727310180664,0.0,0.0,0.0,70.61634063720703,171.978271484375,107.5727310180664,0.0,0.0,0.0,3.9411323070526123,33.58949661254883,14.750875473022461,0.0,0.0,0.0
64.0,20.177427291870117,20258.490234375,1836.469970703125,8122.95263671875,10299.0673828125,1600.0,16.739803314208984,0.0,9664.9501953125,0.07016395032405853,5.070876121520996,0.12311580777168274,1.1368908882141113,3.916468381881714,1.6128348112106323,2.6226806640625,4.836489200592041,0.0009963270276784897,0.2742713689804077,0.5126401782035828,0.0,0.0,0.0,0.0,1389.7193603515625,33.740997314453125,186.33120727539062,2819.857177734375,597.5746459960938,0.0,1295.824462890625,0.08433802425861359,32.912567138671875,55.826515197753906,0.0,0.0,0.0,98.2355728149414,98.2355728149414,149.53781127929688,178.71142578125,148.8911895751953,0.0,0.0,0.0,149.53781127929688,178.71142578125,148.8911895751953,0.0,0.0,0.0,27.000009536743164,35.53329086303711,26.810871124267578,0.0,0.0,0.0
65.0,20.302602767944336,20341.751953125,1836.469970703125,8206.21484375,10299.0673828125,1600.0,17.604995727539062,0.0,9236.7529296875,0.07016399502754211,5.13484001159668,0.12525400519371033,1.1368908882141113,3.91664719581604,1.612871527671814,2.6226806640625,4.839993953704834,0.000996338203549385,0.2880055606365204,0.5542589426040649,0.0,0.0,0.0,0.0,1407.2491455078125,34.326988220214844,186.33120727539062,912.8168334960938,425.4884033203125,0.0,3060.197021484375,0.490077406167984,34.5606689453125,60.35879898071289,0.0,0.0,0.0,99.8631591796875,99.8631591796875,220.99290466308594,219.32810974121094,210.79153442382812,0.0,0.0,0.0,220.99290466308594,219.32810974121094,210.79153442382812,0.0,0.0,0.0,47.03542709350586,46.54847717285156,44.0515251159668,0.0,0.0,0.0
66.0,20.583030700683594,20513.44921875,1836.469970703125,8377.912109375,10299.0673828125,1600.0,17.978717803955078,0.0,9125.30078125,0.0701640397310257,5.303202152252197,0.1310112029314041,1.1368908882141113,3.9168834686279297,1.6129150390625,2.6226806640625,4.847982883453369,0.0009963521733880043,0.31233128905296326,0.6279732584953308,0.0,0.0,0.0,0.0,1453.3902587890625,35.90480041503906,186.33120727539062,841.6317138671875,402.85455322265625,0.0,3018.72705078125,0.4579043984413147,37.47975540161133,68.38629150390625,0.0,0.0,0.0,101.4468994140625,101.4468994140625,214.1940155029297,219.82774353027344,221.5506134033203,0.0,0.0,0.0,214.1940155029297,219.82774353027344,221.5506134033203,0.0,0.0,0.0,44.673030853271484,46.32089614868164,46.82483673095703,0.0,0.0,0.0
67.0,20.921785354614258,20618.228515625,1836.469970703125,8482.6904296875,10299.0673828125,1600.0,18.3391170501709,0.0,8996.22265625,0.07016408443450928,5.526450157165527,0.138595849275589,1.1368908882141113,3.917100667953491,1.6129543781280518,2.6226806640625,4.858111381530762,0.0009963646298274398,0.33653193712234497,0.7013084888458252,0.0,0.0,0.0,0.0,1514.573486328125,37.98344039916992,186.33120727539062,884.9244995117188,394.96734619140625,0.0,2820.915283203125,0.18329450488090515,40.38383102416992,76.37249755859375,0.0,0.0,0.0,103.03111267089844,103.03111267089844,166.8647003173828,219.72486877441406,205.327880859375,0.0,0.0,0.0,166.8647003173828,219.72486877441406,205.327880859375,0.0,0.0,0.0,30.46880531311035,45.93040466308594,41.71928787231445,0.0,0.0,0.0
68.0,21.180295944213867,20696.3515625,1836.469970703125,8560.8134765625,10299.0673828125,1600.0,17.90155029296875,0.0,9249.080078125,0.07016411423683167,5.7093377113342285,0.1447843462228775,1.1368908882141113,3.917231321334839,1.6129777431488037,2.6226806640625,4.866196155548096,0.0009963719639927149,0.351716011762619,0.7473208904266357,0.0,0.0,0.0,0.0,1564.6954345703125,39.6794548034668,186.33120727539062,888.4837646484375,314.02740478515625,0.0,3008.07568359375,0.47219279408454895,42.2059211730957,81.38324737548828,0.0,0.0,0.0,104.63126373291016,104.63126373291016,221.04026794433594,218.94424438476562,207.18495178222656,0.0,0.0,0.0,221.04026794433594,218.94424438476562,207.18495178222656,0.0,0.0,0.0,46.75272750854492,46.13964080810547,42.700050354003906,0.0,0.0,0.0
69.0,21.36238670349121,20728.23046875,1836.469970703125,8592.6923828125,10299.0673828125,1600.0,17.93906593322754,0.0,9246.4716796875,0.07016412913799286,5.8416900634765625,0.14924128353595734,1.1368908882141113,3.917313575744629,1.6129924058914185,2.6226806640625,4.871991157531738,0.0009963765041902661,0.3614894449710846,0.7769373655319214,0.0,0.0,0.0,0.0,1600.9677734375,40.900917053222656,186.33120727539062,854.1909790039062,322.0436096191406,0.0,2989.0830078125,0.45517754554748535,43.37873458862305,84.60848236083984,0.0,0.0,0.0,106.26909637451172,106.26909637451172,207.93588256835938,219.26795959472656,221.93435668945312,0.0,0.0,0.0,207.93588256835938,219.26795959472656,221.93435668945312,0.0,0.0,0.0,42.882179260253906,46.19681167602539,46.97673416137695,0.0,0.0,0.0
70.0,21.453624725341797,20738.31640625,1836.469970703125,8602.779296875,10299.0673828125,1600.0,17.72024917602539,0.0,9365.65234375,0.07016413658857346,5.91063928604126,0.15156692266464233,1.1368908882141113,3.9173479080200195,1.6130496263504028,2.6226806640625,4.875049591064453,0.0009963783668354154,0.3656608760356903,0.7895780801773071,0.0,0.0,0.0,0.0,1619.864013671875,41.53828048706055,186.33120727539062,830.5093383789062,406.95306396484375,0.0,2985.04150390625,0.470392107963562,43.87930679321289,85.98505401611328,0.0,0.0,0.0,107.93414306640625,107.93414306640625,207.20004272460938,218.14035034179688,202.3793487548828,0.0,0.0,0.0,207.20004272460938,218.14035034179688,202.3793487548828,0.0,0.0,0.0,42.88576126098633,46.0858039855957,41.475711822509766,0.0,0.0,0.0
71.0,21.500743865966797,20752.775390625,1836.469970703125,8617.2373046875,10299.0673828125,1600.0,17.395648956298828,0.0,9546.4931640625,0.07016413658857346,5.950109958648682,0.15291020274162292,1.1368908882141113,3.9173567295074463,1.613190770149231,2.6226806640625,4.876931190490723,0.0009963788324967027,0.3667212724685669,0.7927913665771484,0.0,0.0,0.0,0.0,1630.6812744140625,41.90641784667969,186.33120727539062,693.8236694335938,710.72021484375,0.0,2926.4130859375,0.45944154262542725,44.006553649902344,86.3349838256836,0.0,0.0,0.0,109.64000701904297,109.64000701904297,217.78970336914062,215.92164611816406,200.39450073242188,0.0,0.0,0.0,217.78970336914062,215.92164611816406,200.39450073242188,0.0,0.0,0.0,46.307838439941406,45.76143264770508,41.21974182128906,0.0,0.0,0.0
72.0,21.570194244384766,20809.955078125,1836.469970703125,8674.41796875,10299.0673828125,1600.0,16.8958683013916,0.0,9853.279296875,0.07016413658857346,6.011280059814453,0.15498800575733185,1.1368908882141113,3.9173624515533447,1.6134936809539795,2.6226806640625,4.879946708679199,0.0009963791817426682,0.3674355447292328,0.794955849647522,0.0,0.0,0.0,0.0,1647.445556640625,42.475860595703125,186.33120727539062,2667.279541015625,941.802734375,0.0,909.5162963867188,0.05899621546268463,44.09226608276367,86.57068634033203,0.0,0.0,0.0,111.38822937011719,111.38822937011719,182.94029235839844,182.90554809570312,160.69618225097656,0.0,0.0,0.0,182.94029235839844,182.90554809570312,160.69618225097656,0.0,0.0,0.0,36.61417007446289,36.60400390625,30.107763290405273,0.0,0.0,0.0
73.0,21.675533294677734,20932.828125,1836.469970703125,8701.732421875,10394.626953125,1600.0,16.351181030273438,0.0,10237.7626953125,0.07016414403915405,6.105306148529053,0.15817832946777344,1.1368908882141113,3.9173667430877686,1.6137588024139404,2.6226806640625,4.8856987953186035,0.0009963794145733118,0.3679567873477936,0.796535313129425,0.0,0.0,0.0,0.0,1673.214111328125,43.350196838378906,186.33120727539062,2684.469482421875,1161.9063720703125,0.0,921.462158203125,0.05974515154957771,33.11610794067383,78.85699462890625,0.0,0.0,0.0,113.17497253417969,113.17497253417969,136.6854705810547,166.3181915283203,143.90570068359375,0.0,0.0,0.0,136.6854705810547,166.3181915283203,143.90570068359375,0.0,0.0,0.0,23.629318237304688,32.29689025878906,25.741235733032227,0.0,0.0,0.0
74.0,21.85028076171875,21268.68359375,1836.469970703125,8877.0380859375,10555.1767578125,2930.02685546875,16.503244400024414,0.0,10307.7060546875,0.07016414403915405,6.262345790863037,0.16358858346939087,1.1368908882141113,3.9173691272735596,1.6139333248138428,2.6226806640625,4.896576881408691,0.0009963795309886336,0.36826515197753906,0.7974697947502136,0.0,0.0,0.0,0.0,1716.2523193359375,44.83292770385742,186.33120727539062,2673.41455078125,1162.031982421875,0.0,933.0748901367188,0.060449473559856415,33.143863677978516,78.94950866699219,0.0,0.0,0.0,114.96207427978516,114.96207427978516,140.99703979492188,149.3724365234375,134.03309631347656,0.0,0.0,0.0,140.99703979492188,149.3724365234375,134.03309631347656,0.0,0.0,0.0,24.738388061523438,27.18819236755371,22.70143699645996,0.0,0.0,0.0
75.0,22.170883178710938,21391.771484375,1836.469970703125,8969.43359375,10585.8681640625,2930.02685546875,17.108116149902344,0.0,10008.423828125,0.07016414403915405,6.5506696701049805,0.1735856980085373,1.1368908882141113,3.9173731803894043,1.614209771156311,2.6226806640625,4.916636943817139,0.0009963797638192773,0.36874690651893616,0.7989296317100525,0.0,0.0,0.0,0.0,1795.27001953125,47.572723388671875,186.33120727539062,2627.276123046875,967.3248901367188,0.0,888.6840209960938,0.057489316910505295,33.18722152709961,79.09403228759766,0.0,0.0,0.0,116.66580200195312,116.66580200195312,140.4774932861328,153.5089111328125,91.85018920898438,0.0,0.0,0.0,140.4774932861328,153.5089111328125,91.85018920898438,0.0,0.0,0.0,23.981548309326172,27.79323959350586,9.758062362670898,0.0,0.0,0.0
76.0,22.37274932861328,21422.197265625,1836.469970703125,8999.8583984375,10585.8681640625,2930.02685546875,17.128887176513672,0.0,10012.8408203125,0.07016414403915405,6.732305526733398,0.17988884449005127,1.1368908882141113,3.917375326156616,1.6143691539764404,2.6226806640625,4.92930269241333,0.0009963798802345991,0.36901938915252686,0.7997553944587708,0.0,0.0,0.0,0.0,1845.0489501953125,49.3001594543457,186.33120727539062,2693.543212890625,598.1431274414062,0.0,1141.34716796875,0.0737660601735115,33.21174621582031,79.17578887939453,0.0,0.0,0.0,118.26374816894531,118.26374816894531,134.5306854248047,162.90577697753906,132.6840057373047,0.0,0.0,0.0,134.5306854248047,162.90577697753906,132.6840057373047,0.0,0.0,0.0,22.221336364746094,30.52105140686035,21.681184768676758,0.0,0.0,0.0
77.0,22.468708038330078,21431.822265625,1836.469970703125,9009.484375,10585.8681640625,2930.02685546875,17.9501895904541,0.0,9569.2109375,0.07016414403915405,6.819679260253906,0.18292485177516937,1.1368908882141113,3.9173760414123535,1.6144142150878906,2.6226806640625,4.934499740600586,0.0009963798802345991,0.3690955936908722,0.7999863028526306,0.0,0.0,0.0,0.0,1868.99462890625,50.1322021484375,186.33120727539062,1064.0357666015625,425.8953857421875,0.0,2598.871826171875,0.16790157556533813,44.291473388671875,87.11851501464844,0.0,0.0,0.0,119.7802734375,119.7802734375,153.67587280273438,213.16554260253906,187.40451049804688,0.0,0.0,0.0,153.67587280273438,213.16554260253906,187.40451049804688,0.0,0.0,0.0,27.000003814697266,44.40073013305664,36.865631103515625,0.0,0.0,0.0
78.0,22.571949005126953,21527.703125,1836.469970703125,9105.36328125,10585.8681640625,2930.02685546875,18.259174346923828,0.0,9453.748046875,0.07016414403915405,6.914638042449951,0.18623143434524536,1.1368908882141113,3.917609691619873,1.6144309043884277,2.6226806640625,4.939111232757568,0.0009963798802345991,0.36912357807159424,0.800071120262146,0.0,0.0,0.0,0.0,1895.0189208984375,51.03840255737305,186.33120727539062,709.9048461914062,403.2331848144531,0.0,2869.224365234375,0.4393547475337982,44.294830322265625,87.12774658203125,0.0,0.0,0.0,121.23297882080078,121.23297882080078,203.2719268798828,217.06333923339844,191.0966033935547,0.0,0.0,0.0,203.2719268798828,217.06333923339844,191.0966033935547,0.0,0.0,0.0,41.1978645324707,45.231849670410156,37.63658142089844,0.0,0.0,0.0
79.0,22.76715087890625,21603.509765625,1836.469970703125,9181.171875,10585.8681640625,2930.02685546875,18.59598731994629,0.0,9320.0068359375,0.07016414403915405,7.094074249267578,0.19248467683792114,1.1368908882141113,3.918560028076172,1.6144524812698364,2.6226806640625,4.947507381439209,0.0009963798802345991,0.36915984749794006,0.8001810312271118,0.0,0.0,0.0,0.0,1944.1949462890625,52.752159118652344,186.33120727539062,634.8202514648438,395.3341979980469,0.0,2809.776611328125,0.42388007044792175,44.2991828918457,87.13970947265625,0.0,0.0,0.0,122.68803405761719,122.68803405761719,210.10707092285156,219.8348388671875,185.94940185546875,0.0,0.0,0.0,210.10707092285156,219.8348388671875,185.94940185546875,0.0,0.0,0.0,42.860328674316406,45.70570373535156,35.794212341308594,0.0,0.0,0.0
80.0,22.949724197387695,21673.5,1836.469970703125,9251.1611328125,10585.8681640625,2930.02685546875,18.140544891357422,0.0,9581.9609375,0.07016414403915405,7.262084484100342,0.19829384982585907,1.1368908882141113,3.9195189476013184,1.6144673824310303,2.6226806640625,4.955187797546387,0.0009963798802345991,0.36918437480926514,0.800255298614502,0.0,0.0,0.0,0.0,1990.2396240234375,54.344215393066406,186.33120727539062,778.9738159179688,314.3174133300781,0.0,2873.94287109375,0.44530004262924194,44.3021240234375,87.1478042602539,0.0,0.0,0.0,124.16248321533203,124.16248321533203,212.18780517578125,216.38601684570312,208.50204467773438,0.0,0.0,0.0,212.18780517578125,216.38601684570312,208.50204467773438,0.0,0.0,0.0,43.92438888549805,45.152366638183594,42.8463020324707,0.0,0.0,0.0
81.0,23.099802017211914,21703.041015625,1836.469970703125,9280.703125,10585.8681640625,2930.02685546875,18.17490005493164,0.0,9579.2490234375,0.07016414403915405,7.400235176086426,0.203068807721138,1.1368908882141113,3.920323610305786,1.6144779920578003,2.6226806640625,4.961453437805176,0.000996379996649921,0.3692019283771515,0.8003085255622864,0.0,0.0,0.0,0.0,2028.1011962890625,55.652835845947266,186.33120727539062,753.5843505859375,322.3402099609375,0.0,2848.78466796875,0.4387500286102295,44.30423355102539,87.15360260009766,0.0,0.0,0.0,125.68962860107422,125.68962860107422,208.1126251220703,215.87503051757812,194.46942138671875,0.0,0.0,0.0,208.1126251220703,215.87503051757812,194.46942138671875,0.0,0.0,0.0,42.69804382324219,44.968544006347656,38.7074089050293,0.0,0.0,0.0
82.0,23.17844581604004,21712.388671875,1836.469970703125,9290.05078125,10585.8681640625,2930.02685546875,17.951196670532227,0.0,9702.705078125,0.07016414403915405,7.472641468048096,0.20557163655757904,1.1368908882141113,3.9207499027252197,1.614483118057251,2.6226806640625,4.964722633361816,0.000996379996649921,0.3692103922367096,0.800334095954895,0.0,0.0,0.0,0.0,2047.94482421875,56.3387565612793,186.33120727539062,895.412109375,407.3147277832031,0.0,2683.0810546875,0.40742966532707214,44.30524444580078,87.15638732910156,0.0,0.0,0.0,127.24622344970703,127.24622344970703,215.32266235351562,211.8338165283203,214.48721313476562,0.0,0.0,0.0,215.32266235351562,211.8338165283203,214.48721313476562,0.0,0.0,0.0,45.03068161010742,44.010196685791016,44.786312103271484,0.0,0.0,0.0
83.0,23.21318817138672,23227.646484375,3348.77001953125,9293.0087890625,10585.8681640625,2930.02685546875,18.837697982788086,0.0,9890.05078125,0.07016414403915405,7.504631996154785,0.20667748153209686,1.1368908882141113,3.9209396839141846,1.614485263824463,2.6226806640625,4.96616268157959,0.000996379996649921,0.36921387910842896,0.800344705581665,0.0,0.0,0.0,0.0,2056.7119140625,56.64182662963867,186.33120727539062,2496.708251953125,711.29052734375,0.0,893.6868286132812,0.05759231373667717,44.3056640625,87.15753936767578,0.0,0.0,0.0,128.8384246826172,128.8384246826172,180.77261352539062,189.50909423828125,180.5821075439453,0.0,0.0,0.0,180.77261352539062,189.50909423828125,180.5821075439453,0.0,0.0,0.0,34.038291931152344,36.593711853027344,33.982566833496094,0.0,0.0,0.0
84.0,23.227298736572266,23228.58203125,3348.77001953125,9293.9443359375,10585.8681640625,2930.02685546875,18.138620376586914,0.0,10266.6962890625,0.07016414403915405,7.517627239227295,0.20712673664093018,1.1368908882141113,3.9210171699523926,1.6144860982894897,2.6226806640625,4.9667463302612305,0.000996379996649921,0.3692152202129364,0.8003488183021545,0.0,0.0,0.0,0.0,2060.2734375,56.764949798583984,186.33120727539062,2504.109130859375,942.3819580078125,0.0,903.5654296875,0.058226194232702255,44.30582809448242,87.15798950195312,0.0,0.0,0.0,130.48208618164062,130.48208618164062,169.04498291015625,188.86050415039062,172.0052490234375,0.0,0.0,0.0,169.04498291015625,188.86050415039062,172.0052490234375,0.0,0.0,0.0,31.307039260864258,37.10307693481445,32.17291259765625,0.0,0.0,0.0
85.0,23.232751846313477,23358.23046875,3348.77001953125,9294.240234375,10715.2197265625,2930.02685546875,17.546403884887695,0.0,10667.310546875,0.07016414403915405,7.522627353668213,0.20731906592845917,1.1368908882141113,3.9210281372070312,1.6144862174987793,2.6226806640625,4.966993808746338,0.000996379996649921,0.3692153990268707,0.8003493547439575,0.0,0.0,0.0,0.0,2061.643798828125,56.817657470703125,186.33120727539062,2520.906005859375,1162.4300537109375,0.0,933.4441528320312,0.060150448232889175,44.30584716796875,87.15804290771484,0.0,0.0,0.0,132.1788787841797,132.1788787841797,164.163818359375,178.82298278808594,166.82574462890625,0.0,0.0,0.0,164.163818359375,178.82298278808594,166.82574462890625,0.0,0.0,0.0,30.471513748168945,34.75931930541992,31.250125885009766,0.0,0.0,0.0
86.0,23.338727951049805,23689.197265625,3348.77001953125,9448.1640625,10892.2626953125,2930.02685546875,17.67633628845215,0.0,10740.1767578125,0.07016414403915405,7.619472503662109,0.2113933116197586,1.1368908882141113,3.921035051345825,1.6144862174987793,2.6226806640625,4.972043991088867,0.000996379996649921,0.3692155182361603,0.8003497123718262,0.0,0.0,0.0,0.0,2088.18505859375,57.934242248535156,186.33120727539062,2548.501708984375,1162.4300537109375,0.0,945.6253662109375,0.060912974178791046,32.60790252685547,78.7783432006836,0.0,0.0,0.0,133.9022216796875,133.9022216796875,134.05880737304688,157.64300537109375,146.07281494140625,0.0,0.0,0.0,134.05880737304688,157.64300537109375,146.07281494140625,0.0,0.0,0.0,21.535863876342773,28.43424415588379,25.049964904785156,0.0,0.0,0.0
87.0,23.606395721435547,23802.3359375,3348.77001953125,9527.349609375,10926.2158203125,2930.02685546875,18.306629180908203,0.0,10428.3232421875,0.07016414403915405,7.864075660705566,0.22169187664985657,1.1368908882141113,3.9210500717163086,1.6144864559173584,2.6226806640625,4.984793186187744,0.000996379996649921,0.3692157566547394,0.8003504276275635,0.0,0.0,0.0,0.0,2155.220947265625,60.756656646728516,186.33120727539062,2506.301513671875,967.4906616210938,0.0,906.9185180664062,0.058365464210510254,29.30218505859375,76.35144805908203,0.0,0.0,0.0,135.56761169433594,135.56761169433594,79.7636947631836,154.1344451904297,135.86346435546875,0.0,0.0,0.0,79.7636947631836,154.1344451904297,135.86346435546875,0.0,0.0,0.0,5.024252891540527,26.77769660949707,21.433433532714844,0.0,0.0,0.0
88.0,23.775707244873047,23827.83203125,3348.77001953125,9552.845703125,10926.2158203125,2930.02685546875,18.322206497192383,0.0,10432.9208984375,0.07016414403915405,8.018800735473633,0.22820784151554108,1.1368908882141113,3.9210586547851562,1.6144864559173584,2.6226806640625,4.99285364151001,0.000996379996649921,0.3692159056663513,0.8003508448600769,0.0,0.0,0.0,0.0,2197.62451171875,62.542415618896484,186.33120727539062,2576.371337890625,598.1866455078125,0.0,1156.6524658203125,0.07439365237951279,33.22943115234375,79.23473358154297,0.0,0.0,0.0,137.1487579345703,137.1487579345703,139.07522583007812,158.10452270507812,113.69503021240234,0.0,0.0,0.0,139.07522583007812,158.10452270507812,113.69503021240234,0.0,0.0,0.0,22.3572940826416,27.923364639282227,14.933589935302734,0.0,0.0,0.0
89.0,23.856168746948242,23835.8984375,3348.77001953125,9560.9130859375,10926.2158203125,2930.02685546875,19.200260162353516,0.0,9970.6708984375,0.07016414403915405,8.093391418457031,0.2313532829284668,1.1368908882141113,3.921060800552368,1.6144864559173584,2.6226806640625,4.995576858520508,0.000996379996649921,0.3692159354686737,0.8003509640693665,0.0,0.0,0.0,0.0,2218.06689453125,63.40445327758789,186.33120727539062,2505.713623046875,425.9144592285156,0.0,1046.410888671875,0.06728944182395935,44.305912017822266,87.15821838378906,0.0,0.0,0.0,138.66107177734375,138.66107177734375,180.4639129638672,188.38760375976562,151.75888061523438,0.0,0.0,0.0,180.4639129638672,188.38760375976562,151.75888061523438,0.0,0.0,0.0,33.58543395996094,35.903114318847656,25.189210891723633,0.0,0.0,0.0
90.0,24.005674362182617,24009.44921875,3348.77001953125,9734.462890625,10926.2158203125,2930.02685546875,19.585712432861328,0.0,9850.3544921875,0.07016414403915405,8.233345985412598,0.23725992441177368,1.1368908882141113,3.9213263988494873,1.614486575126648,2.6226806640625,4.998955726623535,0.000996379996649921,0.3692159354686737,0.8003510236740112,0.0,0.0,0.0,0.0,2256.422607421875,65.0232162475586,186.33120727539062,2127.786376953125,403.2470703125,0.0,1324.5166015625,0.0851505845785141,44.305912017822266,87.1582260131836,0.0,0.0,0.0,140.11508178710938,140.11508178710938,177.47064208984375,201.27781677246094,137.74322509765625,0.0,0.0,0.0,177.47064208984375,201.27781677246094,137.74322509765625,0.0,0.0,0.0,32.3244514465332,39.28805160522461,20.70418357849121,0.0,0.0,0.0
91.0,24.353069305419922,24153.740234375,3348.77001953125,9878.75390625,10926.2158203125,2930.02685546875,19.996904373168945,0.0,9710.9990234375,0.07016414403915405,8.55837631225586,0.25097647309303284,1.1368908882141113,3.9224741458892822,1.614486575126648,2.6226806640625,5.0064568519592285,0.000996379996649921,0.3692159652709961,0.800351083278656,0.0,0.0,0.0,0.0,2345.500244140625,68.78236389160156,186.33120727539062,787.6734619140625,395.3425598144531,0.0,2484.30029296875,0.15961694717407227,44.30591583251953,87.15823364257812,0.0,0.0,0.0,141.57110595703125,141.57110595703125,182.13906860351562,217.791748046875,165.5811004638672,0.0,0.0,0.0,182.13906860351562,217.791748046875,165.5811004638672,0.0,0.0,0.0,33.27877426147461,43.70718002319336,28.435569763183594,0.0,0.0,0.0
92.0,24.691003799438477,24282.47265625,3348.77001953125,10007.486328125,10926.2158203125,2930.02685546875,19.546506881713867,0.0,9983.9248046875,0.07016414403915405,8.874753952026367,0.264247864484787,1.1368908882141113,3.9236700534820557,1.614486575126648,2.6226806640625,5.013545513153076,0.000996379996649921,0.3692159950733185,0.8003511428833008,0.0,0.0,0.0,0.0,2432.206298828125,72.41950225830078,186.33120727539062,745.2138061523438,314.3211669921875,0.0,2699.53466796875,0.41687989234924316,44.3059196472168,87.15823364257812,0.0,0.0,0.0,143.05369567871094,143.05369567871094,177.5576934814453,218.12034606933594,202.23316955566406,0.0,0.0,0.0,177.5576934814453,218.12034606933594,202.23316955566406,0.0,0.0,0.0,32.38911819458008,44.25369644165039,39.606693267822266,0.0,0.0,0.0
93.0,24.966611862182617,24336.369140625,3348.77001953125,10061.3828125,10926.2158203125,2930.02685546875,19.600139617919922,0.0,9981.08984375,0.07016414403915405,9.13282585144043,0.2750658094882965,1.1368908882141113,3.9246654510498047,1.614486575126648,2.6226806640625,5.01926851272583,0.000996379996649921,0.3692159950733185,0.8003511428833008,0.0,0.0,0.0,0.0,2502.933349609375,75.38426971435547,186.33120727539062,707.4370727539062,322.3419189453125,0.0,2652.160888671875,0.41366490721702576,44.3059196472168,87.15824127197266,0.0,0.0,0.0,144.58566284179688,144.58566284179688,210.73028564453125,216.89576721191406,207.04132080078125,0.0,0.0,0.0,210.73028564453125,216.89576721191406,207.04132080078125,0.0,0.0,0.0,42.03847122192383,43.84187316894531,40.95944595336914,0.0,0.0,0.0
94.0,25.110660552978516,24353.421875,3348.77001953125,10078.4365234375,10926.2158203125,2930.02685546875,19.36346435546875,0.0,10109.7216796875,0.07016414403915405,9.267720222473145,0.28071996569633484,1.1368908882141113,3.9251914024353027,1.614486575126648,2.6226806640625,5.022242546081543,0.000996379996649921,0.3692159950733185,0.8003511428833008,0.0,0.0,0.0,0.0,2539.90234375,76.933837890625,186.33120727539062,845.6357421875,407.3155822753906,0.0,2475.57666015625,0.37991857528686523,44.3059196472168,87.15824127197266,0.0,0.0,0.0,146.1560821533203,146.1560821533203,174.4602813720703,212.3827362060547,219.73341369628906,0.0,0.0,0.0,174.4602813720703,212.3827362060547,219.73341369628906,0.0,0.0,0.0,31.666168212890625,42.75848388671875,44.90856170654297,0.0,0.0,0.0
95.0,25.174224853515625,24358.818359375,3348.77001953125,10083.83203125,10926.2158203125,2930.02685546875,18.997541427612305,0.0,10304.908203125,0.07016414403915405,9.327248573303223,0.28321507573127747,1.1368908882141113,3.9254252910614014,1.614486575126648,2.6226806640625,5.023550033569336,0.000996379996649921,0.3692159950733185,0.8003511428833008,0.0,0.0,0.0,0.0,2556.216552734375,77.61763763427734,186.33120727539062,1989.9290771484375,711.2911376953125,0.0,1140.47216796875,0.07317608594894409,44.3059196472168,87.15824127197266,0.0,0.0,0.0,147.77430725097656,147.77430725097656,183.37814331054688,194.0703125,123.29110717773438,0.0,0.0,0.0,183.37814331054688,194.0703125,123.29110717773438,0.0,0.0,0.0,34.640567779541016,37.76802444458008,17.065107345581055,0.0,0.0,0.0
96.0,25.200027465820312,24360.525390625,3348.77001953125,10085.5390625,10926.2158203125,2930.02685546875,18.393890380859375,0.0,10639.0947265625,0.07016414403915405,9.35141372680664,0.2842279374599457,1.1368908882141113,3.925520658493042,1.614486575126648,2.6226806640625,5.024078845977783,0.000996379996649921,0.3692159950733185,0.8003511428833008,0.0,0.0,0.0,0.0,2562.83935546875,77.89523315429688,186.33120727539062,2275.187255859375,942.3822631835938,0.0,840.6793823242188,0.05393821746110916,44.3059196472168,87.15824127197266,0.0,0.0,0.0,149.43797302246094,149.43797302246094,182.39991760253906,184.4569549560547,181.78245544433594,0.0,0.0,0.0,182.39991760253906,184.4569549560547,181.78245544433594,0.0,0.0,0.0,34.95808792114258,35.55976867675781,34.7774772644043,0.0,0.0,0.0
97.0,25.209991455078125,24465.251953125,3348.77001953125,10086.0791015625,11030.4033203125,2930.02685546875,17.769189834594727,0.0,11054.224609375,0.07016414403915405,9.360610961914062,0.2846536934375763,1.1368908882141113,3.925535202026367,1.614486575126648,2.6226806640625,5.024406433105469,0.000996379996649921,0.3692159950733185,0.8003511428833008,0.0,0.0,0.0,0.0,2565.359619140625,78.01190948486328,186.33120727539062,2321.2802734375,1162.4302978515625,0.0,874.0205078125,0.05607600137591362,30.22572898864746,77.029541015625,0.0,0.0,0.0,151.1479949951172,151.1479949951172,145.89427185058594,170.07984924316406,130.48085021972656,0.0,0.0,0.0,145.89427185058594,170.07984924316406,130.48085021972656,0.0,0.0,0.0,24.904882431030273,31.979167938232422,20.39645767211914,0.0,0.0,0.0
98.0,25.27836036682129,24734.9453125,3348.77001953125,10181.92578125,11204.25,2930.02685546875,17.844886779785156,0.0,11129.7265625,0.07016414403915405,9.423598289489746,0.2878505289554596,1.1368908882141113,3.9255404472351074,1.614486575126648,2.6226806640625,5.026585578918457,0.000996379996649921,0.3692159950733185,0.8003511428833008,0.0,0.0,0.0,0.0,2582.6220703125,78.88803100585938,186.33120727539062,2340.757568359375,1162.4302978515625,0.0,899.3233642578125,0.057690199464559555,22.1529598236084,71.31128692626953,0.0,0.0,0.0,152.87466430664062,152.87466430664062,123.3252182006836,143.29159545898438,103.46319580078125,0.0,0.0,0.0,123.3252182006836,143.29159545898438,103.46319580078125,0.0,0.0,0.0,18.227741241455078,24.067907333374023,12.418098449707031,0.0,0.0,0.0
99.0,25.519474029541016,24926.6015625,3348.77001953125,10340.3466796875,11237.484375,2930.02685546875,18.53679847717285,0.0,10806.5498046875,0.07016414403915405,9.64619255065918,0.2991830110549927,1.1368908882141113,3.925553560256958,1.614486575126648,2.6226806640625,5.033758163452148,0.000996379996649921,0.3692159950733185,0.8003511428833008,0.0,0.0,0.0,0.0,2643.6259765625,81.99380493164062,186.33120727539062,2289.09912109375,967.49072265625,0.0,862.4722900390625,0.05529720336198807,22.1529598236084,71.31128692626953,0.0,0.0,0.0,154.5316925048828,154.5316925048828,110.61997985839844,163.00244140625,125.44174194335938,0.0,0.0,0.0,110.61997985839844,163.00244140625,125.44174194335938,0.0,0.0,0.0,13.81954574584961,29.141416549682617,18.154911041259766,0.0,0.0,0.0
100.0,25.81330680847168,24996.91015625,3348.77001953125,10410.6552734375,11237.484375,2930.02685546875,18.584848403930664,0.0,10811.3095703125,0.07016414403915405,9.888051986694336,0.3112863600254059,1.1691735982894897,3.9255659580230713,1.614486575126648,2.6226806640625,5.04133415222168,0.000996379996649921,0.3692159950733185,0.8003511428833008,0.0,0.0,0.0,0.0,2709.90966796875,85.31083679199219,191.35023498535156,2364.249267578125,598.1866455078125,0.0,1081.990234375,0.06933289766311646,23.119863510131836,71.97036743164062,0.0,0.0,0.0,156.11386108398438,156.11386108398438,140.9085693359375,162.87306213378906,118.12730407714844,0.0,0.0,0.0,140.9085693359375,162.87306213378906,118.12730407714844,0.0,0.0,0.0,22.630908966064453,29.055522918701172,15.967387199401855,0.0,0.0,0.0
101.0,26.003801345825195,25084.591796875,3348.77001953125,10498.337890625,11237.484375,2930.02685546875,19.53890037536621,0.0,10332.28515625,0.07016414403915405,10.017822265625,0.3177362382411957,1.2200864553451538,3.9255690574645996,1.614486575126648,2.6226806640625,5.0446929931640625,0.000996379996649921,0.3692159950733185,0.8003511428833008,0.0,0.0,0.0,0.0,2745.474609375,87.07848358154297,199.26231384277344,2283.942626953125,425.9144592285156,0.0,966.7760009765625,0.06193449720740318,22.1529598236084,71.31128692626953,0.0,0.0,0.0,157.63507080078125,157.63507080078125,147.7358856201172,163.24594116210938,141.14637756347656,0.0,0.0,0.0,147.7358856201172,163.24594116210938,141.14637756347656,0.0,0.0,0.0,23.673847198486328,28.210538864135742,21.746416091918945,0.0,0.0,0.0
102.0,26.4195556640625,25428.138671875,3348.77001953125,10841.884765625,11237.484375,2930.02685546875,20.05843734741211,0.0,10207.583984375,0.07016414403915405,10.333250999450684,0.3343697786331177,1.2962709665298462,3.9258766174316406,1.614486575126648,2.6226806640625,5.051892280578613,0.000996379996649921,0.3692159950733185,0.8003511428833008,0.0,0.0,0.0,0.0,2831.920654296875,91.63704681396484,211.0757598876953,2147.03125,403.2470703125,0.0,902.9541625976562,0.05781467631459236,42.663265228271484,85.95226287841797,0.0,0.0,0.0,159.07476806640625,159.07476806640625,193.11241149902344,198.3411407470703,188.0734100341797,0.0,0.0,0.0,193.11241149902344,198.3411407470703,188.0734100341797,0.0,0.0,0.0,36.426944732666016,37.95634841918945,34.953033447265625,0.0,0.0,0.0
103.0,27.040925979614258,25588.41796875,3348.77001953125,11002.1630859375,11237.484375,2930.02685546875,20.485925674438477,0.0,10063.166015625,0.07016414403915405,10.824039459228516,0.359470933675766,1.3896939754486084,3.9270153045654297,1.614486575126648,2.6226806640625,5.062810897827148,0.000996379996649921,0.3692159950733185,0.8003511428833008,0.0,0.0,0.0,0.0,2955.82080078125,98.1640625,224.50045776367188,1760.60986328125,394.6260986328125,0.0,1063.04296875,0.06800870597362518,38.27320861816406,82.7292251586914,0.0,0.0,0.0,160.5019989013672,160.5019989013672,166.3032684326172,190.94369506835938,135.21533203125,0.0,0.0,0.0,166.3032684326172,190.94369506835938,135.21533203125,0.0,0.0,0.0,28.15778160095215,35.36510467529297,19.064558029174805,0.0,0.0,0.0
104.0,27.489288330078125,25760.78515625,3348.77001953125,11174.5302734375,11237.484375,2930.02685546875,20.051118850708008,0.0,10345.984375,0.07016414403915405,11.159957885742188,0.3762713372707367,1.4771937131881714,3.9278430938720703,1.614486575126648,2.6226806640625,5.070127487182617,0.000996379996649921,0.3692159950733185,0.8003511428833008,0.0,0.0,0.0,0.0,3051.23974609375,102.87620544433594,238.4099578857422,613.0347900390625,313.94354248046875,0.0,2372.1318359375,0.37159907817840576,34.66576385498047,80.21382141113281,0.0,0.0,0.0,161.9503936767578,161.9503936767578,204.4760284423828,205.55322265625,181.91159057617188,0.0,0.0,0.0,204.4760284423828,205.55322265625,181.91159057617188,0.0,0.0,0.0,39.75811767578125,40.07320022583008,33.15802001953125,0.0,0.0,0.0
105.0,27.901334762573242,25930.0625,3348.77001953125,11343.80859375,11237.484375,2930.02685546875,20.19319725036621,0.0,10343.037109375,0.07016414403915405,11.39474105834961,0.3875468373298645,1.6375112533569336,3.928436279296875,1.614486575126648,2.6226806640625,5.075204372406006,0.000996379996649921,0.3692159950733185,0.8003511428833008,0.0,0.0,0.0,0.0,3098.008056640625,105.36643981933594,261.440673828125,623.3030395507812,321.0481872558594,0.0,2276.603515625,0.26026925444602966,36.151771545410156,81.22674560546875,0.0,0.0,0.0,163.44371032714844,163.44371032714844,190.55120849609375,195.52493286132812,136.07481384277344,0.0,0.0,0.0,190.55120849609375,195.52493286132812,136.07481384277344,0.0,0.0,0.0,35.54302978515625,36.99784851074219,19.608684539794922,0.0,0.0,0.0
106.0,28.315677642822266,26035.720703125,3348.77001953125,11449.466796875,11237.484375,2930.02685546875,20.015817642211914,0.0,10476.318359375,0.07016414403915405,11.59985065460205,0.39812424778938293,1.831222653388977,3.9289491176605225,1.614486575126648,2.6226806640625,5.079636096954346,0.000996379996649921,0.3692159950733185,0.8003511428833008,0.0,0.0,0.0,0.0,3130.45703125,107.44197082519531,289.03485107421875,607.4872436523438,404.1928405761719,0.0,2240.25732421875,0.3323235809803009,33.22943878173828,79.2347640991211,0.0,0.0,0.0,164.9595184326172,164.9595184326172,187.49818420410156,191.1608428955078,184.57078552246094,0.0,0.0,0.0,187.49818420410156,191.1608428955078,184.57078552246094,0.0,0.0,0.0,34.8274040222168,35.89872741699219,33.97113800048828,0.0,0.0,0.0
107.0,28.56393814086914,26085.177734375,3348.77001953125,11498.923828125,11237.484375,2930.02685546875,19.669389724731445,0.0,10678.5791015625,0.07016414403915405,11.704634666442871,0.4036020338535309,1.9666979312896729,3.929211139678955,1.614486575126648,2.6226806640625,5.081897258758545,0.000996379996649921,0.3692159950733185,0.8003511428833008,0.0,0.0,0.0,0.0,3110.10791015625,107.24349212646484,306.4120788574219,1714.12158203125,700.5482177734375,0.0,975.4093017578125,0.06231102719902992,33.22943878173828,79.2347640991211,0.0,0.0,0.0,166.4967041015625,166.4967041015625,158.9593963623047,164.1423797607422,134.06365966796875,0.0,0.0,0.0,158.9593963623047,164.1423797607422,134.06365966796875,0.0,0.0,0.0,26.826231002807617,28.342254638671875,19.54422950744629,0.0,0.0,0.0
108.0,28.7128963470459,26109.841796875,3348.77001953125,11523.5869140625,11237.484375,2930.02685546875,19.047592163085938,0.0,11031.609375,0.07016414403915405,11.76170539855957,0.40663644671440125,2.0541765689849854,3.929353713989258,1.614486575126648,2.6226806640625,5.083128452301025,0.000996379996649921,0.3692159950733185,0.8003511428833008,0.0,0.0,0.0,0.0,3121.245361328125,107.91055297851562,319.2787170410156,2009.2296142578125,927.56787109375,0.0,664.8624267578125,0.04246874153614044,33.22943878173828,79.2347640991211,0.0,0.0,0.0,168.05850219726562,168.05850219726562,141.85427856445312,159.10777282714844,143.2888641357422,0.0,0.0,0.0,141.85427856445312,159.10777282714844,143.2888641357422,0.0,0.0,0.0,22.44478416442871,27.491430282592773,22.864398956298828,0.0,0.0,0.0
109.0,28.786039352416992,26227.416015625,3348.77001953125,11531.390625,11347.255859375,2930.02685546875,18.402725219726562,0.0,11462.0419921875,0.07016414403915405,11.81009292602539,0.4097687005996704,2.074753761291504,3.929384231567383,1.614486575126648,2.6226806640625,5.084144592285156,0.000996379996649921,0.3692159950733185,0.8003511428833008,0.0,0.0,0.0,0.0,3146.347900390625,109.1672134399414,323.2420959472656,2034.040283203125,1146.3184814453125,0.0,698.3224487304688,0.044602762907743454,22.1529598236084,71.31128692626953,0.0,0.0,0.0,169.6426239013672,169.6426239013672,127.44328308105469,143.46372985839844,128.6742401123047,0.0,0.0,0.0,127.44328308105469,143.46372985839844,128.6742401123047,0.0,0.0,0.0,18.874435424804688,23.560415267944336,19.234493255615234,0.0,0.0,0.0
110.0,28.98247718811035,26655.15625,3348.77001953125,11778.1552734375,11528.23046875,2930.02685546875,18.577030181884766,0.0,11540.3154296875,0.07016414403915405,11.98068904876709,0.42029595375061035,2.0865068435668945,3.929400682449341,1.614486575126648,2.6226806640625,5.087689399719238,0.000996379996649921,0.3692159950733185,0.8003511428833008,0.0,0.0,0.0,0.0,3182.902587890625,111.65977478027344,324.4566650390625,2032.7403564453125,1144.7784423828125,0.0,712.0424194335938,0.045467447489500046,22.1529598236084,71.31128692626953,0.0,0.0,0.0,171.2236785888672,171.2236785888672,123.72571563720703,142.1069793701172,127.05183410644531,0.0,0.0,0.0,123.72571563720703,142.1069793701172,127.05183410644531,0.0,0.0,0.0,17.612741470336914,22.989261627197266,18.58563232421875,0.0,0.0,0.0
111.0,29.416309356689453,26812.404296875,3348.77001953125,11900.80078125,11562.833984375,2930.02685546875,19.262407302856445,0.0,11205.212890625,0.07016414403915405,12.360554695129395,0.4433782696723938,2.109471082687378,3.9294326305389404,1.614486575126648,2.6226806640625,5.095577716827393,0.000996379996649921,0.3692159950733185,0.8003511428833008,0.0,0.0,0.0,0.0,3229.27099609375,115.8353042602539,324.40264892578125,2016.0277099609375,945.1668090820312,0.0,655.123291015625,0.04180903732776642,19.568784713745117,69.41407012939453,0.0,0.0,0.0,172.7439422607422,172.7439422607422,125.91283416748047,145.409912109375,117.90969848632812,0.0,0.0,0.0,125.91283416748047,145.409912109375,117.90969848632812,0.0,0.0,0.0,17.567096710205078,23.26999282836914,15.226179122924805,0.0,0.0,0.0
112.0,29.68292999267578,26851.2109375,3348.77001953125,11939.6064453125,11562.833984375,2930.02685546875,19.285438537597656,0.0,11210.1240234375,0.07016414403915405,12.595161437988281,0.45763376355171204,2.1223390102386475,3.929450511932373,1.614486575126648,2.6226806640625,5.100449085235596,0.000996379996649921,0.3692159950733185,0.8003511428833008,0.0,0.0,0.0,0.0,3334.48046875,121.15531921386719,329.043701171875,2039.05126953125,588.1113891601562,0.0,871.3427734375,0.05558829754590988,22.1529598236084,71.31128692626953,0.0,0.0,0.0,174.1987762451172,174.1987762451172,127.66056823730469,150.9095916748047,129.02423095703125,0.0,0.0,0.0,127.66056823730469,150.9095916748047,129.02423095703125,0.0,0.0,0.0,18.05527687072754,24.85561752319336,18.454147338867188,0.0,0.0,0.0
113.0,29.808218002319336,26863.48828125,3348.77001953125,11951.884765625,11562.833984375,2930.02685546875,20.214942932128906,0.0,10713.421875,0.07016414403915405,12.686210632324219,0.4630792438983917,2.144887924194336,3.929456949234009,1.614486575126648,2.6226806640625,5.106688022613525,0.000996379996649921,0.3692159950733185,0.8003511428833008,0.0,0.0,0.0,0.0,3305.9248046875,120.67474365234375,328.9750061035156,2020.1695556640625,415.5770263671875,0.0,756.7282104492188,0.04825395345687866,21.67555809020996,70.9607925415039,0.0,0.0,0.0,175.60165405273438,175.60165405273438,99.86097717285156,147.5193328857422,102.52867126464844,0.0,0.0,0.0,99.86097717285156,147.5193328857422,102.52867126464844,0.0,0.0,0.0,8.994392395019531,22.934459686279297,9.77469253540039,0.0,0.0,0.0
114.0,29.880619049072266,26916.849609375,3348.77001953125,12005.2470703125,11562.833984375,2930.02685546875,20.512727737426758,0.0,10584.115234375,0.07016414403915405,12.710076332092285,0.4644458591938019,2.1864840984344482,3.929748296737671,1.614486575126648,2.6226806640625,5.111969470977783,0.000996379996649921,0.3692159950733185,0.8003511428833008,0.0,0.0,0.0,0.0,3292.197021484375,120.3019790649414,333.78900146484375,2012.677490234375,392.3258056640625,0.0,711.5508422851562,0.0453551709651947,19.820043563842773,69.59854125976562,0.0,0.0,0.0,176.93092346191406,176.93092346191406,131.19931030273438,147.98780822753906,115.18232727050781,0.0,0.0,0.0,131.19931030273438,147.98780822753906,115.18232727050781,0.0,0.0,0.0,17.86307144165039,22.77370834350586,13.178102493286133,0.0,0.0,0.0
115.0,30.011873245239258,26959.919921875,3348.77001953125,12048.3173828125,11562.833984375,2930.02685546875,20.85195541381836,0.0,10434.359375,0.07016414403915405,12.744556427001953,0.46662387251853943,2.2686681747436523,3.931723117828369,1.614486575126648,2.6226806640625,5.12240743637085,0.000996379996649921,0.3692159950733185,0.8003511428833008,0.0,0.0,0.0,0.0,3272.44970703125,119.81610870361328,343.87835693359375,645.554443359375,383.04083251953125,0.0,1972.8177490234375,0.12565313279628754,33.22943878173828,79.2347640991211,0.0,0.0,0.0,178.21795654296875,178.21795654296875,159.56996154785156,189.8663330078125,154.80560302734375,0.0,0.0,0.0,159.56996154785156,189.8663330078125,154.80560302734375,0.0,0.0,0.0,25.82225799560547,34.6839485168457,24.428682327270508,0.0,0.0,0.0
116.0,30.10080337524414,26975.646484375,3348.77001953125,12064.0439453125,11562.833984375,2930.02685546875,20.283077239990234,0.0,10727.5986328125,0.07016414403915405,12.760028839111328,0.4676029086112976,2.3335158824920654,3.9334168434143066,1.614486575126648,2.6226806640625,5.128344535827637,0.000996379996649921,0.3692159950733185,0.8003511428833008,0.0,0.0,0.0,0.0,3332.033935546875,122.10542297363281,357.11541748046875,602.622802734375,306.98681640625,0.0,2212.734619140625,0.31692948937416077,33.22943878173828,79.2347640991211,0.0,0.0,0.0,179.50433349609375,179.50433349609375,175.8447265625,191.80654907226562,182.90289306640625,0.0,0.0,0.0,175.8447265625,191.80654907226562,182.90289306640625,0.0,0.0,0.0,31.15150260925293,35.820335388183594,33.21601867675781,0.0,0.0,0.0
117.0,30.178802490234375,27071.416015625,3348.77001953125,12159.8134765625,11562.833984375,2930.02685546875,20.364883422851562,0.0,10724.5322265625,0.07016414403915405,12.763693809509277,0.4678298830986023,2.405432939529419,3.933973789215088,1.614486575126648,2.6226806640625,5.129977226257324,0.000996379996649921,0.3692159950733185,0.8003511428833008,0.0,0.0,0.0,0.0,3327.289794921875,121.95573425292969,367.2748718261719,684.5938110351562,314.56005859375,0.0,2114.718017578125,0.13461525738239288,33.22943878173828,79.2347640991211,0.0,0.0,0.0,180.8280487060547,180.8280487060547,149.90664672851562,190.92880249023438,130.40341186523438,0.0,0.0,0.0,149.90664672851562,190.92880249023438,130.40341186523438,0.0,0.0,0.0,23.482812881469727,35.48179244995117,17.77811622619629,0.0,0.0,0.0
118.0,30.407337188720703,27152.5390625,3348.77001953125,12240.9345703125,11562.833984375,2930.02685546875,20.16327667236328,0.0,10862.72265625,0.07016414403915405,12.771934509277344,0.46835413575172424,2.61946439743042,3.9358983039855957,1.614486575126648,2.6226806640625,5.133790969848633,0.000996379996649921,0.3692159950733185,0.8003511428833008,0.0,0.0,0.0,0.0,3324.097412109375,121.89654541015625,398.28155517578125,550.4683227539062,397.16851806640625,0.0,2230.10302734375,0.2481810748577118,33.22943878173828,79.2347640991211,0.0,0.0,0.0,182.17381286621094,182.17381286621094,177.83734130859375,190.48191833496094,155.78750610351562,0.0,0.0,0.0,177.83734130859375,190.48191833496094,155.78750610351562,0.0,0.0,0.0,31.854148864746094,35.55268478393555,25.40456771850586,0.0,0.0,0.0
119.0,30.572383880615234,27198.30859375,3348.77001953125,12286.7041015625,11562.833984375,2930.02685546875,19.808931350708008,0.0,11072.419921875,0.07016414403915405,12.776405334472656,0.4686393439769745,2.7751624584198,3.9383745193481445,1.614486575126648,2.6226806640625,5.1359076499938965,0.000996379996649921,0.3692159950733185,0.8003511428833008,0.0,0.0,0.0,0.0,3292.53369140625,120.77033996582031,418.55291748046875,1685.80224609375,690.3079833984375,0.0,954.1041259765625,0.06070805341005325,33.22943878173828,79.2347640991211,0.0,0.0,0.0,183.55287170410156,183.55287170410156,105.84799194335938,163.68357849121094,161.30392456054688,0.0,0.0,0.0,105.84799194335938,163.68357849121094,161.30392456054688,0.0,0.0,0.0,11.151606559753418,28.06851577758789,27.372467041015625,0.0,0.0,0.0
120.0,30.695764541625977,27224.09765625,3348.77001953125,12312.494140625,11562.833984375,2930.02685546875,19.319032669067383,0.10696091502904892,11358.8798828125,0.07016414403915405,12.77927303314209,0.4688219428062439,2.8915953636169434,3.9408950805664062,1.614486575126648,2.6226806640625,5.137283802032471,0.000996379996649921,0.3692159950733185,0.8003511428833008,0.0,0.0,0.0,0.0,3287.869873046875,120.61918640136719,435.1397705078125,1977.763916015625,913.864013671875,0.0,618.380615234375,0.03934250771999359,33.22943878173828,79.2347640991211,0.0,0.0,0.0,184.96133422851562,184.96133422851562,147.2028045654297,157.69473266601562,145.63882446289062,0.0,0.0,0.0,147.2028045654297,157.69473266601562,145.63882446289062,0.0,0.0,0.0,23.63082504272461,26.69971466064453,23.173362731933594,0.0,0.0,0.0
121.0,30.762163162231445,27308.85546875,3348.77001953125,12321.1044921875,11638.9814453125,2930.02685546875,18.637563705444336,0.0,11802.0751953125,0.07016414403915405,12.812071800231934,0.47157740592956543,2.9204838275909424,3.941847324371338,1.614486575126648,2.6226806640625,5.138287544250488,0.000996379996649921,0.3692159950733185,0.8003511428833008,0.0,0.0,0.0,0.0,3314.361572265625,121.99260711669922,441.0137023925781,2008.23046875,1130.1851806640625,0.0,655.1901245117188,0.04168138653039932,21.43218421936035,70.78211975097656,0.0,0.0,0.0,186.39938354492188,186.39938354492188,119.0839614868164,140.8445281982422,128.27346801757812,0.0,0.0,0.0,119.0839614868164,140.8445281982422,128.27346801757812,0.0,0.0,0.0,16.194496154785156,22.559459686279297,18.882427215576172,0.0,0.0,0.0
122.0,30.93841552734375,27695.490234375,3348.77001953125,12539.64453125,11807.0751953125,3342.545654296875,18.773664474487305,0.0,11882.66015625,0.07016414403915405,12.955270767211914,0.4825422465801239,2.9372799396514893,3.942567825317383,1.614486575126648,2.6226806640625,5.1428608894348145,0.000996379996649921,0.3692159950733185,0.8003511428833008,0.0,0.0,0.0,0.0,3346.47509765625,124.64545440673828,443.10003662109375,2008.143310546875,1129.396484375,0.0,671.6004028320312,0.042711324989795685,21.68889808654785,70.97058868408203,0.0,0.0,0.0,187.84657287597656,187.84657287597656,124.46491241455078,142.1483917236328,110.56060028076172,0.0,0.0,0.0,124.46491241455078,142.1483917236328,110.56060028076172,0.0,0.0,0.0,17.632322311401367,22.804738998413086,13.565311431884766,0.0,0.0,0.0
123.0,31.32506561279297,27838.96875,3348.77001953125,12651.1923828125,11839.005859375,3342.545654296875,19.452877044677734,0.0,11537.599609375,0.07016414403915405,13.272441864013672,0.5064178109169006,2.9696173667907715,3.944012403488159,1.614486575126648,2.6226806640625,5.15468168258667,0.000996379996649921,0.3692159950733185,0.8003511428833008,0.0,0.0,0.0,0.0,3379.20361328125,128.9355010986328,443.70269775390625,1993.1051025390625,933.5858154296875,0.0,617.4282836914062,0.03923280909657478,17.985145568847656,68.25141906738281,0.0,0.0,0.0,189.2471466064453,189.2471466064453,131.1687774658203,146.17405700683594,125.81539154052734,0.0,0.0,0.0,131.1687774658203,146.17405700683594,125.81539154052734,0.0,0.0,0.0,18.913991928100586,23.30303382873535,17.34812355041504,0.0,0.0,0.0
124.0,31.566455841064453,27874.82421875,3348.77001953125,12687.0478515625,11839.005859375,3342.545654296875,19.472665786743164,0.0,11542.65234375,0.07016414403915405,13.446033477783203,0.5192602276802063,3.0167763233184814,3.9447503089904785,1.614486575126648,2.6226806640625,5.161739826202393,0.000996379996649921,0.3692159950733185,0.8003511428833008,0.0,0.0,0.0,0.0,3469.566162109375,133.988037109375,454.2575988769531,2017.816650390625,580.8885498046875,0.0,834.2532348632812,0.05298341438174248,22.1529598236084,71.31128692626953,0.0,0.0,0.0,190.60012817382812,190.60012817382812,128.68429565429688,150.86749267578125,118.88028717041016,0.0,0.0,0.0,128.68429565429688,150.86749267578125,118.88028717041016,0.0,0.0,0.0,18.16749382019043,24.65607452392578,15.29981803894043,0.0,0.0,0.0
125.0,31.703723907470703,27950.783203125,3348.77001953125,12763.0068359375,11839.005859375,3342.545654296875,20.458566665649414,0.0,11031.201171875,0.07016414403915405,13.499817848205566,0.5231068134307861,3.091047525405884,3.9449687004089355,1.614486575126648,2.6226806640625,5.16688871383667,0.000996379996649921,0.3692159950733185,0.8003511428833008,0.0,0.0,0.0,0.0,3430.579345703125,132.93212890625,460.4078063964844,1998.2886962890625,410.6114807128906,0.0,714.912109375,0.045386966317892075,20.55518913269043,70.13825988769531,0.0,0.0,0.0,191.91409301757812,191.91409301757812,77.65159606933594,144.90541076660156,110.14210510253906,0.0,0.0,0.0,77.65159606933594,144.90541076660156,110.14210510253906,0.0,0.0,0.0,2.2545247077941895,21.9262638092041,11.757997512817383,0.0,0.0,0.0
126.0,31.905237197875977,28017.689453125,3348.77001953125,12829.9130859375,11839.005859375,3342.545654296875,20.768457412719727,0.0,10898.052734375,0.07016414403915405,13.562651634216309,0.5280241370201111,3.2114694118499756,3.945967197418213,1.614486575126648,2.6226806640625,5.179229736328125,0.000996379996649921,0.3692159950733185,0.8003511428833008,0.0,0.0,0.0,0.0,3419.284423828125,133.12033081054688,475.2811584472656,1984.5921630859375,387.3050537109375,0.0,661.097900390625,0.041932929307222366,18.315507888793945,68.49395751953125,0.0,0.0,0.0,193.1666717529297,193.1666717529297,132.9593963623047,146.62171936035156,112.70230865478516,0.0,0.0,0.0,132.9593963623047,146.62171936035156,112.70230865478516,0.0,0.0,0.0,18.122167587280273,22.11839485168457,12.196969032287598,0.0,0.0,0.0
127.0,32.04296875,28041.25390625,3348.77001953125,12853.478515625,11839.005859375,3342.545654296875,21.096107482910156,0.0,10743.8427734375,0.07016414403915405,13.600699424743652,0.5310184359550476,3.2948720455169678,3.9485232830047607,1.614486575126648,2.6226806640625,5.189960956573486,0.000996379996649921,0.3692159950733185,0.8003511428833008,0.0,0.0,0.0,0.0,3399.99169921875,132.74745178222656,484.5621337890625,1907.5653076171875,378.20916748046875,0.0,626.86083984375,0.03973039984703064,33.22943878173828,79.2347640991211,0.0,0.0,0.0,194.3857879638672,194.3857879638672,164.0668182373047,168.2257537841797,155.55810546875,0.0,0.0,0.0,164.0668182373047,168.2257537841797,155.55810546875,0.0,0.0,0.0,26.893436431884766,28.109928131103516,24.404640197753906,0.0,0.0,0.0
128.0,32.11370849609375,28050.76953125,3348.77001953125,12862.9931640625,11839.005859375,3342.545654296875,20.5144100189209,0.0,11045.771484375,0.07016414403915405,13.614043235778809,0.5320531129837036,3.3445911407470703,3.9499127864837646,1.614486575126648,2.6226806640625,5.195211887359619,0.000996379996649921,0.3692159950733185,0.8003511428833008,0.0,0.0,0.0,0.0,3459.3896484375,135.19708251953125,496.7103576660156,651.2212524414062,303.010009765625,0.0,2086.46484375,0.1321892887353897,33.22943878173828,79.2347640991211,0.0,0.0,0.0,195.60939025878906,195.60939025878906,142.1798095703125,191.06564331054688,133.83604431152344,0.0,0.0,0.0,142.1798095703125,191.06564331054688,133.83604431152344,0.0,0.0,0.0,21.073183059692383,35.372291564941406,18.632631301879883,0.0,0.0,0.0
129.0,32.172279357910156,28125.498046875,3348.77001953125,12937.720703125,11839.005859375,3342.545654296875,20.578716278076172,0.0,11042.603515625,0.07016414403915405,13.616868019104004,0.5322646498680115,3.3983914852142334,3.950289011001587,1.614486575126648,2.6226806640625,5.196569919586182,0.000996379996649921,0.3692159950733185,0.8003511428833008,0.0,0.0,0.0,0.0,3455.580322265625,135.0738983154297,503.99615478515625,446.4427185058594,310.5487365722656,0.0,2276.740966796875,0.34353891015052795,33.22943878173828,79.2347640991211,0.0,0.0,0.0,196.87451171875,196.87451171875,178.62396240234375,191.80519104003906,171.63600158691406,0.0,0.0,0.0,178.62396240234375,191.80519104003906,171.63600158691406,0.0,0.0,0.0,31.668790817260742,35.52429962158203,29.624814987182617,0.0,0.0,0.0
130.0,32.35097885131836,28189.341796875,3348.77001953125,13001.5654296875,11839.005859375,3342.545654296875,20.3596134185791,0.0,11184.8779296875,0.07016414403915405,13.623344421386719,0.5327686667442322,3.565128803253174,3.952004909515381,1.614486575126648,2.6226806640625,5.199839115142822,0.000996379996649921,0.3692159950733185,0.8003511428833008,0.0,0.0,0.0,0.0,3455.9716796875,135.15281677246094,527.8034057617188,524.8474731445312,392.3409423828125,0.0,2186.921875,0.22974906861782074,33.22943878173828,79.2347640991211,0.0,0.0,0.0,198.16641235351562,198.16641235351562,176.32818603515625,190.40672302246094,122.53994750976562,0.0,0.0,0.0,176.32818603515625,190.40672302246094,122.53994750976562,0.0,0.0,0.0,31.21638298034668,35.3343505859375,15.483321189880371,0.0,0.0,0.0
131.0,32.483150482177734,28465.0625,3581.070068359375,13044.986328125,11839.005859375,3342.545654296875,20.162673950195312,0.0,11400.791015625,0.07016414403915405,13.626708984375,0.5330315232276917,3.6891074180603027,3.954822063446045,1.614486575126648,2.6226806640625,5.201586723327637,0.000996379996649921,0.3692159950733185,0.8003511428833008,0.0,0.0,0.0,0.0,3429.87255859375,134.1652069091797,543.0692749023438,650.8767700195312,682.6256103515625,0.0,1926.64013671875,0.12200663238763809,33.22943878173828,79.2347640991211,0.0,0.0,0.0,199.4972686767578,199.4972686767578,160.91795349121094,186.5929412841797,161.89376831054688,0.0,0.0,0.0,160.91795349121094,186.5929412841797,161.89376831054688,0.0,0.0,0.0,26.905826568603516,34.4157600402832,27.191251754760742,0.0,0.0,0.0
132.0,32.59720230102539,28491.86328125,3581.070068359375,13071.787109375,11839.005859375,3342.545654296875,19.72477149963379,0.0,11660.037109375,0.07016414403915405,13.629158973693848,0.5332223176956177,3.7961058616638184,3.9579410552978516,1.614486575126648,2.6226806640625,5.202879428863525,0.000996379996649921,0.3692159950733185,0.8003511428833008,0.0,0.0,0.0,0.0,3423.92919921875,133.9565887451172,557.8065795898438,1934.8800048828125,903.5906982421875,0.0,586.4274291992188,0.03713267296552658,33.22943878173828,79.2347640991211,0.0,0.0,0.0,200.86380004882812,200.86380004882812,150.5195770263672,155.08486938476562,139.90518188476562,0.0,0.0,0.0,150.5195770263672,155.08486938476562,139.90518188476562,0.0,0.0,0.0,24.30220603942871,25.637554168701172,21.197494506835938,0.0,0.0,0.0
133.0,32.66164779663086,28560.275390625,3581.070068359375,13080.5302734375,11898.67578125,3342.545654296875,19.014266967773438,0.0,12114.970703125,0.07016414403915405,13.661309242248535,0.5364776849746704,3.8231587409973145,3.9589409828186035,1.614486575126648,2.6226806640625,5.203867435455322,0.000996379996649921,0.3692159950733185,0.8003511428833008,0.0,0.0,0.0,0.0,3453.610107421875,135.62278747558594,564.1074829101562,1972.412353515625,1117.8719482421875,0.0,624.8893432617188,0.039565298706293106,19.90918731689453,69.66398620605469,0.0,0.0,0.0,202.26220703125,202.26220703125,120.85504150390625,137.50352478027344,104.14054107666016,0.0,0.0,0.0,120.85504150390625,137.50352478027344,104.14054107666016,0.0,0.0,0.0,16.335830688476562,21.20551300048828,11.446839332580566,0.0,0.0,0.0
134.0,32.851844787597656,28962.630859375,3581.070068359375,13320.6650390625,12060.8974609375,3342.545654296875,19.151458740234375,0.0,12197.6806640625,0.07016414403915405,13.816335678100586,0.5509495139122009,3.8396120071411133,3.9596619606018066,1.614486575126648,2.6226806640625,5.207390308380127,0.000996379996649921,0.3692159950733185,0.8003511428833008,0.0,0.0,0.0,0.0,3487.5283203125,139.07102966308594,566.0040283203125,1972.7301025390625,1117.0823974609375,0.0,640.082763671875,0.04051707684993744,20.09184455871582,69.79808807373047,0.0,0.0,0.0,203.6719207763672,203.6719207763672,124.79723358154297,143.2409210205078,125.56416320800781,0.0,0.0,0.0,124.79723358154297,143.2409210205078,125.56416320800781,0.0,0.0,0.0,17.351730346679688,22.746511459350586,17.576059341430664,0.0,0.0,0.0
135.0,33.27348327636719,29112.572265625,3581.070068359375,13439.9208984375,12091.580078125,3342.545654296875,19.844947814941406,0.0,11843.458984375,0.07016414403915405,14.164369583129883,0.5830180048942566,3.8718392848968506,3.9611127376556396,1.614486575126648,2.6226806640625,5.215247631072998,0.000996379996649921,0.3692159950733185,0.8003511428833008,0.0,0.0,0.0,0.0,3521.769287109375,144.9591522216797,565.1957397460938,1950.17822265625,923.205078125,0.0,584.411376953125,0.036972299218177795,15.949896812438965,66.75720977783203,0.0,0.0,0.0,205.0418243408203,205.0418243408203,130.52371215820312,146.21632385253906,126.67521667480469,0.0,0.0,0.0,130.52371215820312,146.21632385253906,126.67521667480469,0.0,0.0,0.0,18.333234786987305,22.923328399658203,17.207551956176758,0.0,0.0,0.0
136.0,33.53266906738281,29150.3046875,3581.070068359375,13477.6552734375,12091.580078125,3342.545654296875,19.86514663696289,0.0,11848.6396484375,0.07016414403915405,14.379996299743652,0.6028797626495361,3.8898630142211914,3.9619414806365967,1.614486575126648,2.6226806640625,5.220094203948975,0.000996379996649921,0.3692159950733185,0.8003511428833008,0.0,0.0,0.0,0.0,3615.15625,151.5650177001953,571.5816650390625,1987.268310546875,573.7578125,0.0,781.7810668945312,0.049441587179899216,22.1529598236084,71.31128692626953,0.0,0.0,0.0,206.3707733154297,206.3707733154297,133.06268310546875,151.26580810546875,123.33699035644531,0.0,0.0,0.0,133.06268310546875,151.26580810546875,123.33699035644531,0.0,0.0,0.0,19.055688858032227,24.380104064941406,16.210922241210938,0.0,0.0,0.0
137.0,33.654476165771484,29162.244140625,3581.070068359375,13489.59375,12091.580078125,3342.545654296875,20.823974609375,0.0,11323.6181640625,0.07016414403915405,14.47783088684082,0.6119319796562195,3.897491455078125,3.962297201156616,1.614486575126648,2.6226806640625,5.227027893066406,0.000996379996649921,0.3692159950733185,0.8003511428833008,0.0,0.0,0.0,0.0,3581.773193359375,151.3901824951172,566.7294921875,1957.3812255859375,405.4710693359375,0.0,671.3654174804688,0.04243748262524605,17.577932357788086,67.95245361328125,0.0,0.0,0.0,207.6676483154297,207.6676483154297,121.15271759033203,148.53060913085938,108.79351043701172,0.0,0.0,0.0,121.15271759033203,148.53060913085938,108.79351043701172,0.0,0.0,0.0,14.613195419311523,22.621227264404297,10.998127937316895,0.0,0.0,0.0
138.0,33.709083557128906,29171.16796875,3581.070068359375,13498.517578125,12091.580078125,3342.545654296875,21.095651626586914,0.0,11186.9306640625,0.07016414403915405,14.517004013061523,0.6155775189399719,3.9003942012786865,3.9632396697998047,1.614486575126648,2.6226806640625,5.234974384307861,0.000996379996649921,0.3692159950733185,0.8003511428833008,0.0,0.0,0.0,0.0,3570.681640625,151.4108123779297,565.0387573242188,1946.3682861328125,382.85980224609375,0.0,628.1177978515625,0.03968111798167229,15.458168983459473,66.39619445800781,0.0,0.0,0.0,208.9095916748047,208.9095916748047,128.71615600585938,145.70309448242188,95.98119354248047,0.0,0.0,0.0,128.71615600585938,145.70309448242188,95.98119354248047,0.0,0.0,0.0,16.553823471069336,21.522504806518555,6.978846549987793,0.0,0.0,0.0
139.0,33.73855972290039,29176.158203125,3581.070068359375,13503.5078125,12091.580078125,3342.545654296875,21.41448974609375,0.0,11028.615234375,0.07016414403915405,14.534635543823242,0.61719810962677,3.9016547203063965,3.9659712314605713,1.614486575126648,2.6226806640625,5.241204738616943,0.000996379996649921,0.3692159950733185,0.8003511428833008,0.0,0.0,0.0,0.0,3550.837890625,150.78262329101562,562.7742309570312,1896.6273193359375,374.17926025390625,0.0,570.8232421875,0.03604552149772644,33.22943878173828,79.2347640991211,0.0,0.0,0.0,210.11831665039062,210.11831665039062,166.60104370117188,162.58529663085938,137.6294708251953,0.0,0.0,0.0,166.60104370117188,162.58529663085938,137.6294708251953,0.0,0.0,0.0,27.316314697265625,26.14171028137207,18.84212875366211,0.0,0.0,0.0
140.0,33.75590133666992,29180.818359375,3581.070068359375,13508.1689453125,12091.580078125,3342.545654296875,20.819324493408203,0.13670925796031952,11338.533203125,0.07016414403915405,14.542810440063477,0.6179273724555969,3.902224063873291,3.969057559967041,1.614486575126648,2.6226806640625,5.2459869384765625,0.000996379996649921,0.3692159950733185,0.8003511428833008,0.0,0.0,0.0,0.0,3611.25732421875,153.4431610107422,568.6193237304688,1928.58447265625,299.75054931640625,0.0,751.9005737304688,0.04746335372328758,33.22943878173828,79.2347640991211,0.0,0.0,0.0,211.3302459716797,211.3302459716797,171.7249755859375,173.7783966064453,163.22499084472656,0.0,0.0,0.0,171.7249755859375,173.7783966064453,163.22499084472656,0.0,0.0,0.0,29.27351951599121,29.8741455078125,26.787273406982422,0.0,0.0,0.0
141.0,33.7679557800293,29183.041015625,3581.070068359375,13510.390625,12091.580078125,3342.545654296875,20.830604553222656,0.0,11335.2705078125,0.07016414403915405,14.547863006591797,0.6183682084083557,3.9025702476501465,3.9716551303863525,1.614486575126648,2.6226806640625,5.249603748321533,0.000996379996649921,0.3692159950733185,0.8003511428833008,0.0,0.0,0.0,0.0,3609.75830078125,153.43557739257812,568.38037109375,639.5136108398438,307.2903137207031,0.0,2031.6409912109375,0.12821240723133087,33.22943878173828,79.2347640991211,0.0,0.0,0.0,212.5878448486328,212.5878448486328,161.1278533935547,190.73463439941406,151.13406372070312,0.0,0.0,0.0,161.1278533935547,190.73463439941406,151.13406372070312,0.0,0.0,0.0,26.299291610717773,34.95927810668945,23.376108169555664,0.0,0.0,0.0
142.0,33.774112701416016,29183.744140625,3581.070068359375,13511.0947265625,12091.580078125,3342.545654296875,20.562191009521484,0.0,11481.302734375,0.07016414403915405,14.549942970275879,0.6185486316680908,3.9027116298675537,3.9737420082092285,1.614486575126648,2.6226806640625,5.251271724700928,0.000996379996649921,0.3692159950733185,0.8003511428833008,0.0,0.0,0.0,0.0,3616.655517578125,153.75161743164062,569.0973510742188,643.339599609375,388.6162109375,0.0,2035.6324462890625,0.12844859063625336,33.22943878173828,79.2347640991211,0.0,0.0,0.0,213.87835693359375,213.87835693359375,163.19171142578125,189.6768341064453,167.1343994140625,0.0,0.0,0.0,163.19171142578125,189.6768341064453,167.1343994140625,0.0,0.0,0.0,27.171384811401367,34.91828155517578,28.32461929321289,0.0,0.0,0.0
143.0,33.77741622924805,29185.69140625,3581.070068359375,13513.0400390625,12091.580078125,3342.545654296875,20.166772842407227,0.0,11702.93359375,0.07016414403915405,14.550495147705078,0.6185963153839111,3.9027488231658936,3.975931406021118,1.614486575126648,2.6226806640625,5.251750946044922,0.000996379996649921,0.3692159950733185,0.8003511428833008,0.0,0.0,0.0,0.0,3597.364990234375,152.93753051757812,567.4053955078125,1927.56787109375,676.9458618164062,0.0,632.9124755859375,0.03993542119860649,33.22943878173828,79.2347640991211,0.0,0.0,0.0,215.2113800048828,215.2113800048828,153.12899780273438,168.24957275390625,141.49606323242188,0.0,0.0,0.0,153.12899780273438,168.24957275390625,141.49606323242188,0.0,0.0,0.0,24.623458862304688,29.046228408813477,21.2208251953125,0.0,0.0,0.0
144.0,33.78247833251953,29187.275390625,3581.070068359375,13514.6259765625,12091.580078125,3342.545654296875,19.587263107299805,0.0,12042.404296875,0.07016414403915405,14.5511474609375,0.6186528205871582,3.9027926921844482,3.9796547889709473,1.614486575126648,2.6226806640625,5.252335548400879,0.000996379996649921,0.3692159950733185,0.8003511428833008,0.0,0.0,0.0,0.0,3607.272216796875,153.3658447265625,568.564208984375,1930.62451171875,898.0125732421875,0.0,624.5796508789062,0.039407968521118164,33.22943878173828,79.2347640991211,0.0,0.0,0.0,216.58709716796875,216.58709716796875,155.87252807617188,158.09812927246094,148.77432250976562,0.0,0.0,0.0,155.87252807617188,158.09812927246094,148.77432250976562,0.0,0.0,0.0,26.005451202392578,26.65643882751465,23.929227828979492,0.0,0.0,0.0
145.0,33.78588104248047,29281.48046875,3581.070068359375,13515.4912109375,12184.9189453125,3342.545654296875,18.896425247192383,0.0,12512.2314453125,0.07016414403915405,14.551323890686035,0.6186680793762207,3.902804374694824,3.9810097217559814,1.614486575126648,2.6226806640625,5.254180908203125,0.000996379996649921,0.3692159950733185,0.8003511428833008,0.0,0.0,0.0,0.0,3636.23095703125,154.59898376464844,571.628662109375,1973.9635009765625,1111.8350830078125,0.0,673.1060180664062,0.04246414452791214,19.326068878173828,69.23587799072266,0.0,0.0,0.0,218.008544921875,218.008544921875,120.35276794433594,140.8055877685547,125.66517639160156,0.0,0.0,0.0,120.35276794433594,140.8055877685547,125.66517639160156,0.0,0.0,0.0,16.306760787963867,22.289207458496094,17.860639572143555,0.0,0.0,0.0
146.0,33.79435729980469,29475.42578125,3581.070068359375,13524.953125,12369.40234375,3342.545654296875,18.89250373840332,0.0,12597.6455078125,0.07016414403915405,14.551446914672852,0.6186787486076355,3.9028127193450928,3.9821557998657227,1.614486575126648,2.6226806640625,5.261366367340088,0.000996379996649921,0.3692159950733185,0.8003511428833008,0.0,0.0,0.0,0.0,3647.558349609375,155.0819549560547,572.740234375,1981.7205810546875,1113.4466552734375,0.0,704.4077758789062,0.04441612958908081,20.767324447631836,70.29399871826172,0.0,0.0,0.0,219.44772338867188,219.44772338867188,92.70530700683594,143.15191650390625,103.98809051513672,0.0,0.0,0.0,92.70530700683594,143.15191650390625,103.98809051513672,0.0,0.0,0.0,8.223797798156738,22.979433059692383,11.524011611938477,0.0,0.0,0.0
147.0,33.81111145019531,29515.17578125,3581.070068359375,13529.5849609375,12404.5205078125,3342.545654296875,19.502687454223633,0.0,12231.8017578125,0.07016414403915405,14.551658630371094,0.6186971068382263,3.902827024459839,3.984194278717041,1.614486575126648,2.6226806640625,5.2758402824401855,0.000996379996649921,0.3692159950733185,0.8003511428833008,0.0,0.0,0.0,0.0,3628.578857421875,154.27734375,570.6425170898438,1973.925537109375,924.4534912109375,0.0,678.0579223632812,0.042710643261671066,19.15194320678711,69.10803985595703,0.0,0.0,0.0,220.84564208984375,220.84564208984375,130.5345458984375,145.9221649169922,130.26048278808594,0.0,0.0,0.0,130.5345458984375,145.9221649169922,130.26048278808594,0.0,0.0,0.0,18.678668975830078,23.179542541503906,18.5985050201416,0.0,0.0,0.0
148.0,33.8213005065918,29516.642578125,3581.070068359375,13531.05078125,12404.5205078125,3342.545654296875,19.498228073120117,0.0,12237.1298828125,0.07016414403915405,14.551774978637695,0.6187071800231934,3.90283465385437,3.985344648361206,1.614486575126648,2.6226806640625,5.284743785858154,0.000996379996649921,0.3692159950733185,0.8003511428833008,0.0,0.0,0.0,0.0,3691.68798828125,156.9618682861328,576.6192626953125,2019.5533447265625,576.20361328125,0.0,905.9228515625,0.057027667760849,22.1529598236084,71.31128692626953,0.0,0.0,0.0,222.2025604248047,222.2025604248047,131.4912872314453,152.48394775390625,128.69810485839844,0.0,0.0,0.0,131.4912872314453,152.48394775390625,128.69810485839844,0.0,0.0,0.0,18.96297264099121,25.10332489013672,18.145967483520508,0.0,0.0,0.0
149.0,33.82606887817383,29517.10546875,3581.070068359375,13531.5146484375,12404.5205078125,3342.545654296875,20.432382583618164,0.0,11694.884765625,0.07016414403915405,14.551799774169922,0.61870938539505,3.902836322784424,3.985600709915161,1.614486575126648,2.6226806640625,5.289227485656738,0.000996379996649921,0.3692159950733185,0.8003511428833008,0.0,0.0,0.0,0.0,3642.5556640625,154.87315368652344,571.5042114257812,1993.5452880859375,407.6891174316406,0.0,790.2190551757812,0.04972828924655914,22.1529598236084,71.31128692626953,0.0,0.0,0.0,223.5276336669922,223.5276336669922,133.72975158691406,149.4545440673828,127.63449096679688,0.0,0.0,0.0,133.72975158691406,149.4545440673828,127.63449096679688,0.0,0.0,0.0,18.68356704711914,23.28307342529297,16.900705337524414,0.0,0.0,0.0
150.0,33.83600997924805,29529.0078125,3581.070068359375,13543.4169921875,12404.5205078125,3342.545654296875,20.70126724243164,0.0,11553.703125,0.07016414403915405,14.551812171936035,0.6187103986740112,3.9028372764587402,3.986304998397827,1.614486575126648,2.6226806640625,5.298450946807861,0.000996379996649921,0.3692159950733185,0.8003511428833008,0.0,0.0,0.0,0.0,3625.38720703125,154.14332580566406,569.7377319335938,1983.7362060546875,385.1406555175781,0.0,747.7637329101562,0.04702600836753845,21.064071655273438,70.5118637084961,0.0,0.0,0.0,224.79940795898438,224.79940795898438,133.55706787109375,147.55914306640625,133.7020263671875,0.0,0.0,0.0,133.55706787109375,147.55914306640625,133.7020263671875,0.0,0.0,0.0,18.36417579650879,22.459781646728516,18.40657615661621,0.0,0.0,0.0
151.0,33.857627868652344,29536.474609375,3581.070068359375,13550.884765625,12404.5205078125,3342.545654296875,21.016246795654297,0.0,11390.1904296875,0.07016414403915405,14.551827430725098,0.6187117695808411,3.9028382301330566,3.9884698390960693,1.614486575126648,2.6226806640625,5.31788444519043,0.000996379996649921,0.3692159950733185,0.8003511428833008,0.0,0.0,0.0,0.0,3602.3271484375,153.1630401611328,567.3954467773438,1945.272216796875,376.4707946777344,0.0,689.0107421875,0.04327189549803734,33.22943878173828,79.2347640991211,0.0,0.0,0.0,226.0454864501953,226.0454864501953,166.37396240234375,165.375244140625,151.0626220703125,0.0,0.0,0.0,166.37396240234375,165.375244140625,151.0626220703125,0.0,0.0,0.0,27.64813804626465,27.356014251708984,23.16956901550293,0.0,0.0,0.0
152.0,33.88160705566406,29550.802734375,3581.070068359375,13565.2119140625,12404.5205078125,3342.545654296875,20.438121795654297,0.0,11710.259765625,0.07016414403915405,14.551836967468262,0.6187126040458679,3.902838945388794,3.9903950691223145,1.614486575126648,2.6226806640625,5.339927673339844,0.000996379996649921,0.3692159950733185,0.8003511428833008,0.0,0.0,0.0,0.0,3663.505126953125,155.76429748535156,573.42333984375,752.4284057617188,301.67718505859375,0.0,2101.09228515625,0.13174526393413544,33.22943878173828,79.2347640991211,0.0,0.0,0.0,227.2979736328125,227.2979736328125,160.89012145996094,190.71058654785156,151.4961700439453,0.0,0.0,0.0,160.89012145996094,190.71058654785156,151.4961700439453,0.0,0.0,0.0,26.622238159179688,35.3447265625,23.874509811401367,0.0,0.0,0.0
153.0,33.91139602661133,29560.37109375,3581.070068359375,13574.7802734375,12404.5205078125,3342.545654296875,20.45429229736328,0.0,11706.8779296875,0.07016414403915405,14.551846504211426,0.61871337890625,3.9028396606445312,3.9925246238708496,1.614486575126648,2.6226806640625,5.367578506469727,0.000996379996649921,0.3692159950733185,0.8003511428833008,0.0,0.0,0.0,0.0,3661.22705078125,155.66754150390625,573.178466796875,830.6898803710938,309.28485107421875,0.0,2014.2706298828125,0.12605169415473938,33.22943878173828,79.2347640991211,0.0,0.0,0.0,228.59786987304688,228.59786987304688,153.63824462890625,188.94261169433594,156.46234130859375,0.0,0.0,0.0,153.63824462890625,188.94261169433594,156.46234130859375,0.0,0.0,0.0,24.484891891479492,34.811424255371094,25.310943603515625,0.0,0.0,0.0
154.0,33.932289123535156,29563.94921875,3581.070068359375,13578.357421875,12404.5205078125,3342.545654296875,20.19239616394043,0.0,11857.6875,0.07016414403915405,14.551852226257324,0.6187138557434082,3.9028398990631104,3.9948134422302246,1.614486575126648,2.6226806640625,5.386175155639648,0.000996379996649921,0.3692159950733185,0.8003511428833008,0.0,0.0,0.0,0.0,3668.07861328125,155.9589080810547,573.9242553710938,564.9268798828125,391.15997314453125,0.0,2290.3466796875,0.2983255684375763,33.22943878173828,79.2347640991211,0.0,0.0,0.0,229.93080139160156,229.93080139160156,181.7158966064453,190.63931274414062,171.07691955566406,0.0,0.0,0.0,181.7158966064453,190.63931274414062,171.07691955566406,0.0,0.0,0.0,32.959503173828125,35.569602966308594,29.84760093688965,0.0,0.0,0.0
155.0,33.943519592285156,29567.080078125,3581.070068359375,13581.4892578125,12404.5205078125,3342.545654296875,19.804458618164062,0.0,12086.55859375,0.07016414403915405,14.551854133605957,0.6187140345573425,3.9028401374816895,3.997257947921753,1.614486575126648,2.6226806640625,5.394958019256592,0.000996379996649921,0.3692159950733185,0.8003511428833008,0.0,0.0,0.0,0.0,3648.176025390625,155.1127166748047,572.1928100585938,1695.7607421875,681.3469848632812,0.0,1044.8272705078125,0.06525733321905136,33.22943878173828,79.2347640991211,0.0,0.0,0.0,231.3056182861328,231.3056182861328,147.24493408203125,167.2622528076172,131.9890594482422,0.0,0.0,0.0,147.24493408203125,167.2622528076172,131.9890594482422,0.0,0.0,0.0,23.264684677124023,29.1197509765625,18.80234146118164,0.0,0.0,0.0
156.0,33.95529556274414,29573.37109375,3581.070068359375,13587.7802734375,12404.5205078125,3342.545654296875,19.262155532836914,0.0,12421.8486328125,0.07016414403915405,14.551855087280273,0.6187141537666321,3.9028401374816895,3.9997494220733643,1.614486575126648,2.6226806640625,5.404242515563965,0.000996379996649921,0.3692159950733185,0.8003511428833008,0.0,0.0,0.0,0.0,3656.2490234375,155.4559783935547,573.1867065429688,1978.8477783203125,903.6502075195312,0.0,754.47021484375,0.047091446816921234,33.22943878173828,79.2347640991211,0.0,0.0,0.0,232.72451782226562,232.72451782226562,149.37991333007812,160.529541015625,142.1040802001953,0.0,0.0,0.0,149.37991333007812,160.529541015625,142.1040802001953,0.0,0.0,0.0,24.431467056274414,27.692733764648438,22.303287506103516,0.0,0.0,0.0
157.0,33.967803955078125,29668.29296875,3581.070068359375,13591.04296875,12496.1796875,3342.545654296875,18.58163833618164,0.0,12906.474609375,0.07016414403915405,14.55185604095459,0.6187141537666321,3.9028401374816895,4.0015950202941895,1.614486575126648,2.6226806640625,5.414905071258545,0.000996379996649921,0.3692159950733185,0.8003511428833008,0.0,0.0,0.0,0.0,3686.1611328125,156.727783203125,576.358154296875,2014.089599609375,1118.9315185546875,0.0,813.5597534179688,0.050741471350193024,22.1529598236084,71.31128692626953,0.0,0.0,0.0,234.18685913085938,234.18685913085938,125.89655303955078,143.80569458007812,128.39614868164062,0.0,0.0,0.0,125.89655303955078,143.80569458007812,128.39614868164062,0.0,0.0,0.0,18.243104934692383,23.481529235839844,18.97423553466797,0.0,0.0,0.0
158.0,33.986270904541016,29873.146484375,3581.070068359375,13607.9091796875,12684.166015625,3474.658935546875,18.582857131958008,0.0,12994.5615234375,0.07016414403915405,14.55185604095459,0.6187142133712769,3.9028401374816895,4.002937316894531,1.614486575126648,2.6226806640625,5.4320268630981445,0.000996379996649921,0.3692159950733185,0.8003511428833008,0.0,0.0,0.0,0.0,3697.82470703125,157.22369384765625,577.5045776367188,2022.1673583984375,1120.5955810546875,0.0,848.360595703125,0.05284827575087547,22.1529598236084,71.31128692626953,0.0,0.0,0.0,235.6693115234375,235.6693115234375,119.69798278808594,145.13348388671875,106.79132843017578,0.0,0.0,0.0,119.69798278808594,145.13348388671875,106.79132843017578,0.0,0.0,0.0,16.428802490234375,23.868684768676758,12.653606414794922,0.0,0.0,0.0
159.0,34.016998291015625,29917.07421875,3581.070068359375,13616.0849609375,12719.91796875,3474.658935546875,19.186059951782227,0.0,12617.1728515625,0.07016414403915405,14.551856994628906,0.6187142729759216,3.9028401374816895,4.0049519538879395,1.614486575126648,2.6226806640625,5.460740089416504,0.000996379996649921,0.3692159950733185,0.8003511428833008,0.0,0.0,0.0,0.0,3678.152587890625,156.38729858398438,575.3311157226562,2013.326416015625,930.3271484375,0.0,814.5072631835938,0.050637174397706985,22.1529598236084,71.31128692626953,0.0,0.0,0.0,237.11549377441406,237.11549377441406,118.0258560180664,148.51309204101562,126.78845977783203,0.0,0.0,0.0,118.0258560180664,148.51309204101562,126.78845977783203,0.0,0.0,0.0,15.336503028869629,24.254018783569336,17.899564743041992,0.0,0.0,0.0
160.0,34.035343170166016,29919.66015625,3581.070068359375,13618.671875,12719.91796875,3474.658935546875,19.182395935058594,0.0,12622.6650390625,0.07016414403915405,14.551856994628906,0.6187142729759216,3.9028401374816895,4.006077766418457,1.614486575126648,2.6226806640625,5.477960109710693,0.000996379996649921,0.3692159950733185,0.8003511428833008,0.0,0.0,0.0,0.0,3743.11376953125,159.14930725097656,581.4774780273438,2050.350830078125,579.9730224609375,0.0,1056.245361328125,0.06558656692504883,22.1529598236084,71.31128692626953,0.0,0.0,0.0,238.52194213867188,238.52194213867188,129.35389709472656,154.34185791015625,131.24964904785156,0.0,0.0,0.0,129.35389709472656,154.34185791015625,131.24964904785156,0.0,0.0,0.0,18.65361976623535,25.962596893310547,19.208126068115234,0.0,0.0,0.0
161.0,34.04387664794922,29920.478515625,3581.070068359375,13619.4912109375,12719.91796875,3474.658935546875,20.1027774810791,0.0,12063.3271484375,0.07016414403915405,14.551856994628906,0.6187142729759216,3.9028401374816895,4.006346225738525,1.614486575126648,2.6226806640625,5.486224174499512,0.000996379996649921,0.3692159950733185,0.8003511428833008,0.0,0.0,0.0,0.0,3692.368408203125,156.99172973632812,576.1917114257812,2031.2696533203125,410.2887878417969,0.0,925.0728759765625,0.05740828439593315,22.1529598236084,71.31128692626953,0.0,0.0,0.0,239.8981475830078,239.8981475830078,121.75054168701172,150.83999633789062,132.32545471191406,0.0,0.0,0.0,121.75054168701172,150.83999633789062,132.32545471191406,0.0,0.0,0.0,15.509255409240723,24.017919540405273,18.602415084838867,0.0,0.0,0.0
162.0,34.05812454223633,29936.548828125,3581.070068359375,13635.560546875,12719.91796875,3474.658935546875,20.37041664123535,0.0,11917.6767578125,0.07016414403915405,14.551856994628906,0.6187142729759216,3.9028401374816895,4.007351875305176,1.614486575126648,2.6226806640625,5.499464511871338,0.000996379996649921,0.3692159950733185,0.8003511428833008,0.0,0.0,0.0,0.0,3674.64453125,156.23814392089844,574.36767578125,2021.3211669921875,387.5745544433594,0.0,878.6124267578125,0.0544755756855011,22.1529598236084,71.31128692626953,0.0,0.0,0.0,241.21922302246094,241.21922302246094,116.04096221923828,149.71588134765625,127.22228240966797,0.0,0.0,0.0,116.04096221923828,149.71588134765625,127.22228240966797,0.0,0.0,0.0,13.571565628051758,23.421476364135742,16.842100143432617,0.0,0.0,0.0
163.0,34.095821380615234,29959.54296875,3581.070068359375,13658.5546875,12719.91796875,3474.658935546875,20.69140625,0.0,11749.0048828125,0.07016414403915405,14.551856994628906,0.6187142729759216,3.9028401374816895,4.012263298034668,1.614486575126648,2.6226806640625,5.532252788543701,0.000996379996649921,0.3692159950733185,0.8003511428833008,0.0,0.0,0.0,0.0,3650.85107421875,155.2264862060547,571.950927734375,1962.021728515625,378.8215637207031,0.0,839.9871215820312,0.051964957267045975,33.22943878173828,79.2347640991211,0.0,0.0,0.0,242.5070343017578,242.5070343017578,146.73492431640625,169.31837463378906,154.68316650390625,0.0,0.0,0.0,146.73492431640625,169.31837463378906,154.68316650390625,0.0,0.0,0.0,22.228559494018555,28.83421516418457,24.553417205810547,0.0,0.0,0.0
164.0,34.14125442504883,29970.89453125,3581.070068359375,13669.90625,12719.91796875,3474.658935546875,20.119430541992188,0.0,12079.1474609375,0.07016414403915405,14.551856994628906,0.6187142729759216,3.9028401374816895,4.016678333282471,1.614486575126648,2.6226806640625,5.559607982635498,0.000996379996649921,0.3692159950733185,0.8140111565589905,0.0,0.0,0.0,0.0,3713.92431640625,157.90823364257812,578.1639404296875,571.5262451171875,303.6194152832031,0.0,2453.142333984375,0.35367146134376526,33.22943878173828,80.58710479736328,0.0,0.0,0.0,243.8048553466797,243.8048553466797,183.48475646972656,190.4665985107422,171.0375518798828,0.0,0.0,0.0,183.48475646972656,190.4665985107422,171.0375518798828,0.0,0.0,0.0,33.549861907958984,35.5920524597168,29.909053802490234,0.0,0.0,0.0
165.0,34.20054626464844,30060.951171875,3581.070068359375,13759.962890625,12719.91796875,3474.658935546875,20.189373016357422,0.0,12075.646484375,0.07016414403915405,14.551856994628906,0.6187142729759216,3.9028401374816895,4.0180792808532715,1.614486575126648,2.6226806640625,5.569863796234131,0.000996379996649921,0.3692159950733185,0.861647367477417,0.0,0.0,0.0,0.0,3711.5712890625,157.8081817626953,577.9111938476562,721.0018310546875,311.2737121582031,0.0,2290.42431640625,0.2223668396472931,33.22943878173828,85.30309295654297,0.0,0.0,0.0,245.1559600830078,245.1559600830078,181.67654418945312,190.1830291748047,151.62997436523438,0.0,0.0,0.0,181.67654418945312,190.1830291748047,151.62997436523438,0.0,0.0,0.0,32.951019287109375,35.43916320800781,24.162395477294922,0.0,0.0,0.0
166.0,34.408294677734375,30135.6171875,3581.070068359375,13834.6279296875,12719.91796875,3474.658935546875,19.977706909179688,0.0,12231.1865234375,0.07016414403915405,14.551856994628906,0.6187142729759216,3.9028401374816895,4.024681091308594,1.614486575126648,2.6226806640625,5.60324239730835,0.000996379996649921,0.3692159950733185,1.0294138193130493,0.0,0.0,0.0,0.0,3718.661376953125,158.10964965820312,578.684326171875,1702.60205078125,393.6852111816406,0.0,1305.1649169921875,0.08034743368625641,33.22943878173828,101.91197204589844,0.0,0.0,0.0,246.5405731201172,246.5405731201172,148.92132568359375,175.79534912109375,158.93568420410156,0.0,0.0,0.0,148.92132568359375,175.79534912109375,158.93568420410156,0.0,0.0,0.0,23.58177947998047,31.442432403564453,26.51097869873047,0.0,0.0,0.0
167.0,34.55659484863281,30166.888671875,3581.070068359375,13865.900390625,12719.91796875,3474.658935546875,19.611743927001953,0.0,12467.259765625,0.07016414403915405,14.551856994628906,0.6187142729759216,3.9028401374816895,4.034791469573975,1.614486575126648,2.6226806640625,5.6315836906433105,0.000996379996649921,0.3692159950733185,1.1392645835876465,0.0,0.0,0.0,0.0,3698.228271484375,157.24085998535156,576.91357421875,824.67919921875,685.7108154296875,0.0,2060.79833984375,0.12661248445510864,33.22943878173828,112.78719329833984,0.0,0.0,0.0,247.96945190429688,247.96945190429688,99.13441467285156,185.97567749023438,161.98397827148438,0.0,0.0,0.0,99.13441467285156,185.97567749023438,161.98397827148438,0.0,0.0,0.0,9.385071754455566,34.78614044189453,27.76856803894043,0.0,0.0,0.0
168.0,34.647315979003906,30186.361328125,3581.070068359375,13885.3720703125,12719.91796875,3474.658935546875,19.105031967163086,0.0,12798.3623046875,0.07016414403915405,14.551856994628906,0.6187142729759216,3.9028401374816895,4.044612884521484,1.614486575126648,2.6226806640625,5.653471946716309,0.000996379996649921,0.3692159950733185,1.1982767581939697,0.0,0.0,0.0,0.0,3704.568359375,157.51043701171875,577.7431640625,2024.2529296875,909.2315673828125,0.0,846.0474853515625,0.05190068855881691,33.22943878173828,118.62940216064453,0.0,0.0,0.0,249.4425506591797,249.4425506591797,137.29872131347656,157.9987030029297,140.6872100830078,0.0,0.0,0.0,137.29872131347656,157.9987030029297,140.6872100830078,0.0,0.0,0.0,21.05484390258789,27.109588623046875,22.045978546142578,0.0,0.0,0.0
169.0,34.70097351074219,30284.861328125,3581.070068359375,13896.7001953125,12807.0908203125,3474.658935546875,18.43026351928711,0.0,13297.662109375,0.07016414403915405,14.551856994628906,0.6187142729759216,3.9028401374816895,4.054269790649414,1.614486575126648,2.6226806640625,5.673110008239746,0.000996379996649921,0.3692159950733185,1.2226392030715942,0.0,0.0,0.0,0.0,3735.4501953125,158.82347106933594,581.0208740234375,2065.101806640625,1125.955078125,0.0,908.5721435546875,0.055659808218479156,22.1529598236084,108.9371566772461,0.0,0.0,0.0,250.95639038085938,250.95639038085938,119.78844451904297,146.2104034423828,98.99899291992188,0.0,0.0,0.0,119.78844451904297,146.2104034423828,98.99899291992188,0.0,0.0,0.0,16.60785675048828,24.336278915405273,10.526942253112793,0.0,0.0,0.0
170.0,34.745887756347656,30498.255859375,3581.070068359375,13920.0419921875,12997.14453125,3474.658935546875,18.43394660949707,0.0,13388.4091796875,0.07016414403915405,14.551856994628906,0.6187142729759216,3.9028401374816895,4.062582969665527,1.614486575126648,2.6226806640625,5.696933746337891,0.000996379996649921,0.3692159950733185,1.2354168891906738,0.0,0.0,0.0,0.0,3747.46484375,159.3343048095703,582.20166015625,2074.305419921875,1127.6690673828125,0.0,942.4005126953125,0.05763736739754677,22.1529598236084,110.07564544677734,0.0,0.0,0.0,252.48806762695312,252.48806762695312,125.06672668457031,146.44302368164062,109.17717742919922,0.0,0.0,0.0,125.06672668457031,146.44302368164062,109.17717742919922,0.0,0.0,0.0,18.1480712890625,24.400636672973633,13.500377655029297,0.0,0.0,0.0
171.0,34.79349899291992,30545.376953125,3581.070068359375,13931.064453125,13033.2431640625,3474.658935546875,19.034408569335938,0.0,12999.57421875,0.07016414403915405,14.551856994628906,0.6187142729759216,3.9028401374816895,4.0716166496276855,1.614486575126648,2.6226806640625,5.723799705505371,0.000996379996649921,0.3692159950733185,1.247129201889038,0.0,0.0,0.0,0.0,3727.135009765625,158.4699249267578,579.9526977539062,2071.48095703125,936.135986328125,0.0,895.754638671875,0.05468395724892616,22.1529598236084,111.11921691894531,0.0,0.0,0.0,253.98362731933594,253.98362731933594,125.8936538696289,150.21922302246094,133.6086883544922,0.0,0.0,0.0,125.8936538696289,150.21922302246094,133.6086883544922,0.0,0.0,0.0,17.789485931396484,24.904714584350586,20.046133041381836,0.0,0.0,0.0
172.0,34.820255279541016,30549.04296875,3581.070068359375,13934.7294921875,13033.2431640625,3474.658935546875,19.03144073486328,0.0,13005.21875,0.07016414403915405,14.551856994628906,0.6187142729759216,3.9028401374816895,4.077950477600098,1.614486575126648,2.6226806640625,5.738518714904785,0.000996379996649921,0.3692159950733185,1.2528293132781982,0.0,0.0,0.0,0.0,3793.94287109375,161.31045532226562,586.26611328125,2105.44091796875,583.6998291015625,0.0,1140.0924072265625,0.0695306584239006,22.1529598236084,111.62709045410156,0.0,0.0,0.0,255.43905639648438,255.43905639648438,126.43707275390625,155.31271362304688,134.14300537109375,0.0,0.0,0.0,126.43707275390625,155.31271362304688,134.14300537109375,0.0,0.0,0.0,17.95140266418457,26.397525787353516,20.20538902282715,0.0,0.0,0.0
173.0,34.833473205566406,30552.22265625,3581.070068359375,13937.91015625,13033.2431640625,3474.658935546875,19.947246551513672,0.0,12428.9091796875,0.07016414403915405,14.559538841247559,0.6193714141845703,3.9028401374816895,4.0796122550964355,1.614486575126648,2.6226806640625,5.74096155166626,0.000996379996649921,0.3692159950733185,1.2536059617996216,0.0,0.0,0.0,0.0,3742.709228515625,159.21707153320312,580.7307739257812,2085.754638671875,412.8134765625,0.0,999.8529663085938,0.06096779555082321,22.1529598236084,111.69629669189453,0.0,0.0,0.0,256.8632507324219,256.8632507324219,76.81737518310547,151.78245544433594,99.21648406982422,0.0,0.0,0.0,76.81737518310547,151.78245544433594,99.21648406982422,0.0,0.0,0.0,2.521836042404175,24.449119567871094,9.07357406616211,0.0,0.0,0.0
174.0,35.05377197265625,30865.962890625,3581.070068359375,14251.6513671875,13033.2431640625,3474.658935546875,20.409744262695312,0.0,12278.8427734375,0.07016414403915405,14.748627662658691,0.637845516204834,3.9028401374816895,4.083430290222168,1.614486575126648,2.6226806640625,5.749334335327148,0.000996379996649921,0.3692159950733185,1.2541518211364746,0.0,0.0,0.0,0.0,3751.48486328125,162.243408203125,576.9090576171875,2074.00341796875,388.899169921875,0.0,925.0481567382812,0.056374818086624146,22.1529598236084,111.74492645263672,0.0,0.0,0.0,258.227783203125,258.227783203125,133.72837829589844,152.44473266601562,116.26707458496094,0.0,0.0,0.0,133.72837829589844,152.44473266601562,116.26707458496094,0.0,0.0,0.0,18.7058048248291,24.180341720581055,13.598374366760254,0.0,0.0,0.0
175.0,35.70606994628906,31187.58203125,3581.070068359375,14573.2685546875,13033.2431640625,3474.658935546875,20.931732177734375,0.0,12105.041015625,0.07016414403915405,15.306497573852539,0.692654013633728,3.9028401374816895,4.098799228668213,1.614486575126648,2.6226806640625,5.7723069190979,0.000996379996649921,0.3692159950733185,1.2554291486740112,0.0,0.0,0.0,0.0,3806.365966796875,172.2467803955078,569.0348510742188,1679.3994140625,377.266357421875,0.0,1132.236328125,0.06889583170413971,33.22943878173828,124.28748321533203,0.0,0.0,0.0,259.5650329589844,259.5650329589844,134.04595947265625,174.84869384765625,160.97735595703125,0.0,0.0,0.0,134.04595947265625,174.84869384765625,160.97735595703125,0.0,0.0,0.0,18.27671241760254,30.211509704589844,26.154144287109375,0.0,0.0,0.0
176.0,36.33199691772461,31322.236328125,3581.070068359375,14707.923828125,13033.2431640625,3474.658935546875,20.43260955810547,0.0,12445.1689453125,0.07016414403915405,15.841073989868164,0.7449904680252075,3.9028401374816895,4.115586280822754,1.614486575126648,2.6226806640625,5.793471336364746,0.000996379996649921,0.3692159950733185,1.2564910650253296,0.0,0.0,0.0,0.0,3946.41455078125,185.59608459472656,570.0083618164062,479.49249267578125,300.2060852050781,0.0,2482.213623046875,0.3344530761241913,33.22943878173828,124.39260864257812,0.0,0.0,0.0,260.91595458984375,260.91595458984375,181.69308471679688,191.13160705566406,172.98190307617188,0.0,0.0,0.0,181.69308471679688,191.13160705566406,172.98190307617188,0.0,0.0,0.0,32.712615966796875,35.473384857177734,30.164596557617188,0.0,0.0,0.0
177.0,36.672061920166016,31364.841796875,3581.070068359375,14750.5302734375,13033.2431640625,3474.658935546875,20.470088958740234,0.0,12441.5498046875,0.07016414403915405,16.131267547607422,0.7733632326126099,3.9028401374816895,4.125330924987793,1.614486575126648,2.6226806640625,5.8047003746032715,0.000996379996649921,0.3692159950733185,1.257017731666565,0.0,0.0,0.0,0.0,3985.04638671875,191.0506134033203,567.1473388671875,786.4948120117188,306.6670837402344,0.0,2123.835205078125,0.12895426154136658,33.22943878173828,124.44475555419922,0.0,0.0,0.0,262.32098388671875,262.32098388671875,162.04107666015625,190.09034729003906,137.11952209472656,0.0,0.0,0.0,162.04107666015625,190.09034729003906,137.11952209472656,0.0,0.0,0.0,26.926923751831055,35.1313362121582,19.637372970581055,0.0,0.0,0.0
178.0,36.8245964050293,31378.32421875,3581.070068359375,14764.0107421875,13033.2431640625,3474.658935546875,20.21368408203125,0.0,12601.80078125,0.07016414403915405,16.25726890563965,0.7857185006141663,3.9028401374816895,4.13449239730835,1.614486575126648,2.6226806640625,5.809501647949219,0.000996379996649921,0.3692159950733185,1.2572320699691772,0.0,0.0,0.0,0.0,4011.786376953125,193.8907928466797,566.8859252929688,1682.1043701171875,387.3143310546875,0.0,1224.8013916015625,0.07434318214654922,33.22943878173828,124.46597290039062,0.0,0.0,0.0,263.7542724609375,263.7542724609375,149.20155334472656,174.06094360351562,161.35867309570312,0.0,0.0,0.0,149.20155334472656,174.06094360351562,161.35867309570312,0.0,0.0,0.0,23.427772521972656,30.699142456054688,26.98373031616211,0.0,0.0,0.0
179.0,36.88945388793945,31389.2421875,3581.070068359375,14774.9287109375,13033.2431640625,3474.658935546875,19.829303741455078,0.0,12845.009765625,0.07016414403915405,16.307205200195312,0.7906349301338196,3.9028401374816895,4.142897129058838,1.614486575126648,2.6226806640625,5.811056137084961,0.000996379996649921,0.3692159950733185,1.257277488708496,0.0,0.0,0.0,0.0,4003.32763671875,194.096435546875,565.2605590820312,2014.9891357421875,674.7493286132812,0.0,776.7288818359375,0.047141075134277344,33.22943878173828,124.47047424316406,0.0,0.0,0.0,265.2292785644531,265.2292785644531,159.65985107421875,163.3327178955078,149.38858032226562,0.0,0.0,0.0,159.65985107421875,163.3327178955078,149.38858032226562,0.0,0.0,0.0,26.871204376220703,27.94551658630371,23.86685562133789,0.0,0.0,0.0
180.0,36.98939514160156,31488.009765625,3581.070068359375,14873.6962890625,13033.2431640625,3474.658935546875,19.386165618896484,0.0,13171.953125,0.07016414403915405,16.385854721069336,0.7982943058013916,3.9028401374816895,4.154487609863281,1.614486575126648,2.6226806640625,5.8130717277526855,0.000996379996649921,0.3692159950733185,1.2573018074035645,0.0,0.0,0.0,0.0,4023.598388671875,196.023681640625,565.542236328125,2015.55322265625,894.0742797851562,0.0,753.0640258789062,0.045698534697294235,33.22943878173828,124.4728775024414,0.0,0.0,0.0,266.7464904785156,266.7464904785156,132.96414184570312,161.47503662109375,146.95355224609375,0.0,0.0,0.0,132.96414184570312,161.47503662109375,146.95355224609375,0.0,0.0,0.0,19.505847930908203,27.84528160095215,23.597747802734375,0.0,0.0,0.0
181.0,37.17025375366211,31620.310546875,3581.070068359375,14923.494140625,13115.74609375,3474.658935546875,18.718156814575195,0.0,13685.8134765625,0.07074807584285736,16.537004470825195,0.8130347728729248,3.9028401374816895,4.1652398109436035,1.614486575126648,2.6226806640625,5.816686153411865,0.000996379996649921,0.3692159950733185,1.2573206424713135,0.0,0.0,0.0,0.0,4082.297607421875,200.7044219970703,567.683837890625,2066.744140625,1105.5643310546875,0.0,800.284912109375,0.0485520213842392,18.718460083007812,108.1195068359375,0.0,0.0,0.0,268.30975341796875,268.30975341796875,119.52237701416016,141.9613494873047,127.015380859375,0.0,0.0,0.0,119.52237701416016,141.9613494873047,127.015380859375,0.0,0.0,0.0,16.242137908935547,22.8055362701416,18.433841705322266,0.0,0.0,0.0
182.0,37.56182098388672,32246.525390625,3581.070068359375,15357.712890625,13307.7421875,3474.658935546875,18.958965301513672,0.0,13779.1982421875,0.0728049948811531,16.87494659423828,0.846277117729187,3.9028401374816895,4.175744533538818,1.614486575126648,2.6226806640625,5.82449197769165,0.000996379996649921,0.3692159950733185,1.2573331594467163,0.0,0.0,0.0,0.0,4145.0087890625,207.871826171875,566.055908203125,2065.517578125,1103.022705078125,0.0,799.2991333007812,0.048466313630342484,17.69928550720215,106.96095275878906,0.0,0.0,0.0,269.89306640625,269.89306640625,119.48441314697266,138.6962432861328,125.64244079589844,0.0,0.0,0.0,119.48441314697266,138.6962432861328,125.64244079589844,0.0,0.0,0.0,15.990224838256836,21.609683990478516,17.79144859313965,0.0,0.0,0.0
183.0,38.33651351928711,32497.779296875,3581.070068359375,15572.546875,13344.162109375,3474.658935546875,19.699338912963867,0.0,13378.99609375,0.07695862650871277,17.543495178222656,0.9122079014778137,3.9028401374816895,4.1963725090026855,1.614486575126648,2.6226806640625,5.839903831481934,0.000996379996649921,0.3692159950733185,1.2573546171188354,0.0,0.0,0.0,0.0,4216.85009765625,219.26327514648438,558.5335083007812,2035.5343017578125,908.9496459960938,0.0,694.9014892578125,0.04209171235561371,11.292937278747559,95.00814819335938,0.0,0.0,0.0,271.4346618652344,271.4346618652344,108.30290222167969,143.31954956054688,127.66407012939453,0.0,0.0,0.0,108.30290222167969,143.31954956054688,127.66407012939453,0.0,0.0,0.0,11.979260444641113,22.221630096435547,17.64240264892578,0.0,0.0,0.0
184.0,38.8088264465332,32567.470703125,3581.070068359375,15642.23828125,13344.162109375,3474.658935546875,19.736146926879883,0.0,13384.7900390625,0.0794973075389862,17.94690704345703,0.9520540833473206,3.9028401374816895,4.213589191436768,1.614486575126648,2.6226806640625,5.849192142486572,0.000996379996649921,0.3692159950733185,1.2573662996292114,0.0,0.0,0.0,0.0,4333.48388671875,229.8842315673828,560.1242065429688,2072.99267578125,563.1636962890625,0.0,862.4608764648438,0.0522080697119236,15.80884838104248,104.81275177001953,0.0,0.0,0.0,272.92938232421875,272.92938232421875,93.41516876220703,147.31304931640625,123.7508773803711,0.0,0.0,0.0,93.41516876220703,147.31304931640625,123.7508773803711,0.0,0.0,0.0,7.587789535522461,23.352920532226562,16.460983276367188,0.0,0.0,0.0
185.0,39.03493118286133,32593.865234375,3581.070068359375,15668.6328125,13344.162109375,3474.658935546875,20.701608657836914,0.0,12791.6494140625,0.080686554312706,18.134361267089844,0.9705983996391296,3.9028401374816895,4.228189945220947,1.614486575126648,2.6226806640625,5.8535051345825195,0.000996379996649921,0.3692159950733185,1.2573713064193726,0.0,0.0,0.0,0.0,4290.88916015625,229.65960693359375,553.6258544921875,2045.5203857421875,397.3083801269531,0.0,721.917236328125,0.043687596917152405,11.0764799118042,91.76020812988281,0.0,0.0,0.0,274.38482666015625,274.38482666015625,127.2908935546875,142.20660400390625,98.38556671142578,0.0,0.0,0.0,127.2908935546875,142.20660400390625,98.38556671142578,0.0,0.0,0.0,16.53097915649414,20.893821716308594,8.07616901397705,0.0,0.0,0.0
186.0,39.13815689086914,32604.115234375,3581.070068359375,15678.8837890625,13344.162109375,3474.658935546875,20.97319793701172,0.0,12637.1904296875,0.08127279579639435,18.2208251953125,0.9790270328521729,3.9028401374816895,4.233959197998047,1.614486575126648,2.6226806640625,5.855480670928955,0.000996379996649921,0.3692159950733185,1.2573723793029785,0.0,0.0,0.0,0.0,4283.1064453125,230.13650512695312,551.3506469726562,2024.215576171875,375.0462646484375,0.0,670.4467163085938,0.04056732729077339,11.0764799118042,90.95081329345703,0.0,0.0,0.0,275.77581787109375,275.77581787109375,130.6300811767578,140.43093872070312,102.35603332519531,0.0,0.0,0.0,130.6300811767578,140.43093872070312,102.35603332519531,0.0,0.0,0.0,17.236101150512695,20.102853775024414,8.965943336486816,0.0,0.0,0.0
187.0,39.31233596801758,32804.88671875,3581.070068359375,15879.6533203125,13344.162109375,3474.658935546875,21.41921615600586,0.0,12458.3076171875,0.08232574164867401,18.36845588684082,0.9935716986656189,3.9028401374816895,4.241549968719482,1.614486575126648,2.6226806640625,5.858839988708496,0.000996379996649921,0.3692159950733185,1.2573727369308472,0.0,0.0,0.0,0.0,4274.43896484375,231.20948791503906,547.007568359375,1949.3538818359375,365.91925048828125,0.0,596.8428344726562,0.036105524748563766,29.48996925354004,120.22496795654297,0.0,0.0,0.0,277.1306457519531,277.1306457519531,144.59378051757812,154.64804077148438,143.1987762451172,0.0,0.0,0.0,144.59378051757812,154.64804077148438,143.1987762451172,0.0,0.0,0.0,20.874462127685547,23.81533432006836,20.4664249420166,0.0,0.0,0.0
188.0,39.78761672973633,33074.12890625,3581.070068359375,16148.8955078125,13344.162109375,3474.658935546875,20.988656997680664,0.0,12808.3515625,0.08522665500640869,18.773916244506836,1.0335283279418945,3.9028401374816895,4.259286880493164,1.614486575126648,2.6226806640625,5.86806583404541,0.000996379996649921,0.3692159950733185,1.257373571395874,0.0,0.0,0.0,0.0,4399.140625,242.17837524414062,550.4351806640625,405.4307861328125,291.9233703613281,0.0,2303.82177734375,0.2889193296432495,32.30376052856445,123.42669677734375,0.0,0.0,0.0,278.48638916015625,278.48638916015625,178.84230041503906,188.1854705810547,165.20127868652344,0.0,0.0,0.0,178.84230041503906,188.1854705810547,165.20127868652344,0.0,0.0,0.0,31.322715759277344,34.05559539794922,27.33271598815918,0.0,0.0,0.0
189.0,40.297855377197266,33189.671875,3581.070068359375,16264.44140625,13344.162109375,3474.658935546875,21.071870803833008,0.0,12804.61328125,0.08835065364837646,19.210058212280273,1.0766264200210571,3.9028401374816895,4.27723503112793,1.614486575126648,2.6226806640625,5.877990245819092,0.000996379996649921,0.3692159950733185,1.2573741674423218,0.0,0.0,0.0,0.0,4454.9716796875,249.67857360839844,546.35546875,405.2720947265625,297.91656494140625,0.0,2243.75244140625,0.2588912546634674,28.138303756713867,118.6871109008789,0.0,0.0,0.0,279.8871154785156,279.8871154785156,169.98292541503906,188.4835968017578,169.62069702148438,0.0,0.0,0.0,169.98292541503906,188.4835968017578,169.62069702148438,0.0,0.0,0.0,28.648136138916016,34.0595817565918,28.54218292236328,0.0,0.0,0.0
190.0,40.58116149902344,33226.234375,3581.070068359375,16301.0009765625,13344.162109375,3474.658935546875,20.821510314941406,0.0,12969.51953125,0.09006411582231522,19.44912338256836,1.1002997159957886,3.9028401374816895,4.2906494140625,1.614486575126648,2.6226806640625,5.883430480957031,0.000996379996649921,0.3692159950733185,1.2573745250701904,0.0,0.0,0.0,0.0,4498.521484375,254.49588012695312,545.2091674804688,402.0635681152344,375.9632568359375,0.0,2234.57861328125,0.2483830451965332,26.627059936523438,116.96758270263672,0.0,0.0,0.0,281.3203125,281.3203125,135.9654998779297,186.27476501464844,166.04873657226562,0.0,0.0,0.0,135.9654998779297,186.27476501464844,166.04873657226562,0.0,0.0,0.0,18.94839859008789,33.663856506347656,27.747745513916016,0.0,0.0,0.0
191.0,40.7113037109375,33243.24609375,3581.070068359375,16318.013671875,13344.162109375,3474.658935546875,20.428369522094727,0.0,13219.8173828125,0.0908067524433136,19.55238151550293,1.110582947731018,3.9028401374816895,4.304153919219971,1.614486575126648,2.6226806640625,5.8857855796813965,0.000996379996649921,0.3692159950733185,1.25737464427948,0.0,0.0,0.0,0.0,4500.79443359375,255.6468963623047,542.6326293945312,1960.418701171875,654.9050903320312,0.0,570.9301147460938,0.034475281834602356,23.224502563476562,113.20940399169922,0.0,0.0,0.0,282.7941589355469,282.7941589355469,138.0249786376953,161.34756469726562,151.2484893798828,0.0,0.0,0.0,138.0249786376953,161.34756469726562,151.2484893798828,0.0,0.0,0.0,19.94393539428711,26.76579475402832,23.811811447143555,0.0,0.0,0.0
192.0,40.79084396362305,33273.45703125,3581.070068359375,16348.224609375,13344.162109375,3474.658935546875,19.94737434387207,0.0,13542.6220703125,0.09124906361103058,19.613555908203125,1.116593599319458,3.9028401374816895,4.314662933349609,1.614486575126648,2.6226806640625,5.8871870040893555,0.000996379996649921,0.3692159950733185,1.25737464427948,0.0,0.0,0.0,0.0,4562.09423828125,259.7185974121094,547.6110229492188,1990.880859375,658.266845703125,0.0,674.1759643554688,0.040705859661102295,27.25271987915039,117.67950439453125,0.0,0.0,0.0,284.3050231933594,284.3050231933594,138.6976776123047,156.08908081054688,138.47647094726562,0.0,0.0,0.0,138.6976776123047,156.08908081054688,138.47647094726562,0.0,0.0,0.0,20.6216983795166,25.708681106567383,20.55699348449707,0.0,0.0,0.0
193.0,40.85884475708008,33365.41796875,3581.070068359375,16362.337890625,13422.0087890625,3474.658935546875,19.231502532958984,0.0,14070.9365234375,0.09166524559259415,19.67049789428711,1.1221346855163574,3.9028401374816895,4.318451881408691,1.614486575126648,2.6226806640625,5.888502597808838,0.000996379996649921,0.3692159950733185,1.2573747634887695,0.0,0.0,0.0,0.0,4578.119140625,261.16607666015625,547.4029541015625,2023.201416015625,1075.8641357421875,0.0,608.0263061523438,0.0367085225880146,11.0764799118042,87.13607025146484,0.0,0.0,0.0,285.8572692871094,285.8572692871094,110.69253540039062,133.32493591308594,97.4594497680664,0.0,0.0,0.0,110.69253540039062,133.32493591308594,97.4594497680664,0.0,0.0,0.0,13.146064758300781,19.766042709350586,9.275386810302734,0.0,0.0,0.0
194.0,41.14870071411133,33938.90234375,3581.070068359375,16741.91015625,13615.919921875,3954.83935546875,19.42869758605957,0.0,14166.9287109375,0.09352998435497284,19.924375534057617,1.1473171710968018,3.9028401374816895,4.321490287780762,1.614486575126648,2.6226806640625,5.894392013549805,0.000996379996649921,0.3692159950733185,1.2573747634887695,0.0,0.0,0.0,0.0,4627.50341796875,266.4682922363281,546.62451171875,2021.96826171875,1074.80859375,0.0,619.4991455078125,0.03738616406917572,11.0764799118042,87.13607025146484,0.0,0.0,0.0,287.4227294921875,287.4227294921875,122.60941314697266,133.2738037109375,118.44861602783203,0.0,0.0,0.0,122.60941314697266,133.2738037109375,118.44861602783203,0.0,0.0,0.0,16.43455696105957,19.553890228271484,15.217522621154785,0.0,0.0,0.0
195.0,41.81182098388672,34164.1640625,3581.070068359375,16930.44140625,13652.654296875,3954.83935546875,20.164836883544922,0.0,13755.4560546875,0.09780050069093704,20.50569725036621,1.2051335573196411,3.9028401374816895,4.3277130126953125,1.614486575126648,2.6226806640625,5.9078803062438965,0.000996379996649921,0.3692159950733185,1.2573747634887695,0.0,0.0,0.0,0.0,4661.52685546875,273.9610595703125,538.171630859375,1983.8016357421875,885.2355346679688,0.0,535.947998046875,0.03231425583362579,10.866583824157715,86.8972396850586,0.0,0.0,0.0,288.94512939453125,288.94512939453125,121.56043243408203,137.69161987304688,116.06761932373047,0.0,0.0,0.0,121.56043243408203,137.69161987304688,116.06761932373047,0.0,0.0,0.0,15.39159107208252,20.109960556030273,13.784941673278809,0.0,0.0,0.0
196.0,42.22047805786133,34223.81640625,3581.070068359375,16990.09375,13652.654296875,3954.83935546875,20.19435691833496,0.0,13761.3974609375,0.10043028742074966,20.8636474609375,1.2407482862472534,3.9028401374816895,4.331869602203369,1.614486575126648,2.6226806640625,5.916186332702637,0.000996379996649921,0.3692159950733185,1.2573747634887695,0.0,0.0,0.0,0.0,4778.76171875,284.19000244140625,541.716552734375,2023.631103515625,549.5681762695312,0.0,702.8461303710938,0.04235323145985603,11.0764799118042,87.13607025146484,0.0,0.0,0.0,290.4190368652344,290.4190368652344,124.93138885498047,141.6063232421875,126.1202621459961,0.0,0.0,0.0,124.93138885498047,141.6063232421875,126.1202621459961,0.0,0.0,0.0,16.348072052001953,21.22549057006836,16.695817947387695,0.0,0.0,0.0
197.0,42.41300582885742,34243.5703125,3581.070068359375,17009.84765625,13652.654296875,3954.83935546875,21.17827796936035,0.0,13151.5576171875,0.1016598716378212,21.030996322631836,1.2574173212051392,3.9028401374816895,4.335268497467041,1.614486575126648,2.6226806640625,5.920069694519043,0.000996379996649921,0.3692159950733185,1.2573747634887695,0.0,0.0,0.0,0.0,4712.4765625,281.753173828125,533.0301513671875,1985.1436767578125,387.07818603515625,0.0,571.0930786132812,0.03440476581454277,10.110713958740234,86.03717803955078,0.0,0.0,0.0,291.8551025390625,291.8551025390625,124.46571350097656,135.7488555908203,117.48261260986328,0.0,0.0,0.0,124.46571350097656,135.7488555908203,117.48261260986328,0.0,0.0,0.0,15.22794246673584,18.528261184692383,13.185384750366211,0.0,0.0,0.0
198.0,42.49576187133789,34250.31640625,3581.070068359375,17016.59375,13652.654296875,3954.83935546875,21.453813552856445,0.0,12992.73046875,0.10218892246484756,21.102807998657227,1.264547348022461,3.9028401374816895,4.336884498596191,1.614486575126648,2.6226806640625,5.921738147735596,0.000996379996649921,0.3692159950733185,1.2573747634887695,0.0,0.0,0.0,0.0,4693.01416015625,281.2203369140625,530.0592651367188,1963.2708740234375,365.1148376464844,0.0,534.2060546875,0.032178908586502075,7.927807807922363,83.5533676147461,0.0,0.0,0.0,293.2306213378906,293.2306213378906,86.21922302246094,133.21908569335938,119.15740966796875,0.0,0.0,0.0,86.21922302246094,133.21908569335938,119.15740966796875,0.0,0.0,0.0,3.765310764312744,17.512771606445312,13.39972972869873,0.0,0.0,0.0
199.0,42.634334564208984,34410.28125,3581.070068359375,17176.556640625,13652.654296875,3954.83935546875,21.877914428710938,0.0,12808.8046875,0.10307375341653824,21.222675323486328,1.2764936685562134,3.9028401374816895,4.339972496032715,1.614486575126648,2.6226806640625,5.924524784088135,0.000996379996649921,0.3692159950733185,1.2573747634887695,0.0,0.0,0.0,0.0,4670.826171875,280.9391174316406,526.0263671875,1932.91259765625,356.12835693359375,0.0,481.44305419921875,0.028995169326663017,4.834330081939697,80.03346252441406,0.0,0.0,0.0,294.5688171386719,294.5688171386719,128.90484619140625,140.28794860839844,83.61426544189453,0.0,0.0,0.0,128.90484619140625,140.28794860839844,83.61426544189453,0.0,0.0,0.0,15.82675552368164,19.156312942504883,2.5792579650878906,0.0,0.0,0.0
200.0,43.030029296875,34651.49609375,3581.070068359375,17417.771484375,13652.654296875,3954.83935546875,21.411819458007812,0.0,13168.685546875,0.10560879856348038,21.566152572631836,1.310673713684082,3.9028401374816895,4.347490310668945,1.614486575126648,2.6226806640625,5.9325079917907715,0.000996379996649921,0.3692159950733185,1.2573747634887695,0.0,0.0,0.0,0.0,4796.46240234375,291.5029602050781,530.5271606445312,484.1638488769531,284.6457824707031,0.0,2052.53759765625,0.23153430223464966,22.1529598236084,112.03208923339844,0.0,0.0,0.0,295.8926086425781,295.8926086425781,158.87738037109375,186.19158935546875,155.04063415527344,0.0,0.0,0.0,158.87738037109375,186.19158935546875,155.04063415527344,0.0,0.0,0.0,25.059814453125,33.04922103881836,23.937564849853516,0.0,0.0,0.0
201.0,43.482688903808594,34757.0390625,3581.070068359375,17523.31640625,13652.654296875,3954.83935546875,21.486957550048828,0.0,13164.8291015625,0.1085115373134613,21.959449768066406,1.349867820739746,3.9028401374816895,4.355618000030518,1.614486575126648,2.6226806640625,5.941648483276367,0.000996379996649921,0.3692159950733185,1.2573747634887695,0.0,0.0,0.0,0.0,4836.92431640625,297.33026123046875,527.0316162109375,674.37353515625,290.5303955078125,0.0,1809.8140869140625,0.10887095332145691,22.1529598236084,112.03208923339844,0.0,0.0,0.0,297.2532043457031,297.2532043457031,94.10623931884766,184.2736053466797,154.56597900390625,0.0,0.0,0.0,94.10623931884766,184.2736053466797,154.56597900390625,0.0,0.0,0.0,6.039118766784668,32.4130744934082,23.723590850830078,0.0,0.0,0.0
202.0,43.73723220825195,34790.43359375,3581.070068359375,17556.7109375,13652.654296875,3954.83935546875,21.228199005126953,0.0,13334.3623046875,0.1101447343826294,22.180736541748047,1.3719252347946167,3.9028401374816895,4.360039710998535,1.614486575126648,2.6226806640625,5.946791648864746,0.000996379996649921,0.3692159950733185,1.2573747634887695,0.0,0.0,0.0,0.0,4877.88623046875,301.70751953125,526.5357055664062,528.1408081054688,366.81951904296875,0.0,1947.617431640625,0.20717176795005798,22.1529598236084,112.03208923339844,0.0,0.0,0.0,298.6464538574219,298.6464538574219,163.53146362304688,185.29429626464844,159.4574737548828,0.0,0.0,0.0,163.53146362304688,185.29429626464844,159.4574737548828,0.0,0.0,0.0,26.604753494262695,32.97038269042969,25.41311264038086,0.0,0.0,0.0
203.0,43.85299301147461,35033.30078125,3813.3701171875,17567.27734375,13652.654296875,3954.83935546875,20.961441040039062,1.093977689743042,13591.68359375,0.11088879406452179,22.281158447265625,1.3819422721862793,3.9028401374816895,4.362272262573242,1.614486575126648,2.6226806640625,5.9491353034973145,0.000996379996649921,0.3692159950733185,1.2573747634887695,0.0,0.0,0.0,0.0,4880.19384765625,302.683837890625,524.8650512695312,1886.4931640625,639.1826171875,0.0,487.35516357421875,0.029302455484867096,22.1529598236084,112.03208923339844,0.0,0.0,0.0,300.0835266113281,300.0835266113281,151.40274047851562,165.57969665527344,148.82962036132812,0.0,0.0,0.0,151.40274047851562,165.57969665527344,148.82962036132812,0.0,0.0,0.0,22.229881286621094,26.37664031982422,21.477245330810547,0.0,0.0,0.0
204.0,43.93217849731445,35084.0078125,3813.3701171875,17617.982421875,13652.654296875,3954.83935546875,20.498268127441406,0.333865761756897,13910.3876953125,0.11138680577278137,22.347997665405273,1.3886436223983765,3.9028401374816895,4.3658528327941895,1.614486575126648,2.6226806640625,5.950704574584961,0.000996379996649921,0.3692159950733185,1.2573747634887695,0.0,0.0,0.0,0.0,4949.3525390625,307.5392761230469,529.26416015625,1939.4150390625,642.6878662109375,0.0,565.7011108398438,0.034009430557489395,22.1529598236084,112.03208923339844,0.0,0.0,0.0,301.56536865234375,301.56536865234375,136.61683654785156,154.6465606689453,134.1725616455078,0.0,0.0,0.0,136.61683654785156,154.6465606689453,134.1725616455078,0.0,0.0,0.0,19.12828826904297,24.4019832611084,18.413339614868164,0.0,0.0,0.0
205.0,44.034141540527344,35184.55859375,3813.3701171875,17644.9765625,13726.2099609375,3954.83935546875,19.763734817504883,0.0,14453.0224609375,0.11204306036233902,22.43557357788086,1.3973827362060547,3.9028401374816895,4.368775844573975,1.614486575126648,2.6226806640625,5.9527740478515625,0.000996379996649921,0.3692159950733185,1.2573747634887695,0.0,0.0,0.0,0.0,4976.09912109375,309.9325866699219,529.7044067382812,1963.9739990234375,1050.8095703125,0.0,513.7220458984375,0.030880145728588104,6.246523857116699,81.64031982421875,0.0,0.0,0.0,303.09185791015625,303.09185791015625,83.67601013183594,123.67414093017578,91.52287292480469,0.0,0.0,0.0,83.67601013183594,123.67414093017578,91.52287292480469,0.0,0.0,0.0,4.7114996910095215,16.410951614379883,7.006705284118652,0.0,0.0,0.0
206.0,44.34360122680664,35754.97265625,3813.3701171875,18019.822265625,13921.7822265625,3954.83935546875,19.946956634521484,0.0,14551.609375,0.11407946050167084,22.706546783447266,1.424519658088684,3.9028401374816895,4.3716654777526855,1.614486575126648,2.6226806640625,5.959195613861084,0.000996379996649921,0.3692159950733185,1.2573747634887695,0.0,0.0,0.0,0.0,5025.798828125,315.29888916015625,529.0817260742188,1966.2032470703125,1049.775146484375,0.0,523.0978393554688,0.03143002465367317,6.179981708526611,81.56460571289062,0.0,0.0,0.0,304.6261291503906,304.6261291503906,98.2829360961914,128.6969451904297,118.78682708740234,0.0,0.0,0.0,98.2829360961914,128.6969451904297,118.78682708740234,0.0,0.0,0.0,8.800802230834961,17.6968994140625,14.79819107055664,0.0,0.0,0.0
207.0,45.003509521484375,35977.234375,3813.3701171875,18205.0859375,13958.779296875,3954.83935546875,20.69457244873047,0.0,14128.9453125,0.1184251680970192,23.284713745117188,1.482560157775879,3.9028401374816895,4.377316474914551,1.614486575126648,2.6226806640625,5.972899913787842,0.000996379996649921,0.3692159950733185,1.2573747634887695,0.0,0.0,0.0,0.0,5047.978515625,321.40966796875,521.4548950195312,1919.3211669921875,865.029052734375,0.0,459.0353088378906,0.02755526266992092,0.9048544764518738,75.68224334716797,0.0,0.0,0.0,306.1170959472656,306.1170959472656,122.45956420898438,137.43515014648438,124.88613891601562,0.0,0.0,0.0,122.45956420898438,137.43515014648438,124.88613891601562,0.0,0.0,0.0,15.124849319458008,19.50520896911621,15.834623336791992,0.0,0.0,0.0
208.0,45.40770721435547,36035.85546875,3813.3701171875,18263.705078125,13958.779296875,3954.83935546875,20.72233009338379,0.0,14135.033203125,0.1210874691605568,23.63888931274414,1.518122911453247,3.9028401374816895,4.380715370178223,1.614486575126648,2.6226806640625,5.981295585632324,0.000996379996649921,0.3692159950733185,1.2573747634887695,0.0,0.0,0.0,0.0,5158.43994140625,331.28228759765625,524.4435424804688,1978.793701171875,536.6962890625,0.0,595.68505859375,0.035737838596105576,6.353756904602051,81.76233673095703,0.0,0.0,0.0,307.56793212890625,307.56793212890625,126.08272552490234,141.55447387695312,127.0897445678711,0.0,0.0,0.0,126.08272552490234,141.55447387695312,127.0897445678711,0.0,0.0,0.0,16.15686798095703,20.682353973388672,16.451419830322266,0.0,0.0,0.0
209.0,45.59749221801758,36054.60546875,3813.3701171875,18282.453125,13958.779296875,3954.83935546875,21.731672286987305,0.0,13508.623046875,0.1223440021276474,23.805519104003906,1.5348502397537231,3.9028401374816895,4.381939888000488,1.614486575126648,2.6226806640625,5.985244274139404,0.000996379996649921,0.3692159950733185,1.2573747634887695,0.0,0.0,0.0,0.0,5084.69091796875,327.8332214355469,516.2811279296875,1917.4173583984375,378.1990966796875,0.0,490.9970703125,0.02944929711520672,0.0,74.68805694580078,0.0,0.0,0.0,308.9877624511719,308.9877624511719,120.72530364990234,135.39605712890625,122.35215759277344,0.0,0.0,0.0,120.72530364990234,135.39605712890625,122.35215759277344,0.0,0.0,0.0,13.58047866821289,17.871675491333008,14.056333541870117,0.0,0.0,0.0
210.0,45.780128479003906,36212.47265625,3813.3701171875,18440.322265625,13958.779296875,3954.83935546875,22.106645584106445,0.0,13345.470703125,0.12355142086744308,23.965076446533203,1.550925374031067,3.9028401374816895,4.383955955505371,1.614486575126648,2.6226806640625,5.989026069641113,0.000996379996649921,0.3692159950733185,1.2573747634887695,0.0,0.0,0.0,0.0,5073.28076171875,328.32275390625,512.9559936523438,1885.1781005859375,356.5349426269531,0.0,447.8867492675781,0.02685682103037834,0.0,74.68805694580078,0.0,0.0,0.0,310.3539123535156,310.3539123535156,86.67891693115234,122.45380401611328,113.61420440673828,0.0,0.0,0.0,86.67891693115234,122.45380401611328,113.61420440673828,0.0,0.0,0.0,3.2469375133514404,13.711091995239258,11.125509262084961,0.0,0.0,0.0
211.0,46.09461212158203,36322.92578125,3813.3701171875,18550.775390625,13958.779296875,3954.83935546875,22.507556915283203,0.0,13156.5419921875,0.12560372054576874,24.236175537109375,1.5783342123031616,3.9028401374816895,4.391452789306641,1.614486575126648,2.6226806640625,5.995452880859375,0.000996379996649921,0.3692159950733185,1.2573747634887695,0.0,0.0,0.0,0.0,5066.0625,329.9175720214844,508.31884765625,1839.9254150390625,347.427978515625,0.0,389.5945739746094,0.02335144206881523,0.0,69.01321411132812,0.0,0.0,0.0,311.685791015625,311.685791015625,117.8004150390625,133.43096923828125,98.6213607788086,0.0,0.0,0.0,117.8004150390625,133.43096923828125,98.6213607788086,0.0,0.0,0.0,11.949065208435059,16.520999908447266,6.339191436767578,0.0,0.0,0.0
212.0,46.32817459106445,36365.30859375,3813.3701171875,18593.158203125,13958.779296875,3954.83935546875,21.899505615234375,0.049976736307144165,13526.171875,0.12711822986602783,24.436229705810547,1.598461627960205,3.9028401374816895,4.398576259613037,1.614486575126648,2.6226806640625,6.000195026397705,0.000996379996649921,0.3692159950733185,1.2573747634887695,0.0,0.0,0.0,0.0,5176.67431640625,338.6249084472656,513.5694580078125,1856.04736328125,278.0340881347656,0.0,500.7751770019531,0.030005864799022675,22.1529598236084,112.03208923339844,0.0,0.0,0.0,313.00396728515625,313.00396728515625,148.7457275390625,162.64590454101562,132.25750732421875,0.0,0.0,0.0,148.7457275390625,162.64590454101562,132.25750732421875,0.0,0.0,0.0,21.558645248413086,25.62444305419922,16.73583984375,0.0,0.0,0.0
213.0,46.446773529052734,36378.71484375,3813.3701171875,18606.56640625,13958.779296875,3954.83935546875,21.917598724365234,0.0,13522.1962890625,0.12788432836532593,24.53742218017578,1.608620524406433,3.9028401374816895,4.402659893035889,1.614486575126648,2.6226806640625,6.002593994140625,0.000996379996649921,0.3692159950733185,1.2573747634887695,0.0,0.0,0.0,0.0,5184.91455078125,339.9118347167969,512.6353149414062,1521.9752197265625,284.7793884277344,0.0,815.4692993164062,0.04885413870215416,22.1529598236084,112.03208923339844,0.0,0.0,0.0,314.3474426269531,314.3474426269531,95.74568939208984,172.48831176757812,150.18658447265625,0.0,0.0,0.0,95.74568939208984,172.48831176757812,150.18658447265625,0.0,0.0,0.0,6.088016033172607,28.535232543945312,22.011978149414062,0.0,0.0,0.0
214.0,46.498443603515625,36382.9609375,3813.3701171875,18610.810546875,13958.779296875,3954.83935546875,21.63499641418457,0.14387455582618713,13696.3193359375,0.1282171905040741,24.58138656616211,1.6130305528640747,3.9028401374816895,4.404578685760498,1.614486575126648,2.6226806640625,6.003635883331299,0.000996379996649921,0.3692159950733185,1.2573747634887695,0.0,0.0,0.0,0.0,5208.4931640625,341.7813415527344,513.6439819335938,1543.271728515625,360.3122253417969,0.0,808.0910034179688,0.048408739268779755,22.1529598236084,112.03208923339844,0.0,0.0,0.0,315.7252502441406,315.7252502441406,137.2520294189453,173.31446838378906,163.12149047851562,0.0,0.0,0.0,137.2520294189453,173.31446838378906,163.12149047851562,0.0,0.0,0.0,18.367347717285156,28.915613174438477,25.93416404724121,0.0,0.0,0.0
215.0,46.51926803588867,36384.30078125,3813.3701171875,18612.15234375,13958.779296875,3954.83935546875,21.215299606323242,0.0,13960.615234375,0.1283552646636963,24.599468231201172,1.6148386001586914,3.9028401374816895,4.404940128326416,1.614486575126648,2.6226806640625,6.004068374633789,0.000996379996649921,0.3692159950733185,1.2573747634887695,0.0,0.0,0.0,0.0,5206.80517578125,341.80206298828125,513.0729370117188,653.7498779296875,628.7769775390625,0.0,1607.93408203125,0.09632056951522827,22.1529598236084,112.03208923339844,0.0,0.0,0.0,317.15423583984375,317.15423583984375,146.51129150390625,179.8697052001953,144.0196990966797,0.0,0.0,0.0,146.51129150390625,179.8697052001953,144.0196990966797,0.0,0.0,0.0,21.639251708984375,31.396587371826172,20.91046142578125,0.0,0.0,0.0
216.0,46.67168045043945,36599.15625,3813.3701171875,18827.005859375,13958.779296875,3954.83935546875,20.8575439453125,0.0,14275.212890625,0.12937384843826294,24.732194900512695,1.6282382011413574,3.9028401374816895,4.407017707824707,1.614486575126648,2.6226806640625,6.007260799407959,0.000996379996649921,0.3692159950733185,1.2573747634887695,0.0,0.0,0.0,0.0,5282.92236328125,347.7999572753906,516.6451416015625,1931.8743896484375,631.574951171875,0.0,511.3169250488281,0.030622966587543488,0.0,74.68805694580078,0.0,0.0,0.0,318.6299743652344,318.6299743652344,116.94959259033203,138.51220703125,119.3901138305664,0.0,0.0,0.0,116.94959259033203,138.51220703125,119.3901138305664,0.0,0.0,0.0,13.350210189819336,19.657276153564453,14.06406307220459,0.0,0.0,0.0
217.0,47.04587936401367,36778.89453125,3813.3701171875,18936.23046875,14029.2939453125,3954.83935546875,20.150283813476562,0.0,14832.0625,0.13188816606998444,25.05925178527832,1.6612259149551392,3.9028401374816895,4.4107770919799805,1.614486575126648,2.6226806640625,6.015141487121582,0.000996379996649921,0.3692159950733185,1.2573747634887695,0.0,0.0,0.0,0.0,5345.59765625,354.36993408203125,516.12451171875,1899.1011962890625,1031.2679443359375,0.0,449.2481689453125,0.026891285553574562,0.0,74.68805694580078,0.0,0.0,0.0,320.14031982421875,320.14031982421875,69.15304565429688,114.61114501953125,80.77408599853516,0.0,0.0,0.0,69.15304565429688,114.61114501953125,80.77408599853516,0.0,0.0,0.0,0.07698260992765427,13.373475074768066,3.476135015487671,0.0,0.0,0.0
218.0,47.62230682373047,37515.421875,3813.3701171875,19476.435546875,14225.6181640625,3954.83935546875,20.413179397583008,0.0,14933.22265625,0.13562457263469696,25.544647216796875,1.7099971771240234,3.926713705062866,4.4137187004089355,1.614486575126648,2.6226806640625,6.026852130889893,0.000996379996649921,0.3692159950733185,1.2573747634887695,0.0,0.0,0.0,0.0,5419.14404296875,362.7656555175781,517.3263549804688,1887.923583984375,1028.56005859375,0.0,447.6241455078125,0.026772866025567055,0.0,73.6767578125,0.0,0.0,0.0,321.6572265625,321.6572265625,113.57186126708984,133.17457580566406,116.28176879882812,0.0,0.0,0.0,113.57186126708984,133.17457580566406,116.28176879882812,0.0,0.0,0.0,12.806591987609863,18.540386199951172,13.599239349365234,0.0,0.0,0.0
219.0,48.62571334838867,37874.46484375,3813.3701171875,19798.3984375,14262.697265625,3954.83935546875,21.2493896484375,0.0,14499.46484375,0.14170505106449127,26.334461212158203,1.7891067266464233,4.031670570373535,4.418104648590088,1.614486575126648,2.6226806640625,6.045909881591797,0.000996379996649921,0.3692159950733185,1.2573747634887695,0.0,0.0,0.0,0.0,5454.85595703125,370.5911865234375,521.8449096679688,1809.2647705078125,846.41162109375,0.0,377.60223388671875,0.022555779665708542,0.0,62.800899505615234,0.0,0.0,0.0,323.1402587890625,323.1402587890625,127.45267486572266,136.53286743164062,119.73042297363281,0.0,0.0,0.0,127.45267486572266,136.53286743164062,119.73042297363281,0.0,0.0,0.0,16.030517578125,18.686473846435547,13.771757125854492,0.0,0.0,0.0
220.0,49.349876403808594,38009.49609375,3813.3701171875,19933.4296875,14262.697265625,3954.83935546875,21.318939208984375,0.0,14505.6953125,0.14551524817943573,26.82931137084961,1.8390854597091675,4.192399024963379,4.420959949493408,1.614486575126648,2.6226806640625,6.057852268218994,0.000996379996649921,0.3692159950733185,1.2573747634887695,0.0,0.0,0.0,0.0,5568.9609375,381.739013671875,543.1286010742188,1865.134033203125,523.936279296875,0.0,489.30010986328125,0.029204467311501503,0.0,73.91645050048828,0.0,0.0,0.0,324.5865173339844,324.5865173339844,128.78143310546875,141.36349487304688,128.58448791503906,0.0,0.0,0.0,128.78143310546875,141.36349487304688,128.58448791503906,0.0,0.0,0.0,16.349628448486328,20.029882431030273,16.292022705078125,0.0,0.0,0.0
221.0,49.768890380859375,38185.12890625,3813.3701171875,20109.0625,14262.697265625,3954.83935546875,22.44993782043457,0.0,13862.837890625,0.14693869650363922,27.014163970947266,1.857593297958374,4.4006571769714355,4.422471046447754,1.614486575126648,2.6226806640625,6.062313079833984,0.000996379996649921,0.3692159950733185,1.2573747634887695,0.0,0.0,0.0,0.0,5482.9609375,377.028564453125,559.8193969726562,1771.387939453125,369.09002685546875,0.0,389.1600341796875,0.023220516741275787,0.0,62.24005126953125,0.0,0.0,0.0,326.0060729980469,326.0060729980469,119.79312133789062,135.05181884765625,129.1866455078125,0.0,0.0,0.0,119.79312133789062,135.05181884765625,129.1866455078125,0.0,0.0,0.0,12.589550018310547,17.052719116210938,15.337154388427734,0.0,0.0,0.0
222.0,50.242740631103516,38322.46484375,3813.3701171875,20246.396484375,14262.697265625,3954.83935546875,22.819734573364258,0.0,13695.40234375,0.1483108103275299,27.19223403930664,1.8761708736419678,4.668193340301514,4.426464557647705,1.614486575126648,2.6226806640625,6.066612243652344,0.000996379996649921,0.3692159950733185,1.2573747634887695,0.0,0.0,0.0,0.0,5462.9208984375,376.9228210449219,588.0842895507812,1716.988037109375,347.7349853515625,0.0,346.6715087890625,0.02067931368947029,0.0,58.21630859375,0.0,0.0,0.0,327.37554931640625,327.37554931640625,90.05305480957031,124.5215835571289,112.7391128540039,0.0,0.0,0.0,90.05305480957031,124.5215835571289,112.7391128540039,0.0,0.0,0.0,3.520784378051758,13.602828025817871,10.156455039978027,0.0,0.0,0.0
223.0,50.542022705078125,38370.87890625,3813.3701171875,20294.8125,14262.697265625,3954.83935546875,23.192493438720703,0.0,13501.5,0.1491008698940277,27.294740676879883,1.8869593143463135,4.842492580413818,4.434886455535889,1.614486575126648,2.6226806640625,6.069087505340576,0.000996379996649921,0.3692159950733185,1.2573747634887695,0.0,0.0,0.0,0.0,5430.3203125,375.4127502441406,604.8321533203125,1661.7535400390625,339.3429260253906,0.0,301.66339111328125,0.01799154281616211,0.0,52.27133560180664,0.0,0.0,0.0,328.71160888671875,328.71160888671875,112.7836685180664,120.3620376586914,125.1739273071289,0.0,0.0,0.0,112.7836685180664,120.3620376586914,125.1739273071289,0.0,0.0,0.0,9.79672908782959,12.013402938842773,13.420879364013672,0.0,0.0,0.0
224.0,50.691978454589844,38388.2734375,3813.3701171875,20312.205078125,14262.697265625,3954.83935546875,22.549150466918945,0.0,13880.8095703125,0.14947378635406494,27.343128204345703,1.8920031785964966,4.931264877319336,4.441097736358643,1.614486575126648,2.6226806640625,6.070255756378174,0.000996379996649921,0.3692159950733185,1.2573747634887695,0.0,0.0,0.0,0.0,5521.22802734375,382.04046630859375,622.23974609375,1757.1456298828125,271.68695068359375,0.0,401.9859924316406,0.023973004892468452,0.0,63.43929672241211,0.0,0.0,0.0,330.0310974121094,330.0310974121094,129.18067932128906,139.74606323242188,126.87895202636719,0.0,0.0,0.0,129.18067932128906,139.74606323242188,126.87895202636719,0.0,0.0,0.0,15.236196517944336,18.32657241821289,14.562941551208496,0.0,0.0,0.0
225.0,50.75776672363281,38393.77734375,3813.3701171875,20317.708984375,14262.697265625,3954.83935546875,22.562623977661133,0.0,13876.7158203125,0.1496305763721466,27.36347007751465,1.8941078186035156,4.970640659332275,4.444417476654053,1.614486575126648,2.6226806640625,6.070746421813965,0.000996379996649921,0.3692159950733185,1.2573747634887695,0.0,0.0,0.0,0.0,5519.431640625,382.0567321777344,626.4893188476562,1683.8837890625,278.4736328125,0.0,404.0660705566406,0.024096252396702766,16.112375259399414,105.15882873535156,0.0,0.0,0.0,331.36724853515625,331.36724853515625,151.70140075683594,167.9178009033203,134.48818969726562,0.0,0.0,0.0,151.70140075683594,167.9178009033203,134.48818969726562,0.0,0.0,0.0,21.810033798217773,26.553333282470703,16.775169372558594,0.0,0.0,0.0
226.0,50.78438949584961,38395.51953125,3813.3701171875,20319.451171875,14262.697265625,3954.83935546875,22.269716262817383,0.0,14055.390625,0.14967496693134308,27.369232177734375,1.8946990966796875,4.989344596862793,4.445798397064209,1.614486575126648,2.6226806640625,6.07088565826416,0.000996379996649921,0.3692159950733185,1.2573747634887695,0.0,0.0,0.0,0.0,5540.3232421875,383.5418395996094,630.3442993164062,1681.021240234375,352.4585876464844,0.0,412.793212890625,0.024616457521915436,22.1529598236084,112.03208923339844,0.0,0.0,0.0,332.7233581542969,332.7233581542969,147.147216796875,161.627197265625,140.11013793945312,0.0,0.0,0.0,147.147216796875,161.627197265625,140.11013793945312,0.0,0.0,0.0,20.770841598510742,25.006237030029297,18.71249771118164,0.0,0.0,0.0
227.0,50.80801010131836,38433.484375,3813.3701171875,20357.41796875,14262.697265625,3954.83935546875,21.85797119140625,0.18134768307209015,14326.5966796875,0.1496816873550415,27.37010383605957,1.894788384437561,5.009985446929932,4.446821212768555,1.614486575126648,2.6226806640625,6.0718770027160645,0.000996379996649921,0.3692159950733185,1.2573747634887695,0.0,0.0,0.0,0.0,5542.19970703125,383.6776123046875,632.8583984375,1653.2283935546875,615.49267578125,0.0,354.30517578125,0.02112717740237713,22.1529598236084,112.03208923339844,0.0,0.0,0.0,334.1258850097656,334.1258850097656,151.318359375,156.8076171875,145.58131408691406,0.0,0.0,0.0,151.318359375,156.8076171875,145.58131408691406,0.0,0.0,0.0,22.22130012512207,23.8269100189209,20.543214797973633,0.0,0.0,0.0
228.0,50.901058197021484,38471.01953125,3813.3701171875,20394.951171875,14262.697265625,3954.83935546875,21.402122497558594,0.0,14637.115234375,0.14970266819000244,27.372825622558594,1.895072340965271,5.089596748352051,4.450979709625244,1.614486575126648,2.6226806640625,6.078125953674316,0.000996379996649921,0.3692159950733185,1.2573747634887695,0.0,0.0,0.0,0.0,5599.83154296875,387.6868591308594,647.3347778320312,1781.34912109375,618.4653930664062,0.0,421.8705749511719,0.025145528838038445,0.0,67.11882781982422,0.0,0.0,0.0,335.570556640625,335.570556640625,122.07447052001953,137.8544158935547,117.73975372314453,0.0,0.0,0.0,122.07447052001953,137.8544158935547,117.73975372314453,0.0,0.0,0.0,14.304659843444824,18.9202938079834,13.03675651550293,0.0,0.0,0.0
229.0,50.972312927246094,38551.20703125,3813.3701171875,20407.75,14330.087890625,3954.83935546875,20.61736488342285,0.0,15208.07421875,0.14971551299095154,27.374492645263672,1.8952465057373047,5.143975257873535,4.4539031982421875,1.614486575126648,2.6226806640625,6.090228080749512,0.000996379996649921,0.3692159950733185,1.2573747634887695,0.0,0.0,0.0,0.0,5632.4580078125,389.9577941894531,656.5836181640625,1766.41162109375,1013.2735595703125,0.0,384.17523193359375,0.02288014627993107,0.0,63.90528869628906,0.0,0.0,0.0,337.050537109375,337.050537109375,102.05277252197266,113.55906677246094,80.122314453125,0.0,0.0,0.0,102.05277252197266,113.55906677246094,80.122314453125,0.0,0.0,0.0,9.233071327209473,12.598661422729492,2.818410634994507,0.0,0.0,0.0
230.0,51.01471710205078,38761.64453125,3813.3701171875,20421.20703125,14527.06640625,3954.83935546875,20.587831497192383,0.0,15311.77734375,0.14972004294395447,27.375080108642578,1.895307183265686,5.173615455627441,4.455026149749756,1.614486575126648,2.6226806640625,6.1012139320373535,0.000996379996649921,0.3692159950733185,1.2573747634887695,0.0,0.0,0.0,0.0,5650.66015625,391.22210693359375,661.7406616210938,1782.7314453125,1014.8067626953125,0.0,407.2534484863281,0.02423674799501896,0.0,66.71553039550781,0.0,0.0,0.0,338.5366516113281,338.5366516113281,119.04671478271484,130.09251403808594,123.31996154785156,0.0,0.0,0.0,119.04671478271484,130.09251403808594,123.31996154785156,0.0,0.0,0.0,14.233331680297852,17.46422576904297,15.483255386352539,0.0,0.0,0.0
231.0,51.05712127685547,38834.16796875,3813.3701171875,20456.591796875,14564.2060546875,3954.83935546875,21.268224716186523,0.0,14867.00390625,0.1497219204902649,27.375324249267578,1.8953295946121216,5.20910120010376,4.455513954162598,1.614486575126648,2.6226806640625,6.107378005981445,0.000996379996649921,0.3692159950733185,1.2573747634887695,0.0,0.0,0.0,0.0,5596.37841796875,387.4650573730469,661.3953247070312,1750.4593505859375,840.8080444335938,0.0,374.9753112792969,0.022306455299258232,0.0,62.60167694091797,0.0,0.0,0.0,339.9952697753906,339.9952697753906,114.76991271972656,136.91192626953125,111.39674377441406,0.0,0.0,0.0,114.76991271972656,136.91192626953125,111.39674377441406,0.0,0.0,0.0,12.30197525024414,18.77851104736328,11.315321922302246,0.0,0.0,0.0
232.0,51.14133834838867,38861.90625,3813.3701171875,20484.33203125,14564.2060546875,3954.83935546875,21.277099609375,0.0,14873.384765625,0.14972399175167084,27.375593185424805,1.8953561782836914,5.284655570983887,4.4564900398254395,1.614486575126648,2.6226806640625,6.1147661209106445,0.000996379996649921,0.3692159950733185,1.2573747634887695,0.0,0.0,0.0,0.0,5656.6064453125,391.6365966796875,675.9685668945312,1839.25146484375,522.5801391601562,0.0,516.2155151367188,0.030693255364894867,0.0,74.68805694580078,0.0,0.0,0.0,341.4215393066406,341.4215393066406,118.21867370605469,141.3207550048828,118.24372100830078,0.0,0.0,0.0,118.21867370605469,141.3207550048828,118.24372100830078,0.0,0.0,0.0,13.301861763000488,20.059221267700195,13.309186935424805,0.0,0.0,0.0
233.0,51.24298858642578,38998.7734375,3813.3701171875,20621.197265625,14564.2060546875,3954.83935546875,22.382217407226562,0.0,14214.220703125,0.14972461760044098,27.375673294067383,1.8953642845153809,5.382378101348877,4.457988739013672,1.614486575126648,2.6226806640625,6.117104530334473,0.000996379996649921,0.3692159950733185,1.2573747634887695,0.0,0.0,0.0,0.0,5552.267578125,384.4131774902344,678.5853271484375,1760.187255859375,368.81951904296875,0.0,420.123046875,0.024975843727588654,0.0,67.15567779541016,0.0,0.0,0.0,342.8230895996094,342.8230895996094,128.4709930419922,137.07017517089844,115.35948944091797,0.0,0.0,0.0,128.4709930419922,137.07017517089844,115.35948944091797,0.0,0.0,0.0,15.195549011230469,17.71080780029297,11.360432624816895,0.0,0.0,0.0
234.0,51.56531524658203,39114.12890625,3813.3701171875,20736.552734375,14564.2060546875,3954.83935546875,22.73661231994629,0.0,14042.517578125,0.14972619712352753,27.375879287719727,1.8953850269317627,5.690639972686768,4.465793609619141,1.614486575126648,2.6226806640625,6.123137950897217,0.000996379996649921,0.3692159950733185,1.2573747634887695,0.0,0.0,0.0,0.0,5511.333984375,381.5804443359375,711.9083862304688,1719.4361572265625,347.93597412109375,0.0,379.2008361816406,0.02253393828868866,0.0,63.1468620300293,0.0,0.0,0.0,344.1787414550781,344.1787414550781,120.00541687011719,125.0048828125,122.17817687988281,0.0,0.0,0.0,120.00541687011719,125.0048828125,122.17817687988281,0.0,0.0,0.0,12.364971160888672,13.827315330505371,13.000504493713379,0.0,0.0,0.0
235.0,51.79074478149414,39155.59765625,3813.3701171875,20778.0234375,14564.2060546875,3954.83935546875,23.10358238220215,0.0,13843.6806640625,0.14972715079784393,27.376001358032227,1.8953975439071655,5.897259712219238,4.478648662567139,1.614486575126648,2.6226806640625,6.12895393371582,0.000996379996649921,0.3692159950733185,1.2573747634887695,0.0,0.0,0.0,0.0,5466.24951171875,378.4598083496094,732.22216796875,1673.034912109375,339.7770080566406,0.0,330.0432434082031,0.01960514858365059,0.0,59.49654769897461,0.0,0.0,0.0,345.5086669921875,345.5086669921875,101.09205627441406,123.3495864868164,104.7297134399414,0.0,0.0,0.0,101.09205627441406,123.3495864868164,104.7297134399414,0.0,0.0,0.0,6.465845584869385,12.976173400878906,7.529860019683838,0.0,0.0,0.0
236.0,51.913185119628906,39174.05859375,3813.3701171875,20796.484375,14564.2060546875,3954.83935546875,22.46245002746582,0.0,14232.5908203125,0.14972761273384094,27.376062393188477,1.895403504371643,6.004717826843262,4.487990379333496,1.614486575126648,2.6226806640625,6.134531021118164,0.000996379996649921,0.3692159950733185,1.2573747634887695,0.0,0.0,0.0,0.0,5552.17138671875,384.4090270996094,753.5173950195312,1762.6055908203125,272.130126953125,0.0,443.6815185546875,0.026345660910010338,0.0,71.4066390991211,0.0,0.0,0.0,346.8258056640625,346.8258056640625,81.8722915649414,140.0411376953125,100.1968765258789,0.0,0.0,0.0,81.8722915649414,140.0411376953125,100.1968765258789,0.0,0.0,0.0,1.4851939678192139,18.499584197998047,6.845135688781738,0.0,0.0,0.0
237.0,51.97256088256836,39180.3671875,3813.3701171875,20802.791015625,14564.2060546875,3954.83935546875,22.47620391845703,0.0,14228.3779296875,0.14972780644893646,27.376089096069336,1.8954061269760132,6.055415153503418,4.493219375610352,1.614486575126648,2.6226806640625,6.137948513031006,0.000996379996649921,0.3692159950733185,1.2573747634887695,0.0,0.0,0.0,0.0,5547.83642578125,384.10906982421875,759.1409301757812,1697.713134765625,278.96429443359375,0.0,436.9371337890625,0.02593926340341568,20.688058853149414,110.3652572631836,0.0,0.0,0.0,348.1556396484375,348.1556396484375,138.211181640625,163.47390747070312,117.71525573730469,0.0,0.0,0.0,138.211181640625,163.47390747070312,117.71525573730469,0.0,0.0,0.0,17.950565338134766,25.339916229248047,11.955509185791016,0.0,0.0,0.0
238.0,51.99799728393555,39182.359375,3813.3701171875,20804.78515625,14564.2060546875,3954.83935546875,22.184200286865234,0.0,14411.5673828125,0.14972786605358124,27.376096725463867,1.89540696144104,6.077823162078857,4.495020389556885,1.614486575126648,2.6226806640625,6.139166355133057,0.000996379996649921,0.3692159950733185,1.2573747634887695,0.0,0.0,0.0,0.0,5568.47021484375,385.5376892089844,763.8633422851562,1413.0108642578125,353.105224609375,0.0,739.6073608398438,0.04390404373407364,22.1529598236084,112.03208923339844,0.0,0.0,0.0,349.5046081542969,349.5046081542969,97.09373474121094,164.4019012451172,113.18950653076172,0.0,0.0,0.0,97.09373474121094,164.4019012451172,113.18950653076172,0.0,0.0,0.0,6.215716361999512,25.903352737426758,10.923728942871094,0.0,0.0,0.0
239.0,52.01869583129883,39212.53125,3813.3701171875,20834.955078125,14564.2060546875,3954.83935546875,21.768814086914062,0.0,14689.6357421875,0.14972788095474243,27.376096725463867,1.8954070806503296,6.0974016189575195,4.495387077331543,1.614486575126648,2.6226806640625,6.139922142028809,0.000996379996649921,0.3692159950733185,1.2573747634887695,0.0,0.0,0.0,0.0,5571.1318359375,385.72198486328125,766.4390869140625,1672.3304443359375,616.6802978515625,0.0,397.2185974121094,0.023578211665153503,22.1529598236084,112.03208923339844,0.0,0.0,0.0,350.8989562988281,350.8989562988281,146.93260192871094,152.64166259765625,147.7009735107422,0.0,0.0,0.0,146.93260192871094,152.64166259765625,147.7009735107422,0.0,0.0,0.0,21.208972930908203,22.878873825073242,21.43372344970703,0.0,0.0,0.0
240.0,52.09211730957031,39240.796875,3813.3701171875,20863.220703125,14564.2060546875,3954.83935546875,21.326444625854492,0.0,14996.0966796875,0.14972791075706482,27.376100540161133,1.8954074382781982,6.16590690612793,4.496469974517822,1.614486575126648,2.6226806640625,6.143749237060547,0.000996379996649921,0.3692159950733185,1.2573747634887695,0.0,0.0,0.0,0.0,5627.326171875,389.6126708984375,780.36474609375,1789.2080078125,619.6045532226562,0.0,467.8846435546875,0.02776571549475193,0.0,74.68805694580078,0.0,0.0,0.0,352.3385925292969,352.3385925292969,122.94065856933594,138.848876953125,129.6116485595703,0.0,0.0,0.0,122.94065856933594,138.848876953125,129.6116485595703,0.0,0.0,0.0,14.633699417114258,19.286855697631836,16.584964752197266,0.0,0.0,0.0
241.0,52.1461181640625,39314.39453125,3813.3701171875,20872.548828125,14628.4765625,3954.83935546875,20.539430618286133,0.0,15581.0400390625,0.149727925658226,27.376102447509766,1.8954076766967773,6.209947109222412,4.497110366821289,1.614486575126648,2.6226806640625,6.153066635131836,0.000996379996649921,0.3692159950733185,1.2573747634887695,0.0,0.0,0.0,0.0,5661.6455078125,391.9888000488281,789.1696166992188,1776.7530517578125,1015.3260498046875,0.0,433.4940185546875,0.025708915665745735,0.0,72.8416519165039,0.0,0.0,0.0,353.81640625,353.81640625,98.93572998046875,117.72259521484375,82.94774627685547,0.0,0.0,0.0,98.93572998046875,117.72259521484375,82.94774627685547,0.0,0.0,0.0,8.399271011352539,13.894427299499512,3.7227840423583984,0.0,0.0,0.0
242.0,52.17912673950195,39523.96484375,3813.3701171875,20884.509765625,14826.0849609375,4125.6142578125,20.507234573364258,0.0,15687.2744140625,0.149727925658226,27.3761043548584,1.8954076766967773,6.234310626983643,4.497317314147949,1.614486575126648,2.6226806640625,6.161506175994873,0.000996379996649921,0.3692159950733185,1.2573747634887695,0.0,0.0,0.0,0.0,5680.21337890625,393.27435302734375,793.9990844726562,1793.5841064453125,1016.9008178710938,0.0,458.62347412109375,0.027183955535292625,0.0,74.68805694580078,0.0,0.0,0.0,355.3074035644531,355.3074035644531,113.66426086425781,132.02809143066406,110.63653564453125,0.0,0.0,0.0,113.66426086425781,132.02809143066406,110.63653564453125,0.0,0.0,0.0,12.739561080932617,18.110980987548828,11.85395336151123,0.0,0.0,0.0
243.0,52.22079849243164,39607.1875,3813.3701171875,20930.537109375,14863.28125,4125.6142578125,21.190425872802734,0.0,15231.5810546875,0.1497279405593872,27.3761043548584,1.8954076766967773,6.271146297454834,4.497403621673584,1.614486575126648,2.6226806640625,6.166253566741943,0.000996379996649921,0.3692159950733185,1.2573747634887695,0.0,0.0,0.0,0.0,5624.85107421875,389.44134521484375,792.7423095703125,1759.1966552734375,842.4788818359375,0.0,422.80987548828125,0.02505313791334629,0.0,71.35440063476562,0.0,0.0,0.0,356.7727966308594,356.7727966308594,118.49925994873047,137.59286499023438,113.2386245727539,0.0,0.0,0.0,118.49925994873047,137.59286499023438,113.2386245727539,0.0,0.0,0.0,13.470606803894043,19.055484771728516,11.93187141418457,0.0,0.0,0.0
244.0,52.3287467956543,39644.58984375,3813.3701171875,20967.939453125,14863.28125,4125.6142578125,21.204118728637695,0.0,15238.0927734375,0.1497279405593872,27.3761043548584,1.895407795906067,6.370750904083252,4.498048305511475,1.614486575126648,2.6226806640625,6.173954010009766,0.000996379996649921,0.3692159950733185,1.2573747634887695,0.0,0.0,0.0,0.0,5684.12109375,393.544921875,810.9629516601562,1845.1143798828125,523.5582275390625,0.0,572.41455078125,0.03390028700232506,0.6728466749191284,75.42733001708984,0.0,0.0,0.0,358.208251953125,358.208251953125,130.95559692382812,142.26324462890625,116.49859619140625,0.0,0.0,0.0,130.95559692382812,142.26324462890625,116.49859619140625,0.0,0.0,0.0,17.100393295288086,20.407880783081055,12.871719360351562,0.0,0.0,0.0
245.0,52.44588851928711,39778.33203125,3813.3701171875,21101.681640625,14863.28125,4125.6142578125,22.30303192138672,0.0,14562.751953125,0.1497279405593872,27.3761043548584,1.895407795906067,6.48368501663208,4.499580383300781,1.614486575126648,2.6226806640625,6.176629066467285,0.000996379996649921,0.3692159950733185,1.2573747634887695,0.0,0.0,0.0,0.0,5577.88916015625,386.1898498535156,813.3440551757812,1763.7330322265625,369.4596252441406,0.0,464.2098693847656,0.027487117797136307,0.0,74.68805694580078,0.0,0.0,0.0,359.6219787597656,359.6219787597656,122.49732208251953,138.07923889160156,119.40007019042969,0.0,0.0,0.0,122.49732208251953,138.07923889160156,119.40007019042969,0.0,0.0,0.0,13.527433395385742,18.08514404296875,12.621488571166992,0.0,0.0,0.0
246.0,52.762786865234375,39889.22265625,3813.3701171875,21212.5703125,14863.28125,4125.6142578125,22.652568817138672,0.0,14386.82421875,0.1497279405593872,27.3761043548584,1.895407795906067,6.78757381439209,4.5067362785339355,1.614486575126648,2.6226806640625,6.182483196258545,0.000996379996649921,0.3692159950733185,1.2573747634887695,0.0,0.0,0.0,0.0,5537.0380859375,383.36151123046875,845.2278442382812,1722.3013916015625,348.5511169433594,0.0,421.7867126464844,0.024965349584817886,0.0,71.37596893310547,0.0,0.0,0.0,360.9941101074219,360.9941101074219,121.52554321289062,129.23199462890625,122.51895141601562,0.0,0.0,0.0,121.52554321289062,129.23199462890625,122.51895141601562,0.0,0.0,0.0,12.89365291595459,15.147791862487793,13.184223175048828,0.0,0.0,0.0
247.0,52.98167037963867,39928.95703125,3813.3701171875,21252.306640625,14863.28125,4125.6142578125,23.01700782775879,0.0,14183.099609375,0.1497279405593872,27.37610626220703,1.895407795906067,6.989185810089111,4.5186967849731445,1.614486575126648,2.6226806640625,6.187793731689453,0.000996379996649921,0.3692159950733185,1.2573747634887695,0.0,0.0,0.0,0.0,5491.8916015625,380.2357482910156,864.0418701171875,1674.6778564453125,340.3836669921875,0.0,374.09075927734375,0.022134408354759216,0.0,65.74945831298828,0.0,0.0,0.0,362.34442138671875,362.34442138671875,100.24821472167969,122.14200592041016,115.86791229248047,0.0,0.0,0.0,100.24821472167969,122.14200592041016,115.86791229248047,0.0,0.0,0.0,6.3055949211120605,12.709529876708984,10.874357223510742,0.0,0.0,0.0
248.0,53.099552154541016,39946.25,3813.3701171875,21269.599609375,14863.28125,4125.6142578125,22.376846313476562,0.0,14581.533203125,0.1497279405593872,27.37610626220703,1.895407795906067,7.093509674072266,4.527395725250244,1.614486575126648,2.6226806640625,6.192649841308594,0.000996379996649921,0.3692159950733185,1.2573747634887695,0.0,0.0,0.0,0.0,5578.78759765625,386.2520751953125,886.370361328125,1766.294677734375,272.63201904296875,0.0,493.0741271972656,0.029165029525756836,0.0,74.68805694580078,0.0,0.0,0.0,363.6856994628906,363.6856994628906,117.09978485107422,138.8352508544922,124.0250244140625,0.0,0.0,0.0,117.09978485107422,138.8352508544922,124.0250244140625,0.0,0.0,0.0,11.874839782714844,18.23246192932129,13.900472640991211,0.0,0.0,0.0
249.0,53.15604782104492,39952.10546875,3813.3701171875,21275.455078125,14863.28125,4125.6142578125,22.3902530670166,0.0,14577.201171875,0.1497279405593872,27.37610626220703,1.895407795906067,7.142251014709473,4.532234191894531,1.614486575126648,2.6226806640625,6.1955671310424805,0.000996379996649921,0.3692159950733185,1.2573747634887695,0.0,0.0,0.0,0.0,5574.5595703125,385.9593200683594,891.6609497070312,1702.1253662109375,279.48248291015625,0.0,485.849853515625,0.028732117265462875,22.1529598236084,112.03208923339844,0.0,0.0,0.0,365.0451965332031,365.0451965332031,143.09738159179688,160.48423767089844,125.92240905761719,0.0,0.0,0.0,143.09738159179688,160.48423767089844,125.92240905761719,0.0,0.0,0.0,19.46573257446289,24.5513858795166,14.442051887512207,0.0,0.0,0.0
250.0,53.18009948730469,39953.9609375,3813.3701171875,21277.30859375,14863.28125,4125.6142578125,22.099021911621094,0.0,14764.8671875,0.1497279405593872,27.37610626220703,1.895407795906067,7.162624359130859,4.534493923187256,1.614486575126648,2.6226806640625,6.196985721588135,0.000996379996649921,0.3692159950733185,1.2573747634887695,0.0,0.0,0.0,0.0,5595.7177734375,387.42425537109375,896.543212890625,568.028076171875,353.7762756347656,0.0,1643.1103515625,0.09716080129146576,22.1529598236084,112.03208923339844,0.0,0.0,0.0,366.4218444824219,366.4218444824219,159.55470275878906,177.1678466796875,118.95741271972656,0.0,0.0,0.0,159.55470275878906,177.1678466796875,118.95741271972656,0.0,0.0,0.0,24.570730209350586,29.722572326660156,12.69602108001709,0.0,0.0,0.0
251.0,53.18966293334961,39954.546875,3813.3701171875,21277.89453125,14863.28125,4125.6142578125,21.668519973754883,0.0,15049.7333984375,0.1497279405593872,27.37610626220703,1.895407795906067,7.1690168380737305,4.535254955291748,1.614486575126648,2.6226806640625,6.19939661026001,0.000996379996649921,0.3692159950733185,1.2573747634887695,0.0,0.0,0.0,0.0,5599.55810546875,387.6901550292969,897.8065795898438,1686.584228515625,617.9230346679688,0.0,445.56103515625,0.02634281851351261,22.1529598236084,112.03208923339844,0.0,0.0,0.0,367.84881591796875,367.84881591796875,141.14791870117188,158.49517822265625,142.30604553222656,0.0,0.0,0.0,141.14791870117188,158.49517822265625,142.30604553222656,0.0,0.0,0.0,19.617246627807617,24.69131851196289,19.95599937438965,0.0,0.0,0.0
252.0,53.19528579711914,39957.65625,3813.3701171875,21281.00390625,14863.28125,4125.6142578125,21.23070526123047,0.0,15352.1640625,0.1497279405593872,27.37610626220703,1.895407795906067,7.171056270599365,4.536021709442139,1.614486575126648,2.6226806640625,6.202210903167725,0.000996379996649921,0.3692159950733185,1.2573747634887695,0.0,0.0,0.0,0.0,5656.4443359375,391.6286926269531,904.6385498046875,1799.019287109375,620.8930053710938,0.0,524.2291870117188,0.030988123267889023,0.0,74.68805694580078,0.0,0.0,0.0,369.32281494140625,369.32281494140625,130.5690460205078,137.93531799316406,128.79754638671875,0.0,0.0,0.0,130.5690460205078,137.93531799316406,128.79754638671875,0.0,0.0,0.0,16.96074104309082,19.115373611450195,16.442575454711914,0.0,0.0,0.0
253.0,53.20212173461914,40021.59375,3813.3701171875,21283.771484375,14924.4541015625,4125.6142578125,20.440942764282227,0.0,15950.9873046875,0.1497279405593872,27.37610626220703,1.895407795906067,7.172165870666504,4.5373077392578125,1.614486575126648,2.6226806640625,6.206653118133545,0.000996379996649921,0.3692159950733185,1.2573747634887695,0.0,0.0,0.0,0.0,5693.5400390625,394.1970520019531,909.1957397460938,1791.686767578125,1017.6929321289062,0.0,492.3796691894531,0.029096826910972595,0.0,74.68805694580078,0.0,0.0,0.0,370.83984375,370.83984375,73.39337921142578,117.37757110595703,79.72328186035156,0.0,0.0,0.0,73.39337921142578,117.37757110595703,79.72328186035156,0.0,0.0,0.0,1.0266190767288208,13.891995429992676,2.8781161308288574,0.0,0.0,0.0
254.0,53.21445846557617,40230.03125,3813.3701171875,21293.978515625,15122.681640625,4125.6142578125,20.40633201599121,0.0,16059.720703125,0.1497279405593872,27.37610626220703,1.895407795906067,7.173078536987305,4.538851261138916,1.614486575126648,2.6226806640625,6.216531753540039,0.000996379996649921,0.3692159950733185,1.2573747634887695,0.0,0.0,0.0,0.0,5713.1181640625,395.5525817871094,911.5357666015625,1809.3826904296875,1019.3596801757812,0.0,520.1261596679688,0.030716227367520332,0.6321380734443665,75.38259887695312,0.0,0.0,0.0,372.369140625,372.369140625,113.46029663085938,132.51953125,101.31855773925781,0.0,0.0,0.0,113.46029663085938,132.51953125,101.31855773925781,0.0,0.0,0.0,12.780803680419922,18.35563087463379,9.229345321655273,0.0,0.0,0.0
255.0,53.23305892944336,40272.08203125,3813.3701171875,21298.78125,15159.9306640625,4125.6142578125,21.064424514770508,0.0,15593.1884765625,0.1497279405593872,27.37610626220703,1.895407795906067,7.174262046813965,4.541041851043701,1.614486575126648,2.6226806640625,6.2317609786987305,0.000996379996649921,0.3692159950733185,1.2573747634887695,0.0,0.0,0.0,0.0,5657.86572265625,391.72711181640625,905.1060180664062,1777.1060791015625,844.5443725585938,0.0,478.30731201171875,0.028217904269695282,0.0,74.68805694580078,0.0,0.0,0.0,373.8706359863281,373.8706359863281,128.50343322753906,138.59910583496094,120.35423278808594,0.0,0.0,0.0,128.50343322753906,138.59910583496094,120.35423278808594,0.0,0.0,0.0,16.522830963134766,19.475814819335938,14.139188766479492,0.0,0.0,0.0
256.0,53.24401092529297,40273.6015625,3813.3701171875,21300.30078125,15159.9306640625,4125.6142578125,21.058956146240234,0.0,15599.845703125,0.1497279405593872,27.37610626220703,1.895407795906067,7.174857139587402,4.542853832244873,1.614486575126648,2.6226806640625,6.240306377410889,0.000996379996649921,0.3692159950733185,1.2573747634887695,0.0,0.0,0.0,0.0,5720.57958984375,396.06915283203125,912.322509765625,1859.6361083984375,524.9961547851562,0.0,633.1361694335938,0.03733083978295326,5.18084192276001,80.42774200439453,0.0,0.0,0.0,375.342041015625,375.342041015625,125.68293762207031,143.22459411621094,117.53923797607422,0.0,0.0,0.0,125.68293762207031,143.22459411621094,117.53923797607422,0.0,0.0,0.0,15.703303337097168,20.834238052368164,13.321270942687988,0.0,0.0,0.0
257.0,53.24945068359375,40275.11328125,3813.3701171875,21301.8125,15159.9306640625,4125.6142578125,22.077648162841797,0.0,14908.4501953125,0.1497279405593872,27.37610626220703,1.895407795906067,7.175065517425537,4.544854640960693,1.614486575126648,2.6226806640625,6.243533134460449,0.000996379996649921,0.3692159950733185,1.2573747634887695,0.0,0.0,0.0,0.0,5616.3388671875,388.85198974609375,900.0450439453125,1791.6119384765625,370.5627746582031,0.0,523.096435546875,0.030836109071969986,0.0,74.68805694580078,0.0,0.0,0.0,376.792236328125,376.792236328125,118.05970001220703,138.42861938476562,116.62809753417969,0.0,0.0,0.0,118.05970001220703,138.42861938476562,116.62809753417969,0.0,0.0,0.0,12.454813003540039,18.4127197265625,12.036069869995117,0.0,0.0,0.0
258.0,53.25393295288086,40276.16796875,3813.3701171875,21302.869140625,15159.9306640625,4125.6142578125,22.362173080444336,0.0,14728.33984375,0.1497279405593872,27.37610626220703,1.895407795906067,7.175173759460449,4.5474934577941895,1.614486575126648,2.6226806640625,6.245270729064941,0.000996379996649921,0.3692159950733185,1.2573747634887695,0.0,0.0,0.0,0.0,5584.78515625,386.6673278808594,896.3054809570312,1765.7353515625,349.9078063964844,0.0,484.3836975097656,0.02855071984231472,0.0,74.68805694580078,0.0,0.0,0.0,378.1980895996094,378.1980895996094,117.24156951904297,129.31895446777344,123.15613555908203,0.0,0.0,0.0,117.24156951904297,129.31895446777344,123.15613555908203,0.0,0.0,0.0,11.930987358093262,15.463622093200684,13.660998344421387,0.0,0.0,0.0
259.0,53.25806427001953,40280.96875,3813.3701171875,21307.669921875,15159.9306640625,4125.6142578125,22.702377319335938,0.0,14519.7587890625,0.1497279405593872,27.37610626220703,1.895407795906067,7.175199031829834,4.5506463050842285,1.614486575126648,2.6226806640625,6.246222019195557,0.000996379996649921,0.3692159950733185,1.2573747634887695,0.0,0.0,0.0,0.0,5545.2265625,383.928466796875,891.6264038085938,1730.68212890625,341.8992004394531,0.0,433.1946105957031,0.025531897321343422,0.0,74.04022979736328,0.0,0.0,0.0,379.58087158203125,379.58087158203125,122.80904388427734,120.01394653320312,113.03243255615234,0.0,0.0,0.0,122.80904388427734,120.01394653320312,113.03243255615234,0.0,0.0,0.0,13.219268798828125,12.401701927185059,10.359609603881836,0.0,0.0,0.0
260.0,53.270973205566406,40287.15625,3813.3701171875,21313.85546875,15159.9306640625,4125.6142578125,22.064250946044922,0.0,14927.6357421875,0.1497279405593872,27.37610626220703,1.895407795906067,7.17524528503418,4.5579938888549805,1.614486575126648,2.6226806640625,6.251737594604492,0.000996379996649921,0.3692159950733185,1.2573747634887695,0.0,0.0,0.0,0.0,5637.388671875,390.3093566894531,902.321044921875,1823.117919921875,273.9674987792969,0.0,570.032470703125,0.033584412187337875,1.0138423442840576,75.80198669433594,0.0,0.0,0.0,380.9549560546875,380.9549560546875,106.04159545898438,138.01356506347656,120.99222564697266,0.0,0.0,0.0,106.04159545898438,138.01356506347656,120.99222564697266,0.0,0.0,0.0,8.95291519165039,18.304718017578125,13.325973510742188,0.0,0.0,0.0
261.0,53.28578567504883,40294.2734375,3813.3701171875,21320.97265625,15159.9306640625,4125.6142578125,22.078161239624023,0.0,14923.185546875,0.1497279405593872,27.37610626220703,1.895407795906067,7.175279140472412,4.563974380493164,1.614486575126648,2.6226806640625,6.260535717010498,0.000996379996649921,0.3692159950733185,1.2573747634887695,0.0,0.0,0.0,0.0,5634.67138671875,390.1212463378906,901.95556640625,1764.221923828125,280.892333984375,0.0,563.5191650390625,0.03318111598491669,22.1529598236084,112.03208923339844,0.0,0.0,0.0,382.343994140625,382.343994140625,135.779052734375,169.8586883544922,125.36727905273438,0.0,0.0,0.0,135.779052734375,169.8586883544922,125.36727905273438,0.0,0.0,0.0,17.637210845947266,27.605504989624023,14.591769218444824,0.0,0.0,0.0
262.0,53.30097579956055,40298.61328125,3813.3701171875,21325.3125,15159.9306640625,4125.6142578125,21.792112350463867,0.0,15115.2822265625,0.1497279405593872,27.37610626220703,1.895407795906067,7.175302982330322,4.568314552307129,1.614486575126648,2.6226806640625,6.271362781524658,0.000996379996649921,0.3692159950733185,1.2573747634887695,0.0,0.0,0.0,0.0,5657.01416015625,391.66815185546875,904.547607421875,1456.8873291015625,355.59539794921875,0.0,897.630126953125,0.0528162382543087,22.1529598236084,112.03208923339844,0.0,0.0,0.0,383.75555419921875,383.75555419921875,145.2425537109375,172.98475646972656,117.6280288696289,0.0,0.0,0.0,145.2425537109375,172.98475646972656,117.6280288696289,0.0,0.0,0.0,20.691335678100586,28.80592918395996,12.614087104797363,0.0,0.0,0.0
263.0,53.313785552978516,40304.45703125,3813.3701171875,21331.158203125,15159.9306640625,4125.6142578125,21.370038986206055,0.0,15406.8974609375,0.1497279405593872,27.37610626220703,1.895407795906067,7.1753129959106445,4.570181369781494,1.614486575126648,2.6226806640625,6.282297611236572,0.000996379996649921,0.3692159950733185,1.2573747634887695,0.0,0.0,0.0,0.0,5661.2197265625,391.9593200683594,905.0989379882812,1753.1378173828125,621.118896484375,0.0,525.7879028320312,0.03091471455991268,22.1529598236084,112.03208923339844,0.0,0.0,0.0,385.2232666015625,385.2232666015625,149.8651885986328,165.465576171875,135.66343688964844,0.0,0.0,0.0,149.8651885986328,165.465576171875,135.66343688964844,0.0,0.0,0.0,22.465526580810547,27.028642654418945,18.311513900756836,0.0,0.0,0.0
264.0,53.3314323425293,40315.2109375,3813.3701171875,21341.91015625,15159.9306640625,4125.6142578125,20.957366943359375,0.0,15705.3095703125,0.1497279405593872,27.37610626220703,1.895407795906067,7.175320625305176,4.572153091430664,1.614486575126648,2.6226806640625,6.297965049743652,0.000996379996649921,0.3692159950733185,1.2573747634887695,0.0,0.0,0.0,0.0,5717.38671875,395.8481140136719,911.6048583984375,1844.1396484375,624.0516357421875,0.0,603.0809326171875,0.03542252629995346,8.014785766601562,87.85840606689453,0.0,0.0,0.0,386.74554443359375,386.74554443359375,129.91140747070312,151.2926025390625,129.17994689941406,0.0,0.0,0.0,129.91140747070312,151.2926025390625,129.17994689941406,0.0,0.0,0.0,17.041719436645508,23.29572105407715,16.82776641845703,0.0,0.0,0.0
265.0,53.3524284362793,40379.1953125,3813.3701171875,21347.810546875,15218.013671875,4125.6142578125,20.176897048950195,0.0,16317.87890625,0.1497279405593872,27.37610626220703,1.895407795906067,7.175325870513916,4.574413299560547,1.614486575126648,2.6226806640625,6.31669282913208,0.000996379996649921,0.3692159950733185,1.2573747634887695,0.0,0.0,0.0,0.0,5755.45556640625,398.48382568359375,916.1575317382812,1852.7503662109375,1022.9353637695312,0.0,574.5543823242188,0.03370519354939461,3.8140437602996826,78.87861633300781,0.0,0.0,0.0,388.3168640136719,388.3168640136719,87.75663757324219,116.89173126220703,106.88253021240234,0.0,0.0,0.0,87.75663757324219,116.89173126220703,106.88253021240234,0.0,0.0,0.0,5.491920471191406,14.013935089111328,11.086243629455566,0.0,0.0,0.0
266.0,53.37662124633789,40595.51171875,3813.3701171875,21365.30078125,15416.83984375,4137.96826171875,20.14566421508789,0.0,16429.099609375,0.1497279405593872,27.37610626220703,1.895407795906067,7.175329208374023,4.576143264770508,1.614486575126648,2.6226806640625,6.339152812957764,0.000996379996649921,0.3692159950733185,1.2573747634887695,0.0,0.0,0.0,0.0,5775.50244140625,399.8717956542969,918.4398193359375,1869.0142822265625,1024.642333984375,0.0,602.9078979492188,0.03531600534915924,5.35334587097168,80.6240234375,0.0,0.0,0.0,389.904541015625,389.904541015625,110.64717102050781,134.20413208007812,101.78694152832031,0.0,0.0,0.0,110.64717102050781,134.20413208007812,101.78694152832031,0.0,0.0,0.0,12.218632698059082,19.109045028686523,9.6270170211792,0.0,0.0,0.0
267.0,53.40958786010742,40641.08984375,3813.3701171875,21373.580078125,15454.1396484375,4137.96826171875,20.79758071899414,0.0,15951.81640625,0.1497279405593872,27.37610626220703,1.895407795906067,7.175332546234131,4.578324794769287,1.614486575126648,2.6226806640625,6.369933605194092,0.000996379996649921,0.3692159950733185,1.2573747634887695,0.0,0.0,0.0,0.0,5718.96630859375,395.95745849609375,911.7059936523438,1839.8184814453125,848.8511352539062,0.0,558.295166015625,0.0326363779604435,2.39567232131958,77.32022857666016,0.0,0.0,0.0,391.46441650390625,391.46441650390625,124.39852142333984,139.05242919921875,124.1521987915039,0.0,0.0,0.0,124.39852142333984,139.05242919921875,124.1521987915039,0.0,0.0,0.0,15.58898639678955,19.875253677368164,15.516939163208008,0.0,0.0,0.0
268.0,53.428749084472656,40643.7109375,3813.3701171875,21376.201171875,15454.1396484375,4137.96826171875,20.792802810668945,0.0,15958.6083984375,0.1497279405593872,27.37610626220703,1.895407795906067,7.175334453582764,4.580395221710205,1.614486575126648,2.6226806640625,6.387024402618408,0.000996379996649921,0.3692159950733185,1.2573747634887695,0.0,0.0,0.0,0.0,5783.05126953125,400.3944396972656,918.9957885742188,1917.8541259765625,527.720458984375,0.0,713.086669921875,0.041638217866420746,9.688481330871582,85.5567398071289,0.0,0.0,0.0,392.9930419921875,392.9930419921875,124.92919158935547,143.58189392089844,118.04979705810547,0.0,0.0,0.0,124.92919158935547,143.58189392089844,118.04979705810547,0.0,0.0,0.0,15.748985290527344,21.20490074157715,13.736763954162598,0.0,0.0,0.0
269.0,53.43808364868164,40645.9609375,3813.3701171875,21378.44921875,15454.1396484375,4137.96826171875,21.799997329711914,0.0,15251.2978515625,0.1497279405593872,27.37610626220703,1.895407795906067,7.175334930419922,4.5831193923950195,1.614486575126648,2.6226806640625,6.393632888793945,0.000996379996649921,0.3692159950733185,1.2573747634887695,0.0,0.0,0.0,0.0,5676.3720703125,393.0084228515625,906.3989868164062,1850.4310302734375,372.4265441894531,0.0,598.6600952148438,0.03494158759713173,3.0657448768615723,78.05644989013672,0.0,0.0,0.0,394.4986877441406,394.4986877441406,120.5042953491211,137.87667846679688,119.92771911621094,0.0,0.0,0.0,120.5042953491211,137.87667846679688,119.92771911621094,0.0,0.0,0.0,13.447509765625,18.5289306640625,13.278861045837402,0.0,0.0,0.0
270.0,53.44502639770508,40647.46875,3813.3701171875,21379.9609375,15454.1396484375,4137.96826171875,22.081518173217773,0.0,15067.029296875,0.1497279405593872,27.37610626220703,1.895407795906067,7.17533540725708,4.586589336395264,1.614486575126648,2.6226806640625,6.397105693817139,0.000996379996649921,0.3692159950733185,1.2573747634887695,0.0,0.0,0.0,0.0,5644.08056640625,390.7726745605469,902.55712890625,1828.7431640625,351.65057373046875,0.0,558.6038818359375,0.032596178352832794,0.8321506977081299,75.60235595703125,0.0,0.0,0.0,395.95867919921875,395.95867919921875,114.35963439941406,128.00877380371094,118.16891479492188,0.0,0.0,0.0,114.35963439941406,128.00877380371094,118.16891479492188,0.0,0.0,0.0,11.368674278259277,15.36104965209961,12.482890129089355,0.0,0.0,0.0
271.0,53.45032501220703,40652.171875,3813.3701171875,21384.66015625,15454.1396484375,4137.96826171875,22.417753219604492,0.0,14853.6396484375,0.1497279405593872,27.37610626220703,1.895407795906067,7.17533540725708,4.590867042541504,1.614486575126648,2.6226806640625,6.398126125335693,0.000996379996649921,0.3692159950733185,1.2573747634887695,0.0,0.0,0.0,0.0,5603.60205078125,387.9701232910156,897.7650146484375,1795.534912109375,343.5810546875,0.0,504.53546142578125,0.02943914197385311,0.0,74.68805694580078,0.0,0.0,0.0,397.392822265625,397.392822265625,119.61530303955078,130.07301330566406,108.91508483886719,0.0,0.0,0.0,119.61530303955078,130.07301330566406,108.91508483886719,0.0,0.0,0.0,12.569723129272461,15.628602027893066,9.439908981323242,0.0,0.0,0.0
272.0,53.461761474609375,40656.03125,3813.3701171875,21388.521484375,15454.1396484375,4137.96826171875,21.785842895507812,0.0,15270.873046875,0.1497279405593872,27.37610626220703,1.895407795906067,7.175335884094238,4.600527763366699,1.614486575126648,2.6226806640625,6.399903774261475,0.000996379996649921,0.3692159950733185,1.2573747634887695,0.0,0.0,0.0,0.0,5697.85595703125,394.495849609375,908.6937866210938,1880.6510009765625,275.3531188964844,0.0,644.3980712890625,0.03759549930691719,5.2876505851745605,80.54927062988281,0.0,0.0,0.0,398.8166198730469,398.8166198730469,109.8768539428711,145.08056640625,80.2732162475586,0.0,0.0,0.0,109.8768539428711,145.08056640625,80.2732162475586,0.0,0.0,0.0,10.353137016296387,20.650222778320312,1.6940722465515137,0.0,0.0,0.0
273.0,53.46945571899414,40657.25390625,3813.3701171875,21389.744140625,15454.1396484375,4137.96826171875,21.796457290649414,0.0,15266.3046875,0.1497279405593872,27.37610626220703,1.895407795906067,7.175335884094238,4.60457706451416,1.614486575126648,2.6226806640625,6.403546333312988,0.000996379996649921,0.3692159950733185,1.2573747634887695,0.0,0.0,0.0,0.0,5695.06884765625,394.30291748046875,908.3142700195312,638.5848999023438,282.3116149902344,0.0,1829.8446044921875,0.1918657124042511,22.1529598236084,112.03208923339844,0.0,0.0,0.0,400.25689697265625,400.25689697265625,161.09483337402344,182.50064086914062,153.74484252929688,0.0,0.0,0.0,161.09483337402344,182.50064086914062,153.74484252929688,0.0,0.0,0.0,25.32378387451172,31.584980010986328,23.17391014099121,0.0,0.0,0.0
274.0,53.47878646850586,40665.94140625,3813.3701171875,21398.43359375,15454.1396484375,4137.96826171875,21.51614761352539,0.17869055271148682,15462.8115234375,0.1497279405593872,27.37610626220703,1.895407795906067,7.175335884094238,4.605422496795654,1.614486575126648,2.6226806640625,6.407645225524902,0.000996379996649921,0.3692159950733185,1.2617627382278442,0.0,0.0,0.0,0.0,5717.93408203125,395.8860168457031,910.9655151367188,645.5588989257812,357.4042053222656,0.0,1851.17578125,0.19468393921852112,22.1529598236084,112.42305755615234,0.0,0.0,0.0,401.728759765625,401.728759765625,163.70326232910156,182.48341369628906,162.5336151123047,0.0,0.0,0.0,163.70326232910156,182.48341369628906,162.5336151123047,0.0,0.0,0.0,26.188365936279297,31.681560516357422,25.846240997314453,0.0,0.0,0.0
275.0,53.51831817626953,40727.32421875,3813.3701171875,21459.8125,15454.1396484375,4137.96826171875,21.127914428710938,0.1397128403186798,15761.1103515625,0.1497279405593872,27.37610626220703,1.895407795906067,7.175335884094238,4.606381416320801,1.614486575126648,2.6226806640625,6.419428825378418,0.000996379996649921,0.3692159950733185,1.28855299949646,0.0,0.0,0.0,0.0,5722.2900390625,396.1875915527344,911.5421752929688,1818.7408447265625,624.2841796875,0.0,603.049560546875,0.03513796254992485,22.1529598236084,114.81006622314453,0.0,0.0,0.0,403.2590637207031,403.2590637207031,143.6477813720703,162.9091339111328,138.51358032226562,0.0,0.0,0.0,143.6477813720703,162.9091339111328,138.51358032226562,0.0,0.0,0.0,20.74934959411621,26.38329315185547,19.247596740722656,0.0,0.0,0.0
276.0,53.66221618652344,40787.671875,3813.3701171875,21520.162109375,15454.1396484375,4137.96826171875,20.759347915649414,0.0,16055.5244140625,0.1497279405593872,27.37610626220703,1.895407795906067,7.175335884094238,4.609696865081787,1.614486575126648,2.6226806640625,6.464081764221191,0.000996379996649921,0.3692159950733185,1.3844810724258423,0.0,0.0,0.0,0.0,5777.677734375,400.02239990234375,917.95361328125,1913.6553955078125,627.176025390625,0.0,673.185791015625,0.03910933434963226,8.009357452392578,92.10172271728516,0.0,0.0,0.0,404.8423767089844,404.8423767089844,121.19480895996094,142.74398803710938,125.53181457519531,0.0,0.0,0.0,121.19480895996094,142.74398803710938,125.53181457519531,0.0,0.0,0.0,14.690133094787598,20.993268966674805,15.958707809448242,0.0,0.0,0.0
277.0,53.77906036376953,40869.390625,3813.3701171875,21546.87109375,15509.150390625,4137.96826171875,19.993921279907227,0.0,16681.734375,0.1497279405593872,27.37610626220703,1.895407795906067,7.175335884094238,4.613722801208496,1.614486575126648,2.6226806640625,6.503431797027588,0.000996379996649921,0.3692159950733185,1.457950472831726,0.0,0.0,0.0,0.0,5816.68212890625,402.722900390625,922.6290893554688,1912.1337890625,1028.1185302734375,0.0,643.3278198242188,0.037277836352586746,7.7269439697265625,96.61627960205078,0.0,0.0,0.0,406.47027587890625,406.47027587890625,93.94100952148438,117.3604507446289,106.1873550415039,0.0,0.0,0.0,93.94100952148438,117.3604507446289,106.1873550415039,0.0,0.0,0.0,7.483823299407959,14.334009170532227,11.065879821777344,0.0,0.0,0.0
278.0,53.870784759521484,41121.67578125,3813.3701171875,21599.7421875,15708.564453125,4208.9716796875,19.97911262512207,0.0,16795.419921875,0.1497279405593872,27.37610626220703,1.895407795906067,7.175335884094238,4.617995738983154,1.614486575126648,2.6226806640625,6.530915260314941,0.000996379996649921,0.3692159950733185,1.5179150104522705,0.0,0.0,0.0,0.0,5837.166015625,404.1411437988281,924.9598388671875,1929.57568359375,1029.8626708984375,0.0,667.9931030273438,0.03863706439733505,8.936748504638672,102.25074005126953,0.0,0.0,0.0,408.11663818359375,408.11663818359375,107.68451690673828,134.8091583251953,113.84199523925781,0.0,0.0,0.0,107.68451690673828,134.8091583251953,113.84199523925781,0.0,0.0,0.0,11.518609046936035,19.45256805419922,13.319671630859375,0.0,0.0,0.0
279.0,53.9994010925293,41217.30859375,3813.3701171875,21658.025390625,15745.9140625,4208.9716796875,20.651046752929688,0.0,16307.4814453125,0.1497279405593872,27.37610626220703,1.895407795906067,7.175335884094238,4.62455940246582,1.614486575126648,2.6226806640625,6.5604705810546875,0.000996379996649921,0.3692159950733185,1.6104130744934082,0.0,0.0,0.0,0.0,5779.31787109375,400.1359558105469,918.0631103515625,1900.242919921875,853.1036376953125,0.0,613.7733764648438,0.035432931035757065,5.909926414489746,104.05937194824219,0.0,0.0,0.0,409.7349548339844,409.7349548339844,125.89669036865234,140.07362365722656,114.99761199951172,0.0,0.0,0.0,125.89669036865234,140.07362365722656,114.99761199951172,0.0,0.0,0.0,16.173734664916992,20.32048797607422,12.98575496673584,0.0,0.0,0.0
280.0,54.130863189697266,41251.89453125,3813.3701171875,21692.611328125,15745.9140625,4208.9716796875,20.662357330322266,0.0,16314.40625,0.1497279405593872,27.37610626220703,1.895407795906067,7.175335884094238,4.636195659637451,1.614486575126648,2.6226806640625,6.586763381958008,0.000996379996649921,0.3692159950733185,1.7039482593536377,0.0,0.0,0.0,0.0,5844.73876953125,404.6654357910156,925.492919921875,1981.43310546875,530.4095458984375,0.0,761.7771606445312,0.04390261694788933,11.0764799118042,118.0836181640625,0.0,0.0,0.0,411.3199157714844,411.3199157714844,125.53025817871094,143.8337860107422,118.0948257446289,0.0,0.0,0.0,125.53025817871094,143.8337860107422,118.0948257446289,0.0,0.0,0.0,16.05524253845215,21.40902328491211,13.880378723144531,0.0,0.0,0.0
281.0,54.2126350402832,41267.87890625,3813.3701171875,21708.59375,15745.9140625,4208.9716796875,21.67144012451172,0.0,15591.3125,0.1497279405593872,27.37610626220703,1.895407795906067,7.175335884094238,4.649682998657227,1.614486575126648,2.6226806640625,6.601001262664795,0.000996379996649921,0.3692159950733185,1.7579946517944336,0.0,0.0,0.0,0.0,5735.6318359375,397.111328125,912.6034545898438,1915.2281494140625,374.26556396484375,0.0,635.159912109375,0.036571912467479706,5.7453718185424805,113.31718444824219,0.0,0.0,0.0,412.88037109375,412.88037109375,118.34744262695312,139.35076904296875,116.05534362792969,0.0,0.0,0.0,118.34744262695312,139.35076904296875,116.05534362792969,0.0,0.0,0.0,12.945185661315918,19.088659286499023,12.274747848510742,0.0,0.0,0.0
282.0,54.25979995727539,41275.125,3813.3701171875,21715.841796875,15745.9140625,4208.9716796875,21.95468521118164,0.0,15402.91015625,0.1497279405593872,27.37610626220703,1.895407795906067,7.175335884094238,4.662687301635742,1.614486575126648,2.6226806640625,6.607911109924316,0.000996379996649921,0.3692159950733185,1.7852462530136108,0.0,0.0,0.0,0.0,5702.6044921875,394.82464599609375,908.672607421875,1896.0621337890625,353.3699035644531,0.0,589.5349731445312,0.0339297354221344,3.743173122406006,111.84040069580078,0.0,0.0,0.0,414.3900451660156,414.3900451660156,92.42142486572266,127.70016479492188,117.19158935546875,0.0,0.0,0.0,92.42142486572266,127.70016479492188,117.19158935546875,0.0,0.0,0.0,5.078582286834717,15.397611618041992,12.32385540008545,0.0,0.0,0.0
283.0,54.28496551513672,41284.6875,3813.3701171875,21725.40234375,15745.9140625,4208.9716796875,22.29195213317871,0.0,15184.7509765625,0.149916410446167,27.388883590698242,1.8965421915054321,7.175335884094238,4.667923450469971,1.614486575126648,2.6226806640625,6.609536170959473,0.000996379996649921,0.3692159950733185,1.7894489765167236,0.0,0.0,0.0,0.0,5662.66015625,392.11065673828125,903.6519775390625,1866.3199462890625,345.2059631347656,0.0,532.9579467773438,0.030670220032334328,1.185980200767517,108.13412475585938,0.0,0.0,0.0,415.8714294433594,415.8714294433594,115.4648208618164,131.48947143554688,121.1114501953125,0.0,0.0,0.0,115.4648208618164,131.48947143554688,121.1114501953125,0.0,0.0,0.0,11.481507301330566,16.168718338012695,13.133145332336426,0.0,0.0,0.0
284.0,54.43084716796875,41468.7578125,3813.3701171875,21909.47265625,15745.9140625,4208.9716796875,21.7575626373291,0.0,15611.2705078125,0.15159651637077332,27.50259017944336,1.907915472984314,7.175335884094238,4.676239490509033,1.614486575126648,2.6226806640625,6.615830421447754,0.000996379996649921,0.3692159950733185,1.793960690498352,0.0,0.0,0.0,0.0,5771.71630859375,400.3966979980469,913.697265625,1917.96337890625,276.4389343261719,0.0,668.9472045898438,0.03848012909293175,13.966568946838379,134.91551208496094,0.0,0.0,0.0,417.3428039550781,417.3428039550781,126.67485809326172,155.27178955078125,90.79544067382812,0.0,0.0,0.0,126.67485809326172,155.27178955078125,90.79544067382812,0.0,0.0,0.0,15.294833183288574,23.65943717956543,4.800103187561035,0.0,0.0,0.0
285.0,54.751853942871094,41559.28125,3813.3701171875,21999.998046875,15745.9140625,4208.9716796875,21.815114974975586,0.0,15606.5830078125,0.15531887114048004,27.756000518798828,1.9337456226348877,7.175335884094238,4.692420959472656,1.614486575126648,2.6226806640625,6.629360675811768,0.000996379996649921,0.3692159950733185,1.8022907972335815,0.0,0.0,0.0,0.0,5797.1787109375,403.8863220214844,910.8496704101562,1786.7294921875,282.8524169921875,0.0,729.1500854492188,0.0419064536690712,22.1529598236084,160.5841064453125,0.0,0.0,0.0,418.8404541015625,418.8404541015625,94.67147827148438,172.2659149169922,145.07989501953125,0.0,0.0,0.0,94.67147827148438,172.2659149169922,145.07989501953125,0.0,0.0,0.0,5.876291751861572,28.572668075561523,20.620756149291992,0.0,0.0,0.0
286.0,54.961585998535156,41606.70703125,3813.3701171875,22047.421875,15745.9140625,4208.9716796875,21.55436134338379,0.0,15807.4462890625,0.15774017572402954,27.927021026611328,1.9511266946792603,7.175335884094238,4.6995086669921875,1.614486575126648,2.6226806640625,6.6376824378967285,0.000996379996649921,0.3692159950733185,1.8057925701141357,0.0,0.0,0.0,0.0,5839.9677734375,408.010498046875,911.9061889648438,1523.010986328125,357.6183166503906,0.0,1003.5676879882812,0.0576469860970974,22.1529598236084,160.8961181640625,0.0,0.0,0.0,420.37457275390625,420.37457275390625,125.66670989990234,174.12918090820312,124.7114486694336,0.0,0.0,0.0,125.66670989990234,174.12918090820312,124.7114486694336,0.0,0.0,0.0,15.20315170288086,29.3784236907959,14.923737525939941,0.0,0.0,0.0
287.0,55.14939880371094,41718.18359375,3813.3701171875,22158.8984375,15745.9140625,4208.9716796875,21.18985939025879,0.901301920413971,16112.3720703125,0.15988390147686005,28.085376739501953,1.9671852588653564,7.175335884094238,4.702419281005859,1.614486575126648,2.6226806640625,6.644625186920166,0.000996379996649921,0.3692159950733185,1.8071948289871216,0.0,0.0,0.0,0.0,5863.482421875,410.6961669921875,911.1101684570312,1846.169921875,623.9544067382812,0.0,592.3648071289062,0.034011341631412506,22.1529598236084,161.02105712890625,0.0,0.0,0.0,421.9689636230469,421.9689636230469,151.0258026123047,169.4644317626953,148.32115173339844,0.0,0.0,0.0,151.0258026123047,169.4644317626953,148.32115173339844,0.0,0.0,0.0,22.083885192871094,27.47718620300293,21.292776107788086,0.0,0.0,0.0
288.0,55.44150924682617,41877.98828125,3813.3701171875,22318.703125,15745.9140625,4208.9716796875,20.882654190063477,0.0,16402.826171875,0.16320568323135376,28.33400535583496,1.992430329322815,7.175335884094238,4.705361843109131,1.614486575126648,2.6226806640625,6.655190467834473,0.000996379996649921,0.3692159950733185,1.8085983991622925,0.0,0.0,0.0,0.0,5946.564453125,418.1588439941406,914.9530029296875,1930.2122802734375,625.546142578125,0.0,653.0964965820312,0.037472669035196304,11.0764799118042,125.33586883544922,0.0,0.0,0.0,423.6175537109375,423.6175537109375,128.97499084472656,143.2469024658203,125.21373748779297,0.0,0.0,0.0,128.97499084472656,143.2469024658203,125.21373748779297,0.0,0.0,0.0,16.842529296875,21.017061233520508,15.742362976074219,0.0,0.0,0.0
289.0,55.75153350830078,42000.1328125,3813.3701171875,22388.890625,15797.875,4208.9716796875,20.130348205566406,0.0,17042.5703125,0.16624492406845093,28.601764678955078,2.019587755203247,7.175335884094238,4.707071304321289,1.614486575126648,2.6226806640625,6.664738655090332,0.000996379996649921,0.3692159950733185,1.8094106912612915,0.0,0.0,0.0,0.0,6020.2236328125,425.0915832519531,917.3899536132812,1931.6546630859375,1023.5922241210938,0.0,616.6152954101562,0.03535761684179306,4.697213172912598,114.90371704101562,0.0,0.0,0.0,425.3130798339844,425.3130798339844,86.03296661376953,121.7385025024414,106.81082916259766,0.0,0.0,0.0,86.03296661376953,121.7385025024414,106.81082916259766,0.0,0.0,0.0,5.0342936515808105,15.478163719177246,11.111820220947266,0.0,0.0,0.0
290.0,56.13616943359375,42536.859375,3813.3701171875,22725.623046875,15997.8671875,4208.9716796875,20.247465133666992,0.0,17158.69140625,0.16946685314178467,28.9361629486084,2.0535361766815186,7.175335884094238,4.70969820022583,1.614486575126648,2.6226806640625,6.674752235412598,0.000996379996649921,0.3692159950733185,1.8098373413085938,0.0,0.0,0.0,0.0,6080.11865234375,431.49273681640625,916.640380859375,1933.333740234375,1022.783447265625,0.0,626.995849609375,0.03592957556247711,4.576213836669922,114.73178100585938,0.0,0.0,0.0,427.0242004394531,427.0242004394531,108.9307861328125,133.27735900878906,114.8031005859375,0.0,0.0,0.0,108.9307861328125,133.27735900878906,114.8031005859375,0.0,0.0,0.0,11.614789962768555,18.736160278320312,13.332440376281738,0.0,0.0,0.0
291.0,56.75788879394531,42742.15234375,3813.3701171875,22893.521484375,16035.2626953125,4208.9716796875,20.981311798095703,0.0,16660.177734375,0.1745181679725647,29.470245361328125,2.1078925132751465,7.175335884094238,4.7216644287109375,1.614486575126648,2.6226806640625,6.690430164337158,0.000996379996649921,0.3692159950733185,1.8104215860366821,0.0,0.0,0.0,0.0,6080.1806640625,434.8917541503906,905.025634765625,1878.030517578125,843.9647827148438,0.0,543.5762939453125,0.03111777827143669,0.0,107.53904724121094,0.0,0.0,0.0,428.7047119140625,428.7047119140625,121.89518737792969,139.10093688964844,125.5978775024414,0.0,0.0,0.0,121.89518737792969,139.10093688964844,125.5978775024414,0.0,0.0,0.0,14.673030853271484,19.70570945739746,15.75606632232666,0.0,0.0,0.0
292.0,57.13788604736328,42802.2109375,3813.3701171875,22953.580078125,16035.2626953125,4208.9716796875,21.004745483398438,0.0,16667.232421875,0.17746518552303314,29.785219192504883,2.13997745513916,7.175335884094238,4.7422051429748535,1.614486575126648,2.6226806640625,6.6995697021484375,0.000996379996649921,0.3692159950733185,1.810733437538147,0.0,0.0,0.0,0.0,6178.65625,443.91766357421875,908.9353637695312,1948.838623046875,523.2518920898438,0.0,675.0121459960938,0.038619235157966614,3.9449961185455322,113.75176239013672,0.0,0.0,0.0,430.34942626953125,430.34942626953125,117.3739242553711,143.19989013671875,126.11175537109375,0.0,0.0,0.0,117.3739242553711,143.19989013671875,126.11175537109375,0.0,0.0,0.0,13.327126502990723,20.881223678588867,15.882944107055664,0.0,0.0,0.0
293.0,57.32895278930664,42829.85546875,3813.3701171875,22981.22265625,16035.2626953125,4208.9716796875,22.037315368652344,0.0,15928.4853515625,0.17883813381195068,29.932958602905273,2.155005693435669,7.175335884094238,4.764739036560059,1.614486575126648,2.6226806640625,6.7038254737854,0.000996379996649921,0.3692159950733185,1.8108701705932617,0.0,0.0,0.0,0.0,6080.44091796875,437.75775146484375,895.1509399414062,1869.2652587890625,368.8955383300781,0.0,538.017822265625,0.030772987753152847,0.0,107.56568908691406,0.0,0.0,0.0,431.9675598144531,431.9675598144531,120.63431549072266,137.91958618164062,120.75888061523438,0.0,0.0,0.0,120.63431549072266,137.91958618164062,120.75888061523438,0.0,0.0,0.0,13.248221397399902,18.304162979125977,13.284656524658203,0.0,0.0,0.0
294.0,57.42538833618164,42841.97265625,3813.3701171875,22993.341796875,16035.2626953125,4208.9716796875,22.328079223632812,0.0,15736.0009765625,0.1794600486755371,30.00018882751465,2.161752939224243,7.175335884094238,4.784587860107422,1.614486575126648,2.6226806640625,6.705752372741699,0.000996379996649921,0.3692159950733185,1.810929536819458,0.0,0.0,0.0,0.0,6053.59423828125,436.2097473144531,890.8207397460938,1842.4423828125,348.17022705078125,0.0,490.2525939941406,0.028037458658218384,0.0,104.39005279541016,0.0,0.0,0.0,433.53076171875,433.53076171875,106.408935546875,134.28819274902344,103.57881927490234,0.0,0.0,0.0,106.408935546875,134.28819274902344,103.57881927490234,0.0,0.0,0.0,8.79653549194336,16.951215744018555,7.968725681304932,0.0,0.0,0.0
295.0,57.47177505493164,42854.4609375,3813.3701171875,23005.828125,16035.2626953125,4208.9716796875,22.672849655151367,0.0,15513.1025390625,0.1797381341457367,30.032419204711914,2.1649093627929688,7.175335884094238,4.794444561004639,1.614486575126648,2.6226806640625,6.706605911254883,0.000996379996649921,0.3692159950733185,1.8109408617019653,0.0,0.0,0.0,0.0,6014.4521484375,433.5562744140625,885.8990478515625,1805.5953369140625,340.1358947753906,0.0,436.5591125488281,0.024965349584817886,0.0,98.01738739013672,0.0,0.0,0.0,435.05889892578125,435.05889892578125,129.9478759765625,126.17723083496094,112.67916870117188,0.0,0.0,0.0,129.9478759765625,126.17723083496094,112.67916870117188,0.0,0.0,0.0,15.336906433105469,14.233991622924805,10.285807609558105,0.0,0.0,0.0
296.0,57.587162017822266,42978.265625,3813.3701171875,23129.630859375,16035.2626953125,4208.9716796875,22.094160079956055,0.0,15948.8291015625,0.1805064082145691,30.124683380126953,2.1740646362304688,7.175335884094238,4.805291175842285,1.614486575126648,2.6226806640625,6.708951473236084,0.000996379996649921,0.3692159950733185,1.8109492063522339,0.0,0.0,0.0,0.0,6122.6083984375,441.8617858886719,895.5604248046875,1871.13330078125,272.3233337402344,0.0,566.1251220703125,0.032369885593652725,11.0764799118042,125.498779296875,0.0,0.0,0.0,436.5755615234375,436.5755615234375,135.2750244140625,135.3446044921875,119.40034484863281,0.0,0.0,0.0,135.2750244140625,135.3446044921875,119.40034484863281,0.0,0.0,0.0,17.47378158569336,17.4941349029541,12.830440521240234,0.0,0.0,0.0
297.0,57.80668640136719,43038.4140625,3813.3701171875,23189.779296875,16035.2626953125,4208.9716796875,22.135330200195312,0.0,15944.0234375,0.18197384476661682,30.301149368286133,2.192056655883789,7.175335884094238,4.824398517608643,1.614486575126648,2.6226806640625,6.713430881500244,0.000996379996649921,0.3692159950733185,1.8109629154205322,0.0,0.0,0.0,0.0,6139.3291015625,444.133544921875,893.701416015625,1554.223388671875,278.8656921386719,0.0,807.6395263671875,0.0461660660803318,22.1529598236084,161.35679626464844,0.0,0.0,0.0,438.1094970703125,438.1094970703125,129.21194458007812,160.8554229736328,163.84811401367188,0.0,0.0,0.0,129.21194458007812,160.8554229736328,163.84811401367188,0.0,0.0,0.0,15.659162521362305,24.91488265991211,25.79024314880371,0.0,0.0,0.0
298.0,57.9395866394043,43057.4453125,3813.3701171875,23208.8125,16035.2626953125,4208.9716796875,21.85521125793457,0.0,16149.2041015625,0.1828862428665161,30.411060333251953,2.203237533569336,7.175335884094238,4.832498550415039,1.614486575126648,2.6226806640625,6.7162184715271,0.000996379996649921,0.3692159950733185,1.8109685182571411,0.0,0.0,0.0,0.0,6177.0341796875,447.5172119140625,895.4486694335938,670.343017578125,352.7872314453125,0.0,1711.358642578125,0.09780683368444443,22.1529598236084,161.3572998046875,0.0,0.0,0.0,439.66693115234375,439.66693115234375,151.1725616455078,177.45948791503906,123.13272857666016,0.0,0.0,0.0,151.1725616455078,177.45948791503906,123.13272857666016,0.0,0.0,0.0,22.362764358520508,30.05169105529785,14.161112785339355,0.0,0.0,0.0
299.0,58.04713439941406,43130.69921875,3813.3701171875,23282.064453125,16035.2626953125,4208.9716796875,21.464235305786133,0.32871904969215393,16460.708984375,0.18365778028964996,30.504018783569336,2.2126588821411133,7.175335884094238,4.834533214569092,1.614486575126648,2.6226806640625,6.718579292297363,0.000996379996649921,0.3692159950733185,1.8109698295593262,0.0,0.0,0.0,0.0,6197.2763671875,449.529541015625,895.7166137695312,1798.393310546875,616.0711669921875,0.0,505.7842102050781,0.028901970013976097,22.1529598236084,161.35740661621094,0.0,0.0,0.0,441.2768859863281,441.2768859863281,149.68316650390625,157.00411987304688,149.9977569580078,0.0,0.0,0.0,149.68316650390625,157.00411987304688,149.9977569580078,0.0,0.0,0.0,21.98937225341797,24.130748748779297,22.081390380859375,0.0,0.0,0.0
300.0,58.32024002075195,43360.25,3813.3701171875,23511.6171875,16035.2626953125,4208.9716796875,21.197553634643555,0.0,16747.197265625,0.18562544882297516,30.740976333618164,2.2367658615112305,7.175335884094238,4.8385820388793945,1.614486575126648,2.6226806640625,6.724602222442627,0.000996379996649921,0.3692159950733185,1.8109714984893799,0.0,0.0,0.0,0.0,6278.421875,456.82867431640625,899.432861328125,1913.8675537109375,617.6227416992188,0.0,563.8467407226562,0.032207343727350235,0.0,107.57170867919922,0.0,0.0,0.0,442.934814453125,442.934814453125,119.3122787475586,138.9160614013672,117.68919372558594,0.0,0.0,0.0,119.3122787475586,138.9160614013672,117.68919372558594,0.0,0.0,0.0,13.701287269592285,19.435394287109375,13.226533889770508,0.0,0.0,0.0
