time,Total Generation Capacity,Total Transmission,Transmission for Interconnection km,Total Transmission for Generation Connection,Total Transmission for Demand Connection,Total Interconnection Capacity,Transmission Tariff[f0],Congestion Tariff[f0],National Peak Demand[f0],Generation Capacity by Tech[TBiomass],Generation Capacity by Tech[TWindOnS],Generation Capacity by Tech[TWindOffS],Generation Capacity by Tech[TPV],Generation Capacity by Tech[THydroDam],Generation Capacity by Tech[THRoR],Generation Capacity by Tech[TThermo1],Generation Capacity by Tech[TThermo2],Generation Capacity by Tech[TGeothermal],Generation Capacity by Tech[TPVBESSOp1],Generation Capacity by Tech[TPVBESSOp2],Generation Capacity by Tech[TOther1],Generation Capacity by Tech[TOther2],Generation Capacity by Tech[TOther3],Generation by Tech per Month[TBiomass],Generation by Tech per Month[TWindOnS],Generation by Tech per Month[TWindOffS],Generation by Tech per Month[TPV],Generation by Tech per Month[THydroDam],Generation by Tech per Month[THRoR],Generation by Tech per Month[TThermo1],Generation by Tech per Month[TThermo2],Generation by Tech per Month[TGeothermal],Generation by Tech per Month[TPVBESSOp1],Generation by Tech per Month[TPVBESSOp2],Generation by Tech per Month[TOther1],Generation by Tech per Month[TOther2],Generation by Tech per Month[TOther3],Generation by Tech per Month[DERBESS],Generation by Tech per Month[DER],"Electricity Tariff[Regulated,Z1]","Electricity Tariff[Regulated,Z2]","Electricity Tariff[Regulated,Z3]","Electricity Tariff[Regulated,Z4]","Electricity Tariff[Regulated,Z5]","Electricity Tariff[Regulated,Z6]","Electricity Tariff[Unregulated,Z1]","Electricity Tariff[Unregulated,Z2]","Electricity Tariff[Unregulated,Z3]","Electricity Tariff[Unregulated,Z4]","Electricity Tariff[Unregulated,Z5]","Electricity Tariff[Unregulated,Z6]","Generation Tariff[f0,Z1]","Generation Tariff[f0,Z2]","Generation Tariff[f0,Z3]","Generation Tariff[f0,Z4]","Generation Tariff[f0,Z5]","Generation Tariff[f0,Z6]"
0.0,14.057049751281738,16177.3701171875,1836.469970703125,5622.81982421875,8718.080078125,1600.0,16.893709182739258,0.9912989735603333,7532.21728515625,0.06656000018119812,1.021299958229065,0.0,0.4778200089931488,3.705590009689331,1.5324699878692627,2.6226699352264404,4.630640029907227,0.0,0.0,0.0,0.0,0.0,0.0,0.0,279.896484375,0.0,79.0820083618164,2668.02490234375,894.5088500976562,0.0,1152.0262451171875,0.0,0.0,0.0,0.0,0.0,0.0,0.0046911598183214664,0.0046911598183214664,181.14532470703125,182.1839599609375,196.01895141601562,0.0,0.0,0.0,181.14532470703125,182.1839599609375,196.01895141601562,0.0,0.0,0.0,35.10000228881836,35.40380096435547,39.45053482055664,0.0,0.0,0.0
1.0,14.069549560546875,16177.3701171875,1836.469970703125,5622.81982421875,8718.080078125,1600.0,16.266267776489258,0.0,7824.53466796875,0.06656000018119812,1.021299958229065,0.0,0.4778200089931488,3.705590009689331,1.5449700355529785,2.6226699352264404,4.630640029907227,0.0,0.0,0.0,0.0,0.0,0.0,0.0,279.896484375,0.0,79.0820083618164,2668.02490234375,1112.37841796875,0.0,1129.859130859375,0.0,0.0,0.0,0.0,0.0,0.0,1.201083779335022,1.201083779335022,149.30130004882812,174.4041290283203,169.97108459472656,0.0,0.0,0.0,149.30130004882812,174.4041290283203,169.97108459472656,0.0,0.0,0.0,27.404359817504883,34.7469367980957,33.45027542114258,0.0,0.0,0.0
2.0,14.069549560546875,16182.3701171875,1836.469970703125,5627.81982421875,8718.080078125,1600.0,16.16788101196289,0.0,7876.38134765625,0.06656000018119812,1.021299958229065,0.0,0.4778200089931488,3.705590009689331,1.5449700355529785,2.6226699352264404,4.630640029907227,0.0,0.0,0.0,0.0,0.0,0.0,0.0,279.896484375,0.0,79.0820083618164,2668.02490234375,1112.37841796875,0.0,1163.5625,0.0,0.0,0.0,0.0,0.0,0.0,2.4205212593078613,2.4205212593078613,92.05091857910156,174.8329620361328,176.14340209960938,0.0,0.0,0.0,92.05091857910156,174.8329620361328,176.14340209960938,0.0,0.0,0.0,10.757011413574219,34.970760345458984,35.35406494140625,0.0,0.0,0.0
3.0,14.069549560546875,16182.3701171875,1836.469970703125,5627.81982421875,8718.080078125,1600.0,16.658855438232422,0.0,7646.12255859375,0.06656000018119812,1.021299958229065,0.0,0.4778200089931488,3.705590009689331,1.5449700355529785,2.6226699352264404,4.630640029907227,0.0,0.0,0.0,0.0,0.0,0.0,0.0,279.896484375,0.0,79.0820083618164,2668.02490234375,925.83251953125,0.0,1193.8187255859375,0.0,0.0,0.0,0.0,0.0,0.0,3.6125547885894775,3.6125547885894775,56.95499038696289,177.248046875,171.21505737304688,0.0,0.0,0.0,56.95499038696289,177.248046875,171.21505737304688,0.0,0.0,0.0,0.00047904375242069364,35.18619918823242,33.42155075073242,0.0,0.0,0.0
4.0,14.069549560546875,16182.3701171875,1836.469970703125,5627.81982421875,8718.080078125,1600.0,16.658626556396484,0.0,7647.935546875,0.06656000018119812,1.021299958229065,0.0,0.4778200089931488,3.705590009689331,1.5449700355529785,2.6226699352264404,4.630640029907227,0.0,0.0,0.0,0.0,0.0,0.0,0.0,279.896484375,0.0,79.0820083618164,2668.02490234375,572.429931640625,0.0,1547.2918701171875,0.0,0.0,0.0,0.0,0.0,0.0,4.763416767120361,4.763416767120361,123.02583312988281,183.99485778808594,183.80836486816406,0.0,0.0,0.0,123.02583312988281,183.99485778808594,183.80836486816406,0.0,0.0,0.0,19.32642936706543,37.15987014770508,37.105316162109375,0.0,0.0,0.0
5.0,14.069549560546875,16182.3701171875,1836.469970703125,5627.81982421875,8718.080078125,1600.0,17.4392032623291,0.0,7307.59912109375,0.06656000018119812,1.021299958229065,0.0,0.4778200089931488,3.705590009689331,1.5449700355529785,2.6226699352264404,4.630640029907227,0.0,0.0,0.0,0.0,0.0,0.0,0.0,279.896484375,0.0,79.0820083618164,1149.14990234375,407.575439453125,0.0,3000.65478515625,0.0,0.0,0.0,0.0,0.0,0.0,5.886185646057129,5.886185646057129,231.92889404296875,219.62120056152344,232.2707061767578,0.0,0.0,0.0,231.92889404296875,219.62120056152344,232.2707061767578,0.0,0.0,0.0,50.400001525878906,46.79999923706055,50.49998092651367,0.0,0.0,0.0
6.0,14.069549560546875,16182.3701171875,1836.469970703125,5627.81982421875,8718.080078125,1600.0,17.660120010375977,0.0,7217.94287109375,0.06656000018119812,1.021299958229065,0.0,0.4778200089931488,3.705590009689331,1.5449700355529785,2.6226699352264404,4.630640029907227,0.0,0.0,0.0,0.0,0.0,0.0,11.96236801147461,279.896484375,0.0,79.0820083618164,1097.3780517578125,385.8840637207031,0.0,3000.65478515625,0.0,0.0,0.0,0.0,0.0,0.0,6.996593475341797,6.996593475341797,232.68417358398438,230.88876342773438,233.0260009765625,0.0,0.0,0.0,232.68417358398438,230.88876342773438,233.0260009765625,0.0,0.0,0.0,50.400001525878906,49.87484359741211,50.49998474121094,0.0,0.0,0.0
7.0,14.069549560546875,16182.3701171875,1836.469970703125,5627.81982421875,8718.080078125,1600.0,17.921857833862305,0.0,7114.3681640625,0.06656000018119812,1.021299958229065,0.0,0.4778200089931488,3.705590009689331,1.5449700355529785,2.6226699352264404,4.630640029907227,0.0,0.0,0.0,0.0,0.0,0.0,0.0,279.896484375,0.0,79.0820083618164,1046.002685546875,378.31988525390625,0.0,3000.65478515625,0.0,0.0,0.0,0.0,0.0,0.0,8.132685661315918,8.132685661315918,233.57899475097656,223.1134490966797,233.9208221435547,0.0,0.0,0.0,233.57899475097656,223.1134490966797,233.9208221435547,0.0,0.0,0.0,50.400001525878906,47.33882522583008,50.49998092651367,0.0,0.0,0.0
8.0,14.278849601745605,16182.3701171875,1836.469970703125,5627.81982421875,8718.080078125,1600.0,17.438861846923828,0.0,7312.828125,0.06656000018119812,1.021299958229065,0.0,0.4778200089931488,3.9148900508880615,1.5449700355529785,2.6226699352264404,4.630640029907227,0.0,0.0,0.0,0.0,0.0,0.0,11.96236801147461,279.896484375,0.0,79.0820083618164,1244.072021484375,300.787109375,0.0,3000.65478515625,0.0,0.0,0.0,0.0,0.0,0.0,9.312289237976074,9.312289237976074,231.927734375,227.48046875,232.2694091796875,0.0,0.0,0.0,231.927734375,227.48046875,232.2694091796875,0.0,0.0,0.0,50.400001525878906,49.09917449951172,50.499942779541016,0.0,0.0,0.0
9.0,14.278849601745605,16266.08984375,1836.469970703125,5711.5400390625,8718.080078125,1600.0,17.54209327697754,0.0,7309.2578125,0.06656000018119812,1.021299958229065,0.0,0.4778200089931488,3.9148900508880615,1.5449700355529785,2.6226699352264404,4.630640029907227,0.0,0.0,0.0,0.0,0.0,0.0,11.96236801147461,279.896484375,0.0,79.0820083618164,1232.750244140625,308.4625244140625,0.0,3000.65478515625,0.0,0.0,0.0,0.0,0.0,0.0,10.553764343261719,10.553764343261719,232.28065490722656,225.20970153808594,232.62234497070312,0.0,0.0,0.0,232.28065490722656,225.20970153808594,232.62234497070312,0.0,0.0,0.0,50.400001525878906,48.33174514770508,50.499942779541016,0.0,0.0,0.0
10.0,14.278849601745605,16266.08984375,1836.469970703125,5711.5400390625,8718.080078125,1600.0,17.326465606689453,0.0,7401.9365234375,0.06656000018119812,1.021299958229065,0.0,0.4778200089931488,3.9148900508880615,1.5449700355529785,2.6226699352264404,4.630640029907227,0.0,0.0,0.0,0.0,0.0,0.0,30.670848846435547,279.896484375,0.0,79.0820083618164,1193.8663330078125,389.77740478515625,0.0,3000.65478515625,0.0,0.0,0.0,0.0,0.0,0.0,11.840690612792969,11.840690612792969,235.50929260253906,234.0243377685547,231.88511657714844,0.0,0.0,0.0,235.50929260253906,234.0243377685547,231.88511657714844,0.0,0.0,0.0,51.560001373291016,51.12565231323242,50.49993133544922,0.0,0.0,0.0
11.0,14.278849601745605,16266.08984375,1836.469970703125,5711.5400390625,8718.080078125,1600.0,17.0054931640625,0.0,7543.30712890625,0.06656000018119812,1.021299958229065,0.0,0.4778200089931488,3.9148900508880615,1.5449700355529785,2.6226699352264404,4.630640029907227,0.0,0.0,0.0,0.0,0.0,0.0,0.0,279.896484375,0.0,79.0820083618164,1027.531982421875,680.6643676757812,0.0,3000.65478515625,0.0,0.0,0.0,0.0,0.0,0.0,13.183318138122559,13.183318138122559,230.44613647460938,218.13844299316406,230.7880096435547,0.0,0.0,0.0,230.44613647460938,218.13844299316406,230.7880096435547,0.0,0.0,0.0,50.400001525878906,46.79999923706055,50.5,0.0,0.0,0.0
12.0,14.278849601745605,16266.08984375,1836.469970703125,5711.5400390625,8718.080078125,1600.0,16.222087860107422,0.18328697979450226,7908.73095703125,0.06656000018119812,1.021299958229065,0.0,0.4778200089931488,3.9148900508880615,1.5449700355529785,2.6226699352264404,4.630640029907227,0.0,0.0,0.0,0.0,0.0,0.0,0.0,279.896484375,0.0,79.0820083618164,2818.720703125,901.80517578125,0.0,1233.063232421875,0.0,0.0,0.0,0.0,0.0,0.0,14.587125778198242,14.587125778198242,161.47471618652344,177.30271911621094,189.56202697753906,0.0,0.0,0.0,161.47471618652344,177.30271911621094,189.56202697753906,0.0,0.0,0.0,30.825979232788086,35.45566940307617,39.0415153503418,0.0,0.0,0.0
13.0,14.755249977111816,16302.39453125,1836.469970703125,5711.5400390625,8754.384765625,1600.0,15.653484344482422,0.5877667665481567,8215.634765625,0.06656000018119812,1.021299958229065,0.0,0.934220016002655,3.9148900508880615,1.5649700164794922,2.6226699352264404,4.630640029907227,0.0,0.0,0.0,0.0,0.0,0.0,0.0,279.896484375,0.0,154.6413116455078,2818.720703125,1126.7784423828125,0.0,1137.79443359375,0.0,0.0,0.0,0.0,0.0,0.0,16.047073364257812,16.047073364257812,172.4596405029297,177.5865936279297,188.4770965576172,0.0,0.0,0.0,172.4596405029297,177.5865936279297,188.4770965576172,0.0,0.0,0.0,34.20319366455078,35.70282745361328,38.88829803466797,0.0,0.0,0.0
14.0,14.755249977111816,16686.626953125,1836.469970703125,5902.10009765625,8948.0576171875,1600.0,15.920906066894531,0.0,8270.0556640625,0.06656000018119812,1.021299958229065,0.0,0.934220016002655,3.9148900508880615,1.5649700164794922,2.6226699352264404,4.630640029907227,0.0,0.0,0.0,0.0,0.0,0.0,0.0,279.896484375,0.0,154.6413116455078,2818.720703125,1126.7784423828125,0.0,1172.97802734375,0.0,0.0,0.0,0.0,0.0,0.0,17.520587921142578,17.520587921142578,114.45043182373047,174.2610626220703,171.44659423828125,0.0,0.0,0.0,114.45043182373047,174.2610626220703,171.44659423828125,0.0,0.0,0.0,17.555845260620117,35.050453186035156,34.22722244262695,0.0,0.0,0.0
15.0,14.755249977111816,16733.455078125,1836.469970703125,5902.10009765625,8994.884765625,1600.0,16.45233917236328,0.0,8028.26806640625,0.06656000018119812,1.021299958229065,0.0,0.934220016002655,3.9148900508880615,1.5649700164794922,2.6226699352264404,4.630640029907227,0.0,0.0,0.0,0.0,0.0,0.0,0.0,279.896484375,0.0,154.6413116455078,2818.720703125,937.8176879882812,0.0,1197.648681640625,0.0,0.0,0.0,0.0,0.0,0.0,18.947298049926758,18.947298049926758,79.49282836914062,176.6409149169922,170.26246643066406,0.0,0.0,0.0,79.49282836914062,176.6409149169922,170.26246643066406,0.0,0.0,0.0,6.799312591552734,35.21512985229492,33.349430084228516,0.0,0.0,0.0
16.0,14.755249977111816,16733.455078125,1836.469970703125,5902.10009765625,8994.884765625,1600.0,16.452625274658203,0.0,8030.15087890625,0.06656000018119812,1.021299958229065,0.0,0.934220016002655,3.9148900508880615,1.5649700164794922,2.6226699352264404,4.630640029907227,0.0,0.0,0.0,0.0,0.0,0.0,0.0,279.896484375,0.0,154.6413116455078,2818.720703125,579.8401489257812,0.0,1555.5325927734375,0.0,0.0,0.0,0.0,0.0,0.0,20.309062957763672,20.309062957763672,141.78857421875,184.44813537597656,176.5097198486328,0.0,0.0,0.0,141.78857421875,184.44813537597656,176.5097198486328,0.0,0.0,0.0,25.02053451538086,37.49845504760742,35.17646789550781,0.0,0.0,0.0
17.0,14.755249977111816,16733.455078125,1836.469970703125,5902.10009765625,8994.884765625,1600.0,17.22636604309082,0.0,7672.7783203125,0.06656000018119812,1.021299958229065,0.0,0.934220016002655,3.9148900508880615,1.5649700164794922,2.6226699352264404,4.630640029907227,0.0,0.0,0.0,0.0,0.0,0.0,0.0,279.896484375,0.0,154.6413116455078,1298.55078125,412.8515930175781,0.0,3000.65478515625,0.0,0.0,0.0,0.0,0.0,0.0,21.62691879272461,21.62691879272461,231.2012481689453,218.8935546875,231.54295349121094,0.0,0.0,0.0,231.2012481689453,218.8935546875,231.54295349121094,0.0,0.0,0.0,50.400001525878906,46.79999923706055,50.49994659423828,0.0,0.0,0.0
18.0,14.755249977111816,16733.455078125,1836.469970703125,5902.10009765625,8994.884765625,1600.0,17.44576644897461,0.0,7578.61376953125,0.06656000018119812,1.021299958229065,0.0,0.934220016002655,3.9148900508880615,1.5649700164794922,2.6226699352264404,4.630640029907227,0.0,0.0,0.0,0.0,0.0,0.0,30.670848846435547,279.896484375,0.0,154.6413116455078,1225.127685546875,390.8794250488281,0.0,3000.65478515625,0.0,0.0,0.0,0.0,0.0,0.0,22.924230575561523,22.924230575561523,235.9171600341797,235.1855010986328,232.2930145263672,0.0,0.0,0.0,235.9171600341797,235.1855010986328,232.2930145263672,0.0,0.0,0.0,51.560001373291016,51.34599304199219,50.49993896484375,0.0,0.0,0.0
19.0,14.755249977111816,16733.455078125,1836.469970703125,5902.10009765625,8994.884765625,1600.0,17.705591201782227,0.0,7469.85546875,0.06656000018119812,1.021299958229065,0.0,0.934220016002655,3.9148900508880615,1.5649700164794922,2.6226699352264404,4.630640029907227,0.0,0.0,0.0,0.0,0.0,0.0,30.670848846435547,279.896484375,0.0,154.6413116455078,445.68719482421875,383.21734619140625,712.5279541015625,3000.65478515625,0.0,0.0,0.0,0.0,0.0,0.0,24.241363525390625,24.241363525390625,272.97637939453125,237.88536071777344,233.72608947753906,0.0,0.0,0.0,272.97637939453125,237.88536071777344,233.72608947753906,0.0,0.0,0.0,62.13999938964844,51.875877380371094,50.6592903137207,0.0,0.0,0.0
20.0,14.755249977111816,16733.455078125,1836.469970703125,5902.10009765625,8994.884765625,1600.0,17.227415084838867,0.0,7678.20751953125,0.06656000018119812,1.021299958229065,0.0,0.934220016002655,3.9148900508880615,1.5649700164794922,2.6226699352264404,4.630640029907227,0.0,0.0,0.0,0.0,0.0,0.0,11.96236801147461,279.896484375,0.0,154.6413116455078,1394.4456787109375,304.6808776855469,0.0,3000.65478515625,0.0,0.0,0.0,0.0,0.0,0.0,25.597484588623047,25.597484588623047,208.71453857421875,231.0348358154297,231.75328063964844,0.0,0.0,0.0,208.71453857421875,231.0348358154297,231.75328063964844,0.0,0.0,0.0,43.82158660888672,50.350276947021484,50.560420989990234,0.0,0.0,0.0
21.0,14.755249977111816,16733.455078125,1836.469970703125,5902.10009765625,8994.884765625,1600.0,17.240671157836914,0.0,7674.4365234375,0.06656000018119812,1.021299958229065,0.0,0.934220016002655,3.9148900508880615,1.5649700164794922,2.6226699352264404,4.630640029907227,0.0,0.0,0.0,0.0,0.0,0.0,30.670848846435547,279.896484375,0.0,154.6413116455078,1364.0057373046875,312.4556579589844,0.0,3000.65478515625,0.0,0.0,0.0,0.0,0.0,0.0,27.014196395874023,27.014196395874023,235.21597290039062,236.08834838867188,231.5918731689453,0.0,0.0,0.0,235.21597290039062,236.08834838867188,231.5918731689453,0.0,0.0,0.0,51.560001373291016,51.81517028808594,50.49995040893555,0.0,0.0,0.0
22.0,14.755249977111816,16733.455078125,1836.469970703125,5902.10009765625,8994.884765625,1600.0,17.028507232666016,0.0,7771.7265625,0.06656000018119812,1.021299958229065,0.0,0.934220016002655,3.9148900508880615,1.5649700164794922,2.6226699352264404,4.630640029907227,0.0,0.0,0.0,0.0,0.0,0.0,11.96236801147461,279.896484375,0.0,154.6413116455078,1364.4169921875,394.8231506347656,0.0,3000.65478515625,0.0,0.0,0.0,0.0,0.0,0.0,28.476228713989258,28.476228713989258,230.52481079101562,231.1808624267578,230.8665008544922,0.0,0.0,0.0,230.52481079101562,231.1808624267578,230.8665008544922,0.0,0.0,0.0,50.400001525878906,50.59189224243164,50.499942779541016,0.0,0.0,0.0
23.0,14.755249977111816,16733.455078125,1836.469970703125,5902.10009765625,8994.884765625,1600.0,16.7125244140625,0.0,7920.1220703125,0.06656000018119812,1.021299958229065,0.0,0.934220016002655,3.9148900508880615,1.5649700164794922,2.6226699352264404,4.630640029907227,0.0,0.0,0.0,0.0,0.0,0.0,0.0,279.896484375,0.0,154.6413116455078,1180.163818359375,689.4757080078125,0.0,3000.65478515625,0.0,0.0,0.0,0.0,0.0,0.0,29.995389938354492,29.995389938354492,229.44451904296875,219.8664093017578,229.78640747070312,0.0,0.0,0.0,229.44451904296875,219.8664093017578,229.78640747070312,0.0,0.0,0.0,50.400001525878906,47.59840393066406,50.5,0.0,0.0,0.0
24.0,14.755249977111816,16733.455078125,1836.469970703125,5902.10009765625,8994.884765625,1600.0,15.987903594970703,0.0,8279.416015625,0.06656000018119812,1.021299958229065,0.0,0.934220016002655,3.9148900508880615,1.5649700164794922,2.6226699352264404,4.630640029907227,0.0,0.0,0.0,0.0,0.0,0.0,0.0,279.896484375,0.0,154.6413116455078,1196.5911865234375,913.479248046875,0.0,3000.65478515625,0.0,0.0,0.0,0.0,0.0,0.0,31.577552795410156,31.577552795410156,226.96717834472656,214.6595001220703,227.3089141845703,0.0,0.0,0.0,226.96717834472656,214.6595001220703,227.3089141845703,0.0,0.0,0.0,50.399993896484375,46.79999923706055,50.49995422363281,0.0,0.0,0.0
25.0,14.755249977111816,16772.20703125,1836.469970703125,5902.10009765625,9033.6357421875,1600.0,15.427433967590332,0.0,8600.68359375,0.06656000018119812,1.021299958229065,0.0,0.934220016002655,3.9148900508880615,1.5649700164794922,2.6226699352264404,4.630640029907227,0.0,0.0,0.0,0.0,0.0,0.0,0.0,279.896484375,0.0,154.6413116455078,2818.720703125,1126.7784423828125,0.0,1379.990478515625,0.0,0.0,0.0,0.0,0.0,0.0,33.21222686767578,33.21222686767578,122.14900207519531,177.35650634765625,186.89431762695312,0.0,0.0,0.0,122.14900207519531,177.35650634765625,186.89431762695312,0.0,0.0,0.0,20.3011474609375,36.449344635009766,39.23915481567383,0.0,0.0,0.0
26.0,14.755249977111816,16964.716796875,1836.469970703125,5902.10009765625,9226.1474609375,1600.0,15.5056734085083,0.0,8657.625,0.06656000018119812,1.021299958229065,0.0,0.934220016002655,3.9148900508880615,1.5649700164794922,2.6226699352264404,4.630640029907227,0.0,0.0,0.0,0.0,0.0,0.0,0.0,279.896484375,0.0,154.6413116455078,2818.720703125,1126.7784423828125,0.0,1416.706298828125,0.0,0.0,0.0,0.0,0.0,0.0,34.85080337524414,34.85080337524414,65.50247192382812,178.5084228515625,169.9375457763672,0.0,0.0,0.0,65.50247192382812,178.5084228515625,169.9375457763672,0.0,0.0,0.0,3.653799295425415,36.70804214477539,34.20105743408203,0.0,0.0,0.0
27.0,14.755249977111816,17001.560546875,1836.469970703125,5902.10009765625,9262.9912109375,1600.0,16.0147647857666,0.0,8404.4853515625,0.06656000018119812,1.021299958229065,0.0,0.934220016002655,3.9148900508880615,1.5649700164794922,2.6226699352264404,4.630640029907227,0.0,0.0,0.0,0.0,0.0,0.0,0.0,279.896484375,0.0,154.6413116455078,2818.720703125,937.8176879882812,0.0,1433.584228515625,0.0,0.0,0.0,0.0,0.0,0.0,36.42384719848633,36.42384719848633,73.08453369140625,180.67442321777344,159.5519561767578,0.0,0.0,0.0,73.08453369140625,180.67442321777344,159.5519561767578,0.0,0.0,0.0,5.362462997436523,36.83250427246094,30.6541805267334,0.0,0.0,0.0
28.0,14.755249977111816,17001.560546875,1836.469970703125,5902.10009765625,9262.9912109375,1600.0,16.01529884338379,0.0,8406.4248046875,0.06656000018119812,1.021299958229065,0.0,0.934220016002655,3.9148900508880615,1.5649700164794922,2.6226699352264404,4.630640029907227,0.0,0.0,0.0,0.0,0.0,0.0,0.0,279.896484375,0.0,154.6413116455078,2818.720703125,579.8401489257812,0.0,1791.373779296875,0.0,0.0,0.0,0.0,0.0,0.0,37.91841506958008,37.91841506958008,93.06991577148438,188.5088653564453,166.75636291503906,0.0,0.0,0.0,93.06991577148438,188.5088653564453,166.75636291503906,0.0,0.0,0.0,11.207650184631348,39.12354278564453,32.76093673706055,0.0,0.0,0.0
29.0,14.755249977111816,17001.560546875,1836.469970703125,5902.10009765625,9262.9912109375,1600.0,16.771034240722656,0.0,8032.28515625,0.06656000018119812,1.021299958229065,0.0,0.934220016002655,3.9148900508880615,1.5649700164794922,2.6226699352264404,4.630640029907227,0.0,0.0,0.0,0.0,0.0,0.0,0.0,279.896484375,0.0,154.6413116455078,1522.9788818359375,412.8515930175781,0.0,3000.65478515625,0.0,0.0,0.0,0.0,0.0,0.0,39.355224609375,39.355224609375,207.2234649658203,217.3368682861328,229.98626708984375,0.0,0.0,0.0,207.2234649658203,217.3368682861328,229.98626708984375,0.0,0.0,0.0,43.84183120727539,46.79999923706055,50.49995040893555,0.0,0.0,0.0
30.0,14.755249977111816,17001.560546875,1836.469970703125,5902.10009765625,9262.9912109375,1600.0,16.98551368713379,0.0,7933.6884765625,0.06656000018119812,1.021299958229065,0.0,0.934220016002655,3.9148900508880615,1.5649700164794922,2.6226699352264404,4.630640029907227,0.0,0.0,0.0,0.0,0.0,0.0,30.670848846435547,279.896484375,0.0,154.6413116455078,48.78889465332031,390.8794250488281,1397.6705322265625,3000.65478515625,0.0,0.0,0.0,0.0,0.0,0.0,40.763336181640625,40.763336181640625,270.51458740234375,237.78244018554688,262.6976318359375,0.0,0.0,0.0,270.51458740234375,237.78244018554688,262.6976318359375,0.0,0.0,0.0,62.13999938964844,52.56584930419922,59.853546142578125,0.0,0.0,0.0
31.0,14.767749786376953,17001.560546875,1836.469970703125,5902.10009765625,9262.9912109375,1600.0,17.23952865600586,0.0,7819.802734375,0.06656000018119812,1.021299958229065,0.0,0.934220016002655,3.9148900508880615,1.5774699449539185,2.6226699352264404,4.630640029907227,0.0,0.0,0.0,0.0,0.0,0.0,30.670848846435547,279.896484375,0.0,154.6413116455078,445.68719482421875,386.2782287597656,927.233642578125,3000.65478515625,0.0,0.0,0.0,0.0,0.0,0.0,42.1921501159668,42.1921501159668,271.38299560546875,237.82786560058594,236.2930145263672,0.0,0.0,0.0,271.38299560546875,237.82786560058594,236.2930145263672,0.0,0.0,0.0,62.13999938964844,52.32512283325195,51.87617874145508,0.0,0.0,0.0
32.0,14.767749786376953,17006.560546875,1836.469970703125,5907.10009765625,9262.9912109375,1600.0,16.777599334716797,0.0,8037.896484375,0.06656000018119812,1.021299958229065,0.0,0.934220016002655,3.9148900508880615,1.5774699449539185,2.6226699352264404,4.630640029907227,0.0,0.0,0.0,0.0,0.0,0.0,30.670848846435547,279.896484375,0.0,154.6413116455078,1222.730712890625,307.1144714355469,374.79168701171875,3000.65478515625,0.0,0.0,0.0,0.0,0.0,0.0,43.657447814941406,43.657447814941406,269.80377197265625,236.856689453125,230.1867218017578,0.0,0.0,0.0,269.80377197265625,236.856689453125,230.1867218017578,0.0,0.0,0.0,62.13999938964844,52.50298309326172,50.55201721191406,0.0,0.0,0.0
33.0,14.767749786376953,17006.560546875,1836.469970703125,5907.10009765625,9262.9912109375,1600.0,16.79074478149414,0.0,8033.92529296875,0.06656000018119812,1.021299958229065,0.0,0.934220016002655,3.9148900508880615,1.5774699449539185,2.6226699352264404,4.630640029907227,0.0,0.0,0.0,0.0,0.0,0.0,30.670848846435547,279.896484375,0.0,154.6413116455078,120.22957611083984,314.95135498046875,1465.25146484375,3000.65478515625,0.0,0.0,0.0,0.0,0.0,0.0,45.1872673034668,45.1872673034668,269.84869384765625,236.89215087890625,267.25543212890625,0.0,0.0,0.0,269.84869384765625,236.89215087890625,267.25543212890625,0.0,0.0,0.0,62.13999938964844,52.50020980834961,61.381465911865234,0.0,0.0,0.0
34.0,14.767749786376953,17042.322265625,1836.469970703125,5942.861328125,9262.9912109375,1600.0,16.618532180786133,0.0,8135.74462890625,0.06656000018119812,1.021299958229065,0.0,0.934220016002655,3.9148900508880615,1.5774699449539185,2.6226699352264404,4.630640029907227,0.0,0.0,0.0,0.0,0.0,0.0,30.670848846435547,279.896484375,0.0,154.6413116455078,101.492919921875,397.97674560546875,1467.9727783203125,3000.65478515625,0.0,0.0,0.0,0.0,0.0,0.0,46.76023483276367,46.76023483276367,269.25994873046875,237.7871551513672,266.8807067871094,0.0,0.0,0.0,269.25994873046875,237.7871551513672,266.8807067871094,0.0,0.0,0.0,62.13999938964844,52.93421173095703,61.44407653808594,0.0,0.0,0.0
35.0,14.899060249328613,17135.8515625,1836.469970703125,6036.39111328125,9262.9912109375,1600.0,16.398855209350586,0.0,8291.0791015625,0.06656000018119812,1.021299958229065,0.0,0.972471296787262,3.9148900508880615,1.5774699449539185,2.6226699352264404,4.630640029907227,0.0,0.043494321405887604,0.04956476390361786,0.0,0.0,0.0,0.0,279.896484375,0.0,160.62783813476562,1389.5291748046875,694.9827880859375,0.0,3000.65478515625,0.0,5.219318866729736,5.3976030349731445,0.0,0.0,0.0,48.38844299316406,48.38844299316406,228.3721466064453,217.25929260253906,228.7140350341797,0.0,0.0,0.0,228.3721466064453,217.25929260253906,228.7140350341797,0.0,0.0,0.0,50.400001525878906,47.14949035644531,50.5,0.0,0.0,0.0
36.0,15.092097282409668,17200.46484375,1836.469970703125,6101.00390625,9262.9912109375,1600.0,15.7854585647583,0.0,8645.17578125,0.06656000018119812,1.021299958229065,0.0,1.0418264865875244,3.9148900508880615,1.5774699449539185,2.6226699352264404,4.630640029907227,0.0,0.10133011639118195,0.11541096121072769,0.0,0.0,0.0,0.0,279.896484375,0.0,171.47198486328125,1375.5994873046875,920.7755737304688,0.0,3000.65478515625,0.0,12.159613609313965,12.568253517150879,0.0,0.0,0.0,50.08216094970703,50.08216094970703,226.27505493164062,213.96737670898438,226.61676025390625,0.0,0.0,0.0,226.27505493164062,213.96737670898438,226.61676025390625,0.0,0.0,0.0,50.399993896484375,46.79999923706055,50.499942779541016,0.0,0.0,0.0
37.0,15.408427238464355,17342.880859375,1836.469970703125,6121.4482421875,9384.962890625,1600.0,15.321200370788574,0.0,8980.6044921875,0.06656000018119812,1.2412999868392944,0.0,1.0794085264205933,3.9148900508880615,1.5774699449539185,2.6226699352264404,4.630640029907227,0.0,0.12849529087543488,0.14699316024780273,0.0,0.0,0.0,0.0,340.189453125,0.0,177.37203979492188,2818.720703125,1135.7784423828125,0.0,1493.822509765625,0.0,15.419434547424316,16.00755500793457,0.0,0.0,0.0,51.835777282714844,51.835777282714844,122.2658920288086,179.56321716308594,180.84072875976562,0.0,0.0,0.0,122.2658920288086,179.56321716308594,180.84072875976562,0.0,0.0,0.0,20.441572189331055,37.2010383605957,37.574710845947266,0.0,0.0,0.0
38.0,15.47749137878418,17583.0390625,1836.469970703125,6215.91650390625,9530.6533203125,1600.0,15.434846878051758,0.0,9040.0380859375,0.06656000018119812,1.2412999868392944,0.0,1.1073501110076904,3.9148900508880615,1.5774699449539185,2.6226699352264404,4.630640029907227,0.0,0.1477930098772049,0.16881853342056274,0.0,0.0,0.0,0.0,340.189453125,0.0,181.7344207763672,2818.720703125,1135.7784423828125,0.0,1523.0469970703125,0.0,17.73516273498535,18.38433837890625,0.0,0.0,0.0,53.58998489379883,53.58998489379883,65.74040985107422,180.56117248535156,166.83633422851562,0.0,0.0,0.0,65.74040985107422,180.56117248535156,166.83633422851562,0.0,0.0,0.0,3.7942240238189697,37.379295349121094,33.36478042602539,0.0,0.0,0.0
39.0,15.522038459777832,17610.73046875,1836.469970703125,6217.96337890625,9556.2958984375,1600.0,15.933670043945312,0.0,8775.685546875,0.06656000018119812,1.2412999868392944,0.0,1.1255457401275635,3.9148900508880615,1.5774699449539185,2.6226699352264404,4.630640029907227,0.0,0.16028665006160736,0.18267618119716644,0.0,0.0,0.0,0.0,340.189453125,0.0,184.56436157226562,2818.720703125,945.308349609375,0.0,1527.9342041015625,0.0,19.234397888183594,19.893436431884766,0.0,0.0,0.0,55.27193832397461,55.27193832397461,72.44483947753906,182.28179931640625,162.23318481445312,0.0,0.0,0.0,72.44483947753906,182.28179931640625,162.23318481445312,0.0,0.0,0.0,5.256444454193115,37.38375473022461,31.5195369720459,0.0,0.0,0.0
40.0,15.538291931152344,17611.376953125,1836.469970703125,6218.61083984375,9556.2958984375,1600.0,15.934920310974121,0.0,8777.697265625,0.06656000018119812,1.2412999868392944,0.0,1.132309913635254,3.9148900508880615,1.5774699449539185,2.6226699352264404,4.630640029907227,0.0,0.16477851569652557,0.1876736730337143,0.0,0.0,0.0,0.0,340.189453125,0.0,185.61717224121094,2818.720703125,584.4715576171875,0.0,1886.39111328125,0.0,19.773422241210938,20.43766212463379,0.0,0.0,0.0,56.87092208862305,56.87092208862305,93.1642837524414,189.71778869628906,184.4477996826172,0.0,0.0,0.0,93.1642837524414,189.71778869628906,184.4477996826172,0.0,0.0,0.0,11.315632820129395,39.55752944946289,38.01606369018555,0.0,0.0,0.0
41.0,15.54411792755127,17611.58203125,1836.469970703125,6218.81591796875,9556.2958984375,1600.0,16.689556121826172,0.0,8387.001953125,0.06656241416931152,1.2421506643295288,1.8521035599405877e-05,1.1343754529953003,3.9148900508880615,1.5774868726730347,2.6226699352264404,4.630685329437256,6.690062264169683e-07,0.16611464321613312,0.18916335701942444,0.0,0.0,0.0,11.962966918945312,340.4225769042969,0.005075857043266296,185.9388427734375,1595.197509765625,416.1536560058594,0.0,3000.68408203125,0.0003853475791402161,19.933757781982422,20.599889755249023,0.0,0.0,0.0,58.40887451171875,58.40887451171875,228.90542602539062,223.7240753173828,229.90029907226562,0.0,0.0,0.0,228.90542602539062,223.7240753173828,229.90029907226562,0.0,0.0,0.0,50.265281677246094,48.74973678588867,50.55628204345703,0.0,0.0,0.0
42.0,15.54617691040039,17746.234375,1836.469970703125,6353.46875,9556.2958984375,1600.0,17.03306770324707,0.0,8284.029296875,0.0665675550699234,1.2440141439437866,5.9938458434771746e-05,1.1343809366226196,3.9148900508880615,1.5775235891342163,2.6226699352264404,4.630783557891846,2.0968993794667767e-06,0.16611817479133606,0.18916723132133484,0.0,0.0,0.0,30.67432975769043,340.93328857421875,0.016426675021648407,185.93968200683594,74.74250030517578,394.014892578125,1452.4248046875,3000.747802734375,0.0012078139698132873,19.934181213378906,20.600311279296875,0.0,0.0,0.0,59.91804885864258,59.91804885864258,270.6771545410156,256.4549255371094,266.9718322753906,0.0,0.0,0.0,270.6771545410156,256.4549255371094,266.9718322753906,0.0,0.0,0.0,62.13999938964844,57.97999954223633,61.05619430541992,0.0,0.0,0.0
43.0,16.041088104248047,18098.455078125,1836.469970703125,6705.68896484375,9556.2958984375,1600.0,17.6319637298584,0.0,8165.09130859375,0.06746966391801834,1.6924264430999756,0.014295559376478195,1.1348847150802612,3.9148900508880615,1.5849523544311523,2.6226725578308105,4.653290748596191,0.0002523801231291145,0.1664336770772934,0.18952028453350067,0.0,0.0,0.0,31.09002113342285,463.82470703125,3.9178268909454346,186.01821899414062,445.68719482421875,388.1104736328125,863.6348266601562,3015.332275390625,0.1453709453344345,19.972042083740234,20.63875961303711,0.0,0.0,0.0,61.461822509765625,61.461822509765625,272.72467041015625,256.8421630859375,236.58216857910156,0.0,0.0,0.0,272.72467041015625,256.8421630859375,236.58216857910156,0.0,0.0,0.0,62.13999938964844,57.4943733215332,51.568321228027344,0.0,0.0,0.0
44.0,16.76856231689453,18361.521484375,1836.469970703125,6968.755859375,9556.2958984375,1600.0,17.402542114257812,0.0,8392.79296875,0.0685889720916748,2.352633476257324,0.03503870218992233,1.1354483366012573,3.9148900508880615,1.5956438779830933,2.622675895690918,4.686379432678223,0.0005629237275570631,0.16678646206855774,0.18991464376449585,0.0,0.0,0.0,12.584807395935059,644.7603759765625,9.60267162322998,186.10604858398438,1348.655517578125,310.6527099609375,0.0011171052465215325,3036.773681640625,0.32424408197402954,20.014375686645508,20.681705474853516,0.0,0.0,0.0,63.051490783691406,63.051490783691406,237.06483459472656,257.71807861328125,237.64950561523438,0.0,0.0,0.0,237.06483459472656,257.71807861328125,237.64950561523438,0.0,0.0,0.0,51.93892288208008,57.97999954223633,52.10993957519531,0.0,0.0,0.0
45.0,17.327184677124023,18478.548828125,1836.469970703125,7085.78271484375,9556.2958984375,1600.0,17.527490615844727,0.0,8388.6220703125,0.06934330612421036,2.860028028488159,0.05088390037417412,1.1358085870742798,3.9148900508880615,1.6034332513809204,2.62267804145813,4.712168216705322,0.0007722096052020788,0.16701196134090424,0.19016651809215546,0.0,0.0,0.0,12.817054748535156,783.8164672851562,13.945192337036133,186.16217041015625,1174.123779296875,320.13507080078125,0.001543448306620121,3053.48486328125,0.4447927474975586,20.04143524169922,20.709135055541992,0.0,0.0,0.0,64.71772003173828,64.71772003173828,237.25210571289062,258.145263671875,237.83555603027344,0.0,0.0,0.0,237.25210571289062,258.145263671875,237.83555603027344,0.0,0.0,0.0,51.86874771118164,57.97999954223633,52.03941345214844,0.0,0.0,0.0
46.0,17.627361297607422,18582.494140625,1836.469970703125,7189.728515625,9556.2958984375,1600.0,17.408336639404297,0.0,8494.9072265625,0.06957819312810898,3.133110284805298,0.05935182049870491,1.13591730594635,3.9148900508880615,1.6059826612472534,2.622678756713867,4.727423191070557,0.0008373769815079868,0.16714651882648468,0.1904461830854416,0.0,0.0,0.0,12.889942169189453,858.6571044921875,16.265901565551758,186.17909240722656,1071.7362060546875,405.1701354980469,0.0016782538732513785,3063.3701171875,0.4823291599750519,20.05758285522461,20.73958969116211,0.0,0.0,0.0,66.4410171508789,66.4410171508789,236.05178833007812,257.7379150390625,236.82974243164062,0.0,0.0,0.0,236.05178833007812,257.7379150390625,236.82974243164062,0.0,0.0,0.0,51.636810302734375,57.97999954223633,51.86436080932617,0.0,0.0,0.0
47.0,18.007108688354492,18732.970703125,1836.469970703125,7340.20361328125,9556.2958984375,1600.0,17.22211456298828,0.0,8657.076171875,0.06979971379041672,3.4720935821533203,0.07013732194900513,1.1360173225402832,3.9148900508880615,1.6084176301956177,2.6226794719696045,4.746980667114258,0.0008988357149064541,0.16905346512794495,0.19613948464393616,0.0,0.0,0.0,0.0,951.55859375,19.221765518188477,186.19468688964844,783.46533203125,708.6173706054688,0.0,3071.78662109375,0.504597544670105,20.28641700744629,21.359590530395508,0.0,0.0,0.0,68.22954559326172,68.22954559326172,229.7915496826172,218.8790283203125,226.8439178466797,0.0,0.0,0.0,229.7915496826172,218.8790283203125,226.8439178466797,0.0,0.0,0.0,49.991912841796875,46.79999923706055,49.12973403930664,0.0,0.0,0.0
48.0,18.28995704650879,18797.60546875,1836.469970703125,7397.96630859375,9563.1689453125,1600.0,16.60946273803711,0.0,9006.0087890625,0.06993630528450012,3.7044124603271484,0.07753228396177292,1.1360785961151123,3.9148900508880615,1.6099342107772827,2.6226797103881836,4.760510444641113,0.0009367314632982016,0.17597384750843048,0.21707262098789215,0.0,0.0,0.0,0.0,1015.2276000976562,21.24842071533203,186.20420837402344,2814.667236328125,939.7250366210938,0.0,974.2962646484375,0.05994752049446106,21.116863250732422,23.639209747314453,0.0,0.0,0.0,70.07298278808594,70.07298278808594,149.40298461914062,180.80191040039062,173.70843505859375,0.0,0.0,0.0,149.40298461914062,180.80191040039062,173.70843505859375,0.0,0.0,0.0,27.090909957885742,36.27509307861328,34.200252532958984,0.0,0.0,0.0
49.0,18.460020065307617,18972.45703125,1836.469970703125,7429.26171875,9706.724609375,1600.0,16.135669708251953,0.0,9355.4140625,0.07000213861465454,3.8306353092193604,0.08159874379634857,1.1361078023910522,3.9148900508880615,1.6106666326522827,2.6226799488067627,4.76776123046875,0.0009549977839924395,0.18376708030700684,0.2409559190273285,0.0,0.0,0.0,0.0,1049.8201904296875,22.362871170043945,186.20877075195312,2818.720703125,1159.6800537109375,0.0,944.52001953125,0.05922762677073479,22.05204963684082,26.24009895324707,0.0,0.0,0.0,71.94617462158203,71.94617462158203,159.32920837402344,168.98646545410156,174.81268310546875,0.0,0.0,0.0,159.32920837402344,168.98646545410156,174.81268310546875,0.0,0.0,0.0,30.468124389648438,33.29287338256836,34.997039794921875,0.0,0.0,0.0
50.0,18.54683494567871,19206.751953125,1836.469970703125,7499.91552734375,9870.3662109375,1600.0,16.23118019104004,0.0,9417.2958984375,0.0700131505727768,3.8771915435791016,0.08314760774374008,1.1361125707626343,3.9148900508880615,1.6107877492904663,2.6226799488067627,4.7699503898620605,0.000958052056375891,0.19253525137901306,0.2685692012310028,0.0,0.0,0.0,0.0,1062.579345703125,22.787351608276367,186.2095184326172,2818.720703125,1159.7672119140625,0.0,967.0088500976562,0.060815248638391495,23.104230880737305,29.24718475341797,0.0,0.0,0.0,73.80680084228516,73.80680084228516,104.69010162353516,169.82337951660156,134.10533142089844,0.0,0.0,0.0,104.69010162353516,169.82337951660156,134.10533142089844,0.0,0.0,0.0,14.39067554473877,33.44215774536133,22.994626998901367,0.0,0.0,0.0
51.0,18.80782127380371,19369.130859375,1836.469970703125,7632.29931640625,9900.361328125,1600.0,16.87242317199707,0.0,9141.8876953125,0.07003431767225266,4.015490531921387,0.08758818358182907,1.1361218690872192,3.9148900508880615,1.6110248565673828,2.622680187225342,4.7760138511657715,0.000963925092946738,0.21946877241134644,0.3535437285900116,0.0,0.0,0.0,0.0,1100.4814453125,24.004331588745117,186.21096801757812,2816.108642578125,965.4163208007812,0.0,925.0833129882812,0.05851013958454132,26.336252212524414,38.50091552734375,0.0,0.0,0.0,75.58216094970703,75.58216094970703,149.99119567871094,163.23756408691406,100.9231948852539,0.0,0.0,0.0,149.99119567871094,163.23756408691406,100.9231948852539,0.0,0.0,0.0,27.000003814697266,30.87456512451172,12.647612571716309,0.0,0.0,0.0
52.0,19.042224884033203,19430.58984375,1836.469970703125,7693.75830078125,9900.361328125,1600.0,16.926742553710938,0.0,9143.94921875,0.07004881650209427,4.1516218185424805,0.09193956106901169,1.136128306388855,3.9148900508880615,1.6111876964569092,2.622680187225342,4.781758785247803,0.0009679475333541632,0.24063868820667267,0.4203627407550812,0.0,0.0,0.0,0.0,1137.789306640625,25.19686508178711,186.2119598388672,2818.720703125,596.96435546875,0.0,1242.302734375,0.0788687914609909,28.876644134521484,45.777503967285156,0.0,0.0,0.0,77.25230407714844,77.25230407714844,150.17691040039062,178.3793487548828,147.82119750976562,0.0,0.0,0.0,150.17691040039062,178.3793487548828,147.82119750976562,0.0,0.0,0.0,27.000003814697266,35.24921798706055,26.310958862304688,0.0,0.0,0.0
53.0,19.211271286010742,19469.955078125,1836.469970703125,7733.12451171875,9900.361328125,1600.0,17.766565322875977,0.0,8736.9267578125,0.07005766034126282,4.254796981811523,0.0952460914850235,1.1361322402954102,3.9148900508880615,1.6112868785858154,2.622680187225342,4.786037921905518,0.0009704005206003785,0.25463300943374634,0.4645397365093231,0.0,0.0,0.0,0.0,1166.0654296875,26.10304832458496,186.2125701904297,841.8474731445312,425.07037353515625,0.0,3079.21240234375,0.5115524530410767,30.555959701538086,50.58837890625,0.0,0.0,0.0,78.84286499023438,78.84286499023438,224.3841552734375,220.68247985839844,222.8446502685547,0.0,0.0,0.0,224.3841552734375,220.68247985839844,222.8446502685547,0.0,0.0,0.0,47.86580276489258,46.783058166503906,47.41549301147461,0.0,0.0,0.0
54.0,19.306276321411133,19482.412109375,1836.469970703125,7745.580078125,9900.361328125,1600.0,18.006832122802734,0.0,8629.634765625,0.07006211578845978,4.314530849456787,0.0971638411283493,1.136134147644043,3.9148900508880615,1.611348271369934,2.622680187225342,4.7885284423828125,0.0009716376080177724,0.2620408535003662,0.4879269003868103,0.0,0.0,0.0,0.0,1182.43603515625,26.62862777709961,186.21287536621094,936.77734375,402.4632263183594,0.0,2912.9423828125,0.31946608424186707,31.444902420043945,53.13523864746094,0.0,0.0,0.0,80.38054656982422,80.38054656982422,218.78402709960938,218.88731384277344,189.197509765625,0.0,0.0,0.0,218.78402709960938,218.88731384277344,189.197509765625,0.0,0.0,0.0,45.98749542236328,46.017704010009766,37.333438873291016,0.0,0.0,0.0
55.0,19.34947395324707,19489.10546875,1836.469970703125,7752.275390625,9900.361328125,1600.0,18.284128189086914,0.0,8505.7109375,0.07006359100341797,4.344632148742676,0.09813334047794342,1.1361348628997803,3.9148900508880615,1.6114511489868164,2.622680187225342,4.790019512176514,0.0009720464004203677,0.26457348465919495,0.49592432379722595,0.0,0.0,0.0,0.0,1190.685546875,26.89432716369629,186.21298217773438,725.8773803710938,394.5992736816406,0.0,3036.870361328125,0.4680860638618469,31.748817443847656,54.006160736083984,0.0,0.0,0.0,81.90482330322266,81.90482330322266,216.9678497314453,221.8910675048828,195.40866088867188,0.0,0.0,0.0,216.9678497314453,221.8910675048828,195.40866088867188,0.0,0.0,0.0,45.17897033691406,46.6190071105957,38.872901916503906,0.0,0.0,0.0
56.0,19.377412796020508,19510.876953125,1836.469970703125,7774.04638671875,9900.361328125,1600.0,17.805736541748047,0.0,8742.8798828125,0.07006392627954483,4.367734432220459,0.09888096898794174,1.1361349821090698,3.9148900508880615,1.6116234064102173,2.622680187225342,4.791483402252197,0.0009721394162625074,0.26516294479370117,0.49778589606285095,0.0,0.0,0.0,0.0,1197.0169677734375,27.099220275878906,186.21299743652344,906.5128784179688,313.76373291015625,0.0,3088.41357421875,0.5224801898002625,31.81955337524414,54.208885192871094,0.0,0.0,0.0,83.4493179321289,83.4493179321289,226.91650390625,220.85549926757812,226.08401489257812,0.0,0.0,0.0,226.91650390625,220.85549926757812,226.08401489257812,0.0,0.0,0.0,48.56733703613281,46.794498443603516,48.32383346557617,0.0,0.0,0.0
57.0,19.448144912719727,19543.56640625,1836.469970703125,7806.73486328125,9900.361328125,1600.0,17.849523544311523,0.0,8738.5087890625,0.07006444036960602,4.428277969360352,0.10084521025419235,1.136135220527649,3.9148900508880615,1.6120368242263794,2.622680187225342,4.795468807220459,0.0009722831309773028,0.26608341932296753,0.5006914734840393,0.0,0.0,0.0,0.0,1213.6094970703125,27.63753890991211,186.21304321289062,889.2330932617188,321.8528137207031,0.0,3075.517822265625,0.5127403736114502,31.930009841918945,54.52530288696289,0.0,0.0,0.0,85.04366302490234,85.04366302490234,225.25782775878906,220.78659057617188,222.19801330566406,0.0,0.0,0.0,225.25782775878906,220.78659057617188,222.19801330566406,0.0,0.0,0.0,48.03839111328125,46.73055648803711,47.14339828491211,0.0,0.0,0.0
58.0,19.505002975463867,19610.634765625,1836.469970703125,7873.8046875,9900.361328125,1600.0,17.688377380371094,0.0,8849.2060546875,0.07006455212831497,4.479089736938477,0.1024889275431633,1.136135220527649,3.9148900508880615,1.6121416091918945,2.622680187225342,4.798945426940918,0.0009723136899992824,0.2662806510925293,0.5013138651847839,0.0,0.0,0.0,0.0,1227.534912109375,28.088014602661133,186.21304321289062,866.5231323242188,406.7239990234375,0.0,3071.83056640625,0.5097421407699585,31.95368003845215,54.59307861328125,0.0,0.0,0.0,86.6684341430664,86.6684341430664,228.1819610595703,220.26339721679688,216.0006561279297,0.0,0.0,0.0,228.1819610595703,220.26339721679688,216.0006561279297,0.0,0.0,0.0,49.05484390258789,46.73866653442383,45.491817474365234,0.0,0.0,0.0
59.0,19.74219512939453,19737.5703125,1836.469970703125,8000.73828125,9900.361328125,1600.0,17.469484329223633,0.0,9018.1044921875,0.07006484270095825,4.692505836486816,0.10957982391119003,1.1361353397369385,3.9148900508880615,1.6124205589294434,2.622680187225342,4.813206195831299,0.0009723938419483602,0.2667965888977051,0.5029426217079163,0.0,0.0,0.0,0.0,1286.0234375,30.031339645385742,186.2130584716797,2398.435302734375,710.3809204101562,0.0,1288.1158447265625,0.08195936679840088,32.01559066772461,54.77045440673828,0.0,0.0,0.0,88.33763885498047,88.33763885498047,181.9215850830078,184.86727905273438,196.43504333496094,0.0,0.0,0.0,181.9215850830078,184.86727905273438,196.43504333496094,0.0,0.0,0.0,35.74258041381836,36.60419464111328,39.98776626586914,0.0,0.0,0.0
60.0,19.97029685974121,19790.44140625,1836.469970703125,8053.60986328125,9900.361328125,1600.0,16.818754196166992,0.0,9389.224609375,0.07006508111953735,4.898166656494141,0.11642943322658539,1.136135458946228,3.9148900508880615,1.6126552820205688,2.622680187225342,4.8267903327941895,0.0009724600240588188,0.26722273230552673,0.5042878985404968,0.0,0.0,0.0,0.0,1342.38671875,31.908536911010742,186.21307373046875,776.0552368164062,941.3133544921875,0.0,2869.043212890625,0.42463046312332153,32.06672668457031,54.916954040527344,0.0,0.0,0.0,90.05541229248047,90.05541229248047,205.16690063476562,212.7439727783203,207.72689819335938,0.0,0.0,0.0,205.16690063476562,212.7439727783203,207.72689819335938,0.0,0.0,0.0,43.19256591796875,45.40885925292969,43.94136428833008,0.0,0.0,0.0
61.0,20.09823226928711,19916.337890625,1836.469970703125,8070.33837890625,10009.5302734375,1600.0,16.289306640625,0.0,9753.46875,0.07006518542766571,5.0068817138671875,0.12004649639129639,1.1361355781555176,3.9149348735809326,1.6127628087997437,2.622680187225342,4.8337554931640625,0.0009724898263812065,0.2693222165107727,0.5106744170188904,0.0,0.0,0.0,0.0,1372.1810302734375,32.89982604980469,186.2130889892578,2751.22900390625,1161.189208984375,0.0,886.2111206054688,0.05630692467093468,32.318668365478516,55.61244583129883,0.0,0.0,0.0,91.82088470458984,91.82088470458984,148.5296630859375,170.08627319335938,178.0499267578125,0.0,0.0,0.0,148.5296630859375,170.08627319335938,178.0499267578125,0.0,0.0,0.0,27.155620574951172,33.46092987060547,35.79029846191406,0.0,0.0,0.0
62.0,20.156354904174805,20163.322265625,1836.469970703125,8159.74951171875,10167.1025390625,1600.0,16.385906219482422,0.0,9817.958984375,0.0700652003288269,5.038771152496338,0.12109344452619553,1.1361355781555176,3.9150712490081787,1.612773060798645,2.622680187225342,4.835315227508545,0.0009724925621412694,0.2751476764678955,0.5283295512199402,0.0,0.0,0.0,0.0,1380.920654296875,33.18675231933594,186.2130889892578,2769.685791015625,1161.196533203125,0.0,910.3745727539062,0.05783476680517197,25.308841705322266,52.63682174682617,0.0,0.0,0.0,93.5892105102539,93.5892105102539,145.72921752929688,154.8955841064453,156.5640411376953,0.0,0.0,0.0,145.72921752929688,154.8955841064453,156.5640411376953,0.0,0.0,0.0,26.23988914489746,28.921051025390625,29.40907859802246,0.0,0.0,0.0
63.0,20.489198684692383,20378.244140625,1836.469970703125,8345.00390625,10196.76953125,1600.0,17.071483612060547,0.0,9530.7998046875,0.07006523013114929,5.2244873046875,0.12733669579029083,1.1361355781555176,3.915830612182617,1.6128066778182983,2.622680187225342,4.843853950500488,0.0009725018171593547,0.3077867031097412,0.6272432208061218,0.0,0.0,0.0,0.0,1431.81787109375,34.897769927978516,186.2130889892578,2741.8330078125,966.4840698242188,0.0,873.362060546875,0.055444374680519104,27.700801849365234,62.09708023071289,0.0,0.0,0.0,95.2849349975586,95.2849349975586,127.54319763183594,146.25457763671875,109.57488250732422,0.0,0.0,0.0,127.54319763183594,146.25457763671875,109.57488250732422,0.0,0.0,0.0,20.23490333557129,25.70798110961914,14.979169845581055,0.0,0.0,0.0
64.0,20.818876266479492,20470.98046875,1836.469970703125,8437.7412109375,10196.76953125,1600.0,17.149635314941406,0.0,9532.921875,0.07006525248289108,5.424350738525391,0.1340552270412445,1.1361355781555176,3.916485071182251,1.6128320693969727,2.622680187225342,4.852807998657227,0.0009725088602863252,0.33593711256980896,0.7125532627105713,0.0,0.0,0.0,0.0,1486.59228515625,36.739044189453125,186.2130889892578,2797.93798828125,597.5736694335938,0.0,1112.1947021484375,0.0705534964799881,33.93822479248047,73.03096008300781,0.0,0.0,0.0,96.88494873046875,96.88494873046875,146.68109130859375,170.7069549560547,164.08901977539062,0.0,0.0,0.0,146.68109130859375,170.7069549560547,164.08901977539062,0.0,0.0,0.0,25.75458526611328,32.78215026855469,30.846403121948242,0.0,0.0,0.0
65.0,21.060039520263672,20526.197265625,1836.469970703125,8492.95703125,10196.76953125,1600.0,18.01443862915039,0.0,9108.56640625,0.07006527483463287,5.577069282531738,0.1391579508781433,1.1361355781555176,3.9169254302978516,1.6128480434417725,2.622680187225342,4.8595733642578125,0.0009725132258608937,0.35482361912727356,0.7697886824607849,0.0,0.0,0.0,0.0,1528.446044921875,38.137489318847656,186.2130889892578,806.2239990234375,425.4822082519531,0.0,2925.694580078125,0.31886374950408936,42.578834533691406,83.82998657226562,0.0,0.0,0.0,98.41338348388672,98.41338348388672,221.52493286132812,218.58200073242188,182.4676971435547,0.0,0.0,0.0,221.52493286132812,218.58200073242188,182.4676971435547,0.0,0.0,0.0,46.78160095214844,45.92079544067383,35.35736083984375,0.0,0.0,0.0
66.0,21.194581985473633,20543.66796875,1836.469970703125,8510.427734375,10196.76953125,1600.0,18.262250900268555,0.0,8996.67578125,0.07006528228521347,5.6644978523254395,0.14207080006599426,1.1361355781555176,3.9171576499938965,1.6128647327423096,2.622680187225342,4.863432884216309,0.0009725153795443475,0.3647708594799042,0.7999335527420044,0.0,0.0,0.0,0.0,1552.4066162109375,38.93578338623047,186.2130889892578,848.6053466796875,402.8420104980469,0.0,2800.00927734375,0.17746157944202423,43.77250289916992,87.1127700805664,0.0,0.0,0.0,99.89673614501953,99.89673614501953,174.23472595214844,218.91009521484375,204.9478759765625,0.0,0.0,0.0,174.23472595214844,218.91009521484375,204.9478759765625,0.0,0.0,0.0,32.70140838623047,45.768951416015625,41.685001373291016,0.0,0.0,0.0
67.0,21.255577087402344,20552.255859375,1836.469970703125,8519.015625,10196.76953125,1600.0,18.54530906677246,0.0,8867.4599609375,0.07006528228521347,5.7077956199646,0.1435215026140213,1.1361355781555176,3.9172394275665283,1.6129395961761475,2.622680187225342,4.8653998374938965,0.0009725161362439394,0.3682751953601837,0.8105534315109253,0.0,0.0,0.0,0.0,1564.2728271484375,39.3333625793457,186.2130889892578,630.715576171875,394.9637451171875,0.0,2923.152587890625,0.44607430696487427,44.193023681640625,88.26927185058594,0.0,0.0,0.0,101.37466430664062,101.37466430664062,210.7740936279297,219.83531188964844,209.0819549560547,0.0,0.0,0.0,210.7740936279297,219.83531188964844,209.0819549560547,0.0,0.0,0.0,43.10611343383789,45.75651931762695,42.61116027832031,0.0,0.0,0.0
68.0,21.291942596435547,20580.41015625,1836.469970703125,8547.171875,10196.76953125,1600.0,18.063024520874023,0.0,9114.6845703125,0.07006528228521347,5.738464832305908,0.14455732703208923,1.1361355781555176,3.9172568321228027,1.6130850315093994,2.622680187225342,4.866886138916016,0.0009725162526592612,0.36902204155921936,0.8128166794776917,0.0,0.0,0.0,0.0,1572.677978515625,39.61724090576172,186.2130889892578,926.1863403320312,314.04827880859375,0.0,2864.6220703125,0.4258268475532532,44.28264236450195,88.51573944091797,0.0,0.0,0.0,102.87043762207031,102.87043762207031,211.49542236328125,216.80380249023438,217.65396118164062,0.0,0.0,0.0,211.49542236328125,216.80380249023438,217.65396118164062,0.0,0.0,0.0,43.79938507080078,45.352088928222656,45.60075759887695,0.0,0.0,0.0
69.0,21.385833740234375,20624.236328125,1836.469970703125,8590.998046875,10196.76953125,1600.0,18.115385055541992,0.0,9110.099609375,0.07006528228521347,5.820175647735596,0.1472962498664856,1.1361355781555176,3.9172844886779785,1.6134494543075562,2.622680187225342,4.871183395385742,0.0009725165436975658,0.3702014088630676,0.8163906931877136,0.0,0.0,0.0,0.0,1595.071533203125,40.36786651611328,186.2130889892578,780.8184204101562,322.1348876953125,0.0,2973.5654296875,0.4585226774215698,44.42416763305664,88.90494537353516,0.0,0.0,0.0,104.41271209716797,104.41271209716797,208.60662841796875,218.89407348632812,200.18484497070312,0.0,0.0,0.0,208.60662841796875,218.89407348632812,200.18484497070312,0.0,0.0,0.0,42.90205383300781,45.911128997802734,40.438682556152344,0.0,0.0,0.0
70.0,21.46176528930664,20712.666015625,1836.469970703125,8679.4267578125,10196.76953125,1600.0,17.966251373291016,0.0,9225.4814453125,0.07006528228521347,5.888107776641846,0.1495715230703354,1.1361355781555176,3.917290687561035,1.61354398727417,2.622680187225342,4.875766754150391,0.0009725166019052267,0.37045928835868835,0.8171722292900085,0.0,0.0,0.0,0.0,1613.6890869140625,40.991424560546875,186.2130889892578,768.2252197265625,407.0777893066406,0.0,2958.007568359375,0.4573831558227539,44.45511245727539,88.99005126953125,0.0,0.0,0.0,105.98332977294922,105.98332977294922,221.52157592773438,217.90472412109375,207.57545471191406,0.0,0.0,0.0,221.52157592773438,217.90472412109375,207.57545471191406,0.0,0.0,0.0,46.82881164550781,45.77088165283203,42.749568939208984,0.0,0.0,0.0
71.0,21.774198532104492,20869.96484375,1836.469970703125,8836.7255859375,10196.76953125,1600.0,17.762531280517578,0.0,9401.533203125,0.07006528228521347,6.168312072753906,0.15915584564208984,1.1361355781555176,3.9173073768615723,1.6138132810592651,2.622680187225342,4.895223617553711,0.0009725167183205485,0.3711791932582855,0.8193538188934326,0.0,0.0,0.0,0.0,1690.4814453125,43.61809539794922,186.2130889892578,737.8573608398438,710.9945068359375,0.0,2721.9736328125,0.17210735380649567,44.541500091552734,89.22763061523438,0.0,0.0,0.0,107.59561157226562,107.59561157226562,171.92881774902344,215.26158142089844,162.4390106201172,0.0,0.0,0.0,171.92881774902344,215.26158142089844,162.4390106201172,0.0,0.0,0.0,32.52664566040039,45.201480865478516,29.750879287719727,0.0,0.0,0.0
72.0,22.038955688476562,20919.734375,1836.469970703125,8886.4951171875,10196.76953125,1600.0,17.24956512451172,0.0,9701.5107421875,0.07006528228521347,6.405930519104004,0.16729508340358734,1.1361355781555176,3.9173200130462646,1.6140190362930298,2.622680187225342,4.911831378936768,0.0009725168347358704,0.3717181384563446,0.8209871649742126,0.0,0.0,0.0,0.0,1755.60302734375,45.84872817993164,186.2130889892578,2573.9990234375,942.109375,0.0,787.6527709960938,0.04974207282066345,44.606178283691406,89.40550231933594,0.0,0.0,0.0,109.24620819091797,109.24620819091797,155.22479248046875,174.10476684570312,166.2034454345703,0.0,0.0,0.0,155.22479248046875,174.10476684570312,166.2034454345703,0.0,0.0,0.0,28.1536865234375,33.67607879638672,31.364944458007812,0.0,0.0,0.0
73.0,22.175216674804688,21017.93359375,1836.469970703125,8902.2431640625,10279.2197265625,1600.0,16.677021026611328,0.0,10077.8369140625,0.07006528228521347,6.528591156005859,0.17149938642978668,1.1361355781555176,3.917325496673584,1.6141107082366943,2.622680187225342,4.92017936706543,0.0009725168929435313,0.37195444107055664,0.8217032551765442,0.0,0.0,0.0,0.0,1789.21923828125,47.00094985961914,186.2130889892578,2566.6181640625,1162.1597900390625,0.0,791.9010620117188,0.049979694187641144,44.6345329284668,89.48348236083984,0.0,0.0,0.0,110.9386215209961,110.9386215209961,149.32315063476562,168.9924774169922,157.87843322753906,0.0,0.0,0.0,149.32315063476562,168.9924774169922,157.87843322753906,0.0,0.0,0.0,27.000001907348633,32.75328063964844,29.502424240112305,0.0,0.0,0.0
74.0,22.234939575195312,21207.283203125,1836.469970703125,8940.4560546875,10430.3564453125,1600.0,16.719188690185547,0.0,10144.435546875,0.07006528228521347,6.583370208740234,0.17338190972805023,1.1361355781555176,3.9173264503479004,1.6141257286071777,2.622680187225342,4.923069953918457,0.0009725168929435313,0.3719927966594696,0.821819543838501,0.0,0.0,0.0,0.0,1804.2320556640625,47.516876220703125,186.2130889892578,2599.275146484375,1162.1705322265625,0.0,806.3099365234375,0.05087744817137718,33.38465118408203,81.28951263427734,0.0,0.0,0.0,112.63567352294922,112.63567352294922,142.82089233398438,145.84471130371094,132.12330627441406,0.0,0.0,0.0,142.82089233398438,145.84471130371094,132.12330627441406,0.0,0.0,0.0,25.05592155456543,25.940391540527344,21.9268798828125,0.0,0.0,0.0
75.0,22.38111114501953,21313.443359375,1836.469970703125,9018.3349609375,10458.6376953125,1600.0,17.32225799560547,0.0,9847.7060546875,0.07006528228521347,6.718084335327148,0.1780063658952713,1.1361355781555176,3.917327642440796,1.614147424697876,2.622680187225342,4.929657936096191,0.0009725168929435313,0.3720475733280182,0.8219854831695557,0.0,0.0,0.0,0.0,1841.1514892578125,48.78425216674805,186.2130889892578,2575.87548828125,967.2874755859375,0.0,788.1302490234375,0.04970360919833183,31.531063079833984,79.92000579833984,0.0,0.0,0.0,114.26480865478516,114.26480865478516,144.2491455078125,146.60125732421875,150.42320251464844,0.0,0.0,0.0,144.2491455078125,146.60125732421875,150.42320251464844,0.0,0.0,0.0,24.870616912841797,25.558610916137695,26.676528930664062,0.0,0.0,0.0
76.0,22.530839920043945,21367.009765625,1836.469970703125,9071.9013671875,10458.6376953125,1600.0,17.36602020263672,0.0,9849.8623046875,0.07006528228521347,6.856393337249756,0.18275131285190582,1.1361355781555176,3.9173285961151123,1.6141622066497803,2.622680187225342,4.936166763305664,0.0009725168929435313,0.37208491563796997,0.8220986127853394,0.0,0.0,0.0,0.0,1879.056396484375,50.08464431762695,186.2130889892578,2648.04931640625,598.0664672851562,0.0,1042.4466552734375,0.0657067522406578,33.487640380859375,81.38776397705078,0.0,0.0,0.0,115.80261993408203,115.80261993408203,138.8370819091797,158.1027069091797,162.5277099609375,0.0,0.0,0.0,138.8370819091797,158.1027069091797,162.5277099609375,0.0,0.0,0.0,23.24382781982422,28.87902069091797,30.173336029052734,0.0,0.0,0.0
77.0,22.673397064208984,21409.595703125,1836.469970703125,9114.4873046875,10458.6376953125,1600.0,18.230772018432617,0.0,9411.359375,0.07006528228521347,6.988203525543213,0.18726091086864471,1.1361355781555176,3.9173293113708496,1.6141735315322876,2.622680187225342,4.942276477813721,0.0009725168929435313,0.3721136152744293,0.8221856355667114,0.0,0.0,0.0,0.0,1915.18017578125,51.32053756713867,186.2130889892578,865.485107421875,425.8319091796875,0.0,2643.521484375,0.2788282334804535,44.65363311767578,89.53601837158203,0.0,0.0,0.0,117.27305603027344,117.27305603027344,182.59828186035156,213.20333862304688,164.3445587158203,0.0,0.0,0.0,182.59828186035156,213.20333862304688,164.3445587158203,0.0,0.0,0.0,35.17922592163086,44.131202697753906,29.840011596679688,0.0,0.0,0.0
78.0,22.763416290283203,21423.0703125,1836.469970703125,9127.9609375,10458.6376953125,1600.0,18.47773551940918,0.0,9295.7314453125,0.07006528228521347,7.071470737457275,0.19010664522647858,1.1361355781555176,3.917329788208008,1.614180088043213,2.622680187225342,4.94611120223999,0.0009725168929435313,0.3721299171447754,0.8222350478172302,0.0,0.0,0.0,0.0,1938.0003662109375,52.100440979003906,186.2130889892578,619.1740112304688,403.1705322265625,0.0,2809.45068359375,0.41789817810058594,44.65559005737305,89.54139709472656,0.0,0.0,0.0,118.68533325195312,118.68533325195312,206.13580322265625,216.33413696289062,193.53179931640625,0.0,0.0,0.0,206.13580322265625,216.33413696289062,193.53179931640625,0.0,0.0,0.0,41.81698989868164,44.79999923706055,38.130313873291016,0.0,0.0,0.0
79.0,22.80611228942871,21427.33203125,1836.469970703125,9132.224609375,10458.6376953125,1600.0,18.760469436645508,0.0,9162.18359375,0.07006528228521347,7.110971927642822,0.1914561688899994,1.1361355781555176,3.917329788208008,1.614182949066162,2.622680187225342,4.947923183441162,0.0009725168929435313,0.3721370995044708,0.8222568035125732,0.0,0.0,0.0,0.0,1948.825927734375,52.47028732299805,186.2130889892578,560.1278076171875,395.2682189941406,0.0,2773.833984375,0.4135158956050873,44.65645217895508,89.54376220703125,0.0,0.0,0.0,120.10094451904297,120.10094451904297,210.61843872070312,216.8928680419922,195.4337921142578,0.0,0.0,0.0,210.61843872070312,216.8928680419922,195.4337921142578,0.0,0.0,0.0,42.84542465209961,44.680694580078125,38.40391540527344,0.0,0.0,0.0
80.0,22.824115753173828,21428.681640625,1836.469970703125,9133.5732421875,10458.6376953125,1600.0,18.24720573425293,0.0,9417.6015625,0.07006528228521347,7.127633571624756,0.192025288939476,1.1361355781555176,3.917330026626587,1.6141841411590576,2.622680187225342,4.9486846923828125,0.0009725168929435313,0.37213996052742004,0.8222654461860657,0.0,0.0,0.0,0.0,1953.3922119140625,52.62626266479492,186.2130889892578,1033.14013671875,314.26226806640625,0.0,2547.962890625,0.16043347120285034,44.656795501708984,89.54470825195312,0.0,0.0,0.0,121.5390396118164,121.5390396118164,179.56480407714844,213.2814178466797,194.14927673339844,0.0,0.0,0.0,179.56480407714844,213.2814178466797,194.14927673339844,0.0,0.0,0.0,34.27549743652344,44.13760757446289,38.54145812988281,0.0,0.0,0.0
81.0,22.831235885620117,21429.109375,1836.469970703125,9134.0009765625,10458.6376953125,1600.0,18.261337280273438,0.0,9412.8359375,0.07006528228521347,7.134211540222168,0.1922566294670105,1.1361355781555176,3.917330026626587,1.6141844987869263,2.622680187225342,4.948990821838379,0.0009725168929435313,0.3721408545970917,0.8222681879997253,0.0,0.0,0.0,0.0,1955.195068359375,52.68966293334961,186.2130889892578,882.5838623046875,322.2816162109375,0.0,2683.93408203125,0.16899068653583527,44.65690231323242,89.54500579833984,0.0,0.0,0.0,123.01981353759766,123.01981353759766,169.80007934570312,216.19482421875,172.09085083007812,0.0,0.0,0.0,169.80007934570312,216.19482421875,172.09085083007812,0.0,0.0,0.0,31.40518569946289,44.975650787353516,32.07523727416992,0.0,0.0,0.0
82.0,22.833938598632812,21493.642578125,1836.469970703125,9198.5341796875,10458.6376953125,1600.0,18.087177276611328,0.0,9532.017578125,0.07006528228521347,7.136688232421875,0.19235645234584808,1.1361355781555176,3.917330026626587,1.6141844987869263,2.622680187225342,4.949117660522461,0.0009725168929435313,0.3721408545970917,0.8222681879997253,0.0,0.0,0.0,0.0,1955.8736572265625,52.717018127441406,186.2130889892578,1018.6688842773438,407.2393798828125,0.0,2540.963134765625,0.1599871814250946,44.65690231323242,89.54500579833984,0.0,0.0,0.0,124.52925109863281,124.52925109863281,180.30967712402344,212.616943359375,191.0283660888672,0.0,0.0,0.0,180.30967712402344,212.616943359375,191.0283660888672,0.0,0.0,0.0,34.653404235839844,44.10327911376953,37.78861999511719,0.0,0.0,0.0
83.0,23.071399688720703,21625.751953125,1836.469970703125,9330.64453125,10458.6376953125,1600.0,17.855300903320312,0.0,9713.8955078125,0.07006528228521347,7.35396671295166,0.20139457285404205,1.1361355781555176,3.917330026626587,1.6141846179962158,2.622680187225342,4.96026086807251,0.0009725168929435313,0.37214118242263794,0.8222692012786865,0.0,0.0,0.0,0.0,2015.4208984375,55.19399642944336,186.2130889892578,2157.090576171875,711.1580810546875,0.0,1157.6500244140625,0.07283017784357071,44.65694046020508,89.54511260986328,0.0,0.0,0.0,126.07421875,126.07421875,196.20751953125,190.09962463378906,180.23098754882812,0.0,0.0,0.0,196.20751953125,190.09962463378906,180.23098754882812,0.0,0.0,0.0,39.535400390625,37.748836517333984,34.862266540527344,0.0,0.0,0.0
84.0,23.285869598388672,21667.552734375,1836.469970703125,9372.4443359375,10458.6376953125,1600.0,17.2291316986084,0.0,10081.5771484375,0.07006528228521347,7.550204753875732,0.20955941081047058,1.1361355781555176,3.917330026626587,1.6141847372055054,2.622680187225342,4.970325946807861,0.0009725168929435313,0.37214145064353943,0.8222699761390686,0.0,0.0,0.0,0.0,2069.20166015625,57.431644439697266,186.2130889892578,704.6333618164062,942.2060546875,0.0,2569.022705078125,0.16150414943695068,44.6569709777832,89.54519653320312,0.0,0.0,0.0,127.66576385498047,127.66576385498047,194.33084106445312,209.93185424804688,185.22482299804688,0.0,0.0,0.0,194.33084106445312,209.93185424804688,185.22482299804688,0.0,0.0,0.0,39.61263656616211,44.175933837890625,36.949127197265625,0.0,0.0,0.0
85.0,23.397815704345703,21793.453125,1836.469970703125,9385.6708984375,10571.3125,1600.0,16.67420768737793,0.0,10472.623046875,0.07006528228521347,7.652695178985596,0.21382607519626617,1.1361355781555176,3.917330026626587,1.6141847372055054,2.622680187225342,4.975513935089111,0.0009725168929435313,0.3721415400505066,0.8222702741622925,0.0,0.0,0.0,0.0,2097.2900390625,58.60095977783203,186.2130889892578,2496.1884765625,1162.2130126953125,0.0,819.2904052734375,0.0514858141541481,27.811450958251953,77.16773223876953,0.0,0.0,0.0,129.31163024902344,129.31163024902344,146.62193298339844,163.68824768066406,169.99517822265625,0.0,0.0,0.0,146.62193298339844,163.68824768066406,169.99517822265625,0.0,0.0,0.0,26.21270751953125,31.20460319519043,33.049381256103516,0.0,0.0,0.0
86.0,23.447185516357422,22004.703125,1836.469970703125,9428.90625,10739.3271484375,1600.0,16.727279663085938,0.0,10541.796875,0.07006528228521347,7.698091506958008,0.2157214879989624,1.1361355781555176,3.917330741882324,1.6141847372055054,2.622680187225342,4.977591037750244,0.0009725168929435313,0.372141569852829,0.8222703337669373,0.0,0.0,0.0,0.0,2109.7314453125,59.120418548583984,186.2130889892578,2501.170654296875,1162.2130126953125,0.0,845.0452880859375,0.05309542641043663,28.52201271057129,77.69766235351562,0.0,0.0,0.0,130.96592712402344,130.96592712402344,123.5925521850586,144.81602478027344,109.79679107666016,0.0,0.0,0.0,123.5925521850586,144.81602478027344,109.79679107666016,0.0,0.0,0.0,19.423540115356445,25.631404876708984,15.388279914855957,0.0,0.0,0.0
87.0,23.610610961914062,22128.625,1836.469970703125,9521.228515625,10770.927734375,2930.02685546875,17.34229850769043,0.0,10233.4091796875,0.07006528228521347,7.849042892456055,0.22200797498226166,1.1361355781555176,3.9173824787139893,1.6141847372055054,2.622680187225342,4.983726501464844,0.0009725168929435313,0.37214159965515137,0.822270393371582,0.0,0.0,0.0,0.0,2151.10107421875,60.84328842163086,186.2130889892578,2473.230712890625,967.3098754882812,0.0,819.3925170898438,0.05145767331123352,26.279308319091797,76.0328369140625,0.0,0.0,0.0,132.5546417236328,132.5546417236328,127.35208892822266,153.52508544921875,126.84046173095703,0.0,0.0,0.0,127.35208892822266,153.52508544921875,126.84046173095703,0.0,0.0,0.0,19.908187866210938,27.56378936767578,19.75853729248047,0.0,0.0,0.0
88.0,23.788249969482422,22202.796875,1836.469970703125,9595.3984375,10770.927734375,2930.02685546875,17.400480270385742,0.0,10235.623046875,0.07006528228521347,8.013971328735352,0.22887690365314484,1.1361355781555176,3.917597532272339,1.6141847372055054,2.622680187225342,4.989353656768799,0.0009725168929435313,0.37214159965515137,0.8222704529762268,0.0,0.0,0.0,0.0,2196.301025390625,62.72577667236328,186.2130889892578,2541.561767578125,598.0748291015625,0.0,1060.765380859375,0.06658484786748886,33.39371109008789,81.33091735839844,0.0,0.0,0.0,134.06736755371094,134.06736755371094,125.40428161621094,154.23599243164062,129.05880737304688,0.0,0.0,0.0,125.40428161621094,154.23599243164062,129.05880737304688,0.0,0.0,0.0,19.2802734375,27.71354866027832,20.349220275878906,0.0,0.0,0.0
89.0,23.990816116333008,22271.4140625,1836.469970703125,9664.017578125,10770.927734375,2930.02685546875,18.28855323791504,0.0,9779.91796875,0.07006528228521347,8.202178001403809,0.23669911921024323,1.1361355781555176,3.918144941329956,1.6141847372055054,2.622680187225342,4.99534273147583,0.0009725168929435313,0.37214162945747375,0.8222705125808716,0.0,0.0,0.0,0.0,2247.880859375,64.8695297241211,186.2130889892578,2477.019775390625,425.8348388671875,0.0,945.400634765625,0.05931379646062851,27.68231201171875,77.0714340209961,0.0,0.0,0.0,135.51507568359375,135.51507568359375,146.68231201171875,173.8538818359375,141.710693359375,0.0,0.0,0.0,146.68231201171875,173.8538818359375,141.710693359375,0.0,0.0,0.0,24.61602020263672,32.5637092590332,23.16182518005371,0.0,0.0,0.0
90.0,24.12727928161621,22293.66796875,1836.469970703125,9686.271484375,10770.927734375,2930.02685546875,18.543453216552734,0.0,9659.7314453125,0.07006528228521347,8.327474594116211,0.241967111825943,1.1361355781555176,3.9201691150665283,1.6141847372055054,2.622680187225342,4.999217987060547,0.0009725168929435313,0.37214162945747375,0.8222705721855164,0.0,0.0,0.0,0.0,2282.219482421875,66.31327056884766,186.2130889892578,2080.74365234375,403.17169189453125,0.0,1216.7603759765625,0.07631459087133408,44.65699768066406,89.5452651977539,0.0,0.0,0.0,136.89186096191406,136.89186096191406,117.81944274902344,192.85134887695312,161.07899475097656,0.0,0.0,0.0,117.81944274902344,192.85134887695312,161.07899475097656,0.0,0.0,0.0,15.918734550476074,37.86556625366211,28.572153091430664,0.0,0.0,0.0
91.0,24.195348739624023,22301.650390625,1836.469970703125,9694.25390625,10770.927734375,2930.02685546875,18.830541610717773,0.0,9520.931640625,0.07006528228521347,8.389357566833496,0.24451830983161926,1.1361355781555176,3.9219226837158203,1.6141847372055054,2.622680187225342,5.001099109649658,0.0009725168929435313,0.37214162945747375,0.8222705721855164,0.0,0.0,0.0,0.0,2299.17919921875,67.012451171875,186.2130889892578,2048.24169921875,395.2686462402344,0.0,1144.6451416015625,0.07178016006946564,44.65699768066406,89.5452651977539,0.0,0.0,0.0,138.2648468017578,138.2648468017578,176.9967498779297,194.5682373046875,177.2242889404297,0.0,0.0,0.0,176.9967498779297,194.5682373046875,177.2242889404297,0.0,0.0,0.0,32.941009521484375,38.080665588378906,33.007564544677734,0.0,0.0,0.0
92.0,24.225305557250977,22304.17578125,1836.469970703125,9696.779296875,10770.927734375,2930.02685546875,18.315006256103516,0.0,9786.3115234375,0.07006528228521347,8.416399002075195,0.2456054836511612,1.1361355781555176,3.9229378700256348,1.6141847372055054,2.622680187225342,5.001911640167236,0.0009725168929435313,0.37214162945747375,0.8222705721855164,0.0,0.0,0.0,0.0,2306.590087890625,67.31039428710938,186.2130889892578,717.0764770507812,314.26239013671875,0.0,2726.135009765625,0.4007859230041504,44.65699768066406,89.5452651977539,0.0,0.0,0.0,139.66299438476562,139.66299438476562,221.2472381591797,213.8157958984375,201.50338745117188,0.0,0.0,0.0,221.2472381591797,213.8157958984375,201.50338745117188,0.0,0.0,0.0,46.399810791015625,44.226112365722656,40.624732971191406,0.0,0.0,0.0
93.0,24.237445831298828,22304.974609375,1836.469970703125,9697.578125,10770.927734375,2930.02685546875,18.32931900024414,0.0,9781.3291015625,0.07006528228521347,8.42734432220459,0.24604882299900055,1.1361355781555176,3.9233405590057373,1.6141847372055054,2.622680187225342,5.002262592315674,0.0009725168929435313,0.37214162945747375,0.8222705721855164,0.0,0.0,0.0,0.0,2309.589599609375,67.43190002441406,186.2130889892578,703.2424926757812,322.28167724609375,0.0,2724.013671875,0.40875059366226196,44.65699768066406,89.5452651977539,0.0,0.0,0.0,141.114013671875,141.114013671875,202.1795196533203,213.62416076660156,184.86122131347656,0.0,0.0,0.0,202.1795196533203,213.62416076660156,184.86122131347656,0.0,0.0,0.0,40.808189392089844,44.1557502746582,35.74258804321289,0.0,0.0,0.0
94.0,24.24213218688965,22374.025390625,1836.469970703125,9766.62890625,10770.927734375,2930.02685546875,18.155364990234375,0.0,9905.15234375,0.07006528228521347,8.431647300720215,0.24623863399028778,1.1361355781555176,3.9233462810516357,1.6141847372055054,2.622680187225342,5.002449035644531,0.0009725168929435313,0.37214162945747375,0.8222705721855164,0.0,0.0,0.0,0.0,2310.768798828125,67.48391723632812,186.2130889892578,875.5538940429688,407.23944091796875,0.0,2547.687744140625,0.15974530577659607,44.65699768066406,89.5452651977539,0.0,0.0,0.0,142.59320068359375,142.59320068359375,191.34800720214844,212.86077880859375,153.75027465820312,0.0,0.0,0.0,191.34800720214844,212.86077880859375,153.75027465820312,0.0,0.0,0.0,37.813926696777344,44.106414794921875,26.816591262817383,0.0,0.0,0.0
95.0,24.496498107910156,22517.7734375,1836.469970703125,9910.376953125,10770.927734375,2930.02685546875,17.926729202270508,0.0,10094.111328125,0.07006528228521347,8.664081573486328,0.25794368982315063,1.1361355781555176,3.9235129356384277,1.6141847372055054,2.622680187225342,5.012508392333984,0.0009725168929435313,0.37214162945747375,0.8222705721855164,0.0,0.0,0.0,0.0,2374.4697265625,70.6917953491211,186.2130889892578,2325.4482421875,711.1581420898438,0.0,852.8305053710938,0.05343518406152725,44.65699768066406,89.5452651977539,0.0,0.0,0.0,144.11358642578125,144.11358642578125,171.94729614257812,190.6426544189453,186.31716918945312,0.0,0.0,0.0,171.94729614257812,190.6426544189453,186.31716918945312,0.0,0.0,0.0,32.367855072021484,37.836246490478516,36.571041107177734,0.0,0.0,0.0
96.0,24.73533821105957,22567.728515625,1836.469970703125,9960.3310546875,10770.927734375,2930.02685546875,17.398303985595703,0.0,10419.1083984375,0.07006528228521347,8.882380485534668,0.26894551515579224,1.1361355781555176,3.923651695251465,1.6141847372055054,2.622680187225342,5.021909236907959,0.0009725168929435313,0.37214162945747375,0.8222705721855164,0.0,0.0,0.0,0.0,2434.29638671875,73.70694732666016,186.2130889892578,2297.30078125,942.2061157226562,0.0,804.432861328125,0.05036839470267296,44.65699768066406,89.5452651977539,0.0,0.0,0.0,145.68356323242188,145.68356323242188,181.40994262695312,183.8789520263672,181.33578491210938,0.0,0.0,0.0,181.40994262695312,183.8789520263672,181.33578491210938,0.0,0.0,0.0,35.66410446166992,36.38629150390625,35.64241409301758,0.0,0.0,0.0
97.0,24.86359405517578,22672.970703125,1836.469970703125,9976.1376953125,10860.36328125,2930.02685546875,16.817331314086914,0.0,10823.2080078125,0.07006528228521347,8.999937057495117,0.2748730480670929,1.1361355781555176,3.9237122535705566,1.6141847372055054,2.622680187225342,5.0266218185424805,0.0009725168929435313,0.37214162945747375,0.8222705721855164,0.0,0.0,0.0,0.0,2466.513916015625,75.33143615722656,186.2130889892578,2344.1748046875,1162.2130126953125,0.0,812.8899536132812,0.05088040977716446,22.32849884033203,73.2643051147461,0.0,0.0,0.0,147.3052520751953,147.3052520751953,146.6396484375,166.3854522705078,150.53480529785156,0.0,0.0,0.0,146.6396484375,166.3854522705078,150.53480529785156,0.0,0.0,0.0,26.074766159057617,31.850412368774414,27.214101791381836,0.0,0.0,0.0
98.0,24.920846939086914,24453.19140625,3348.77001953125,10081.33203125,11023.0888671875,2930.02685546875,18.02048683166504,0.0,10894.6669921875,0.07006528228521347,9.05319881439209,0.2775622606277466,1.1361355781555176,3.9237170219421387,1.6141847372055054,2.622680187225342,5.027917861938477,0.0009725168929435313,0.37214162945747375,0.8222705721855164,0.0,0.0,0.0,0.0,2481.11083984375,76.06843566894531,186.2130889892578,2351.404541015625,1162.2130126953125,0.0,836.8179321289062,0.052372828125953674,22.32849884033203,73.2643051147461,0.0,0.0,0.0,148.94503784179688,148.94503784179688,121.97386169433594,142.2764892578125,125.68380737304688,0.0,0.0,0.0,121.97386169433594,142.2764892578125,125.68380737304688,0.0,0.0,0.0,17.6568660736084,23.59538459777832,18.74202537536621,0.0,0.0,0.0
99.0,25.3121337890625,24690.689453125,3348.77001953125,10288.388671875,11053.5302734375,2930.02685546875,18.759859085083008,0.0,10575.921875,0.07006528228521347,9.417688369750977,0.2959348261356354,1.1361355781555176,3.9237375259399414,1.6141847372055054,2.622680187225342,5.036322116851807,0.0009725168929435313,0.37214162945747375,0.8222705721855164,0.0,0.0,0.0,0.0,2581.00244140625,81.10360717773438,186.2130889892578,2275.45263671875,967.3099365234375,0.0,786.4699096679688,0.04918920248746872,22.32849884033203,73.2643051147461,0.0,0.0,0.0,150.5248260498047,150.5248260498047,139.6310272216797,163.35256958007812,122.60480499267578,0.0,0.0,0.0,139.6310272216797,163.35256958007812,122.60480499267578,0.0,0.0,0.0,22.082216262817383,29.020767211914062,17.102046966552734,0.0,0.0,0.0
100.0,25.654319763183594,24797.873046875,3348.77001953125,10395.57421875,11053.5302734375,2930.02685546875,18.84127426147461,0.0,10578.1826171875,0.07006528228521347,9.736663818359375,0.31201276183128357,1.1361355781555176,3.9237494468688965,1.6141847372055054,2.622680187225342,5.043443202972412,0.0009725168929435313,0.37214162945747375,0.8222705721855164,0.0,0.0,0.0,0.0,2668.42041015625,85.5099105834961,186.2130889892578,2341.30029296875,598.0748291015625,0.0,998.0281372070312,0.062385883182287216,22.32849884033203,73.2643051147461,0.0,0.0,0.0,152.0390167236328,152.0390167236328,136.9388427734375,161.99050903320312,143.7198944091797,0.0,0.0,0.0,136.9388427734375,161.99050903320312,143.7198944091797,0.0,0.0,0.0,21.21333885192871,28.54094886779785,23.196794509887695,0.0,0.0,0.0
101.0,25.984697341918945,24904.060546875,3348.77001953125,10501.7607421875,11053.5302734375,2930.02685546875,19.82819175720215,0.0,10107.1953125,0.07006528228521347,10.022711753845215,0.3262461721897125,1.1598068475723267,3.92387318611145,1.6141847372055054,2.622680187225342,5.049743175506592,0.0009725168929435313,0.37214162945747375,0.8222705721855164,0.0,0.0,0.0,0.0,2746.814453125,89.41069793701172,189.8948516845703,2234.381591796875,425.8348693847656,0.0,872.5111083984375,0.05451259762048721,22.32849884033203,73.2643051147461,0.0,0.0,0.0,153.49899291992188,153.49899291992188,132.02403259277344,157.2645263671875,150.06105041503906,0.0,0.0,0.0,132.02403259277344,157.2645263671875,150.06105041503906,0.0,0.0,0.0,18.788837432861328,26.171680450439453,24.064666748046875,0.0,0.0,0.0
102.0,26.201223373413086,25016.1328125,3348.77001953125,10613.83203125,11053.5302734375,2930.02685546875,20.175363540649414,0.0,9982.9453125,0.07006528228521347,10.118765830993652,0.3306041955947876,1.2732577323913574,3.924436569213867,1.6141847372055054,2.622680187225342,5.051844120025635,0.0009725168929435313,0.37214162945747375,0.8222705721855164,0.0,0.0,0.0,0.0,2773.138916015625,90.60506439208984,207.56405639648438,2153.52685546875,403.17169189453125,0.0,812.518310546875,0.05075573921203613,41.58656692504883,87.25537872314453,0.0,0.0,0.0,154.8845672607422,154.8845672607422,159.7900390625,192.91415405273438,181.1376190185547,0.0,0.0,0.0,159.7900390625,192.91415405273438,181.1376190185547,0.0,0.0,0.0,26.56322479248047,36.25202560424805,32.80739212036133,0.0,0.0,0.0
103.0,26.59331512451172,25187.6953125,3348.77001953125,10785.39453125,11053.5302734375,2930.02685546875,20.621389389038086,0.0,9839.470703125,0.07006528228521347,10.247416496276855,0.33725446462631226,1.5260401964187622,3.9256293773651123,1.6141847372055054,2.622680187225342,5.054658889770508,0.0009725168929435313,0.37214162945747375,0.8222705721855164,0.0,0.0,0.0,0.0,2806.218505859375,92.3559341430664,246.5361785888672,558.9479370117188,395.1125183105469,0.0,2249.1748046875,0.3254210948944092,38.08733367919922,84.64569854736328,0.0,0.0,0.0,156.25572204589844,156.25572204589844,199.0417022705078,201.01075744628906,199.1945037841797,0.0,0.0,0.0,199.0417022705078,201.01075744628906,199.1945037841797,0.0,0.0,0.0,37.59830856323242,38.17425537109375,37.64300537109375,0.0,0.0,0.0
104.0,26.898319244384766,25248.6875,3348.77001953125,10846.38671875,11053.5302734375,2930.02685546875,20.10187530517578,0.0,10113.7041015625,0.07006528228521347,10.33230209350586,0.3417258560657501,1.73892080783844,3.9265401363372803,1.6141847372055054,2.622680187225342,5.056515216827393,0.0009725168929435313,0.37214162945747375,0.8222705721855164,0.0,0.0,0.0,0.0,2831.66064453125,93.6530532836914,279.8321838378906,567.829833984375,314.26239013671875,0.0,2435.238525390625,0.38562002778053284,43.31821823120117,88.54682159423828,0.0,0.0,0.0,157.65054321289062,157.65054321289062,179.5139617919922,214.6592254638672,186.57769775390625,0.0,0.0,0.0,179.5139617919922,214.6592254638672,186.57769775390625,0.0,0.0,0.0,32.40596008300781,42.68594741821289,34.47209930419922,0.0,0.0,0.0
105.0,27.076709747314453,25279.619140625,3348.77001953125,10877.3203125,11053.5302734375,2930.02685546875,20.14143180847168,0.0,10108.5234375,0.07006528228521347,10.389754295349121,0.3450143039226532,1.8548766374588013,3.927003860473633,1.6141847372055054,2.622680187225342,5.057745456695557,0.0009725168929435313,0.37214162945747375,0.8222705721855164,0.0,0.0,0.0,0.0,2846.875732421875,94.53668212890625,297.73663330078125,733.1009521484375,322.2508239746094,0.0,2225.27734375,0.13894248008728027,42.18014907836914,87.69806671142578,0.0,0.0,0.0,159.09317016601562,159.09317016601562,173.55015563964844,208.60498046875,165.04420471191406,0.0,0.0,0.0,173.55015563964844,208.60498046875,165.04420471191406,0.0,0.0,0.0,30.621990203857422,40.875526428222656,28.13399887084961,0.0,0.0,0.0
106.0,27.16577911376953,25376.90234375,3348.77001953125,10974.6025390625,11053.5302734375,2930.02685546875,19.96466636657715,0.0,10236.451171875,0.07006528228521347,10.4559326171875,0.34945619106292725,1.8719009160995483,3.927067995071411,1.6141847372055054,2.622680187225342,5.05910587310791,0.0009725168929435313,0.37214162945747375,0.8222705721855164,0.0,0.0,0.0,0.0,2862.989990234375,95.6863021850586,300.072265625,545.216552734375,407.0540771484375,0.0,2394.7978515625,0.3616093397140503,41.28181838989258,87.0280990600586,0.0,0.0,0.0,160.56932067871094,160.56932067871094,199.65533447265625,205.5433349609375,198.09320068359375,0.0,0.0,0.0,199.65533447265625,205.5433349609375,198.09320068359375,0.0,0.0,0.0,38.43452072143555,40.156761169433594,37.97759246826172,0.0,0.0,0.0
107.0,27.525554656982422,25559.431640625,3348.77001953125,11157.1328125,11053.5302734375,2930.02685546875,19.72744369506836,0.0,10431.7041015625,0.07006528228521347,10.744974136352539,0.3667866885662079,1.9192134141921997,3.9272494316101074,1.6141847372055054,2.622680187225342,5.0650153160095215,0.0009725168929435313,0.37214162945747375,0.8222705721855164,0.0,0.0,0.0,0.0,2916.44970703125,99.55491638183594,304.0046691894531,1755.5391845703125,707.7037963867188,0.0,958.4313354492188,0.059811290353536606,38.09672927856445,84.65270233154297,0.0,0.0,0.0,162.0828857421875,162.0828857421875,154.32850646972656,170.23114013671875,140.88931274414062,0.0,0.0,0.0,154.32850646972656,170.23114013671875,140.88931274414062,0.0,0.0,0.0,25.413644790649414,30.065166473388672,21.482681274414062,0.0,0.0,0.0
108.0,27.83190155029297,25617.185546875,3348.77001953125,11214.8857421875,11053.5302734375,2930.02685546875,19.13347625732422,0.0,10774.115234375,0.07006528228521347,10.995036125183105,0.3817061483860016,1.9553308486938477,3.9273874759674072,1.6141847372055054,2.622680187225342,5.070125579833984,0.0009725168929435313,0.37214162945747375,0.8222705721855164,0.0,0.0,0.0,0.0,2966.477783203125,102.98490142822266,307.780517578125,2022.201171875,934.8576049804688,0.0,642.7171630859375,0.04009414091706276,34.448631286621094,82.07462310791016,0.0,0.0,0.0,163.6348419189453,163.6348419189453,159.968017578125,167.5108184814453,151.9884033203125,0.0,0.0,0.0,159.968017578125,167.5108184814453,151.9884033203125,0.0,0.0,0.0,27.65717124938965,29.863439559936523,25.323131561279297,0.0,0.0,0.0
109.0,27.989742279052734,25729.18359375,3348.77001953125,11233.16015625,11147.25390625,2930.02685546875,18.48773193359375,0.0,11191.9462890625,0.07006528228521347,11.116098403930664,0.3888818621635437,1.9810206890106201,3.9274489879608154,1.6141847372055054,2.622680187225342,5.073978424072266,0.0009725168929435313,0.37214162945747375,0.8222705721855164,0.0,0.0,0.0,0.0,3000.075439453125,104.95364379882812,311.8108215332031,2044.7081298828125,1153.32763671875,0.0,662.9345703125,0.0413435697555542,22.32849884033203,73.2643051147461,0.0,0.0,0.0,165.21519470214844,165.21519470214844,134.3448944091797,143.5369110107422,127.38847351074219,0.0,0.0,0.0,134.3448944091797,143.5369110107422,127.38847351074219,0.0,0.0,0.0,20.808149337768555,23.49681282043457,18.773395538330078,0.0,0.0,0.0
110.0,28.058958053588867,25937.625,3348.77001953125,11272.7294921875,11316.1240234375,2930.02685546875,18.51654624938965,0.0,11265.8037109375,0.07006528228521347,11.138948440551758,0.3901351988315582,2.0203678607940674,3.927460193634033,1.6141847372055054,2.622680187225342,5.0797319412231445,0.0009725168929435313,0.37214162945747375,0.8222705721855164,0.0,0.0,0.0,0.0,3009.38525390625,105.40196990966797,318.1212158203125,2050.381591796875,1153.9202880859375,0.0,688.7666625976562,0.04293569549918175,22.32849884033203,73.2643051147461,0.0,0.0,0.0,166.79519653320312,166.79519653320312,128.08914184570312,143.98822021484375,127.23641204833984,0.0,0.0,0.0,128.08914184570312,143.98822021484375,127.23641204833984,0.0,0.0,0.0,18.94952964782715,23.600011825561523,18.700105667114258,0.0,0.0,0.0
111.0,28.211023330688477,26040.3359375,3348.77001953125,11343.8515625,11347.71484375,2930.02685546875,19.16722869873047,0.0,10936.1708984375,0.07006528228521347,11.174298286437988,0.39229971170425415,2.1203548908233643,3.927476406097412,1.6141847372055054,2.622680187225342,5.094278335571289,0.0009725168929435313,0.37214162945747375,0.8222705721855164,0.0,0.0,0.0,0.0,3006.346923828125,105.54478454589844,331.9408874511719,2038.7098388671875,958.4249267578125,0.0,661.4567260742188,0.04118819162249565,22.32849884033203,73.2643051147461,0.0,0.0,0.0,168.3168182373047,168.3168182373047,131.0862579345703,152.3500213623047,126.12662506103516,0.0,0.0,0.0,131.0862579345703,152.3500213623047,126.12662506103516,0.0,0.0,0.0,19.175498962402344,25.395153045654297,17.724809646606445,0.0,0.0,0.0
112.0,28.334148406982422,26063.2109375,3348.77001953125,11366.7265625,11347.71484375,2930.02685546875,19.183839797973633,0.0,10938.462890625,0.07006528228521347,11.199668884277344,0.39387601613998413,2.2033450603485107,3.927488088607788,1.6141847372055054,2.622680187225342,5.107454776763916,0.0009725168929435313,0.37214162945747375,0.8222705721855164,0.0,0.0,0.0,0.0,3048.51318359375,107.21175384521484,348.6757507324219,2103.7353515625,596.012451171875,0.0,898.3451538085938,0.05588356405496597,22.32849884033203,73.2643051147461,0.0,0.0,0.0,169.77581787109375,169.77581787109375,132.38717651367188,162.64645385742188,126.77298736572266,0.0,0.0,0.0,132.38717651367188,162.64645385742188,126.77298736572266,0.0,0.0,0.0,19.539411544799805,28.390247344970703,17.89725685119629,0.0,0.0,0.0
113.0,28.398202896118164,26071.09375,3348.77001953125,11374.6083984375,11347.71484375,2930.02685546875,20.110149383544922,0.0,10451.404296875,0.07006528228521347,11.210371017456055,0.39453962445259094,2.249417781829834,3.9276375770568848,1.6141847372055054,2.622680187225342,5.113922595977783,0.0009725168929435313,0.37214162945747375,0.8222705721855164,0.0,0.0,0.0,0.0,3030.69580078125,106.66280364990234,353.02294921875,2065.728515625,422.9276123046875,0.0,793.9796752929688,0.04936720058321953,22.32849884033203,73.2643051147461,0.0,0.0,0.0,171.18641662597656,171.18641662597656,133.08319091796875,148.8457489013672,136.29783630371094,0.0,0.0,0.0,133.08319091796875,148.8457489013672,136.29783630371094,0.0,0.0,0.0,18.816680908203125,23.427230834960938,19.756969451904297,0.0,0.0,0.0
114.0,28.42678451538086,26121.0390625,3348.77001953125,11424.5537109375,11347.71484375,2930.02685546875,20.40987205505371,0.0,10322.89453125,0.07006528228521347,11.21125602722168,0.39459261298179626,2.2760403156280518,3.9280691146850586,1.6141847372055054,2.622680187225342,5.114511489868164,0.0009725168929435313,0.37214162945747375,0.8222705721855164,0.0,0.0,0.0,0.0,3019.974365234375,106.2913589477539,355.8072509765625,2053.747802734375,399.703369140625,0.0,749.5942993164062,0.04660537466406822,22.32849884033203,73.2643051147461,0.0,0.0,0.0,172.52659606933594,172.52659606933594,132.25775146484375,154.27813720703125,134.04769897460938,0.0,0.0,0.0,132.25775146484375,154.27813720703125,134.04769897460938,0.0,0.0,0.0,18.275522232055664,24.716482162475586,18.799081802368164,0.0,0.0,0.0
115.0,28.612693786621094,26219.154296875,3348.77001953125,11522.6689453125,11347.71484375,2930.02685546875,20.797090530395508,0.0,10174.501953125,0.07006528228521347,11.214927673339844,0.394820898771286,2.4525418281555176,3.9310317039489746,1.6141847372055054,2.622680187225342,5.1170573234558105,0.0009725168929435313,0.37214162945747375,0.8222705721855164,0.0,0.0,0.0,0.0,3000.151123046875,105.62014770507812,379.94378662109375,497.3841247558594,390.534423828125,0.0,2189.452880859375,0.2882871925830841,34.21644592285156,81.91191864013672,0.0,0.0,0.0,173.82730102539062,173.82730102539062,191.64373779296875,192.47093200683594,185.70655822753906,0.0,0.0,0.0,191.64373779296875,192.47093200683594,185.70655822753906,0.0,0.0,0.0,35.25870132446289,35.50065612792969,33.52207946777344,0.0,0.0,0.0
116.0,28.7750301361084,26258.380859375,3348.77001953125,11561.896484375,11347.71484375,2930.02685546875,20.25307846069336,0.0,10458.0380859375,0.07006528228521347,11.217401504516602,0.3949747681617737,2.60821270942688,3.9333291053771973,1.6141847372055054,2.622680187225342,5.118797302246094,0.0009725168929435313,0.37214162945747375,0.8222705721855164,0.0,0.0,0.0,0.0,3031.859619140625,106.75450134277344,407.36810302734375,518.8060302734375,312.0737609863281,0.0,2373.27001953125,0.3750307261943817,35.71327209472656,82.96082305908203,0.0,0.0,0.0,175.1329803466797,175.1329803466797,196.3252410888672,200.2006378173828,194.4278106689453,0.0,0.0,0.0,196.3252410888672,200.2006378173828,194.4278106689453,0.0,0.0,0.0,37.172054290771484,38.30561065673828,36.6170539855957,0.0,0.0,0.0
117.0,28.889129638671875,26284.94921875,3348.77001953125,11588.4638671875,11347.71484375,2930.02685546875,20.288284301757812,0.0,10452.6474609375,0.07006528228521347,11.23205280303955,0.39614740014076233,2.703916311264038,3.934709310531616,1.6141847372055054,2.622680187225342,5.119988918304443,0.0009725168929435313,0.37214162945747375,0.8222705721855164,0.0,0.0,0.0,0.0,3030.276611328125,106.87593841552734,421.0268249511719,788.2993774414062,319.745849609375,0.0,2080.0546875,0.1292722523212433,35.19411087036133,82.59701538085938,0.0,0.0,0.0,176.48397827148438,176.48397827148438,173.68496704101562,197.83299255371094,173.95541381835938,0.0,0.0,0.0,173.68496704101562,197.83299255371094,173.95541381835938,0.0,0.0,0.0,30.514568328857422,37.57786560058594,30.593673706054688,0.0,0.0,0.0
118.0,28.953250885009766,26376.650390625,3348.77001953125,11680.1650390625,11347.71484375,2930.02685546875,20.102205276489258,0.0,10584.90234375,0.07006528228521347,11.277832984924316,0.3999810218811035,2.7169055938720703,3.935163736343384,1.6141847372055054,2.622680187225342,5.121053218841553,0.0009725168929435313,0.37214162945747375,0.8222705721855164,0.0,0.0,0.0,0.0,3040.73095703125,107.84294891357422,422.6922912597656,700.2802734375,403.91015625,0.0,2159.44921875,0.13419631123542786,34.65106964111328,82.21648406982422,0.0,0.0,0.0,177.8595428466797,177.8595428466797,155.01194763183594,198.75099182128906,176.356689453125,0.0,0.0,0.0,155.01194763183594,198.75099182128906,176.356689453125,0.0,0.0,0.0,25.238788604736328,38.0324592590332,31.482128143310547,0.0,0.0,0.0
119.0,29.28825569152832,26550.130859375,3348.77001953125,11853.6455078125,11347.71484375,2930.02685546875,19.850238800048828,0.0,10786.75390625,0.07006528228521347,11.539076805114746,0.41940048336982727,2.7631101608276367,3.9374806880950928,1.6141847372055054,2.622680187225342,5.1268720626831055,0.0009725168929435313,0.37214162945747375,0.8222705721855164,0.0,0.0,0.0,0.0,3063.7353515625,111.35484313964844,424.2356262207031,640.94189453125,700.0726318359375,0.0,2031.090087890625,0.12616659700870514,33.49274826049805,81.40478515625,0.0,0.0,0.0,179.27664184570312,179.27664184570312,148.79879760742188,187.19451904296875,145.47872924804688,0.0,0.0,0.0,148.79879760742188,187.19451904296875,145.47872924804688,0.0,0.0,0.0,23.673410415649414,34.90415954589844,22.702289581298828,0.0,0.0,0.0
120.0,29.577219009399414,26605.220703125,3348.77001953125,11908.734375,11347.71484375,2930.02685546875,19.385848999023438,0.0,11063.2763671875,0.07006528228521347,11.767895698547363,0.436337411403656,2.798696517944336,3.9400503635406494,1.6141847372055054,2.622680187225342,5.131924152374268,0.0009725168929435313,0.37214162945747375,0.8222705721855164,0.0,0.0,0.0,0.0,3092.727783203125,114.6740951538086,426.9687805175781,1997.7481689453125,922.9852905273438,0.0,601.22802734375,0.037333279848098755,33.49274826049805,81.40478515625,0.0,0.0,0.0,180.7229461669922,180.7229461669922,152.97006225585938,153.85267639160156,144.48558044433594,0.0,0.0,0.0,152.97006225585938,153.85267639160156,144.48558044433594,0.0,0.0,0.0,25.357894897460938,25.616058349609375,22.87618064880371,0.0,0.0,0.0
121.0,29.72727394104004,26683.212890625,3348.77001953125,11926.5107421875,11407.9306640625,2930.02685546875,18.70315933227539,0.0,11492.2890625,0.07006528228521347,11.87926197052002,0.4445233643054962,2.8244762420654297,3.941514253616333,1.6141847372055054,2.622680187225342,5.135181903839111,0.0009725168929435313,0.37214162945747375,0.8222705721855164,0.0,0.0,0.0,0.0,3127.8056640625,117.0428466796875,431.4840393066406,2021.4273681640625,1139.529052734375,0.0,625.8509521484375,0.03885301575064659,22.32849884033203,73.2643051147461,0.0,0.0,0.0,182.1927947998047,182.1927947998047,119.38399505615234,141.64898681640625,127.90889739990234,0.0,0.0,0.0,119.38399505615234,141.64898681640625,127.90889739990234,0.0,0.0,0.0,16.216659545898438,22.729171752929688,18.710193634033203,0.0,0.0,0.0
122.0,29.793498992919922,26877.66796875,3348.77001953125,11965.55078125,11563.3466796875,2930.02685546875,18.716678619384766,0.0,11568.091796875,0.07006528228521347,11.900069236755371,0.44594040513038635,2.8646304607391357,3.941812515258789,1.6141847372055054,2.622680187225342,5.138731956481934,0.0009725168929435313,0.37214162945747375,0.8222705721855164,0.0,0.0,0.0,0.0,3139.516845703125,117.6495132446289,437.9666748046875,2024.3931884765625,1140.6114501953125,0.0,652.5855712890625,0.04050194099545479,22.32849884033203,73.2643051147461,0.0,0.0,0.0,183.66659545898438,183.66659545898438,122.80073547363281,141.76388549804688,100.56988525390625,0.0,0.0,0.0,122.80073547363281,141.76388549804688,100.56988525390625,0.0,0.0,0.0,17.202537536621094,22.749258041381836,10.700013160705566,0.0,0.0,0.0
123.0,29.94308090209961,26976.76171875,3348.77001953125,12035.8564453125,11592.134765625,2930.02685546875,19.369821548461914,0.0,11229.57421875,0.07006528228521347,11.933061599731445,0.44844046235084534,2.9691390991210938,3.942305326461792,1.6141847372055054,2.622680187225342,5.147819995880127,0.0009725168929435313,0.37214162945747375,0.8222705721855164,0.0,0.0,0.0,0.0,3129.351806640625,117.59999084472656,451.4498596191406,2017.2459716796875,946.5790405273438,0.0,621.0523681640625,0.038518987596035004,22.32849884033203,73.2643051147461,0.0,0.0,0.0,185.0943603515625,185.0943603515625,132.95361328125,146.07106018066406,134.8219451904297,0.0,0.0,0.0,132.95361328125,146.07106018066406,134.8219451904297,0.0,0.0,0.0,19.51911163330078,23.35596466064453,20.06559944152832,0.0,0.0,0.0
124.0,30.064559936523438,26999.451171875,3348.77001953125,12058.5458984375,11592.134765625,2930.02685546875,19.385616302490234,0.0,11231.8974609375,0.07006528228521347,11.956757545471191,0.4502619802951813,3.055900812149048,3.942664861679077,1.6141847372055054,2.622680187225342,5.156660079956055,0.0009725168929435313,0.37214162945747375,0.8222705721855164,0.0,0.0,0.0,0.0,3192.878662109375,120.23592376708984,469.8479919433594,2052.427978515625,590.3824462890625,0.0,857.6808471679688,0.05316046252846718,22.32849884033203,73.2643051147461,0.0,0.0,0.0,186.47021484375,186.47021484375,138.54006958007812,157.38882446289062,142.29586791992188,0.0,0.0,0.0,138.54006958007812,157.38882446289062,142.29586791992188,0.0,0.0,0.0,21.13735580444336,26.65061378479004,22.235925674438477,0.0,0.0,0.0
125.0,30.12809181213379,27007.400390625,3348.77001953125,12066.49609375,11592.134765625,2930.02685546875,20.322864532470703,0.0,10731.7353515625,0.07006528228521347,11.966848373413086,0.4510354995727539,3.10373592376709,3.942918539047241,1.6141847372055054,2.622680187225342,5.161238193511963,0.0009725168929435313,0.37214162945747375,0.8222705721855164,0.0,0.0,0.0,0.0,3159.24072265625,119.07310485839844,472.6944885253906,2028.7130126953125,418.02972412109375,0.0,747.4732055664062,0.046313926577568054,22.32849884033203,73.2643051147461,0.0,0.0,0.0,187.80752563476562,187.80752563476562,125.62649536132812,147.82501220703125,103.56388092041016,0.0,0.0,0.0,125.62649536132812,147.82501220703125,103.56388092041016,0.0,0.0,0.0,16.42288589477539,22.91594886779785,9.969569206237793,0.0,0.0,0.0
126.0,30.156578063964844,27051.41015625,3348.77001953125,12110.5048828125,11592.134765625,2930.02685546875,20.620080947875977,0.0,10599.7490234375,0.07006528228521347,11.96777057647705,0.45110413432121277,3.1304423809051514,3.94323468208313,1.6141847372055054,2.622680187225342,5.161710262298584,0.0009725168929435313,0.37214162945747375,0.8222705721855164,0.0,0.0,0.0,0.0,3143.048828125,118.47171783447266,474.96649169921875,2022.1268310546875,394.79034423828125,0.0,701.6439819335938,0.043472789227962494,22.32849884033203,73.2643051147461,0.0,0.0,0.0,189.08348083496094,189.08348083496094,119.21288299560547,149.8452911376953,124.59681701660156,0.0,0.0,0.0,119.21288299560547,149.8452911376953,124.59681701660156,0.0,0.0,0.0,14.249686241149902,23.20966911315918,15.824488639831543,0.0,0.0,0.0
127.0,30.320602416992188,27137.298828125,3348.77001953125,12196.39453125,11592.134765625,2930.02685546875,20.99945831298828,0.0,10447.3408203125,0.07006528228521347,11.971234321594238,0.45136991143226624,3.286956787109375,3.9451522827148438,1.6141847372055054,2.622680187225342,5.16357421875,0.0009725168929435313,0.37214162945747375,0.8222705721855164,0.0,0.0,0.0,0.0,3116.558837890625,117.5084228515625,495.00421142578125,633.5687255859375,385.42718505859375,0.0,1983.6953125,0.12288979440927505,33.49274826049805,81.40478515625,0.0,0.0,0.0,190.3257293701172,190.3257293701172,152.73545837402344,190.11721801757812,154.40304565429688,0.0,0.0,0.0,152.73545837402344,190.11721801757812,154.40304565429688,0.0,0.0,0.0,23.675662994384766,34.609825134277344,24.16343116760254,0.0,0.0,0.0
128.0,30.463088989257812,27164.474609375,3348.77001953125,12223.5712890625,11592.134765625,2930.02685546875,20.43886375427246,0.0,10738.44921875,0.07006528228521347,11.97389030456543,0.4515739977359772,3.423440933227539,3.946837902069092,1.6141847372055054,2.622680187225342,5.165030002593994,0.0009725168929435313,0.37214162945747375,0.8222705721855164,0.0,0.0,0.0,0.0,3169.12255859375,119.51782989501953,520.2904052734375,601.4293212890625,308.8660888671875,0.0,2206.375244140625,0.2979303002357483,33.977134704589844,81.74421691894531,0.0,0.0,0.0,191.57235717773438,191.57235717773438,177.34344482421875,191.59750366210938,181.68267822265625,0.0,0.0,0.0,177.34344482421875,191.59750366210938,181.68267822265625,0.0,0.0,0.0,31.43409538269043,35.6034049987793,32.70331954956055,0.0,0.0,0.0
129.0,30.536832809448242,27173.07421875,3348.77001953125,12232.169921875,11592.134765625,2930.02685546875,20.45997428894043,0.0,10732.8798828125,0.07006528228521347,11.984087944030762,0.45257577300071716,3.484286069869995,3.9477405548095703,1.6141847372055054,2.622680187225342,5.165829181671143,0.0009725168929435313,0.37214162945747375,0.8222705721855164,0.0,0.0,0.0,0.0,3166.26123046875,119.57298278808594,528.5186767578125,680.1506958007812,316.47613525390625,0.0,2110.523681640625,0.13072508573532104,33.52236557006836,81.425537109375,0.0,0.0,0.0,192.8599853515625,192.8599853515625,158.08145141601562,190.7032470703125,162.43414306640625,0.0,0.0,0.0,158.08145141601562,190.7032470703125,162.43414306640625,0.0,0.0,0.0,25.778850555419922,35.32072448730469,27.05201530456543,0.0,0.0,0.0
130.0,30.569236755371094,27262.990234375,3348.77001953125,12322.0869140625,11592.134765625,2930.02685546875,20.2680606842041,0.0,10868.6416015625,0.07006528228521347,12.00931453704834,0.45515209436416626,3.4878623485565186,3.9481935501098633,1.6141847372055054,2.622680187225342,5.166398525238037,0.0009725168929435313,0.37214162945747375,0.8222705721855164,0.0,0.0,0.0,0.0,3172.8134765625,120.24938201904297,529.1261596679688,673.8433837890625,399.89813232421875,0.0,2115.755126953125,0.13104380667209625,33.49274826049805,81.40478515625,0.0,0.0,0.0,194.1739959716797,194.1739959716797,137.93824768066406,190.4726104736328,158.06134033203125,0.0,0.0,0.0,137.93824768066406,190.4726104736328,158.06134033203125,0.0,0.0,0.0,20.078876495361328,35.44517517089844,25.964881896972656,0.0,0.0,0.0
131.0,30.902530670166016,27442.671875,3348.77001953125,12501.767578125,11592.134765625,2930.02685546875,20.013425827026367,0.3116019368171692,11075.876953125,0.07006528228521347,12.282867431640625,0.4801344871520996,3.5118186473846436,3.9529707431793213,1.6141847372055054,2.622680187225342,5.172424793243408,0.0009725168929435313,0.37214162945747375,0.8222705721855164,0.0,0.0,0.0,0.0,3185.009521484375,124.50128936767578,526.8219604492188,1685.75244140625,692.1390380859375,0.0,935.7767333984375,0.05793427303433418,33.49274826049805,81.40478515625,0.0,0.0,0.0,195.5214080810547,195.5214080810547,161.6558074951172,164.62210083007812,167.7778778076172,0.0,0.0,0.0,161.6558074951172,164.62210083007812,167.7778778076172,0.0,0.0,0.0,26.95929527282715,27.826936721801758,28.75,0.0,0.0,0.0
132.0,31.197494506835938,27499.630859375,3348.77001953125,12558.7275390625,11592.134765625,2930.02685546875,19.60565948486328,0.12471244484186172,11325.1025390625,0.07006528228521347,12.526850700378418,0.5023803114891052,3.530646324157715,3.957526445388794,1.6141847372055054,2.622680187225342,5.177776336669922,0.0009725168929435313,0.37214162945747375,0.8222705721855164,0.0,0.0,0.0,0.0,3214.804443359375,128.9274139404297,526.4517211914062,1962.8570556640625,912.524658203125,0.0,570.9506225585938,0.03533419594168663,33.49274826049805,81.40478515625,0.0,0.0,0.0,196.90170288085938,196.90170288085938,146.7879638671875,156.96237182617188,145.5009765625,0.0,0.0,0.0,146.7879638671875,156.96237182617188,145.5009765625,0.0,0.0,0.0,23.205108642578125,26.181123733520508,22.828662872314453,0.0,0.0,0.0
133.0,31.351179122924805,27564.740234375,3348.77001953125,12576.9365234375,11639.0341796875,2930.02685546875,18.90327262878418,0.0,11764.23046875,0.07006528228521347,12.653596878051758,0.5139451622962952,3.539633274078369,3.9600205421447754,1.6141847372055054,2.622680187225342,5.181668758392334,0.0009725168929435313,0.37214162945747375,0.8222705721855164,0.0,0.0,0.0,0.0,3255.697998046875,132.2351531982422,528.904541015625,1992.9356689453125,1126.9873046875,0.0,595.2009887695312,0.03682459890842438,21.317930221557617,72.51063537597656,0.0,0.0,0.0,198.3107452392578,198.3107452392578,121.09952545166016,139.93919372558594,128.62518310546875,0.0,0.0,0.0,121.09952545166016,139.93919372558594,128.62518310546875,0.0,0.0,0.0,16.518339157104492,22.02894401550293,18.719594955444336,0.0,0.0,0.0
134.0,31.41901206970215,27719.322265625,3348.77001953125,12584.9208984375,11785.6318359375,2930.02685546875,18.885051727294922,0.0,11841.7890625,0.07006528228521347,12.704072952270508,0.518604576587677,3.5430076122283936,3.961047887802124,1.6141847372055054,2.622680187225342,5.189963340759277,0.0009725168929435313,0.37214162945747375,0.8222705721855164,0.0,0.0,0.0,0.0,3273.421875,133.62734985351562,529.9007568359375,1997.7467041015625,1127.76220703125,0.0,618.7406005859375,0.038257673382759094,22.224624633789062,73.18683624267578,0.0,0.0,0.0,199.7306671142578,199.7306671142578,93.89955139160156,141.5584259033203,123.81063842773438,0.0,0.0,0.0,93.89955139160156,141.5584259033203,123.81063842773438,0.0,0.0,0.0,8.580568313598633,22.52078628540039,17.329559326171875,0.0,0.0,0.0
135.0,31.454715728759766,27752.75,3348.77001953125,12591.419921875,11812.560546875,2986.24267578125,19.496530532836914,0.0,11495.2236328125,0.07006528228521347,12.72790813446045,0.5207670331001282,3.5445306301116943,3.961543560028076,1.6141847372055054,2.622680187225342,5.19765043258667,0.0009725168929435313,0.37214162945747375,0.8222705721855164,0.0,0.0,0.0,0.0,3262.82080078125,133.49949645996094,528.193359375,1989.9549560546875,936.355224609375,0.0,598.064453125,0.0369582399725914,20.789091110229492,72.11624145507812,0.0,0.0,0.0,201.1098175048828,201.1098175048828,128.502197265625,144.3910675048828,131.919677734375,0.0,0.0,0.0,128.502197265625,144.3910675048828,131.919677734375,0.0,0.0,0.0,18.090360641479492,22.737857818603516,19.08997344970703,0.0,0.0,0.0
136.0,31.473167419433594,27756.037109375,3348.77001953125,12594.705078125,11812.560546875,2986.24267578125,19.498201370239258,0.0,11497.5703125,0.07006528228521347,12.737793922424316,0.5216557383537292,3.5451443195343018,3.961751937866211,1.6141847372055054,2.622680187225342,5.204506874084473,0.0009725168929435313,0.37214162945747375,0.8222705721855164,0.0,0.0,0.0,0.0,3330.060546875,136.37722778320312,534.623291015625,2032.403076171875,584.3558349609375,0.0,828.6129150390625,0.05117928609251976,22.32849884033203,73.2643051147461,0.0,0.0,0.0,202.44461059570312,202.44461059570312,127.54998779296875,150.8529510498047,127.35279083251953,0.0,0.0,0.0,127.54998779296875,150.8529510498047,127.35279083251953,0.0,0.0,0.0,17.810169219970703,24.626285552978516,17.75248908996582,0.0,0.0,0.0
137.0,31.485164642333984,27758.861328125,3348.77001953125,12597.5302734375,11812.560546875,2986.24267578125,20.438329696655273,0.0,10985.541015625,0.07006528228521347,12.743194580078125,0.5221297740936279,3.5454723834991455,3.9621260166168213,1.6141847372055054,2.622680187225342,5.209926605224609,0.0009725168929435313,0.37214162945747375,0.8222705721855164,0.0,0.0,0.0,0.0,3288.4794921875,134.73960876464844,530.0079345703125,2010.9830322265625,413.4959716796875,0.0,722.542724609375,0.04460980370640755,22.32849884033203,73.2643051147461,0.0,0.0,0.0,203.74295043945312,203.74295043945312,99.84539031982422,147.8596954345703,125.19698333740234,0.0,0.0,0.0,99.84539031982422,147.8596954345703,125.19698333740234,0.0,0.0,0.0,8.766446113586426,22.810630798339844,16.181787490844727,0.0,0.0,0.0
138.0,31.491939544677734,27760.37109375,3348.77001953125,12599.0400390625,11812.560546875,2986.24267578125,20.70493507385254,0.0,10850.3994140625,0.07006528228521347,12.745397567749023,0.522324800491333,3.545604944229126,3.9637563228607178,1.6141847372055054,2.622680187225342,5.212541580200195,0.0009725168929435313,0.37214162945747375,0.8222705721855164,0.0,0.0,0.0,0.0,3272.90576171875,134.12840270996094,528.3069458007812,2002.0433349609375,390.5762634277344,0.0,680.0199584960938,0.04197648912668228,22.32849884033203,73.2643051147461,0.0,0.0,0.0,204.9849090576172,204.9849090576172,129.47250366210938,147.04733276367188,123.86738586425781,0.0,0.0,0.0,129.47250366210938,147.04733276367188,123.86738586425781,0.0,0.0,0.0,17.165769577026367,22.306407928466797,15.526274681091309,0.0,0.0,0.0
139.0,31.497291564941406,27761.91796875,3348.77001953125,12600.587890625,11812.560546875,2986.24267578125,21.020729064941406,0.0,10694.345703125,0.07006528228521347,12.746813774108887,0.5224449634552002,3.545689105987549,3.9656434059143066,1.6141847372055054,2.622680187225342,5.21438455581665,0.0009725168929435313,0.37214162945747375,0.8222705721855164,0.0,0.0,0.0,0.0,3251.40673828125,133.26319885253906,526.0216064453125,1967.2366943359375,381.7081298828125,0.0,622.7162475585938,0.03843379393219948,33.49274826049805,81.40478515625,0.0,0.0,0.0,206.19778442382812,206.19778442382812,163.1665802001953,168.4926300048828,152.12905883789062,0.0,0.0,0.0,163.1665802001953,168.4926300048828,152.12905883789062,0.0,0.0,0.0,26.705495834350586,28.263368606567383,23.477022171020508,0.0,0.0,0.0
140.0,31.5006160736084,27762.408203125,3348.77001953125,12601.0771484375,11812.560546875,2986.24267578125,20.438446044921875,0.0,10992.298828125,0.07006528228521347,12.747610092163086,0.5225111842155457,3.545736074447632,3.9669716358184814,1.6141847372055054,2.622680187225342,5.2154717445373535,0.0009725168929435313,0.37214162945747375,0.8222705721855164,0.0,0.0,0.0,0.0,3309.980712890625,135.67263793945312,531.9679565429688,486.4192810058594,306.05096435546875,0.0,2311.439697265625,0.3364698588848114,33.49274826049805,81.40478515625,0.0,0.0,0.0,207.41604614257812,207.41604614257812,178.85598754882812,191.31683349609375,181.48463439941406,0.0,0.0,0.0,178.85598754882812,191.31683349609375,181.48463439941406,0.0,0.0,0.0,31.876928329467773,35.521728515625,32.645809173583984,0.0,0.0,0.0
141.0,31.50218391418457,27762.5625,3348.77001953125,12601.232421875,11812.560546875,2986.24267578125,20.45313835144043,0.0,10986.5625,0.07006528228521347,12.747905731201172,0.522535502910614,3.5457534790039062,3.9675793647766113,1.6141847372055054,2.622680187225342,5.216095447540283,0.0009725168929435313,0.37214162945747375,0.8222705721855164,0.0,0.0,0.0,0.0,3307.32470703125,135.56695556640625,531.6719360351562,684.412109375,313.7370300292969,0.0,2103.8955078125,0.12983401119709015,33.49274826049805,81.40478515625,0.0,0.0,0.0,208.68141174316406,208.68141174316406,106.9629135131836,190.4544219970703,167.3306884765625,0.0,0.0,0.0,106.9629135131836,190.4544219970703,167.3306884765625,0.0,0.0,0.0,10.833516120910645,35.254783630371094,28.491090774536133,0.0,0.0,0.0
142.0,31.502843856811523,27767.48828125,3348.77001953125,12606.158203125,11812.560546875,2986.24267578125,20.197572708129883,0.0,11125.4951171875,0.07006528228521347,12.747912406921387,0.522536039352417,3.5457539558410645,3.967705249786377,1.6141847372055054,2.622680187225342,5.2166218757629395,0.0009725168929435313,0.37214162945747375,0.8222705721855164,0.0,0.0,0.0,0.0,3311.406494140625,135.73431396484375,532.1641235351562,686.9111328125,396.6763610839844,0.0,2106.00537109375,0.12995854020118713,33.49274826049805,81.40478515625,0.0,0.0,0.0,209.9740447998047,209.9740447998047,148.6009521484375,189.95440673828125,157.50828552246094,0.0,0.0,0.0,148.6009521484375,189.95440673828125,157.50828552246094,0.0,0.0,0.0,23.268205642700195,35.36408996582031,25.873598098754883,0.0,0.0,0.0
143.0,31.521011352539062,27777.505859375,3348.77001953125,12616.1748046875,11812.560546875,2986.24267578125,19.819732666015625,0.0,11337.5986328125,0.07006528228521347,12.74802303314209,0.5225452184677124,3.5457603931427,3.9711413383483887,1.6141847372055054,2.622680187225342,5.231225967407227,0.0009725168929435313,0.37214162945747375,0.8222705721855164,0.0,0.0,0.0,0.0,3286.025146484375,134.6951446533203,529.8251953125,1710.0023193359375,690.1873168945312,0.0,959.7710571289062,0.05916447192430496,33.49274826049805,81.40478515625,0.0,0.0,0.0,211.30487060546875,211.30487060546875,158.46226501464844,163.41400146484375,128.2325897216797,0.0,0.0,0.0,158.46226501464844,163.41400146484375,128.2325897216797,0.0,0.0,0.0,26.53048324584961,27.978864669799805,17.68829917907715,0.0,0.0,0.0
144.0,31.537324905395508,27780.828125,3348.77001953125,12619.4970703125,11812.560546875,2986.24267578125,19.255970001220703,0.0,11663.7333984375,0.07006528228521347,12.748108863830566,0.5225523114204407,3.5457653999328613,3.974574327468872,1.6141847372055054,2.622680187225342,5.2440080642700195,0.0009725168929435313,0.37214162945747375,0.8222705721855164,0.0,0.0,0.0,0.0,3290.458251953125,134.87777709960938,530.4888305664062,1990.7322998046875,915.0123901367188,0.0,667.2661743164062,0.04109581559896469,33.49274826049805,81.40478515625,0.0,0.0,0.0,212.67117309570312,212.67117309570312,153.85215759277344,157.2356414794922,142.82200622558594,0.0,0.0,0.0,153.85215759277344,157.2356414794922,142.82200622558594,0.0,0.0,0.0,25.745786666870117,26.735454559326172,22.519468307495117,0.0,0.0,0.0
145.0,31.546388626098633,27857.205078125,3348.77001953125,12620.8125,11887.6220703125,2986.24267578125,18.57223129272461,0.0,12115.94140625,0.07006528228521347,12.748147010803223,0.5225554704666138,3.5457677841186523,3.9763896465301514,1.6141847372055054,2.622680187225342,5.251213550567627,0.0009725168929435313,0.37214162945747375,0.8222705721855164,0.0,0.0,0.0,0.0,3313.4658203125,135.82127380371094,533.0648803710938,2023.387451171875,1132.425048828125,0.0,713.1676635742188,0.04390030726790428,22.32849884033203,73.2643051147461,0.0,0.0,0.0,214.07421875,214.07421875,125.43152618408203,141.55966186523438,128.46876525878906,0.0,0.0,0.0,125.43152618408203,141.55966186523438,128.46876525878906,0.0,0.0,0.0,18.11648941040039,22.833969116210938,19.004880905151367,0.0,0.0,0.0
146.0,31.550643920898438,28032.447265625,3348.77001953125,12626.470703125,12057.2060546875,2986.24267578125,18.56673240661621,0.0,12195.7822265625,0.07006528228521347,12.748150825500488,0.5225557684898376,3.5457680225372314,3.9766054153442383,1.6141847372055054,2.622680187225342,5.255248546600342,0.0009725168929435313,0.37214162945747375,0.8222705721855164,0.0,0.0,0.0,0.0,3323.841796875,136.24664306640625,534.118896484375,2030.2386474609375,1134.1141357421875,0.0,745.1311645507812,0.04585468769073486,22.32849884033203,73.2643051147461,0.0,0.0,0.0,215.49232482910156,215.49232482910156,120.41593170166016,140.99810791015625,107.16883850097656,0.0,0.0,0.0,120.41593170166016,140.99810791015625,107.16883850097656,0.0,0.0,0.0,16.65492820739746,22.675214767456055,12.78015422821045,0.0,0.0,0.0
147.0,31.571678161621094,28074.822265625,3348.77001953125,12637.353515625,12088.69921875,3109.33935546875,19.174449920654297,0.0,11838.822265625,0.07006528228521347,12.748163223266602,0.5225567817687988,3.5457687377929688,3.9772913455963135,1.6141847372055054,2.622680187225342,5.275582790374756,0.0009725168929435313,0.37214162945747375,0.8222705721855164,0.0,0.0,0.0,0.0,3309.08251953125,135.64178466796875,532.371826171875,2022.637451171875,941.9129638671875,0.0,720.2235717773438,0.04425617679953575,22.32849884033203,73.2643051147461,0.0,0.0,0.0,216.8745880126953,216.8745880126953,130.8086395263672,147.45343017578125,133.25811767578125,0.0,0.0,0.0,130.8086395263672,147.45343017578125,133.25811767578125,0.0,0.0,0.0,19.087078094482422,23.955678939819336,19.80354881286621,0.0,0.0,0.0
148.0,31.589811325073242,28083.02734375,3348.77001953125,12645.5576171875,12088.69921875,3109.33935546875,19.179426193237305,0.0,11841.19140625,0.07006528228521347,12.7481689453125,0.522557258605957,3.545768976211548,3.977607011795044,1.6141847372055054,2.622680187225342,5.293394088745117,0.0009725168929435313,0.37214162945747375,0.8222705721855164,0.0,0.0,0.0,0.0,3376.501953125,138.40541076660156,538.9785766601562,2058.2255859375,588.0151977539062,0.0,961.9823608398438,0.05903497338294983,22.32849884033203,73.2643051147461,0.0,0.0,0.0,218.2161865234375,218.2161865234375,134.90740966796875,155.70120239257812,134.13661193847656,0.0,0.0,0.0,134.90740966796875,155.70120239257812,134.13661193847656,0.0,0.0,0.0,20.28099250793457,26.363178253173828,20.0555362701416,0.0,0.0,0.0
149.0,31.616661071777344,28093.880859375,3348.77001953125,12656.41015625,12088.69921875,3109.33935546875,20.111112594604492,0.0,11313.82421875,0.07006528228521347,12.748175621032715,0.52255779504776,3.545769453048706,3.978252410888672,1.6141847372055054,2.622680187225342,5.319591999053955,0.0009725168929435313,0.37214162945747375,0.8222705721855164,0.0,0.0,0.0,0.0,3332.9248046875,136.6192169189453,534.2278442382812,2041.089599609375,416.0668029785156,0.0,844.6536254882812,0.05173484608530998,22.32849884033203,73.2643051147461,0.0,0.0,0.0,219.5272979736328,219.5272979736328,125.29606628417969,149.09890747070312,124.26712036132812,0.0,0.0,0.0,125.29606628417969,149.09890747070312,124.26712036132812,0.0,0.0,0.0,16.537988662719727,23.500316619873047,16.23702049255371,0.0,0.0,0.0
150.0,31.63660430908203,28098.0546875,3348.77001953125,12660.5859375,12088.69921875,3109.33935546875,20.375728607177734,0.0,11174.6064453125,0.07006528228521347,12.748178482055664,0.5225580334663391,3.545769453048706,3.9802119731903076,1.6141847372055054,2.622680187225342,5.334628582000732,0.0009725168929435313,0.37214162945747375,0.8252130746841431,0.0,0.0,0.0,0.0,3316.551025390625,135.94808959960938,532.4803466796875,2034.057373046875,392.9972839355469,0.0,798.25537109375,0.04883962497115135,22.32849884033203,73.52648162841797,0.0,0.0,0.0,220.78660583496094,220.78660583496094,131.45904541015625,149.06866455078125,105.33573150634766,0.0,0.0,0.0,131.45904541015625,149.06866455078125,105.33573150634766,0.0,0.0,0.0,18.07604217529297,23.226856231689453,10.434971809387207,0.0,0.0,0.0
151.0,31.64925765991211,28131.953125,3348.77001953125,12694.4833984375,12088.69921875,3109.33935546875,20.710725784301758,0.0,11013.8583984375,0.07006528228521347,12.748178482055664,0.5225580334663391,3.545769453048706,3.980494737625122,1.6141847372055054,2.622680187225342,5.3359694480896,0.0009725168929435313,0.37214162945747375,0.8362419605255127,0.0,0.0,0.0,0.0,3294.19775390625,135.03179931640625,530.1301879882812,2001.033203125,384.0545959472656,0.0,735.913818359375,0.04502103477716446,33.49274826049805,82.78795623779297,0.0,0.0,0.0,222.01625061035156,222.01625061035156,160.47706604003906,172.4073944091797,154.11399841308594,0.0,0.0,0.0,160.47706604003906,172.4073944091797,154.11399841308594,0.0,0.0,0.0,26.228816986083984,29.718435287475586,24.36762046813965,0.0,0.0,0.0
152.0,31.77090835571289,28198.39453125,3348.77001953125,12760.9248046875,12088.69921875,3109.33935546875,20.183504104614258,0.0,11320.6787109375,0.07006528228521347,12.748180389404297,0.5225581526756287,3.545769691467285,3.9825329780578613,1.6141847372055054,2.622680187225342,5.348042011260986,0.0009725168929435313,0.37214162945747375,0.9437805414199829,0.0,0.0,0.0,0.0,3354.371826171875,137.49839782714844,536.2507934570312,789.6572265625,307.99578857421875,0.0,2149.283935546875,0.13136965036392212,33.49274826049805,93.43427276611328,0.0,0.0,0.0,223.25474548339844,223.25474548339844,157.8305206298828,189.9029541015625,160.12901306152344,0.0,0.0,0.0,157.8305206298828,189.9029541015625,160.12901306152344,0.0,0.0,0.0,25.981924057006836,35.36310958862305,26.654232025146484,0.0,0.0,0.0
153.0,31.883256912231445,28221.923828125,3348.77001953125,12784.4541015625,12088.69921875,3109.33935546875,20.21479034423828,0.0,11314.7333984375,0.07006528228521347,12.748181343078613,0.5225582718849182,3.545769691467285,3.9845917224884033,1.6141847372055054,2.622680187225342,5.36198616027832,0.0009725168929435313,0.37214162945747375,1.0401246547698975,0.0,0.0,0.0,0.0,3351.59619140625,137.3846435546875,535.947509765625,766.3833618164062,315.7295227050781,0.0,2153.18896484375,0.13147445023059845,33.49274826049805,102.97233581542969,0.0,0.0,0.0,224.5396270751953,224.5396270751953,137.48345947265625,190.20993041992188,136.13841247558594,0.0,0.0,0.0,137.48345947265625,190.20993041992188,136.13841247558594,0.0,0.0,0.0,19.999120712280273,35.42161560058594,19.605695724487305,0.0,0.0,0.0
154.0,31.943618774414062,28236.6484375,3348.77001953125,12799.1787109375,12088.69921875,3109.33935546875,19.96875762939453,0.0,11457.779296875,0.07006528228521347,12.748181343078613,0.522558331489563,3.545769691467285,3.98734974861145,1.6141847372055054,2.622680187225342,5.381715297698975,0.0009725168929435313,0.37214162945747375,1.0780000686645508,0.0,0.0,0.0,0.0,3355.83203125,137.55828857421875,536.460205078125,1743.3404541015625,399.2030334472656,0.0,1179.1878662109375,0.0718974620103836,33.49274826049805,106.72200775146484,0.0,0.0,0.0,225.85067749023438,225.85067749023438,152.8553009033203,172.4801025390625,162.27230834960938,0.0,0.0,0.0,152.8553009033203,172.4801025390625,162.27230834960938,0.0,0.0,0.0,24.741416931152344,30.481670379638672,27.495891571044922,0.0,0.0,0.0
155.0,31.997303009033203,28253.98046875,3348.77001953125,12816.509765625,12088.69921875,3109.33935546875,19.599714279174805,0.0,11676.1669921875,0.07006528228521347,12.74818229675293,0.522558331489563,3.545769691467285,3.9907901287078857,1.6141847372055054,2.622680187225342,5.404295444488525,0.0009725168929435313,0.37214162945747375,1.1056618690490723,0.0,0.0,0.0,0.0,3329.787353515625,136.49069213867188,534.0703735351562,2021.308837890625,694.5368041992188,0.0,778.4239501953125,0.047386690974235535,33.49274826049805,109.46052551269531,0.0,0.0,0.0,227.20159912109375,227.20159912109375,162.05642700195312,161.82818603515625,160.48585510253906,0.0,0.0,0.0,162.05642700195312,161.82818603515625,160.48585510253906,0.0,0.0,0.0,27.801790237426758,27.735031127929688,27.3424015045166,0.0,0.0,0.0
156.0,32.03268814086914,28259.951171875,3348.77001953125,12822.4814453125,12088.69921875,3109.33935546875,19.067440032958984,0.0,11997.228515625,0.07006528228521347,12.74818229675293,0.522558331489563,3.545769691467285,3.994436025619507,1.6141847372055054,2.622680187225342,5.419874668121338,0.0009725168929435313,0.37214162945747375,1.1218210458755493,0.0,0.0,0.0,0.0,3332.386962890625,136.5972442626953,534.55615234375,2022.2265625,920.5361938476562,0.0,761.5818481445312,0.04631134495139122,33.49274826049805,111.0602798461914,0.0,0.0,0.0,228.5961456298828,228.5961456298828,141.11111450195312,161.13900756835938,135.44081115722656,0.0,0.0,0.0,141.11111450195312,161.13900756835938,135.44081115722656,0.0,0.0,0.0,22.20755958557129,28.06572151184082,20.548999786376953,0.0,0.0,0.0
157.0,32.051246643066406,28335.47265625,3348.77001953125,12825.0771484375,12161.6240234375,3109.33935546875,18.38813591003418,0.0,12462.33203125,0.07006528228521347,12.74818229675293,0.522558331489563,3.545769691467285,3.9966533184051514,1.6141847372055054,2.622680187225342,5.429136276245117,0.0009725168929435313,0.37214162945747375,1.128902554512024,0.0,0.0,0.0,0.0,3356.117919921875,137.57000732421875,537.218017578125,2055.71337890625,1139.3585205078125,0.0,815.3932495117188,0.04955168440937996,22.32849884033203,100.58522033691406,0.0,0.0,0.0,230.02952575683594,230.02952575683594,125.2718276977539,145.50294494628906,131.13482666015625,0.0,0.0,0.0,125.2718276977539,145.50294494628906,131.13482666015625,0.0,0.0,0.0,18.253873825073242,24.171476364135742,19.968801498413086,0.0,0.0,0.0
158.0,32.05986022949219,28515.2421875,3348.77001953125,12832.572265625,12333.900390625,3109.33935546875,18.383581161499023,0.0,12544.408203125,0.07006528228521347,12.749275207519531,0.5226520895957947,3.545769691467285,3.99699068069458,1.6141847372055054,2.622680187225342,5.435314178466797,0.0009725168929435313,0.37214162945747375,1.1298123598098755,0.0,0.0,0.0,0.0,3366.95556640625,138.02716064453125,538.2904052734375,2060.545654296875,1141.0760498046875,0.0,850.2265625,0.051645807921886444,22.32849884033203,100.6662826538086,0.0,0.0,0.0,231.48147583007812,231.48147583007812,117.20221710205078,144.2253875732422,108.78438568115234,0.0,0.0,0.0,117.20221710205078,144.2253875732422,108.78438568115234,0.0,0.0,0.0,15.898067474365234,23.802343368530273,13.435850143432617,0.0,0.0,0.0
159.0,32.08795166015625,28658.525390625,3348.77001953125,12943.9091796875,12365.8466796875,3129.3173828125,19.052669525146484,0.0,12177.2001953125,0.07006528228521347,12.771886825561523,0.5245794057846069,3.545769691467285,3.9970786571502686,1.6141847372055054,2.622680187225342,5.438560485839844,0.0009725168929435313,0.37214162945747375,1.1300326585769653,0.0,0.0,0.0,0.0,3355.162841796875,137.8065185546875,536.24462890625,2053.9765625,947.3053588867188,0.0,815.8482055664062,0.049545932561159134,22.32849884033203,100.68590545654297,0.0,0.0,0.0,232.89755249023438,232.89755249023438,126.27392578125,148.83547973632812,118.8361587524414,0.0,0.0,0.0,126.27392578125,148.83547973632812,118.8361587524414,0.0,0.0,0.0,17.88245391845703,24.481706619262695,15.706907272338867,0.0,0.0,0.0
160.0,32.46915817260742,28937.107421875,3348.77001953125,13222.4912109375,12365.8466796875,3129.3173828125,19.237285614013672,0.0,12179.603515625,0.07006528228521347,13.093012809753418,0.5550670623779297,3.545769691467285,3.997657299041748,1.6141847372055054,2.622680187225342,5.466157913208008,0.0009725168929435313,0.37214162945747375,1.1314501762390137,0.0,0.0,0.0,0.0,3471.259765625,147.16107177734375,539.3930053710938,2074.910888671875,588.2979125976562,0.0,1025.427001953125,0.062152184545993805,22.32849884033203,100.81221771240234,0.0,0.0,0.0,234.27252197265625,234.27252197265625,130.10581970214844,156.81277465820312,137.6150360107422,0.0,0.0,0.0,130.10581970214844,156.81277465820312,137.6150360107422,0.0,0.0,0.0,18.81866455078125,26.630447387695312,21.015111923217773,0.0,0.0,0.0
161.0,33.07841873168945,29154.36328125,3348.77001953125,13439.74609375,12365.8466796875,3129.3173828125,20.316638946533203,0.0,11637.12890625,0.07006528228521347,13.610733032226562,0.6044179797172546,3.545769691467285,3.999297618865967,1.6141847372055054,2.622680187225342,5.504910469055176,0.0009725168929435313,0.37214162945747375,1.1332459449768066,0.0,0.0,0.0,0.0,3500.65234375,155.45504760742188,529.0846557617188,2039.5301513671875,412.8460998535156,0.0,841.9885864257812,0.050894346088171005,22.32849884033203,100.97221374511719,0.0,0.0,0.0,235.61679077148438,235.61679077148438,129.85186767578125,149.35379028320312,129.10401916503906,0.0,0.0,0.0,129.85186767578125,149.35379028320312,129.10401916503906,0.0,0.0,0.0,17.66503143310547,23.369342803955078,17.4462890625,0.0,0.0,0.0
162.0,33.500328063964844,29225.193359375,3348.77001953125,13510.576171875,12365.8466796875,3129.3173828125,20.63132667541504,0.0,11493.88671875,0.07006528228521347,13.965160369873047,0.6383211612701416,3.545769691467285,4.006847381591797,1.6141847372055054,2.622680187225342,5.529847145080566,0.0009725168929435313,0.37214162945747375,1.1343392133712769,0.0,0.0,0.0,0.0,3534.28271484375,161.54541015625,523.86376953125,2020.429443359375,387.9107360839844,0.0,754.2452392578125,0.04551082104444504,22.036714553833008,100.77169799804688,0.0,0.0,0.0,236.9091796875,236.9091796875,106.66619110107422,146.82687377929688,128.09963989257812,0.0,0.0,0.0,106.66619110107422,146.82687377929688,128.09963989257812,0.0,0.0,0.0,10.568534851074219,22.315532684326172,16.837820053100586,0.0,0.0,0.0
163.0,33.71399688720703,29251.228515625,3348.77001953125,13536.611328125,12365.8466796875,3129.3173828125,20.96439552307129,0.0,11328.51171875,0.07006528228521347,14.142865180969238,0.655238926410675,3.545769691467285,4.013376712799072,1.6141847372055054,2.622680187225342,5.54185676574707,0.0009725168929435313,0.37214162945747375,1.1348453760147095,0.0,0.0,0.0,0.0,3536.394287109375,163.84115600585938,519.9467163085938,1945.3167724609375,378.1679382324219,0.0,702.9227905273438,0.04237811639904976,33.49274826049805,112.34969329833984,0.0,0.0,0.0,238.172607421875,238.172607421875,169.45681762695312,172.1757354736328,157.07699584960938,0.0,0.0,0.0,169.45681762695312,172.1757354736328,157.07699584960938,0.0,0.0,0.0,28.601722717285156,29.397008895874023,24.980627059936523,0.0,0.0,0.0
164.0,33.80906295776367,29259.466796875,3348.77001953125,13544.849609375,12365.8466796875,3129.3173828125,20.387630462646484,0.0,11644.060546875,0.07006528228521347,14.221414566040039,0.6626723408699036,3.545769691467285,4.017088890075684,1.6141847372055054,2.622680187225342,5.547016143798828,0.0009725168929435313,0.37214162945747375,1.135056495666504,0.0,0.0,0.0,0.0,3608.4326171875,168.1414031982422,524.8091430664062,443.24127197265625,302.73541259765625,0.0,2410.194580078125,0.3298633396625519,33.49274826049805,112.37059020996094,0.0,0.0,0.0,239.44639587402344,239.44639587402344,177.7471160888672,192.1527557373047,169.21542358398438,0.0,0.0,0.0,177.7471160888672,192.1527557373047,169.21542358398438,0.0,0.0,0.0,31.60340118408203,35.817047119140625,29.107881546020508,0.0,0.0,0.0
165.0,33.84782791137695,29262.072265625,3348.77001953125,13547.4560546875,12365.8466796875,3129.3173828125,20.404117584228516,0.0,11637.9072265625,0.07006528228521347,14.253616333007812,0.6657098531723022,3.545769691467285,4.018607139587402,1.6141847372055054,2.622680187225342,5.548956871032715,0.0009725168929435313,0.37214162945747375,1.1351252794265747,0.0,0.0,0.0,0.0,3610.28955078125,168.6172332763672,524.229736328125,1687.6312255859375,310.20556640625,0.0,1151.3675537109375,0.06937914341688156,33.49274826049805,112.37740325927734,0.0,0.0,0.0,240.7685089111328,240.7685089111328,155.24903869628906,176.388427734375,154.62823486328125,0.0,0.0,0.0,155.24903869628906,176.388427734375,154.62823486328125,0.0,0.0,0.0,25.006227493286133,31.189496994018555,24.82464027404785,0.0,0.0,0.0
166.0,33.86284637451172,29512.046875,3348.77001953125,13797.431640625,12365.8466796875,3129.3173828125,20.31713104248047,0.0,11784.9921875,0.07006528228521347,14.266705513000488,0.6669406890869141,3.545769691467285,4.0187668800354,1.6141847372055054,2.622680187225342,5.5494914054870605,0.0009725168929435313,0.37214162945747375,1.135125994682312,0.0,0.0,0.0,0.0,3618.263671875,169.1467742919922,524.7264404296875,1688.7403564453125,392.2185974121094,0.0,1156.9637451171875,0.06971368193626404,33.49274826049805,112.3774642944336,0.0,0.0,0.0,242.12327575683594,242.12327575683594,149.37013244628906,174.71243286132812,125.61918640136719,0.0,0.0,0.0,149.37013244628906,174.71243286132812,125.61918640136719,0.0,0.0,0.0,23.37363052368164,30.786256790161133,16.426481246948242,0.0,0.0,0.0
167.0,34.7833137512207,30023.26171875,3348.77001953125,14308.6455078125,12365.8466796875,3129.3173828125,20.27422332763672,0.0,12009.5810546875,0.07006528228521347,15.066879272460938,0.7442665100097656,3.545769691467285,4.029152870178223,1.6141847372055054,2.622680187225342,5.582052230834961,0.0009725168929435313,0.37214162945747375,1.1351505517959595,0.0,0.0,0.0,0.0,3713.744140625,183.4497528076172,516.009033203125,1926.287841796875,675.8866577148438,0.0,684.5899047851562,0.04115702211856842,33.49274826049805,112.37989807128906,0.0,0.0,0.0,243.5196990966797,243.5196990966797,155.1386260986328,162.1630859375,159.95440673828125,0.0,0.0,0.0,155.1386260986328,162.1630859375,159.95440673828125,0.0,0.0,0.0,25.10382652282715,27.158477783203125,26.512441635131836,0.0,0.0,0.0
168.0,35.61372756958008,30187.208984375,3348.77001953125,14472.5927734375,12365.8466796875,3129.3173828125,19.850072860717773,0.0,12325.5771484375,0.07006528228521347,15.783049583435059,0.8135445713996887,3.545769691467285,4.044979572296143,1.6141847372055054,2.622680187225342,5.611171245574951,0.0009725168929435313,0.37214162945747375,1.1351698637008667,0.0,0.0,0.0,0.0,3825.892578125,197.2073974609375,511.1158447265625,1914.0982666015625,888.6290893554688,0.0,574.4368896484375,0.034464918076992035,33.49274826049805,112.38182067871094,0.0,0.0,0.0,244.96041870117188,244.96041870117188,155.9107666015625,158.16285705566406,141.6934814453125,0.0,0.0,0.0,155.9107666015625,158.16285705566406,141.6934814453125,0.0,0.0,0.0,25.753828048706055,26.412561416625977,21.59527015686035,0.0,0.0,0.0
169.0,36.055137634277344,30310.666015625,3348.77001953125,14528.2763671875,12433.619140625,3129.3173828125,19.169113159179688,0.0,12803.3662109375,0.07006528228521347,16.16135025024414,0.850089430809021,3.545769691467285,4.056161403656006,1.6141847372055054,2.622680187225342,5.62654447555542,0.0009725168929435313,0.37214162945747375,1.1351792812347412,0.0,0.0,0.0,0.0,3914.21044921875,205.88804626464844,511.1439208984375,1969.697265625,1095.70654296875,0.0,587.303955078125,0.035199347883462906,11.164249420166016,82.48661041259766,0.0,0.0,0.0,246.44146728515625,246.44146728515625,113.32830047607422,137.50698852539062,121.26714324951172,0.0,0.0,0.0,113.32830047607422,137.50698852539062,121.26714324951172,0.0,0.0,0.0,13.979413986206055,21.051679611206055,16.30152702331543,0.0,0.0,0.0
170.0,36.25353240966797,30501.6875,3348.77001953125,14545.8955078125,12607.0234375,3129.3173828125,19.16347312927246,0.0,12887.6484375,0.07006528228521347,16.330677032470703,0.8664197325706482,3.545769691467285,4.062015533447266,1.6141847372055054,2.622680187225342,5.6334228515625,0.0009725168929435313,0.37214162945747375,1.1351832151412964,0.0,0.0,0.0,0.0,3950.6220703125,209.5991973876953,510.8314514160156,1972.531005859375,1095.1251220703125,0.0,600.4075317382812,0.03596753627061844,11.164249420166016,82.59851837158203,0.0,0.0,0.0,247.933837890625,247.933837890625,96.29714965820312,133.8714141845703,108.66193389892578,0.0,0.0,0.0,96.29714965820312,133.8714141845703,108.66193389892578,0.0,0.0,0.0,9.003442764282227,19.99391746520996,12.620141983032227,0.0,0.0,0.0
171.0,36.33488845825195,30539.34765625,3348.77001953125,14551.4697265625,12639.107421875,3369.159912109375,19.786836624145508,0.0,12510.35546875,0.07006528228521347,16.399503707885742,0.8730584979057312,3.545769691467285,4.0651092529296875,1.6141847372055054,2.622680187225342,5.636218070983887,0.0009725168929435313,0.37214162945747375,1.1351847648620605,0.0,0.0,0.0,0.0,3937.217041015625,209.60516357421875,508.2818603515625,1957.2440185546875,908.2999877929688,0.0,566.6957397460938,0.03394145146012306,11.164249420166016,78.7868881225586,0.0,0.0,0.0,249.3836212158203,249.3836212158203,128.24807739257812,140.5812530517578,129.3836669921875,0.0,0.0,0.0,128.24807739257812,140.5812530517578,129.3836669921875,0.0,0.0,0.0,17.725725173950195,21.33317756652832,18.05788803100586,0.0,0.0,0.0
172.0,36.36650848388672,30541.9609375,3348.77001953125,14554.0830078125,12639.107421875,3369.159912109375,19.787973403930664,0.0,12512.7822265625,0.07006528228521347,16.423887252807617,0.8754438161849976,3.545769691467285,4.068970203399658,1.6141847372055054,2.622680187225342,5.637208461761475,0.0009725168929435313,0.37214162945747375,1.1351852416992188,0.0,0.0,0.0,0.0,3999.0185546875,213.16001892089844,512.622802734375,2010.583984375,565.2267456054688,0.0,767.4320678710938,0.0459611602127552,15.401398658752441,94.06687927246094,0.0,0.0,0.0,250.78823852539062,250.78823852539062,128.0651397705078,148.91534423828125,134.78717041015625,0.0,0.0,0.0,128.0651397705078,148.91534423828125,134.78717041015625,0.0,0.0,0.0,17.67108154296875,23.769763946533203,19.63727378845215,0.0,0.0,0.0
173.0,36.381492614746094,30544.26171875,3348.77001953125,14556.3837890625,12639.107421875,3369.159912109375,20.745346069335938,0.0,11955.4208984375,0.07006528228521347,16.43370819091797,0.8763883113861084,3.545769691467285,4.072789192199707,1.6141847372055054,2.622680187225342,5.637607574462891,0.0009725168929435313,0.37214162945747375,1.1351854801177979,0.0,0.0,0.0,0.0,3945.72314453125,210.4202880859375,507.96588134765625,1982.0316162109375,399.8650817871094,0.0,658.99267578125,0.039465684443712234,11.164249420166016,84.55870056152344,0.0,0.0,0.0,252.1587371826172,252.1587371826172,122.39400482177734,140.67431640625,126.4614486694336,0.0,0.0,0.0,122.39400482177734,140.67431640625,126.4614486694336,0.0,0.0,0.0,15.054900169372559,20.401893615722656,16.244626998901367,0.0,0.0,0.0
174.0,36.3886604309082,30548.888671875,3348.77001953125,14561.01171875,12639.107421875,3369.159912109375,21.0191707611084,0.0,11808.23046875,0.07006528228521347,16.435516357421875,0.8765703439712524,3.545769691467285,4.077892303466797,1.6141847372055054,2.622680187225342,5.637681007385254,0.0009725168929435313,0.37214162945747375,1.1351854801177979,0.0,0.0,0.0,0.0,3927.34228515625,209.46051025390625,506.4006652832031,1969.976806640625,377.7583923339844,0.0,617.1144409179688,0.0369575060904026,11.164249420166016,81.05047607421875,0.0,0.0,0.0,253.47093200683594,253.47093200683594,133.9251251220703,137.88148498535156,114.50006103515625,0.0,0.0,0.0,133.9251251220703,137.88148498535156,114.50006103515625,0.0,0.0,0.0,18.153926849365234,19.3111629486084,12.47209644317627,0.0,0.0,0.0
175.0,36.4060173034668,30557.119140625,3348.77001953125,14569.2412109375,12639.107421875,3369.159912109375,21.345691680908203,0.0,11638.2880859375,0.07006528228521347,16.438562393188477,0.8768439888954163,3.545769691467285,4.091807842254639,1.6141847372055054,2.622680187225342,5.63780403137207,0.0009725168929435313,0.37214162945747375,1.1351855993270874,0.0,0.0,0.0,0.0,3895.125,207.76858520507812,504.3639221191406,1854.2513427734375,368.95697021484375,0.0,608.1791381835938,0.03642205893993378,33.49274826049805,112.38337707519531,0.0,0.0,0.0,254.74838256835938,254.74838256835938,146.90138244628906,155.6982879638672,142.3904266357422,0.0,0.0,0.0,146.90138244628906,155.6982879638672,142.3904266357422,0.0,0.0,0.0,21.622962951660156,24.196060180664062,20.303510665893555,0.0,0.0,0.0
176.0,36.420188903808594,30559.72265625,3348.77001953125,14571.845703125,12639.107421875,3369.159912109375,20.753597259521484,0.0,11962.4189453125,0.07006528228521347,16.44076919555664,0.8770398497581482,3.545769691467285,4.103487491607666,1.6141847372055054,2.622680187225342,5.6378936767578125,0.0009725168929435313,0.37214162945747375,1.1351855993270874,0.0,0.0,0.0,0.0,3964.81396484375,211.5046844482422,509.2569885253906,515.6229858398438,295.68975830078125,0.0,2158.57958984375,0.26332905888557434,33.49274826049805,112.38337707519531,0.0,0.0,0.0,256.0260925292969,256.0260925292969,141.74984741210938,190.13613891601562,177.92138671875,0.0,0.0,0.0,141.74984741210938,190.13613891601562,177.92138671875,0.0,0.0,0.0,20.708234786987305,34.86122512817383,31.288408279418945,0.0,0.0,0.0
177.0,36.42742156982422,30560.546875,3348.77001953125,14572.669921875,12639.107421875,3369.159912109375,20.769079208374023,0.0,11956.056640625,0.07006528228521347,16.442781448364258,0.877204954624176,3.545769691467285,4.108479976654053,1.6141847372055054,2.622680187225342,5.637954235076904,0.0009725168929435313,0.37214162945747375,1.135185718536377,0.0,0.0,0.0,0.0,3962.471435546875,211.3936309814453,509.01275634765625,1690.314453125,303.13580322265625,0.0,973.739501953125,0.058313727378845215,33.49274826049805,112.38337707519531,0.0,0.0,0.0,257.3461608886719,257.3461608886719,157.8068084716797,174.34092712402344,125.6673583984375,0.0,0.0,0.0,157.8068084716797,174.34092712402344,125.6673583984375,0.0,0.0,0.0,25.3894100189209,30.22564125061035,15.988621711730957,0.0,0.0,0.0
178.0,36.43057632446289,30753.435546875,3348.77001953125,14765.5576171875,12639.107421875,3369.159912109375,20.634397506713867,0.0,12107.1318359375,0.07006528228521347,16.445581436157227,0.8774208426475525,3.545769691467285,4.10855770111084,1.6141847372055054,2.622680187225342,5.638016700744629,0.0009725168929435313,0.37214162945747375,1.135185718536377,0.0,0.0,0.0,0.0,3971.224853515625,211.87667846679688,509.70489501953125,1648.51611328125,383.4046325683594,0.0,1025.7489013671875,0.06142805516719818,33.49274826049805,112.38337707519531,0.0,0.0,0.0,258.69580078125,258.69580078125,130.87049865722656,172.5165252685547,155.99781799316406,0.0,0.0,0.0,130.87049865722656,172.5165252685547,155.99781799316406,0.0,0.0,0.0,17.64522361755371,29.826684951782227,24.99496078491211,0.0,0.0,0.0
179.0,37.139156341552734,31150.4140625,3348.77001953125,15162.5361328125,12639.107421875,3369.159912109375,20.50095558166504,0.0,12337.814453125,0.07006528228521347,17.05944061279297,0.9374380707740784,3.545769691467285,4.129391193389893,1.6141847372055054,2.622680187225342,5.651886463165283,0.0009725168929435313,0.37214162945747375,1.135185718536377,0.0,0.0,0.0,0.0,4036.222900390625,221.79562377929688,504.2749328613281,1858.7581787109375,663.38134765625,0.0,620.0597534179688,0.03709730878472328,33.49274826049805,112.38338470458984,0.0,0.0,0.0,260.0860290527344,260.0860290527344,136.39056396484375,160.7763671875,163.9245147705078,0.0,0.0,0.0,136.39056396484375,160.7763671875,163.9245147705078,0.0,0.0,0.0,19.393281936645508,26.52613067626953,27.44696617126465,0.0,0.0,0.0
180.0,37.78690719604492,31280.037109375,3348.77001953125,15292.1591796875,12639.107421875,3369.159912109375,20.067684173583984,0.0,12648.7900390625,0.07006528228521347,17.617225646972656,0.9919528961181641,3.545769691467285,4.152242183685303,1.6141847372055054,2.622680187225342,5.664488315582275,0.0009725168929435313,0.37214162945747375,1.135185718536377,0.0,0.0,0.0,0.0,4124.60107421875,232.23916625976562,500.78436279296875,1897.50927734375,874.5984497070312,0.0,493.45867919921875,0.029497232288122177,28.222232818603516,106.9979476928711,0.0,0.0,0.0,261.5181884765625,261.5181884765625,125.24124145507812,150.5055389404297,132.47262573242188,0.0,0.0,0.0,125.24124145507812,150.5055389404297,132.47262573242188,0.0,0.0,0.0,16.565380096435547,23.95518684387207,18.680557250976562,0.0,0.0,0.0
181.0,38.130645751953125,31386.072265625,3348.77001953125,15334.5458984375,12702.7578125,3369.159912109375,19.364797592163086,0.0,13139.0615234375,0.07006528228521347,17.912492752075195,1.020763874053955,3.545769691467285,4.165229320526123,1.6141847372055054,2.622680187225342,5.6711602210998535,0.0009725168929435313,0.37214162945747375,1.135185718536377,0.0,0.0,0.0,0.0,4205.4248046875,239.6509552001953,502.0284423828125,1954.17578125,1080.251708984375,0.0,515.8150634765625,0.030819406732916832,11.164249420166016,78.66836547851562,0.0,0.0,0.0,262.98516845703125,262.98516845703125,87.71500396728516,130.52639770507812,123.9839096069336,0.0,0.0,0.0,87.71500396728516,130.52639770507812,123.9839096069336,0.0,0.0,0.0,6.29184103012085,18.81417465209961,16.900497436523438,0.0,0.0,0.0
182.0,38.28411102294922,31842.49609375,3581.070068359375,15385.1142578125,12876.3125,3369.159912109375,19.517404556274414,0.0,13225.5126953125,0.07006528228521347,18.04630470275879,1.033778429031372,3.545769691467285,4.168835163116455,1.6141847372055054,2.622680187225342,5.674190998077393,0.0009725168929435313,0.37214162945747375,1.135185718536377,0.0,0.0,0.0,0.0,4237.05859375,242.71893310546875,502.15313720703125,1958.4775390625,1080.3074951171875,0.0,533.3865356445312,0.03186262026429176,11.164249420166016,78.66836547851562,0.0,0.0,0.0,264.4604187011719,264.4604187011719,117.57219696044922,134.6573028564453,123.5177230834961,0.0,0.0,0.0,117.57219696044922,134.6573028564453,123.5177230834961,0.0,0.0,0.0,14.872461318969727,19.869857788085938,16.611528396606445,0.0,0.0,0.0
183.0,38.483245849609375,31955.90234375,3581.070068359375,15466.4951171875,12908.337890625,3369.159912109375,20.199800491333008,0.0,12838.28125,0.07006528228521347,18.220766067504883,1.0508815050125122,3.545769691467285,4.172453880310059,1.6141847372055054,2.622680187225342,5.678146839141846,0.0009725168929435313,0.37214162945747375,1.135185718536377,0.0,0.0,0.0,0.0,4231.1484375,244.03121948242188,497.71490478515625,1935.423828125,894.3890380859375,0.0,489.1300048828125,0.029210977256298065,11.164249420166016,78.66836547851562,0.0,0.0,0.0,265.89654541015625,265.89654541015625,127.45870208740234,140.6556396484375,130.8770294189453,0.0,0.0,0.0,127.45870208740234,140.6556396484375,130.8770294189453,0.0,0.0,0.0,17.081871032714844,20.94197654724121,18.081727981567383,0.0,0.0,0.0
184.0,38.63454055786133,31983.27734375,3581.070068359375,15493.8701171875,12908.337890625,3369.159912109375,20.216495513916016,0.0,12840.7265625,0.07006528228521347,18.3535099029541,1.063917875289917,3.545769691467285,4.174955368041992,1.6141847372055054,2.622680187225342,5.681157112121582,0.0009725168929435313,0.37214162945747375,1.135185718536377,0.0,0.0,0.0,0.0,4309.43701171875,249.80984497070312,502.2695007324219,1998.3172607421875,555.9862060546875,0.0,676.2593383789062,0.04037807509303093,11.164249420166016,78.66836547851562,0.0,0.0,0.0,267.2906188964844,267.2906188964844,120.16996002197266,148.8262939453125,136.50137329101562,0.0,0.0,0.0,120.16996002197266,148.8262939453125,136.50137329101562,0.0,0.0,0.0,14.933218955993652,23.315195083618164,19.710155487060547,0.0,0.0,0.0
185.0,38.711280822753906,31991.939453125,3581.070068359375,15502.53125,12908.337890625,3369.159912109375,21.199913024902344,0.0,12268.7177734375,0.07006528228521347,18.41859245300293,1.070349931716919,3.545769691467285,4.178704261779785,1.6141847372055054,2.622680187225342,5.682633876800537,0.0009725168929435313,0.37214162945747375,1.135185718536377,0.0,0.0,0.0,0.0,4255.4453125,247.29443359375,496.2985534667969,1951.295166015625,392.88427734375,0.0,562.2125854492188,0.033565204590559006,11.164249420166016,78.66836547851562,0.0,0.0,0.0,268.6536560058594,268.6536560058594,117.14747619628906,139.54637145996094,110.41014099121094,0.0,0.0,0.0,117.14747619628906,139.54637145996094,110.41014099121094,0.0,0.0,0.0,13.06572437286377,19.617401123046875,11.095053672790527,0.0,0.0,0.0
186.0,38.74469757080078,32000.755859375,3581.070068359375,15511.34765625,12908.337890625,3369.159912109375,21.48271942138672,0.0,12117.62890625,0.07006528228521347,18.436800003051758,1.0722733736038208,3.545769691467285,4.19157600402832,1.6141847372055054,2.622680187225342,5.683048248291016,0.0009725168929435313,0.37214162945747375,1.135185718536377,0.0,0.0,0.0,0.0,4235.54931640625,246.33702087402344,493.8587341308594,1939.7935791015625,370.9444580078125,0.0,515.8710327148438,0.03079771064221859,11.164249420166016,78.66836547851562,0.0,0.0,0.0,269.9622497558594,269.9622497558594,121.3004379272461,131.29417419433594,118.23005676269531,0.0,0.0,0.0,121.3004379272461,131.29417419433594,118.23005676269531,0.0,0.0,0.0,13.997659683227539,16.920827865600586,13.099573135375977,0.0,0.0,0.0
187.0,38.78047180175781,32014.08203125,3581.070068359375,15524.673828125,12908.337890625,3369.159912109375,21.82003402709961,0.0,11943.1962890625,0.07006528228521347,18.45204734802246,1.0737202167510986,3.545769691467285,4.21030855178833,1.6141847372055054,2.622680187225342,5.683393478393555,0.0009725168929435313,0.37214162945747375,1.135185718536377,0.0,0.0,0.0,0.0,4206.12744140625,244.75352478027344,490.75927734375,1914.69580078125,362.26788330078125,0.0,465.43890380859375,0.027786213904619217,10.939207077026367,78.43841552734375,0.0,0.0,0.0,271.2375183105469,271.2375183105469,128.20254516601562,142.01968383789062,126.26275634765625,0.0,0.0,0.0,128.20254516601562,142.01968383789062,126.26275634765625,0.0,0.0,0.0,15.67921257019043,19.720722198486328,15.111823081970215,0.0,0.0,0.0
188.0,38.805843353271484,32018.298828125,3581.070068359375,15528.890625,12908.337890625,3369.159912109375,21.21497917175293,0.0,12275.779296875,0.07006528228521347,18.46185302734375,1.074619174003601,3.545769691467285,4.224755764007568,1.6141847372055054,2.622680187225342,5.683615684509277,0.0009725168929435313,0.37214162945747375,1.135185718536377,0.0,0.0,0.0,0.0,4280.72412109375,249.1704559326172,497.9455261230469,1941.8560791015625,290.47296142578125,0.0,602.1685180664062,0.0359482504427433,27.5332088470459,106.29390716552734,0.0,0.0,0.0,272.5057678222656,272.5057678222656,153.9497833251953,166.53663635253906,151.04978942871094,0.0,0.0,0.0,153.9497833251953,166.53663635253906,151.04978942871094,0.0,0.0,0.0,23.815332412719727,27.49698829650879,22.967084884643555,0.0,0.0,0.0
189.0,38.818321228027344,32019.6328125,3581.070068359375,15530.224609375,12908.337890625,3369.159912109375,21.2310848236084,0.0,12269.2080078125,0.07007939368486404,18.467567443847656,1.0751200914382935,3.545769691467285,4.2308735847473145,1.6141847372055054,2.622680187225342,5.683745384216309,0.0009725168929435313,0.37214162945747375,1.135185718536377,0.0,0.0,0.0,0.0,4278.41748046875,249.07518005371094,497.5381164550781,1676.7593994140625,297.75787353515625,0.0,857.6824951171875,0.05120142176747322,27.2161865234375,105.969970703125,0.0,0.0,0.0,273.8123779296875,273.8123779296875,150.47091674804688,168.5856170654297,162.25714111328125,0.0,0.0,0.0,150.47091674804688,168.5856170654297,162.25714111328125,0.0,0.0,0.0,22.781658172607422,28.08020782470703,26.229127883911133,0.0,0.0,0.0
190.0,38.823673248291016,32251.951171875,3581.070068359375,15762.5419921875,12908.337890625,3369.159912109375,21.112825393676758,0.0,12424.19140625,0.07011343538761139,18.472360610961914,1.0755095481872559,3.545769691467285,4.23090124130249,1.6141847372055054,2.622680187225342,5.683855056762695,0.0009725168929435313,0.37214162945747375,1.135185718536377,0.0,0.0,0.0,0.0,4289.88671875,249.76852416992188,498.4516906738281,318.58563232421875,376.677978515625,0.0,2225.673583984375,0.2762783467769623,27.719738006591797,106.4844970703125,0.0,0.0,0.0,275.14892578125,275.14892578125,161.46580505371094,187.7841339111328,169.93600463867188,0.0,0.0,0.0,161.46580505371094,187.7841339111328,169.93600463867188,0.0,0.0,0.0,26.115924835205078,33.81403350830078,28.593456268310547,0.0,0.0,0.0
191.0,39.677303314208984,32727.650390625,3581.070068359375,16238.2421875,12908.337890625,3369.159912109375,21.013872146606445,0.9843164086341858,12660.8759765625,0.0755043476819992,19.226261138916016,1.149743914604187,3.545769691467285,4.233673095703125,1.6141847372055054,2.622680187225342,5.701186180114746,0.0009725168929435313,0.37214162945747375,1.135185718536377,0.0,0.0,0.0,0.0,4367.31201171875,261.1683349609375,490.0383605957031,1839.8656005859375,650.573486328125,0.0,519.1112060546875,0.03095228597521782,22.32849884033203,101.1450424194336,0.0,0.0,0.0,276.5257568359375,276.5257568359375,155.04595947265625,170.97108459472656,152.28025817871094,0.0,0.0,0.0,155.04595947265625,170.97108459472656,152.28025817871094,0.0,0.0,0.0,23.352752685546875,28.01085090637207,22.543787002563477,0.0,0.0,0.0
192.0,40.44911193847656,32878.1640625,3581.070068359375,16388.755859375,12908.337890625,3369.159912109375,20.59952163696289,0.47978997230529785,12966.8662109375,0.08038139343261719,19.908132553100586,1.2168974876403809,3.545769691467285,4.235904693603516,1.6141847372055054,2.622680187225342,5.716862201690674,0.0009725168929435313,0.37214162945747375,1.135185718536377,0.0,0.0,0.0,0.0,4504.23583984375,275.3243103027344,489.2169189453125,1903.7744140625,649.3566284179688,0.0,510.850830078125,0.03042687475681305,22.32849884033203,101.1450424194336,0.0,0.0,0.0,277.9454650878906,277.9454650878906,131.44454956054688,158.30809020996094,146.43653869628906,0.0,0.0,0.0,131.44454956054688,158.30809020996094,146.43653869628906,0.0,0.0,0.0,17.36821937561035,25.225805282592773,21.753374099731445,0.0,0.0,0.0
193.0,40.8520622253418,32985.7421875,3581.070068359375,16436.380859375,12968.2919921875,3369.159912109375,19.874755859375,0.0,13469.427734375,0.08292856067419052,20.264205932617188,1.251965045928955,3.545769691467285,4.2369818687438965,1.6141847372055054,2.622680187225342,5.725048065185547,0.0009725168929435313,0.37214162945747375,1.135185718536377,0.0,0.0,0.0,0.0,4551.908203125,281.2264404296875,486.6824035644531,1903.9970703125,1057.153564453125,0.0,433.818603515625,0.025824185460805893,5.559539794921875,72.94145202636719,0.0,0.0,0.0,279.4100341796875,279.4100341796875,108.19361877441406,122.7397232055664,121.64556884765625,0.0,0.0,0.0,108.19361877441406,122.7397232055664,121.64556884765625,0.0,0.0,0.0,11.771878242492676,16.026615142822266,15.706574440002441,0.0,0.0,0.0
194.0,41.029788970947266,33174.0546875,3581.070068359375,16451.44921875,13141.5361328125,3369.159912109375,19.85682487487793,0.0,13558.0009765625,0.08405274897813797,20.42129135131836,1.2674351930618286,3.545769691467285,4.2374138832092285,1.6141847372055054,2.622680187225342,5.7286601066589355,0.0009725168929435313,0.37214162945747375,1.135185718536377,0.0,0.0,0.0,0.0,4586.529296875,284.6601867675781,486.73236083984375,1909.271484375,1057.101318359375,0.0,447.7757873535156,0.026648400351405144,6.004739761352539,73.3963623046875,0.0,0.0,0.0,280.8856201171875,280.8856201171875,99.96074676513672,131.54385375976562,108.05558776855469,0.0,0.0,0.0,99.96074676513672,131.54385375976562,108.05558776855469,0.0,0.0,0.0,9.381692886352539,18.619752883911133,11.749433517456055,0.0,0.0,0.0
195.0,41.10191345214844,33226.30859375,3581.070068359375,16471.828125,13173.408203125,3369.159912109375,20.51109504699707,0.0,13160.9931640625,0.0845109224319458,20.485103607177734,1.273718237876892,3.545769691467285,4.237514972686768,1.6141847372055054,2.622680187225342,5.730129718780518,0.0009725168929435313,0.37214162945747375,1.135185718536377,0.0,0.0,0.0,0.0,4556.05810546875,283.28558349609375,483.2706604003906,1888.2327880859375,875.6755981445312,0.0,421.2000427246094,0.025064269080758095,3.7714715003967285,71.12882995605469,0.0,0.0,0.0,282.3199157714844,282.3199157714844,106.79669952392578,136.01422119140625,121.01874542236328,0.0,0.0,0.0,106.79669952392578,136.01422119140625,121.01874542236328,0.0,0.0,0.0,10.726941108703613,19.273067474365234,14.88688850402832,0.0,0.0,0.0
196.0,41.18709182739258,33259.83203125,3581.070068359375,16505.35546875,13173.408203125,3369.159912109375,20.531150817871094,0.0,13163.453125,0.08505276590585709,20.560474395751953,1.2811574935913086,3.545769691467285,4.237603664398193,1.6141847372055054,2.622680187225342,5.73186731338501,0.0009725168929435313,0.37214162945747375,1.135185718536377,0.0,0.0,0.0,0.0,4637.69384765625,288.9824523925781,488.61370849609375,1950.566650390625,545.3652954101562,0.0,582.139892578125,0.03463715314865112,11.009245872497559,78.5099868774414,0.0,0.0,0.0,283.70928955078125,283.70928955078125,117.06392669677734,140.55897521972656,129.97312927246094,0.0,0.0,0.0,117.06392669677734,140.55897521972656,129.97312927246094,0.0,0.0,0.0,13.710047721862793,20.582347869873047,17.48598861694336,0.0,0.0,0.0
197.0,41.2494010925293,33270.44140625,3581.070068359375,16515.962890625,13173.408203125,3369.159912109375,21.53205108642578,0.0,12577.02734375,0.08544192463159561,20.614580154418945,1.2865186929702759,3.545769691467285,4.238811492919922,1.6141847372055054,2.622680187225342,5.733115196228027,0.0009725168929435313,0.37214162945747375,1.135185718536377,0.0,0.0,0.0,0.0,4562.22216796875,284.7200622558594,481.7618103027344,1908.8505859375,384.6972961425781,0.0,485.8091125488281,0.028903033584356308,5.542145252227783,72.9236831665039,0.0,0.0,0.0,285.0649108886719,285.0649108886719,126.01594543457031,137.569580078125,117.36945343017578,0.0,0.0,0.0,126.01594543457031,137.569580078125,117.36945343017578,0.0,0.0,0.0,15.32761287689209,18.707050323486328,12.798515319824219,0.0,0.0,0.0
198.0,41.280303955078125,33276.359375,3581.070068359375,16521.8828125,13173.408203125,3369.159912109375,21.817480087280273,0.0,12422.0908203125,0.08559491485357285,20.635820388793945,1.2887049913406372,3.545769691467285,4.2456440925598145,1.6141847372055054,2.622680187225342,5.73360538482666,0.0009725168929435313,0.37214162945747375,1.135185718536377,0.0,0.0,0.0,0.0,4537.75830078125,283.3825378417969,479.4461364746094,1891.640380859375,363.07818603515625,0.0,451.23956298828125,0.026845460757613182,3.4786155223846436,70.84161376953125,0.0,0.0,0.0,286.3667297363281,286.3667297363281,110.87765502929688,121.32006072998047,101.54627990722656,0.0,0.0,0.0,110.87765502929688,121.32006072998047,101.54627990722656,0.0,0.0,0.0,10.614233016967773,13.668638229370117,7.8848066329956055,0.0,0.0,0.0
199.0,41.30303192138672,33282.6796875,3581.070068359375,16528.201171875,13173.408203125,3369.159912109375,22.1553955078125,0.0,12243.236328125,0.08569689095020294,20.649978637695312,1.2900645732879639,3.545769691467285,4.2524261474609375,1.6141847372055054,2.622680187225342,5.7339324951171875,0.0009725168929435313,0.37214162945747375,1.135185718536377,0.0,0.0,0.0,0.0,4504.77392578125,281.4263916015625,476.5701599121094,1868.1812744140625,354.5667724609375,0.0,404.68658447265625,0.024075346067547798,0.7540357708930969,68.1695327758789,0.0,0.0,0.0,287.6335144042969,287.6335144042969,113.10929870605469,138.10597229003906,125.47343444824219,0.0,0.0,0.0,113.10929870605469,138.10597229003906,125.47343444824219,0.0,0.0,0.0,10.929073333740234,18.240602493286133,14.54558277130127,0.0,0.0,0.0
200.0,41.316890716552734,33294.79296875,3581.070068359375,16540.314453125,13173.408203125,3369.159912109375,21.545276641845703,0.0,12584.1337890625,0.08577577024698257,20.66086196899414,1.2910393476486206,3.545769691467285,4.254092216491699,1.6141847372055054,2.622680187225342,5.734185218811035,0.0009725168929435313,0.37214162945747375,1.135185718536377,0.0,0.0,0.0,0.0,4589.79345703125,286.8033142089844,483.124267578125,653.9464111328125,284.4569091796875,0.0,1765.8157958984375,0.105048768222332,22.32849884033203,101.1450424194336,0.0,0.0,0.0,288.8887023925781,288.8887023925781,122.74996948242188,184.3421173095703,135.385009765625,0.0,0.0,0.0,122.74996948242188,184.3421173095703,135.385009765625,0.0,0.0,0.0,14.359090805053711,32.374794006347656,18.054840087890625,0.0,0.0,0.0
201.0,41.36051940917969,33316.16796875,3581.070068359375,16561.6875,13173.408203125,3369.159912109375,21.574525833129883,1.2052711248397827,12577.353515625,0.08603774756193161,20.69684410095215,1.2945818901062012,3.545769691467285,4.257096290588379,1.6141847372055054,2.622680187225342,5.735024452209473,0.0009725168929435313,0.37214162945747375,1.135185718536377,0.0,0.0,0.0,0.0,4590.30224609375,287.1221618652344,482.5270690917969,1842.5972900390625,291.4788818359375,0.0,564.1327514648438,0.0335584320127964,22.32849884033203,101.1450424194336,0.0,0.0,0.0,290.1734924316406,290.1734924316406,156.83193969726562,172.45416259765625,158.2546844482422,0.0,0.0,0.0,156.83193969726562,172.45416259765625,158.2546844482422,0.0,0.0,0.0,23.093544006347656,27.66304588317871,23.50969696044922,0.0,0.0,0.0
202.0,41.39686584472656,33560.765625,3581.070068359375,16806.287109375,13173.408203125,3369.159912109375,21.455820083618164,0.0,12736.1865234375,0.08627127856016159,20.728843688964844,1.2977213859558105,3.545769691467285,4.257322311401367,1.6141847372055054,2.622680187225342,5.735773086547852,0.0009725168929435313,0.37214162945747375,1.135185718536377,0.0,0.0,0.0,0.0,4607.95947265625,288.47955322265625,483.313232421875,327.88934326171875,368.7135314941406,0.0,2087.286865234375,0.21770189702510834,22.32849884033203,101.1450424194336,0.0,0.0,0.0,291.49365234375,291.49365234375,128.99485778808594,187.31619262695312,160.82574462890625,0.0,0.0,0.0,128.99485778808594,187.31619262695312,160.82574462890625,0.0,0.0,0.0,16.275177001953125,33.33416748046875,25.585710525512695,0.0,0.0,0.0
203.0,42.28880310058594,34050.66796875,3581.070068359375,17296.189453125,13173.408203125,3369.159912109375,21.351560592651367,1.1318531036376953,12978.765625,0.09199759364128113,21.513151168823242,1.375556230545044,3.5472307205200195,4.2615838050842285,1.6141847372055054,2.622680187225342,5.754120826721191,0.0009725168929435313,0.37214162945747375,1.135185718536377,0.0,0.0,0.0,0.0,4683.8251953125,299.48492431640625,476.5206298828125,1815.5328369140625,637.2505493164062,0.0,413.2527160644531,0.024550801143050194,22.32849884033203,101.1450424194336,0.0,0.0,0.0,292.85882568359375,292.85882568359375,152.3616485595703,164.66310119628906,148.65992736816406,0.0,0.0,0.0,152.3616485595703,164.66310119628906,148.65992736816406,0.0,0.0,0.0,22.082365036010742,25.6805419921875,20.999616622924805,0.0,0.0,0.0
204.0,43.087745666503906,34209.37890625,3581.070068359375,17454.90234375,13173.408203125,3369.159912109375,20.951730728149414,0.16864532232284546,13279.8232421875,0.09705868363380432,22.206348419189453,1.444242000579834,3.5594797134399414,4.26511287689209,1.6141847372055054,2.622680187225342,5.770337104797363,0.0009725168929435313,0.37214162945747375,1.135185718536377,0.0,0.0,0.0,0.0,4819.93994140625,313.4761047363281,477.5194396972656,1828.6199951171875,636.3514404296875,0.0,451.3343811035156,0.026783347129821777,22.32849884033203,101.1450424194336,0.0,0.0,0.0,294.26788330078125,294.26788330078125,132.29881286621094,151.38832092285156,131.4499969482422,0.0,0.0,0.0,132.29881286621094,151.38832092285156,131.4499969482422,0.0,0.0,0.0,17.577028274536133,23.160707473754883,17.328744888305664,0.0,0.0,0.0
205.0,43.5175666809082,34322.22265625,3581.070068359375,17511.509765625,13229.6455078125,3369.159912109375,20.214223861694336,0.0,13794.455078125,0.09959224611520767,22.553308486938477,1.4785385131835938,3.5957255363464355,4.266783237457275,1.6141847372055054,2.622680187225342,5.778454303741455,0.0009725168929435313,0.37214162945747375,1.135185718536377,0.0,0.0,0.0,0.0,4873.36376953125,319.48553466796875,480.5868835449219,1840.6343994140625,1037.4317626953125,0.0,377.876708984375,0.02241169661283493,0.0,66.5359115600586,0.0,0.0,0.0,295.7173767089844,295.7173767089844,90.8650131225586,117.15171813964844,106.91926574707031,0.0,0.0,0.0,90.8650131225586,117.15171813964844,106.91926574707031,0.0,0.0,0.0,6.36379337310791,14.052654266357422,11.059660911560059,0.0,0.0,0.0
206.0,43.7132682800293,34615.43359375,3581.070068359375,17631.853515625,13402.5087890625,3369.159912109375,20.252700805664062,0.0,13885.1201171875,0.1002047136425972,22.637006759643555,1.486443281173706,3.6969478130340576,4.267086982727051,1.6141847372055054,2.622680187225342,5.780414581298828,0.0009725168929435313,0.37214162945747375,1.135185718536377,0.0,0.0,0.0,0.0,4895.93505859375,321.4881591796875,493.9272766113281,1845.478759765625,1037.853271484375,0.0,393.4154968261719,0.023330161347985268,0.0,67.4300308227539,0.0,0.0,0.0,297.1736755371094,297.1736755371094,116.16546630859375,128.22775268554688,118.83204650878906,0.0,0.0,0.0,116.16546630859375,128.22775268554688,118.83204650878906,0.0,0.0,0.0,13.725698471069336,17.253917694091797,14.505674362182617,0.0,0.0,0.0
207.0,44.17020797729492,34862.87890625,3581.070068359375,17847.591796875,13434.2158203125,3661.84375,21.03707504272461,0.0,13478.4833984375,0.10136963427066803,22.795888900756836,1.5024737119674683,3.97359037399292,4.267579078674316,1.6141847372055054,2.622680187225342,5.784141540527344,0.0009725168929435313,0.37214162945747375,1.135185718536377,0.0,0.0,0.0,0.0,4861.17431640625,320.3992919921875,523.8819580078125,1796.790771484375,857.8857421875,0.0,356.2567138671875,0.021121209487318993,0.0,63.82044982910156,0.0,0.0,0.0,298.5921630859375,298.5921630859375,119.62944793701172,135.20982360839844,114.94263458251953,0.0,0.0,0.0,119.62944793701172,135.20982360839844,114.94263458251953,0.0,0.0,0.0,13.954536437988281,18.511796951293945,12.58364486694336,0.0,0.0,0.0
208.0,44.542320251464844,34931.13671875,3581.070068359375,17915.853515625,13434.2158203125,3661.84375,21.07758140563965,0.0,13480.955078125,0.10226445645093918,22.917875289916992,1.5148589611053467,4.20721960067749,4.267934799194336,1.6141847372055054,2.622680187225342,5.787003517150879,0.0009725168929435313,0.37214162945747375,1.135185718536377,0.0,0.0,0.0,0.0,4933.431640625,326.0971374511719,557.4088745117188,1863.9901123046875,532.91259765625,0.0,494.70135498046875,0.02932337485253811,2.27919602394104,69.6653060913086,0.0,0.0,0.0,299.9715576171875,299.9715576171875,119.0072250366211,140.57737731933594,132.00924682617188,0.0,0.0,0.0,119.0072250366211,140.57737731933594,132.00924682617188,0.0,0.0,0.0,13.73203182220459,20.04129981994629,17.535123825073242,0.0,0.0,0.0
209.0,44.7320556640625,34952.73828125,3581.070068359375,17937.451171875,13434.2158203125,3661.84375,22.11285972595215,0.0,12880.341796875,0.10269448906183243,22.97648048400879,1.520822525024414,4.328980445861816,4.269532680511475,1.6141847372055054,2.622680187225342,5.788378715515137,0.0009725168929435313,0.37214162945747375,1.135185718536377,0.0,0.0,0.0,0.0,4848.39453125,320.9172058105469,564.4656372070312,1795.0496826171875,375.8031311035156,0.0,402.5211486816406,0.02385716512799263,0.0,67.4300308227539,0.0,0.0,0.0,301.32177734375,301.32177734375,121.04290008544922,134.02197265625,127.72242736816406,0.0,0.0,0.0,121.04290008544922,134.02197265625,127.72242736816406,0.0,0.0,0.0,13.292189598083496,17.088565826416016,15.245950698852539,0.0,0.0,0.0
210.0,44.81486511230469,34968.484375,3581.070068359375,17953.197265625,13434.2158203125,3661.84375,22.41241455078125,0.0,12721.6240234375,0.10283076763153076,22.995040893554688,1.5227456092834473,4.382937431335449,4.277332305908203,1.6141847372055054,2.622680187225342,5.788814544677734,0.0009725168929435313,0.37214162945747375,1.135185718536377,0.0,0.0,0.0,0.0,4820.66796875,319.2275695800781,568.4102783203125,1770.3365478515625,354.677978515625,0.0,368.56915283203125,0.021844210103154182,0.0,64.48490142822266,0.0,0.0,0.0,302.62188720703125,302.62188720703125,114.62187957763672,119.61583709716797,128.1283721923828,0.0,0.0,0.0,114.62187957763672,119.61583709716797,128.1283721923828,0.0,0.0,0.0,11.114485740661621,12.575218200683594,15.065135955810547,0.0,0.0,0.0
211.0,44.881004333496094,34988.921875,3581.070068359375,17973.638671875,13434.2158203125,3661.84375,22.768911361694336,0.0,12538.416015625,0.10291903465986252,23.007070541381836,1.523955225944519,4.426177024841309,4.286534309387207,1.6141847372055054,2.622680187225342,5.789182662963867,0.0009725168929435313,0.37214162945747375,1.135185718536377,0.0,0.0,0.0,0.0,4785.11962890625,316.9594421386719,570.3963623046875,1739.0423583984375,346.3992614746094,0.0,324.3892822265625,0.019225290045142174,0.0,59.398860931396484,0.0,0.0,0.0,303.88916015625,303.88916015625,105.08792114257812,130.65322875976562,116.65931701660156,0.0,0.0,0.0,105.08792114257812,130.65322875976562,116.65931701660156,0.0,0.0,0.0,7.969305515289307,15.447160720825195,11.3539400100708,0.0,0.0,0.0
212.0,44.92348861694336,34995.5859375,3581.070068359375,17980.298828125,13434.2158203125,3661.84375,22.137353897094727,0.0,12887.4814453125,0.10296985507011414,23.01399803161621,1.5246436595916748,4.453603744506836,4.293097019195557,1.6141847372055054,2.622680187225342,5.790010452270508,0.0009725168929435313,0.37214162945747375,1.135185718536377,0.0,0.0,0.0,0.0,4868.22802734375,322.51300048828125,580.9971923828125,1764.367431640625,277.6673583984375,0.0,438.3207702636719,0.025976087898015976,22.32849884033203,101.1450424194336,0.0,0.0,0.0,305.1423645019531,305.1423645019531,121.28762817382812,157.48362731933594,133.58033752441406,0.0,0.0,0.0,121.28762817382812,157.48362731933594,133.58033752441406,0.0,0.0,0.0,13.339277267456055,23.926607131958008,16.934894561767578,0.0,0.0,0.0
213.0,44.944461822509766,34998.02734375,3581.070068359375,17982.744140625,13434.2158203125,3661.84375,22.154726028442383,0.0,12880.4931640625,0.10299152135848999,23.016950607299805,1.5249367952346802,4.46608304977417,4.2962822914123535,1.6141847372055054,2.622680187225342,5.792052268981934,0.0009725168929435313,0.37214162945747375,1.135185718536377,0.0,0.0,0.0,0.0,4864.76416015625,322.30413818359375,582.15234375,469.35333251953125,284.6332702636719,0.0,1722.7506103515625,0.17947721481323242,22.32849884033203,101.1450424194336,0.0,0.0,0.0,306.4177551269531,306.4177551269531,166.68064880371094,184.79119873046875,151.73721313476562,0.0,0.0,0.0,166.68064880371094,184.79119873046875,151.73721313476562,0.0,0.0,0.0,26.599365234375,31.89670181274414,22.228408813476562,0.0,0.0,0.0
214.0,44.953678131103516,35003.19921875,3581.070068359375,17987.912109375,13434.2158203125,3661.84375,21.875123977661133,0.0,13043.109375,0.1029953882098198,23.01747703552246,1.524992823600769,4.468435764312744,4.296919345855713,1.6141847372055054,2.622680187225342,5.7976908683776855,0.0009725168929435313,0.37214162945747375,1.135185718536377,0.0,0.0,0.0,0.0,4880.974609375,323.382568359375,583.8106079101562,487.9344177246094,360.2220458984375,0.0,1717.9014892578125,0.14172059297561646,22.32849884033203,101.1450424194336,0.0,0.0,0.0,307.7229309082031,307.7229309082031,162.53396606445312,184.2235565185547,150.17630004882812,0.0,0.0,0.0,162.53396606445312,184.2235565185547,150.17630004882812,0.0,0.0,0.0,25.666061401367188,32.0102653503418,22.051443099975586,0.0,0.0,0.0
215.0,44.973548889160156,35012.65625,3581.070068359375,17997.37109375,13434.2158203125,3661.84375,21.460935592651367,1.1742345094680786,13291.4921875,0.10300062596797943,23.018192291259766,1.5250598192214966,4.473268508911133,4.298285961151123,1.6141847372055054,2.622680187225342,5.810577869415283,0.0009725168929435313,0.37214162945747375,1.135185718536377,0.0,0.0,0.0,0.0,4874.1572265625,322.9350891113281,583.6774291992188,1734.184326171875,628.5087280273438,0.0,376.836669921875,0.02230089157819748,22.32849884033203,101.1450424194336,0.0,0.0,0.0,309.0740051269531,309.0740051269531,146.42013549804688,162.12962341308594,151.0150146484375,0.0,0.0,0.0,146.42013549804688,162.12962341308594,151.0150146484375,0.0,0.0,0.0,20.192718505859375,24.787748336791992,21.53672218322754,0.0,0.0,0.0
216.0,44.99032974243164,35022.0703125,3581.070068359375,18006.783203125,13434.2158203125,3661.84375,20.98580551147461,0.0,13587.626953125,0.10300267487764359,23.01847267150879,1.5250828266143799,4.4832353591918945,4.298943042755127,1.6141847372055054,2.622680187225342,5.816430568695068,0.0009725168929435313,0.37214162945747375,1.135185718536377,0.0,0.0,0.0,0.0,4930.55615234375,326.6726989746094,589.8972778320312,1841.5723876953125,632.012939453125,0.0,452.7509460449219,0.026782521978020668,0.4808584451675415,67.90161895751953,0.0,0.0,0.0,310.4677429199219,310.4677429199219,126.36150360107422,139.10726928710938,131.14682006835938,0.0,0.0,0.0,126.36150360107422,139.10726928710938,131.14682006835938,0.0,0.0,0.0,15.974933624267578,19.70307159423828,17.3746395111084,0.0,0.0,0.0
217.0,45.0214729309082,35088.125,3581.070068359375,18020.30078125,13486.75390625,3661.84375,20.21772575378418,0.0,14114.1357421875,0.10300485044717789,23.018768310546875,1.5251113176345825,4.506593227386475,4.29970645904541,1.6141847372055054,2.622680187225342,5.823122501373291,0.0009725168929435313,0.37214162945747375,1.135185718536377,0.0,0.0,0.0,0.0,4948.40576171875,327.85723876953125,594.275390625,1821.013427734375,1034.41943359375,0.0,401.6631774902344,0.023749584332108498,0.0,67.4300308227539,0.0,0.0,0.0,311.8968200683594,311.8968200683594,91.17581176757812,113.89576721191406,107.25121307373047,0.0,0.0,0.0,91.17581176757812,113.89576721191406,107.25121307373047,0.0,0.0,0.0,6.451198101043701,13.096784591674805,11.153252601623535,0.0,0.0,0.0
218.0,45.04558181762695,35577.18359375,3813.3701171875,18104.607421875,13659.205078125,3661.84375,20.364391326904297,0.0,14206.85546875,0.10300503671169281,23.0187931060791,1.525113821029663,4.529945373535156,4.299773216247559,1.6141847372055054,2.622680187225342,5.823784828186035,0.0009725168929435313,0.37214162945747375,1.135185718536377,0.0,0.0,0.0,0.0,4964.4150390625,328.9180908203125,598.62060546875,1834.78515625,1036.031982421875,0.0,425.170166015625,0.02513837069272995,0.3568873107433319,67.78003692626953,0.0,0.0,0.0,313.335693359375,313.335693359375,109.47832489013672,130.15115356445312,120.39994049072266,0.0,0.0,0.0,109.47832489013672,130.15115356445312,120.39994049072266,0.0,0.0,0.0,11.658019065856934,17.704818725585938,14.852592468261719,0.0,0.0,0.0
219.0,45.35157775878906,35774.1953125,3813.3701171875,18270.083984375,13690.740234375,3661.84375,21.119892120361328,0.0,13790.751953125,0.10300654172897339,23.018999099731445,1.5251342058181763,4.829199314117432,4.3003830909729,1.6141847372055054,2.622680187225342,5.829690933227539,0.0009725168929435313,0.37214162945747375,1.135185718536377,0.0,0.0,0.0,0.0,4909.5244140625,325.28277587890625,631.1812744140625,1792.9976806640625,857.6090698242188,0.0,390.36810302734375,0.02307143248617649,0.0,67.4300308227539,0.0,0.0,0.0,314.74371337890625,314.74371337890625,124.50149536132812,137.04061889648438,120.37320709228516,0.0,0.0,0.0,124.50149536132812,137.04061889648438,120.37320709228516,0.0,0.0,0.0,15.296793937683105,18.964488983154297,14.089269638061523,0.0,0.0,0.0
220.0,45.6229248046875,35826.68359375,3813.3701171875,18322.572265625,13690.740234375,3661.84375,21.150178909301758,0.0,13793.23046875,0.1030077114701271,23.0191593170166,1.5251502990722656,5.094737529754639,4.301264762878418,1.6141847372055054,2.622680187225342,5.834439754486084,0.0009725168929435313,0.37214162945747375,1.135185718536377,0.0,0.0,0.0,0.0,4966.431640625,329.05438232421875,670.0164184570312,1858.2808837890625,533.2606201171875,0.0,538.4530029296875,0.031813252717256546,5.897913932800293,73.2872085571289,0.0,0.0,0.0,316.115478515625,316.115478515625,125.07698059082031,141.5074462890625,127.37654876708984,0.0,0.0,0.0,125.07698059082031,141.5074462890625,127.37654876708984,0.0,0.0,0.0,15.434840202331543,20.24074935913086,16.10746192932129,0.0,0.0,0.0
221.0,45.76448059082031,35843.51953125,3813.3701171875,18339.40625,13690.740234375,3661.84375,22.186830520629883,0.0,13178.6513671875,0.10300827026367188,23.01923370361328,1.5251578092575073,5.231771469116211,4.303409576416016,1.6141847372055054,2.622680187225342,5.836734771728516,0.0009725168929435313,0.37214162945747375,1.135185718536377,0.0,0.0,0.0,0.0,4873.0703125,322.8691711425781,677.5966796875,1796.3370361328125,376.2160339355469,0.0,445.42730712890625,0.026312952861189842,0.2167002111673355,67.6425552368164,0.0,0.0,0.0,317.4604797363281,317.4604797363281,122.76216888427734,135.43658447265625,117.45256805419922,0.0,0.0,0.0,122.76216888427734,135.43658447265625,117.45256805419922,0.0,0.0,0.0,13.721104621887207,17.42837142944336,12.168045043945312,0.0,0.0,0.0
222.0,45.8270263671875,35851.9765625,3813.3701171875,18347.865234375,13690.740234375,3661.84375,22.482858657836914,0.0,13016.220703125,0.1030084639787674,23.01926040649414,1.5251606702804565,5.2838053703308105,4.313063144683838,1.6141847372055054,2.622680187225342,5.837563514709473,0.0009725168929435313,0.37214162945747375,1.135185718536377,0.0,0.0,0.0,0.0,4843.11181640625,320.88446044921875,680.874755859375,1773.13916015625,355.13104248046875,0.0,408.0996398925781,0.024106545373797417,0.0,67.4300308227539,0.0,0.0,0.0,318.7577819824219,318.7577819824219,121.93494415283203,124.7348403930664,128.83966064453125,0.0,0.0,0.0,121.93494415283203,124.7348403930664,128.83966064453125,0.0,0.0,0.0,13.183113098144531,14.002080917358398,15.202743530273438,0.0,0.0,0.0
223.0,45.86393356323242,35860.0859375,3813.3701171875,18355.97265625,13690.740234375,3661.84375,22.83269500732422,0.0,12828.7197265625,0.10300855338573456,23.01927375793457,1.525161862373352,5.312121868133545,4.321197032928467,1.6141847372055054,2.622680187225342,5.838006496429443,0.0009725168929435313,0.37214162945747375,1.135185718536377,0.0,0.0,0.0,0.0,4806.455078125,318.4558410644531,680.5042114257812,1742.323486328125,346.8974304199219,0.0,360.2429504394531,0.0212789885699749,0.0,66.22743225097656,0.0,0.0,0.0,320.0281677246094,320.0281677246094,124.49018859863281,130.35023498535156,121.6496353149414,0.0,0.0,0.0,124.49018859863281,130.35023498535156,121.6496353149414,0.0,0.0,0.0,13.580684661865234,15.29474925994873,12.749822616577148,0.0,0.0,0.0
224.0,45.88416290283203,35883.375,3813.3701171875,18379.265625,13690.740234375,3661.84375,22.208906173706055,0.0,13185.822265625,0.10300856828689575,23.01927375793457,1.5251619815826416,5.330551624298096,4.322700500488281,1.6141847372055054,2.622680187225342,5.838300704956055,0.0009725168929435313,0.37214162945747375,1.135185718536377,0.0,0.0,0.0,0.0,4889.73486328125,323.9736328125,691.4156494140625,1768.463134765625,278.1032409667969,0.0,485.2098693847656,0.028659984469413757,22.32849884033203,101.1450424194336,0.0,0.0,0.0,321.2895812988281,321.2895812988281,131.59913635253906,156.22251892089844,119.25060272216797,0.0,0.0,0.0,131.59913635253906,156.22251892089844,119.25060272216797,0.0,0.0,0.0,16.28384017944336,23.486183166503906,12.671895980834961,0.0,0.0,0.0
225.0,45.96937561035156,35926.6953125,3813.3701171875,18422.583984375,13690.740234375,3661.84375,22.25165367126465,0.0,13178.6259765625,0.10300859808921814,23.01927947998047,1.5251623392105103,5.408375263214111,4.327273845672607,1.6141847372055054,2.622680187225342,5.841111183166504,0.0009725168929435313,0.37214162945747375,1.135185718536377,0.0,0.0,0.0,0.0,4883.60546875,323.5675354003906,700.3543701171875,602.382568359375,285.0148620605469,0.0,1635.7764892578125,0.0966021791100502,22.32849884033203,101.1450424194336,0.0,0.0,0.0,322.5732727050781,322.5732727050781,158.10240173339844,183.69618225097656,139.4958953857422,0.0,0.0,0.0,158.10240173339844,183.69618225097656,139.4958953857422,0.0,0.0,0.0,23.993301391601562,31.479480743408203,18.550893783569336,0.0,0.0,0.0
226.0,46.04202651977539,35944.87109375,3813.3701171875,18440.76171875,13690.740234375,3661.84375,21.978435516357422,0.0,13344.9599609375,0.10300862044095993,23.0192813873291,1.525162696838379,5.4650187492370605,4.330883026123047,1.6141847372055054,2.622680187225342,5.853504180908203,0.0009725168929435313,0.37214162945747375,1.135185718536377,0.0,0.0,0.0,0.0,4898.201171875,324.53460693359375,708.8623657226562,234.263916015625,360.6427307128906,0.0,2014.775146484375,0.23908986151218414,22.32849884033203,101.1450424194336,0.0,0.0,0.0,323.8910827636719,323.8910827636719,161.16929626464844,186.59706115722656,156.76565551757812,0.0,0.0,0.0,161.16929626464844,186.59706115722656,156.76565551757812,0.0,0.0,0.0,25.163583755493164,32.60120391845703,23.875518798828125,0.0,0.0,0.0
227.0,46.095882415771484,35958.375,3813.3701171875,18454.265625,13690.740234375,3661.84375,21.564189910888672,0.0,13599.0390625,0.10300863534212112,23.019283294677734,1.5251628160476685,5.50274133682251,4.333498954772949,1.6141847372055054,2.622680187225342,5.8670220375061035,0.0009725168929435313,0.37214162945747375,1.135185718536377,0.0,0.0,0.0,0.0,4890.9912109375,324.0569152832031,712.747314453125,1733.90380859375,629.231201171875,0.0,420.3361511230469,0.024779560044407845,22.32849884033203,101.1450424194336,0.0,0.0,0.0,325.261474609375,325.261474609375,142.05870056152344,160.32113647460938,130.32557678222656,0.0,0.0,0.0,142.05870056152344,160.32113647460938,130.32557678222656,0.0,0.0,0.0,19.98798370361328,25.329744338989258,16.556039810180664,0.0,0.0,0.0
228.0,46.127166748046875,35962.6484375,3813.3701171875,18458.5390625,13690.740234375,3661.84375,21.101552963256836,0.0,13890.29296875,0.10300864279270172,23.019285202026367,1.525162935256958,5.523478984832764,4.335002899169922,1.6141847372055054,2.622680187225342,5.876063823699951,0.0009725168929435313,0.37214162945747375,1.135185718536377,0.0,0.0,0.0,0.0,4945.2080078125,327.6490783691406,721.1109619140625,1831.12451171875,632.5938720703125,0.0,495.4465637207031,0.029189398512244225,4.506359100341797,71.86531066894531,0.0,0.0,0.0,326.67559814453125,326.67559814453125,121.04290771484375,140.72915649414062,124.34002685546875,0.0,0.0,0.0,121.04290771484375,140.72915649414062,124.34002685546875,0.0,0.0,0.0,14.303497314453125,20.06172752380371,15.267905235290527,0.0,0.0,0.0
229.0,46.141571044921875,36012.87109375,3813.3701171875,18459.890625,13739.6123046875,3661.84375,20.318544387817383,0.0,14428.486328125,0.10300864279270172,23.019285202026367,1.525162935256958,5.532679080963135,4.335689544677734,1.6141847372055054,2.622680187225342,5.880581855773926,0.0009725168929435313,0.37214162945747375,1.135185718536377,0.0,0.0,0.0,0.0,4964.98876953125,328.9596862792969,724.3997802734375,1815.1524658203125,1035.599853515625,0.0,447.76861572265625,0.026372281834483147,3.166952610015869,70.53595733642578,0.0,0.0,0.0,328.126708984375,328.126708984375,69.98078918457031,115.38813018798828,107.78346252441406,0.0,0.0,0.0,69.98078918457031,115.38813018798828,107.78346252441406,0.0,0.0,0.0,0.15083758533000946,13.43248462677002,11.208118438720703,0.0,0.0,0.0
230.0,46.14755630493164,36185.31640625,3813.3701171875,18460.318359375,13911.6298828125,3661.84375,20.28118896484375,0.0,14523.2138671875,0.10300865024328232,23.019285202026367,1.5251630544662476,5.536396026611328,4.335972785949707,1.6141847372055054,2.622680187225342,5.882565498352051,0.0009725168929435313,0.37214162945747375,1.135185718536377,0.0,0.0,0.0,0.0,4981.837890625,330.0760192871094,726.6338500976562,1828.3536376953125,1037.304443359375,0.0,472.1737365722656,0.02780589833855629,4.587741851806641,71.94847106933594,0.0,0.0,0.0,329.5876770019531,329.5876770019531,96.26958465576172,132.2511749267578,123.0652847290039,0.0,0.0,0.0,96.26958465576172,132.2511749267578,123.0652847290039,0.0,0.0,0.0,7.877664089202881,18.402278900146484,15.71540641784668,0.0,0.0,0.0
231.0,46.14990234375,36216.8125,3813.3701171875,18460.453125,13942.9892578125,3757.249755859375,20.936681747436523,0.0,14097.7900390625,0.10300865024328232,23.019285202026367,1.5251630544662476,5.537670612335205,4.336095809936523,1.6141847372055054,2.622680187225342,5.883512496948242,0.0009725168929435313,0.37214162945747375,1.135185718536377,0.0,0.0,0.0,0.0,4936.72021484375,327.08673095703125,721.8486938476562,1806.0450439453125,859.6099853515625,0.0,441.7293395996094,0.026011377573013306,2.2520675659179688,69.63870239257812,0.0,0.0,0.0,331.0177001953125,331.0177001953125,106.96524047851562,137.44827270507812,116.52704620361328,0.0,0.0,0.0,106.96524047851562,137.44827270507812,116.52704620361328,0.0,0.0,0.0,10.350650787353516,19.266935348510742,13.147477149963379,0.0,0.0,0.0
232.0,46.15078353881836,36218.05859375,3813.3701171875,18461.69921875,13942.9892578125,3757.249755859375,20.936758041381836,0.0,14100.2802734375,0.10300865024328232,23.019285202026367,1.5251630544662476,5.53777551651001,4.336172580718994,1.6141847372055054,2.622680187225342,5.884214401245117,0.0009725168929435313,0.37214162945747375,1.135185718536377,0.0,0.0,0.0,0.0,5003.4970703125,331.5110778808594,728.9747314453125,1882.822509765625,535.0693969726562,0.0,595.9813232421875,0.035092905163764954,9.935330390930176,77.41265106201172,0.0,0.0,0.0,332.4132385253906,332.4132385253906,120.84688568115234,142.2660675048828,131.73388671875,0.0,0.0,0.0,120.84688568115234,142.2660675048828,131.73388671875,0.0,0.0,0.0,14.410956382751465,20.67606544494629,17.59540367126465,0.0,0.0,0.0
233.0,46.15552520751953,36220.53515625,3813.3701171875,18464.177734375,13942.9892578125,3757.249755859375,21.955276489257812,0.0,13471.974609375,0.10300865024328232,23.019285202026367,1.5251630544662476,5.538097381591797,4.337147235870361,1.6141847372055054,2.622680187225342,5.887657165527344,0.0009725168929435313,0.37214162945747375,1.135185718536377,0.0,0.0,0.0,0.0,4913.39892578125,325.54156494140625,719.2042236328125,1826.42431640625,377.6504821777344,0.0,502.7605285644531,0.029596906155347824,4.14755916595459,71.49868774414062,0.0,0.0,0.0,333.78302001953125,333.78302001953125,128.55189514160156,135.53570556640625,123.9675064086914,0.0,0.0,0.0,128.55189514160156,135.53570556640625,123.9675064086914,0.0,0.0,0.0,15.646154403686523,17.688915252685547,14.305218696594238,0.0,0.0,0.0
234.0,46.159637451171875,36224.046875,3813.3701171875,18467.689453125,13942.9892578125,3757.249755859375,22.24552345275879,0.0,13305.873046875,0.10300865024328232,23.019285202026367,1.5251630544662476,5.538193702697754,4.339998722076416,1.6141847372055054,2.622680187225342,5.88882303237915,0.0009725168929435313,0.37214162945747375,1.135185718536377,0.0,0.0,0.0,0.0,4884.74462890625,323.6430358886719,716.0667114257812,1807.2393798828125,356.54388427734375,0.0,467.6616516113281,0.02752857469022274,2.065855026245117,69.4560775756836,0.0,0.0,0.0,335.1072082519531,335.1072082519531,115.36441040039062,124.60498046875,127.26551818847656,0.0,0.0,0.0,115.36441040039062,124.60498046875,127.26551818847656,0.0,0.0,0.0,11.498564720153809,14.201433181762695,14.979640007019043,0.0,0.0,0.0
235.0,46.17177963256836,36229.890625,3813.3701171875,18473.53125,13942.9892578125,3757.249755859375,22.59066390991211,0.0,13114.1474609375,0.10300865024328232,23.019285202026367,1.5251630544662476,5.538389682769775,4.349423885345459,1.6141847372055054,2.622680187225342,5.891345024108887,0.0009725168929435313,0.37214162945747375,1.135185718536377,0.0,0.0,0.0,0.0,4848.3896484375,321.23431396484375,712.1119995117188,1781.7850341796875,348.2978515625,0.0,417.7352600097656,0.02458542212843895,0.0,67.4300308227539,0.0,0.0,0.0,336.40484619140625,336.40484619140625,125.34285736083984,134.07992553710938,113.37525177001953,0.0,0.0,0.0,125.34285736083984,134.07992553710938,113.37525177001953,0.0,0.0,0.0,14.072120666503906,16.62771224975586,10.5715970993042,0.0,0.0,0.0
236.0,46.181785583496094,36231.73828125,3813.3701171875,18475.37890625,13942.9892578125,3757.249755859375,21.959749221801758,0.0,13479.1484375,0.10300865024328232,23.019285202026367,1.5251630544662476,5.538532257080078,4.3574042320251465,1.6141847372055054,2.622680187225342,5.893225193023682,0.0009725168929435313,0.37214162945747375,1.135185718536377,0.0,0.0,0.0,0.0,4933.83251953125,326.8953857421875,721.3062744140625,1812.3214111328125,279.27728271484375,0.0,544.439697265625,0.032038331031799316,22.32849884033203,101.1450424194336,0.0,0.0,0.0,337.6928405761719,337.6928405761719,126.08250427246094,158.17941284179688,127.5429458618164,0.0,0.0,0.0,126.08250427246094,158.17941284179688,127.5429458618164,0.0,0.0,0.0,14.919382095336914,24.307727813720703,15.346562385559082,0.0,0.0,0.0
237.0,46.18689727783203,36232.3203125,3813.3701171875,18475.962890625,13942.9892578125,3757.249755859375,21.975940704345703,0.0,13471.7431640625,0.10300865024328232,23.019285202026367,1.5251630544662476,5.538591384887695,4.361060619354248,1.6141847372055054,2.622680187225342,5.89462423324585,0.0009725168929435313,0.37214162945747375,1.135185718536377,0.0,0.0,0.0,0.0,4930.43310546875,326.670166015625,720.8990478515625,498.0300598144531,286.3056945800781,0.0,1849.275390625,0.19165268540382385,22.32849884033203,101.1450424194336,0.0,0.0,0.0,339.0040283203125,339.0040283203125,129.951904296875,185.44091796875,161.45321655273438,0.0,0.0,0.0,129.951904296875,185.44091796875,161.45321655273438,0.0,0.0,0.0,16.034990310668945,32.26552963256836,25.249126434326172,0.0,0.0,0.0
238.0,46.18913269042969,36236.41015625,3813.3701171875,18480.052734375,13942.9892578125,3757.249755859375,21.697359085083008,1.3597021102905273,13641.7294921875,0.10300865024328232,23.019285202026367,1.5251630544662476,5.538595676422119,4.361447334289551,1.6141847372055054,2.622680187225342,5.896467685699463,0.0009725168929435313,0.37214162945747375,1.135185718536377,0.0,0.0,0.0,0.0,4947.44189453125,327.7970886230469,722.7031860351562,1817.97607421875,362.36859130859375,0.0,546.6402587890625,0.03216041624546051,22.32849884033203,101.1450424194336,0.0,0.0,0.0,340.34881591796875,340.34881591796875,156.09339904785156,172.522705078125,156.72210693359375,0.0,0.0,0.0,156.09339904785156,172.522705078125,156.72210693359375,0.0,0.0,0.0,22.600255966186523,27.40582847595215,22.784154891967773,0.0,0.0,0.0
239.0,46.20437240600586,36244.4765625,3813.3701171875,18488.119140625,13942.9892578125,3757.249755859375,21.2847843170166,0.0,13901.4140625,0.10300865024328232,23.019285202026367,1.5251630544662476,5.538616180419922,4.363443851470947,1.6141847372055054,2.622680187225342,5.909690856933594,0.0009725168929435313,0.37214162945747375,1.135185718536377,0.0,0.0,0.0,0.0,4941.55419921875,327.4070129394531,722.0698852539062,1505.7763671875,632.3366088867188,0.0,769.2923583984375,0.04521908238530159,22.32849884033203,101.1450424194336,0.0,0.0,0.0,341.7444763183594,341.7444763183594,125.13923645019531,170.9315948486328,147.95677185058594,0.0,0.0,0.0,125.13923645019531,170.9315948486328,147.95677185058594,0.0,0.0,0.0,15.318442344665527,28.71270751953125,21.992570877075195,0.0,0.0,0.0
240.0,46.21770095825195,36247.03125,3813.3701171875,18490.671875,13942.9892578125,3757.249755859375,20.84391212463379,0.0,14187.8232421875,0.10300865024328232,23.019285202026367,1.5251630544662476,5.538631439208984,4.365067958831787,1.6141847372055054,2.622680187225342,5.921380519866943,0.0009725168929435313,0.37214162945747375,1.135185718536377,0.0,0.0,0.0,0.0,4995.54736328125,330.984375,727.853271484375,1838.3995361328125,635.6907348632812,0.0,561.4465942382812,0.03297577425837517,22.32849884033203,101.1450424194336,0.0,0.0,0.0,343.1910095214844,343.1910095214844,130.7417755126953,153.97071838378906,132.100830078125,0.0,0.0,0.0,130.7417755126953,153.97071838378906,132.100830078125,0.0,0.0,0.0,17.39805793762207,24.192523956298828,17.795581817626953,0.0,0.0,0.0
241.0,46.224613189697266,36293.0703125,3813.3701171875,18491.478515625,13988.2197265625,3757.249755859375,20.067224502563477,0.0,14737.490234375,0.10300865024328232,23.019285202026367,1.5251630544662476,5.538638114929199,4.365789890289307,1.6141847372055054,2.622680187225342,5.927561283111572,0.0009725168929435313,0.37214162945747375,1.135185718536377,0.0,0.0,0.0,0.0,5016.19482421875,332.3524169921875,730.1034545898438,1863.719482421875,1040.749755859375,0.0,516.9619750976562,0.030350327491760254,7.324799060821533,74.74520111083984,0.0,0.0,0.0,344.68096923828125,344.68096923828125,99.45391082763672,123.2220687866211,89.61536407470703,0.0,0.0,0.0,99.45391082763672,123.2220687866211,89.61536407470703,0.0,0.0,0.0,9.023043632507324,15.975231170654297,6.145269393920898,0.0,0.0,0.0
242.0,46.2276496887207,36467.9765625,3813.3701171875,18494.830078125,14159.7783203125,3757.249755859375,20.03091049194336,0.0,14834.1953125,0.10300865024328232,23.019285202026367,1.5251630544662476,5.538639068603516,4.365874290466309,1.6141847372055054,2.622680187225342,5.930513858795166,0.0009725168929435313,0.37214162945747375,1.135185718536377,0.0,0.0,0.0,0.0,5033.5234375,333.5005187988281,731.9220581054688,1877.3453369140625,1042.5045166015625,0.0,542.0216064453125,0.03181517496705055,8.7584810256958,76.21014404296875,0.0,0.0,0.0,346.184326171875,346.184326171875,96.15425109863281,132.07794189453125,113.95130920410156,0.0,0.0,0.0,96.15425109863281,132.07794189453125,113.95130920410156,0.0,0.0,0.0,8.094206809997559,18.601884841918945,13.299846649169922,0.0,0.0,0.0
243.0,46.24024963378906,36505.58984375,3813.3701171875,18501.259765625,14190.9580078125,3757.249755859375,20.6823787689209,0.0,14399.6142578125,0.10300865024328232,23.019285202026367,1.5251630544662476,5.538640975952148,4.366150856018066,1.6141847372055054,2.622680187225342,5.94283390045166,0.0009725168929435313,0.37214162945747375,1.135185718536377,0.0,0.0,0.0,0.0,4987.42333984375,330.44610595703125,726.8618774414062,1853.8040771484375,863.8563842773438,0.0,509.1562805175781,0.029861239716410637,6.322650909423828,73.72120666503906,0.0,0.0,0.0,347.6556396484375,347.6556396484375,107.29744720458984,138.27786254882812,122.08427429199219,0.0,0.0,0.0,107.29744720458984,138.27786254882812,122.08427429199219,0.0,0.0,0.0,10.70212459564209,19.763896942138672,15.027271270751953,0.0,0.0,0.0
244.0,46.251014709472656,36511.265625,3813.3701171875,18506.935546875,14190.9580078125,3757.249755859375,20.685070037841797,0.0,14402.0966796875,0.10300865024328232,23.019285202026367,1.5251630544662476,5.538641452789307,4.366558074951172,1.6141847372055054,2.622680187225342,5.953193664550781,0.0009725168929435313,0.37214162945747375,1.135185718536377,0.0,0.0,0.0,0.0,5055.5185546875,334.95782470703125,734.1040649414062,1930.6802978515625,537.7651977539062,0.0,668.9613647460938,0.03920619934797287,11.164249420166016,78.66836547851562,0.0,0.0,0.0,349.0903625488281,349.0903625488281,124.5832748413086,143.09042358398438,127.75875091552734,0.0,0.0,0.0,124.5832748413086,143.09042358398438,127.75875091552734,0.0,0.0,0.0,15.755538940429688,21.168882369995117,16.68436622619629,0.0,0.0,0.0
245.0,46.26993942260742,36519.375,3813.3701171875,18515.046875,14190.9580078125,3757.249755859375,21.695859909057617,0.0,13760.2939453125,0.10300865024328232,23.019285202026367,1.5251630544662476,5.538642406463623,4.368264675140381,1.6141847372055054,2.622680187225342,5.970409870147705,0.0009725168929435313,0.37214162945747375,1.135185718536377,0.0,0.0,0.0,0.0,4963.44384765625,328.8573303222656,724.0709228515625,1872.5498046875,379.49676513671875,0.0,566.3310546875,0.03315281122922897,7.963979721069336,75.39832305908203,0.0,0.0,0.0,350.49932861328125,350.49932861328125,121.93333435058594,137.00869750976562,129.85552978515625,0.0,0.0,0.0,121.93333435058594,137.00869750976562,129.85552978515625,0.0,0.0,0.0,13.969639778137207,18.379182815551758,16.286884307861328,0.0,0.0,0.0
246.0,46.284481048583984,36524.76171875,3813.3701171875,18520.43359375,14190.9580078125,3757.249755859375,21.984203338623047,0.0,13590.587890625,0.10300865024328232,23.019285202026367,1.5251630544662476,5.538642883300781,4.373301029205322,1.6141847372055054,2.622680187225342,5.978076457977295,0.0009725168929435313,0.37214162945747375,1.1370248794555664,0.0,0.0,0.0,0.0,4934.1611328125,326.9172058105469,720.85107421875,1853.54931640625,358.2698059082031,0.0,529.5203857421875,0.03098229691386223,5.8336920738220215,73.33988189697266,0.0,0.0,0.0,351.8606262207031,351.8606262207031,117.251708984375,127.55606842041016,126.16630554199219,0.0,0.0,0.0,117.251708984375,127.55606842041016,126.16630554199219,0.0,0.0,0.0,12.311921119689941,15.325948715209961,14.919441223144531,0.0,0.0,0.0
247.0,46.30214309692383,36557.94140625,3813.3701171875,18553.61328125,14190.9580078125,3757.249755859375,22.342443466186523,0.0,13394.71484375,0.10300865024328232,23.019285202026367,1.5251630544662476,5.54011869430542,4.374949932098389,1.6141847372055054,2.622680187225342,5.979788303375244,0.0009725168929435313,0.37214162945747375,1.1498489379882812,0.0,0.0,0.0,0.0,4896.96875,324.4529724121094,716.9627685546875,1826.4453125,349.96075439453125,0.0,480.0445556640625,0.02808421291410923,3.0295157432556152,71.30941772460938,0.0,0.0,0.0,353.1955261230469,353.1955261230469,126.58788299560547,137.14234924316406,131.87974548339844,0.0,0.0,0.0,126.58788299560547,137.14234924316406,131.87974548339844,0.0,0.0,0.0,14.684513092041016,17.771696090698242,16.232383728027344,0.0,0.0,0.0
248.0,46.41230392456055,36666.07421875,3813.3701171875,18661.744140625,14190.9580078125,3757.249755859375,21.78102684020996,0.0,13767.4775390625,0.10300865024328232,23.019285202026367,1.5251630544662476,5.598318099975586,4.378928184509277,1.6141847372055054,2.622680187225342,5.9858832359313965,0.0009725168929435313,0.37214162945747375,1.1917392015457153,0.0,0.0,0.0,0.0,4982.0615234375,330.0908508300781,733.414306640625,1858.094482421875,280.58258056640625,0.0,606.16650390625,0.03544722869992256,22.32849884033203,106.1839599609375,0.0,0.0,0.0,354.5247497558594,354.5247497558594,96.77254486083984,163.97955322265625,130.62191772460938,0.0,0.0,0.0,96.77254486083984,163.97955322265625,130.62191772460938,0.0,0.0,0.0,6.524943828582764,26.182992935180664,16.425884246826172,0.0,0.0,0.0
249.0,46.69605255126953,36789.6484375,3813.3701171875,18785.318359375,14190.9580078125,3757.249755859375,21.870338439941406,0.33006757497787476,13759.86328125,0.10300865024328232,23.019285202026367,1.5251630544662476,5.768872261047363,4.386779308319092,1.6141847372055054,2.622680187225342,6.00227165222168,0.0009725168929435313,0.37214162945747375,1.2806923389434814,0.0,0.0,0.0,0.0,4972.33154296875,329.4461975097656,753.5614013671875,1788.2130126953125,287.44439697265625,0.0,644.999267578125,0.037676237523555756,22.32849884033203,114.10968780517578,0.0,0.0,0.0,355.8823547363281,355.8823547363281,149.87448120117188,172.492431640625,148.90069580078125,0.0,0.0,0.0,149.87448120117188,172.492431640625,148.90069580078125,0.0,0.0,0.0,21.637880325317383,28.25362777709961,21.35304832458496,0.0,0.0,0.0
250.0,46.91616439819336,36834.54296875,3813.3701171875,18830.216796875,14190.9580078125,3757.249755859375,21.616840362548828,0.0,13933.435546875,0.10300865024328232,23.019285202026367,1.5251630544662476,5.896580219268799,4.391872882843018,1.6141847372055054,2.622680187225342,6.0299296379089355,0.0009725168929435313,0.37214162945747375,1.3403438329696655,0.0,0.0,0.0,0.0,4985.05712890625,330.2893371582031,770.86767578125,292.880615234375,363.6349792480469,0.0,2143.252197265625,0.25675028562545776,22.32849884033203,119.42463684082031,0.0,0.0,0.0,357.2767333984375,357.2767333984375,140.9361572265625,185.8825225830078,166.3546142578125,0.0,0.0,0.0,140.9361572265625,185.8825225830078,166.3546142578125,0.0,0.0,0.0,19.60698699951172,32.7537956237793,27.04188346862793,0.0,0.0,0.0
251.0,47.048336029052734,36858.80859375,3813.3701171875,18854.48046875,14190.9580078125,3757.249755859375,21.214744567871094,1.3328664302825928,14198.6171875,0.10300865024328232,23.019285202026367,1.5251630544662476,5.970333576202393,4.39492130279541,1.6141847372055054,2.622680187225342,6.052849769592285,0.0009725168929435313,0.37214162945747375,1.3727959394454956,0.0,0.0,0.0,0.0,4976.80810546875,329.7427978515625,779.1600341796875,1811.18994140625,634.3850708007812,0.0,529.2022705078125,0.030807258561253548,22.32849884033203,122.31611633300781,0.0,0.0,0.0,358.72564697265625,358.72564697265625,152.30154418945312,167.84523010253906,152.9590606689453,0.0,0.0,0.0,152.30154418945312,167.84523010253906,152.9590606689453,0.0,0.0,0.0,22.000591278076172,26.547117233276367,22.192914962768555,0.0,0.0,0.0
252.0,47.115745544433594,36867.1796875,3813.3701171875,18862.853515625,14190.9580078125,3757.249755859375,20.794450759887695,0.0,14480.2255859375,0.10300865024328232,23.019285202026367,1.5251630544662476,6.005936145782471,4.398568153381348,1.6141847372055054,2.622680187225342,6.06590461730957,0.0009725168929435313,0.37214162945747375,1.3879010677337646,0.0,0.0,0.0,0.0,5028.267578125,333.1523132324219,789.521240234375,1858.9072265625,637.56982421875,0.0,599.9072875976562,0.034892696887254715,22.32849884033203,123.6619873046875,0.0,0.0,0.0,360.22430419921875,360.22430419921875,130.3925323486328,152.66357421875,131.35667419433594,0.0,0.0,0.0,130.3925323486328,152.66357421875,131.35667419433594,0.0,0.0,0.0,17.345365524291992,23.859647750854492,17.62737464904785,0.0,0.0,0.0
253.0,47.14773178100586,36912.66015625,3813.3701171875,18866.7109375,14232.5810546875,3757.249755859375,20.018169403076172,0.0,15041.171875,0.10300865024328232,23.019285202026367,1.5251630544662476,6.019995212554932,4.4007954597473145,1.6141847372055054,2.622680187225342,6.071576118469238,0.0009725168929435313,0.37214162945747375,1.3979268074035645,0.0,0.0,0.0,0.0,5049.32568359375,334.5474853515625,793.8594970703125,1885.278564453125,1043.863525390625,0.0,557.007080078125,0.03238513320684433,10.14511489868164,95.59197998046875,0.0,0.0,0.0,361.7659606933594,361.7659606933594,98.58653259277344,122.8104248046875,108.919189453125,0.0,0.0,0.0,98.58653259277344,122.8104248046875,108.919189453125,0.0,0.0,0.0,8.818389892578125,15.90388011932373,11.840692520141602,0.0,0.0,0.0
254.0,47.16191864013672,37113.671875,3813.3701171875,18896.642578125,14403.6611328125,3757.249755859375,19.994394302368164,0.0,15139.8095703125,0.10302137583494186,23.020328521728516,1.5252710580825806,6.020950794219971,4.4009809494018555,1.6141847372055054,2.622680187225342,6.072021007537842,0.0009725168929435313,0.37214162945747375,1.4093645811080933,0.0,0.0,0.0,0.0,5066.96826171875,335.7250061035156,795.9523315429688,1899.09619140625,1045.6251220703125,0.0,582.29931640625,0.0338546559214592,11.164249420166016,97.6689682006836,0.0,0.0,0.0,363.3235168457031,363.3235168457031,115.73812866210938,132.9242401123047,115.30024719238281,0.0,0.0,0.0,115.73812866210938,132.9242401123047,115.30024719238281,0.0,0.0,0.0,13.859009742736816,18.885944366455078,13.730928421020508,0.0,0.0,0.0
255.0,47.27312088012695,37290.75,3813.3701171875,19042.7265625,14434.65625,4084.24560546875,20.72260093688965,0.0,14696.216796875,0.1038164347410202,23.085603713989258,1.531236171722412,6.022649765014648,4.401346683502197,1.6141847372055054,2.622680187225342,6.075523376464844,0.0009725168929435313,0.37214162945747375,1.4429658651351929,0.0,0.0,0.0,0.0,5027.5966796875,333.4735412597656,789.8917846679688,1871.136962890625,865.830322265625,0.0,540.8175048828125,0.031435322016477585,8.6771879196167,96.75933074951172,0.0,0.0,0.0,364.84796142578125,364.84796142578125,112.41345977783203,139.06178283691406,122.6431655883789,0.0,0.0,0.0,112.41345977783203,139.06178283691406,122.6431655883789,0.0,0.0,0.0,12.158336639404297,19.952970504760742,15.150524139404297,0.0,0.0,0.0
256.0,47.68959045410156,37490.20703125,3813.3701171875,19242.1796875,14434.65625,4084.24560546875,20.833024978637695,0.0,14698.7041015625,0.1070023849606514,23.346790313720703,1.5575886964797974,6.027284622192383,4.402352809906006,1.6141847372055054,2.622680187225342,6.095042705535889,0.0009725168929435313,0.37214162945747375,1.5435489416122437,0.0,0.0,0.0,0.0,5125.74755859375,341.9659118652344,795.4526977539062,1935.7823486328125,537.568359375,0.0,679.71533203125,0.039457257837057114,11.164249420166016,106.96794891357422,0.0,0.0,0.0,366.3339538574219,366.3339538574219,122.15110778808594,143.3544464111328,128.13722229003906,0.0,0.0,0.0,122.15110778808594,143.3544464111328,128.13722229003906,0.0,0.0,0.0,14.896174430847168,21.098148345947266,16.647113800048828,0.0,0.0,0.0
257.0,48.038692474365234,37557.93359375,3813.3701171875,19309.90625,14434.65625,4084.24560546875,21.88692283630371,0.0,14043.6259765625,0.10971223562955856,23.56892204284668,1.5801539421081543,6.030693531036377,4.404276371002197,1.6141847372055054,2.622680187225342,6.113956928253174,0.0009725168929435313,0.37214162945747375,1.6210002899169922,0.0,0.0,0.0,0.0,5056.5986328125,339.0144348144531,782.6513061523438,1865.2301025390625,378.5102233886719,0.0,556.1336059570312,0.032242678105831146,7.125637054443359,106.40234375,0.0,0.0,0.0,367.7923889160156,367.7923889160156,124.36260223388672,135.7316131591797,130.91793823242188,0.0,0.0,0.0,124.36260223388672,135.7316131591797,130.91793823242188,0.0,0.0,0.0,14.489137649536133,17.814573287963867,16.406572341918945,0.0,0.0,0.0
258.0,48.220584869384766,37581.82421875,3813.3701171875,19333.796875,14434.65625,4084.24560546875,22.1890811920166,0.0,13870.3837890625,0.11104889959096909,23.678478240966797,1.5913124084472656,6.036197662353516,4.4127116203308105,1.6141847372055054,2.622680187225342,6.123939514160156,0.0009725168929435313,0.37214162945747375,1.6569150686264038,0.0,0.0,0.0,0.0,5038.8720703125,338.637451171875,778.7488403320312,1841.3978271484375,356.9606018066406,0.0,509.01580810546875,0.029491420835256577,4.750274181365967,105.18484497070312,0.0,0.0,0.0,369.2012634277344,369.2012634277344,108.22599029541016,128.3163299560547,117.84159088134766,0.0,0.0,0.0,108.22599029541016,128.3163299560547,117.84159088134766,0.0,0.0,0.0,9.467019081115723,15.343442916870117,12.279582977294922,0.0,0.0,0.0
259.0,48.30977249145508,37603.27734375,3813.3701171875,19355.251953125,14434.65625,4084.24560546875,22.5435848236084,0.0,13670.421875,0.11150234192609787,23.71567153930664,1.5949089527130127,6.063751220703125,4.4177703857421875,1.6141847372055054,2.622680187225342,6.127567768096924,0.0009725168929435313,0.37214162945747375,1.6686216592788696,0.0,0.0,0.0,0.0,5004.33349609375,336.54779052734375,777.302001953125,1811.560546875,348.5375061035156,0.0,454.8231201171875,0.02634516730904579,2.180929183959961,102.21598815917969,0.0,0.0,0.0,370.580810546875,370.580810546875,122.36522674560547,135.75045776367188,126.46924591064453,0.0,0.0,0.0,122.36522674560547,135.75045776367188,126.46924591064453,0.0,0.0,0.0,13.24824333190918,17.16342544555664,14.44866943359375,0.0,0.0,0.0
260.0,48.38581466674805,37656.98046875,3813.3701171875,19408.953125,14434.65625,4084.24560546875,21.943004608154297,0.0,14050.8076171875,0.11166109144687653,23.72869300842285,1.5961835384368896,6.1170973777771,4.419963359832764,1.6141847372055054,2.622680187225342,6.129608154296875,0.0009725168929435313,0.37214162945747375,1.67262864112854,0.0,0.0,0.0,0.0,5091.916015625,342.5234069824219,793.5442504882812,1828.514892578125,279.37359619140625,0.0,585.111328125,0.033887311816215515,22.32849884033203,149.0312042236328,0.0,0.0,0.0,371.95098876953125,371.95098876953125,130.33189392089844,160.28741455078125,91.90692901611328,0.0,0.0,0.0,130.33189392089844,160.28741455078125,91.90692901611328,0.0,0.0,0.0,16.179073333740234,24.941064834594727,4.9397711753845215,0.0,0.0,0.0
261.0,48.54560089111328,37726.3828125,3813.3701171875,19478.35546875,14434.65625,4084.24560546875,21.999568939208984,0.0,14042.9853515625,0.11209181696176529,23.763858795166016,1.5998879671096802,6.22451114654541,4.423569679260254,1.6141847372055054,2.622680187225342,6.1336750984191895,0.0009725168929435313,0.37214162945747375,1.6780256032943726,0.0,0.0,0.0,0.0,5088.54638671875,342.5834045410156,805.5538940429688,554.2251586914062,286.1915588378906,0.0,1836.584228515625,0.18869106471538544,22.32849884033203,149.51206970214844,0.0,0.0,0.0,373.345458984375,373.345458984375,169.0267333984375,184.6660919189453,161.0311279296875,0.0,0.0,0.0,169.0267333984375,184.6660919189453,161.0311279296875,0.0,0.0,0.0,27.440750122070312,32.015262603759766,25.10203742980957,0.0,0.0,0.0
262.0,48.66935348510742,37847.67578125,3813.3701171875,19599.650390625,14434.65625,4084.24560546875,21.787691116333008,1.286957025527954,14220.068359375,0.11304634064435959,23.841508865356445,1.6083033084869385,6.253782272338867,4.426054954528809,1.6141847372055054,2.622680187225342,6.137386322021484,0.0009725168929435313,0.37214162945747375,1.6792932748794556,0.0,0.0,0.0,0.0,5114.46923828125,345.0124816894531,810.3552856445312,1821.232177734375,361.9394226074219,0.0,578.5685424804688,0.03349092975258827,22.32849884033203,149.62503051757812,0.0,0.0,0.0,374.7744140625,374.7744140625,155.94021606445312,173.21591186523438,156.78265380859375,0.0,0.0,0.0,155.94021606445312,173.21591186523438,156.78265380859375,0.0,0.0,0.0,22.537864685058594,27.59100341796875,22.784276962280273,0.0,0.0,0.0
263.0,49.09641647338867,38058.33984375,3813.3701171875,19810.3125,14434.65625,4084.24560546875,21.48690414428711,0.0,14490.65625,0.11666623502969742,24.13617515563965,1.6377607583999634,6.326306343078613,4.4354047775268555,1.6141847372055054,2.622680187225342,6.150530815124512,0.0009725168929435313,0.37214162945747375,1.683595061302185,0.0,0.0,0.0,0.0,5142.26416015625,348.9284973144531,815.752685546875,1478.7938232421875,629.8750610351562,0.0,796.3493041992188,0.0460568405687809,22.32849884033203,150.00831604003906,0.0,0.0,0.0,376.25439453125,376.25439453125,127.36727905273438,171.4400177001953,144.08612060546875,0.0,0.0,0.0,127.36727905273438,171.4400177001953,144.08612060546875,0.0,0.0,0.0,15.768025398254395,28.6593017578125,20.658287048339844,0.0,0.0,0.0
264.0,49.45372772216797,38130.44140625,3813.3701171875,19882.4140625,14434.65625,4084.24560546875,21.11156463623047,0.0,14767.4912109375,0.11962490528821945,24.376998901367188,1.6618502140045166,6.378829479217529,4.449126720428467,1.6141847372055054,2.622680187225342,6.161105632781982,0.0009725168929435313,0.37214162945747375,1.6962119340896606,0.0,0.0,0.0,0.0,5220.01220703125,355.86328125,825.6363525390625,1809.0660400390625,631.4340209960938,0.0,553.779541015625,0.03200523555278778,22.32849884033203,151.13247680664062,0.0,0.0,0.0,377.7867736816406,377.7867736816406,111.89336395263672,152.6839141845703,132.3499298095703,0.0,0.0,0.0,111.89336395263672,152.6839141845703,132.3499298095703,0.0,0.0,0.0,11.6172456741333,23.54848289489746,17.60079002380371,0.0,0.0,0.0
265.0,49.657081604003906,38200.73828125,3813.3701171875,19914.673828125,14472.6943359375,4084.24560546875,20.335071563720703,0.0,15339.4990234375,0.1211957335472107,24.504865646362305,1.6745721101760864,6.404667854309082,4.458922863006592,1.6141847372055054,2.622680187225342,6.166668891906738,0.0009725168929435313,0.37214162945747375,1.7162076234817505,0.0,0.0,0.0,0.0,5260.8876953125,359.5096740722656,830.7338256835938,1850.0823974609375,1033.021728515625,0.0,503.4143371582031,0.0290836114436388,5.389556407928467,109.93358612060547,0.0,0.0,0.0,379.361572265625,379.361572265625,72.87425994873047,118.68666076660156,87.2527847290039,0.0,0.0,0.0,72.87425994873047,118.68666076660156,87.2527847290039,0.0,0.0,0.0,0.9806487560272217,14.380777359008789,5.186368465423584,0.0,0.0,0.0
266.0,49.75544738769531,38638.94140625,4045.669921875,19950.0078125,14643.2626953125,4084.24560546875,20.432565689086914,0.0,15440.0380859375,0.12162549793720245,24.539831161499023,1.6781721115112305,6.411439895629883,4.46203088760376,1.6141847372055054,2.622680187225342,6.1682658195495605,0.0009725168929435313,0.37214162945747375,1.7641021013259888,0.0,0.0,0.0,0.0,5282.72705078125,361.2626953125,833.2376098632812,1863.2152099609375,1034.3843994140625,0.0,523.579833984375,0.03024543821811676,6.280770778656006,114.42045593261719,0.0,0.0,0.0,380.9468994140625,380.9468994140625,105.4451675415039,133.25601196289062,115.67160034179688,0.0,0.0,0.0,105.4451675415039,133.25601196289062,115.67160034179688,0.0,0.0,0.0,10.410144805908203,18.544818878173828,13.40137767791748,0.0,0.0,0.0
267.0,49.88960266113281,38725.1484375,4045.669921875,20005.41015625,14674.0693359375,4084.24560546875,21.12396240234375,0.0,14987.58984375,0.12206044793128967,24.575252532958984,1.6815732717514038,6.418054103851318,4.466238498687744,1.6141847372055054,2.622680187225342,6.171926021575928,0.0009725168929435313,0.37214162945747375,1.8445162773132324,0.0,0.0,0.0,0.0,5236.3603515625,358.3004150390625,827.6950073242188,1836.29931640625,856.7150268554688,0.0,477.92510986328125,0.02760138362646103,3.88142466545105,115.62525939941406,0.0,0.0,0.0,382.49591064453125,382.49591064453125,126.4399185180664,138.50721740722656,123.05853271484375,0.0,0.0,0.0,126.4399185180664,138.50721740722656,123.05853271484375,0.0,0.0,0.0,15.859713554382324,19.389394760131836,14.870656967163086,0.0,0.0,0.0
268.0,49.99215316772461,38746.703125,4045.669921875,20026.96484375,14674.0693359375,4084.24560546875,21.135377883911133,0.0,14990.0693359375,0.12233523279428482,24.59763526916504,1.6836930513381958,6.422177314758301,4.472799301147461,1.6141847372055054,2.622680187225342,6.179345607757568,0.0009725168929435313,0.37214162945747375,1.904189109802246,0.0,0.0,0.0,0.0,5304.33544921875,363.0784912109375,835.3854370117188,1913.9014892578125,532.8675537109375,0.0,625.3169555664062,0.03609588369727135,9.314580917358398,128.7513885498047,0.0,0.0,0.0,384.008056640625,384.008056640625,126.24256896972656,143.07801818847656,125.18592834472656,0.0,0.0,0.0,126.24256896972656,143.07801818847656,125.18592834472656,0.0,0.0,0.0,15.790574073791504,20.714941024780273,15.48150634765625,0.0,0.0,0.0
269.0,50.054969787597656,38758.58203125,4045.669921875,20038.84375,14674.0693359375,4084.24560546875,22.172561645507812,0.0,14321.955078125,0.12247966229915619,24.60940170288086,1.6848009824752808,6.424325466156006,4.479691028594971,1.6141847372055054,2.622680187225342,6.1855998039245605,0.0009725168929435313,0.37214162945747375,1.9386931657791138,0.0,0.0,0.0,0.0,5207.9228515625,356.54315185546875,824.0170288085938,1852.9288330078125,375.9898376464844,0.0,517.1298217773438,0.029838507995009422,4.441071033477783,122.47079467773438,0.0,0.0,0.0,385.49407958984375,385.49407958984375,119.01428985595703,139.01107788085938,125.03482055664062,0.0,0.0,0.0,119.01428985595703,139.01107788085938,125.03482055664062,0.0,0.0,0.0,12.639117240905762,18.488176345825195,14.400121688842773,0.0,0.0,0.0
270.0,50.08737564086914,38766.1328125,4045.669921875,20046.392578125,14674.0693359375,4084.24560546875,22.469167709350586,0.0,14145.2255859375,0.12253059446811676,24.613548278808594,1.6851948499679565,6.425079822540283,4.4911065101623535,1.6141847372055054,2.622680187225342,6.18834924697876,0.0009725168929435313,0.37214162945747375,1.9515864849090576,0.0,0.0,0.0,0.0,5177.75439453125,354.5008850097656,820.4342651367188,1834.7401123046875,354.95855712890625,0.0,475.6488952636719,0.02744014747440815,2.6469292640686035,120.28485870361328,0.0,0.0,0.0,386.9300537109375,386.9300537109375,98.02000427246094,127.3353042602539,124.32584381103516,0.0,0.0,0.0,98.02000427246094,127.3353042602539,124.32584381103516,0.0,0.0,0.0,6.201683521270752,14.776408195495605,13.89614200592041,0.0,0.0,0.0
271.0,50.11550521850586,38775.09375,4045.669921875,20055.353515625,14674.0693359375,4084.24560546875,22.820871353149414,0.0,13941.2529296875,0.12259254604578018,24.618560791015625,1.6856590509414673,6.425546646118164,4.502920150756836,1.6141847372055054,2.622680187225342,6.190361499786377,0.0009725168929435313,0.37214162945747375,1.9598875045776367,0.0,0.0,0.0,0.0,5139.7802734375,351.9262390136719,815.8960571289062,1809.6051025390625,346.7398376464844,0.0,421.0030822753906,0.024284327402710915,0.3043845593929291,116.92084503173828,0.0,0.0,0.0,388.3344421386719,388.3344421386719,116.65877532958984,131.66929626464844,111.9373779296875,0.0,0.0,0.0,116.65877532958984,131.66929626464844,111.9373779296875,0.0,0.0,0.0,11.301820755004883,15.692398071289062,9.920811653137207,0.0,0.0,0.0
272.0,50.13385772705078,38788.94921875,4045.669921875,20069.2109375,14674.0693359375,4084.24560546875,22.188518524169922,0.0,14329.115234375,0.12272864580154419,24.629501342773438,1.686630129814148,6.425654411315918,4.506260871887207,1.6141847372055054,2.622680187225342,6.1912384033203125,0.0009725168929435313,0.37214162945747375,1.9618637561798096,0.0,0.0,0.0,0.0,5230.01318359375,358.15167236328125,826.0716552734375,1818.379638671875,277.9465026855469,0.0,554.3385009765625,0.03197336941957474,22.32849884033203,174.80206298828125,0.0,0.0,0.0,389.7264099121094,389.7264099121094,114.73155212402344,155.29034423828125,124.086669921875,0.0,0.0,0.0,114.73155212402344,155.29034423828125,124.086669921875,0.0,0.0,0.0,11.370458602905273,23.233905792236328,14.106832504272461,0.0,0.0,0.0
273.0,50.183128356933594,38812.453125,4045.669921875,20092.712890625,14674.0693359375,4084.24560546875,22.21832847595215,0.7083450555801392,14321.083984375,0.12316127866506577,24.664207458496094,1.690114974975586,6.425819396972656,4.511688232421875,1.6141847372055054,2.622680187225342,6.19329309463501,0.0009725168929435313,0.37214162945747375,1.96486496925354,0.0,0.0,0.0,0.0,5230.40185546875,358.413330078125,825.2859497070312,1813.9510498046875,284.8548889160156,0.0,544.9050903320312,0.03142494335770607,22.32849884033203,175.06947326660156,0.0,0.0,0.0,391.13897705078125,391.13897705078125,160.13319396972656,173.94122314453125,146.82798767089844,0.0,0.0,0.0,160.13319396972656,173.94122314453125,146.82798767089844,0.0,0.0,0.0,23.91228485107422,27.951135635375977,20.0205135345459,0.0,0.0,0.0
274.0,50.22350311279297,38904.63671875,4045.669921875,20184.8984375,14674.0693359375,4084.24560546875,21.985652923583984,0.0,14501.6298828125,0.12358419597148895,24.698177337646484,1.6934891939163208,6.425840854644775,4.512465953826904,1.6141847372055054,2.622680187225342,6.194711685180664,0.0009725168929435313,0.37214162945747375,1.9652551412582397,0.0,0.0,0.0,0.0,5253.43359375,360.21417236328125,827.1646118164062,1508.958984375,360.45849609375,0.0,867.6929321289062,0.0500355027616024,22.32849884033203,175.10423278808594,0.0,0.0,0.0,392.5867004394531,392.5867004394531,133.27777099609375,173.81283569335938,130.31552124023438,0.0,0.0,0.0,133.27777099609375,173.81283569335938,130.31552124023438,0.0,0.0,0.0,16.998096466064453,28.85460090637207,16.131635665893555,0.0,0.0,0.0
275.0,50.5553092956543,39082.6015625,4045.669921875,20362.861328125,14674.0693359375,4084.24560546875,21.660362243652344,1.3520065546035767,14777.515625,0.12703844904899597,24.97556495666504,1.7214672565460205,6.425954341888428,4.521931171417236,1.6141847372055054,2.622680187225342,6.2060418128967285,0.0009725168929435313,0.37214162945747375,1.9673336744308472,0.0,0.0,0.0,0.0,5283.48876953125,364.1700744628906,824.373046875,1781.2403564453125,627.748291015625,0.0,481.0677490234375,0.02771986462175846,22.32849884033203,175.2894287109375,0.0,0.0,0.0,394.0895690917969,394.0895690917969,157.2652130126953,173.70147705078125,156.67578125,0.0,0.0,0.0,157.2652130126953,173.70147705078125,156.67578125,0.0,0.0,0.0,22.98770523071289,27.79531478881836,22.815298080444336,0.0,0.0,0.0
276.0,50.85272979736328,39143.7109375,4045.669921875,20423.970703125,14674.0693359375,4084.24560546875,21.289533615112305,0.27109161019325256,15049.6123046875,0.13007265329360962,25.219223022460938,1.7460435628890991,6.426042556762695,4.5364813804626465,1.6141847372055054,2.622680187225342,6.215943813323975,0.0009725168929435313,0.37214162945747375,1.968942403793335,0.0,0.0,0.0,0.0,5362.482421875,371.26947021484375,827.8294067382812,1818.956787109375,629.3248291015625,0.0,533.8014526367188,0.0307382270693779,22.32849884033203,175.43276977539062,0.0,0.0,0.0,395.6455078125,395.6455078125,135.75357055664062,154.4175262451172,135.3811492919922,0.0,0.0,0.0,135.75357055664062,154.4175262451172,135.3811492919922,0.0,0.0,0.0,18.147294998168945,23.60649871826172,18.038360595703125,0.0,0.0,0.0
277.0,51.01563262939453,39200.41015625,4045.669921875,20446.1875,14708.5517578125,4084.24560546875,20.497621536254883,0.0,15632.4873046875,0.13170994818210602,25.35071563720703,1.7592384815216064,6.426085948944092,4.54689359664917,1.6141847372055054,2.622680187225342,6.22127103805542,0.0009725168929435313,0.37214162945747375,1.9697405099868774,0.0,0.0,0.0,0.0,5407.73583984375,375.2752990722656,830.097412109375,1874.70703125,1029.8978271484375,0.0,487.5975341796875,0.028067683801054955,3.80319881439209,123.32505798339844,0.0,0.0,0.0,397.2473449707031,397.2473449707031,99.52997589111328,118.79056549072266,119.70675659179688,0.0,0.0,0.0,99.52997589111328,118.79056549072266,119.70675659179688,0.0,0.0,0.0,8.614895820617676,14.248619079589844,14.51660442352295,0.0,0.0,0.0
278.0,51.09061050415039,39377.4765625,4045.669921875,20453.21875,14878.58984375,4084.24560546875,20.4542293548584,0.0,15734.8916015625,0.13243979215621948,25.4111385345459,1.7652689218521118,6.426103115081787,4.551984786987305,1.6141847372055054,2.622680187225342,6.223636150360107,0.0009725168929435313,0.37214162945747375,1.9700584411621094,0.0,0.0,0.0,0.0,5433.1953125,377.4349060058594,831.5516357421875,1887.970703125,1031.058349609375,0.0,509.1932067871094,0.029306180775165558,4.621922492980957,124.77289581298828,0.0,0.0,0.0,398.86346435546875,398.86346435546875,113.90167236328125,131.46751403808594,115.4536361694336,0.0,0.0,0.0,113.90167236328125,131.46751403808594,115.4536361694336,0.0,0.0,0.0,12.86201000213623,18.000017166137695,13.315959930419922,0.0,0.0,0.0
279.0,51.12174606323242,39428.0859375,4045.669921875,20473.1484375,14909.2646484375,4084.24560546875,21.127178192138672,0.0,15273.7490234375,0.13268914818763733,25.437639236450195,1.7678877115249634,6.426105976104736,4.5529093742370605,1.6141847372055054,2.622680187225342,6.224429130554199,0.0009725168929435313,0.37214162945747375,1.9701073169708252,0.0,0.0,0.0,0.0,5383.70068359375,374.1612243652344,825.2366333007812,1859.47998046875,853.9993286132812,0.0,467.66339111328125,0.02691454254090786,2.380284309387207,120.98208618164062,0.0,0.0,0.0,400.4454040527344,400.4454040527344,123.7380142211914,138.3332977294922,130.1045379638672,0.0,0.0,0.0,123.7380142211914,138.3332977294922,130.1045379638672,0.0,0.0,0.0,15.066190719604492,19.335309982299805,16.92839813232422,0.0,0.0,0.0
280.0,51.1989631652832,39465.46484375,4045.669921875,20510.53125,14909.2646484375,4084.24560546875,21.146957397460938,0.0,15276.216796875,0.1332741677761078,25.50312042236328,1.7744934558868408,6.42611026763916,4.555517196655273,1.6141847372055054,2.622680187225342,6.226280689239502,0.0009725168929435313,0.37214162945747375,1.9701889753341675,0.0,0.0,0.0,0.0,5456.05078125,379.62908935546875,831.7415161132812,1933.9949951171875,530.8591918945312,0.0,617.418212890625,0.035528745502233505,7.703021049499512,130.31617736816406,0.0,0.0,0.0,401.98992919921875,401.98992919921875,111.73320007324219,142.9085235595703,125.83043670654297,0.0,0.0,0.0,111.73320007324219,142.9085235595703,125.83043670654297,0.0,0.0,0.0,11.535003662109375,20.65378761291504,15.65844440460205,0.0,0.0,0.0
281.0,51.26377487182617,39477.92578125,4045.669921875,20522.9921875,14909.2646484375,4084.24560546875,22.186166763305664,0.0,14595.2958984375,0.13375015556812286,25.557100296020508,1.7799482345581055,6.426113605499268,4.558852195739746,1.6141847372055054,2.622680187225342,6.227785110473633,0.0009725168929435313,0.37214162945747375,1.9702483415603638,0.0,0.0,0.0,0.0,5361.16943359375,373.3836669921875,819.7272338867188,1868.1199951171875,374.4368896484375,0.0,506.6406555175781,0.02915125899016857,2.6431350708007812,121.42781066894531,0.0,0.0,0.0,403.50616455078125,403.50616455078125,114.88662719726562,136.89146423339844,114.9670181274414,0.0,0.0,0.0,114.88662719726562,136.89146423339844,114.9670181274414,0.0,0.0,0.0,11.418171882629395,17.85458755493164,11.44168758392334,0.0,0.0,0.0
282.0,51.297428131103516,39483.97265625,4045.669921875,20529.0390625,14909.2646484375,4084.24560546875,22.482460021972656,0.0,14415.1318359375,0.1339578777551651,25.581050872802734,1.7824238538742065,6.426115036010742,4.565188407897949,1.6141847372055054,2.622680187225342,6.228440761566162,0.0009725168929435313,0.37214162945747375,1.9702702760696411,0.0,0.0,0.0,0.0,5332.39404296875,371.54791259765625,815.8983154296875,1846.860595703125,353.4400939941406,0.0,465.4356384277344,0.02677925117313862,0.7962847352027893,118.35814666748047,0.0,0.0,0.0,404.97100830078125,404.97100830078125,111.3127212524414,126.5809326171875,117.98375701904297,0.0,0.0,0.0,111.3127212524414,126.5809326171875,117.98375701904297,0.0,0.0,0.0,10.076510429382324,14.542463302612305,12.027788162231445,0.0,0.0,0.0
283.0,51.3199577331543,39503.5078125,4045.669921875,20548.57421875,14909.2646484375,4084.24560546875,22.840885162353516,0.0,14207.2158203125,0.1341041475534439,25.59910011291504,1.784145474433899,6.426115036010742,4.567341327667236,1.6141847372055054,2.622680187225342,6.228899002075195,0.0009725168929435313,0.37214162945747375,1.9702746868133545,0.0,0.0,0.0,0.0,5294.97119140625,369.036376953125,811.238525390625,1813.3199462890625,345.2324523925781,0.0,414.1067199707031,0.02382524684071541,0.0,115.34703826904297,0.0,0.0,0.0,406.4055480957031,406.4055480957031,120.48224639892578,131.94842529296875,115.83316040039062,0.0,0.0,0.0,120.48224639892578,131.94842529296875,115.83316040039062,0.0,0.0,0.0,12.40017032623291,15.7540283203125,11.040312767028809,0.0,0.0,0.0
284.0,51.384254455566406,39605.1875,4045.669921875,20650.25390625,14909.2646484375,4084.24560546875,22.256549835205078,0.0,14602.423828125,0.13454662263393402,25.654640197753906,1.789620041847229,6.426115036010742,4.5687947273254395,1.6141847372055054,2.622680187225342,6.230281829833984,0.0009725168929435313,0.37214162945747375,1.9702770709991455,0.0,0.0,0.0,0.0,5391.62548828125,376.10980224609375,820.7927856445312,1889.52001953125,276.591552734375,0.0,545.8345336914062,0.03140115737915039,3.9502792358398438,123.60315704345703,0.0,0.0,0.0,407.82647705078125,407.82647705078125,86.63288879394531,146.24374389648438,126.194091796875,0.0,0.0,0.0,86.63288879394531,146.24374389648438,126.194091796875,0.0,0.0,0.0,3.0835683345794678,20.519742965698242,14.655221939086914,0.0,0.0,0.0
285.0,51.6983642578125,39760.96875,4045.669921875,20806.033203125,14909.2646484375,4084.24560546875,22.360666275024414,0.033415332436561584,14594.1845703125,0.1367190182209015,25.927627563476562,1.8170217275619507,6.4261155128479,4.573544502258301,1.6141847372055054,2.622680187225342,6.237070560455322,0.0009725168929435313,0.37214162945747375,1.9702848196029663,0.0,0.0,0.0,0.0,5418.60400390625,379.73858642578125,817.7832641601562,1800.89306640625,282.8974304199219,0.0,523.24365234375,0.030087942257523537,22.32849884033203,175.5523681640625,0.0,0.0,0.0,409.2645568847656,409.2645568847656,147.61135864257812,170.059326171875,140.8656005859375,0.0,0.0,0.0,147.61135864257812,170.059326171875,140.8656005859375,0.0,0.0,0.0,20.78223991394043,27.348270416259766,18.809104919433594,0.0,0.0,0.0
286.0,51.9620475769043,39951.08203125,4045.669921875,20996.1484375,14909.2646484375,4084.24560546875,22.179384231567383,0.0,14778.109375,0.1385563611984253,26.158937454223633,1.8402255773544312,6.426115989685059,4.575136661529541,1.6141847372055054,2.622680187225342,6.24281120300293,0.0009725168929435313,0.37214162945747375,1.9702872037887573,0.0,0.0,0.0,0.0,5464.92138671875,384.4455871582031,817.8797607421875,1481.7333984375,357.4065856933594,0.0,839.1726684570312,0.04823628067970276,22.32849884033203,175.55259704589844,0.0,0.0,0.0,410.7351379394531,410.7351379394531,96.12493896484375,172.00677490234375,146.56689453125,0.0,0.0,0.0,96.12493896484375,172.00677490234375,146.56689453125,0.0,0.0,0.0,5.937161922454834,28.132596969604492,20.691434860229492,0.0,0.0,0.0
287.0,52.614559173583984,40255.8046875,4045.669921875,21300.8671875,14909.2646484375,4084.24560546875,21.917240142822266,1.5495100021362305,15059.1953125,0.1431005746126175,26.73118782043457,1.8976930379867554,6.426115989685059,4.579183578491211,1.6141847372055054,2.622680187225342,6.257008075714111,0.0009725168929435313,0.37214162945747375,1.9702914953231812,0.0,0.0,0.0,0.0,5531.13623046875,392.6648864746094,812.9713745117188,1738.2818603515625,621.2468872070312,0.0,437.0878601074219,0.0251004621386528,22.32849884033203,175.552978515625,0.0,0.0,0.0,412.2609558105469,412.2609558105469,157.5408477783203,171.14715576171875,157.11607360839844,0.0,0.0,0.0,157.5408477783203,171.14715576171875,157.11607360839844,0.0,0.0,0.0,22.61394691467285,26.593791961669922,22.489700317382812,0.0,0.0,0.0
288.0,53.14324188232422,40353.76171875,4045.669921875,21398.826171875,14909.2646484375,4084.24560546875,21.574731826782227,0.0,15326.6044921875,0.14676035940647125,27.192100524902344,1.9440070390701294,6.426115989685059,4.585541725158691,1.6141847372055054,2.622680187225342,6.268442153930664,0.0009725168929435313,0.37214162945747375,1.9702945947647095,0.0,0.0,0.0,0.0,5634.02099609375,402.7852478027344,814.339599609375,1842.8592529296875,621.6768798828125,0.0,477.0956115722656,0.02737719751894474,0.0,117.0354995727539,0.0,0.0,0.0,413.837646484375,413.837646484375,115.49803161621094,141.17308044433594,118.83125305175781,0.0,0.0,0.0,115.49803161621094,141.17308044433594,118.83125305175781,0.0,0.0,0.0,12.208442687988281,19.71839714050293,13.183409690856934,0.0,0.0,0.0
289.0,53.41641616821289,40417.3984375,4045.669921875,21431.529296875,14940.19921875,4084.24560546875,20.774036407470703,0.0,15920.154296875,0.1486423909664154,27.429140090942383,1.9677921533584595,6.426116466522217,4.5901265144348145,1.6141847372055054,2.622680187225342,6.274322032928467,0.0009725168929435313,0.37214162945747375,1.970296025276184,0.0,0.0,0.0,0.0,5697.4814453125,408.74261474609375,816.1964111328125,1821.9849853515625,1017.0538330078125,0.0,432.8795166015625,0.024830259382724762,0.0,113.66336822509766,0.0,0.0,0.0,415.4534912109375,415.4534912109375,107.88401794433594,117.24855041503906,90.42616271972656,0.0,0.0,0.0,107.88401794433594,117.24855041503906,90.42616271972656,0.0,0.0,0.0,10.782038688659668,13.521164894104004,5.6756157875061035,0.0,0.0,0.0
290.0,53.5373420715332,40597.2109375,4045.669921875,21441.87890625,15109.662109375,4084.24560546875,20.72855567932129,0.0,16024.375,0.14947286248207092,27.53374481201172,1.9782716035842896,6.426116466522217,4.592545509338379,1.6141847372055054,2.622680187225342,6.27691650390625,0.0009725168929435313,0.37214162945747375,1.9702966213226318,0.0,0.0,0.0,0.0,5728.48828125,411.5860595703125,817.2498779296875,1834.4683837890625,1017.8515625,0.0,451.3996887207031,0.02588813193142414,0.0,115.53372955322266,0.0,0.0,0.0,417.07855224609375,417.07855224609375,121.6590347290039,132.30726623535156,114.00359344482422,0.0,0.0,0.0,121.6590347290039,132.30726623535156,114.00359344482422,0.0,0.0,0.0,14.856711387634277,17.971317291259766,12.6174955368042,0.0,0.0,0.0
291.0,53.586517333984375,40631.2890625,4045.669921875,21445.15234375,15140.4658203125,4202.8037109375,21.401758193969727,0.0,15554.6865234375,0.14981074631214142,27.5762939453125,1.9825292825698853,6.426116466522217,4.593521595001221,1.6141847372055054,2.622680187225342,6.2779717445373535,0.0009725168929435313,0.37214162945747375,1.9702967405319214,0.0,0.0,0.0,0.0,5676.8994140625,408.1266174316406,810.873046875,1797.52001953125,842.9539184570312,0.0,411.8953857421875,0.023620877414941788,0.0,110.34696197509766,0.0,0.0,0.0,418.6705627441406,418.6705627441406,128.85011291503906,137.98695373535156,117.16947937011719,0.0,0.0,0.0,128.85011291503906,137.98695373535156,117.16947937011719,0.0,0.0,0.0,16.28689956665039,18.959426879882812,12.870314598083496,0.0,0.0,0.0
292.0,53.60552978515625,40686.99609375,4045.669921875,21500.859375,15140.4658203125,4202.8037109375,21.43089485168457,0.0,15557.138671875,0.14994341135025024,27.592973709106445,1.984194040298462,6.426116466522217,4.5936431884765625,1.6141847372055054,2.622680187225342,6.278384685516357,0.0009725168929435313,0.37214162945747375,1.970296859741211,0.0,0.0,0.0,0.0,5740.64990234375,412.806640625,817.1008911132812,1883.7154541015625,523.892822265625,0.0,558.470703125,0.03202562406659126,1.8892709016799927,120.1772232055664,0.0,0.0,0.0,420.2264404296875,420.2264404296875,131.39376831054688,142.7191162109375,128.45701599121094,0.0,0.0,0.0,131.39376831054688,142.7191162109375,128.45701599121094,0.0,0.0,0.0,17.001781463623047,20.314443588256836,16.14278221130371,0.0,0.0,0.0
293.0,53.813385009765625,40799.44140625,4045.669921875,21613.3046875,15140.4658203125,4202.8037109375,22.54031753540039,0.0,14863.6416015625,0.151389017701149,27.774715423583984,2.0024640560150146,6.426116466522217,4.595538139343262,1.6141847372055054,2.622680187225342,6.282886028289795,0.0009725168929435313,0.37214162945747375,1.970296859741211,0.0,0.0,0.0,0.0,5655.15869140625,407.7179870605469,804.3904418945312,1798.90673828125,369.2404479980469,0.0,442.52496337890625,0.025369171053171158,0.0,112.11591339111328,0.0,0.0,0.0,421.7554931640625,421.7554931640625,123.72660064697266,137.151611328125,121.99726104736328,0.0,0.0,0.0,123.72660064697266,137.151611328125,121.99726104736328,0.0,0.0,0.0,13.649712562561035,17.57653045654297,13.143880844116211,0.0,0.0,0.0
294.0,53.997745513916016,40836.8359375,4045.669921875,21650.701171875,15140.4658203125,4202.8037109375,22.85916519165039,0.0,14680.1171875,0.15263411402702332,27.93122673034668,2.0182814598083496,6.426116466522217,4.602447986602783,1.6141847372055054,2.622680187225342,6.286762714385986,0.0009725168929435313,0.37214162945747375,1.9702969789505005,0.0,0.0,0.0,0.0,5639.9892578125,407.5397644042969,799.6522216796875,1764.6680908203125,348.22955322265625,0.0,398.4474182128906,0.0228364747017622,0.0,106.43248748779297,0.0,0.0,0.0,423.23583984375,423.23583984375,118.16130065917969,129.4133758544922,121.73206329345703,0.0,0.0,0.0,118.16130065917969,129.4133758544922,121.73206329345703,0.0,0.0,0.0,11.703014373779297,14.994246482849121,12.74746322631836,0.0,0.0,0.0
295.0,54.100276947021484,40851.82421875,4045.669921875,21665.685546875,15140.4658203125,4202.8037109375,23.221118927001953,0.0,14468.3193359375,0.1533171534538269,28.01698112487793,2.0268681049346924,6.426116466522217,4.607828617095947,1.6141847372055054,2.622680187225342,6.288889408111572,0.0009725168929435313,0.37214162945747375,1.9702969789505005,0.0,0.0,0.0,0.0,5608.921875,405.7733459472656,794.6982421875,1724.3082275390625,340.0311584472656,0.0,349.564697265625,0.020032016560435295,0.0,97.5501708984375,0.0,0.0,0.0,424.68756103515625,424.68756103515625,100.93650817871094,116.54780578613281,109.13088989257812,0.0,0.0,0.0,100.93650817871094,116.54780578613281,109.13088989257812,0.0,0.0,0.0,6.3028082847595215,10.86911392211914,8.699666023254395,0.0,0.0,0.0
296.0,54.14852523803711,40902.18359375,4045.669921875,21716.048828125,15140.4658203125,4202.8037109375,22.596111297607422,0.0,14870.7353515625,0.15365321934223175,28.058835983276367,2.030985116958618,6.426116466522217,4.608722686767578,1.6141847372055054,2.622680187225342,6.289935111999512,0.0009725168929435313,0.37214162945747375,1.9702969789505005,0.0,0.0,0.0,0.0,5705.13232421875,412.9551086425781,803.769287109375,1813.987060546875,272.3367919921875,0.0,468.22039794921875,0.02682976797223091,0.0,114.06356048583984,0.0,0.0,0.0,426.1225891113281,426.1225891113281,103.98548889160156,139.75531005859375,119.75240325927734,0.0,0.0,0.0,103.98548889160156,139.75531005859375,119.75240325927734,0.0,0.0,0.0,7.819644927978516,18.282318115234375,12.431466102600098,0.0,0.0,0.0
297.0,54.336307525634766,40997.24609375,4045.669921875,21811.109375,15140.4658203125,4202.8037109375,22.665498733520508,0.0,14862.287109375,0.15496991574764252,28.222558975219727,2.047405958175659,6.426116466522217,4.61094856262207,1.6141847372055054,2.622680187225342,6.294031620025635,0.0009725168929435313,0.37214162945747375,1.9702969789505005,0.0,0.0,0.0,0.0,5719.75732421875,414.93988037109375,802.0096435546875,1720.3458251953125,278.860107421875,0.0,454.5885009765625,0.02604156732559204,20.52035903930664,172.3050537109375,0.0,0.0,0.0,427.57080078125,427.57080078125,132.2892608642578,156.93980407714844,130.67481994628906,0.0,0.0,0.0,132.2892608642578,156.93980407714844,130.67481994628906,0.0,0.0,0.0,16.029109954833984,23.239395141601562,15.556886672973633,0.0,0.0,0.0
298.0,54.4959831237793,41153.98828125,4045.669921875,21967.853515625,15140.4658203125,4202.8037109375,22.46000099182129,0.0,15049.5263671875,0.15609940886497498,28.362892150878906,2.0614800453186035,6.426116466522217,4.611570835113525,1.6141847372055054,2.622680187225342,6.297545909881592,0.0009725168929435313,0.37214162945747375,1.9702969789505005,0.0,0.0,0.0,0.0,5757.408203125,418.4616394042969,803.093017578125,537.33203125,352.6307678222656,0.0,1641.1087646484375,0.09399067610502243,22.32849884033203,175.55345153808594,0.0,0.0,0.0,429.0333557128906,429.0333557128906,156.84632873535156,178.52020263671875,163.46957397460938,0.0,0.0,0.0,156.84632873535156,178.52020263671875,163.46957397460938,0.0,0.0,0.0,23.417551040649414,29.757158279418945,25.35485076904297,0.0,0.0,0.0
299.0,55.04332733154297,41423.50390625,4045.669921875,22237.369140625,15140.4658203125,4202.8037109375,22.17030906677246,0.0,15335.7197265625,0.15997162461280823,28.84392547607422,2.1097750663757324,6.426116466522217,4.613670825958252,1.6141847372055054,2.622680187225342,6.309593200683594,0.0009725168929435313,0.37214162945747375,1.9702969789505005,0.0,0.0,0.0,0.0,5816.64404296875,425.45562744140625,799.8018798828125,1647.8031005859375,613.8488159179688,0.0,397.81146240234375,0.022765561938285828,22.32849884033203,175.55345153808594,0.0,0.0,0.0,430.5478210449219,430.5478210449219,153.28692626953125,162.2092742919922,148.27456665039062,0.0,0.0,0.0,153.28692626953125,162.2092742919922,148.27456665039062,0.0,0.0,0.0,22.666114807128906,25.275903701782227,21.200000762939453,0.0,0.0,0.0
300.0,55.50137710571289,41509.1875,4045.669921875,22323.05078125,15140.4658203125,4202.8037109375,21.829368591308594,0.0,15598.4521484375,0.16321150958538055,29.246395111083984,2.1501758098602295,6.426116466522217,4.615530490875244,1.6141847372055054,2.622680187225342,6.31967306137085,0.0009725168929435313,0.37214162945747375,1.9702969789505005,0.0,0.0,0.0,0.0,5911.94384765625,434.6422119140625,801.6282348632812,1774.6094970703125,614.5670776367188,0.0,430.3973083496094,0.024613939225673676,0.0,106.86344909667969,0.0,0.0,0.0,432.1127014160156,432.1127014160156,120.63867950439453,139.91783142089844,126.11763763427734,0.0,0.0,0.0,120.63867950439453,139.91783142089844,126.11763763427734,0.0,0.0,0.0,13.45744514465332,19.09659767150879,15.060039520263672,0.0,0.0,0.0
