time,Total Generation Capacity,Total Transmission,Transmission for Interconnection km,Total Transmission for Generation Connection,Total Transmission for Demand Connection,Total Interconnection Capacity,Transmission Tariff[f0],Congestion Tariff[f0],National Peak Demand[f0],Generation Capacity by Tech[TBiomass],Generation Capacity by Tech[TWindOnS],Generation Capacity by Tech[TWindOffS],Generation Capacity by Tech[TPV],Generation Capacity by Tech[THydroDam],Generation Capacity by Tech[THRoR],Generation Capacity by Tech[TThermo1],Generation Capacity by Tech[TThermo2],Generation Capacity by Tech[TGeothermal],Generation Capacity by Tech[TPVBESSOp1],Generation Capacity by Tech[TPVBESSOp2],Generation Capacity by Tech[TOther1],Generation Capacity by Tech[TOther2],Generation Capacity by Tech[TOther3],Generation by Tech per Month[TBiomass],Generation by Tech per Month[TWindOnS],Generation by Tech per Month[TWindOffS],Generation by Tech per Month[TPV],Generation by Tech per Month[THydroDam],Generation by Tech per Month[THRoR],Generation by Tech per Month[TThermo1],Generation by Tech per Month[TThermo2],Generation by Tech per Month[TGeothermal],Generation by Tech per Month[TPVBESSOp1],Generation by Tech per Month[TPVBESSOp2],Generation by Tech per Month[TOther1],Generation by Tech per Month[TOther2],Generation by Tech per Month[TOther3],Generation by Tech per Month[DERBESS],Generation by Tech per Month[DER],"Electricity Tariff[Regulated,Z1]","Electricity Tariff[Regulated,Z2]","Electricity Tariff[Regulated,Z3]","Electricity Tariff[Regulated,Z4]","Electricity Tariff[Regulated,Z5]","Electricity Tariff[Regulated,Z6]","Electricity Tariff[Unregulated,Z1]","Electricity Tariff[Unregulated,Z2]","Electricity Tariff[Unregulated,Z3]","Electricity Tariff[Unregulated,Z4]","Electricity Tariff[Unregulated,Z5]","Electricity Tariff[Unregulated,Z6]","Generation Tariff[f0,Z1]","Generation Tariff[f0,Z2]","Generation Tariff[f0,Z3]","Generation Tariff[f0,Z4]","Generation Tariff[f0,Z5]","Generation Tariff[f0,Z6]"
0.0,14.057049751281738,16177.3701171875,1836.469970703125,5622.81982421875,8718.080078125,1600.0,16.893709182739258,0.9912989735603333,7532.21728515625,0.06656000018119812,1.021299958229065,0.0,0.4778200089931488,3.705590009689331,1.5324699878692627,2.6226699352264404,4.630640029907227,0.0,0.0,0.0,0.0,0.0,0.0,0.0,279.896484375,0.0,79.0820083618164,2668.02490234375,894.5088500976562,0.0,1152.0262451171875,0.0,0.0,0.0,0.0,0.0,0.0,0.0046911598183214664,0.0046911598183214664,181.14532470703125,182.1839599609375,196.01895141601562,0.0,0.0,0.0,181.14532470703125,182.1839599609375,196.01895141601562,0.0,0.0,0.0,35.10000228881836,35.40380096435547,39.45053482055664,0.0,0.0,0.0
1.0,14.069549560546875,16177.3701171875,1836.469970703125,5622.81982421875,8718.080078125,1600.0,16.267282485961914,0.1784154176712036,7824.046875,0.06656000018119812,1.021299958229065,0.0,0.4778200089931488,3.705590009689331,1.5449700355529785,2.6226699352264404,4.630640029907227,0.0,0.0,0.0,0.0,0.0,0.0,0.0,279.896484375,0.0,79.0820083618164,2668.02490234375,1112.37841796875,0.0,1129.531005859375,0.0,0.0,0.0,0.0,0.0,0.0,1.200649380683899,1.200649380683899,149.91299438476562,175.01597595214844,193.04904174804688,0.0,0.0,0.0,149.91299438476562,175.01597595214844,193.04904174804688,0.0,0.0,0.0,27.40385627746582,34.74647521972656,40.02114486694336,0.0,0.0,0.0
2.0,14.069549560546875,16182.3701171875,1836.469970703125,5627.81982421875,8718.080078125,1600.0,16.16990089416504,0.0,7875.3984375,0.06656000018119812,1.021299958229065,0.0,0.4778200089931488,3.705590009689331,1.5449700355529785,2.6226699352264404,4.630640029907227,0.0,0.0,0.0,0.0,0.0,0.0,0.0,279.896484375,0.0,79.0820083618164,2668.02490234375,1112.37841796875,0.0,1162.9005126953125,0.0,0.0,0.0,0.0,0.0,0.0,2.4205644130706787,2.4205644130706787,92.05609130859375,174.84300231933594,188.67686462402344,0.0,0.0,0.0,92.05609130859375,174.84300231933594,188.67686462402344,0.0,0.0,0.0,10.75650691986084,34.971675872802734,39.01808166503906,0.0,0.0,0.0
3.0,14.069549560546875,16182.3701171875,1836.469970703125,5627.81982421875,8718.080078125,1600.0,16.661991119384766,0.0,7644.6904296875,0.06656000018119812,1.021299958229065,0.0,0.4778200089931488,3.705590009689331,1.5449700355529785,2.6226699352264404,4.630640029907227,0.0,0.0,0.0,0.0,0.0,0.0,0.0,279.896484375,0.0,79.0820083618164,2668.02490234375,925.83251953125,0.0,1192.850341796875,0.0,0.0,0.0,0.0,0.0,0.0,3.6164987087249756,3.6164987087249756,56.96413803100586,177.0540313720703,190.38406372070312,0.0,0.0,0.0,56.96413803100586,177.0540313720703,190.38406372070312,0.0,0.0,0.0,1.9289538613520563e-05,35.126312255859375,39.02534866333008,0.0,0.0,0.0
4.0,14.069549560546875,16182.3701171875,1836.469970703125,5627.81982421875,8718.080078125,1600.0,16.66282081604004,0.0,7646.02490234375,0.06656000018119812,1.021299958229065,0.0,0.4778200089931488,3.705590009689331,1.5449700355529785,2.6226699352264404,4.630640029907227,0.0,0.0,0.0,0.0,0.0,0.0,0.0,279.896484375,0.0,79.0820083618164,2668.02490234375,572.429931640625,0.0,1545.996826171875,0.0,0.0,0.0,0.0,0.0,0.0,4.771545886993408,4.771545886993408,123.03844451904297,184.21072387695312,184.66726684570312,0.0,0.0,0.0,123.03844451904297,184.21072387695312,184.66726684570312,0.0,0.0,0.0,19.325923919677734,37.21881866455078,37.352352142333984,0.0,0.0,0.0
5.0,14.069549560546875,16182.3701171875,1836.469970703125,5627.81982421875,8718.080078125,1600.0,17.4447021484375,0.0,7305.31591796875,0.06656000018119812,1.021299958229065,0.0,0.4778200089931488,3.705590009689331,1.5449700355529785,2.6226699352264404,4.630640029907227,0.0,0.0,0.0,0.0,0.0,0.0,0.0,279.896484375,0.0,79.0820083618164,1147.599853515625,407.575439453125,0.0,3000.65478515625,0.0,0.0,0.0,0.0,0.0,0.0,5.898488521575928,5.898488521575928,231.9477081298828,219.6400146484375,232.28952026367188,0.0,0.0,0.0,231.9477081298828,219.6400146484375,232.28952026367188,0.0,0.0,0.0,50.400001525878906,46.79999923706055,50.49998092651367,0.0,0.0,0.0
6.0,14.069549560546875,16182.3701171875,1836.469970703125,5627.81982421875,8718.080078125,1600.0,17.666812896728516,0.0,7215.2353515625,0.06656000018119812,1.021299958229065,0.0,0.4778200089931488,3.705590009689331,1.5449700355529785,2.6226699352264404,4.630640029907227,0.0,0.0,0.0,0.0,0.0,0.0,11.96236801147461,279.896484375,0.0,79.0820083618164,1095.5390625,385.8840637207031,0.0,3000.65478515625,0.0,0.0,0.0,0.0,0.0,0.0,7.01191520690918,7.01191520690918,232.70704650878906,230.71665954589844,233.04885864257812,0.0,0.0,0.0,232.70704650878906,230.71665954589844,233.04885864257812,0.0,0.0,0.0,50.400001525878906,49.81781005859375,50.499977111816406,0.0,0.0,0.0
7.0,14.069549560546875,16182.3701171875,1836.469970703125,5627.81982421875,8718.080078125,1600.0,17.92978858947754,0.0,7111.25341796875,0.06656000018119812,1.021299958229065,0.0,0.4778200089931488,3.705590009689331,1.5449700355529785,2.6226699352264404,4.630640029907227,0.0,0.0,0.0,0.0,0.0,0.0,0.0,279.896484375,0.0,79.0820083618164,1043.8865966796875,378.31988525390625,0.0,3000.65478515625,0.0,0.0,0.0,0.0,0.0,0.0,8.150660514831543,8.150660514831543,233.60610961914062,222.80654907226562,233.94793701171875,0.0,0.0,0.0,233.60610961914062,222.80654907226562,233.94793701171875,0.0,0.0,0.0,50.400001525878906,47.241127014160156,50.49998092651367,0.0,0.0,0.0
8.0,14.278849601745605,16182.3701171875,1836.469970703125,5627.81982421875,8718.080078125,1600.0,17.44768524169922,0.0,7309.1669921875,0.06656000018119812,1.021299958229065,0.0,0.4778200089931488,3.9148900508880615,1.5449700355529785,2.6226699352264404,4.630640029907227,0.0,0.0,0.0,0.0,0.0,0.0,11.96236801147461,279.896484375,0.0,79.0820083618164,1241.5859375,300.787109375,0.0,3000.65478515625,0.0,0.0,0.0,0.0,0.0,0.0,9.332460403442383,9.332460403442383,231.95790100097656,227.01585388183594,232.299560546875,0.0,0.0,0.0,231.95790100097656,227.01585388183594,232.299560546875,0.0,0.0,0.0,50.400001525878906,48.95445251464844,50.499935150146484,0.0,0.0,0.0
9.0,14.278849601745605,16266.08984375,1836.469970703125,5711.5400390625,8718.080078125,1600.0,17.552082061767578,0.0,7305.13916015625,0.06656000018119812,1.021299958229065,0.0,0.4778200089931488,3.9148900508880615,1.5449700355529785,2.6226699352264404,4.630640029907227,0.0,0.0,0.0,0.0,0.0,0.0,11.96236801147461,279.896484375,0.0,79.0820083618164,1229.9542236328125,308.4625244140625,0.0,3000.65478515625,0.0,0.0,0.0,0.0,0.0,0.0,10.575636863708496,10.575636863708496,232.31480407714844,225.0669403076172,232.65647888183594,0.0,0.0,0.0,232.31480407714844,225.0669403076172,232.65647888183594,0.0,0.0,0.0,50.400001525878906,48.279998779296875,50.49993896484375,0.0,0.0,0.0
10.0,14.278849601745605,16266.08984375,1836.469970703125,5711.5400390625,8718.080078125,1600.0,17.337432861328125,0.0,7397.30029296875,0.06656000018119812,1.021299958229065,0.0,0.4778200089931488,3.9148900508880615,1.5449700355529785,2.6226699352264404,4.630640029907227,0.0,0.0,0.0,0.0,0.0,0.0,11.96236801147461,279.896484375,0.0,79.0820083618164,1209.4287109375,389.77740478515625,0.0,3000.65478515625,0.0,0.0,0.0,0.0,0.0,0.0,11.86382007598877,11.86382007598877,231.58096313476562,233.5208740234375,231.9226531982422,0.0,0.0,0.0,231.58096313476562,233.5208740234375,231.9226531982422,0.0,0.0,0.0,50.400001525878906,50.96742630004883,50.499942779541016,0.0,0.0,0.0
11.0,14.278849601745605,16266.08984375,1836.469970703125,5711.5400390625,8718.080078125,1600.0,17.017333984375,0.0,7538.107421875,0.06656000018119812,1.021299958229065,0.0,0.4778200089931488,3.9148900508880615,1.5449700355529785,2.6226699352264404,4.630640029907227,0.0,0.0,0.0,0.0,0.0,0.0,0.0,279.896484375,0.0,79.0820083618164,1024.0054931640625,680.6643676757812,0.0,3000.65478515625,0.0,0.0,0.0,0.0,0.0,0.0,13.20722770690918,13.20722770690918,230.4866180419922,218.17892456054688,230.8284912109375,0.0,0.0,0.0,230.4866180419922,218.17892456054688,230.8284912109375,0.0,0.0,0.0,50.400001525878906,46.79999923706055,50.5,0.0,0.0,0.0
12.0,14.278849601745605,16266.08984375,1836.469970703125,5711.5400390625,8718.080078125,1600.0,16.23440933227539,0.0,7902.78076171875,0.06656000018119812,1.021299958229065,0.0,0.4778200089931488,3.9148900508880615,1.5449700355529785,2.6226699352264404,4.630640029907227,0.0,0.0,0.0,0.0,0.0,0.0,0.0,279.896484375,0.0,79.0820083618164,2818.720703125,901.80517578125,0.0,1229.031005859375,0.0,0.0,0.0,0.0,0.0,0.0,14.611250877380371,14.611250877380371,160.85633850097656,176.62496948242188,178.3084716796875,0.0,0.0,0.0,160.85633850097656,176.62496948242188,178.3084716796875,0.0,0.0,0.0,30.816068649291992,35.42839431762695,35.92081832885742,0.0,0.0,0.0
13.0,14.755249977111816,16300.1494140625,1836.469970703125,5711.5400390625,8752.1396484375,1600.0,15.664205551147461,0.4905878007411957,8208.9345703125,0.06656000018119812,1.021299958229065,0.0,0.934220016002655,3.9148900508880615,1.5649700164794922,2.6226699352264404,4.630640029907227,0.0,0.0,0.0,0.0,0.0,0.0,0.0,279.896484375,0.0,154.6413116455078,2818.720703125,1126.7784423828125,0.0,1133.2584228515625,0.0,0.0,0.0,0.0,0.0,0.0,16.070268630981445,16.070268630981445,172.1301727294922,176.855224609375,186.16729736328125,0.0,0.0,0.0,172.1301727294922,176.855224609375,186.16729736328125,0.0,0.0,0.0,34.19328308105469,35.57535934448242,38.29914093017578,0.0,0.0,0.0
14.0,14.755249977111816,16682.146484375,1836.469970703125,5902.10009765625,8943.5771484375,1600.0,15.930736541748047,0.0,8262.7890625,0.06656000018119812,1.021299958229065,0.0,0.934220016002655,3.9148900508880615,1.5649700164794922,2.6226699352264404,4.630640029907227,0.0,0.0,0.0,0.0,0.0,0.0,0.0,279.896484375,0.0,154.6413116455078,2818.720703125,1126.7784423828125,0.0,1168.061279296875,0.0,0.0,0.0,0.0,0.0,0.0,17.542715072631836,17.542715072631836,114.45015716552734,174.1792449951172,168.11770629882812,0.0,0.0,0.0,114.45015716552734,174.1792449951172,168.11770629882812,0.0,0.0,0.0,17.545934677124023,35.016693115234375,33.24369430541992,0.0,0.0,0.0
15.0,14.755249977111816,16728.40625,1836.469970703125,5902.10009765625,8989.8349609375,1600.0,16.462995529174805,0.0,8020.70654296875,0.06656000018119812,1.021299958229065,0.0,0.934220016002655,3.9148900508880615,1.5649700164794922,2.6226699352264404,4.630640029907227,0.0,0.0,0.0,0.0,0.0,0.0,0.0,279.896484375,0.0,154.6413116455078,2818.720703125,937.8176879882812,0.0,1192.5357666015625,0.0,0.0,0.0,0.0,0.0,0.0,18.96684455871582,18.96684455871582,79.49537658691406,176.5573272705078,170.29946899414062,0.0,0.0,0.0,79.49537658691406,176.5573272705078,170.29946899414062,0.0,0.0,0.0,6.789402008056641,35.180023193359375,33.3495979309082,0.0,0.0,0.0
16.0,14.755249977111816,16728.40625,1836.469970703125,5902.10009765625,8989.8349609375,1600.0,16.464323043823242,0.0,8022.0791015625,0.06656000018119812,1.021299958229065,0.0,0.934220016002655,3.9148900508880615,1.5649700164794922,2.6226699352264404,4.630640029907227,0.0,0.0,0.0,0.0,0.0,0.0,0.0,279.896484375,0.0,154.6413116455078,2818.720703125,579.8401489257812,0.0,1550.0787353515625,0.0,0.0,0.0,0.0,0.0,0.0,20.326061248779297,20.326061248779297,141.7958221435547,184.66168212890625,167.2762451171875,0.0,0.0,0.0,141.7958221435547,184.66168212890625,167.2762451171875,0.0,0.0,0.0,25.010953903198242,37.549217224121094,32.4639778137207,0.0,0.0,0.0
17.0,14.755249977111816,16728.40625,1836.469970703125,5902.10009765625,8989.8349609375,1600.0,17.23971176147461,0.0,7664.57958984375,0.06656000018119812,1.021299958229065,0.0,0.934220016002655,3.9148900508880615,1.5649700164794922,2.6226699352264404,4.630640029907227,0.0,0.0,0.0,0.0,0.0,0.0,0.0,279.896484375,0.0,154.6413116455078,1293.014892578125,412.8515930175781,0.0,3000.65478515625,0.0,0.0,0.0,0.0,0.0,0.0,21.64045524597168,21.64045524597168,231.2468719482422,218.93917846679688,231.5885467529297,0.0,0.0,0.0,231.2468719482422,218.93917846679688,231.5885467529297,0.0,0.0,0.0,50.400001525878906,46.79999923706055,50.49993896484375,0.0,0.0,0.0
18.0,14.755249977111816,16728.40625,1836.469970703125,5902.10009765625,8989.8349609375,1600.0,17.460390090942383,0.0,7570.03564453125,0.06656000018119812,1.021299958229065,0.0,0.934220016002655,3.9148900508880615,1.5649700164794922,2.6226699352264404,4.630640029907227,0.0,0.0,0.0,0.0,0.0,0.0,11.96236801147461,279.896484375,0.0,154.6413116455078,1238.0482177734375,390.8794250488281,0.0,3000.65478515625,0.0,0.0,0.0,0.0,0.0,0.0,22.93402862548828,22.93402862548828,232.00132751464844,233.82485961914062,232.36514282226562,0.0,0.0,0.0,232.00132751464844,233.82485961914062,232.36514282226562,0.0,0.0,0.0,50.400001525878906,50.93338394165039,50.50641632080078,0.0,0.0,0.0
19.0,14.755249977111816,16728.40625,1836.469970703125,5902.10009765625,8989.8349609375,1600.0,17.721553802490234,0.0,7460.92578125,0.06656000018119812,1.021299958229065,0.0,0.934220016002655,3.9148900508880615,1.5649700164794922,2.6226699352264404,4.630640029907227,0.0,0.0,0.0,0.0,0.0,0.0,30.670848846435547,279.896484375,0.0,154.6413116455078,445.68719482421875,383.21734619140625,706.5078125,3000.65478515625,0.0,0.0,0.0,0.0,0.0,0.0,24.246896743774414,24.246896743774414,273.03094482421875,238.99952697753906,233.73536682128906,0.0,0.0,0.0,273.03094482421875,238.99952697753906,233.73536682128906,0.0,0.0,0.0,62.13999938964844,52.18580627441406,50.64604187011719,0.0,0.0,0.0
20.0,14.755249977111816,16728.40625,1836.469970703125,5902.10009765625,8989.8349609375,1600.0,17.244037628173828,0.0,7668.54150390625,0.06656000018119812,1.021299958229065,0.0,0.934220016002655,3.9148900508880615,1.5649700164794922,2.6226699352264404,4.630640029907227,0.0,0.0,0.0,0.0,0.0,0.0,11.96236801147461,279.896484375,0.0,154.6413116455078,1387.9339599609375,304.6808776855469,0.0,3000.65478515625,0.0,0.0,0.0,0.0,0.0,0.0,25.598304748535156,25.598304748535156,208.77061462402344,230.1500244140625,231.71762084960938,0.0,0.0,0.0,208.77061462402344,230.1500244140625,231.71762084960938,0.0,0.0,0.0,43.82136917114258,50.07484436035156,50.53337097167969,0.0,0.0,0.0
21.0,14.755249977111816,16728.40625,1836.469970703125,5902.10009765625,8989.8349609375,1600.0,17.258399963378906,0.0,7664.287109375,0.06656000018119812,1.021299958229065,0.0,0.934220016002655,3.9148900508880615,1.5649700164794922,2.6226699352264404,4.630640029907227,0.0,0.0,0.0,0.0,0.0,0.0,30.670848846435547,279.896484375,0.0,154.6413116455078,1357.1732177734375,312.4556579589844,0.0,3000.65478515625,0.0,0.0,0.0,0.0,0.0,0.0,27.01017189025879,27.01017189025879,235.27658081054688,234.8501739501953,231.65240478515625,0.0,0.0,0.0,235.27658081054688,234.8501739501953,231.65240478515625,0.0,0.0,0.0,51.560001373291016,51.435279846191406,50.49992752075195,0.0,0.0,0.0
22.0,14.755249977111816,16728.40625,1836.469970703125,5902.10009765625,8989.8349609375,1600.0,17.047096252441406,0.0,7760.95361328125,0.06656000018119812,1.021299958229065,0.0,0.934220016002655,3.9148900508880615,1.5649700164794922,2.6226699352264404,4.630640029907227,0.0,0.0,0.0,0.0,0.0,0.0,11.96236801147461,279.896484375,0.0,154.6413116455078,1357.1700439453125,394.8231506347656,0.0,3000.65478515625,0.0,0.0,0.0,0.0,0.0,0.0,28.466856002807617,28.466856002807617,230.58836364746094,229.60888671875,230.93003845214844,0.0,0.0,0.0,230.58836364746094,229.60888671875,230.93003845214844,0.0,0.0,0.0,50.400001525878906,50.113502502441406,50.49993896484375,0.0,0.0,0.0
23.0,14.755249977111816,16728.40625,1836.469970703125,5902.10009765625,8989.8349609375,1600.0,16.731828689575195,0.0,7908.638671875,0.06656000018119812,1.021299958229065,0.0,0.934220016002655,3.9148900508880615,1.5649700164794922,2.6226699352264404,4.630640029907227,0.0,0.0,0.0,0.0,0.0,0.0,0.0,279.896484375,0.0,154.6413116455078,1172.4442138671875,689.4757080078125,0.0,3000.65478515625,0.0,0.0,0.0,0.0,0.0,0.0,29.98000144958496,29.98000144958496,229.51052856445312,218.04522705078125,229.85240173339844,0.0,0.0,0.0,229.51052856445312,218.04522705078125,229.85240173339844,0.0,0.0,0.0,50.400001525878906,47.0463981628418,50.5,0.0,0.0,0.0
24.0,14.755249977111816,16735.044921875,1836.469970703125,5902.10009765625,8996.4736328125,1600.0,16.013734817504883,0.0,8266.8837890625,0.06656000018119812,1.021299958229065,0.0,0.934220016002655,3.9148900508880615,1.5649700164794922,2.6226699352264404,4.630640029907227,0.0,0.0,0.0,0.0,0.0,0.0,0.0,279.896484375,0.0,154.6413116455078,1203.11474609375,913.479248046875,0.0,2985.7119140625,0.0,0.0,0.0,0.0,0.0,0.0,31.555322647094727,31.555322647094727,227.05548095703125,214.74781799316406,168.710693359375,0.0,0.0,0.0,227.05548095703125,214.74781799316406,168.710693359375,0.0,0.0,0.0,50.399993896484375,46.79999923706055,33.334144592285156,0.0,0.0,0.0
25.0,14.755249977111816,16822.005859375,1836.469970703125,5902.10009765625,9083.4365234375,1600.0,15.497739791870117,0.0,8587.1162109375,0.06656000018119812,1.021299958229065,0.0,0.934220016002655,3.9148900508880615,1.5649700164794922,2.6226699352264404,4.630640029907227,0.0,0.0,0.0,0.0,0.0,0.0,0.0,279.896484375,0.0,154.6413116455078,2818.720703125,1126.7784423828125,0.0,1370.8853759765625,0.0,0.0,0.0,0.0,0.0,0.0,33.178401947021484,33.178401947021484,121.09207153320312,177.4509735107422,189.99671936035156,0.0,0.0,0.0,121.09207153320312,177.4509735107422,189.99671936035156,0.0,0.0,0.0,19.92169189453125,36.40666961669922,40.076297760009766,0.0,0.0,0.0
26.0,14.755249977111816,16974.830078125,1836.469970703125,5902.10009765625,9236.259765625,1600.0,15.540451049804688,0.0,8643.4140625,0.06656000018119812,1.021299958229065,0.0,0.934220016002655,3.9148900508880615,1.5649700164794922,2.6226699352264404,4.630640029907227,0.0,0.0,0.0,0.0,0.0,0.0,0.0,279.896484375,0.0,154.6413116455078,2818.720703125,1126.7784423828125,0.0,1407.1812744140625,0.0,0.0,0.0,0.0,0.0,0.0,34.80374526977539,34.80374526977539,64.32408142089844,178.4217529296875,176.80494689941406,0.0,0.0,0.0,64.32408142089844,178.4217529296875,176.80494689941406,0.0,0.0,0.0,3.2743420600891113,36.647911071777344,36.17499542236328,0.0,0.0,0.0
27.0,14.755249977111816,17002.43359375,1836.469970703125,5902.10009765625,9263.8623046875,1600.0,16.042953491210938,0.0,8390.15234375,0.06656000018119812,1.021299958229065,0.0,0.934220016002655,3.9148900508880615,1.5649700164794922,2.6226699352264404,4.630640029907227,0.0,0.0,0.0,0.0,0.0,0.0,0.0,279.896484375,0.0,154.6413116455078,2818.720703125,937.8176879882812,0.0,1423.98876953125,0.0,0.0,0.0,0.0,0.0,0.0,36.36493682861328,36.36493682861328,74.16034698486328,180.38502502441406,166.3600616455078,0.0,0.0,0.0,74.16034698486328,180.38502502441406,166.3600616455078,0.0,0.0,0.0,5.648947715759277,36.71966552734375,32.61736297607422,0.0,0.0,0.0
28.0,14.755249977111816,17002.43359375,1836.469970703125,5902.10009765625,9263.8623046875,1600.0,16.044506072998047,0.0,8391.55078125,0.06656000018119812,1.021299958229065,0.0,0.934220016002655,3.9148900508880615,1.5649700164794922,2.6226699352264404,4.630640029907227,0.0,0.0,0.0,0.0,0.0,0.0,0.0,279.896484375,0.0,154.6413116455078,2818.720703125,579.8401489257812,0.0,1781.423095703125,0.0,0.0,0.0,0.0,0.0,0.0,37.84990310668945,37.84990310668945,91.97979736328125,187.7790985107422,175.48081970214844,0.0,0.0,0.0,91.97979736328125,187.7790985107422,175.48081970214844,0.0,0.0,0.0,10.85958480834961,38.88087844848633,35.283634185791016,0.0,0.0,0.0
29.0,14.755249977111816,17002.43359375,1836.469970703125,5902.10009765625,9263.8623046875,1600.0,16.802688598632812,0.0,8017.5576171875,0.06656000018119812,1.021299958229065,0.0,0.934220016002655,3.9148900508880615,1.5649700164794922,2.6226699352264404,4.630640029907227,0.0,0.0,0.0,0.0,0.0,0.0,0.0,279.896484375,0.0,154.6413116455078,1513.13525390625,412.8515930175781,0.0,3000.65478515625,0.0,0.0,0.0,0.0,0.0,0.0,39.27880096435547,39.27880096435547,207.3306121826172,217.44508361816406,230.09449768066406,0.0,0.0,0.0,207.3306121826172,217.44508361816406,230.09449768066406,0.0,0.0,0.0,43.84151840209961,46.79999923706055,50.49995040893555,0.0,0.0,0.0
30.0,14.755249977111816,17002.43359375,1836.469970703125,5902.10009765625,9263.8623046875,1600.0,17.01865577697754,0.0,7918.6328125,0.06656000018119812,1.021299958229065,0.0,0.934220016002655,3.9148900508880615,1.5649700164794922,2.6226699352264404,4.630640029907227,0.0,0.0,0.0,0.0,0.0,0.0,0.0,279.896484375,0.0,154.6413116455078,1467.07373046875,390.8794250488281,0.0,3000.65478515625,0.0,0.0,0.0,0.0,0.0,0.0,40.67867660522461,40.67867660522461,215.4933624267578,219.47442626953125,231.23873901367188,0.0,0.0,0.0,215.4933624267578,219.47442626953125,231.23873901367188,0.0,0.0,0.0,46.01314926147461,47.1776123046875,50.618675231933594,0.0,0.0,0.0
31.0,14.767749786376953,17002.43359375,1836.469970703125,5902.10009765625,9263.8623046875,1600.0,17.27426528930664,0.0,7804.4609375,0.06656000018119812,1.021299958229065,0.0,0.934220016002655,3.9148900508880615,1.5774699449539185,2.6226699352264404,4.630640029907227,0.0,0.0,0.0,0.0,0.0,0.0,30.670848846435547,279.896484375,0.0,154.6413116455078,1362.680908203125,386.2782287597656,0.0,3000.65478515625,0.0,0.0,0.0,0.0,0.0,0.0,42.098106384277344,42.098106384277344,235.33082580566406,235.9103240966797,231.70689392089844,0.0,0.0,0.0,235.33082580566406,235.9103240966797,231.70689392089844,0.0,0.0,0.0,51.560001373291016,51.7295036315918,50.5,0.0,0.0,0.0
32.0,14.767749786376953,17007.43359375,1836.469970703125,5907.10009765625,9263.8623046875,1600.0,16.81248664855957,0.0,8021.60986328125,0.06656000018119812,1.021299958229065,0.0,0.934220016002655,3.9148900508880615,1.5774699449539185,2.6226699352264404,4.630640029907227,0.0,0.0,0.0,0.0,0.0,0.0,30.670848846435547,279.896484375,0.0,154.6413116455078,446.39654541015625,307.1144714355469,1140.256591796875,3000.65478515625,0.0,0.0,0.0,0.0,0.0,0.0,43.55660629272461,43.55660629272461,269.92303466796875,238.59945678710938,243.6855926513672,0.0,0.0,0.0,269.92303466796875,238.59945678710938,243.6855926513672,0.0,0.0,0.0,62.13999938964844,52.97785568237305,54.46554946899414,0.0,0.0,0.0
33.0,14.767749786376953,17007.43359375,1836.469970703125,5907.10009765625,9263.8623046875,1600.0,16.826730728149414,0.0,8017.13037109375,0.06656000018119812,1.021299958229065,0.0,0.934220016002655,3.9148900508880615,1.5774699449539185,2.6226699352264404,4.630640029907227,0.0,0.0,0.0,0.0,0.0,0.0,11.96236801147461,279.896484375,0.0,154.6413116455078,1592.9874267578125,314.95135498046875,0.0,3000.65478515625,0.0,0.0,0.0,0.0,0.0,0.0,45.07638931274414,45.07638931274414,163.3392791748047,224.41026306152344,232.01138305664062,0.0,0.0,0.0,163.3392791748047,224.41026306152344,232.01138305664062,0.0,0.0,0.0,30.950010299682617,48.81327438354492,51.036598205566406,0.0,0.0,0.0
34.0,14.767749786376953,17007.43359375,1836.469970703125,5907.10009765625,9263.8623046875,1600.0,16.62026596069336,0.0,8118.2119140625,0.06656000018119812,1.021299958229065,0.0,0.934220016002655,3.9148900508880615,1.5774699449539185,2.6226699352264404,4.630640029907227,0.0,0.0,0.0,0.0,0.0,0.0,11.96236801147461,279.896484375,0.0,154.6413116455078,1576.4853515625,397.97674560546875,0.0,3000.65478515625,0.0,0.0,0.0,0.0,0.0,0.0,46.639766693115234,46.639766693115234,191.6796112060547,230.72093200683594,230.1907501220703,0.0,0.0,0.0,191.6796112060547,230.72093200683594,230.1907501220703,0.0,0.0,0.0,39.44601821899414,50.865604400634766,50.71052551269531,0.0,0.0,0.0
35.0,14.767749786376953,17007.43359375,1836.469970703125,5907.10009765625,9263.8623046875,1600.0,16.31209373474121,0.0,8272.677734375,0.06656000018119812,1.021299958229065,0.0,0.934220016002655,3.9148900508880615,1.5774699449539185,2.6226699352264404,4.630640029907227,0.0,0.0,0.0,0.0,0.0,0.0,11.96236801147461,279.896484375,0.0,154.6413116455078,1381.90625,694.9827880859375,0.0,3000.65478515625,0.0,0.0,0.0,0.0,0.0,0.0,48.25749588012695,48.25749588012695,228.07553100585938,223.980224609375,228.51974487304688,0.0,0.0,0.0,228.07553100585938,223.980224609375,228.51974487304688,0.0,0.0,0.0,50.400001525878906,49.20212173461914,50.529930114746094,0.0,0.0,0.0
36.0,14.767749786376953,17007.43359375,1836.469970703125,5907.10009765625,9263.8623046875,1600.0,15.643965721130371,0.0,8625.4296875,0.06656000018119812,1.021299958229065,0.0,0.934220016002655,3.9148900508880615,1.5774699449539185,2.6226699352264404,4.630640029907227,0.0,0.0,0.0,0.0,0.0,0.0,0.0,279.896484375,0.0,154.6413116455078,2398.435302734375,920.7755737304688,0.0,2006.2178955078125,0.0,0.0,0.0,0.0,0.0,0.0,49.94160461425781,49.94160461425781,170.53660583496094,190.55914306640625,168.05088806152344,0.0,0.0,0.0,170.53660583496094,190.55914306640625,168.05088806152344,0.0,0.0,0.0,34.23799133300781,40.09458541870117,33.51091766357422,0.0,0.0,0.0
37.0,14.987750053405762,17101.212890625,1836.469970703125,5907.10009765625,9357.6435546875,1600.0,15.14320182800293,0.0,8959.5126953125,0.06656000018119812,1.2412999868392944,0.0,0.934220016002655,3.9148900508880615,1.5774699449539185,2.6226699352264404,4.630640029907227,0.0,0.0,0.0,0.0,0.0,0.0,0.0,340.189453125,0.0,154.6413116455078,2818.720703125,1135.7784423828125,0.0,1533.921875,0.0,0.0,0.0,0.0,0.0,0.0,51.687225341796875,51.687225341796875,122.76048278808594,179.7092742919922,172.1863250732422,0.0,0.0,0.0,122.76048278808594,179.7092742919922,172.1863250732422,0.0,0.0,0.0,20.764238357543945,37.42176055908203,35.22129821777344,0.0,0.0,0.0
38.0,14.987750053405762,17356.375,1836.469970703125,6031.27978515625,9488.6259765625,1600.0,15.272648811340332,0.0,9018.22265625,0.06656000018119812,1.2412999868392944,0.0,0.934220016002655,3.9148900508880615,1.5774699449539185,2.6226699352264404,4.630640029907227,0.0,0.0,0.0,0.0,0.0,0.0,0.0,340.189453125,0.0,154.6413116455078,2818.720703125,1135.7784423828125,0.0,1571.7269287109375,0.0,0.0,0.0,0.0,0.0,0.0,53.42789077758789,53.42789077758789,66.28902435302734,180.91444396972656,170.53028869628906,0.0,0.0,0.0,66.28902435302734,180.91444396972656,170.53028869628906,0.0,0.0,0.0,4.1168904304504395,37.64482498168945,34.607460021972656,0.0,0.0,0.0
39.0,15.120597839355469,17473.59765625,1836.469970703125,6125.50830078125,9511.619140625,1600.0,15.848766326904297,0.0,8753.939453125,0.06656000018119812,1.2412999868392944,0.0,0.9723851680755615,3.9148900508880615,1.5774699449539185,2.6226699352264404,4.630640029907227,0.0,0.04423757642507553,0.05044492334127426,0.0,0.0,0.0,0.0,340.189453125,0.0,160.61363220214844,2818.720703125,945.308349609375,0.0,1565.7384033203125,0.0,5.308509349822998,5.493452072143555,0.0,0.0,0.0,55.09664535522461,55.09664535522461,71.32171630859375,182.5252685546875,171.73916625976562,0.0,0.0,0.0,71.32171630859375,182.5252685546875,171.73916625976562,0.0,0.0,0.0,5.01283597946167,37.53987121582031,34.38493728637695,0.0,0.0,0.0
40.0,15.31443977355957,17538.154296875,1836.469970703125,6190.06494140625,9511.619140625,1600.0,15.909001350402832,0.0,8755.376953125,0.06656000018119812,1.2412999868392944,0.0,1.041178584098816,3.9148900508880615,1.5774699449539185,2.6226699352264404,4.630640029907227,0.0,0.102695032954216,0.11703570932149887,0.0,0.0,0.0,0.0,340.189453125,0.0,171.36801147460938,2818.720703125,584.4715576171875,0.0,1900.9368896484375,0.0,12.323403358459473,12.74518871307373,0.0,0.0,0.0,56.68254852294922,56.68254852294922,94.08497619628906,190.35250854492188,181.61866760253906,0.0,0.0,0.0,94.08497619628906,190.35250854492188,181.61866760253906,0.0,0.0,0.0,11.610855102539062,39.769107818603516,37.21445846557617,0.0,0.0,0.0
41.0,15.443859100341797,17558.580078125,1836.469970703125,6210.4912109375,9511.619140625,1600.0,16.68268394470215,0.0,8365.130859375,0.06656000018119812,1.2412999868392944,0.0,1.0909605026245117,3.9148900508880615,1.5774699449539185,2.6226699352264404,4.630640029907227,0.0,0.13993144035339355,0.1594371795654297,0.0,0.0,0.0,0.0,340.189453125,0.0,179.14793395996094,1606.0732421875,416.1492004394531,0.0,3000.65478515625,0.0,16.791772842407227,17.362707138061523,0.0,0.0,0.0,58.207027435302734,58.207027435302734,228.97665405273438,217.03482055664062,229.68423461914062,0.0,0.0,0.0,228.97665405273438,217.03482055664062,229.68423461914062,0.0,0.0,0.0,50.29298782348633,46.79999923706055,50.49995422363281,0.0,0.0,0.0
42.0,15.506351470947266,17565.04296875,1836.469970703125,6216.9541015625,9511.619140625,1600.0,16.904138565063477,0.0,8261.8896484375,0.06656000018119812,1.2412999868392944,0.0,1.116166591644287,3.9148900508880615,1.5774699449539185,2.6226699352264404,4.630640029907227,0.0,0.1573663353919983,0.17928865551948547,0.0,0.0,0.0,30.670848846435547,340.189453125,0.0,183.08688354492188,420.2856140136719,394.00152587890625,1098.0433349609375,3000.65478515625,0.0,18.883960723876953,19.524534225463867,0.0,0.0,0.0,59.693790435791016,59.693790435791016,270.2363586425781,239.1678466796875,241.7891082763672,0.0,0.0,0.0,270.2363586425781,239.1678466796875,241.7891082763672,0.0,0.0,0.0,62.13999938964844,53.05245590209961,53.81917190551758,0.0,0.0,0.0
43.0,15.532940864562988,17567.087890625,1836.469970703125,6218.9990234375,9511.619140625,1600.0,17.160972595214844,0.0,8142.73876953125,0.06656000018119812,1.2412999868392944,0.0,1.1272425651550293,3.9148900508880615,1.5774699449539185,2.6226699352264404,4.630640029907227,0.0,0.16462045907974243,0.187547966837883,0.0,0.0,0.0,30.670848846435547,340.189453125,0.0,184.8177032470703,445.68719482421875,386.2782287597656,995.1019287109375,3000.65478515625,0.0,19.75445556640625,20.423973083496094,0.0,0.0,0.0,61.19874954223633,61.19874954223633,271.11444091796875,238.1816864013672,238.2671661376953,0.0,0.0,0.0,271.11444091796875,238.1816864013672,238.2671661376953,0.0,0.0,0.0,62.13999938964844,52.507171630859375,52.53217315673828,0.0,0.0,0.0
44.0,15.543510437011719,17567.734375,1836.469970703125,6219.64599609375,9511.619140625,1600.0,16.69661521911621,0.0,8369.271484375,0.06656000018119812,1.2412999868392944,0.0,1.1317518949508667,3.9148900508880615,1.5774699449539185,2.6226699352264404,4.630640029907227,0.0,0.16745439171791077,0.19077453017234802,0.0,0.0,0.0,30.670848846435547,340.189453125,0.0,185.52236938476562,166.6304931640625,307.1144714355469,1502.96923828125,3000.65478515625,0.0,20.094526290893555,20.775346755981445,0.0,0.0,0.0,62.74340057373047,62.74340057373047,269.5268859863281,238.202392578125,269.7783508300781,0.0,0.0,0.0,269.5268859863281,238.202392578125,269.7783508300781,0.0,0.0,0.0,62.13999938964844,52.97758865356445,62.21354675292969,0.0,0.0,0.0
45.0,15.547537803649902,17567.939453125,1836.469970703125,6219.8505859375,9511.619140625,1600.0,16.711130142211914,0.0,8364.5654296875,0.06656000018119812,1.2412999868392944,0.0,1.1335021257400513,3.9148900508880615,1.5774699449539185,2.6226699352264404,4.630640029907227,0.0,0.16851887106895447,0.19198650121688843,0.0,0.0,0.0,30.670848846435547,340.189453125,0.0,185.79588317871094,155.99462890625,314.95135498046875,1500.4576416015625,3000.65478515625,0.0,20.22226333618164,20.907329559326172,0.0,0.0,0.0,64.35128021240234,64.35128021240234,269.5765075683594,238.56944274902344,269.6287536621094,0.0,0.0,0.0,269.5765075683594,238.56944274902344,269.6287536621094,0.0,0.0,0.0,62.13999938964844,53.0704345703125,62.15528106689453,0.0,0.0,0.0
46.0,15.549027442932129,17568.00390625,1836.469970703125,6219.91552734375,9511.619140625,1600.0,16.50566864013672,0.0,8469.9921875,0.06656000018119812,1.2412999868392944,0.0,1.134159803390503,3.9148900508880615,1.5774699449539185,2.6226699352264404,4.630640029907227,0.0,0.16890810430049896,0.19242966175079346,0.0,0.0,0.0,30.670848846435547,340.189453125,0.0,185.89865112304688,144.7449493408203,397.97674560546875,1497.83837890625,3000.65478515625,0.0,20.268972396850586,20.955591201782227,0.0,0.0,0.0,66.01004028320312,66.01004028320312,268.87408447265625,237.9603729248047,268.7220458984375,0.0,0.0,0.0,268.87408447265625,237.9603729248047,268.7220458984375,0.0,0.0,0.0,62.13999938964844,53.097740173339844,62.09553146362305,0.0,0.0,0.0
47.0,15.549567222595215,17568.025390625,1836.469970703125,6219.93603515625,9511.619140625,1600.0,16.198871612548828,0.0,8631.12109375,0.06656146049499512,1.2417861223220825,1.5225148672470823e-05,1.1341601610183716,3.9148900508880615,1.5774790048599243,2.6226699352264404,4.630666732788086,4.038251688598393e-07,0.16890832781791687,0.19242991507053375,0.0,0.0,0.0,0.0,340.32269287109375,0.004172589164227247,185.89871215820312,1482.899169921875,694.98681640625,0.0,3000.671875,0.00023260329908225685,20.269001007080078,20.955617904663086,0.0,0.0,0.0,67.73299407958984,67.73299407958984,227.68844604492188,215.38075256347656,228.03025817871094,0.0,0.0,0.0,227.68844604492188,215.38075256347656,228.03025817871094,0.0,0.0,0.0,50.400001525878906,46.79999923706055,50.499977111816406,0.0,0.0,0.0
48.0,15.901884078979492,17939.6875,1836.469970703125,6587.8330078125,9515.384765625,1600.0,15.89926815032959,0.46455642580986023,8978.4189453125,0.06725306063890457,1.5611894130706787,0.010282053612172604,1.1342412233352661,3.9148900508880615,1.58281409740448,2.6226720809936523,4.646912574768066,0.00019124442769680172,0.16895484924316406,0.19248293340206146,0.0,0.0,0.0,0.0,427.8580322265625,2.817889451980591,185.911376953125,2818.720703125,923.8948974609375,0.0,1577.6778564453125,0.019486339762806892,20.274581909179688,20.96139144897461,0.0,0.0,0.0,69.53755950927734,69.53755950927734,183.0502471923828,184.4414520263672,195.91140747070312,0.0,0.0,0.0,183.0502471923828,184.4414520263672,195.91140747070312,0.0,0.0,0.0,37.17837142944336,37.58530044555664,40.94026565551758,0.0,0.0,0.0
49.0,16.60036277770996,18423.158203125,1836.469970703125,6912.13525390625,9674.552734375,1600.0,15.716849327087402,0.0,9326.142578125,0.06841373443603516,2.1952526569366455,0.030504142865538597,1.134363055229187,3.9148900508880615,1.5931371450424194,2.622675657272339,4.679027557373047,0.0005115233361721039,0.16902466118335724,0.19256246089935303,0.0,0.0,0.0,0.0,601.6287841796875,8.35993480682373,185.930419921875,2818.720703125,1147.0587158203125,0.0,1407.50244140625,0.046847082674503326,20.282960891723633,20.97005271911621,0.0,0.0,0.0,71.39200592041016,71.39200592041016,134.77426147460938,178.70558166503906,174.6275634765625,0.0,0.0,0.0,134.77426147460938,178.70558166503906,174.6275634765625,0.0,0.0,0.0,23.704622268676758,36.55453109741211,35.36171340942383,0.0,0.0,0.0
50.0,17.21285629272461,18747.75,1836.469970703125,7066.4130859375,9844.8662109375,1600.0,15.89321517944336,0.0,9387.2138671875,0.06933543086051941,2.750990867614746,0.048103418201208115,1.1344538927078247,3.9148900508880615,1.6021003723144531,2.622678279876709,4.707237243652344,0.0007658596150577068,0.1692248284816742,0.19307541847229004,0.0,0.0,0.0,0.0,753.933837890625,13.183175086975098,185.94461059570312,2818.720703125,1153.51220703125,0.0,1283.0985107421875,0.06437604129314423,20.30698013305664,21.02591323852539,0.0,0.0,0.0,73.2389907836914,73.2389907836914,78.46320343017578,176.26907348632812,132.8765411376953,0.0,0.0,0.0,78.46320343017578,176.26907348632812,132.8765411376953,0.0,0.0,0.0,7.057272911071777,35.665489196777344,22.973175048828125,0.0,0.0,0.0
51.0,17.569366455078125,18829.08203125,1836.469970703125,7116.5302734375,9876.0810546875,1600.0,16.45473289489746,0.0,9112.0859375,0.06966588646173477,3.071455478668213,0.0581769235432148,1.134485125541687,3.9148900508880615,1.6054906845092773,2.6226794719696045,4.725008964538574,0.0008570454665459692,0.17030897736549377,0.19634877145290375,0.0,0.0,0.0,0.0,841.760009765625,15.943910598754883,185.94949340820312,2818.720703125,962.0999145507812,0.0,1196.343017578125,0.06732597202062607,20.43707847595215,21.382381439208984,0.0,0.0,0.0,75.00531768798828,75.00531768798828,65.8038330078125,176.05906677246094,145.95777893066406,0.0,0.0,0.0,65.8038330078125,176.05906677246094,145.95777893066406,0.0,0.0,0.0,2.7928884029388428,35.042545318603516,26.237918853759766,0.0,0.0,0.0
52.0,17.91313362121582,19037.15234375,1836.469970703125,7324.60107421875,9876.0810546875,1600.0,16.638456344604492,0.0,9113.541015625,0.06987380981445312,3.364950180053711,0.06754372268915176,1.1345043182373047,3.9148900508880615,1.6076749563217163,2.6226799488067627,4.742064476013184,0.0009144220966845751,0.1756129413843155,0.2124253511428833,0.0,0.0,0.0,0.0,922.1949462890625,18.51096534729004,185.95249938964844,2818.720703125,595.662841796875,0.0,1476.677978515625,0.0887213945388794,21.07355308532715,23.133119583129883,0.0,0.0,0.0,76.67413330078125,76.67413330078125,147.52731323242188,183.1704559326172,114.31832885742188,0.0,0.0,0.0,147.52731323242188,183.1704559326172,114.31832885742188,0.0,0.0,0.0,26.51328468322754,36.938899993896484,16.79965591430664,0.0,0.0,0.0
53.0,18.260812759399414,19115.8828125,1836.469970703125,7403.33056640625,9876.0810546875,1600.0,17.501895904541016,0.0,8707.2998046875,0.07005129009485245,3.645082473754883,0.07663846760988235,1.1345206499099731,3.9148900508880615,1.609545111656189,2.6226806640625,4.758535385131836,0.0009633952868171036,0.18539908528327942,0.24250580370426178,0.0,0.0,0.0,9.894503593444824,998.9677124023438,21.003461837768555,185.9550323486328,1055.8265380859375,424.6108703613281,0.0,3041.37939453125,0.4902496635913849,22.24789047241211,26.40888214111328,0.0,0.0,0.0,78.26912689208984,78.26912689208984,224.23861694335938,223.67303466796875,219.04367065429688,0.0,0.0,0.0,224.23861694335938,223.67303466796875,219.04367065429688,0.0,0.0,0.0,48.08789825439453,47.92246627807617,46.56837844848633,0.0,0.0,0.0
54.0,18.453853607177734,19173.193359375,1836.469970703125,7460.642578125,9876.0810546875,1600.0,17.78159523010254,0.0,8599.8046875,0.07011215388774872,3.748021364212036,0.08006004244089127,1.1345261335372925,3.9148900508880615,1.6101845502853394,2.6226806640625,4.7646355628967285,0.0009801905835047364,0.20465146005153656,0.3031122386455536,0.0,0.0,0.0,0.0,1027.1790771484375,21.941177368164062,185.95590209960938,969.9083862304688,402.1725769042969,0.0,3047.64013671875,0.47240346670150757,24.55817413330078,33.0089225769043,0.0,0.0,0.0,79.81050872802734,79.81050872802734,214.38674926757812,220.79177856445312,223.61585998535156,0.0,0.0,0.0,214.38674926757812,220.79177856445312,223.61585998535156,0.0,0.0,0.0,44.92652893066406,46.79999923706055,47.626041412353516,0.0,0.0,0.0
55.0,18.660181045532227,19247.5234375,1836.469970703125,7534.97265625,9876.0810546875,1600.0,18.1204891204834,0.0,8475.7490234375,0.07015002518892288,3.8616702556610107,0.08372030407190323,1.1345295906066895,3.9148900508880615,1.6105904579162598,2.622680902481079,4.770346164703369,0.000990640721283853,0.22459125518798828,0.36602115631103516,0.0,0.0,0.0,0.0,1058.3255615234375,22.944303512573242,185.95643615722656,818.5684814453125,394.38848876953125,0.0,3080.189208984375,0.5434380173683167,26.950950622558594,39.859703063964844,0.0,0.0,0.0,81.359619140625,81.359619140625,229.00579833984375,221.9503936767578,227.79212951660156,0.0,0.0,0.0,229.00579833984375,221.9503936767578,227.79212951660156,0.0,0.0,0.0,48.86370849609375,46.79999923706055,48.50870895385742,0.0,0.0,0.0
56.0,18.874563217163086,19344.912109375,1836.469970703125,7632.36083984375,9876.0810546875,1600.0,17.71720314025879,0.0,8711.5068359375,0.07017812132835388,3.9925005435943604,0.0879414901137352,1.13453209400177,3.9148900508880615,1.610892415046692,2.622680902481079,4.776350975036621,0.0009983933996409178,0.242151141166687,0.42144620418548584,0.0,0.0,0.0,0.0,1094.1807861328125,24.101158142089844,185.9568328857422,1035.9541015625,313.6214294433594,0.0,3055.69921875,0.4837985634803772,29.058135986328125,45.89548873901367,0.0,0.0,0.0,82.93672180175781,82.93672180175781,215.43228149414062,220.57162475585938,222.2958984375,0.0,0.0,0.0,215.43228149414062,220.57162475585938,222.2958984375,0.0,0.0,0.0,45.29673767089844,46.79999923706055,47.30434799194336,0.0,0.0,0.0
57.0,19.055374145507812,19386.451171875,1836.469970703125,7673.8994140625,9876.0810546875,1600.0,17.770450592041016,0.0,8706.5751953125,0.07019563019275665,4.114871501922607,0.09191588312387466,1.1345336437225342,3.9148900508880615,1.6110801696777344,2.622680902481079,4.781660556793213,0.0010032246354967356,0.2539256513118744,0.4586159288883209,0.0,0.0,0.0,10.955638885498047,1127.717529296875,25.19037628173828,185.9570770263672,939.2327880859375,321.66180419921875,0.0,3088.321533203125,0.5497704148292542,30.471078872680664,49.943275451660156,0.0,0.0,0.0,84.5650634765625,84.5650634765625,233.05865478515625,226.30616760253906,228.493408203125,0.0,0.0,0.0,233.05865478515625,226.30616760253906,228.493408203125,0.0,0.0,0.0,50.39920425415039,48.424102783203125,49.06386947631836,0.0,0.0,0.0
58.0,19.18503761291504,19429.521484375,1836.469970703125,7716.97021484375,9876.0810546875,1600.0,17.590105056762695,0.0,8816.2841796875,0.07020562142133713,4.2082014083862305,0.09495223313570023,1.1345345973968506,3.9148900508880615,1.611187219619751,2.622681140899658,4.785594463348389,0.0010059825144708157,0.26096075773239136,0.48082539439201355,0.0,0.0,0.0,10.957012176513672,1153.2955322265625,26.02251625061035,185.95721435546875,903.2330932617188,406.4831848144531,0.0,3082.07080078125,0.537839412689209,31.315288543701172,52.36188507080078,0.0,0.0,0.0,86.22908020019531,86.22908020019531,232.12451171875,227.6065216064453,229.9300994873047,0.0,0.0,0.0,232.12451171875,227.6065216064453,229.9300994873047,0.0,0.0,0.0,50.306312561035156,48.98480224609375,49.66444778442383,0.0,0.0,0.0
59.0,19.27149200439453,19443.150390625,1836.469970703125,7730.59814453125,9876.0810546875,1600.0,17.274166107177734,0.0,8983.9599609375,0.07021158933639526,4.271944999694824,0.09702756255865097,1.1345350742340088,3.9148900508880615,1.6112509965896606,2.622681140899658,4.788250923156738,0.0010076287435367703,0.2652680277824402,0.4944233298301697,0.0,0.0,0.0,0.0,1170.7650146484375,26.591278076171875,185.95730590820312,779.5838012695312,709.8656616210938,0.0,3004.6767578125,0.33571699261665344,31.832164764404297,53.84270095825195,0.0,0.0,0.0,87.95564270019531,87.95564270019531,220.2795867919922,218.6483612060547,192.41761779785156,0.0,0.0,0.0,220.2795867919922,218.6483612060547,192.41761779785156,0.0,0.0,0.0,47.15761184692383,46.68048095703125,39.00798797607422,0.0,0.0,0.0
60.0,19.31321907043457,19447.4609375,1836.469970703125,7734.91015625,9876.0810546875,1600.0,16.591259002685547,0.0,9353.0537109375,0.07021386921405792,4.3040924072265625,0.09807676821947098,1.134535312652588,3.9148900508880615,1.6113282442092896,2.622681140899658,4.789738655090332,0.0010082575026899576,0.26694294810295105,0.49971166253089905,0.0,0.0,0.0,0.0,1179.5753173828125,26.878822326660156,185.95733642578125,2398.435302734375,940.5386962890625,0.0,1392.357421875,0.09202255308628082,32.03315353393555,54.418601989746094,0.0,0.0,0.0,89.73324584960938,89.73324584960938,183.96612548828125,182.8430938720703,196.3623046875,0.0,0.0,0.0,183.96612548828125,182.8430938720703,196.3623046875,0.0,0.0,0.0,37.218833923339844,36.890342712402344,40.8447151184082,0.0,0.0,0.0
61.0,19.337114334106445,19560.439453125,1836.469970703125,7742.6943359375,9981.2744140625,1600.0,16.061365127563477,0.0,9715.2490234375,0.07021430134773254,4.32454776763916,0.0987490564584732,1.134535312652588,3.9148900508880615,1.6114730834960938,2.622681140899658,4.791021823883057,0.0010083768283948302,0.2672649323940277,0.5007285475730896,0.0,0.0,0.0,0.0,1185.1812744140625,27.063068389892578,185.95733642578125,2815.641845703125,1160.2606201171875,0.0,991.6727905273438,0.06554244458675385,32.07179260253906,54.529335021972656,0.0,0.0,0.0,91.54374694824219,91.54374694824219,147.21835327148438,169.08920288085938,175.71737670898438,0.0,0.0,0.0,147.21835327148438,169.08920288085938,175.71737670898438,0.0,0.0,0.0,27.000003814697266,33.3972282409668,35.335968017578125,0.0,0.0,0.0
62.0,19.391355514526367,19758.853515625,1836.469970703125,7785.3505859375,10137.0322265625,1600.0,16.121780395507812,0.0,9778.8359375,0.0702148824930191,4.371915817260742,0.10030531883239746,1.1345354318618774,3.9148900508880615,1.6118547916412354,2.622681140899658,4.794137477874756,0.0010085380636155605,0.267702579498291,0.502109944820404,0.0,0.0,0.0,0.0,1198.162841796875,27.489578247070312,185.9573516845703,2816.426513671875,1160.5355224609375,0.0,1018.0256958007812,0.06727959960699081,32.12430953979492,54.679771423339844,0.0,0.0,0.0,93.34890747070312,93.34890747070312,147.42491149902344,167.73252868652344,154.30484008789062,0.0,0.0,0.0,147.42491149902344,167.73252868652344,154.30484008789062,0.0,0.0,0.0,27.00000762939453,32.93998336791992,29.01238441467285,0.0,0.0,0.0
63.0,19.453506469726562,19801.50390625,1836.469970703125,7798.84716796875,10166.1865234375,1600.0,16.656278610229492,0.0,9492.189453125,0.07021506875753403,4.427660942077637,0.10213147103786469,1.1345354318618774,3.9148900508880615,1.611999750137329,2.622681140899658,4.797988414764404,0.001008589519187808,0.26784300804138184,0.5025530457496643,0.0,0.0,0.0,0.0,1213.4404296875,27.99005126953125,185.9573516845703,2813.14697265625,966.00048828125,0.0,1005.1906127929688,0.06641531735658646,32.14115905761719,54.728023529052734,0.0,0.0,0.0,95.07755279541016,95.07755279541016,142.28550720214844,164.5833282470703,97.50708770751953,0.0,0.0,0.0,142.28550720214844,164.5833282470703,97.50708770751953,0.0,0.0,0.0,24.962230682373047,31.484344482421875,11.864543914794922,0.0,0.0,0.0
64.0,19.635099411010742,19960.080078125,1836.469970703125,7957.42333984375,10166.1865234375,1600.0,16.791353225708008,0.0,9493.669921875,0.07021535187959671,4.59150505065918,0.10763080418109894,1.1345354318618774,3.9148900508880615,1.6122262477874756,2.622681140899658,4.809138298034668,0.0010086665861308575,0.2680528163909912,0.5032153129577637,0.0,0.0,0.0,0.0,1258.3433837890625,29.4971923828125,185.9573516845703,2818.720703125,597.3491821289062,0.0,1321.107177734375,0.08722338825464249,32.16633987426758,54.800148010253906,0.0,0.0,0.0,96.70732879638672,96.70732879638672,149.7140350341797,179.652587890625,159.57772827148438,0.0,0.0,0.0,149.7140350341797,179.652587890625,159.57772827148438,0.0,0.0,0.0,27.000003814697266,35.75703048706055,29.8851318359375,0.0,0.0,0.0
65.0,19.875469207763672,20026.62109375,1836.469970703125,8023.96435546875,10166.1865234375,1600.0,17.650634765625,0.0,9070.45703125,0.07021564990282059,4.795330047607422,0.11448809504508972,1.1345354318618774,3.915518045425415,1.612472414970398,2.622681140899658,4.8228678703308105,0.0010087487753480673,0.27178841829299927,0.5145636200904846,0.0,0.0,0.0,0.0,1314.203369140625,31.376495361328125,185.9573516845703,939.2457885742188,425.3831481933594,0.0,3026.2216796875,0.35848113894462585,32.61460876464844,56.035980224609375,0.0,0.0,0.0,98.27172088623047,98.27172088623047,214.90109252929688,219.7633514404297,189.85354614257812,0.0,0.0,0.0,214.90109252929688,219.7633514404297,189.85354614257812,0.0,0.0,0.0,45.20793533325195,46.63014602661133,37.881526947021484,0.0,0.0,0.0
66.0,20.02235984802246,20090.984375,1836.469970703125,8088.328125,10166.1865234375,1600.0,17.937042236328125,0.0,8958.4365234375,0.07021573930978775,4.864477157592773,0.11676864326000214,1.1345354318618774,3.915945291519165,1.6125516891479492,2.622681140899658,4.827488899230957,0.0010087740374729037,0.28923800587654114,0.5674499273300171,0.0,0.0,0.0,0.0,1333.15380859375,32.00149917602539,185.9573516845703,883.0681762695312,402.7637939453125,0.0,3000.63720703125,0.3365110456943512,34.708560943603516,61.79529571533203,0.0,0.0,0.0,99.79193878173828,99.79193878173828,219.4206085205078,220.42916870117188,173.12448120117188,0.0,0.0,0.0,219.4206085205078,220.42916870117188,173.12448120117188,0.0,0.0,0.0,46.24348449707031,46.538490295410156,32.701866149902344,0.0,0.0,0.0
67.0,20.248275756835938,20185.275390625,1836.469970703125,8182.61865234375,10166.1865234375,1600.0,18.2943058013916,0.0,8829.1787109375,0.07021581381559372,4.984201908111572,0.12086863815784454,1.1345354318618774,3.916377067565918,1.6126114130020142,2.622681140899658,4.833911418914795,0.0010087941773235798,0.3128514885902405,0.6390128135681152,0.0,0.0,0.0,0.0,1365.9654541015625,33.12514114379883,185.95736694335938,995.862060546875,394.8833923339844,0.0,2762.732421875,0.18208785355091095,37.542179107666016,69.5885009765625,0.0,0.0,0.0,101.31034851074219,101.31034851074219,180.02708435058594,218.28671264648438,188.26510620117188,0.0,0.0,0.0,180.02708435058594,218.28671264648438,188.26510620117188,0.0,0.0,0.0,34.363616943359375,45.55455780029297,36.77323913574219,0.0,0.0,0.0
68.0,20.525299072265625,20325.95703125,1836.469970703125,8323.298828125,10166.1865234375,1600.0,17.91950225830078,0.0,9074.728515625,0.0702158734202385,5.154950141906738,0.12670183181762695,1.134535551071167,3.916764736175537,1.6126606464385986,2.622681140899658,4.842210292816162,0.0010088105918839574,0.33560431003570557,0.7079664468765259,0.0,0.0,0.0,0.0,1412.7606201171875,34.72378158569336,185.95736694335938,1045.5523681640625,313.9656677246094,0.0,2899.183349609375,0.19095709919929504,40.272518157958984,77.09754943847656,0.0,0.0,0.0,102.84226989746094,102.84226989746094,161.0876922607422,220.26364135742188,211.188720703125,0.0,0.0,0.0,161.0876922607422,220.26364135742188,211.188720703125,0.0,0.0,0.0,29.198646545410156,46.50761032104492,43.85319900512695,0.0,0.0,0.0
69.0,20.788341522216797,20398.6953125,1836.469970703125,8396.037109375,10166.1865234375,1600.0,17.998775482177734,0.0,9069.556640625,0.07021591067314148,5.334989547729492,0.13281384110450745,1.134535551071167,3.917046308517456,1.612695336341858,2.622681140899658,4.85055685043335,0.0010088221170008183,0.35253217816352844,0.7592670321464539,0.0,0.0,0.0,0.0,1462.10205078125,36.398826599121094,185.95736694335938,845.2498168945312,321.98431396484375,0.0,3027.486572265625,0.4799189865589142,42.303863525390625,82.68417358398438,0.0,0.0,0.0,104.4158706665039,104.4158706665039,193.5975799560547,220.0822296142578,211.83705139160156,0.0,0.0,0.0,193.5975799560547,220.0822296142578,211.83705139160156,0.0,0.0,0.0,38.628517150878906,46.375274658203125,43.96356201171875,0.0,0.0,0.0
70.0,20.985767364501953,20460.8671875,1836.469970703125,8458.2109375,10166.1865234375,1600.0,17.829875946044922,0.0,9183.80859375,0.07021594047546387,5.4779253005981445,0.13764353096485138,1.134535551071167,3.9172213077545166,1.612716555595398,2.622681140899658,4.857037544250488,0.001008828985504806,0.3631964325904846,0.7915852665901184,0.0,0.0,0.0,0.0,1501.2747802734375,37.722450256347656,185.95736694335938,810.2666015625,406.8690490722656,0.0,3007.647216796875,0.47838595509529114,43.58357238769531,86.2036361694336,0.0,0.0,0.0,106.0172348022461,106.0172348022461,193.3551788330078,219.04522705078125,203.0816192626953,0.0,0.0,0.0,193.3551788330078,219.04522705078125,203.0816192626953,0.0,0.0,0.0,38.72651290893555,46.24085235595703,41.571495056152344,0.0,0.0,0.0
71.0,21.113807678222656,20480.5390625,1836.469970703125,8477.8828125,10166.1865234375,1600.0,17.512937545776367,0.0,9358.4375,0.07021595537662506,5.5728044509887695,0.1408381462097168,1.134535551071167,3.9173245429992676,1.6127290725708008,2.622681140899658,4.861301422119141,0.00100883306004107,0.3695445656776428,0.8108234405517578,0.0,0.0,0.0,0.0,1527.27734375,38.597965240478516,185.95736694335938,650.7771606445312,710.5167846679688,0.0,2949.74169921875,0.4741559624671936,44.3453483581543,88.29866790771484,0.0,0.0,0.0,107.65977478027344,107.65977478027344,206.48875427246094,216.89210510253906,197.52078247070312,0.0,0.0,0.0,206.48875427246094,216.89210510253906,197.52078247070312,0.0,0.0,0.0,42.88502502441406,45.92800521850586,40.26189041137695,0.0,0.0,0.0
72.0,21.175067901611328,20486.763671875,1836.469970703125,8484.107421875,10166.1865234375,1600.0,16.97308921813965,0.0,9656.390625,0.07021595537662506,5.620067596435547,0.1424335241317749,1.134535551071167,3.917365550994873,1.6127768754959106,2.622681140899658,4.8634490966796875,0.0010088345734402537,0.3720666170120239,0.8184665441513062,0.0,0.0,0.0,0.0,1540.230224609375,39.03519058227539,185.95736694335938,901.31298828125,941.38427734375,0.0,2653.126220703125,0.17444545030593872,44.64799118041992,89.1310043334961,0.0,0.0,0.0,109.3416976928711,109.3416976928711,167.83888244628906,210.99168395996094,184.65130615234375,0.0,0.0,0.0,167.83888244628906,210.99168395996094,184.65130615234375,0.0,0.0,0.0,32.11978530883789,44.74197769165039,37.037418365478516,0.0,0.0,0.0
73.0,21.208106994628906,20574.794921875,1836.469970703125,8493.486328125,10244.837890625,1600.0,16.404380798339844,0.0,10030.291015625,0.07021596282720566,5.648702621459961,0.1434105634689331,1.134535551071167,3.917372941970825,1.61290442943573,2.622681140899658,4.864845275878906,0.0010088349226862192,0.3725374639034271,0.819893479347229,0.0,0.0,0.0,0.0,1548.077880859375,39.302955627441406,185.95736694335938,2695.647216796875,1161.2911376953125,0.0,880.8085327148438,0.05790790915489197,44.70449447631836,89.2863998413086,0.0,0.0,0.0,111.05931854248047,111.05931854248047,141.75076293945312,168.67784118652344,173.87332153320312,0.0,0.0,0.0,141.75076293945312,168.67784118652344,173.87332153320312,0.0,0.0,0.0,25.05771827697754,32.93388748168945,34.45356750488281,0.0,0.0,0.0
74.0,21.280061721801758,20780.068359375,1836.469970703125,8550.373046875,10393.2255859375,1600.0,16.46282958984375,0.0,10095.896484375,0.07021596282720566,5.712551116943359,0.14557938277721405,1.134535551071167,3.9173827171325684,1.6132375001907349,2.622681140899658,4.867996692657471,0.0010088352719321847,0.3731435239315033,0.8217301368713379,0.0,0.0,0.0,0.0,1565.5760498046875,39.897342681884766,185.95736694335938,2716.601806640625,1161.531005859375,0.0,903.04638671875,0.059355877339839935,33.582916259765625,81.35128784179688,0.0,0.0,0.0,112.77940368652344,112.77940368652344,84.91915893554688,151.65145874023438,134.22023010253906,0.0,0.0,0.0,84.91915893554688,151.65145874023438,134.22023010253906,0.0,0.0,0.0,8.376023292541504,27.89522361755371,22.796585083007812,0.0,0.0,0.0
75.0,21.362825393676758,20825.642578125,1836.469970703125,8568.3720703125,10420.7998046875,1600.0,17.010208129882812,0.0,9799.92578125,0.07021596282720566,5.786915302276611,0.14810140430927277,1.134535551071167,3.917386054992676,1.6133642196655273,2.622681140899658,4.872960090637207,0.0010088353883475065,0.3733381927013397,0.8223201036453247,0.0,0.0,0.0,0.0,1585.9561767578125,40.588523864746094,185.95736694335938,2702.01806640625,966.8181762695312,0.0,890.1890258789062,0.05848868936300278,33.60043716430664,81.4096908569336,0.0,0.0,0.0,114.42752075195312,114.42752075195312,78.96276092529297,148.7842559814453,146.5481414794922,0.0,0.0,0.0,78.96276092529297,148.7842559814453,146.5481414794922,0.0,0.0,0.0,6.086400032043457,26.509187698364258,25.85512351989746,0.0,0.0,0.0
76.0,21.604860305786133,21037.015625,1836.469970703125,8779.74609375,10420.7998046875,1600.0,17.184329986572266,0.0,9801.41015625,0.07021596282720566,6.004673957824707,0.1556345671415329,1.134535551071167,3.917390823364258,1.6135761737823486,2.622681140899658,4.888236045837402,0.0010088355047628284,0.37364813685417175,0.8232594132423401,0.0,0.0,0.0,0.0,1645.635009765625,42.65305709838867,185.95736694335938,2762.5126953125,597.849365234375,0.0,1136.2264404296875,0.07457051426172256,33.628334045410156,81.502685546875,0.0,0.0,0.0,115.9837417602539,115.9837417602539,80.90191650390625,165.74317932128906,108.52346801757812,0.0,0.0,0.0,80.90191650390625,165.74317932128906,108.52346801757812,0.0,0.0,0.0,6.4794793128967285,31.295547485351562,14.558784484863281,0.0,0.0,0.0
77.0,21.904375076293945,21103.896484375,1836.469970703125,8846.6259765625,10420.7998046875,1600.0,18.062788009643555,0.0,9364.4306640625,0.07021596282720566,6.274197101593018,0.16498543322086334,1.134535551071167,3.917396306991577,1.6138113737106323,2.622681140899658,4.907273769378662,0.001008835737593472,0.37398606538772583,0.8242834806442261,0.0,0.0,0.0,0.0,1719.500244140625,45.21574401855469,185.95736694335938,2641.58544921875,425.7363586425781,0.0,1037.51171875,0.06799730658531189,44.87833023071289,89.76447296142578,0.0,0.0,0.0,117.46589660644531,117.46589660644531,121.02174377441406,189.76519775390625,177.26251220703125,0.0,0.0,0.0,121.02174377441406,189.76519775390625,177.26251220703125,0.0,0.0,0.0,17.33607292175293,37.44353103637695,33.786495208740234,0.0,0.0,0.0
78.0,22.06968116760254,21125.056640625,1836.469970703125,8867.787109375,10420.7998046875,1600.0,18.315675735473633,0.0,9248.75390625,0.07021596282720566,6.422976493835449,0.1701492816209793,1.134535551071167,3.9173991680145264,1.6139317750930786,2.622681140899658,4.917828559875488,0.0010088358540087938,0.37415602803230286,0.8247985243797302,0.0,0.0,0.0,0.0,1760.2745361328125,46.630943298339844,185.95736694335938,843.83203125,403.1085205078125,0.0,2736.16748046875,0.17918731272220612,44.89872360229492,89.820556640625,0.0,0.0,0.0,118.89659881591797,118.89659881591797,126.27670288085938,217.51324462890625,163.9010467529297,0.0,0.0,0.0,126.27670288085938,217.51324462890625,163.9010467529297,0.0,0.0,0.0,18.620258331298828,45.30694580078125,29.625377655029297,0.0,0.0,0.0
79.0,22.144302368164062,21131.751953125,1836.469970703125,8874.482421875,10420.7998046875,1600.0,18.599512100219727,0.0,9115.2626953125,0.07021596282720566,6.491236686706543,0.17252378165721893,1.134535551071167,3.9173996448516846,1.6139559745788574,2.622681140899658,4.92165470123291,0.0010088358540087938,0.3741898834705353,0.8249011635780334,0.0,0.0,0.0,0.0,1778.98193359375,47.281700134277344,185.95736694335938,616.8380126953125,395.2126159667969,0.0,2860.075439453125,0.4409542381763458,44.90278625488281,89.83173370361328,0.0,0.0,0.0,120.32696533203125,120.32696533203125,188.26292419433594,218.51853942871094,193.1778106689453,0.0,0.0,0.0,188.26292419433594,218.51853942871094,193.1778106689453,0.0,0.0,0.0,36.46739196777344,45.31715774536133,37.90499496459961,0.0,0.0,0.0
80.0,22.255399703979492,21217.896484375,1836.469970703125,8960.626953125,10420.7998046875,1600.0,18.164506912231445,0.0,9368.7373046875,0.07021596282720566,6.593445777893066,0.17607754468917847,1.134535551071167,3.9174001216888428,1.6139769554138184,2.622681140899658,4.926850318908691,0.0010088358540087938,0.3742189109325409,0.8249891400337219,0.0,0.0,0.0,0.0,1806.9932861328125,48.255638122558594,185.95736694335938,908.1778564453125,314.2219543457031,0.0,2790.0205078125,0.43069079518318176,44.90626907348633,89.84131622314453,0.0,0.0,0.0,121.7796859741211,121.7796859741211,183.04769897460938,215.07037353515625,216.8781280517578,0.0,0.0,0.0,183.04769897460938,215.07037353515625,216.8781280517578,0.0,0.0,0.0,35.37694549560547,44.74357986450195,45.27234649658203,0.0,0.0,0.0
81.0,22.381406784057617,21245.15234375,1836.469970703125,8987.8828125,10420.7998046875,1600.0,18.202905654907227,0.0,9363.361328125,0.07021596282720566,6.709705352783203,0.18012002110481262,1.134535551071167,3.917400360107422,1.6139923334121704,2.622681140899658,4.9324541091918945,0.0010088359704241157,0.37424007058143616,0.8250532746315002,0.0,0.0,0.0,0.0,1838.855224609375,49.3635139465332,185.95736694335938,746.3175659179688,322.2432556152344,0.0,2905.7314453125,0.45720651745796204,44.908809661865234,89.84829711914062,0.0,0.0,0.0,123.28057098388672,123.28057098388672,186.35926818847656,217.31829833984375,216.6045379638672,0.0,0.0,0.0,186.35926818847656,217.31829833984375,216.6045379638672,0.0,0.0,0.0,36.30717849731445,45.36269760131836,45.1539192199707,0.0,0.0,0.0
82.0,22.496091842651367,21301.908203125,1836.469970703125,9044.638671875,10420.7998046875,1600.0,18.024494171142578,0.0,9481.2724609375,0.07021596282720566,6.8156843185424805,0.1837950497865677,1.134535551071167,3.917400598526001,1.6140023469924927,2.622681140899658,4.937418460845947,0.0010088359704241157,0.3742538392543793,0.825094997882843,0.0,0.0,0.0,0.0,1867.8997802734375,50.37069320678711,185.95736694335938,919.1004638671875,407.19342041015625,0.0,2695.98974609375,0.2985741198062897,44.91046142578125,89.85284423828125,0.0,0.0,0.0,124.81230926513672,124.81230926513672,208.5908203125,213.54132080078125,189.29405212402344,0.0,0.0,0.0,208.5908203125,213.54132080078125,189.29405212402344,0.0,0.0,0.0,42.98832321166992,44.436344146728516,37.344017028808594,0.0,0.0,0.0
83.0,22.59223747253418,21319.865234375,1836.469970703125,9062.595703125,10420.7998046875,1600.0,17.700897216796875,0.0,9661.525390625,0.07021596282720566,6.904576301574707,0.18687160313129425,1.134535551071167,3.91740083694458,1.6140097379684448,2.622681140899658,4.941547870635986,0.0010088359704241157,0.37426403164863586,0.8251258730888367,0.0,0.0,0.0,0.0,1892.261474609375,51.21384811401367,185.95736694335938,2545.76123046875,711.0810546875,0.0,860.3201293945312,0.05623336508870125,44.91168212890625,89.856201171875,0.0,0.0,0.0,126.38086700439453,126.38086700439453,180.5933074951172,185.82708740234375,179.8622283935547,0.0,0.0,0.0,180.5933074951172,185.82708740234375,179.8622283935547,0.0,0.0,0.0,35.12264633178711,36.653526306152344,34.90880584716797,0.0,0.0,0.0
84.0,22.641597747802734,21325.548828125,1836.469970703125,9068.2783203125,10420.7998046875,1600.0,17.052913665771484,0.0,10026.541015625,0.07021596282720566,6.950225830078125,0.1884508728981018,1.134535551071167,3.91740083694458,1.6140133142471313,2.622681140899658,4.943656921386719,0.0010088359704241157,0.3742688298225403,0.8251404166221619,0.0,0.0,0.0,0.0,1904.7720947265625,51.64665985107422,185.95736694335938,889.2085571289062,942.1060180664062,0.0,2517.04248046875,0.16449350118637085,44.91225814819336,89.8577880859375,0.0,0.0,0.0,127.99949645996094,127.99949645996094,106.70671844482422,208.31387329101562,185.59983825683594,0.0,0.0,0.0,106.70671844482422,208.31387329101562,185.59983825683594,0.0,0.0,0.0,14.15880012512207,43.8788948059082,37.23503875732422,0.0,0.0,0.0
85.0,22.663209915161133,21435.0703125,1836.469970703125,9070.076171875,10528.525390625,1600.0,16.493709564208984,0.0,10414.7431640625,0.07021596282720566,6.970215797424316,0.18914228677749634,1.134535551071167,3.91740083694458,1.614014744758606,2.622681140899658,4.944577217102051,0.0010088359704241157,0.37427079677581787,0.8251463770866394,0.0,0.0,0.0,0.0,1910.25048828125,51.836151123046875,185.95736694335938,2584.93359375,1162.090576171875,0.0,874.9873046875,0.057177718728780746,33.68437194824219,81.68949127197266,0.0,0.0,0.0,129.66500854492188,129.66500854492188,130.6663818359375,166.0063934326172,157.65298461914062,0.0,0.0,0.0,130.6663818359375,166.0063934326172,157.65298461914062,0.0,0.0,0.0,21.726207733154297,32.06315994262695,29.619789123535156,0.0,0.0,0.0
86.0,22.67194366455078,21600.97265625,1836.469970703125,9070.64453125,10693.8583984375,1600.0,16.5153865814209,0.0,10482.8193359375,0.07021596282720566,6.97829532623291,0.18942174315452576,1.134535551071167,3.917401075363159,1.6140152215957642,2.622681140899658,4.944948196411133,0.0010088359704241157,0.37427157163619995,0.8251487016677856,0.0,0.0,0.0,0.0,1912.46484375,51.91273498535156,185.95736694335938,2595.16015625,1162.0909423828125,0.0,906.6514282226562,0.05924504995346069,33.68444061279297,81.6897201538086,0.0,0.0,0.0,131.3356170654297,131.3356170654297,144.62710571289062,146.66748046875,139.72862243652344,0.0,0.0,0.0,144.62710571289062,146.66748046875,139.72862243652344,0.0,0.0,0.0,25.788040161132812,26.384851455688477,24.35523223876953,0.0,0.0,0.0
87.0,22.67530632019043,21632.0546875,1836.469970703125,9070.82421875,10724.759765625,1600.0,17.052562713623047,0.0,10175.4609375,0.07021596282720566,6.981373310089111,0.18954730033874512,1.134535551071167,3.917401075363159,1.6140152215957642,2.622681140899658,4.945107936859131,0.0010088359704241157,0.37427157163619995,0.8251487016677856,0.0,0.0,0.0,0.0,1913.308349609375,51.947147369384766,185.95736694335938,2588.93115234375,967.2083129882812,0.0,898.2495727539062,0.05869532749056816,33.68444061279297,81.6897201538086,0.0,0.0,0.0,132.9415740966797,132.9415740966797,101.00357818603516,154.1800079345703,118.9867172241211,0.0,0.0,0.0,101.00357818603516,154.1800079345703,118.9867172241211,0.0,0.0,0.0,12.490983009338379,28.045087814331055,17.75105094909668,0.0,0.0,0.0
88.0,22.847251892089844,21810.4453125,1836.469970703125,9249.2158203125,10724.759765625,1600.0,17.194494247436523,0.0,10176.966796875,0.07021596282720566,7.138495922088623,0.19618098437786102,1.134535551071167,3.917401075363159,1.6140153408050537,2.622681140899658,4.953296661376953,0.0010088359704241157,0.3742716908454895,0.8251491189002991,0.0,0.0,0.0,0.0,1956.369140625,53.765167236328125,185.95736694335938,2658.095947265625,598.0120849609375,0.0,1152.875732421875,0.07528867572546005,33.684452056884766,81.68975830078125,0.0,0.0,0.0,134.4658203125,134.4658203125,97.6117172241211,156.86471557617188,146.4149627685547,0.0,0.0,0.0,97.6117172241211,156.86471557617188,146.4149627685547,0.0,0.0,0.0,11.35693359375,28.688434600830078,25.63188362121582,0.0,0.0,0.0
89.0,23.08980369567871,21866.888671875,1836.469970703125,9305.66015625,10724.759765625,1600.0,18.06446647644043,0.0,9723.2080078125,0.07021596282720566,7.360133647918701,0.20554159581661224,1.134535551071167,3.917401075363159,1.6140154600143433,2.622681140899658,4.964848518371582,0.0010088359704241157,0.37427186965942383,0.8251495957374573,0.0,0.0,0.0,0.0,2017.1109619140625,56.330528259277344,185.95736694335938,2560.307861328125,425.7901916503906,0.0,1033.088134765625,0.06740918010473251,44.91262435913086,89.85879516601562,0.0,0.0,0.0,135.9239959716797,135.9239959716797,154.06654357910156,188.4881134033203,170.75112915039062,0.0,0.0,0.0,154.06654357910156,188.4881134033203,170.75112915039062,0.0,0.0,0.0,27.0,37.06830978393555,31.88024139404297,0.0,0.0,0.0
90.0,23.226078033447266,21884.748046875,1836.469970703125,9323.5185546875,10724.759765625,1600.0,18.31432342529297,0.0,9603.060546875,0.07021596282720566,7.484623432159424,0.21080142259597778,1.134535551071167,3.9174373149871826,1.6140155792236328,2.622681140899658,4.971338272094727,0.0010088359704241157,0.374271959066391,0.8251498341560364,0.0,0.0,0.0,0.0,2051.228515625,57.772029876708984,185.95736694335938,858.454345703125,403.1294250488281,0.0,2639.608154296875,0.17215357720851898,44.91263198852539,89.85881805419922,0.0,0.0,0.0,137.32574462890625,137.32574462890625,191.56170654296875,215.3580322265625,186.2915802001953,0.0,0.0,0.0,191.56170654296875,215.3580322265625,186.2915802001953,0.0,0.0,0.0,37.71747589111328,44.67789840698242,36.175960540771484,0.0,0.0,0.0
91.0,23.288063049316406,21890.431640625,1836.469970703125,9329.201171875,10724.759765625,1600.0,18.597518920898438,0.0,9464.4248046875,0.07021596282720566,7.541388511657715,0.21320807933807373,1.134535551071167,3.9175567626953125,1.6140155792236328,2.622681140899658,4.974031448364258,0.0010088359704241157,0.374271959066391,0.8251498937606812,0.0,0.0,0.0,0.0,2066.785400390625,58.43159484863281,185.95736694335938,624.2122192382812,395.22723388671875,0.0,2770.491943359375,0.42793214321136475,44.912635803222656,89.85882568359375,0.0,0.0,0.0,138.73204040527344,138.73204040527344,210.7656707763672,216.0216064453125,185.949462890625,0.0,0.0,0.0,210.7656707763672,216.0216064453125,185.949462890625,0.0,0.0,0.0,43.05143737792969,44.588802337646484,35.79269790649414,0.0,0.0,0.0
92.0,23.391250610351562,21973.28515625,1836.469970703125,9412.0546875,10724.759765625,1600.0,18.156068801879883,0.0,9727.5615234375,0.07021596282720566,7.6360321044921875,0.2172020524740219,1.134535551071167,3.917778253555298,1.6140155792236328,2.622681140899658,4.978359222412109,0.0010088359704241157,0.3742719888687134,0.8251499533653259,0.0,0.0,0.0,0.0,2092.723388671875,59.526180267333984,185.95736694335938,791.1467895507812,314.2294616699219,0.0,2833.33251953125,0.42602577805519104,44.912635803222656,89.85882568359375,0.0,0.0,0.0,140.1673126220703,140.1673126220703,182.93377685546875,215.62646484375,189.46658325195312,0.0,0.0,0.0,182.93377685546875,215.62646484375,189.46658325195312,0.0,0.0,0.0,35.3520622253418,44.9146728515625,37.26290512084961,0.0,0.0,0.0
93.0,23.528791427612305,22017.791015625,1836.469970703125,9456.5615234375,10724.759765625,2930.02685546875,18.207788467407227,0.0,9721.9404296875,0.07021596282720566,7.761289119720459,0.22252462804317474,1.134535551071167,3.919084310531616,1.6140155792236328,2.622681140899658,4.984014987945557,0.0010088359704241157,0.3742719888687134,0.8251499533653259,0.0,0.0,0.0,0.0,2127.05126953125,60.98487854003906,185.95736694335938,756.0889282226562,322.2478942871094,0.0,2819.312255859375,0.43655672669410706,44.91263961791992,89.85883331298828,0.0,0.0,0.0,141.6439666748047,141.6439666748047,211.99252319335938,215.26742553710938,210.03335571289062,0.0,0.0,0.0,211.99252319335938,215.26742553710938,210.03335571289062,0.0,0.0,0.0,43.800025939941406,44.7579345703125,43.226966857910156,0.0,0.0,0.0
94.0,23.658918380737305,22073.31640625,1836.469970703125,9512.087890625,10724.759765625,2930.02685546875,18.0260009765625,0.0,9844.333984375,0.07021596282720566,7.879309177398682,0.2275000512599945,1.134535551071167,3.9209189414978027,1.6140155792236328,2.622681140899658,4.989312171936035,0.0010088359704241157,0.3742719888687134,0.8251500129699707,0.0,0.0,0.0,0.0,2159.395751953125,62.34843826293945,185.95736694335938,913.6112670898438,407.19677734375,0.0,2624.33056640625,0.17091207206249237,44.91263961791992,89.85883331298828,0.0,0.0,0.0,143.1539764404297,143.1539764404297,118.26528930664062,213.82460021972656,160.521728515625,0.0,0.0,0.0,118.26528930664062,213.82460021972656,160.521728515625,0.0,0.0,0.0,16.56659698486328,44.517696380615234,28.926603317260742,0.0,0.0,0.0
95.0,23.758655548095703,22090.88671875,1836.469970703125,9529.65625,10724.759765625,2930.02685546875,17.700721740722656,0.0,10031.44140625,0.07021596282720566,7.969642639160156,0.23127378523349762,1.134535551071167,3.9225008487701416,1.6140155792236328,2.622681140899658,4.993358135223389,0.0010088359704241157,0.3742719888687134,0.8251500129699707,0.0,0.0,0.0,0.0,2184.15234375,63.38266372680664,185.95736694335938,808.23046875,711.0836181640625,0.0,2524.40234375,0.2837783992290497,44.91263961791992,89.85883331298828,0.0,0.0,0.0,144.70370483398438,144.70370483398438,174.0406036376953,208.56057739257812,169.9121856689453,0.0,0.0,0.0,174.0406036376953,208.56057739257812,169.9121856689453,0.0,0.0,0.0,33.206153869628906,43.303245544433594,31.998592376708984,0.0,0.0,0.0
96.0,23.808740615844727,22096.4453125,1836.469970703125,9535.21484375,10724.759765625,2930.02685546875,17.146385192871094,0.0,10353.70703125,0.07021596282720566,8.01496696472168,0.23316383361816406,1.134535551071167,3.9233458042144775,1.6140155792236328,2.622681140899658,4.995386123657227,0.0010088359704241157,0.3742719888687134,0.8251500129699707,0.0,0.0,0.0,0.0,2196.57373046875,63.90065383911133,185.95736694335938,2443.96533203125,942.1073608398438,0.0,860.422607421875,0.05600779503583908,44.91263961791992,89.85884094238281,0.0,0.0,0.0,146.2847137451172,146.2847137451172,153.0023193359375,172.43995666503906,166.16807556152344,0.0,0.0,0.0,153.0023193359375,172.43995666503906,166.16807556152344,0.0,0.0,0.0,27.606794357299805,33.292301177978516,31.45777702331543,0.0,0.0,0.0
97.0,23.83045196533203,22183.25390625,1836.469970703125,9536.9736328125,10809.810546875,2930.02685546875,16.56275177001953,0.0,10754.52734375,0.07021596282720566,8.034600257873535,0.23398210108280182,1.134535551071167,3.923727035522461,1.6140155792236328,2.622681140899658,4.99626350402832,0.0010088359704241157,0.37427201867103577,0.8251500129699707,0.0,0.0,0.0,0.0,2201.95458984375,64.12490844726562,185.95736694335938,2485.79443359375,1162.0911865234375,0.0,888.5238647460938,0.05783279612660408,29.235355377197266,78.37864685058594,0.0,0.0,0.0,147.90525817871094,147.90525817871094,139.76510620117188,166.13121032714844,122.8224868774414,0.0,0.0,0.0,139.76510620117188,166.13121032714844,122.8224868774414,0.0,0.0,0.0,24.31854248046875,32.0306282043457,19.362825393676758,0.0,0.0,0.0
98.0,23.839176177978516,22343.23046875,1836.469970703125,9537.5302734375,10969.23046875,2930.02685546875,16.575462341308594,0.0,10824.7841796875,0.07021596282720566,8.042486190795898,0.23431070148944855,1.134535551071167,3.923884630203247,1.6140155792236328,2.622681140899658,4.996615886688232,0.0010088359704241157,0.37427201867103577,0.8251500129699707,0.0,0.0,0.0,0.0,2204.11572265625,64.21495819091797,185.95736694335938,2497.59912109375,1162.0911865234375,0.0,919.2779541015625,0.05983279272913933,29.74064826965332,78.75469970703125,0.0,0.0,0.0,149.53521728515625,149.53521728515625,116.31315612792969,140.98403930664062,122.91024780273438,0.0,0.0,0.0,116.31315612792969,140.98403930664062,122.91024780273438,0.0,0.0,0.0,17.446136474609375,24.662370681762695,19.37578582763672,0.0,0.0,0.0
99.0,23.8425235748291,22373.017578125,1836.469970703125,9537.70703125,10998.8408203125,2930.02685546875,17.1136531829834,0.0,10507.3564453125,0.07021596282720566,8.045549392700195,0.23445765674114227,1.134535551071167,3.9238858222961426,1.6140155792236328,2.622681140899658,4.996751308441162,0.0010088359704241157,0.37427201867103577,0.8251500129699707,0.0,0.0,0.0,0.0,2204.955322265625,64.25523376464844,185.95736694335938,2489.616455078125,967.2085571289062,0.0,907.3489379882812,0.05905574560165405,28.903940200805664,78.13199615478516,0.0,0.0,0.0,151.09735107421875,151.09735107421875,117.61660766601562,157.98294067382812,135.30079650878906,0.0,0.0,0.0,117.61660766601562,157.98294067382812,135.30079650878906,0.0,0.0,0.0,17.289203643798828,29.096355438232422,22.461830139160156,0.0,0.0,0.0
100.0,24.007041931152344,22543.658203125,1836.469970703125,9708.3466796875,10998.8408203125,2930.02685546875,17.24534034729004,0.0,10508.8740234375,0.07021596282720566,8.195907592773438,0.24212472140789032,1.134535551071167,3.9239132404327393,1.6140155792236328,2.622681140899658,5.003218173980713,0.0010088359704241157,0.37427201867103577,0.8251500129699707,0.0,0.0,0.0,0.0,2246.162109375,66.35646057128906,185.95736694335938,2559.611083984375,598.0121459960938,0.0,1154.42236328125,0.07510144263505936,33.684478759765625,81.68984985351562,0.0,0.0,0.0,152.58534240722656,152.58534240722656,98.56238555908203,154.73744201660156,141.23997497558594,0.0,0.0,0.0,98.56238555908203,154.73744201660156,141.23997497558594,0.0,0.0,0.0,11.58415699005127,28.01535987854004,24.067352294921875,0.0,0.0,0.0
101.0,24.253820419311523,22613.060546875,1836.469970703125,9777.7509765625,10998.8408203125,2930.02685546875,18.12833023071289,0.0,10040.2763671875,0.07021596282720566,8.421552658081055,0.25363805890083313,1.134535551071167,3.9239490032196045,1.6140155792236328,2.622681140899658,5.0128021240234375,0.0010088359704241157,0.37427201867103577,0.8251500129699707,0.0,0.0,0.0,0.0,2308.00244140625,69.51179504394531,185.95736694335938,2479.7421875,425.79022216796875,0.0,1024.1893310546875,0.06658267974853516,33.94810485839844,81.69861602783203,0.0,0.0,0.0,154.01243591308594,154.01243591308594,86.08338928222656,176.27978515625,141.7647247314453,0.0,0.0,0.0,86.08338928222656,176.27978515625,141.7647247314453,0.0,0.0,0.0,7.051061153411865,33.43350601196289,23.337854385375977,0.0,0.0,0.0
102.0,24.405101776123047,22635.021484375,1836.469970703125,9799.7099609375,10998.8408203125,2930.02685546875,18.382253646850586,0.0,9916.1611328125,0.07021596282720566,8.559921264648438,0.2607004940509796,1.134535551071167,3.923969030380249,1.6140155792236328,2.622681140899658,5.018632411956787,0.0010088359704241157,0.37427201867103577,0.8251500129699707,0.0,0.0,0.0,0.0,2345.923583984375,71.44731903076172,185.95736694335938,2086.551025390625,403.12945556640625,0.0,1296.079345703125,0.08422259986400604,44.91263961791992,89.85884094238281,0.0,0.0,0.0,155.3736572265625,155.3736572265625,116.95794677734375,196.79110717773438,173.24459838867188,0.0,0.0,0.0,116.95794677734375,196.79110717773438,173.24459838867188,0.0,0.0,0.0,15.827946662902832,39.179141998291016,32.29179382324219,0.0,0.0,0.0
103.0,24.47612953186035,22641.96875,1836.469970703125,9806.658203125,10998.8408203125,2930.02685546875,18.66778564453125,0.0,9772.966796875,0.07021596282720566,8.625843048095703,0.26406940817832947,1.134535551071167,3.923971176147461,1.6140155792236328,2.622681140899658,5.0203657150268555,0.0010088359704241157,0.37427201867103577,0.8251500129699707,0.0,0.0,0.0,0.0,2363.990234375,72.37060546875,185.95736694335938,793.6597900390625,395.22723388671875,0.0,2479.9912109375,0.1611347496509552,44.91263961791992,89.85884094238281,0.0,0.0,0.0,156.7355194091797,156.7355194091797,116.9195556640625,213.00399780273438,144.7775421142578,0.0,0.0,0.0,116.9195556640625,213.00399780273438,144.7775421142578,0.0,0.0,0.0,15.531184196472168,43.63588333129883,23.67964744567871,0.0,0.0,0.0
104.0,24.710350036621094,22857.740234375,1836.469970703125,10022.4296875,10998.8408203125,2930.02685546875,18.32772445678711,0.0,10044.6474609375,0.07021596282720566,8.843900680541992,0.2751881182193756,1.134535551071167,3.9239742755889893,1.6140155792236328,2.622681140899658,5.025408744812012,0.0010088359704241157,0.37427201867103577,0.8251500129699707,0.0,0.0,0.0,0.0,2423.75048828125,75.41777801513672,185.95736694335938,758.41357421875,314.2294616699219,0.0,2714.77490234375,0.42271170020103455,44.91263961791992,89.85884094238281,0.0,0.0,0.0,158.12506103515625,158.12506103515625,173.41915893554688,214.00071716308594,203.01544189453125,0.0,0.0,0.0,173.41915893554688,214.00071716308594,203.01544189453125,0.0,0.0,0.0,32.397377014160156,44.267486572265625,41.054290771484375,0.0,0.0,0.0
105.0,25.098419189453125,24528.568359375,3348.77001953125,10180.9580078125,10998.8408203125,2930.02685546875,19.683441162109375,0.0,10038.802734375,0.07021596282720566,9.204543113708496,0.29360413551330566,1.134535551071167,3.924792528152466,1.6140155792236328,2.622681140899658,5.0336012840271,0.0010088359704241157,0.37427201867103577,0.8251500129699707,0.0,0.0,0.0,0.0,2522.587890625,80.46485900878906,185.95736694335938,706.8683471679688,322.2478942871094,0.0,2649.04443359375,0.41819289326667786,44.91263961791992,89.85884094238281,0.0,0.0,0.0,159.5655517578125,159.5655517578125,211.0274658203125,217.57041931152344,210.8186798095703,0.0,0.0,0.0,211.0274658203125,217.57041931152344,210.8186798095703,0.0,0.0,0.0,42.04209518432617,43.95590591430664,41.981021881103516,0.0,0.0,0.0
106.0,25.389265060424805,24579.626953125,3348.77001953125,10232.017578125,10998.8408203125,2930.02685546875,19.477745056152344,0.0,10165.138671875,0.07021596282720566,9.455854415893555,0.3062880039215088,1.1546870470046997,3.9258320331573486,1.6140155792236328,2.622681140899658,5.039261341094971,0.0010088359704241157,0.37427201867103577,0.8251500129699707,0.0,0.0,0.0,0.0,2591.4619140625,83.94098663330078,189.09243774414062,674.9696655273438,407.19677734375,0.0,2604.12890625,0.41213029623031616,44.91263961791992,89.85884094238281,0.0,0.0,0.0,161.04933166503906,161.04933166503906,206.14776611328125,214.7939910888672,187.71900939941406,0.0,0.0,0.0,206.14776611328125,214.7939910888672,187.71900939941406,0.0,0.0,0.0,40.82047653198242,43.3494987487793,35.43006896972656,0.0,0.0,0.0
107.0,25.53514289855957,24659.2578125,3348.77001953125,10311.6474609375,10998.8408203125,2930.02685546875,19.17214012145996,0.0,10358.30859375,0.07021596282720566,9.513409614562988,0.3088827133178711,1.2388157844543457,3.926142692565918,1.6140155792236328,2.622681140899658,5.040548324584961,0.0010088359704241157,0.37427201867103577,0.8251500129699707,0.0,0.0,0.0,0.0,2607.23583984375,84.65209197998047,202.19827270507812,1929.5128173828125,711.0836181640625,0.0,1145.0257568359375,0.07427819073200226,44.91263961791992,89.85884094238281,0.0,0.0,0.0,162.58425903320312,162.58425903320312,125.69404602050781,193.2855682373047,202.8873291015625,0.0,0.0,0.0,125.69404602050781,193.2855682373047,202.8873291015625,0.0,0.0,0.0,17.593368530273438,37.363887786865234,40.172401428222656,0.0,0.0,0.0
108.0,25.831409454345703,24807.326171875,3348.77001953125,10459.7158203125,10998.8408203125,2930.02685546875,18.665681838989258,0.0,10697.5634765625,0.07021596282720566,9.588736534118652,0.3128180503845215,1.4537042379379272,3.9265735149383545,1.6140155792236328,2.622681140899658,5.042233943939209,0.0010088359704241157,0.37427201867103577,0.8251500129699707,0.0,0.0,0.0,0.0,2627.879638671875,85.73060607910156,235.55780029296875,2213.029052734375,942.1073608398438,0.0,802.3555297851562,0.052042122930288315,44.91263961791992,89.85884094238281,0.0,0.0,0.0,164.1698760986328,164.1698760986328,173.97344970703125,181.2593536376953,147.53758239746094,0.0,0.0,0.0,173.97344970703125,181.2593536376953,147.53758239746094,0.0,0.0,0.0,32.221553802490234,34.35267639160156,24.48906135559082,0.0,0.0,0.0
109.0,26.11477279663086,24965.337890625,3348.77001953125,10528.7373046875,11087.8310546875,2930.02685546875,18.0728816986084,0.0,11111.6484375,0.07021596282720566,9.650689125061035,0.3161286413669586,1.6700538396835327,3.92693829536438,1.6140155792236328,2.622681140899658,5.0436201095581055,0.0010088359704241157,0.37427201867103577,0.8251500129699707,0.0,0.0,0.0,0.0,2644.8583984375,86.63790893554688,269.1286315917969,2248.067138671875,1162.0911865234375,0.0,811.9569091796875,0.05265914276242256,22.45631980895996,73.52086639404297,0.0,0.0,0.0,165.80218505859375,165.80218505859375,139.84423828125,159.29214477539062,151.4595489501953,0.0,0.0,0.0,139.84423828125,159.29214477539062,151.4595489501953,0.0,0.0,0.0,22.83155632019043,28.52007293701172,26.22903823852539,0.0,0.0,0.0
110.0,26.2772274017334,25152.423828125,3348.77001953125,10550.576171875,11253.0771484375,2930.02685546875,18.09159278869629,0.0,11184.19140625,0.07021596282720566,9.68321704864502,0.31787481904029846,1.7973114252090454,3.9271340370178223,1.6140155792236328,2.622681140899658,5.044347286224365,0.0010088359704241157,0.37427201867103577,0.8251500129699707,0.0,0.0,0.0,0.0,2653.77294921875,87.11646270751953,288.8739318847656,2249.12646484375,1162.0911865234375,0.0,828.9776000976562,0.053759943693876266,22.45631980895996,73.52086639404297,0.0,0.0,0.0,167.44635009765625,167.44635009765625,87.9174575805664,146.09681701660156,143.6483154296875,0.0,0.0,0.0,87.9174575805664,146.09681701660156,143.6483154296875,0.0,0.0,0.0,7.624263286590576,24.641727447509766,23.925539016723633,0.0,0.0,0.0
111.0,26.35166358947754,25190.0234375,3348.77001953125,10557.486328125,11283.767578125,2930.02685546875,18.68303108215332,0.0,10856.1865234375,0.07021596282720566,9.741250038146973,0.32189232110977173,1.8084815740585327,3.927149534225464,1.6140155792236328,2.622681140899658,5.04554557800293,0.0010088359704241157,0.37427201867103577,0.8251500129699707,0.0,0.0,0.0,0.0,2669.677490234375,88.21749114990234,290.6008605957031,2224.787353515625,967.2085571289062,0.0,806.9498291015625,0.05232695862650871,22.45631980895996,73.52086639404297,0.0,0.0,0.0,169.02731323242188,169.02731323242188,134.05343627929688,165.3189697265625,132.43942260742188,0.0,0.0,0.0,134.05343627929688,165.3189697265625,132.43942260742188,0.0,0.0,0.0,20.527599334716797,29.672767639160156,20.055500030517578,0.0,0.0,0.0
112.0,26.718835830688477,25543.603515625,3348.77001953125,10911.0654296875,11283.767578125,2930.02685546875,18.946590423583984,0.0,10857.6982421875,0.07021596282720566,10.055113792419434,0.3411540687084198,1.8360456228256226,3.9271886348724365,1.6140155792236328,2.622681140899658,5.051990032196045,0.0010088359704241157,0.37427201867103577,0.8251500129699707,0.0,0.0,0.0,0.0,2755.694580078125,93.49634552001953,294.8788146972656,2288.731689453125,598.0121459960938,0.0,1016.1188354492188,0.0658598467707634,22.45631980895996,73.52086639404297,0.0,0.0,0.0,170.5414581298828,170.5414581298828,120.6051254272461,167.60714721679688,97.43519592285156,0.0,0.0,0.0,120.6051254272461,167.60714721679688,97.43519592285156,0.0,0.0,0.0,16.33041000366211,30.07849884033203,9.553204536437988,0.0,0.0,0.0
113.0,27.207927703857422,25655.478515625,3348.77001953125,11022.9404296875,11283.767578125,2930.02685546875,19.94429588317871,0.0,10373.5078125,0.07021596282720566,10.477071762084961,0.3668561279773712,1.868772029876709,3.9272348880767822,1.6140155792236328,2.622681140899658,5.060649871826172,0.0010088359704241157,0.37427201867103577,0.8251500129699707,0.0,0.0,0.0,0.0,2870.217041015625,100.50105285644531,299.7865295410156,2154.302490234375,425.70489501953125,0.0,868.8248901367188,0.056277647614479065,22.45631980895996,73.52086639404297,0.0,0.0,0.0,172.00584411621094,172.00584411621094,131.41172790527344,148.22857666015625,148.89476013183594,0.0,0.0,0.0,131.41172790527344,148.22857666015625,148.89476013183594,0.0,0.0,0.0,18.493633270263672,23.41256332397461,23.607421875,0.0,0.0,0.0
114.0,27.48067283630371,25690.876953125,3348.77001953125,11058.3388671875,11283.767578125,2930.02685546875,20.232440948486328,0.0,10245.234375,0.07021596282720566,10.713765144348145,0.3812739849090576,1.8855247497558594,3.927258253097534,1.6140155792236328,2.622681140899658,5.065506935119629,0.0010088359704241157,0.37427201867103577,0.8251500129699707,0.0,0.0,0.0,0.0,2921.176025390625,103.95677947998047,300.4676513671875,2091.665283203125,402.0822448730469,0.0,799.5537719726562,0.051772430539131165,29.899646759033203,78.72382354736328,0.0,0.0,0.0,173.39706420898438,173.39706420898438,127.01911163330078,170.29632568359375,150.37120056152344,0.0,0.0,0.0,127.01911163330078,170.29632568359375,150.37120056152344,0.0,0.0,0.0,16.9206485748291,29.579233169555664,23.75113296508789,0.0,0.0,0.0
115.0,27.604305267333984,25702.076171875,3348.77001953125,11069.5390625,11283.767578125,2930.02685546875,20.549911499023438,0.0,10097.2470703125,0.07021596282720566,10.821470260620117,0.38783711194992065,1.8926680088043213,3.9272682666778564,1.6140155792236328,2.622681140899658,5.0677170753479,0.0010088359704241157,0.37427201867103577,0.8251500129699707,0.0,0.0,0.0,0.0,2937.424560546875,105.2761001586914,299.8861083984375,543.292236328125,393.3194580078125,0.0,2222.7451171875,0.3261890709400177,38.88779830932617,85.37492370605469,0.0,0.0,0.0,174.76063537597656,174.76063537597656,194.84889221191406,192.29307556152344,192.37548828125,0.0,0.0,0.0,194.84889221191406,192.29307556152344,192.37548828125,0.0,0.0,0.0,36.443389892578125,35.6958122253418,35.71991729736328,0.0,0.0,0.0
116.0,27.655235290527344,25705.619140625,3348.77001953125,11073.08203125,11283.767578125,2930.02685546875,19.986705780029297,0.0,10377.8984375,0.07021596282720566,10.857969284057617,0.39009231328964233,1.8949788808822632,3.9272713661193848,1.6140155792236328,2.622681140899658,5.077579498291016,0.0010088359704241157,0.37427201867103577,0.8251500129699707,0.0,0.0,0.0,0.0,2966.501953125,106.57698059082031,302.7461242675781,592.1268920898438,313.7347412109375,0.0,2406.282958984375,0.3977256715297699,39.788482666015625,86.04524230957031,0.0,0.0,0.0,176.1328125,176.1328125,183.4388427734375,205.1317901611328,201.89588928222656,0.0,0.0,0.0,183.4388427734375,205.1317901611328,201.89588928222656,0.0,0.0,0.0,33.66915512084961,40.01434326171875,39.06784439086914,0.0,0.0,0.0
117.0,27.684326171875,25716.392578125,3348.77001953125,11083.85546875,11283.767578125,2930.02685546875,20.011262893676758,0.0,10371.8173828125,0.07021596282720566,10.87031078338623,0.3908459544181824,1.9011579751968384,3.928513765335083,1.6140155792236328,2.622681140899658,5.086153984069824,0.0010088359704241157,0.37427201867103577,0.8251500129699707,0.0,0.0,0.0,0.0,2968.1513671875,106.72095489501953,303.468994140625,775.8798828125,321.6460876464844,0.0,2207.681640625,0.14272776246070862,39.31007766723633,85.68920135498047,0.0,0.0,0.0,177.54681396484375,177.54681396484375,123.62798309326172,203.6256103515625,158.10218811035156,0.0,0.0,0.0,123.62798309326172,203.6256103515625,158.10218811035156,0.0,0.0,0.0,16.149921417236328,39.54922866821289,26.23362922668457,0.0,0.0,0.0
118.0,27.7087345123291,25793.017578125,3348.77001953125,11160.48046875,11283.767578125,2930.02685546875,19.819242477416992,0.0,10502.306640625,0.07021596282720566,10.87158489227295,0.39090695977211,1.9227263927459717,3.9287948608398438,1.6140155792236328,2.622681140899658,5.087378025054932,0.0010088359704241157,0.37427201867103577,0.8251500129699707,0.0,0.0,0.0,0.0,2968.206298828125,106.7270736694336,306.777587890625,576.873291015625,406.41595458984375,0.0,2404.529296875,0.39454102516174316,39.43512725830078,85.78226470947266,0.0,0.0,0.0,178.99134826660156,178.99134826660156,202.35154724121094,204.81903076171875,197.24551391601562,0.0,0.0,0.0,202.35154724121094,204.81903076171875,197.24551391601562,0.0,0.0,0.0,39.368587493896484,40.0903205871582,37.87506866455078,0.0,0.0,0.0
119.0,27.97846031188965,25937.361328125,3348.77001953125,11304.8232421875,11283.767578125,2930.02685546875,19.55324363708496,0.0,10701.8271484375,0.07021596282720566,10.880696296691895,0.3914542496204376,2.1706371307373047,3.9312379360198975,1.6140155792236328,2.622681140899658,5.097090244293213,0.0010088359704241157,0.37427201867103577,0.8251500129699707,0.0,0.0,0.0,0.0,2951.616943359375,106.19017028808594,342.20916748046875,2055.138671875,707.4227294921875,0.0,747.3170776367188,0.04827336221933365,35.29471206665039,82.81542205810547,0.0,0.0,0.0,180.47206115722656,180.47206115722656,157.37135314941406,164.9258270263672,162.75173950195312,0.0,0.0,0.0,157.37135314941406,164.9258270263672,162.75173950195312,0.0,0.0,0.0,26.47787857055664,28.68756103515625,28.051639556884766,0.0,0.0,0.0
120.0,28.216039657592773,25990.302734375,3348.77001953125,11357.7646484375,11283.767578125,2930.02685546875,19.0965633392334,0.0,10975.3935546875,0.07021596282720566,10.88720703125,0.39184752106666565,2.392244815826416,3.9331061840057373,1.6140155792236328,2.622681140899658,5.104290008544922,0.0010088359704241157,0.37427201867103577,0.8251500129699707,0.0,0.0,0.0,0.0,2942.9296875,105.92062377929688,374.5496826171875,2042.56982421875,935.6005249023438,0.0,692.9382934570312,0.0447358712553978,34.20488357543945,82.05361938476562,0.0,0.0,0.0,181.98214721679688,181.98214721679688,139.1119842529297,153.5903778076172,144.08352661132812,0.0,0.0,0.0,139.1119842529297,153.5903778076172,144.08352661132812,0.0,0.0,0.0,21.593690872192383,25.828622817993164,23.047868728637695,0.0,0.0,0.0
121.0,28.366077423095703,26075.85546875,3348.77001953125,11387.1279296875,11339.9580078125,2930.02685546875,18.43193817138672,0.0,11400.19140625,0.07021596282720566,10.890751838684082,0.3920624256134033,2.532339096069336,3.935272455215454,1.6140155792236328,2.622681140899658,5.108309268951416,0.0010088359704241157,0.37427201867103577,0.8251500129699707,0.0,0.0,0.0,0.0,2947.405517578125,106.10533905029297,396.4410095214844,2075.74755859375,1154.749267578125,0.0,718.9420776367188,0.0464002788066864,22.45631980895996,73.52086639404297,0.0,0.0,0.0,183.51463317871094,183.51463317871094,102.01763916015625,149.23562622070312,134.94253540039062,0.0,0.0,0.0,102.01763916015625,149.23562622070312,134.94253540039062,0.0,0.0,0.0,11.408222198486328,25.219484329223633,21.038755416870117,0.0,0.0,0.0
122.0,28.445507049560547,26237.33203125,3348.77001953125,11397.44921875,11491.1142578125,2930.02685546875,18.42668342590332,0.0,11474.5712890625,0.07021596282720566,10.892449378967285,0.39216548204421997,2.605743885040283,3.937537908554077,1.6140155792236328,2.622681140899658,5.11026668548584,0.0010088359704241157,0.37427201867103577,0.8251500129699707,0.0,0.0,0.0,0.0,2949.91748046875,106.2071304321289,407.9595642089844,2085.187744140625,1155.1475830078125,0.0,743.536376953125,0.04798034206032753,22.45631980895996,73.52086639404297,0.0,0.0,0.0,185.0487518310547,185.0487518310547,95.75733947753906,148.26185607910156,111.74150085449219,0.0,0.0,0.0,95.75733947753906,148.26185607910156,111.74150085449219,0.0,0.0,0.0,9.582340240478516,24.939910888671875,14.257705688476562,0.0,0.0,0.0
123.0,28.481943130493164,26268.7890625,3348.77001953125,11401.15234375,11518.8671875,2930.02685546875,19.024219512939453,0.0,11137.9990234375,0.07021596282720566,10.920100212097168,0.3944936990737915,2.6112430095672607,3.9377756118774414,1.6140155792236328,2.622681140899658,5.110986232757568,0.0010088359704241157,0.37427201867103577,0.8251500129699707,0.0,0.0,0.0,0.0,2950.6611328125,106.59400177001953,407.6920471191406,2073.00439453125,960.3362426757812,0.0,721.47900390625,0.0465545654296875,22.45631980895996,73.52086639404297,0.0,0.0,0.0,186.53099060058594,186.53099060058594,127.79833984375,156.9580841064453,127.88175964355469,0.0,0.0,0.0,127.79833984375,156.9580841064453,127.88175964355469,0.0,0.0,0.0,18.356794357299805,26.886018753051758,18.381195068359375,0.0,0.0,0.0
124.0,28.692943572998047,26474.28515625,3348.77001953125,11606.6474609375,11518.8671875,2930.02685546875,19.174116134643555,0.0,11139.51171875,0.07021596282720566,11.097111701965332,0.4079035520553589,2.6269171237945557,3.938572645187378,1.6140155792236328,2.622681140899658,5.115096092224121,0.0010088359704241157,0.37427201867103577,0.8251500129699707,0.0,0.0,0.0,0.0,3018.789794921875,110.96357727050781,413.4495544433594,2134.279052734375,595.7682495117188,0.0,946.092529296875,0.061029933393001556,22.45631980895996,73.52086639404297,0.0,0.0,0.0,187.95916748046875,187.95916748046875,107.05147552490234,163.92295837402344,148.44541931152344,0.0,0.0,0.0,107.05147552490234,163.92295837402344,148.44541931152344,0.0,0.0,0.0,12.138440132141113,28.77334976196289,24.246170043945312,0.0,0.0,0.0
125.0,28.9764404296875,26539.3046875,3348.77001953125,11671.66796875,11518.8671875,2930.02685546875,20.14662742614746,0.0,10642.7041015625,0.07021596282720566,11.337275505065918,0.4260033965110779,2.6456520557403564,3.9395577907562256,1.6140155792236328,2.622681140899658,5.120607376098633,0.0010088359704241157,0.37427201867103577,0.8251500129699707,0.0,0.0,0.0,0.0,3054.52978515625,114.77537536621094,411.52239990234375,2066.705078125,422.15643310546875,0.0,813.6358032226562,0.052464559674263,22.45631980895996,73.52086639404297,0.0,0.0,0.0,189.34706115722656,189.34706115722656,133.4568634033203,150.25909423828125,138.16477966308594,0.0,0.0,0.0,133.4568634033203,150.25909423828125,138.16477966308594,0.0,0.0,0.0,18.88950538635254,23.80415916442871,20.266572952270508,0.0,0.0,0.0
126.0,29.134716033935547,26559.87890625,3348.77001953125,11692.240234375,11518.8671875,2930.02685546875,20.425609588623047,0.0,10511.064453125,0.07021596282720566,11.472212791442871,0.4361723065376282,2.6552317142486572,3.940075397491455,1.6140155792236328,2.622681140899658,5.123680114746094,0.0010088359704241157,0.37427201867103577,0.8251500129699707,0.0,0.0,0.0,0.0,3067.39306640625,116.62195587158203,410.1403503417969,2046.7218017578125,398.1957702636719,0.0,754.26513671875,0.048625435680150986,22.45631980895996,73.52086639404297,0.0,0.0,0.0,190.66781616210938,190.66781616210938,161.00457763671875,151.61148071289062,112.2813491821289,0.0,0.0,0.0,161.00457763671875,151.61148071289062,112.2813491821289,0.0,0.0,0.0,26.668230056762695,23.92074966430664,12.416685104370117,0.0,0.0,0.0
127.0,29.206493377685547,26566.38671875,3348.77001953125,11698.75,11518.8671875,2930.02685546875,20.74247932434082,0.0,10359.19140625,0.07021596282720566,11.524962425231934,0.4401971101760864,2.6587460041046143,3.9402685165405273,1.6140155792236328,2.622681140899658,5.134975433349609,0.0010088359704241157,0.37427201867103577,0.8251500129699707,0.0,0.0,0.0,0.0,3059.375732421875,116.8531723022461,408.3086853027344,519.4132080078125,389.02447509765625,0.0,2177.132568359375,0.2995034158229828,33.684478759765625,81.68984985351562,0.0,0.0,0.0,191.95175170898438,191.95175170898438,182.0525665283203,191.8292694091797,179.32699584960938,0.0,0.0,0.0,182.0525665283203,191.8292694091797,179.32699584960938,0.0,0.0,0.0,32.507896423339844,35.367584228515625,31.710668563842773,0.0,0.0,0.0
128.0,29.245925903320312,26578.74609375,3348.77001953125,11711.107421875,11518.8671875,2930.02685546875,20.179298400878906,0.0,10647.0830078125,0.07021596282720566,11.549368858337402,0.4420391917228699,2.6602962017059326,3.9403553009033203,1.6140155792236328,2.622681140899658,5.146522521972656,0.0010088359704241157,0.37427201867103577,0.8251500129699707,0.0,0.0,0.0,0.0,3105.789794921875,118.8706283569336,413.1805725097656,537.3269653320312,311.2602233886719,0.0,2367.316650390625,0.38626453280448914,38.89680480957031,85.38162231445312,0.0,0.0,0.0,193.24134826660156,193.24134826660156,183.88796997070312,195.58602905273438,186.44847106933594,0.0,0.0,0.0,183.88796997070312,195.58602905273438,186.44847106933594,0.0,0.0,0.0,33.607933044433594,37.02961349487305,34.35688018798828,0.0,0.0,0.0
129.0,29.27143669128418,26582.654296875,3348.77001953125,11715.017578125,11518.8671875,2930.02685546875,20.19838523864746,0.0,10640.7998046875,0.07021596282720566,11.56033992767334,0.4428505003452301,2.665015935897827,3.9419946670532227,1.6140155792236328,2.622681140899658,5.153891563415527,0.0010088359704241157,0.37427201867103577,0.8251500129699707,0.0,0.0,0.0,0.0,3105.719970703125,118.9731216430664,413.5018615722656,737.3229370117188,319.0500793457031,0.0,2154.6640625,0.13859647512435913,38.433650970458984,85.03692626953125,0.0,0.0,0.0,194.57745361328125,194.57745361328125,112.62550354003906,194.86570739746094,158.86532592773438,0.0,0.0,0.0,112.62550354003906,194.86570739746094,158.86532592773438,0.0,0.0,0.0,12.744575500488281,36.799835205078125,26.269723892211914,0.0,0.0,0.0
130.0,29.28680419921875,26651.951171875,3348.77001953125,11784.314453125,11518.8671875,2930.02685546875,19.996431350708008,0.0,10774.625,0.07021596282720566,11.560897827148438,0.4428830146789551,2.679116725921631,3.9421937465667725,1.6140155792236328,2.622681140899658,5.154369354248047,0.0010088359704241157,0.37427201867103577,0.8251500129699707,0.0,0.0,0.0,0.0,3106.9033203125,119.02143096923828,415.7873229980469,525.2493286132812,403.2220153808594,0.0,2367.252197265625,0.3839809000492096,38.6248779296875,85.17924499511719,0.0,0.0,0.0,195.93716430664062,195.93716430664062,179.16632080078125,194.89785766601562,184.3556365966797,0.0,0.0,0.0,179.16632080078125,194.89785766601562,184.3556365966797,0.0,0.0,0.0,32.40971374511719,37.011192321777344,33.92759323120117,0.0,0.0,0.0
131.0,29.534202575683594,26786.169921875,3348.77001953125,11918.5322265625,11518.8671875,2930.02685546875,19.716142654418945,0.0,10979.28125,0.07021596282720566,11.566693305969238,0.4433082044124603,2.9124131202697754,3.944694757461548,1.6140155792236328,2.622681140899658,5.159749984741211,0.0010088359704241157,0.37427201867103577,0.8251500129699707,0.0,0.0,0.0,0.0,3080.8212890625,118.07638549804688,447.1224670410156,1997.0775146484375,701.0564575195312,0.0,736.9484252929688,0.0473826564848423,34.600833892822266,82.33039093017578,0.0,0.0,0.0,197.331787109375,197.331787109375,164.54966735839844,165.482421875,160.4188232421875,0.0,0.0,0.0,164.54966735839844,165.482421875,160.4188232421875,0.0,0.0,0.0,28.41463279724121,28.687463760375977,27.206361770629883,0.0,0.0,0.0
132.0,29.754039764404297,26828.63671875,3348.77001953125,11961.0,11518.8671875,2930.02685546875,19.30634307861328,0.0,11225.52734375,0.07021596282720566,11.571240425109863,0.4436432719230652,3.120931386947632,3.946788787841797,1.6140155792236328,2.622681140899658,5.164092063903809,0.0010088359704241157,0.37427201867103577,0.8251500129699707,0.0,0.0,0.0,0.0,3066.49267578125,117.56983184814453,476.38751220703125,2007.320556640625,926.53564453125,0.0,652.8001708984375,0.04195871576666832,33.684478759765625,81.68984985351562,0.0,0.0,0.0,198.75604248046875,198.75604248046875,146.66326904296875,160.82730102539062,150.61073303222656,0.0,0.0,0.0,146.66326904296875,160.82730102539062,150.61073303222656,0.0,0.0,0.0,23.592662811279297,27.73564338684082,24.747295379638672,0.0,0.0,0.0
133.0,29.86838722229004,26885.123046875,3348.77001953125,11974.4365234375,11561.916015625,2930.02685546875,18.61097526550293,0.0,11659.9560546875,0.07021596282720566,11.573412895202637,0.4438035488128662,3.229778289794922,3.9478373527526855,1.6140155792236328,2.622681140899658,5.166211128234863,0.0010088359704241157,0.37427201867103577,0.8251500129699707,0.0,0.0,0.0,0.0,3079.071044921875,118.07257080078125,494.0775451660156,2035.9215087890625,1145.0521240234375,0.0,685.47509765625,0.04405194893479347,22.45631980895996,73.52086639404297,0.0,0.0,0.0,200.20970153808594,200.20970153808594,112.04371643066406,144.1009521484375,135.10882568359375,0.0,0.0,0.0,112.04371643066406,144.1009521484375,135.10882568359375,0.0,0.0,0.0,14.161810874938965,23.53855323791504,20.908357620239258,0.0,0.0,0.0
134.0,29.918739318847656,27031.27734375,3348.77001953125,11978.6884765625,11703.818359375,2930.02685546875,18.5913143157959,0.0,11735.9833984375,0.07021596282720566,11.574254989624023,0.443866491317749,3.2748286724090576,3.9514002799987793,1.6140155792236328,2.622681140899658,5.167045593261719,0.0010088359704241157,0.37427201867103577,0.8251500129699707,0.0,0.0,0.0,0.0,3083.899658203125,118.26589965820312,501.5148010253906,2045.2572021484375,1145.88818359375,0.0,712.5880126953125,0.04579151049256325,22.45631980895996,73.52086639404297,0.0,0.0,0.0,201.67459106445312,201.67459106445312,88.05003356933594,143.659423828125,126.68185424804688,0.0,0.0,0.0,88.05003356933594,143.659423828125,126.68185424804688,0.0,0.0,0.0,7.163320541381836,23.429067611694336,18.46312713623047,0.0,0.0,0.0
135.0,29.941875457763672,27061.267578125,3348.77001953125,11982.8759765625,11729.6220703125,2930.02685546875,19.193279266357422,0.0,11391.693359375,0.07021596282720566,11.592491149902344,0.44570425152778625,3.2770402431488037,3.95182204246521,1.6140155792236328,2.622681140899658,5.167473793029785,0.0010088359704241157,0.37427201867103577,0.8251500129699707,0.0,0.0,0.0,0.0,3079.127197265625,118.38525390625,500.2594909667969,2034.5789794921875,952.2625122070312,0.0,689.4756469726562,0.04430493712425232,22.45631980895996,73.52086639404297,0.0,0.0,0.0,203.094482421875,203.094482421875,123.30569458007812,150.06341552734375,123.98223876953125,0.0,0.0,0.0,123.30569458007812,150.06341552734375,123.98223876953125,0.0,0.0,0.0,16.873638153076172,24.700267791748047,17.07152557373047,0.0,0.0,0.0
136.0,30.15338134765625,27271.306640625,3348.77001953125,12192.9150390625,11729.6220703125,2930.02685546875,19.343177795410156,0.0,11393.1982421875,0.07021596282720566,11.770963668823242,0.4622148871421814,3.286940574645996,3.954463243484497,1.6140155792236328,2.622681140899658,5.1714558601379395,0.0010088359704241157,0.37427201867103577,0.8251500129699707,0.0,0.0,0.0,0.0,3159.925048828125,124.08197021484375,506.6025085449219,2079.1357421875,591.8397216796875,0.0,912.1309814453125,0.058595769107341766,22.45631980895996,73.52086639404297,0.0,0.0,0.0,204.466796875,204.466796875,105.9748306274414,160.991943359375,135.0912628173828,0.0,0.0,0.0,105.9748306274414,160.991943359375,135.0912628173828,0.0,0.0,0.0,11.654458999633789,27.746965408325195,20.1710147857666,0.0,0.0,0.0
137.0,30.44182777404785,27337.763671875,3348.77001953125,12259.3720703125,11729.6220703125,2930.02685546875,20.325334548950195,0.0,10885.03125,0.07021596282720566,12.015934944152832,0.48483872413635254,3.298935651779175,3.9578824043273926,1.6140155792236328,2.622681140899658,5.17689323425293,0.0010088359704241157,0.37427201867103577,0.8251500129699707,0.0,0.0,0.0,0.0,3173.552978515625,128.05174255371094,501.18499755859375,2036.120361328125,418.0566711425781,0.0,773.1298217773438,0.04964689165353775,22.45631980895996,73.52086639404297,0.0,0.0,0.0,205.80438232421875,205.80438232421875,100.58793640136719,148.09683227539062,131.04794311523438,0.0,0.0,0.0,100.58793640136719,148.09683227539062,131.04794311523438,0.0,0.0,0.0,9.096635818481445,22.99298858642578,18.006189346313477,0.0,0.0,0.0
138.0,30.603187561035156,27358.79296875,3348.77001953125,12280.400390625,11729.6220703125,2930.02685546875,20.606996536254883,0.0,10750.3486328125,0.07021596282720566,12.153563499450684,0.4975498616695404,3.3050684928894043,3.9597246646881104,1.6140155792236328,2.622681140899658,5.17993688583374,0.0010088359704241157,0.37427201867103577,0.8251500129699707,0.0,0.0,0.0,0.0,3177.697509765625,130.09048461914062,498.89764404296875,2023.7730712890625,393.89996337890625,0.0,713.7462768554688,0.04582354798913002,22.45631980895996,73.52086639404297,0.0,0.0,0.0,207.0808563232422,207.0808563232422,142.189453125,148.95468139648438,99.38057708740234,0.0,0.0,0.0,142.189453125,148.95468139648438,99.38057708740234,0.0,0.0,0.0,20.983417510986328,22.96224594116211,8.461821556091309,0.0,0.0,0.0
139.0,30.676420211791992,27365.4453125,3348.77001953125,12287.0537109375,11729.6220703125,2930.02685546875,20.927074432373047,0.0,10594.96875,0.07021596282720566,12.207895278930664,0.5026458501815796,3.307340621948242,3.960432291030884,1.6140155792236328,2.622681140899658,5.190762042999268,0.0010088359704241157,0.37427201867103577,0.8251500129699707,0.0,0.0,0.0,0.0,3163.923095703125,130.2708282470703,496.41845703125,664.1771850585938,384.5601806640625,0.0,1973.375732421875,0.1265929937362671,33.684478759765625,81.68984985351562,0.0,0.0,0.0,208.32131958007812,208.32131958007812,154.66598510742188,190.06610107421875,157.24105834960938,0.0,0.0,0.0,154.66598510742188,190.06610107421875,157.24105834960938,0.0,0.0,0.0,24.312725067138672,34.667259216308594,25.065935134887695,0.0,0.0,0.0
140.0,30.715877532958984,27377.234375,3348.77001953125,12298.8427734375,11729.6220703125,2930.02685546875,20.357086181640625,0.0,10889.3642578125,0.07021596282720566,12.232789993286133,0.5049494504928589,3.3083322048187256,3.9607503414154053,1.6140155792236328,2.622681140899658,5.201711654663086,0.0010088359704241157,0.37427201867103577,0.8251500129699707,0.0,0.0,0.0,0.0,3225.916015625,133.16050720214844,502.0776062011719,718.512451171875,308.2969055175781,0.0,2121.807861328125,0.13600517809391022,33.684478759765625,81.68984985351562,0.0,0.0,0.0,209.5648651123047,209.5648651123047,163.6211395263672,190.5699005126953,160.29922485351562,0.0,0.0,0.0,163.6211395263672,190.5699005126953,160.29922485351562,0.0,0.0,0.0,27.50209617614746,35.38460922241211,26.530439376831055,0.0,0.0,0.0
141.0,30.740795135498047,27380.96484375,3348.77001953125,12302.572265625,11729.6220703125,2930.02685546875,20.375993728637695,0.0,10882.892578125,0.07021596282720566,12.246458053588867,0.5061823129653931,3.3088605403900146,3.9624669551849365,1.6140155792236328,2.622681140899658,5.209484577178955,0.0010088359704241157,0.37427201867103577,0.8251500129699707,0.0,0.0,0.0,0.0,3225.006103515625,133.29904174804688,501.697509765625,540.7232666015625,315.9516296386719,0.0,2287.279052734375,0.3088313043117523,33.684478759765625,81.68984985351562,0.0,0.0,0.0,210.8475799560547,210.8475799560547,173.10731506347656,191.5117645263672,177.7728271484375,0.0,0.0,0.0,173.10731506347656,191.5117645263672,177.7728271484375,0.0,0.0,0.0,30.257898330688477,35.64120101928711,31.622560501098633,0.0,0.0,0.0
142.0,30.754037857055664,27383.6328125,3348.77001953125,12305.2412109375,11729.6220703125,2930.02685546875,20.121227264404297,0.0,11019.71484375,0.07021596282720566,12.2528715133667,0.5067525506019592,3.309103488922119,3.9642555713653564,1.6140155792236328,2.622681140899658,5.213711738586426,0.0010088359704241157,0.37427201867103577,0.8251500129699707,0.0,0.0,0.0,0.0,3229.208251953125,133.5531463623047,502.0603332519531,1711.4093017578125,399.3912658691406,0.0,1119.4197998046875,0.07168982177972794,33.684478759765625,81.68984985351562,0.0,0.0,0.0,212.1595458984375,212.1595458984375,144.40797424316406,171.15773010253906,154.2435760498047,0.0,0.0,0.0,144.40797424316406,171.15773010253906,154.2435760498047,0.0,0.0,0.0,22.118106842041016,29.942411422729492,24.995019912719727,0.0,0.0,0.0
143.0,30.761043548583984,27384.478515625,3348.77001953125,12306.0849609375,11729.6220703125,2930.02685546875,19.73963165283203,0.0,11228.9853515625,0.07021596282720566,12.256022453308105,0.5070273280143738,3.309221029281616,3.965453624725342,1.6140155792236328,2.622681140899658,5.215975284576416,0.0010088359704241157,0.37427201867103577,0.8251500129699707,0.0,0.0,0.0,0.0,3202.264892578125,132.47657775878906,499.5707702636719,2005.1519775390625,694.5821533203125,0.0,700.638427734375,0.04486260190606117,33.684478759765625,81.68984985351562,0.0,0.0,0.0,213.5042266845703,213.5042266845703,161.46307373046875,160.74896240234375,153.97274780273438,0.0,0.0,0.0,161.46307373046875,160.74896240234375,153.97274780273438,0.0,0.0,0.0,27.488317489624023,27.279438018798828,25.297399520874023,0.0,0.0,0.0
144.0,30.764148712158203,27384.744140625,3348.77001953125,12306.3525390625,11729.6220703125,2930.02685546875,19.177230834960938,0.5890970230102539,11551.15625,0.07021596282720566,12.257346153259277,0.5071419477462769,3.309269905090332,3.9660604000091553,1.6140155792236328,2.622681140899658,5.216987609863281,0.0010088359704241157,0.37427201867103577,0.8251500129699707,0.0,0.0,0.0,0.0,3205.2021484375,132.6137237548828,500.0406799316406,2004.9122314453125,920.6088256835938,0.0,686.9346923828125,0.04398176446557045,33.684478759765625,81.68984985351562,0.0,0.0,0.0,214.88475036621094,214.88475036621094,153.98846435546875,162.91470336914062,155.29244995117188,0.0,0.0,0.0,153.98846435546875,162.91470336914062,155.29244995117188,0.0,0.0,0.0,25.275297164916992,27.8862247467041,25.656715393066406,0.0,0.0,0.0
145.0,30.76541519165039,27454.44921875,3348.77001953125,12306.4375,11799.2421875,2930.02685546875,18.49358558654785,0.0,11998.125,0.07021596282720566,12.257485389709473,0.5071538090705872,3.309274911880493,3.967057466506958,1.6140155792236328,2.622681140899658,5.217098712921143,0.0010088359704241157,0.37427201867103577,0.8251500129699707,0.0,0.0,0.0,0.0,3226.444580078125,133.49423217773438,502.364013671875,2035.9423828125,1139.1748046875,0.0,731.9348754882812,0.046862535178661346,22.45631980895996,73.52086639404297,0.0,0.0,0.0,216.30557250976562,216.30557250976562,108.91913604736328,144.5099334716797,118.51457214355469,0.0,0.0,0.0,108.91913604736328,144.5099334716797,118.51457214355469,0.0,0.0,0.0,13.365260124206543,23.775569915771484,16.171924591064453,0.0,0.0,0.0
146.0,30.76934242248535,27623.220703125,3348.77001953125,12310.0576171875,11964.392578125,2930.02685546875,18.48686408996582,0.0,12076.3095703125,0.07021596282720566,12.257704734802246,0.5071726441383362,3.3092830181121826,3.970561981201172,1.6140155792236328,2.622681140899658,5.217278003692627,0.0010088359704241157,0.37427201867103577,0.8251500129699707,0.0,0.0,0.0,0.0,3236.5966796875,133.91685485839844,503.36090087890625,2042.09326171875,1140.8839111328125,0.0,763.7294921875,0.04889754205942154,22.45631980895996,73.52086639404297,0.0,0.0,0.0,217.74075317382812,217.74075317382812,85.36738586425781,142.85765075683594,124.4692611694336,0.0,0.0,0.0,85.36738586425781,142.85765075683594,124.4692611694336,0.0,0.0,0.0,6.483096122741699,23.29899787902832,17.920392990112305,0.0,0.0,0.0
147.0,30.774404525756836,27654.779296875,3348.77001953125,12311.203125,11994.8076171875,2930.02685546875,19.086746215820312,0.0,11721.9912109375,0.07021596282720566,12.257793426513672,0.5071803331375122,3.309286117553711,3.9722962379455566,1.6140155792236328,2.622681140899658,5.2205047607421875,0.0010088359704241157,0.37427201867103577,0.8251500129699707,0.0,0.0,0.0,0.0,3223.13427734375,133.3608856201172,501.79180908203125,2037.83154296875,947.6471557617188,0.0,736.7651977539062,0.047160275280475616,22.45631980895996,73.52086639404297,0.0,0.0,0.0,219.13128662109375,219.13128662109375,130.80862426757812,147.46107482910156,129.71096801757812,0.0,0.0,0.0,130.80862426757812,147.46107482910156,129.71096801757812,0.0,0.0,0.0,19.174774169921875,24.045618057250977,18.85371208190918,0.0,0.0,0.0
148.0,30.78721046447754,27665.587890625,3348.77001953125,12322.009765625,11994.8076171875,2930.02685546875,19.095060348510742,0.0,11723.4794921875,0.07021596282720566,12.257919311523438,0.5071911811828613,3.309290647506714,3.9751315116882324,1.6140155792236328,2.622681140899658,5.230335235595703,0.0010088359704241157,0.37427201867103577,0.8251500129699707,0.0,0.0,0.0,0.0,3283.189208984375,135.8472442626953,508.6388854980469,2079.881591796875,591.1751708984375,0.0,981.4390869140625,0.06277775764465332,22.45631980895996,73.52086639404297,0.0,0.0,0.0,220.4779815673828,220.4779815673828,111.0667724609375,158.69927978515625,133.5312957763672,0.0,0.0,0.0,111.0667724609375,158.69927978515625,133.5312957763672,0.0,0.0,0.0,13.391969680786133,27.324480056762695,19.962841033935547,0.0,0.0,0.0
149.0,30.802661895751953,27669.0078125,3348.77001953125,12325.4296875,11994.8076171875,2930.02685546875,20.019502639770508,0.0,11200.53515625,0.07021596282720566,12.258051872253418,0.507202684879303,3.309295654296875,3.978268623352051,1.6140155792236328,2.622681140899658,5.242498874664307,0.0010088359704241157,0.37427201867103577,0.8251500129699707,0.0,0.0,0.0,0.0,3248.93994140625,134.43173217773438,503.9090270996094,2055.745361328125,418.76910400390625,0.0,864.8235473632812,0.055270466953516006,22.45631980895996,73.52086639404297,0.0,0.0,0.0,221.7938995361328,221.7938995361328,128.15325927734375,151.07374572753906,133.082275390625,0.0,0.0,0.0,128.15325927734375,151.07374572753906,133.082275390625,0.0,0.0,0.0,17.46532440185547,24.169567108154297,18.907060623168945,0.0,0.0,0.0
150.0,30.8111572265625,27670.08984375,3348.77001953125,12326.51171875,11994.8076171875,2930.02685546875,20.28243637084961,0.0,11061.90234375,0.07021596282720566,12.258119583129883,0.5072084665298462,3.309298038482666,3.9798922538757324,1.6140155792236328,2.622681140899658,5.249295711517334,0.0010088359704241157,0.37427201867103577,0.8251500129699707,0.0,0.0,0.0,0.0,3234.06005859375,133.81683349609375,502.2345886230469,2048.555908203125,395.60198974609375,0.0,817.7069702148438,0.05223395675420761,22.45631980895996,73.52086639404297,0.0,0.0,0.0,223.05886840820312,223.05886840820312,138.63226318359375,151.66317749023438,130.39251708984375,0.0,0.0,0.0,138.63226318359375,151.66317749023438,130.39251708984375,0.0,0.0,0.0,20.267501831054688,24.079044342041016,17.857376098632812,0.0,0.0,0.0
151.0,30.814985275268555,27670.431640625,3348.77001953125,12326.853515625,11994.8076171875,2930.02685546875,20.593128204345703,0.0,10901.9765625,0.07021596282720566,12.258125305175781,0.507209062576294,3.309298276901245,3.980055093765259,1.6140155792236328,2.622681140899658,5.252954483032227,0.0010088359704241157,0.37427201867103577,0.8251500129699707,0.0,0.0,0.0,0.0,3211.862060546875,132.89842224121094,499.9660949707031,732.7049560546875,386.567626953125,0.0,2039.5404052734375,0.13024896383285522,33.684478759765625,81.68984985351562,0.0,0.0,0.0,224.29750061035156,224.29750061035156,124.10889434814453,190.1917724609375,155.78236389160156,0.0,0.0,0.0,124.10889434814453,190.1917724609375,155.78236389160156,0.0,0.0,0.0,15.708724975585938,35.0379638671875,24.973215103149414,0.0,0.0,0.0
152.0,30.8295955657959,27684.162109375,3348.77001953125,12340.583984375,11994.8076171875,2930.02685546875,20.032766342163086,0.0,11204.857421875,0.07021596282720566,12.258133888244629,0.507209837436676,3.309298515319824,3.9802722930908203,1.6140155792236328,2.622681140899658,5.267338275909424,0.0010088359704241157,0.37427201867103577,0.8251500129699707,0.0,0.0,0.0,0.0,3261.949462890625,134.97100830078125,505.81109619140625,707.4267578125,309.65087890625,0.0,2280.41162109375,0.23785951733589172,37.20291519165039,84.1492691040039,0.0,0.0,0.0,225.54502868652344,225.54502868652344,181.33889770507812,194.46112060546875,169.99156188964844,0.0,0.0,0.0,181.33889770507812,194.46112060546875,169.99156188964844,0.0,0.0,0.0,33.00886154174805,36.847110748291016,29.68976402282715,0.0,0.0,0.0
153.0,30.857934951782227,27698.15234375,3348.77001953125,12354.5751953125,11994.8076171875,3019.71826171875,20.058813095092773,0.0,11198.150390625,0.07021596282720566,12.25814437866211,0.5072106719017029,3.3092989921569824,3.981642961502075,1.6140155792236328,2.622681140899658,5.2942938804626465,0.0010088359704241157,0.37427201867103577,0.8251500129699707,0.0,0.0,0.0,0.0,3259.994384765625,134.89024353027344,505.5097351074219,676.3795776367188,317.4590759277344,0.0,2300.688720703125,0.25400590896606445,36.891380310058594,83.93151092529297,0.0,0.0,0.0,226.8394317626953,226.8394317626953,191.85171508789062,194.4354248046875,148.23167419433594,0.0,0.0,0.0,191.85171508789062,194.4354248046875,148.23167419433594,0.0,0.0,0.0,36.05781173706055,36.81354904174805,23.2989501953125,0.0,0.0,0.0
154.0,30.89305305480957,27714.48828125,3348.77001953125,12370.91015625,11994.8076171875,3019.71826171875,19.81744384765625,0.0,11338.888671875,0.07021596282720566,12.258152961730957,0.507211446762085,3.3092992305755615,3.983907461166382,1.6140155792236328,2.622681140899658,5.327138900756836,0.0010088359704241157,0.37427201867103577,0.8251500129699707,0.0,0.0,0.0,0.0,3262.57373046875,134.9970703125,505.918701171875,1736.3624267578125,401.3011474609375,0.0,1246.867919921875,0.0791955515742302,37.2144889831543,84.15736389160156,0.0,0.0,0.0,228.1643829345703,228.1643829345703,160.34425354003906,178.48558044433594,140.40771484375,0.0,0.0,0.0,160.34425354003906,178.48558044433594,140.40771484375,0.0,0.0,0.0,27.083248138427734,32.38958740234375,21.251811981201172,0.0,0.0,0.0
155.0,30.92139434814453,27719.65625,3348.77001953125,12376.078125,11994.8076171875,3019.71826171875,19.4442081451416,0.0,11554.158203125,0.07021596282720566,12.258159637451172,0.5072119832038879,3.3092994689941406,3.9858925342559814,1.6140155792236328,2.622681140899658,5.35348653793335,0.0010088359704241157,0.37427201867103577,0.8251500129699707,0.0,0.0,0.0,0.0,3244.34765625,134.2429962158203,503.4836120605469,1745.3822021484375,698.8775634765625,0.0,1111.3277587890625,0.07044880092144012,33.684478759765625,81.68984985351562,0.0,0.0,0.0,229.53125,229.53125,159.63673400878906,167.38595581054688,156.97781372070312,0.0,0.0,0.0,159.63673400878906,167.38595581054688,156.97781372070312,0.0,0.0,0.0,27.249534606933594,29.516185760498047,26.471799850463867,0.0,0.0,0.0
156.0,30.93581199645996,27721.291015625,3348.77001953125,12377.7138671875,11994.8076171875,3019.71826171875,18.914466857910156,0.0,11870.9892578125,0.07021596282720566,12.258162498474121,0.5072122812271118,3.3092997074127197,3.9869515895843506,1.6140155792236328,2.622681140899658,5.366842269897461,0.0010088359704241157,0.37427201867103577,0.8251500129699707,0.0,0.0,0.0,0.0,3245.244873046875,134.2801513671875,503.7850036621094,2034.8763427734375,926.0673217773438,0.0,805.4273681640625,0.05100671947002411,33.684478759765625,81.68984985351562,0.0,0.0,0.0,230.94224548339844,230.94224548339844,135.00491333007812,162.9709930419922,139.71649169921875,0.0,0.0,0.0,135.00491333007812,162.9709930419922,139.71649169921875,0.0,0.0,0.0,20.57447052001953,28.754549026489258,21.952606201171875,0.0,0.0,0.0
157.0,30.94209861755371,27789.1640625,3348.77001953125,12378.23046875,12062.162109375,3019.71826171875,18.237564086914062,0.0,12330.2890625,0.07021596282720566,12.258163452148438,0.5072123408317566,3.3092997074127197,3.9894089698791504,1.6140155792236328,2.622681140899658,5.370670795440674,0.0010088359704241157,0.37427201867103577,0.8251500129699707,0.0,0.0,0.0,0.0,3262.79248046875,135.00624084472656,506.1541748046875,2069.599853515625,1145.31396484375,0.0,858.1344604492188,0.05432888865470886,22.45631980895996,73.52086639404297,0.0,0.0,0.0,232.39056396484375,232.39056396484375,109.8653335571289,146.54415893554688,115.11939239501953,0.0,0.0,0.0,109.8653335571289,146.54415893554688,115.11939239501953,0.0,0.0,0.0,13.898046493530273,24.626604080200195,15.434858322143555,0.0,0.0,0.0
158.0,30.94951820373535,27962.037109375,3348.77001953125,12383.4990234375,12229.767578125,3019.71826171875,18.232187271118164,0.0,12410.5791015625,0.07021596282720566,12.258163452148438,0.5072123408317566,3.3092997074127197,3.993349075317383,1.6140155792236328,2.622681140899658,5.37415075302124,0.0010088359704241157,0.37427201867103577,0.8251500129699707,0.0,0.0,0.0,0.0,3269.379150390625,135.27877807617188,507.1417236328125,2080.7177734375,1146.446044921875,0.0,890.6524658203125,0.056373316794633865,22.45631980895996,73.52086639404297,0.0,0.0,0.0,233.85520935058594,233.85520935058594,86.30525207519531,147.49981689453125,126.47444152832031,0.0,0.0,0.0,86.30525207519531,147.49981689453125,126.47444152832031,0.0,0.0,0.0,7.0120978355407715,24.911508560180664,18.761587142944336,0.0,0.0,0.0
159.0,30.95742416381836,27994.517578125,3348.77001953125,12385.166015625,12260.58203125,3019.71826171875,18.824979782104492,0.0,12046.3974609375,0.07021596282720566,12.258164405822754,0.5072124004364014,3.3092997074127197,3.994935989379883,1.6140155792236328,2.622681140899658,5.380467891693115,0.0010088359704241157,0.37427201867103577,0.8251500129699707,0.0,0.0,0.0,0.0,3259.31787109375,134.8624725341797,505.5558166503906,2070.978515625,952.7442016601562,0.0,859.4269409179688,0.054372455924749374,22.45631980895996,73.52086639404297,0.0,0.0,0.0,235.2822723388672,235.2822723388672,134.70352172851562,155.40345764160156,132.15701293945312,0.0,0.0,0.0,134.70352172851562,155.40345764160156,132.15701293945312,0.0,0.0,0.0,20.575801849365234,26.63053321838379,19.83094596862793,0.0,0.0,0.0
160.0,30.9765567779541,28010.5859375,3348.77001953125,12401.2333984375,12260.58203125,3019.71826171875,18.836708068847656,0.0,12047.8828125,0.07021596282720566,12.258164405822754,0.5072124004364014,3.3092997074127197,3.997286081314087,1.6140155792236328,2.622681140899658,5.397250652313232,0.0010088359704241157,0.37427201867103577,0.8251500129699707,0.0,0.0,0.0,0.0,3301.5322265625,136.6092071533203,511.93115234375,2135.2822265625,592.803466796875,0.0,1104.32568359375,0.06978344917297363,22.45631980895996,73.52086639404297,0.0,0.0,0.0,236.6693115234375,236.6693115234375,96.67876434326172,162.9701690673828,133.36801147460938,0.0,0.0,0.0,96.67876434326172,162.9701690673828,133.36801147460938,0.0,0.0,0.0,9.4418306350708,28.832067489624023,20.173433303833008,0.0,0.0,0.0
161.0,30.999557495117188,28015.669921875,3348.77001953125,12406.3173828125,12260.58203125,3019.71826171875,19.75110626220703,0.0,11510.421875,0.07021596282720566,12.258164405822754,0.5072124004364014,3.3092997074127197,3.9998397827148438,1.6140155792236328,2.622681140899658,5.417697429656982,0.0010088359704241157,0.37427201867103577,0.8251500129699707,0.0,0.0,0.0,0.0,3279.872314453125,135.71298217773438,507.9721984863281,2093.22705078125,420.7059326171875,0.0,981.619873046875,0.06194022670388222,22.45631980895996,73.52086639404297,0.0,0.0,0.0,238.0279998779297,238.0279998779297,106.58529663085938,152.6911163330078,132.22434997558594,0.0,0.0,0.0,106.58529663085938,152.6911163330078,132.22434997558594,0.0,0.0,0.0,11.425091743469238,24.91104507446289,18.924514770507812,0.0,0.0,0.0
162.0,31.012195587158203,28017.27734375,3348.77001953125,12407.9267578125,12260.58203125,3019.71826171875,20.011348724365234,0.0,11367.8955078125,0.07021596282720566,12.258164405822754,0.5072124004364014,3.3092997074127197,4.001145839691162,1.6140155792236328,2.622681140899658,5.429030418395996,0.0010088359704241157,0.37427201867103577,0.8251500129699707,0.0,0.0,0.0,0.0,3262.944091796875,135.0125274658203,505.90142822265625,2087.699951171875,397.313232421875,0.0,932.93603515625,0.05882134661078453,22.45631980895996,73.52086639404297,0.0,0.0,0.0,239.33203125,239.33203125,150.37425231933594,156.2384490966797,134.42019653320312,0.0,0.0,0.0,150.37425231933594,156.2384490966797,134.42019653320312,0.0,0.0,0.0,23.973119735717773,25.688396453857422,19.30655860900879,0.0,0.0,0.0
163.0,31.017892837524414,28017.787109375,3348.77001953125,12408.435546875,12260.58203125,3019.71826171875,20.318532943725586,0.0,11203.5,0.07021596282720566,12.258164405822754,0.5072124004364014,3.3092997074127197,4.001294136047363,1.6140155792236328,2.622681140899658,5.434577465057373,0.0010088359704241157,0.37427201867103577,0.8251500129699707,0.0,0.0,0.0,0.0,3248.1005859375,134.39834594726562,503.6479797363281,541.7809448242188,388.6568298339844,0.0,2370.99658203125,0.31235188245773315,35.19226837158203,82.74381256103516,0.0,0.0,0.0,240.61219787597656,240.61219787597656,186.7126007080078,195.6792449951172,177.6331024169922,0.0,0.0,0.0,186.7126007080078,195.6792449951172,177.6331024169922,0.0,0.0,0.0,34.29490280151367,36.91764831542969,31.639148712158203,0.0,0.0,0.0
164.0,31.036367416381836,28034.806640625,3348.77001953125,12425.4541015625,12260.58203125,3019.71826171875,19.7672061920166,0.0,11514.7109375,0.07021596282720566,12.258164405822754,0.5072124004364014,3.3092997074127197,4.001465320587158,1.6140155792236328,2.622681140899658,5.452881336212158,0.0010088359704241157,0.37427201867103577,0.8251500129699707,0.0,0.0,0.0,0.0,3289.228759765625,136.10012817382812,509.6532287597656,635.9971313476562,310.91522216796875,0.0,2510.529052734375,0.3821796476840973,37.203025817871094,84.14935302734375,0.0,0.0,0.0,241.908447265625,241.908447265625,178.14903259277344,199.42005920410156,181.31910705566406,0.0,0.0,0.0,178.14903259277344,199.42005920410156,181.31910705566406,0.0,0.0,0.0,32.34138488769531,38.56315994262695,33.26863098144531,0.0,0.0,0.0
165.0,31.07171630859375,28052.263671875,3348.77001953125,12442.9111328125,12260.58203125,3103.358642578125,19.79538345336914,0.0,11507.7685546875,0.07021596282720566,12.258164405822754,0.5072124004364014,3.3092997074127197,4.004770755767822,1.6140155792236328,2.622681140899658,5.484925746917725,0.0010088359704241157,0.37427201867103577,0.8251500129699707,0.0,0.0,0.0,0.0,3287.717041015625,136.03756713867188,509.37646484375,635.1560668945312,318.7763977050781,0.0,2499.893310546875,0.36115577816963196,36.88761901855469,83.92887878417969,0.0,0.0,0.0,243.25592041015625,243.25592041015625,177.8806610107422,198.43162536621094,191.2956085205078,0.0,0.0,0.0,177.8806610107422,198.43162536621094,191.2956085205078,0.0,0.0,0.0,32.234710693359375,38.24586486816406,36.1585807800293,0.0,0.0,0.0
166.0,31.117902755737305,28075.119140625,3348.77001953125,12465.767578125,12260.58203125,3103.358642578125,19.561420440673828,0.0,11652.33984375,0.07021596282720566,12.258164405822754,0.5072124004364014,3.3092997074127197,4.010800361633301,1.6140155792236328,2.622681140899658,5.525082588195801,0.0010088359704241157,0.37427201867103577,0.8251500129699707,0.0,0.0,0.0,0.0,3289.79541015625,136.12356567382812,509.76080322265625,1803.2049560546875,402.9364929199219,0.0,1340.7431640625,0.08395624160766602,37.276405334472656,84.20064544677734,0.0,0.0,0.0,244.64524841308594,244.64524841308594,155.841552734375,185.9901580810547,132.6623992919922,0.0,0.0,0.0,155.841552734375,185.9901580810547,132.6623992919922,0.0,0.0,0.0,26.022232055664062,34.8406982421875,19.24233055114746,0.0,0.0,0.0
167.0,31.1566219329834,28082.3515625,3348.77001953125,12472.9990234375,12260.58203125,3103.358642578125,19.19403839111328,0.0,11873.513671875,0.07021596282720566,12.258164405822754,0.5072124600410461,3.3092997074127197,4.0163254737854,1.6140155792236328,2.622681140899658,5.558277130126953,0.0010088359704241157,0.37427201867103577,0.8251500129699707,0.0,0.0,0.0,0.0,3270.96435546875,135.34437561035156,507.1722717285156,649.9922485351562,701.6701049804688,0.0,2362.04541015625,0.2381141483783722,38.875179290771484,85.36553192138672,0.0,0.0,0.0,246.08139038085938,246.08139038085938,176.4923858642578,191.71136474609375,159.99130249023438,0.0,0.0,0.0,176.4923858642578,191.71136474609375,159.99130249023438,0.0,0.0,0.0,32.42998504638672,36.881534576416016,27.603416442871094,0.0,0.0,0.0
168.0,31.176502227783203,28084.638671875,3348.77001953125,12475.2880859375,12260.58203125,3103.358642578125,18.693185806274414,0.0,12185.01953125,0.07021596282720566,12.258164405822754,0.5072124600410461,3.3092997074127197,4.019309043884277,1.6140155792236328,2.622681140899658,5.575171947479248,0.0010088359704241157,0.37427201867103577,0.8251500129699707,0.0,0.0,0.0,0.0,3271.487060546875,135.3660125732422,507.31451416015625,2073.739990234375,929.7111206054688,0.0,918.668701171875,0.05731717124581337,38.54492950439453,85.11974334716797,0.0,0.0,0.0,247.56353759765625,247.56353759765625,136.2948760986328,159.51612854003906,143.65586853027344,0.0,0.0,0.0,136.2948760986328,159.51612854003906,143.65586853027344,0.0,0.0,0.0,21.173063278198242,27.965280532836914,23.326154708862305,0.0,0.0,0.0
169.0,31.185205459594727,28148.052734375,3348.77001953125,12476.01171875,12323.271484375,3103.358642578125,18.0200252532959,0.0,12656.4130859375,0.07021596282720566,12.264880180358887,0.5077803730964661,3.3092997074127197,4.0198750495910645,1.6140155792236328,2.622681140899658,5.576025485992432,0.0010088359704241157,0.37427201867103577,0.8251500129699707,0.0,0.0,0.0,0.0,3291.952880859375,136.2906951904297,509.8932189941406,2115.04541015625,1149.999755859375,0.0,976.790771484375,0.06093951687216759,22.45631980895996,73.52086639404297,0.0,0.0,0.0,249.0825653076172,249.0825653076172,109.078857421875,152.52101135253906,118.03128814697266,0.0,0.0,0.0,109.078857421875,152.52101135253906,118.03128814697266,0.0,0.0,0.0,13.885541915893555,26.592370986938477,16.504127502441406,0.0,0.0,0.0
170.0,31.29652214050293,28428.89453125,3348.77001953125,12588.8671875,12491.2578125,3103.358642578125,18.081966400146484,0.0,12738.7744140625,0.07021596282720566,12.351417541503906,0.5161967277526855,3.3092997074127197,4.029365062713623,1.6140155792236328,2.622681140899658,5.582899570465088,0.0010088359704241157,0.37427201867103577,0.8251500129699707,0.0,0.0,0.0,0.0,3315.80615234375,138.57586669921875,510.0116271972656,2121.74609375,1150.10791015625,0.0,997.6624755859375,0.062211260199546814,22.45631980895996,73.52086639404297,0.0,0.0,0.0,250.62081909179688,250.62081909179688,85.14505767822266,147.8499298095703,114.38591766357422,0.0,0.0,0.0,85.14505767822266,147.8499298095703,114.38591766357422,0.0,0.0,0.0,6.822961807250977,25.164138793945312,15.375913619995117,0.0,0.0,0.0
171.0,31.45508575439453,28499.908203125,3348.77001953125,12629.083984375,12522.0537109375,3103.358642578125,18.695695877075195,0.0,12364.912109375,0.07021596282720566,12.484768867492676,0.529059112071991,3.3092997074127197,4.035058498382568,1.6140155792236328,2.622681140899658,5.589555740356445,0.0010088359704241157,0.37427201867103577,0.8251500129699707,0.0,0.0,0.0,0.0,3328.035400390625,141.030029296875,506.77191162109375,2105.80419921875,953.9320068359375,0.0,945.0147094726562,0.058900583535432816,22.45631980895996,73.52086639404297,0.0,0.0,0.0,252.12049865722656,252.12049865722656,113.98655700683594,153.5048370361328,129.3824005126953,0.0,0.0,0.0,113.98655700683594,153.5048370361328,129.3824005126953,0.0,0.0,0.0,14.64537239074707,26.2044677734375,19.148653030395508,0.0,0.0,0.0
172.0,31.957836151123047,28941.162109375,3348.77001953125,13070.337890625,12522.0537109375,3103.358642578125,18.986249923706055,0.0,12366.3818359375,0.07021596282720566,12.913032531738281,0.5707302093505859,3.3092997074127197,4.04840612411499,1.6140155792236328,2.622681140899658,5.6090240478515625,0.0010088359704241157,0.37427201867103577,0.8251500129699707,0.0,0.0,0.0,0.0,3460.608642578125,152.9519805908203,508.97735595703125,2130.39599609375,591.3404541015625,0.0,1135.8363037109375,0.07069794088602066,22.45631980895996,73.52086639404297,0.0,0.0,0.0,253.57598876953125,253.57598876953125,74.97248077392578,155.0404052734375,128.7296905517578,0.0,0.0,0.0,74.97248077392578,155.0404052734375,128.7296905517578,0.0,0.0,0.0,2.9432010650634766,26.363069534301758,18.667186737060547,0.0,0.0,0.0
173.0,32.58229446411133,29080.77734375,3348.77001953125,13209.953125,12522.0537109375,3103.358642578125,20.001752853393555,0.0,11814.654296875,0.07021596282720566,13.445923805236816,0.6226673126220703,3.3092997074127197,4.064146041870117,1.6140155792236328,2.622681140899658,5.632913112640381,0.0010088359704241157,0.37427201867103577,0.8251500129699707,0.0,0.0,0.0,0.0,3503.007080078125,162.22076416015625,498.6402893066406,2088.02734375,415.3365173339844,0.0,939.8408813476562,0.05840147286653519,22.45631980895996,73.52086639404297,0.0,0.0,0.0,254.993896484375,254.993896484375,131.3856964111328,150.40402221679688,91.202392578125,0.0,0.0,0.0,131.3856964111328,150.40402221679688,91.202392578125,0.0,0.0,0.0,18.428565979003906,23.991422653198242,6.674946308135986,0.0,0.0,0.0
174.0,32.927127838134766,29124.953125,3348.77001953125,13254.1279296875,12522.0537109375,3103.358642578125,20.295408248901367,0.0,11668.3193359375,0.07021596282720566,13.740562438964844,0.6513872146606445,3.3092997074127197,4.072534084320068,1.6140155792236328,2.622681140899658,5.645999431610107,0.0010088359704241157,0.37427201867103577,0.8251500129699707,0.0,0.0,0.0,0.0,3527.629638671875,167.2313690185547,494.11993408203125,2035.43310546875,390.501953125,0.0,892.2351684570312,0.05539291724562645,22.45631980895996,73.52086639404297,0.0,0.0,0.0,256.3503112792969,256.3503112792969,105.97176361083984,152.33966064453125,132.35867309570312,0.0,0.0,0.0,105.97176361083984,152.33966064453125,132.35867309570312,0.0,0.0,0.0,10.701332092285156,24.26394271850586,18.41950225830078,0.0,0.0,0.0
175.0,33.08282470703125,29138.9296875,3348.77001953125,13268.10546875,12522.0537109375,3103.358642578125,20.61705780029297,0.0,11499.5234375,0.07021596282720566,13.876555442810059,0.6646140217781067,3.3092997074127197,4.074610233306885,1.6140155792236328,2.622681140899658,5.650402069091797,0.0010088359704241157,0.37427201867103577,0.8251500129699707,0.0,0.0,0.0,0.0,3523.243896484375,168.74485778808594,490.675537109375,658.721435546875,380.84808349609375,0.0,2150.416015625,0.1334640085697174,33.684478759765625,81.68984985351562,0.0,0.0,0.0,257.6794738769531,257.6794738769531,161.44471740722656,191.0701446533203,155.5030517578125,0.0,0.0,0.0,161.44471740722656,191.0701446533203,155.5030517578125,0.0,0.0,0.0,26.60552215576172,35.270957946777344,24.867584228515625,0.0,0.0,0.0
176.0,33.312652587890625,29316.599609375,3348.77001953125,13445.775390625,12522.0537109375,3103.358642578125,20.16700553894043,0.0,11818.8984375,0.07021596282720566,14.078743934631348,0.684363603591919,3.3092997074127197,4.076792240142822,1.6140155792236328,2.622681140899658,5.6561102867126465,0.0010088359704241157,0.37427201867103577,0.8251500129699707,0.0,0.0,0.0,0.0,3613.94091796875,175.67262268066406,494.2110290527344,816.2843627929688,304.36865234375,0.0,2181.954345703125,0.13536770641803741,33.684478759765625,81.68984985351562,0.0,0.0,0.0,259.01934814453125,259.01934814453125,107.6611328125,189.82676696777344,146.8965606689453,0.0,0.0,0.0,107.6611328125,189.82676696777344,146.8965606689453,0.0,0.0,0.0,11.32387638092041,35.357322692871094,22.80023956298828,0.0,0.0,0.0
177.0,33.572757720947266,29372.814453125,3348.77001953125,13501.9912109375,12522.0537109375,3372.60302734375,20.22201156616211,0.0,11811.720703125,0.07021596282720566,14.303377151489258,0.706415593624115,3.3092997074127197,4.084386825561523,1.6140155792236328,2.622681140899658,5.661935806274414,0.0010088359704241157,0.37427201867103577,0.8251500129699707,0.0,0.0,0.0,0.0,3642.853271484375,179.913330078125,491.8614501953125,787.8867797851562,310.9801025390625,0.0,2166.716552734375,0.13436801731586456,33.684478759765625,81.68984985351562,0.0,0.0,0.0,260.4063415527344,260.4063415527344,163.16517639160156,190.12525939941406,166.13804626464844,0.0,0.0,0.0,163.16517639160156,190.12525939941406,166.13804626464844,0.0,0.0,0.0,27.503803253173828,35.389625549316406,28.37336540222168,0.0,0.0,0.0
178.0,33.83997344970703,29521.853515625,3348.77001953125,13651.029296875,12522.0537109375,3372.60302734375,20.067745208740234,0.0,11960.068359375,0.07021596282720566,14.531972885131836,0.7287303805351257,3.3092997074127197,4.095015048980713,1.6140155792236328,2.622681140899658,5.667612075805664,0.0010088359704241157,0.37427201867103577,0.8251500129699707,0.0,0.0,0.0,0.0,3681.58056640625,184.61911010742188,490.39910888671875,595.14794921875,391.986328125,0.0,2334.81591796875,0.30422595143318176,33.684478759765625,81.68984985351562,0.0,0.0,0.0,261.8226318359375,261.8226318359375,147.05299377441406,189.4953155517578,179.92132568359375,0.0,0.0,0.0,147.05299377441406,189.4953155517578,179.92132568359375,0.0,0.0,0.0,22.94525718688965,35.35963439941406,32.559242248535156,0.0,0.0,0.0
179.0,34.08171081542969,29569.009765625,3348.77001953125,13698.185546875,12522.0537109375,3372.60302734375,19.71676254272461,0.0,12187.0263671875,0.07021596282720566,14.738301277160645,0.7487926483154297,3.3092997074127197,4.105297088623047,1.6140155792236328,2.622681140899658,5.672675609588623,0.0010088359704241157,0.37427201867103577,0.8251500129699707,0.0,0.0,0.0,0.0,3690.825439453125,187.5157012939453,487.099609375,1995.582763671875,680.8217163085938,0.0,788.37744140625,0.04885407164692879,33.684478759765625,81.68984985351562,0.0,0.0,0.0,263.2784118652344,263.2784118652344,99.44219207763672,163.12228393554688,148.1885986328125,0.0,0.0,0.0,99.44219207763672,163.12228393554688,148.1885986328125,0.0,0.0,0.0,9.370078086853027,27.996505737304688,23.628402709960938,0.0,0.0,0.0
180.0,34.20793151855469,29583.9296875,3348.77001953125,13713.1064453125,12522.0537109375,3372.60302734375,19.23109245300293,0.24298697710037231,12493.2548828125,0.07021596282720566,14.845868110656738,0.7592452168464661,3.3092997074127197,4.110878944396973,1.6140155792236328,2.622681140899658,5.675295829772949,0.0010088359704241157,0.37427201867103577,0.8251500129699707,0.0,0.0,0.0,0.0,3710.89599609375,189.7821044921875,486.72430419921875,2028.6773681640625,901.2431640625,0.0,717.6779174804688,0.04446476697921753,33.684478759765625,81.68984985351562,0.0,0.0,0.0,264.7740478515625,264.7740478515625,151.9195098876953,161.11859130859375,149.90585327148438,0.0,0.0,0.0,151.9195098876953,161.11859130859375,149.90585327148438,0.0,0.0,0.0,24.96237564086914,27.653106689453125,24.373384475708008,0.0,0.0,0.0
181.0,34.263607025146484,29647.5,3348.77001953125,13717.8271484375,12580.90234375,3372.60302734375,18.535627365112305,0.0,12976.513671875,0.07021596282720566,14.885665893554688,0.7631742358207703,3.3092997074127197,4.121861934661865,1.6140155792236328,2.622681140899658,5.676260948181152,0.0010088359704241157,0.37427201867103577,0.8251500129699707,0.0,0.0,0.0,0.0,3747.259521484375,192.11849975585938,489.0853576660156,2072.6728515625,1115.3790283203125,0.0,763.5673828125,0.047304701060056686,21.47637367248535,72.79154968261719,0.0,0.0,0.0,266.3089599609375,266.3089599609375,102.99575805664062,144.19627380371094,126.16820526123047,0.0,0.0,0.0,102.99575805664062,144.19627380371094,126.16820526123047,0.0,0.0,0.0,11.590632438659668,23.641782760620117,18.368572235107422,0.0,0.0,0.0
182.0,34.29505157470703,29825.6796875,3348.77001953125,13728.56640625,12748.3427734375,3372.60302734375,18.52614402770996,0.0,13060.904296875,0.07021596282720566,14.90117359161377,0.7646964192390442,3.3092997074127197,4.13590145111084,1.6140155792236328,2.622681140899658,5.6766357421875,0.0010088359704241157,0.37427201867103577,0.8251500129699707,0.0,0.0,0.0,0.0,3760.82421875,192.9974822998047,489.8818664550781,2085.035888671875,1116.7252197265625,0.0,788.2019653320312,0.0488295815885067,22.45631980895996,73.52086639404297,0.0,0.0,0.0,267.8574523925781,267.8574523925781,117.30363464355469,143.22227478027344,97.6033935546875,0.0,0.0,0.0,117.30363464355469,143.22227478027344,97.6033935546875,0.0,0.0,0.0,15.78516960144043,23.36637306213379,10.022849082946777,0.0,0.0,0.0
183.0,34.3226318359375,29866.25390625,3348.77001953125,13738.55078125,12778.93359375,3372.60302734375,19.133996963500977,0.0,12677.5283203125,0.07021596282720566,14.924765586853027,0.7668269276618958,3.3092997074127197,4.137228012084961,1.6140155792236328,2.622681140899658,5.677166938781738,0.0010088359704241157,0.37427201867103577,0.8251500129699707,0.0,0.0,0.0,0.0,3743.11669921875,192.3194580078125,487.7657470703125,2074.809814453125,926.70361328125,0.0,752.674560546875,0.046626895666122437,20.473098754882812,72.04487609863281,0.0,0.0,0.0,269.36138916015625,269.36138916015625,116.54180908203125,147.51637268066406,118.54080963134766,0.0,0.0,0.0,116.54180908203125,147.51637268066406,118.54080963134766,0.0,0.0,0.0,14.954483032226562,24.014543533325195,15.539191246032715,0.0,0.0,0.0
184.0,34.82891845703125,30378.251953125,3348.77001953125,14250.548828125,12778.93359375,3372.60302734375,19.463138580322266,0.0,12678.9775390625,0.07021596282720566,15.361482620239258,0.8097168207168579,3.3092997074127197,4.154072284698486,1.6140155792236328,2.622681140899658,5.6870036125183105,0.0010088359704241157,0.37427201867103577,0.8251500129699707,0.0,0.0,0.0,0.0,3869.864990234375,203.98387145996094,489.16070556640625,2102.153564453125,574.16796875,0.0,934.1096801757812,0.057827178388834,22.45631980895996,73.52086639404297,0.0,0.0,0.0,270.8166198730469,270.8166198730469,96.89906311035156,152.3528289794922,132.4807586669922,0.0,0.0,0.0,96.89906311035156,152.3528289794922,132.4807586669922,0.0,0.0,0.0,8.879837989807129,25.100061416625977,19.287485122680664,0.0,0.0,0.0
185.0,35.529109954833984,30540.251953125,3348.77001953125,14412.548828125,12778.93359375,3372.60302734375,20.515825271606445,0.0,12113.2509765625,0.07021596282720566,15.96640682220459,0.8692574501037598,3.3092997074127197,4.176175117492676,1.6140155792236328,2.622681140899658,5.70062780380249,0.0010088359704241157,0.37427201867103577,0.8251500129699707,0.0,0.0,0.0,0.0,3901.953125,212.43362426757812,479.9620666503906,2066.049560546875,403.0824279785156,0.0,740.5995483398438,0.045804623514413834,14.930642127990723,67.93994903564453,0.0,0.0,0.0,272.2341613769531,272.2341613769531,125.29396057128906,145.2959747314453,128.50152587890625,0.0,0.0,0.0,125.29396057128906,145.2959747314453,128.50152587890625,0.0,0.0,0.0,16.132658004760742,21.983245849609375,17.07086944580078,0.0,0.0,0.0
186.0,35.921512603759766,30591.509765625,3348.77001953125,14463.806640625,12778.93359375,3372.60302734375,20.82071876525879,0.0,11963.1650390625,0.07021596282720566,16.305828094482422,0.9026706218719482,3.3092997074127197,4.188101291656494,1.6140155792236328,2.622681140899658,5.708271503448486,0.0010088359704241157,0.37427201867103577,0.8251500129699707,0.0,0.0,0.0,0.0,3930.87353515625,217.60833740234375,475.9669494628906,2039.5382080078125,379.24517822265625,0.0,663.3130493164062,0.04100298881530762,12.039743423461914,65.919189453125,0.0,0.0,0.0,273.59063720703125,273.59063720703125,135.1778564453125,143.2423095703125,130.3397979736328,0.0,0.0,0.0,135.1778564453125,143.2423095703125,130.3397979736328,0.0,0.0,0.0,18.71880340576172,21.07765769958496,17.30367088317871,0.0,0.0,0.0
187.0,36.099735260009766,30607.728515625,3348.77001953125,14480.0244140625,12778.93359375,3372.60302734375,21.152185440063477,0.0,11790.0546875,0.0706426128745079,16.459989547729492,0.9178591370582581,3.3092997074127197,4.193058490753174,1.6140155792236328,2.622681140899658,5.711756229400635,0.0010088359704241157,0.37427201867103577,0.8251500129699707,0.0,0.0,0.0,0.0,3927.627197265625,219.01646423339844,472.9497985839844,1921.6939697265625,370.0775146484375,0.0,639.84033203125,0.03954251483082771,33.684478759765625,81.68984985351562,0.0,0.0,0.0,274.91339111328125,274.91339111328125,170.21656799316406,164.13685607910156,145.61514282226562,0.0,0.0,0.0,170.21656799316406,164.13685607910156,145.61514282226562,0.0,0.0,0.0,28.63616180419922,26.857845306396484,21.440244674682617,0.0,0.0,0.0
188.0,36.27391052246094,30718.048828125,3348.77001953125,14590.3447265625,12778.93359375,3372.60302734375,20.638351440429688,0.0,12117.447265625,0.07128347456455231,16.610620498657227,0.9327273368835449,3.3092997074127197,4.197680950164795,1.6140155792236328,2.622681140899658,5.715168476104736,0.0010088359704241157,0.37427201867103577,0.8251500129699707,0.0,0.0,0.0,0.0,4010.64013671875,225.20733642578125,476.5118103027344,675.2261352539062,295.8262939453125,0.0,2086.901611328125,0.12894147634506226,33.684478759765625,81.68984985351562,0.0,0.0,0.0,276.24066162109375,276.24066162109375,155.81053161621094,190.26507568359375,151.5975799560547,0.0,0.0,0.0,155.81053161621094,190.26507568359375,151.5975799560547,0.0,0.0,0.0,24.936227798461914,35.014183044433594,23.703941345214844,0.0,0.0,0.0
189.0,36.4461784362793,30986.095703125,3581.070068359375,14626.0908203125,12778.93359375,3372.60302734375,20.83526611328125,0.0,12110.0341796875,0.07192311435937881,16.750314712524414,0.9467087984085083,3.3092997074127197,4.212467193603516,1.6140155792236328,2.622681140899658,5.718336582183838,0.0010088359704241157,0.37427201867103577,0.8251500129699707,0.0,0.0,0.0,0.0,4027.363525390625,227.6220245361328,475.2971496582031,487.0224609375,302.7911071777344,0.0,2243.749267578125,0.22948116064071655,33.684478759765625,81.68984985351562,0.0,0.0,0.0,277.6145935058594,277.6145935058594,158.4366912841797,191.23553466796875,155.48184204101562,0.0,0.0,0.0,158.4366912841797,191.23553466796875,155.48184204101562,0.0,0.0,0.0,25.507465362548828,35.10112762451172,24.643171310424805,0.0,0.0,0.0
190.0,36.54865264892578,31008.1328125,3581.070068359375,14648.12890625,12778.93359375,3372.60302734375,20.586206436157227,0.0,12262.06640625,0.07229430973529816,16.828134536743164,0.9544288516044617,3.3092997074127197,4.22726583480835,1.6140155792236328,2.622681140899658,5.7201008796691895,0.0010088359704241157,0.37427201867103577,0.8251500129699707,0.0,0.0,0.0,0.0,4046.89794921875,229.52490234375,475.4253234863281,656.388427734375,382.64776611328125,0.0,2074.062744140625,0.12810519337654114,33.684478759765625,81.68984985351562,0.0,0.0,0.0,279.0203552246094,279.0203552246094,96.66387176513672,189.90367126464844,132.8822784423828,0.0,0.0,0.0,96.66387176513672,189.90367126464844,132.8822784423828,0.0,0.0,0.0,7.687975883483887,34.96061706542969,18.2818603515625,0.0,0.0,0.0
191.0,36.60432052612305,31015.10546875,3581.070068359375,14655.1015625,12778.93359375,3372.60302734375,20.197904586791992,0.12033258378505707,12494.7041015625,0.07249340415000916,16.86895751953125,0.9583595395088196,3.3092997074127197,4.237057209014893,1.6140155792236328,2.622681140899658,5.721025466918945,0.0010088359704241157,0.37427201867103577,0.8251500129699707,0.0,0.0,0.0,0.0,4038.307861328125,229.4244384765625,474.2189636230469,1995.87158203125,666.83154296875,0.0,615.634765625,0.03802241012454033,33.684478759765625,81.68984985351562,0.0,0.0,0.0,280.468017578125,280.468017578125,148.15878295898438,169.8395538330078,161.9397735595703,0.0,0.0,0.0,148.15878295898438,169.8395538330078,161.9397735595703,0.0,0.0,0.0,23.018205642700195,29.359830856323242,27.049148559570312,0.0,0.0,0.0
192.0,36.62928771972656,31017.3125,3581.070068359375,14657.3076171875,12778.93359375,3372.60302734375,19.71173095703125,0.0,12795.6953125,0.07258190959692001,16.886816024780273,0.9600602388381958,3.3092997074127197,4.241972923278809,1.6140155792236328,2.622681140899658,5.721429824829102,0.0010088359704241157,0.37427201867103577,0.8251500129699707,0.0,0.0,0.0,0.0,4084.281982421875,232.2022705078125,477.3048095703125,2040.76416015625,669.9706420898438,0.0,717.0122680664062,0.04428234323859215,33.684478759765625,81.68984985351562,0.0,0.0,0.0,281.956298828125,281.956298828125,133.6431427001953,150.432373046875,137.20851135253906,0.0,0.0,0.0,133.6431427001953,150.432373046875,137.20851135253906,0.0,0.0,0.0,19.378889083862305,24.28973960876465,20.421756744384766,0.0,0.0,0.0
193.0,36.6395149230957,31072.94921875,3581.070068359375,14658.005859375,12833.873046875,3372.60302734375,18.991191864013672,0.0,13290.6005859375,0.07261078804731369,16.892576217651367,0.9606100916862488,3.3092997074127197,4.245730400085449,1.6140155792236328,2.622681140899658,5.721560478210449,0.0010088359704241157,0.37427201867103577,0.8251500129699707,0.0,0.0,0.0,0.0,4084.726806640625,232.2813262939453,477.4440002441406,2065.239990234375,1094.795654296875,0.0,643.3547973632812,0.0397329181432724,11.22815990447998,59.67567825317383,0.0,0.0,0.0,283.48291015625,283.48291015625,84.60945129394531,131.3068389892578,120.6085433959961,0.0,0.0,0.0,84.60945129394531,131.3068389892578,120.6085433959961,0.0,0.0,0.0,5.7570719718933105,19.416057586669922,16.286808013916016,0.0,0.0,0.0
194.0,36.645591735839844,31242.1484375,3581.070068359375,14660.427734375,13000.6513671875,3372.60302734375,18.970653533935547,0.0,13376.9677734375,0.07262417674064636,16.89522361755371,0.9608601331710815,3.3092997074127197,4.248836994171143,1.6140155792236328,2.622681140899658,5.721620082855225,0.0010088359704241157,0.37427201867103577,0.8251500129699707,0.0,0.0,0.0,0.0,4096.81689453125,232.99295043945312,478.2759094238281,2076.27001953125,1096.2027587890625,0.0,671.5403442382812,0.041473448276519775,11.22815990447998,62.05792999267578,0.0,0.0,0.0,285.0177307128906,285.0177307128906,103.33853149414062,137.66445922851562,123.89572143554688,0.0,0.0,0.0,103.33853149414062,137.66445922851562,123.89572143554688,0.0,0.0,0.0,11.255867958068848,21.29619789123535,17.268844604492188,0.0,0.0,0.0
195.0,36.65007019042969,31273.27734375,3581.070068359375,14661.1943359375,13031.0126953125,3372.60302734375,19.586694717407227,0.0,12984.2607421875,0.0726531520485878,16.89919662475586,0.9612101316452026,3.3092997074127197,4.248870849609375,1.6140155792236328,2.622681140899658,5.721711158752441,0.0010088359704241157,0.37427201867103577,0.8251500129699707,0.0,0.0,0.0,0.0,4071.734619140625,231.5963592529297,476.2268371582031,2061.39501953125,909.699462890625,0.0,638.776611328125,0.039449743926525116,11.22815990447998,58.71750259399414,0.0,0.0,0.0,286.51068115234375,286.51068115234375,132.12960815429688,144.95411682128906,130.40159606933594,0.0,0.0,0.0,132.12960815429688,144.95411682128906,130.40159606933594,0.0,0.0,0.0,19.061214447021484,22.81238555908203,18.555770874023438,0.0,0.0,0.0
196.0,37.218753814697266,31865.34375,3581.070068359375,15253.2607421875,13031.0126953125,3372.60302734375,19.958669662475586,0.0,12985.685546875,0.07631845772266388,17.40016746520996,1.0108909606933594,3.3092997074127197,4.251753807067871,1.6140155792236328,2.622681140899658,5.733197212219238,0.0010088359704241157,0.37427201867103577,0.8251500129699707,0.0,0.0,0.0,0.0,4201.9619140625,244.11978149414062,476.94244384765625,2093.38916015625,563.0420532226562,0.0,799.7683715820312,0.04935327544808388,13.035229682922363,66.61504364013672,0.0,0.0,0.0,287.9615173339844,287.9615173339844,121.87820434570312,150.8983612060547,130.9363250732422,0.0,0.0,0.0,121.87820434570312,150.8983612060547,130.9363250732422,0.0,0.0,0.0,15.690705299377441,24.179100036621094,18.340206146240234,0.0,0.0,0.0
197.0,38.023136138916016,32052.677734375,3581.070068359375,15440.59375,13031.0126953125,3372.60302734375,21.050872802734375,0.0,12406.220703125,0.08150434494018555,18.108919143676758,1.081196904182434,3.3092997074127197,4.255640506744385,1.6140155792236328,2.622681140899658,5.749447822570801,0.0010088359704241157,0.37427201867103577,0.8251500129699707,0.0,0.0,0.0,0.0,4234.310546875,252.81044006347656,468.09368896484375,2019.1951904296875,395.0798645019531,0.0,629.2498168945312,0.038787297904491425,11.22815990447998,57.18289566040039,0.0,0.0,0.0,289.3797607421875,289.3797607421875,95.6093521118164,143.68994140625,128.35281372070312,0.0,0.0,0.0,95.6093521118164,143.68994140625,128.35281372070312,0.0,0.0,0.0,6.914863586425781,20.97843360900879,16.492324829101562,0.0,0.0,0.0
198.0,38.475223541259766,32111.951171875,3581.070068359375,15499.8671875,13031.0126953125,3372.60302734375,21.367765426635742,0.0,12252.4404296875,0.0844196081161499,18.507328033447266,1.1207183599472046,3.3092997074127197,4.257749557495117,1.6140155792236328,2.622681140899658,5.758582592010498,0.0010088359704241157,0.37427201867103577,0.8251500129699707,0.0,0.0,0.0,0.0,4266.78466796875,258.3768005371094,463.3909912109375,1979.165283203125,371.5924377441406,0.0,554.4912719726562,0.03415769338607788,11.22815990447998,57.18289566040039,0.0,0.0,0.0,290.73919677734375,290.73919677734375,123.6928939819336,134.81993103027344,98.42041015625,0.0,0.0,0.0,123.6928939819336,134.81993103027344,98.42041015625,0.0,0.0,0.0,14.812405586242676,18.067062377929688,7.4202046394348145,0.0,0.0,0.0
199.0,38.680782318115234,32130.705078125,3581.070068359375,15518.6220703125,13031.0126953125,3372.60302734375,21.70953941345215,0.0,12075.09375,0.08575163781642914,18.688732147216797,1.138710618019104,3.3092997074127197,4.258410930633545,1.6140155792236328,2.622681140899658,5.762752056121826,0.0010088359704241157,0.37427201867103577,0.8251500129699707,0.0,0.0,0.0,0.0,4257.00732421875,259.3808898925781,459.0269775390625,1946.7572021484375,362.147216796875,0.0,490.48492431640625,0.03020613268017769,10.212050437927246,56.42667007446289,0.0,0.0,0.0,292.055419921875,292.055419921875,127.30453491210938,143.1497344970703,120.44227600097656,0.0,0.0,0.0,127.30453491210938,143.1497344970703,120.44227600097656,0.0,0.0,0.0,15.5270357131958,20.16175651550293,13.519824981689453,0.0,0.0,0.0
200.0,38.84157943725586,32216.015625,3581.070068359375,15603.93359375,13031.0126953125,3372.60302734375,21.161293029785156,0.0,12410.34765625,0.08679679036140442,18.830724716186523,1.1528306007385254,3.3092997074127197,4.2587785720825195,1.6140155792236328,2.622681140899658,5.766021251678467,0.0010088359704241157,0.37427201867103577,0.8251500129699707,0.0,0.0,0.0,0.0,4350.59033203125,266.3462829589844,464.6051940917969,1627.7420654296875,289.9840393066406,0.0,964.1848754882812,0.05936528742313385,26.282541275024414,76.1954345703125,0.0,0.0,0.0,293.35882568359375,293.35882568359375,99.45684051513672,169.86985778808594,150.4807891845703,0.0,0.0,0.0,99.45684051513672,169.86985778808594,150.4807891845703,0.0,0.0,0.0,7.9298319816589355,28.525638580322266,22.85433578491211,0.0,0.0,0.0
201.0,38.9824333190918,32243.009765625,3581.070068359375,15630.9267578125,13031.0126953125,3372.60302734375,21.19608497619629,0.0,12402.69921875,0.08766680210828781,18.94880485534668,1.164710521697998,3.3092997074127197,4.2660813331604,1.6140155792236328,2.622681140899658,5.768742561340332,0.0010088359704241157,0.37427201867103577,0.8251500129699707,0.0,0.0,0.0,0.0,4362.52392578125,268.14764404296875,463.2413330078125,1687.9615478515625,296.87518310546875,0.0,881.0731201171875,0.05423806607723236,24.600753784179688,75.01984405517578,0.0,0.0,0.0,294.6995849609375,294.6995849609375,152.0586395263672,169.61984252929688,150.74607849121094,0.0,0.0,0.0,152.0586395263672,169.61984252929688,150.74607849121094,0.0,0.0,0.0,23.28106689453125,28.4177188873291,22.89714241027832,0.0,0.0,0.0
202.0,39.06210708618164,32258.486328125,3581.070068359375,15646.40234375,13031.0126953125,3372.60302734375,20.93744659423828,0.0,12558.3505859375,0.08813251554965973,19.01200294494629,1.1710286140441895,3.3092997074127197,4.274317741394043,1.6140155792236328,2.622681140899658,5.770198822021484,0.0010088359704241157,0.37427201867103577,0.8251500129699707,0.0,0.0,0.0,0.0,4381.8857421875,269.8986511230469,463.60498046875,318.82391357421875,375.32147216796875,0.0,2253.62646484375,0.2874605059623718,24.54367446899414,74.97994995117188,0.0,0.0,0.0,296.0678405761719,296.0678405761719,157.4834442138672,187.66281127929688,162.0430145263672,0.0,0.0,0.0,157.4834442138672,187.66281127929688,162.0430145263672,0.0,0.0,0.0,25.1264591217041,33.95392608642578,26.46013641357422,0.0,0.0,0.0
203.0,39.1036376953125,32263.3828125,3581.070068359375,15651.2998046875,13031.0126953125,3372.60302734375,20.540443420410156,0.0,12796.546875,0.08836781233549118,19.04395294189453,1.1741459369659424,3.3092997074127197,4.279810905456543,1.6140155792236328,2.622681140899658,5.770934581756592,0.0010088359704241157,0.37427201867103577,0.8251500129699707,0.0,0.0,0.0,0.0,4370.74658203125,269.476318359375,461.7325134277344,493.0548400878906,653.9139404296875,0.0,1976.9854736328125,0.12168313562870026,22.45631980895996,73.52086639404297,0.0,0.0,0.0,297.4764404296875,297.4764404296875,91.00668334960938,184.14630126953125,144.4127960205078,0.0,0.0,0.0,91.00668334960938,184.14630126953125,144.4127960205078,0.0,0.0,0.0,6.0790114402771,33.322349548339844,21.700298309326172,0.0,0.0,0.0
204.0,39.121944427490234,32264.931640625,3581.070068359375,15652.8486328125,13031.0126953125,3372.60302734375,20.064517974853516,0.0,13092.3583984375,0.0884692445397377,19.057727813720703,1.175477147102356,3.3092997074127197,4.282591819763184,1.6140155792236328,2.622681140899658,5.771251678466797,0.0010088359704241157,0.37427201867103577,0.8251500129699707,0.0,0.0,0.0,0.0,4423.7724609375,272.8574523925781,466.107177734375,1972.859130859375,657.5987548828125,0.0,624.5831909179688,0.03844213858246803,25.999052047729492,75.99726867675781,0.0,0.0,0.0,298.92401123046875,298.92401123046875,129.32838439941406,150.37454223632812,131.2889862060547,0.0,0.0,0.0,129.32838439941406,150.37454223632812,131.2889862060547,0.0,0.0,0.0,17.764034271240234,23.92003631591797,18.337509155273438,0.0,0.0,0.0
205.0,39.129371643066406,32316.474609375,3581.070068359375,15653.3388671875,13082.0654296875,3372.60302734375,19.326318740844727,0.0,13598.6650390625,0.08850281685590744,19.062288284301758,1.1759201288223267,3.3092997074127197,4.284876823425293,1.6140155792236328,2.622681140899658,5.771356582641602,0.0010088359704241157,0.37427201867103577,0.8251500129699707,0.0,0.0,0.0,0.0,4429.43798828125,273.2445068359375,465.9960021972656,1991.6800537109375,1074.964599609375,0.0,555.6025390625,0.03419623523950577,11.22815990447998,57.18289566040039,0.0,0.0,0.0,300.4037780761719,300.4037780761719,81.66146850585938,129.85406494140625,117.3746109008789,0.0,0.0,0.0,81.66146850585938,129.85406494140625,117.3746109008789,0.0,0.0,0.0,4.559659481048584,18.65599250793457,15.005755424499512,0.0,0.0,0.0
206.0,39.13349533081055,32484.021484375,3581.070068359375,15654.806640625,13248.1455078125,3372.60302734375,19.3001766204834,0.0,13686.9755859375,0.08851763606071472,19.064300537109375,1.1761131286621094,3.3092997074127197,4.286733627319336,1.6140155792236328,2.622681140899658,5.7714033126831055,0.0010088359704241157,0.37427201867103577,0.8251500129699707,0.0,0.0,0.0,0.0,4443.43359375,274.1239318847656,467.209716796875,2002.5517578125,1076.57568359375,0.0,585.0234985351562,0.03600691631436348,11.22815990447998,57.18289566040039,0.0,0.0,0.0,301.8929748535156,301.8929748535156,103.84300231933594,136.9451904296875,113.67955017089844,0.0,0.0,0.0,103.84300231933594,136.9451904296875,113.67955017089844,0.0,0.0,0.0,11.07390022277832,20.75629234313965,13.951092720031738,0.0,0.0,0.0
207.0,39.136356353759766,32514.625,3581.070068359375,15655.2822265625,13278.2724609375,3372.60302734375,19.926490783691406,0.0,13285.1025390625,0.08853662014007568,19.066848754882812,1.1763404607772827,3.3092997074127197,4.286741733551025,1.6140155792236328,2.622681140899658,5.771462440490723,0.0010088359704241157,0.37427201867103577,0.8251500129699707,0.0,0.0,0.0,0.0,4411.115234375,272.1463317871094,464.3638610839844,1987.1121826171875,892.845458984375,0.0,549.1911010742188,0.03380136936903,11.22815990447998,57.18289566040039,0.0,0.0,0.0,303.3467102050781,303.3467102050781,115.78079223632812,141.71604919433594,123.85531616210938,0.0,0.0,0.0,115.78079223632812,141.71604919433594,123.85531616210938,0.0,0.0,0.0,13.939391136169434,21.525453567504883,16.301189422607422,0.0,0.0,0.0
208.0,39.70965576171875,33112.2734375,3581.070068359375,16252.931640625,13278.2724609375,3372.60302734375,20.293869018554688,0.0,13286.4990234375,0.0923156589269638,19.573171615600586,1.226909875869751,3.3092997074127197,4.2875494956970215,1.6140155792236328,2.622681140899658,5.78328275680542,0.0010088359704241157,0.37427201867103577,0.8251500129699707,0.0,0.0,0.0,0.0,4541.2314453125,284.6590881347656,466.2221374511719,2022.9744873046875,552.9544067382812,0.0,708.2492065429688,0.043555665761232376,11.22815990447998,57.18289566040039,0.0,0.0,0.0,304.7608337402344,304.7608337402344,128.8030242919922,149.79275512695312,130.7347869873047,0.0,0.0,0.0,128.8030242919922,149.79275512695312,130.7347869873047,0.0,0.0,0.0,17.38101577758789,23.520509719848633,17.946056365966797,0.0,0.0,0.0
209.0,40.521385192871094,33301.375,3581.070068359375,16442.03125,13278.2724609375,3372.60302734375,21.401987075805664,0.0,12693.5546875,0.09766703099012375,20.2901554107666,1.298531413078308,3.3092997074127197,4.288584232330322,1.6140155792236328,2.622681140899658,5.800020694732666,0.0010088359704241157,0.37427201867103577,0.8251500129699707,0.0,0.0,0.0,0.0,4546.99462890625,290.9990234375,454.5486755371094,1960.17626953125,387.0645446777344,0.0,538.9367065429688,0.03310534730553627,9.394062042236328,55.81789016723633,0.0,0.0,0.0,306.1468811035156,306.1468811035156,100.15304565429688,135.71383666992188,121.23725128173828,0.0,0.0,0.0,100.15304565429688,135.71383666992188,121.23725128173828,0.0,0.0,0.0,7.8927788734436035,18.2943115234375,14.059908866882324,0.0,0.0,0.0
210.0,40.9776611328125,33361.20703125,3581.070068359375,16501.86328125,13278.2724609375,3372.60302734375,21.72331428527832,0.0,12536.15625,0.10067535936832428,20.693212509155273,1.338794469833374,3.3092997074127197,4.289122581481934,1.6140155792236328,2.622681140899658,5.809430122375488,0.0010088359704241157,0.37427201867103577,0.8251500129699707,0.0,0.0,0.0,0.0,4564.435546875,295.3065185546875,449.4804382324219,1923.858642578125,363.6239013671875,0.0,482.9423522949219,0.02964666485786438,4.649959087371826,52.28715133666992,0.0,0.0,0.0,307.47674560546875,307.47674560546875,85.53582000732422,129.3737335205078,111.4793930053711,0.0,0.0,0.0,85.53582000732422,129.3737335205078,111.4793930053711,0.0,0.0,0.0,3.2959139347076416,16.118505477905273,10.884407043457031,0.0,0.0,0.0
211.0,41.18513488769531,33380.13671875,3581.070068359375,16520.794921875,13278.2724609375,3372.60302734375,22.07077980041504,0.0,12354.6494140625,0.10204702615737915,20.876535415649414,1.3571070432662964,3.3092997074127197,4.28930139541626,1.6140155792236328,2.622681140899658,5.813718318939209,0.0010088359704241157,0.37427201867103577,0.8251500129699707,0.0,0.0,0.0,0.0,4549.52001953125,295.7475891113281,445.53802490234375,1889.963623046875,354.3887939453125,0.0,428.10040283203125,0.026272334158420563,0.4495876133441925,49.32817840576172,0.0,0.0,0.0,308.76953125,308.76953125,101.68475341796875,139.30426025390625,82.42253875732422,0.0,0.0,0.0,101.68475341796875,139.30426025390625,82.42253875732422,0.0,0.0,0.0,7.6720123291015625,18.675718307495117,2.0378143787384033,0.0,0.0,0.0
212.0,41.324440002441406,33442.22265625,3581.070068359375,16582.87890625,13278.2724609375,3372.60302734375,21.495569229125977,0.0,12697.599609375,0.10296984761953354,20.99962043762207,1.369428277015686,3.3092997074127197,4.289390563964844,1.6140155792236328,2.622681140899658,5.8166022300720215,0.0010088359704241157,0.37427201867103577,0.8251500129699707,0.0,0.0,0.0,0.0,4647.4814453125,303.0717468261719,450.84735107421875,509.8490295410156,283.9328918457031,0.0,1951.4161376953125,0.21400979161262512,22.45631980895996,73.52086639404297,0.0,0.0,0.0,310.0463562011719,310.0463562011719,165.69387817382812,185.2299346923828,152.0699005126953,0.0,0.0,0.0,165.69387817382812,185.2299346923828,152.0699005126953,0.0,0.0,0.0,26.96988868713379,32.68418884277344,22.984874725341797,0.0,0.0,0.0
213.0,41.43399429321289,33461.86328125,3581.070068359375,16602.5234375,13278.2724609375,3758.553955078125,21.525484085083008,1.7423129081726074,12689.7158203125,0.1036427691578865,21.089279174804688,1.3785436153411865,3.3092997074127197,4.297397136688232,1.6140155792236328,2.622681140899658,5.818704605102539,0.0010088359704241157,0.37427201867103577,0.8251500129699707,0.0,0.0,0.0,0.0,4653.62451171875,304.1936340332031,449.88739013671875,1910.34765625,290.75604248046875,0.0,531.3508911132812,0.032597728073596954,22.45631980895996,73.52086639404297,0.0,0.0,0.0,311.3559875488281,311.3559875488281,161.7960662841797,174.74725341796875,160.48561096191406,0.0,0.0,0.0,161.7960662841797,174.74725341796875,160.48561096191406,0.0,0.0,0.0,24.05755043029785,27.845773696899414,23.674243927001953,0.0,0.0,0.0
214.0,41.497032165527344,33476.08203125,3581.070068359375,16616.73828125,13278.2724609375,3758.553955078125,21.261287689208984,0.0,12848.9111328125,0.10399993509054184,21.136863708496094,1.3833357095718384,3.3092997074127197,4.306586742401123,1.6140155792236328,2.622681140899658,5.819820880889893,0.0010088359704241157,0.37427201867103577,0.8251500129699707,0.0,0.0,0.0,0.0,4673.2548828125,305.8486022949219,450.513427734375,457.875244140625,367.7374267578125,0.0,1990.6246337890625,0.22461508214473724,22.45631980895996,73.52086639404297,0.0,0.0,0.0,312.70037841796875,312.70037841796875,155.98611450195312,185.45303344726562,161.55064392089844,0.0,0.0,0.0,155.98611450195312,185.45303344726562,161.55064392089844,0.0,0.0,0.0,24.364648818969727,32.983726501464844,25.99227523803711,0.0,0.0,0.0
215.0,41.5319709777832,33480.578125,3581.070068359375,16621.236328125,13278.2724609375,3758.553955078125,20.857284545898438,0.0,13092.564453125,0.10418954491615295,21.162141799926758,1.3858027458190918,3.3092997074127197,4.3129963874816895,1.6140155792236328,2.622681140899658,5.820413112640381,0.0010088359704241157,0.37427201867103577,0.8251500129699707,0.0,0.0,0.0,0.0,4663.80419921875,305.4091796875,449.2640686035156,1883.6978759765625,641.0201416015625,0.0,465.5818786621094,0.02855953574180603,22.45631980895996,73.52086639404297,0.0,0.0,0.0,314.0926818847656,314.0926818847656,118.9541015625,160.5146026611328,149.10498046875,0.0,0.0,0.0,118.9541015625,160.5146026611328,149.10498046875,0.0,0.0,0.0,13.936789512634277,26.09323501586914,22.75592041015625,0.0,0.0,0.0
216.0,41.54777145385742,33482.0,3581.070068359375,16622.66015625,13278.2724609375,3758.553955078125,20.392200469970703,0.4318055510520935,13383.208984375,0.10427272319793701,21.173234939575195,1.3868730068206787,3.3092997074127197,4.316289901733398,1.6140155792236328,2.622681140899658,5.820672988891602,0.0010088359704241157,0.37427201867103577,0.8251500129699707,0.0,0.0,0.0,0.0,4721.25146484375,309.247802734375,453.22027587890625,1932.3087158203125,644.7489624023438,0.0,542.3336791992188,0.033267006278038025,22.45631980895996,73.52086639404297,0.0,0.0,0.0,315.5266418457031,315.5266418457031,135.32240295410156,154.24501037597656,135.456298828125,0.0,0.0,0.0,135.32240295410156,154.24501037597656,135.456298828125,0.0,0.0,0.0,18.757797241210938,24.292661666870117,18.796960830688477,0.0,0.0,0.0
217.0,41.55427169799805,33529.64453125,3581.070068359375,16623.109375,13325.462890625,3758.553955078125,19.63767433166504,0.0,13900.6982421875,0.10430102795362473,21.17700958251953,1.3872379064559937,3.3092997074127197,4.318533897399902,1.6140155792236328,2.622681140899658,5.820761680603027,0.0010088359704241157,0.37427201867103577,0.8251500129699707,0.0,0.0,0.0,0.0,4732.3857421875,310.0033874511719,453.7296142578125,1949.293212890625,1054.509033203125,0.0,486.27691650390625,0.0298282690346241,6.399068832397461,53.588905334472656,0.0,0.0,0.0,317.0023498535156,317.0023498535156,84.04150390625,120.40444946289062,98.15128326416016,0.0,0.0,0.0,84.04150390625,120.40444946289062,98.15128326416016,0.0,0.0,0.0,4.944464683532715,15.580628395080566,9.071575164794922,0.0,0.0,0.0
218.0,41.557777404785156,33696.15234375,3581.070068359375,16624.26953125,13490.8134765625,3758.553955078125,19.606712341308594,0.0,13990.908203125,0.10431336611509323,21.17865562438965,1.3873953819274902,3.3092997074127197,4.320185661315918,1.6140155792236328,2.622681140899658,5.820799827575684,0.0010088359704241157,0.37427201867103577,0.8251500129699707,0.0,0.0,0.0,0.0,4749.056640625,311.1065979003906,454.8734130859375,1962.4161376953125,1056.3089599609375,0.0,509.0762023925781,0.031226694583892822,7.911769390106201,54.71471405029297,0.0,0.0,0.0,318.4853820800781,318.4853820800781,101.0735855102539,128.9637451171875,103.47053527832031,0.0,0.0,0.0,101.0735855102539,128.9637451171875,103.47053527832031,0.0,0.0,0.0,9.95730972290039,18.115182876586914,10.658419609069824,0.0,0.0,0.0
219.0,41.56010818481445,33726.40625,3581.070068359375,16624.63671875,13520.7001953125,3758.553955078125,20.24275779724121,0.0,13580.0537109375,0.1043291985988617,21.180728912353516,1.387580156326294,3.3092997074127197,4.320193767547607,1.6140155792236328,2.622681140899658,5.820849418640137,0.0010088359704241157,0.37427201867103577,0.8251500129699707,0.0,0.0,0.0,0.0,4708.4296875,308.4560241699219,451.9559020996094,1942.1748046875,875.4852294921875,0.0,482.38214111328125,0.029589178040623665,5.487428188323975,52.91042709350586,0.0,0.0,0.0,319.92657470703125,319.92657470703125,109.73783111572266,135.34494018554688,121.1537857055664,0.0,0.0,0.0,109.73783111572266,135.34494018554688,121.1537857055664,0.0,0.0,0.0,11.85555648803711,19.34563636779785,15.194723129272461,0.0,0.0,0.0
220.0,41.9434700012207,34125.875,3581.070068359375,17024.103515625,13520.7001953125,3758.553955078125,20.4836368560791,0.0,13581.4169921875,0.10691399872303009,21.51877784729004,1.4216006994247437,3.3092997074127197,4.320865154266357,1.6140155792236328,2.622681140899658,5.828884124755859,0.0010088359704241157,0.37427201867103577,0.8251500129699707,0.0,0.0,0.0,0.0,4819.64404296875,318.4013977050781,454.9375,1985.7923583984375,543.4853515625,0.0,636.1195068359375,0.03899794816970825,11.22815990447998,57.18289566040039,0.0,0.0,0.0,321.32623291015625,321.32623291015625,118.15070343017578,142.0210723876953,126.0054931640625,0.0,0.0,0.0,118.15070343017578,142.0210723876953,126.0054931640625,0.0,0.0,0.0,14.075443267822266,21.057525634765625,16.372968673706055,0.0,0.0,0.0
221.0,42.486080169677734,34252.265625,3581.070068359375,17150.49609375,13520.7001953125,3758.553955078125,21.56015968322754,0.0,12975.2451171875,0.11057312041521072,21.997325897216797,1.4697712659835815,3.3092997074127197,4.321722984313965,1.6140155792236328,2.622681140899658,5.840259075164795,0.0010088359704241157,0.37427201867103577,0.8251500129699707,0.0,0.0,0.0,0.0,4786.1884765625,319.79351806640625,445.5378723144531,1927.8541259765625,381.5353088378906,0.0,502.5340881347656,0.030784422531723976,2.747690200805664,50.934574127197266,0.0,0.0,0.0,322.695556640625,322.695556640625,109.8648452758789,134.19749450683594,123.71136474609375,0.0,0.0,0.0,109.8648452758789,134.19749450683594,123.71136474609375,0.0,0.0,0.0,10.57530689239502,17.692607879638672,14.62541389465332,0.0,0.0,0.0
222.0,42.79106903076172,34292.2578125,3581.070068359375,17190.48828125,13520.7001953125,3758.553955078125,21.87043571472168,0.0,12814.302734375,0.11263008415699005,22.266340255737305,1.496850609779358,3.3092997074127197,4.322168827056885,1.6140155792236328,2.622681140899658,5.846653461456299,0.0010088359704241157,0.37427201867103577,0.8251500129699707,0.0,0.0,0.0,0.0,4787.44677734375,321.8352355957031,441.75787353515625,1893.91552734375,359.1505126953125,0.0,454.2828063964844,0.02781647816300392,0.0,49.013912200927734,0.0,0.0,0.0,324.0136413574219,324.0136413574219,121.6041488647461,124.38668060302734,120.08502197265625,0.0,0.0,0.0,121.6041488647461,124.38668060302734,120.08502197265625,0.0,0.0,0.0,13.69877815246582,14.51266860961914,13.254433631896973,0.0,0.0,0.0
223.0,42.92974853515625,34304.9140625,3581.070068359375,17203.142578125,13520.7001953125,3758.553955078125,22.21626853942871,0.0,12628.7041015625,0.11356546729803085,22.388669967651367,1.5091644525527954,3.3092997074127197,4.322360515594482,1.6140155792236328,2.622681140899658,5.8495612144470215,0.0010088359704241157,0.37427201867103577,0.8251500129699707,0.0,0.0,0.0,0.0,4764.650390625,321.1732177734375,438.44061279296875,1855.6507568359375,350.36370849609375,0.0,401.8121337890625,0.024598728865385056,0.0,49.013912200927734,0.0,0.0,0.0,325.300048828125,325.300048828125,114.46142578125,136.57102966308594,121.99403381347656,0.0,0.0,0.0,114.46142578125,136.57102966308594,121.99403381347656,0.0,0.0,0.0,11.26369857788086,17.73076057434082,13.466986656188965,0.0,0.0,0.0
224.0,42.98697280883789,34308.91796875,3581.070068359375,17207.146484375,13520.7001953125,3758.553955078125,21.598928451538086,0.0,12979.2041015625,0.1139526218175888,22.439193725585938,1.5142498016357422,3.3092997074127197,4.322384357452393,1.6140155792236328,2.622681140899658,5.850765228271484,0.0010088359704241157,0.37427201867103577,0.8251500129699707,0.0,0.0,0.0,0.0,4855.72998046875,327.6761474609375,444.0067138671875,1887.421630859375,280.8515625,0.0,524.2487182617188,0.03209158778190613,22.45631980895996,73.52086639404297,0.0,0.0,0.0,326.5746154785156,326.5746154785156,132.75796508789062,167.0524139404297,134.37588500976562,0.0,0.0,0.0,132.75796508789062,167.0524139404297,134.37588500976562,0.0,0.0,0.0,17.232778549194336,27.263904571533203,17.706016540527344,0.0,0.0,0.0
225.0,43.134803771972656,34945.40234375,4085.169921875,17339.53125,13520.7001953125,3758.553955078125,22.017343521118164,0.0,12971.0849609375,0.11490420252084732,22.563364028930664,1.52677583694458,3.313551902770996,4.325351238250732,1.6140155792236328,2.622681140899658,5.853728294372559,0.0010088359704241157,0.37427201867103577,0.8251500129699707,0.0,0.0,0.0,0.0,4865.4345703125,329.2251892089844,443.4329528808594,489.4288330078125,287.52374267578125,0.0,1898.0318603515625,0.1161634549498558,22.45631980895996,73.52086639404297,0.0,0.0,0.0,327.8795166015625,327.8795166015625,135.20249938964844,188.00469970703125,144.28053283691406,0.0,0.0,0.0,135.20249938964844,188.00469970703125,144.28053283691406,0.0,0.0,0.0,17.529386520385742,32.97403335571289,20.184711456298828,0.0,0.0,0.0
226.0,43.48391342163086,35184.41015625,4085.169921875,17578.541015625,13520.7001953125,3758.553955078125,21.886260986328125,0.0,13133.75,0.11683035641908646,22.814794540405273,1.5516307353973389,3.3711163997650146,4.3326897621154785,1.6140155792236328,2.622681140899658,5.8597259521484375,0.0010088359704241157,0.37427201867103577,0.8251500129699707,0.0,0.0,0.0,0.0,4906.65576171875,333.7008972167969,450.0112609863281,1606.8062744140625,362.82861328125,0.0,761.3681640625,0.04657815769314766,22.45631980895996,73.52086639404297,0.0,0.0,0.0,329.2230224609375,329.2230224609375,151.5251922607422,169.64273071289062,150.78570556640625,0.0,0.0,0.0,151.5251922607422,169.64273071289062,150.78570556640625,0.0,0.0,0.0,22.434858322143555,27.734235763549805,22.218557357788086,0.0,0.0,0.0
227.0,43.91744613647461,35307.078125,4085.169921875,17701.208984375,13520.7001953125,3758.553955078125,21.541908264160156,1.473025918006897,13382.73828125,0.11907964944839478,23.108352661132812,1.5812599658966064,3.463134765625,4.341760158538818,1.6140155792236328,2.622681140899658,5.866730213165283,0.0010088359704241157,0.37427201867103577,0.8251500129699707,0.0,0.0,0.0,0.0,4927.740234375,337.19573974609375,458.8572692871094,1809.396728515625,630.8604736328125,0.0,423.6636657714844,0.02590600587427616,22.45631980895996,73.52086639404297,0.0,0.0,0.0,330.6134948730469,330.6134948730469,156.2491455078125,174.068115234375,159.19435119628906,0.0,0.0,0.0,156.2491455078125,174.068115234375,159.19435119628906,0.0,0.0,0.0,22.68794059753418,27.899991989135742,23.549415588378906,0.0,0.0,0.0
228.0,44.183990478515625,35345.890625,4085.169921875,17740.01953125,13520.7001953125,3758.553955078125,21.10172462463379,0.0,13668.265625,0.12041828781366348,23.28304100036621,1.5990797281265259,3.5261013507843018,4.347323417663574,1.6140155792236328,2.622681140899658,5.870899200439453,0.0010088359704241157,0.37427201867103577,0.8251500129699707,0.0,0.0,0.0,0.0,5000.32666015625,343.42254638671875,469.4117736816406,1854.0372314453125,633.0333251953125,0.0,478.3668212890625,0.029242627322673798,22.45631980895996,73.52086639404297,0.0,0.0,0.0,332.05096435546875,332.05096435546875,135.28692626953125,154.59156799316406,132.28045654296875,0.0,0.0,0.0,135.28692626953125,154.59156799316406,132.28045654296875,0.0,0.0,0.0,18.469701766967773,24.11630630493164,17.590309143066406,0.0,0.0,0.0
229.0,44.309261322021484,35401.53515625,4085.169921875,17752.30078125,13564.0654296875,3758.553955078125,20.323198318481445,0.0,14196.7177734375,0.1210300549864769,23.362871170043945,1.6072567701339722,3.5574073791503906,4.350766181945801,1.6140155792236328,2.622681140899658,5.872804164886475,0.0010088359704241157,0.37427201867103577,0.8251500129699707,0.0,0.0,0.0,0.0,5027.15673828125,345.844970703125,473.9121398925781,1875.5772705078125,1035.23291015625,0.0,422.310546875,0.025812536478042603,0.0,49.013912200927734,0.0,0.0,0.0,333.53582763671875,333.53582763671875,103.01924133300781,120.49796295166016,115.09258270263672,0.0,0.0,0.0,103.01924133300781,120.49796295166016,115.09258270263672,0.0,0.0,0.0,9.809931755065918,14.922457695007324,13.341382026672363,0.0,0.0,0.0
230.0,44.36254119873047,35570.73828125,4085.169921875,17756.90625,13728.662109375,3758.553955078125,20.287315368652344,0.0,14288.775390625,0.1212838739156723,23.395992279052734,1.6106512546539307,3.571169137954712,4.352721214294434,1.6140155792236328,2.622681140899658,5.873594760894775,0.0010088359704241157,0.37427201867103577,0.8251500129699707,0.0,0.0,0.0,0.0,5047.3984375,347.478271484375,476.58355712890625,1889.1346435546875,1036.541259765625,0.0,443.4090576171875,0.027100658044219017,0.0,49.013912200927734,0.0,0.0,0.0,335.03240966796875,335.03240966796875,104.37152862548828,131.81509399414062,116.15764617919922,0.0,0.0,0.0,104.37152862548828,131.81509399414062,116.15764617919922,0.0,0.0,0.0,10.24135684967041,18.268600463867188,13.688796997070312,0.0,0.0,0.0
231.0,44.384254455566406,35601.8359375,4085.169921875,17758.36328125,13758.302734375,3758.553955078125,20.945722579956055,0.0,13869.1044921875,0.12142989039421082,23.414710998535156,1.6126039028167725,3.5715556144714355,4.352778911590576,1.6140155792236328,2.622681140899658,5.87404727935791,0.0010088359704241157,0.37427201867103577,0.8251500129699707,0.0,0.0,0.0,0.0,5004.01611328125,344.6335754394531,473.3404235839844,1862.129638671875,858.8511352539062,0.0,413.43389892578125,0.0252678245306015,0.0,49.013912200927734,0.0,0.0,0.0,336.4930725097656,336.4930725097656,122.86865234375,136.4679412841797,122.41796112060547,0.0,0.0,0.0,122.86865234375,136.4679412841797,122.41796112060547,0.0,0.0,0.0,14.993358612060547,18.97115135192871,14.861531257629395,0.0,0.0,0.0
232.0,44.73829650878906,35966.421875,4085.169921875,18122.947265625,13758.302734375,3758.553955078125,21.161449432373047,0.0,13870.4384765625,0.12380336225032806,23.718894958496094,1.6433558464050293,3.580479860305786,4.353236675262451,1.6140155792236328,2.622681140899658,5.881401062011719,0.0010088359704241157,0.37427201867103577,0.8251500129699707,0.0,0.0,0.0,0.0,5105.677734375,353.7452087402344,477.3924560546875,1931.9677734375,533.0148315429688,0.0,549.8275756835938,0.03358696028590202,2.49991774559021,50.76137924194336,0.0,0.0,0.0,337.91552734375,337.91552734375,117.05977630615234,141.88656616210938,128.77467346191406,0.0,0.0,0.0,117.05977630615234,141.88656616210938,128.77467346191406,0.0,0.0,0.0,13.078534126281738,20.34037208557129,16.50514030456543,0.0,0.0,0.0
233.0,45.24272155761719,36087.0,4085.169921875,18243.525390625,13758.302734375,3758.553955078125,22.267066955566406,0.0,13251.3076171875,0.1269947737455368,24.127899169921875,1.684579610824585,3.6210379600524902,4.353793621063232,1.6140155792236328,2.622681140899658,5.891288757324219,0.0010088359704241157,0.37427201867103577,0.8251500129699707,0.0,0.0,0.0,0.0,5057.4736328125,353.1064453125,473.4089050292969,1843.6939697265625,374.6995544433594,0.0,435.0695495605469,0.026558924466371536,0.0,49.013912200927734,0.0,0.0,0.0,339.3092956542969,339.3092956542969,116.3482437133789,134.9770050048828,122.49517822265625,0.0,0.0,0.0,116.3482437133789,134.9770050048828,122.49517822265625,0.0,0.0,0.0,11.764792442321777,17.21370506286621,13.562771797180176,0.0,0.0,0.0
234.0,45.52949523925781,36202.671875,4085.169921875,18359.19921875,13758.302734375,3758.553955078125,22.633949279785156,0.0,13086.87109375,0.12802846729755402,24.260419845581055,1.6973837614059448,3.7580831050872803,4.353961944580078,1.6140155792236328,2.622681140899658,5.894491195678711,0.0010088359704241157,0.37427201867103577,0.8251500129699707,0.0,0.0,0.0,0.0,5037.58837890625,352.4555969238281,487.2323913574219,1804.275146484375,353.14190673828125,0.0,394.3124084472656,0.02406565472483635,0.0,45.3581428527832,0.0,0.0,0.0,340.6525573730469,340.6525573730469,103.06375122070312,130.73440551757812,121.79393768310547,0.0,0.0,0.0,103.06375122070312,130.73440551757812,121.79393768310547,0.0,0.0,0.0,7.512197017669678,15.605865478515625,12.990777015686035,0.0,0.0,0.0
235.0,45.945125579833984,36373.7265625,4085.169921875,18530.25390625,13758.302734375,3758.553955078125,23.09249496459961,0.0,12897.2587890625,0.1291576623916626,24.405094146728516,1.7123267650604248,4.0057148933410645,4.354138374328613,1.6140155792236328,2.622681140899658,5.901566505432129,0.0010088359704241157,0.37427201867103577,0.8251500129699707,0.0,0.0,0.0,0.0,5007.4228515625,351.33416748046875,513.4306640625,1747.9364013671875,344.2153015136719,0.0,340.1534729003906,0.020750287920236588,0.0,40.84492492675781,0.0,0.0,0.0,341.9635314941406,341.9635314941406,124.61335754394531,132.57545471191406,113.65725708007812,0.0,0.0,0.0,124.61335754394531,132.57545471191406,113.65725708007812,0.0,0.0,0.0,13.356911659240723,15.68582534790039,10.152253150939941,0.0,0.0,0.0
236.0,46.26084518432617,36431.8203125,4085.169921875,18588.34765625,13758.302734375,3758.553955078125,22.483400344848633,0.0,13255.15234375,0.12992891669273376,24.50389862060547,1.7226579189300537,4.204076766967773,4.354257583618164,1.6140155792236328,2.622681140899658,5.908896446228027,0.0010088359704241157,0.37427201867103577,0.8251500129699707,0.0,0.0,0.0,0.0,5096.29638671875,358.27667236328125,543.2479248046875,1768.354248046875,275.4395446777344,0.0,447.5115661621094,0.027285901829600334,22.45631980895996,73.52086639404297,0.0,0.0,0.0,343.2606201171875,343.2606201171875,118.28181457519531,158.5999755859375,97.5410385131836,0.0,0.0,0.0,118.28181457519531,158.5999755859375,97.5410385131836,0.0,0.0,0.0,12.114029884338379,23.90709114074707,6.047353267669678,0.0,0.0,0.0
237.0,46.4220085144043,36450.19921875,4085.169921875,18606.728515625,13758.302734375,3854.107177734375,22.512954711914062,0.0,13246.7978515625,0.13028308749198914,24.549266815185547,1.7274361848831177,4.304723262786865,4.360092639923096,1.6140155792236328,2.622681140899658,5.913078784942627,0.0010088359704241157,0.37427201867103577,0.8251500129699707,0.0,0.0,0.0,0.0,5093.99072265625,358.44427490234375,554.7349243164062,551.4249877929688,282.14312744140625,0.0,1641.330322265625,0.14100708067417145,22.45631980895996,73.52086639404297,0.0,0.0,0.0,344.57745361328125,344.57745361328125,165.8267364501953,185.37071228027344,138.1580352783203,0.0,0.0,0.0,165.8267364501953,185.37071228027344,138.1580352783203,0.0,0.0,0.0,25.991369247436523,31.707979202270508,17.898273468017578,0.0,0.0,0.0
238.0,46.49735641479492,36461.2109375,4085.169921875,18617.736328125,13758.302734375,3854.107177734375,22.233335494995117,0.0,13412.8583984375,0.13043361902236938,24.56855010986328,1.7294542789459229,4.350504398345947,4.36616849899292,1.6140155792236328,2.622681140899658,5.91511869430542,0.0010088359704241157,0.37427201867103577,0.8251500129699707,0.0,0.0,0.0,0.0,5111.9873046875,359.8481750488281,561.47412109375,599.3045043945312,356.9643249511719,0.0,1603.040771484375,0.09770043939352036,22.45631980895996,73.52086639404297,0.0,0.0,0.0,345.9250793457031,345.9250793457031,155.5718536376953,184.75274658203125,149.73495483398438,0.0,0.0,0.0,155.5718536376953,184.75274658203125,149.73495483398438,0.0,0.0,0.0,23.271432876586914,31.80684471130371,21.56414031982422,0.0,0.0,0.0
239.0,46.53281021118164,36464.69140625,4085.169921875,18621.220703125,13758.302734375,3854.107177734375,21.80915069580078,0.8874244689941406,13667.0771484375,0.1304934322834015,24.576215744018555,1.730231523513794,4.373159885406494,4.369579792022705,1.6140155792236328,2.622681140899658,5.916001796722412,0.0010088359704241157,0.37427201867103577,0.8251500129699707,0.0,0.0,0.0,0.0,5108.39208984375,359.6445007324219,563.7322387695312,1727.0982666015625,622.9539184570312,0.0,380.7124328613281,0.023201867938041687,22.45631980895996,73.52086639404297,0.0,0.0,0.0,347.32177734375,347.32177734375,146.57373046875,162.43238830566406,145.1520538330078,0.0,0.0,0.0,146.57373046875,162.43238830566406,145.1520538330078,0.0,0.0,0.0,20.176239013671875,24.814897537231445,19.760398864746094,0.0,0.0,0.0
240.0,46.547698974609375,36482.546875,4085.169921875,18639.076171875,13758.302734375,3854.107177734375,21.367645263671875,0.0,13947.5263671875,0.13049961626529694,24.577009201049805,1.7303059101104736,4.386647701263428,4.370010852813721,1.6140155792236328,2.622681140899658,5.9160990715026855,0.0010088359704241157,0.37427201867103577,0.8251500129699707,0.0,0.0,0.0,0.0,5161.97705078125,363.4208984375,569.7467041015625,1826.12158203125,626.0670776367188,0.0,449.62518310546875,0.027401452884078026,0.0,49.013912200927734,0.0,0.0,0.0,348.7605895996094,348.7605895996094,127.84540557861328,139.47451782226562,131.96661376953125,0.0,0.0,0.0,127.84540557861328,139.47451782226562,131.96661376953125,0.0,0.0,0.0,16.027135848999023,19.428651809692383,17.232589721679688,0.0,0.0,0.0
241.0,46.615089416503906,36556.82421875,4085.169921875,18673.78125,13797.873046875,3854.107177734375,20.587936401367188,0.0,14486.705078125,0.13051779568195343,24.5793399810791,1.7305423021316528,4.449413299560547,4.371380805969238,1.6140155792236328,2.622681140899658,5.916768550872803,0.0010088359704241157,0.37427201867103577,0.8251500129699707,0.0,0.0,0.0,0.0,5184.18994140625,365.00006103515625,579.2040405273438,1804.61572265625,1024.9649658203125,0.0,400.85162353515625,0.02442793920636177,0.0,48.85478591918945,0.0,0.0,0.0,350.23406982421875,350.23406982421875,94.22491455078125,116.07421112060547,107.87153625488281,0.0,0.0,0.0,94.22491455078125,116.07421112060547,107.87153625488281,0.0,0.0,0.0,6.972850799560547,13.363771438598633,10.96448802947998,0.0,0.0,0.0
242.0,46.67344665527344,36732.06640625,4085.169921875,18685.208984375,13961.6865234375,3854.107177734375,20.55173110961914,0.0,14580.578125,0.13053123652935028,24.58106231689453,1.730718731880188,4.502318382263184,4.374156475067139,1.6140155792236328,2.622681140899658,5.917531490325928,0.0010088359704241157,0.37427201867103577,0.8251500129699707,0.0,0.0,0.0,0.0,5199.68359375,366.1025695800781,587.0349731445312,1818.2821044921875,1026.3807373046875,0.0,422.9316101074219,0.025772159919142723,0.0,49.013912200927734,0.0,0.0,0.0,351.7147216796875,351.7147216796875,110.32186126708984,131.1995849609375,126.47042083740234,0.0,0.0,0.0,110.32186126708984,131.1995849609375,126.47042083740234,0.0,0.0,0.0,11.717413902282715,17.824146270751953,16.440868377685547,0.0,0.0,0.0
243.0,46.705562591552734,36766.74609375,4085.169921875,18690.49609375,13991.078125,3854.107177734375,21.220901489257812,0.0,14152.2724609375,0.13053584098815918,24.58165168762207,1.7307825088500977,4.522164821624756,4.377331733703613,1.6140155792236328,2.622681140899658,5.925968647003174,0.0010088359704241157,0.37427201867103577,0.8251500129699707,0.0,0.0,0.0,0.0,5150.96728515625,362.67718505859375,585.3995361328125,1790.612060546875,850.4517822265625,0.0,391.7886962890625,0.02386089600622654,0.0,47.58787536621094,0.0,0.0,0.0,353.1646728515625,353.1646728515625,128.57864379882812,137.04229736328125,118.49394226074219,0.0,0.0,0.0,128.57864379882812,137.04229736328125,118.49394226074219,0.0,0.0,0.0,16.388351440429688,18.863971710205078,13.438576698303223,0.0,0.0,0.0
244.0,46.73426055908203,36781.95703125,4085.169921875,18705.708984375,13991.078125,3854.107177734375,21.230955123901367,0.0,14153.5576171875,0.1305387169122696,24.582019805908203,1.7308193445205688,4.535070896148682,4.38081169128418,1.6140155792236328,2.622681140899658,5.937870025634766,0.0010088359704241157,0.37427201867103577,0.8251500129699707,0.0,0.0,0.0,0.0,5215.318359375,367.2104187011719,592.4888305664062,1880.565673828125,529.0699462890625,0.0,542.9517211914062,0.033040449023246765,1.356971025466919,49.96244812011719,0.0,0.0,0.0,354.5809631347656,354.5809631347656,126.80619049072266,141.9712371826172,125.15019989013672,0.0,0.0,0.0,126.80619049072266,141.9712371826172,125.15019989013672,0.0,0.0,0.0,15.859854698181152,20.29563331604004,15.375478744506836,0.0,0.0,0.0
245.0,46.75938415527344,36786.76953125,4085.169921875,18710.5234375,13991.078125,3854.107177734375,22.269657135009766,0.0,13521.7255859375,0.13054057955741882,24.582260131835938,1.7308416366577148,4.547836780548096,4.383458614349365,1.6140155792236328,2.622681140899658,5.947318077087402,0.0010088359704241157,0.37427201867103577,0.8251500129699707,0.0,0.0,0.0,0.0,5120.95751953125,360.5675964355469,586.0824584960938,1813.896484375,373.431884765625,0.0,448.00048828125,0.027244778349995613,0.0,49.013912200927734,0.0,0.0,0.0,355.9720764160156,355.9720764160156,102.5256118774414,136.5312042236328,128.48785400390625,0.0,0.0,0.0,102.5256118774414,136.5312042236328,128.48785400390625,0.0,0.0,0.0,7.719085216522217,17.665721893310547,15.313039779663086,0.0,0.0,0.0
246.0,46.77241134643555,36852.78515625,4085.169921875,18776.5390625,13991.078125,3854.107177734375,22.605119705200195,0.0,13353.8701171875,0.1305406540632248,24.5822696685791,1.7308423519134521,4.560307025909424,4.383575439453125,1.6140155792236328,2.622681140899658,5.947746276855469,0.0010088359704241157,0.37427201867103577,0.8251500129699707,0.0,0.0,0.0,0.0,5090.79736328125,358.44403076171875,585.0327758789062,1788.7222900390625,352.55987548828125,0.0,413.0252990722656,0.025117047131061554,0.0,48.96335220336914,0.0,0.0,0.0,357.31549072265625,357.31549072265625,117.61640930175781,126.63731384277344,122.4352035522461,0.0,0.0,0.0,117.61640930175781,126.63731384277344,122.4352035522461,0.0,0.0,0.0,11.797679901123047,14.436294555664062,13.207176208496094,0.0,0.0,0.0
247.0,47.014949798583984,36985.53125,4085.169921875,18909.28125,13991.078125,3854.107177734375,23.037748336791992,0.0,13160.330078125,0.13054151833057404,24.582380294799805,1.7308526039123535,4.796157360076904,4.384976863861084,1.6140155792236328,2.622681140899658,5.9529128074646,0.0010088359704241157,0.37427201867103577,0.8251500129699707,0.0,0.0,0.0,0.0,5045.17041015625,355.23193359375,609.8673095703125,1742.733642578125,344.1329345703125,0.0,364.80108642578125,0.022176602855324745,0.0,43.93236541748047,0.0,0.0,0.0,358.6292419433594,358.6292419433594,112.70990753173828,131.17396545410156,120.46434783935547,0.0,0.0,0.0,112.70990753173828,131.17396545410156,120.46434783935547,0.0,0.0,0.0,9.929899215698242,15.33063793182373,12.198071479797363,0.0,0.0,0.0
248.0,47.231693267822266,37027.53125,4085.169921875,18951.283203125,13991.078125,3854.107177734375,22.41910171508789,0.0,13525.4609375,0.13054218888282776,24.58246612548828,1.730860710144043,5.007549285888672,4.386096000671387,1.6140155792236328,2.622681140899658,5.95704984664917,0.0010088359704241157,0.37427201867103577,0.8251500129699707,0.0,0.0,0.0,0.0,5123.52099609375,360.7490539550781,642.8262939453125,1768.0203857421875,275.6125793457031,0.0,483.7989501953125,0.02940230630338192,22.45631980895996,73.52086639404297,0.0,0.0,0.0,359.93023681640625,359.93023681640625,119.00045013427734,154.77951049804688,135.69369506835938,0.0,0.0,0.0,119.00045013427734,154.77951049804688,135.69369506835938,0.0,0.0,0.0,12.388531684875488,22.85390853881836,17.27130699157715,0.0,0.0,0.0
249.0,47.34457015991211,37040.8203125,4085.169921875,18964.572265625,13991.078125,3982.672119140625,22.44538116455078,0.0,13516.87109375,0.13054248690605164,24.582504272460938,1.730864405632019,5.109953880310059,4.392061233520508,1.6140155792236328,2.622681140899658,5.961514472961426,0.0010088359704241157,0.37427201867103577,0.8251500129699707,0.0,0.0,0.0,0.0,5116.30029296875,360.2408447265625,654.66455078125,1677.358642578125,282.4400329589844,0.0,556.4108276367188,0.03380504623055458,22.45631980895996,73.52086639404297,0.0,0.0,0.0,361.25335693359375,361.25335693359375,143.89569091796875,171.9541015625,136.85116577148438,0.0,0.0,0.0,143.89569091796875,171.9541015625,136.85116577148438,0.0,0.0,0.0,19.644107818603516,27.8511905670166,17.583585739135742,0.0,0.0,0.0
250.0,47.40163803100586,37052.69140625,4085.169921875,18976.443359375,13991.078125,3982.672119140625,22.16676139831543,0.0,13686.251953125,0.13054262101650238,24.582521438598633,1.7308659553527832,5.157310962677002,4.3981404304504395,1.6140155792236328,2.622681140899658,5.965129375457764,0.0010088359704241157,0.37427201867103577,0.8251500129699707,0.0,0.0,0.0,0.0,5132.53759765625,361.3841857910156,661.9680786132812,1472.380126953125,357.41400146484375,0.0,774.4539184570312,0.04704092815518379,22.45631980895996,73.52086639404297,0.0,0.0,0.0,362.6093444824219,362.6093444824219,98.96583557128906,171.47686767578125,135.5247344970703,0.0,0.0,0.0,98.96583557128906,171.47686767578125,135.5247344970703,0.0,0.0,0.0,6.780744552612305,27.990222930908203,17.474224090576172,0.0,0.0,0.0
251.0,47.43221664428711,37056.44921875,4085.169921875,18980.19921875,13991.078125,3982.672119140625,21.74358367919922,0.0,13945.58203125,0.13054268062114716,24.582529067993164,1.7308666706085205,5.181403160095215,4.402285575866699,1.6140155792236328,2.622681140899658,5.967460632324219,0.0010088359704241157,0.37427201867103577,0.8251500129699707,0.0,0.0,0.0,0.0,5128.740234375,361.1168518066406,664.5103149414062,1736.1649169921875,623.8280029296875,0.0,419.07501220703125,0.025450902059674263,22.45631980895996,73.52086639404297,0.0,0.0,0.0,364.01263427734375,364.01263427734375,123.39054870605469,165.5026092529297,145.56048583984375,0.0,0.0,0.0,123.39054870605469,165.5026092529297,145.56048583984375,0.0,0.0,0.0,14.348152160644531,26.665929794311523,20.832857131958008,0.0,0.0,0.0
252.0,47.44585418701172,37057.63671875,4085.169921875,18981.388671875,13991.078125,3982.672119140625,21.309871673583984,0.0,14221.0009765625,0.13054271042346954,24.58253288269043,1.7308670282363892,5.191765308380127,4.4043989181518555,1.6140155792236328,2.622681140899658,5.968617916107178,0.0010088359704241157,0.37427201867103577,0.8251500129699707,0.0,0.0,0.0,0.0,5180.78466796875,364.78131103515625,670.7302856445312,1811.82861328125,626.8566284179688,0.0,490.08392333984375,0.029761003330349922,11.22815990447998,57.18289566040039,0.0,0.0,0.0,365.4607238769531,365.4607238769531,117.23149871826172,142.0902862548828,118.80293273925781,0.0,0.0,0.0,117.23149871826172,142.0902862548828,118.80293273925781,0.0,0.0,0.0,12.980341911315918,20.251535415649414,13.439985275268555,0.0,0.0,0.0
253.0,47.451419830322266,37093.82421875,4085.169921875,18981.763671875,14026.8896484375,3982.672119140625,20.509780883789062,0.0,14770.6865234375,0.13054271042346954,24.58253288269043,1.7308670282363892,5.1945085525512695,4.406888484954834,1.6140155792236328,2.622681140899658,5.968952655792236,0.0010088359704241157,0.37427201867103577,0.8251500129699707,0.0,0.0,0.0,0.0,5206.0517578125,366.5603942871094,673.427978515625,1815.5291748046875,1026.632080078125,0.0,445.0329284667969,0.02702460065484047,0.0,49.013912200927734,0.0,0.0,0.0,366.948486328125,366.948486328125,71.63136291503906,116.3322525024414,115.50135040283203,0.0,0.0,0.0,71.63136291503906,116.3322525024414,115.50135040283203,0.0,0.0,0.0,0.44239258766174316,13.517401695251465,13.27436351776123,0.0,0.0,0.0
254.0,47.456058502197266,37259.5390625,4085.169921875,18984.47265625,14189.8974609375,3982.672119140625,20.467016220092773,0.0,14866.322265625,0.13054272532463074,24.582534790039062,1.7308671474456787,5.196045398712158,4.409787654876709,1.6140155792236328,2.622681140899658,5.969152927398682,0.0010088359704241157,0.37427201867103577,0.8251500129699707,0.0,0.0,0.0,0.0,5223.32080078125,367.7763366699219,675.2283325195312,1832.6214599609375,1028.2711181640625,0.0,468.934326171875,0.028475623577833176,0.0,49.013912200927734,0.0,0.0,0.0,368.44683837890625,368.44683837890625,108.59033966064453,131.2793731689453,113.15496063232422,0.0,0.0,0.0,108.59033966064453,131.2793731689453,113.15496063232422,0.0,0.0,0.0,11.295658111572266,17.93219757080078,12.630809783935547,0.0,0.0,0.0
255.0,47.46038055419922,37289.53515625,4085.169921875,18985.330078125,14219.033203125,3982.672119140625,21.13125991821289,0.0,14429.5498046875,0.13054272532463074,24.582534790039062,1.7308671474456787,5.196671962738037,4.41071081161499,1.6140155792236328,2.622681140899658,5.971926689147949,0.0010088359704241157,0.37427201867103577,0.8251500129699707,0.0,0.0,0.0,0.0,5174.3603515625,364.3290100097656,670.5726928710938,1803.9224853515625,852.022216796875,0.0,435.2795104980469,0.02642698958516121,0.0,49.013912200927734,0.0,0.0,0.0,369.9143981933594,369.9143981933594,114.0734634399414,137.9678955078125,123.76586151123047,0.0,0.0,0.0,114.0734634399414,137.9678955078125,123.76586151123047,0.0,0.0,0.0,12.2352294921875,19.224349975585938,15.0702543258667,0.0,0.0,0.0
256.0,47.47187805175781,37303.1875,4085.169921875,18998.982421875,14219.033203125,3982.672119140625,21.140336990356445,0.0,14430.796875,0.13054272532463074,24.582534790039062,1.7308671474456787,5.201826095581055,4.411609649658203,1.6140155792236328,2.622681140899658,5.9773688316345215,0.0010088359704241157,0.37427201867103577,0.8251500129699707,0.0,0.0,0.0,0.0,5238.89892578125,368.8731994628906,677.37841796875,1886.171875,530.0457153320312,0.0,588.8228759765625,0.035735614597797394,5.6646623611450195,53.04233169555664,0.0,0.0,0.0,371.3472900390625,371.3472900390625,121.80205535888672,142.87371826171875,124.8497085571289,0.0,0.0,0.0,121.80205535888672,142.87371826171875,124.8497085571289,0.0,0.0,0.0,14.486763954162598,20.650224685668945,15.378202438354492,0.0,0.0,0.0
257.0,47.49971389770508,37314.00390625,4085.169921875,19009.798828125,14219.033203125,3982.672119140625,22.179359436035156,0.0,13786.5166015625,0.13054272532463074,24.582534790039062,1.7308671474456787,5.215813159942627,4.413390159606934,1.6140155792236328,2.622681140899658,5.989440441131592,0.0010088359704241157,0.37427201867103577,0.8251500129699707,0.0,0.0,0.0,0.0,5143.197265625,362.1347961425781,669.8600463867188,1824.373779296875,374.0836181640625,0.0,490.8606872558594,0.029766008257865906,0.0,49.013912200927734,0.0,0.0,0.0,372.7537536621094,372.7537536621094,112.38514709472656,136.61029052734375,120.1361312866211,0.0,0.0,0.0,112.38514709472656,136.61029052734375,120.1361312866211,0.0,0.0,0.0,10.6932954788208,17.77914810180664,12.960458755493164,0.0,0.0,0.0
258.0,47.51993179321289,37317.42578125,4085.169921875,19013.220703125,14219.033203125,3982.672119140625,22.475597381591797,0.0,13615.3154296875,0.13054272532463074,24.582534790039062,1.7308671474456787,5.226451873779297,4.414555072784424,1.6140155792236328,2.622681140899658,5.997852325439453,0.0010088359704241157,0.37427201867103577,0.8251500129699707,0.0,0.0,0.0,0.0,5112.76611328125,359.9920959472656,668.1837158203125,1799.0316162109375,353.16943359375,0.0,454.6922302246094,0.027557143941521645,0.0,49.013912200927734,0.0,0.0,0.0,374.1137390136719,374.1137390136719,113.61004638671875,126.20764923095703,116.12862396240234,0.0,0.0,0.0,113.61004638671875,126.20764923095703,116.12862396240234,0.0,0.0,0.0,10.755342483520508,14.440139770507812,11.492027282714844,0.0,0.0,0.0
259.0,47.529937744140625,37318.5078125,4085.169921875,19014.302734375,14219.033203125,3982.672119140625,22.82469940185547,0.0,13417.9169921875,0.13054272532463074,24.582534790039062,1.7308671474456787,5.231688022613525,4.415398597717285,1.6140155792236328,2.622681140899658,6.0017781257629395,0.0010088359704241157,0.37427201867103577,0.8251500129699707,0.0,0.0,0.0,0.0,5074.763671875,357.3163757324219,665.1067504882812,1765.60302734375,345.0138244628906,0.0,405.73760986328125,0.024583717808127403,0.0,49.013912200927734,0.0,0.0,0.0,375.4463195800781,375.4463195800781,119.7809829711914,132.49378967285156,120.4664535522461,0.0,0.0,0.0,119.7809829711914,132.49378967285156,120.4664535522461,0.0,0.0,0.0,12.211236953735352,15.929732322692871,12.411737442016602,0.0,0.0,0.0
260.0,47.53451919555664,37319.13671875,4085.169921875,19014.93359375,14219.033203125,3982.672119140625,22.186351776123047,0.0,13790.12890625,0.13054272532463074,24.582534790039062,1.7308671474456787,5.234025955200195,4.415950775146484,1.6140155792236328,2.622681140899658,6.003470420837402,0.0010088359704241157,0.37427201867103577,0.8251500129699707,0.0,0.0,0.0,0.0,5161.6083984375,363.4311218261719,673.7456665039062,1804.120849609375,276.5549621582031,0.0,536.4998779296875,0.03250293806195259,22.45631980895996,73.52086639404297,0.0,0.0,0.0,376.7700500488281,376.7700500488281,82.0258560180664,155.64511108398438,125.63867950439453,0.0,0.0,0.0,82.0258560180664,155.64511108398438,125.63867950439453,0.0,0.0,0.0,1.8062113523483276,23.33984375,14.562960624694824,0.0,0.0,0.0
261.0,47.5366325378418,37319.3359375,4085.169921875,19015.1328125,14219.033203125,4337.05322265625,22.204631805419922,0.0,13781.3037109375,0.13054272532463074,24.582534790039062,1.7308671474456787,5.2342305183410645,4.41733455657959,1.6140155792236328,2.622681140899658,6.003995418548584,0.0010088359704241157,0.37427201867103577,0.8251500129699707,0.0,0.0,0.0,0.0,5157.94091796875,363.17291259765625,673.3713989257812,1800.4503173828125,283.51287841796875,0.0,530.2235717773438,0.03212163969874382,22.45631980895996,73.52086639404297,0.0,0.0,0.0,378.1146545410156,378.1146545410156,141.58978271484375,170.847412109375,136.96617126464844,0.0,0.0,0.0,141.58978271484375,170.847412109375,136.96617126464844,0.0,0.0,0.0,19.21038055419922,27.768238067626953,17.85797119140625,0.0,0.0,0.0
262.0,47.546905517578125,37329.21484375,4085.169921875,19025.009765625,14219.033203125,4337.05322265625,21.92757797241211,0.0,13953.923828125,0.13054272532463074,24.582534790039062,1.7308671474456787,5.23471736907959,4.4247050285339355,1.6140155792236328,2.622681140899658,6.006411075592041,0.0010088359704241157,0.37427201867103577,0.8251500129699707,0.0,0.0,0.0,0.0,5176.1875,364.4576416015625,675.1503295898438,1517.7427978515625,358.8437805175781,0.0,831.1691284179688,0.05034511908888817,22.45631980895996,73.52086639404297,0.0,0.0,0.0,379.4907531738281,379.4907531738281,98.01759338378906,173.74134826660156,130.7856903076172,0.0,0.0,0.0,98.01759338378906,173.74134826660156,130.7856903076172,0.0,0.0,0.0,6.742567539215088,28.891765594482422,16.327234268188477,0.0,0.0,0.0
263.0,47.56057357788086,37332.33984375,4085.169921875,19028.134765625,14219.033203125,4337.05322265625,21.508228302001953,0.0,14218.259765625,0.13054272532463074,24.582534790039062,1.7308671474456787,5.235291957855225,4.434605121612549,1.6140155792236328,2.622681140899658,6.009604454040527,0.0010088359704241157,0.37427201867103577,0.8251500129699707,0.0,0.0,0.0,0.0,5173.27197265625,364.25238037109375,674.893798828125,1724.8228759765625,626.3818969726562,0.0,536.5717163085938,0.03249390423297882,22.45631980895996,73.52086639404297,0.0,0.0,0.0,380.9163818359375,380.9163818359375,93.74542999267578,168.51084899902344,145.89346313476562,0.0,0.0,0.0,93.74542999267578,168.51084899902344,145.89346313476562,0.0,0.0,0.0,5.9123101234436035,27.781192779541016,21.16560935974121,0.0,0.0,0.0
264.0,47.56819534301758,37333.328125,4085.169921875,19029.125,14219.033203125,4337.05322265625,21.094362258911133,0.16657589375972748,14488.6806640625,0.13054272532463074,24.582534790039062,1.7308671474456787,5.235585689544678,4.440159797668457,1.6140155792236328,2.622681140899658,6.011377811431885,0.0010088359704241157,0.37427201867103577,0.8251500129699707,0.0,0.0,0.0,0.0,5224.662109375,367.8707580566406,679.8486328125,1833.2542724609375,629.3746337890625,0.0,545.859130859375,0.033052366226911545,22.45631980895996,73.52086639404297,0.0,0.0,0.0,382.39031982421875,382.39031982421875,133.69090270996094,153.4892120361328,134.0335693359375,0.0,0.0,0.0,133.69090270996094,153.4892120361328,134.0335693359375,0.0,0.0,0.0,17.843650817871094,23.634654998779297,17.943878173828125,0.0,0.0,0.0
265.0,47.571651458740234,37365.71875,4085.169921875,19029.4375,14251.1123046875,4337.05322265625,20.299440383911133,0.0,15048.62890625,0.13054272532463074,24.582534790039062,1.7308671474456787,5.235691070556641,4.4422926902771,1.6140155792236328,2.622681140899658,6.012593746185303,0.0010088359704241157,0.37427201867103577,0.8251500129699707,0.0,0.0,0.0,0.0,5250.62939453125,369.6991271972656,682.3217163085938,1862.5631103515625,1030.813232421875,0.0,503.6559753417969,0.030494390055537224,2.239100694656372,50.579063415527344,0.0,0.0,0.0,383.90875244140625,383.90875244140625,100.78318786621094,119.10928344726562,115.58676147460938,0.0,0.0,0.0,100.78318786621094,119.10928344726562,115.58676147460938,0.0,0.0,0.0,9.179642677307129,14.540024757385254,13.509686470031738,0.0,0.0,0.0
266.0,47.573612213134766,37528.55078125,4085.169921875,19030.099609375,14413.28125,4337.05322265625,20.25487518310547,0.0,15145.9931640625,0.13054272532463074,24.582534790039062,1.7308671474456787,5.235738277435303,4.443295478820801,1.6140155792236328,2.622681140899658,6.0135064125061035,0.0010088359704241157,0.37427201867103577,0.8251500129699707,0.0,0.0,0.0,0.0,5268.25146484375,370.93994140625,683.9807739257812,1876.5748291015625,1032.4862060546875,0.0,528.6069946289062,0.032003097236156464,3.9405879974365234,51.7684211730957,0.0,0.0,0.0,385.44091796875,385.44091796875,106.71717834472656,131.2323455810547,119.65065002441406,0.0,0.0,0.0,106.71717834472656,131.2323455810547,119.65065002441406,0.0,0.0,0.0,10.959897994995117,18.130586624145508,14.742939949035645,0.0,0.0,0.0
267.0,47.57493209838867,37557.984375,4085.169921875,19030.30859375,14442.5029296875,4337.05322265625,20.912601470947266,0.0,14700.927734375,0.13054272532463074,24.582534790039062,1.7308671474456787,5.235741138458252,4.443507671356201,1.6140155792236328,2.622681140899658,6.01461124420166,0.0010088359704241157,0.37427201867103577,0.8251500129699707,0.0,0.0,0.0,0.0,5218.33544921875,367.42529296875,679.1134643554688,1851.4608154296875,855.4557495117188,0.0,493.0035705566406,0.029845310375094414,0.8574881553649902,49.613304138183594,0.0,0.0,0.0,386.94097900390625,386.94097900390625,113.38410186767578,138.22467041015625,122.80913543701172,0.0,0.0,0.0,113.38410186767578,138.22467041015625,122.80913543701172,0.0,0.0,0.0,12.252248764038086,19.518112182617188,15.009069442749023,0.0,0.0,0.0
268.0,47.58787536621094,37570.90625,4085.169921875,19043.232421875,14442.5029296875,4337.05322265625,20.921245574951172,0.0,14702.125,0.13054272532463074,24.582534790039062,1.7308671474456787,5.235755443572998,4.445334434509277,1.6140155792236328,2.622681140899658,6.0257134437561035,0.0010088359704241157,0.37427201867103577,0.8251500129699707,0.0,0.0,0.0,0.0,5284.0927734375,372.0553283691406,685.4202270507812,1928.596923828125,532.2298583984375,0.0,646.3668212890625,0.0391002781689167,9.751311302185059,56.083770751953125,0.0,0.0,0.0,388.4058532714844,388.4058532714844,123.67489624023438,142.3391571044922,123.61605834960938,0.0,0.0,0.0,123.67489624023438,142.3391571044922,123.61605834960938,0.0,0.0,0.0,15.253662109375,20.71295928955078,15.236451148986816,0.0,0.0,0.0
269.0,47.6056022644043,37574.9921875,4085.169921875,19047.3203125,14442.5029296875,4337.05322265625,21.94678497314453,0.0,14045.6630859375,0.13054272532463074,24.582534790039062,1.7308671474456787,5.235773086547852,4.447800159454346,1.6140155792236328,2.622681140899658,6.040955543518066,0.0010088359704241157,0.37427201867103577,0.8251500129699707,0.0,0.0,0.0,0.0,5187.06201171875,365.2233581542969,675.9921875,1868.5528564453125,375.5949401855469,0.0,545.3170166015625,0.03295368701219559,2.489257574081421,50.75392532348633,0.0,0.0,0.0,389.8447265625,389.8447265625,117.4971923828125,136.226318359375,127.31939697265625,0.0,0.0,0.0,117.4971923828125,136.226318359375,127.31939697265625,0.0,0.0,0.0,12.421143531799316,17.8994140625,15.294137954711914,0.0,0.0,0.0
270.0,47.61552047729492,37576.2890625,4085.169921875,19048.615234375,14442.5029296875,4337.05322265625,22.239099502563477,0.0,13871.1767578125,0.13054272532463074,24.582534790039062,1.7308671474456787,5.235781669616699,4.449166297912598,1.6140155792236328,2.622681140899658,6.049501419067383,0.0010088359704241157,0.37427201867103577,0.8251500129699707,0.0,0.0,0.0,0.0,5156.42236328125,363.06597900390625,672.9833984375,1847.525634765625,354.59503173828125,0.0,508.45928955078125,0.03070869669318199,0.0,49.013912200927734,0.0,0.0,0.0,391.23638916015625,391.23638916015625,116.76959228515625,125.29656982421875,124.1619873046875,0.0,0.0,0.0,116.76959228515625,125.29656982421875,124.1619873046875,0.0,0.0,0.0,11.91600513458252,14.41014575958252,14.07828140258789,0.0,0.0,0.0
271.0,47.620025634765625,37576.6953125,4085.169921875,19049.0234375,14442.5029296875,4337.05322265625,22.584644317626953,0.0,13670.0029296875,0.13054272532463074,24.582534790039062,1.7308671474456787,5.235785484313965,4.449781894683838,1.6140155792236328,2.622681140899658,6.053385257720947,0.0010088359704241157,0.37427201867103577,0.8251500129699707,0.0,0.0,0.0,0.0,5117.87646484375,360.3519592285156,669.2102661132812,1813.6541748046875,346.39459228515625,0.0,458.69610595703125,0.02769598178565502,0.0,49.013912200927734,0.0,0.0,0.0,392.6011657714844,392.6011657714844,105.46285247802734,135.04098510742188,121.57266998291016,0.0,0.0,0.0,105.46285247802734,135.04098510742188,121.57266998291016,0.0,0.0,0.0,8.2632417678833,16.91484260559082,12.975361824035645,0.0,0.0,0.0
272.0,47.621883392333984,37576.828125,4085.169921875,19049.15234375,14442.5029296875,4337.05322265625,21.952150344848633,0.0,14049.1328125,0.13054272532463074,24.582534790039062,1.7308671474456787,5.2357869148254395,4.4500346183776855,1.6140155792236328,2.622681140899658,6.05498743057251,0.0010088359704241157,0.37427201867103577,0.8251500129699707,0.0,0.0,0.0,0.0,5206.3916015625,366.5843505859375,677.7257080078125,1853.427001953125,277.6961975097656,0.0,591.4060668945312,0.03570513427257538,22.45631980895996,73.52086639404297,0.0,0.0,0.0,393.9562072753906,393.9562072753906,90.4472885131836,159.85572814941406,85.28246307373047,0.0,0.0,0.0,90.4472885131836,159.85572814941406,85.28246307373047,0.0,0.0,0.0,4.503681659698486,24.805648803710938,2.992968797683716,0.0,0.0,0.0
273.0,47.62260437011719,37809.16796875,4317.47021484375,19049.193359375,14442.5029296875,4337.05322265625,22.106111526489258,0.0,14040.072265625,0.13054272532463074,24.582534790039062,1.7308671474456787,5.2357869148254395,4.450689315795898,1.6140155792236328,2.622681140899658,6.055056571960449,0.0010088359704241157,0.37427201867103577,0.8251500129699707,0.0,0.0,0.0,0.0,5202.64990234375,366.3208923339844,677.318359375,583.22998046875,284.6812438964844,0.0,1851.3890380859375,0.19900575280189514,22.45631980895996,73.52086639404297,0.0,0.0,0.0,395.3315734863281,395.3315734863281,163.09291076660156,185.82254028320312,155.26483154296875,0.0,0.0,0.0,163.09291076660156,185.82254028320312,155.26483154296875,0.0,0.0,0.0,25.59856605529785,32.24698257446289,23.308849334716797,0.0,0.0,0.0
274.0,47.6289176940918,37815.4921875,4317.47021484375,19055.517578125,14442.5029296875,4337.05322265625,21.82796287536621,0.2703993022441864,14215.873046875,0.13054272532463074,24.582534790039062,1.7308671474456787,5.235787391662598,4.456718444824219,1.6140155792236328,2.622681140899658,6.055339336395264,0.0010088359704241157,0.37427201867103577,0.8251500129699707,0.0,0.0,0.0,0.0,5221.26611328125,367.63165283203125,679.0750122070312,589.2926635742188,360.33233642578125,0.0,1864.9959716796875,0.20118768513202667,22.45631980895996,73.52086639404297,0.0,0.0,0.0,396.74041748046875,396.74041748046875,167.25680541992188,186.822509765625,164.51626586914062,0.0,0.0,0.0,167.25680541992188,186.822509765625,164.51626586914062,0.0,0.0,0.0,26.824254989624023,32.54722213745117,26.02264404296875,0.0,0.0,0.0
275.0,47.6375846862793,37817.4921875,4317.47021484375,19057.517578125,14442.5029296875,4337.05322265625,21.409557342529297,0.9011675715446472,14485.095703125,0.13054272532463074,24.582534790039062,1.7308671474456787,5.235787391662598,4.4631547927856445,1.6140155792236328,2.622681140899658,6.0575690269470215,0.0010088359704241157,0.37427201867103577,0.8251500129699707,0.0,0.0,0.0,0.0,5218.38134765625,367.42852783203125,678.7581176757812,1833.4910888671875,628.982177734375,0.0,535.59716796875,0.032330065965652466,22.45631980895996,73.52086639404297,0.0,0.0,0.0,398.207763671875,398.207763671875,142.28982543945312,167.3385009765625,152.6912384033203,0.0,0.0,0.0,142.28982543945312,167.3385009765625,152.6912384033203,0.0,0.0,0.0,19.30904769897461,26.635786056518555,22.351463317871094,0.0,0.0,0.0
276.0,47.6448974609375,37820.69921875,4317.47021484375,19060.724609375,14442.5029296875,4337.05322265625,21.01329231262207,0.0,14750.556640625,0.13054272532463074,24.582534790039062,1.7308671474456787,5.235787391662598,4.466161727905273,1.6140155792236328,2.622681140899658,6.061877727508545,0.0010088359704241157,0.37427201867103577,0.8251500129699707,0.0,0.0,0.0,0.0,5268.81396484375,370.9795227050781,683.5830078125,1880.6768798828125,631.9191284179688,0.0,603.9537353515625,0.036445461213588715,22.45631980895996,73.52086639404297,0.0,0.0,0.0,399.7248229980469,399.7248229980469,131.48033142089844,153.24391174316406,133.0360565185547,0.0,0.0,0.0,131.48033142089844,153.24391174316406,133.0360565185547,0.0,0.0,0.0,17.444704055786133,23.81055450439453,17.899755477905273,0.0,0.0,0.0
277.0,47.65452575683594,37854.1640625,4317.47021484375,19065.84765625,14470.845703125,4337.05322265625,20.221054077148438,0.0,15320.548828125,0.13054272532463074,24.582534790039062,1.7308671474456787,5.235787391662598,4.467912673950195,1.6140155792236328,2.622681140899658,6.0697550773620605,0.0010088359704241157,0.37427201867103577,0.8251500129699707,0.0,0.0,0.0,0.0,5295.35595703125,372.8483581542969,686.1100463867188,1904.24560546875,1035.02392578125,0.0,564.4902954101562,0.03404588997364044,6.524734973907471,53.682430267333984,0.0,0.0,0.0,401.28424072265625,401.28424072265625,74.38237762451172,123.3589859008789,108.0853042602539,0.0,0.0,0.0,74.38237762451172,123.3589859008789,108.0853042602539,0.0,0.0,0.0,1.5357903242111206,15.861449241638184,11.393896102905273,0.0,0.0,0.0
278.0,47.6710319519043,38025.29296875,4317.47021484375,19075.8828125,14631.9384765625,4337.05322265625,20.17992401123047,0.0,15419.5986328125,0.13054272532463074,24.582534790039062,1.7308671474456787,5.235787868499756,4.470022678375244,1.6140155792236328,2.622681140899658,6.0841474533081055,0.0010088359704241157,0.37427201867103577,0.8251500129699707,0.0,0.0,0.0,0.0,5313.27978515625,374.1103820800781,687.7910766601562,1918.856689453125,1036.7254638671875,0.0,589.5450439453125,0.035522736608982086,8.192042350769043,54.923301696777344,0.0,0.0,0.0,402.8575744628906,402.8575744628906,96.78242492675781,132.24021911621094,119.49322509765625,0.0,0.0,0.0,96.78242492675781,132.24021911621094,119.49322509765625,0.0,0.0,0.0,8.128934860229492,18.50033950805664,14.771843910217285,0.0,0.0,0.0
279.0,47.68683624267578,38057.74609375,4317.47021484375,19079.056640625,14661.2177734375,4337.05322265625,20.83747673034668,0.0,14966.4228515625,0.13054272532463074,24.582534790039062,1.7308671474456787,5.235787868499756,4.471482753753662,1.6140155792236328,2.622681140899658,6.0984930992126465,0.0010088359704241157,0.37427201867103577,0.8251500129699707,0.0,0.0,0.0,0.0,5262.3935546875,370.5274353027344,682.822998046875,1892.9515380859375,858.907958984375,0.0,551.4381713867188,0.03319467231631279,5.027933120727539,52.56845474243164,0.0,0.0,0.0,404.3966064453125,404.3966064453125,109.38822937011719,139.12368774414062,125.97529602050781,0.0,0.0,0.0,109.38822937011719,139.12368774414062,125.97529602050781,0.0,0.0,0.0,11.15857982635498,19.856201171875,16.010297775268555,0.0,0.0,0.0
280.0,47.713356018066406,38077.73046875,4317.47021484375,19099.044921875,14661.2177734375,4337.05322265625,20.85000228881836,0.0,14967.56640625,0.13054272532463074,24.582534790039062,1.7308671474456787,5.235787868499756,4.473686695098877,1.6140155792236328,2.622681140899658,6.12280797958374,0.0010088359704241157,0.37427201867103577,0.8251500129699707,0.0,0.0,0.0,0.0,5329.21875,375.2326354980469,689.2190551757812,1970.1898193359375,534.4176025390625,0.0,709.2050170898438,0.04262222349643707,11.22815990447998,57.18289566040039,0.0,0.0,0.0,405.90069580078125,405.90069580078125,121.56890869140625,143.66903686523438,122.47419738769531,0.0,0.0,0.0,121.56890869140625,143.66903686523438,122.47419738769531,0.0,0.0,0.0,14.708904266357422,21.173192977905273,14.973698616027832,0.0,0.0,0.0
281.0,47.74282455444336,38084.0546875,4317.47021484375,19105.369140625,14661.2177734375,4337.05322265625,21.874603271484375,0.0,14299.1826171875,0.13054272532463074,24.582534790039062,1.7308671474456787,5.235787868499756,4.476086616516113,1.6140155792236328,2.622681140899658,6.14987850189209,0.0010088359704241157,0.37427201867103577,0.8251500129699707,0.0,0.0,0.0,0.0,5230.36962890625,368.27264404296875,679.6064453125,1908.363525390625,377.0894470214844,0.0,600.5119018554688,0.036024659872055054,6.406045913696289,53.59409713745117,0.0,0.0,0.0,407.3785705566406,407.3785705566406,117.44286346435547,138.43402099609375,127.00190734863281,0.0,0.0,0.0,117.44286346435547,138.43402099609375,127.00190734863281,0.0,0.0,0.0,12.477435111999512,18.61734962463379,15.273454666137695,0.0,0.0,0.0
282.0,47.758819580078125,38086.05859375,4317.47021484375,19107.369140625,14661.2177734375,4337.05322265625,22.16685676574707,0.0,14121.4677734375,0.13054272532463074,24.582534790039062,1.7308671474456787,5.235787868499756,4.477372646331787,1.6140155792236328,2.622681140899658,6.164587020874023,0.0010088359704241157,0.37427201867103577,0.8251500129699707,0.0,0.0,0.0,0.0,5199.14990234375,366.074462890625,676.5384521484375,1886.924560546875,355.9908142089844,0.0,562.8273315429688,0.03373081982135773,3.861309766769409,51.71300506591797,0.0,0.0,0.0,408.80950927734375,408.80950927734375,113.06182098388672,125.08051300048828,115.86795043945312,0.0,0.0,0.0,113.06182098388672,125.08051300048828,115.86795043945312,0.0,0.0,0.0,10.903725624084473,14.419194221496582,11.724519729614258,0.0,0.0,0.0
283.0,47.7659912109375,38086.69140625,4317.47021484375,19108.001953125,14661.2177734375,4337.05322265625,22.511953353881836,0.0,13916.59765625,0.13054272532463074,24.582534790039062,1.7308671474456787,5.235787868499756,4.478311061859131,1.6140155792236328,2.622681140899658,6.1708197593688965,0.0010088359704241157,0.37427201867103577,0.8251500129699707,0.0,0.0,0.0,0.0,5159.8896484375,363.31011962890625,672.6942749023438,1858.32861328125,347.7398376464844,0.0,511.9941711425781,0.030671607702970505,0.4210871160030365,49.30825424194336,0.0,0.0,0.0,410.2107849121094,410.2107849121094,101.51286315917969,137.87648010253906,117.53429412841797,0.0,0.0,0.0,101.51286315917969,137.87648010253906,117.53429412841797,0.0,0.0,0.0,7.180558681488037,17.816919326782227,11.866827011108398,0.0,0.0,0.0
284.0,47.76926803588867,38087.25,4317.47021484375,19108.560546875,14661.2177734375,4337.05322265625,21.88116455078125,0.0,14302.4970703125,0.13054272532463074,24.582534790039062,1.7308671474456787,5.235787868499756,4.478461265563965,1.6140155792236328,2.622681140899658,6.173948764801025,0.0010088359704241157,0.37427201867103577,0.8251500129699707,0.0,0.0,0.0,0.0,5249.95947265625,369.6519775390625,681.3561401367188,1899.9666748046875,278.805908203125,0.0,646.5011596679688,0.03872128948569298,22.45631980895996,73.52086639404297,0.0,0.0,0.0,411.6033935546875,411.6033935546875,95.07209777832031,163.41958618164062,134.04791259765625,0.0,0.0,0.0,95.07209777832031,163.41958618164062,134.04791259765625,0.0,0.0,0.0,5.927424430847168,25.919065475463867,17.327848434448242,0.0,0.0,0.0
285.0,47.78181457519531,38098.83203125,4317.47021484375,19120.14453125,14661.2177734375,4337.05322265625,21.906068801879883,0.8040578961372375,14293.201171875,0.13054272532463074,24.582534790039062,1.7308671474456787,5.235787868499756,4.480983734130859,1.6140155792236328,2.622681140899658,6.183970928192139,0.0010088359704241157,0.37427201867103577,0.8251500129699707,0.0,0.0,0.0,0.0,5246.130859375,369.38238525390625,680.9390258789062,1896.537109375,285.8169250488281,0.0,639.7525024414062,0.03829200193285942,22.45631980895996,73.52086639404297,0.0,0.0,0.0,413.0250549316406,413.0250549316406,157.67967224121094,173.23509216308594,148.91632080078125,0.0,0.0,0.0,157.67967224121094,173.23509216308594,148.91632080078125,0.0,0.0,0.0,23.411174774169922,27.961137771606445,20.847896575927734,0.0,0.0,0.0
286.0,47.81723403930664,38122.59375,4317.47021484375,19143.904296875,14661.2177734375,4337.05322265625,21.640178680419922,0.0,14472.0908203125,0.13054272532463074,24.582534790039062,1.7308671474456787,5.235787868499756,4.489160537719727,1.6140155792236328,2.622681140899658,6.211214065551758,0.0010088359704241157,0.37427201867103577,0.8251500129699707,0.0,0.0,0.0,0.0,5265.08203125,370.7167663574219,682.7291259765625,644.4004516601562,361.77838134765625,0.0,1912.811279296875,0.11428416520357132,22.45631980895996,73.52086639404297,0.0,0.0,0.0,414.486083984375,414.486083984375,94.8693618774414,185.62274169921875,135.0171356201172,0.0,0.0,0.0,94.8693618774414,185.62274169921875,135.0171356201172,0.0,0.0,0.0,6.109109878540039,32.65447235107422,17.852333068847656,0.0,0.0,0.0
287.0,47.85350036621094,38130.109375,4317.47021484375,19151.421875,14661.2177734375,4337.05322265625,21.228137969970703,1.2436455488204956,14746.0888671875,0.13054272532463074,24.582534790039062,1.7308671474456787,5.235787868499756,4.497696399688721,1.6140155792236328,2.622681140899658,6.238944053649902,0.0010088359704241157,0.37427201867103577,0.8251500129699707,0.0,0.0,0.0,0.0,5262.20947265625,370.5144958496094,682.4212646484375,1883.15576171875,631.5070190429688,0.0,590.8322143554688,0.03523534536361694,22.45631980895996,73.52086639404297,0.0,0.0,0.0,416.00213623046875,416.00213623046875,155.93344116210938,169.69483947753906,152.38958740234375,0.0,0.0,0.0,155.93344116210938,169.69483947753906,152.38958740234375,0.0,0.0,0.0,23.138748168945312,27.163955688476562,22.1021728515625,0.0,0.0,0.0
288.0,47.87357711791992,38133.19140625,4317.47021484375,19154.50390625,14661.2177734375,4337.05322265625,20.848791122436523,0.0,15006.646484375,0.13054272532463074,24.582534790039062,1.7308671474456787,5.235787868499756,4.501733303070068,1.6140155792236328,2.622681140899658,6.254983425140381,0.0010088359704241157,0.37427201867103577,0.8251500129699707,0.0,0.0,0.0,0.0,5311.68359375,373.99798583984375,687.15185546875,1929.60986328125,634.3880615234375,0.0,657.744873046875,0.03918397054076195,22.45631980895996,73.52086639404297,0.0,0.0,0.0,417.5686950683594,417.5686950683594,131.3199005126953,154.8749542236328,132.1211395263672,0.0,0.0,0.0,131.3199005126953,154.8749542236328,132.1211395263672,0.0,0.0,0.0,17.562278747558594,24.45213508605957,17.796642303466797,0.0,0.0,0.0
289.0,47.88624954223633,38163.73046875,4317.47021484375,19158.6875,14687.5732421875,4337.05322265625,20.06035041809082,0.0,15586.462890625,0.13054272532463074,24.582534790039062,1.7308671474456787,5.235787868499756,4.503136157989502,1.6140155792236328,2.622681140899658,6.266254901885986,0.0010088359704241157,0.37427201867103577,0.8251500129699707,0.0,0.0,0.0,0.0,5338.7890625,375.906494140625,689.7451782226562,1948.0238037109375,1039.110107421875,0.0,620.7928466796875,0.036954838782548904,10.492484092712402,56.635379791259766,0.0,0.0,0.0,419.1809387207031,419.1809387207031,112.04981231689453,122.26859283447266,115.7795639038086,0.0,0.0,0.0,112.04981231689453,122.26859283447266,115.7795639038086,0.0,0.0,0.0,12.71422004699707,15.703213691711426,13.805171966552734,0.0,0.0,0.0
290.0,47.90220642089844,38331.69921875,4317.47021484375,19167.8828125,14846.34765625,4337.05322265625,20.017189025878906,0.0,15687.146484375,0.13054272532463074,24.582534790039062,1.7308671474456787,5.235787868499756,4.504387378692627,1.6140155792236328,2.622681140899658,6.280961036682129,0.0010088359704241157,0.37427201867103577,0.8251500129699707,0.0,0.0,0.0,0.0,5356.99951171875,377.1886901855469,691.4522094726562,1962.570556640625,1040.8387451171875,0.0,648.2245483398438,0.038550250232219696,11.22815990447998,57.18289566040039,0.0,0.0,0.0,420.8076171875,420.8076171875,104.86722564697266,133.92291259765625,106.13540649414062,0.0,0.0,0.0,104.86722564697266,133.92291259765625,106.13540649414062,0.0,0.0,0.0,10.656473159790039,19.15526008605957,11.027416229248047,0.0,0.0,0.0
291.0,47.916954040527344,38363.796875,4317.47021484375,19170.79296875,14875.5341796875,4337.05322265625,20.66998291015625,0.0,15226.02734375,0.13054272532463074,24.582534790039062,1.7308671474456787,5.235787868499756,4.504865646362305,1.6140155792236328,2.622681140899658,6.2942376136779785,0.0010088359704241157,0.37427201867103577,0.8261421918869019,0.0,0.0,0.0,0.0,5305.15234375,373.53814697265625,686.3839721679688,1935.1573486328125,862.2559814453125,0.0,606.5660400390625,0.03604108840227127,8.91441535949707,55.52753829956055,0.0,0.0,0.0,422.3992004394531,422.3992004394531,116.08832550048828,139.38525390625,129.00387573242188,0.0,0.0,0.0,116.08832550048828,139.38525390625,129.00387573242188,0.0,0.0,0.0,13.285853385925293,20.10020637512207,17.06365203857422,0.0,0.0,0.0
292.0,47.94084548950195,38393.1484375,4317.47021484375,19200.142578125,14875.5341796875,4337.05322265625,20.687528610229492,0.0,15227.111328125,0.13054272532463074,24.582534790039062,1.7308671474456787,5.235787868499756,4.505100250244141,1.6140155792236328,2.622681140899658,6.305264949798584,0.0010088359704241157,0.37427201867103577,0.8387711048126221,0.0,0.0,0.0,0.0,5373.00830078125,378.31591796875,692.8665161132812,2011.71826171875,536.5390625,0.0,770.8592529296875,0.045769691467285156,11.22815990447998,58.12683868408203,0.0,0.0,0.0,423.9534606933594,423.9534606933594,121.7315902709961,144.8882598876953,125.74092864990234,0.0,0.0,0.0,121.7315902709961,144.8882598876953,125.74092864990234,0.0,0.0,0.0,14.918960571289062,21.692289352416992,16.091691970825195,0.0,0.0,0.0
293.0,48.009586334228516,38422.46484375,4317.47021484375,19229.458984375,14875.5341796875,4337.05322265625,21.71847152709961,0.0,14547.06640625,0.13054272532463074,24.582534790039062,1.7308671474456787,5.235787868499756,4.507049083709717,1.6140155792236328,2.622681140899658,6.332302570343018,0.0010088359704241157,0.37427201867103577,0.878525972366333,0.0,0.0,0.0,0.0,5272.37158203125,371.2300109863281,683.0738525390625,1948.01513671875,378.53778076171875,0.0,650.1712036132812,0.03853505477309227,9.872700691223145,59.805625915527344,0.0,0.0,0.0,425.4812316894531,425.4812316894531,117.1958999633789,140.0517120361328,123.19283294677734,0.0,0.0,0.0,117.1958999633789,140.0517120361328,123.19283294677734,0.0,0.0,0.0,12.561328887939453,19.246652603149414,14.315431594848633,0.0,0.0,0.0
294.0,48.063819885253906,38433.37109375,4317.47021484375,19240.3671875,14875.5341796875,4337.05322265625,22.014232635498047,0.0,14366.205078125,0.13054272532463074,24.582534790039062,1.7308671474456787,5.235787868499756,4.5118632316589355,1.6140155792236328,2.622681140899658,6.351126194000244,0.0010088359704241157,0.37427201867103577,0.9091207981109619,0.0,0.0,0.0,0.0,5240.5830078125,368.99176025390625,679.9485473632812,1927.261474609375,357.3432312011719,0.0,608.7801513671875,0.03603711351752281,7.189445972442627,59.68016052246094,0.0,0.0,0.0,426.959716796875,426.959716796875,103.00763702392578,124.38545227050781,115.5911865234375,0.0,0.0,0.0,103.00763702392578,124.38545227050781,115.5911865234375,0.0,0.0,0.0,8.115500450134277,14.368511199951172,11.796189308166504,0.0,0.0,0.0
295.0,48.094905853271484,38439.35546875,4317.47021484375,19246.349609375,14875.5341796875,4337.05322265625,22.360658645629883,0.0,14157.7080078125,0.13054272532463074,24.582534790039062,1.7308671474456787,5.235787868499756,4.520267009735107,1.6140155792236328,2.622681140899658,6.359457492828369,0.0010088359704241157,0.37427201867103577,0.9234728217124939,0.0,0.0,0.0,0.0,5200.61669921875,366.177734375,676.0343017578125,1900.5802001953125,349.0428466796875,0.0,553.8983154296875,0.032770413905382156,3.764415979385376,57.779911041259766,0.0,0.0,0.0,428.4067687988281,428.4067687988281,119.83353424072266,139.95179748535156,131.76260375976562,0.0,0.0,0.0,119.83353424072266,139.95179748535156,131.76260375976562,0.0,0.0,0.0,12.690650939941406,18.57524299621582,16.17990493774414,0.0,0.0,0.0
296.0,48.1161003112793,38446.5234375,4317.47021484375,19253.517578125,14875.5341796875,4337.05322265625,21.737266540527344,0.0,14550.220703125,0.13054272532463074,24.582534790039062,1.7308671474456787,5.235787868499756,4.528658390045166,1.6140155792236328,2.622681140899658,6.364058971405029,0.0010088359704241157,0.37427201867103577,0.9316744804382324,0.0,0.0,0.0,0.0,5292.2001953125,372.62615966796875,684.8382568359375,1947.5145263671875,279.8809509277344,0.0,688.306884765625,0.04071006923913956,22.45631980895996,83.01219177246094,0.0,0.0,0.0,429.84588623046875,429.84588623046875,117.19271850585938,168.14370727539062,121.362060546875,0.0,0.0,0.0,117.19271850585938,168.14370727539062,121.362060546875,0.0,0.0,0.0,12.541603088378906,27.444766998291016,13.761136054992676,0.0,0.0,0.0
297.0,48.130367279052734,38448.7890625,4317.47021484375,19255.78515625,14875.5341796875,4337.05322265625,21.756872177124023,0.0,14540.689453125,0.1306382715702057,24.59425163269043,1.7318886518478394,5.235787868499756,4.529417514801025,1.6140155792236328,2.622681140899658,6.364485740661621,0.0010088359704241157,0.37427201867103577,0.9319198131561279,0.0,0.0,0.0,0.0,5289.6025390625,372.4855041503906,684.310302734375,816.9569702148438,286.8857421875,0.0,1807.1455078125,0.10688081383705139,22.45631980895996,83.03404998779297,0.0,0.0,0.0,431.318603515625,431.318603515625,142.1051788330078,183.98577880859375,148.5950927734375,0.0,0.0,0.0,142.1051788330078,183.98577880859375,148.5950927734375,0.0,0.0,0.0,19.80889320373535,32.05896759033203,21.707191467285156,0.0,0.0,0.0
298.0,48.45980453491211,38786.48046875,4317.47021484375,19593.474609375,14875.5341796875,4337.05322265625,21.66790199279785,0.43572181463241577,14722.5947265625,0.1328798085451126,24.868471145629883,1.7597190141677856,5.235787868499756,4.543652057647705,1.6140155792236328,2.622681140899658,6.372763633728027,0.0010088359704241157,0.37427201867103577,0.9345528483390808,0.0,0.0,0.0,0.0,5339.54296875,377.8316345214844,683.7606201171875,618.5198364257812,362.2118225097656,0.0,1996.1983642578125,0.2103477120399475,22.45631980895996,83.26866149902344,0.0,0.0,0.0,432.8294982910156,432.8294982910156,167.2229766845703,187.66249084472656,166.8799285888672,0.0,0.0,0.0,167.2229766845703,187.66249084472656,166.8799285888672,0.0,0.0,0.0,26.80909538269043,32.787654876708984,26.708757400512695,0.0,0.0,0.0
299.0,48.920196533203125,38893.328125,4317.47021484375,19700.322265625,14875.5341796875,4337.05322265625,21.309358596801758,0.9299372434616089,15001.2626953125,0.1360197365283966,25.252580642700195,1.7987735271453857,5.235787868499756,4.563113689422607,1.6140155792236328,2.622681140899658,6.384123802185059,0.0010088359704241157,0.37427201867103577,0.9378190636634827,0.0,0.0,0.0,0.0,5380.9169921875,383.28955078125,680.3336791992188,1898.866455078125,630.134033203125,0.0,590.5484008789062,0.034881819039583206,22.45631980895996,83.55967712402344,0.0,0.0,0.0,434.3948669433594,434.3948669433594,144.72332763671875,169.17042541503906,157.5723114013672,0.0,0.0,0.0,144.72332763671875,169.17042541503906,157.5723114013672,0.0,0.0,0.0,20.092275619506836,27.243051528930664,23.850603103637695,0.0,0.0,0.0
300.0,49.178558349609375,38927.1328125,4317.47021484375,19734.12890625,14875.5341796875,4337.05322265625,20.958147048950195,0.0,15256.93359375,0.13778479397296906,25.468502044677734,1.8207279443740845,5.235787868499756,4.5738677978515625,1.6140155792236328,2.622681140899658,6.390418529510498,0.0010088359704241157,0.37427201867103577,0.9394909143447876,0.0,0.0,0.0,0.0,5454.080078125,389.9089050292969,683.0830078125,1934.112548828125,631.6785888671875,0.0,641.6704711914062,0.037885718047618866,22.45631980895996,83.7086410522461,0.0,0.0,0.0,436.01300048828125,436.01300048828125,131.59393310546875,155.28826904296875,134.4392852783203,0.0,0.0,0.0,131.59393310546875,155.28826904296875,134.4392852783203,0.0,0.0,0.0,17.5330753326416,24.46367073059082,18.365345001220703,0.0,0.0,0.0
