time,Total Generation Capacity,Total Transmission,Transmission for Interconnection km,Total Transmission for Generation Connection,Total Transmission for Demand Connection,Total Interconnection Capacity,Transmission Tariff[f0],Congestion Tariff[f0],National Peak Demand[f0],Generation Capacity by Tech[TBiomass],Generation Capacity by Tech[TWindOnS],Generation Capacity by Tech[TWindOffS],Generation Capacity by Tech[TPV],Generation Capacity by Tech[THydroDam],Generation Capacity by Tech[THRoR],Generation Capacity by Tech[TThermo1],Generation Capacity by Tech[TThermo2],Generation Capacity by Tech[TGeothermal],Generation Capacity by Tech[TPVBESSOp1],Generation Capacity by Tech[TPVBESSOp2],Generation Capacity by Tech[TOther1],Generation Capacity by Tech[TOther2],Generation Capacity by Tech[TOther3],Generation by Tech per Month[TBiomass],Generation by Tech per Month[TWindOnS],Generation by Tech per Month[TWindOffS],Generation by Tech per Month[TPV],Generation by Tech per Month[THydroDam],Generation by Tech per Month[THRoR],Generation by Tech per Month[TThermo1],Generation by Tech per Month[TThermo2],Generation by Tech per Month[TGeothermal],Generation by Tech per Month[TPVBESSOp1],Generation by Tech per Month[TPVBESSOp2],Generation by Tech per Month[TOther1],Generation by Tech per Month[TOther2],Generation by Tech per Month[TOther3],Generation by Tech per Month[DERBESS],Generation by Tech per Month[DER],"Electricity Tariff[Regulated,Z1]","Electricity Tariff[Regulated,Z2]","Electricity Tariff[Regulated,Z3]","Electricity Tariff[Regulated,Z4]","Electricity Tariff[Regulated,Z5]","Electricity Tariff[Regulated,Z6]","Electricity Tariff[Unregulated,Z1]","Electricity Tariff[Unregulated,Z2]","Electricity Tariff[Unregulated,Z3]","Electricity Tariff[Unregulated,Z4]","Electricity Tariff[Unregulated,Z5]","Electricity Tariff[Unregulated,Z6]","Generation Tariff[f0,Z1]","Generation Tariff[f0,Z2]","Generation Tariff[f0,Z3]","Generation Tariff[f0,Z4]","Generation Tariff[f0,Z5]","Generation Tariff[f0,Z6]"
0.0,14.057049751281738,16177.3701171875,1836.469970703125,5622.81982421875,8718.080078125,1600.0,16.893709182739258,0.9912989735603333,7532.21728515625,0.06656000018119812,1.021299958229065,0.0,0.4778200089931488,3.705590009689331,1.5324699878692627,2.6226699352264404,4.630640029907227,0.0,0.0,0.0,0.0,0.0,0.0,0.0,279.896484375,0.0,79.0820083618164,2668.02490234375,894.5088500976562,0.0,1152.0262451171875,0.0,0.0,0.0,0.0,0.0,0.0,0.0046911598183214664,0.0046911598183214664,181.14532470703125,182.1839599609375,196.01895141601562,0.0,0.0,0.0,181.14532470703125,182.1839599609375,196.01895141601562,0.0,0.0,0.0,35.10000228881836,35.40380096435547,39.45053482055664,0.0,0.0,0.0
1.0,14.069549560546875,16177.3701171875,1836.469970703125,5622.81982421875,8718.080078125,1600.0,16.266706466674805,0.0,7824.3232421875,0.06656000018119812,1.021299958229065,0.0,0.4778200089931488,3.705590009689331,1.5449700355529785,2.6226699352264404,4.630640029907227,0.0,0.0,0.0,0.0,0.0,0.0,0.0,279.896484375,0.0,79.0820083618164,2668.02490234375,1112.37841796875,0.0,1129.7169189453125,0.0,0.0,0.0,0.0,0.0,0.0,1.2009774446487427,1.2009774446487427,149.3020477294922,174.40834045410156,185.552734375,0.0,0.0,0.0,149.3020477294922,174.40834045410156,185.552734375,0.0,0.0,0.0,27.404142379760742,34.74773406982422,38.007469177246094,0.0,0.0,0.0
2.0,14.069549560546875,16182.3701171875,1836.469970703125,5627.81982421875,8718.080078125,1600.0,16.168758392333984,0.0,7875.95556640625,0.06656000018119812,1.021299958229065,0.0,0.4778200089931488,3.705590009689331,1.5449700355529785,2.6226699352264404,4.630640029907227,0.0,0.0,0.0,0.0,0.0,0.0,0.0,279.896484375,0.0,79.0820083618164,2668.02490234375,1112.37841796875,0.0,1163.2752685546875,0.0,0.0,0.0,0.0,0.0,0.0,2.421006917953491,2.421006917953491,92.05316162109375,174.84776306152344,185.39425659179688,0.0,0.0,0.0,92.05316162109375,174.84776306152344,185.39425659179688,0.0,0.0,0.0,10.756793022155762,34.974212646484375,38.059059143066406,0.0,0.0,0.0
3.0,14.069549560546875,16182.3701171875,1836.469970703125,5627.81982421875,8718.080078125,1600.0,16.660215377807617,0.0,7645.50244140625,0.06656000018119812,1.021299958229065,0.0,0.4778200089931488,3.705590009689331,1.5449700355529785,2.6226699352264404,4.630640029907227,0.0,0.0,0.0,0.0,0.0,0.0,0.0,279.896484375,0.0,79.0820083618164,2668.02490234375,925.83251953125,0.0,1193.3985595703125,0.0,0.0,0.0,0.0,0.0,0.0,3.615034580230713,3.615034580230713,56.958892822265625,177.17652893066406,168.53150939941406,0.0,0.0,0.0,56.958892822265625,177.17652893066406,168.53150939941406,0.0,0.0,0.0,0.0002605160989332944,35.163917541503906,32.635250091552734,0.0,0.0,0.0
4.0,14.069549560546875,16182.3701171875,1836.469970703125,5627.81982421875,8718.080078125,1600.0,16.66044044494629,0.0,7647.10791015625,0.06656000018119812,1.021299958229065,0.0,0.4778200089931488,3.705590009689331,1.5449700355529785,2.6226699352264404,4.630640029907227,0.0,0.0,0.0,0.0,0.0,0.0,0.0,279.896484375,0.0,79.0820083618164,2668.02490234375,572.429931640625,0.0,1546.731689453125,0.0,0.0,0.0,0.0,0.0,0.0,4.766146183013916,4.766146183013916,123.03128814697266,184.69769287109375,175.49024963378906,0.0,0.0,0.0,123.03128814697266,184.69769287109375,175.49024963378906,0.0,0.0,0.0,19.326210021972656,37.36363220214844,34.67045974731445,0.0,0.0,0.0
5.0,14.069549560546875,16182.3701171875,1836.469970703125,5627.81982421875,8718.080078125,1600.0,17.44157600402832,0.0,7306.6103515625,0.06656000018119812,1.021299958229065,0.0,0.4778200089931488,3.705590009689331,1.5449700355529785,2.6226699352264404,4.630640029907227,0.0,0.0,0.0,0.0,0.0,0.0,0.0,279.896484375,0.0,79.0820083618164,1148.4810791015625,407.575439453125,0.0,3000.65478515625,0.0,0.0,0.0,0.0,0.0,0.0,5.888933181762695,5.888933181762695,231.93701171875,219.6293182373047,232.27882385253906,0.0,0.0,0.0,231.93701171875,219.6293182373047,232.27882385253906,0.0,0.0,0.0,50.400001525878906,46.79999923706055,50.49998092651367,0.0,0.0,0.0
6.0,14.069549560546875,16182.3701171875,1836.469970703125,5627.81982421875,8718.080078125,1600.0,17.66300392150879,0.0,7216.77001953125,0.06656000018119812,1.021299958229065,0.0,0.4778200089931488,3.705590009689331,1.5449700355529785,2.6226699352264404,4.630640029907227,0.0,0.0,0.0,0.0,0.0,0.0,11.96236801147461,279.896484375,0.0,79.0820083618164,1096.585693359375,385.8840637207031,0.0,3000.65478515625,0.0,0.0,0.0,0.0,0.0,0.0,6.9990739822387695,6.9990739822387695,232.69403076171875,230.81451416015625,233.0358428955078,0.0,0.0,0.0,232.69403076171875,230.81451416015625,233.0358428955078,0.0,0.0,0.0,50.400001525878906,49.850242614746094,50.49998092651367,0.0,0.0,0.0
7.0,14.069549560546875,16182.3701171875,1836.469970703125,5627.81982421875,8718.080078125,1600.0,17.925270080566406,0.0,7113.01904296875,0.06656000018119812,1.021299958229065,0.0,0.4778200089931488,3.705590009689331,1.5449700355529785,2.6226699352264404,4.630640029907227,0.0,0.0,0.0,0.0,0.0,0.0,0.0,279.896484375,0.0,79.0820083618164,1045.091796875,378.31988525390625,0.0,3000.65478515625,0.0,0.0,0.0,0.0,0.0,0.0,8.134851455688477,8.134851455688477,233.59066772460938,222.9811248779297,233.93247985839844,0.0,0.0,0.0,233.59066772460938,222.9811248779297,233.93247985839844,0.0,0.0,0.0,50.400001525878906,47.29670715332031,50.49998092651367,0.0,0.0,0.0
8.0,14.278849601745605,16182.3701171875,1836.469970703125,5627.81982421875,8718.080078125,1600.0,17.442657470703125,0.0,7311.2421875,0.06656000018119812,1.021299958229065,0.0,0.4778200089931488,3.9148900508880615,1.5449700355529785,2.6226699352264404,4.630640029907227,0.0,0.0,0.0,0.0,0.0,0.0,11.96236801147461,279.896484375,0.0,79.0820083618164,1243.002197265625,300.787109375,0.0,3000.65478515625,0.0,0.0,0.0,0.0,0.0,0.0,9.313984870910645,9.313984870910645,231.94070434570312,227.28024291992188,232.28237915039062,0.0,0.0,0.0,231.94070434570312,227.28024291992188,232.28237915039062,0.0,0.0,0.0,50.400001525878906,49.03681564331055,50.49993896484375,0.0,0.0,0.0
9.0,14.278849601745605,16266.08984375,1836.469970703125,5711.5400390625,8718.080078125,1600.0,17.546388626098633,0.0,7307.4736328125,0.06656000018119812,1.021299958229065,0.0,0.4778200089931488,3.9148900508880615,1.5449700355529785,2.6226699352264404,4.630640029907227,0.0,0.0,0.0,0.0,0.0,0.0,11.96236801147461,279.896484375,0.0,79.0820083618164,1231.5474853515625,308.4625244140625,0.0,3000.65478515625,0.0,0.0,0.0,0.0,0.0,0.0,10.554851531982422,10.554851531982422,232.29534912109375,225.0474853515625,232.6370086669922,0.0,0.0,0.0,232.29534912109375,225.0474853515625,232.6370086669922,0.0,0.0,0.0,50.400001525878906,48.279998779296875,50.49993896484375,0.0,0.0,0.0
10.0,14.278849601745605,16266.08984375,1836.469970703125,5711.5400390625,8718.080078125,1600.0,17.331180572509766,0.0,7399.92822265625,0.06656000018119812,1.021299958229065,0.0,0.4778200089931488,3.9148900508880615,1.5449700355529785,2.6226699352264404,4.630640029907227,0.0,0.0,0.0,0.0,0.0,0.0,30.670848846435547,279.896484375,0.0,79.0820083618164,1192.513427734375,389.77740478515625,0.0,3000.65478515625,0.0,0.0,0.0,0.0,0.0,0.0,11.840930938720703,11.840930938720703,235.52540588378906,233.97288513183594,231.90122985839844,0.0,0.0,0.0,235.52540588378906,233.97288513183594,231.90122985839844,0.0,0.0,0.0,51.560001373291016,51.10588836669922,50.49993133544922,0.0,0.0,0.0
11.0,14.278849601745605,16266.08984375,1836.469970703125,5711.5400390625,8718.080078125,1600.0,17.010583877563477,0.0,7541.0546875,0.06656000018119812,1.021299958229065,0.0,0.4778200089931488,3.9148900508880615,1.5449700355529785,2.6226699352264404,4.630640029907227,0.0,0.0,0.0,0.0,0.0,0.0,0.0,279.896484375,0.0,79.0820083618164,1026.015625,680.6643676757812,0.0,3000.65478515625,0.0,0.0,0.0,0.0,0.0,0.0,13.182634353637695,13.182634353637695,230.46353149414062,218.1558380126953,230.80540466308594,0.0,0.0,0.0,230.46353149414062,218.1558380126953,230.80540466308594,0.0,0.0,0.0,50.400001525878906,46.79999923706055,50.5,0.0,0.0,0.0
12.0,14.278849601745605,16266.08984375,1836.469970703125,5711.5400390625,8718.080078125,1600.0,16.227386474609375,0.0,7906.15380859375,0.06656000018119812,1.021299958229065,0.0,0.4778200089931488,3.9148900508880615,1.5449700355529785,2.6226699352264404,4.630640029907227,0.0,0.0,0.0,0.0,0.0,0.0,0.0,279.896484375,0.0,79.0820083618164,2818.720703125,901.80517578125,0.0,1231.3287353515625,0.0,0.0,0.0,0.0,0.0,0.0,14.585526466369629,14.585526466369629,160.85157775878906,176.65411376953125,180.9456024169922,0.0,0.0,0.0,160.85157775878906,176.65411376953125,180.9456024169922,0.0,0.0,0.0,30.821701049804688,35.44394302368164,36.69919967651367,0.0,0.0,0.0
13.0,14.755249977111816,16301.431640625,1836.469970703125,5711.5400390625,8753.421875,1600.0,15.658100128173828,0.7750714421272278,8212.732421875,0.06656000018119812,1.021299958229065,0.0,0.934220016002655,3.9148900508880615,1.5649700164794922,2.6226699352264404,4.630640029907227,0.0,0.0,0.0,0.0,0.0,0.0,0.0,279.896484375,0.0,154.6413116455078,2818.720703125,1126.7784423828125,0.0,1135.8424072265625,0.0,0.0,0.0,0.0,0.0,0.0,16.04432487487793,16.04432487487793,173.1011505126953,178.02096557617188,191.23529052734375,0.0,0.0,0.0,173.1011505126953,178.02096557617188,191.23529052734375,0.0,0.0,0.0,34.19891357421875,35.637962341308594,39.503150939941406,0.0,0.0,0.0
14.0,14.755249977111816,16684.712890625,1836.469970703125,5902.10009765625,8946.142578125,1600.0,15.925146102905273,0.0,8266.908203125,0.06656000018119812,1.021299958229065,0.0,0.934220016002655,3.9148900508880615,1.5649700164794922,2.6226699352264404,4.630640029907227,0.0,0.0,0.0,0.0,0.0,0.0,0.0,279.896484375,0.0,154.6413116455078,2818.720703125,1126.7784423828125,0.0,1170.862548828125,0.0,0.0,0.0,0.0,0.0,0.0,17.515920639038086,17.515920639038086,114.4502944946289,174.2259063720703,173.11207580566406,0.0,0.0,0.0,114.4502944946289,174.2259063720703,173.11207580566406,0.0,0.0,0.0,17.551565170288086,35.03593063354492,34.71013641357422,0.0,0.0,0.0
15.0,14.755249977111816,16731.298828125,1836.469970703125,5902.10009765625,8992.728515625,1600.0,16.456937789916992,0.0,8024.99267578125,0.06656000018119812,1.021299958229065,0.0,0.934220016002655,3.9148900508880615,1.5649700164794922,2.6226699352264404,4.630640029907227,0.0,0.0,0.0,0.0,0.0,0.0,0.0,279.896484375,0.0,154.6413116455078,2818.720703125,937.8176879882812,0.0,1195.4490966796875,0.0,0.0,0.0,0.0,0.0,0.0,18.94068145751953,18.94068145751953,79.4939193725586,176.60501098632812,176.81472778320312,0.0,0.0,0.0,79.4939193725586,176.60501098632812,176.81472778320312,0.0,0.0,0.0,6.7950334548950195,35.20003128051758,35.26136779785156,0.0,0.0,0.0
16.0,14.755249977111816,16731.298828125,1836.469970703125,5902.10009765625,8992.728515625,1600.0,16.457674026489258,0.0,8026.654296875,0.06656000018119812,1.021299958229065,0.0,0.934220016002655,3.9148900508880615,1.5649700164794922,2.6226699352264404,4.630640029907227,0.0,0.0,0.0,0.0,0.0,0.0,0.0,279.896484375,0.0,154.6413116455078,2818.720703125,579.8401489257812,0.0,1553.1851806640625,0.0,0.0,0.0,0.0,0.0,0.0,20.301490783691406,20.301490783691406,141.7917022705078,184.2802734375,177.11361694335938,0.0,0.0,0.0,141.7917022705078,184.2802734375,177.11361694335938,0.0,0.0,0.0,25.01639747619629,37.444305419921875,35.34805679321289,0.0,0.0,0.0
17.0,14.755249977111816,16731.298828125,1836.469970703125,5902.10009765625,8992.728515625,1600.0,17.23213005065918,0.0,7669.22705078125,0.06656000018119812,1.021299958229065,0.0,0.934220016002655,3.9148900508880615,1.5649700164794922,2.6226699352264404,4.630640029907227,0.0,0.0,0.0,0.0,0.0,0.0,0.0,279.896484375,0.0,154.6413116455078,1296.16650390625,412.8515930175781,0.0,3000.65478515625,0.0,0.0,0.0,0.0,0.0,0.0,21.61918830871582,21.61918830871582,231.22096252441406,218.91326904296875,231.56260681152344,0.0,0.0,0.0,231.22096252441406,218.91326904296875,231.56260681152344,0.0,0.0,0.0,50.400001525878906,46.79999923706055,50.49993133544922,0.0,0.0,0.0
18.0,14.755249977111816,16731.298828125,1836.469970703125,5902.10009765625,8992.728515625,1600.0,17.45208740234375,0.0,7574.89794921875,0.06656000018119812,1.021299958229065,0.0,0.934220016002655,3.9148900508880615,1.5649700164794922,2.6226699352264404,4.630640029907227,0.0,0.0,0.0,0.0,0.0,0.0,30.670848846435547,279.896484375,0.0,154.6413116455078,1222.6326904296875,390.8794250488281,0.0,3000.65478515625,0.0,0.0,0.0,0.0,0.0,0.0,22.916370391845703,22.916370391845703,235.9387664794922,234.56964111328125,232.33921813964844,0.0,0.0,0.0,235.9387664794922,234.56964111328125,232.33921813964844,0.0,0.0,0.0,51.560001373291016,51.15953063964844,50.50713348388672,0.0,0.0,0.0
19.0,14.755249977111816,16731.298828125,1836.469970703125,5902.10009765625,8992.728515625,1600.0,17.712495803833008,0.0,7465.9873046875,0.06656000018119812,1.021299958229065,0.0,0.934220016002655,3.9148900508880615,1.5649700164794922,2.6226699352264404,4.630640029907227,0.0,0.0,0.0,0.0,0.0,0.0,30.670848846435547,279.896484375,0.0,154.6413116455078,445.68719482421875,383.21734619140625,709.9310913085938,3000.65478515625,0.0,0.0,0.0,0.0,0.0,0.0,24.232961654663086,24.232961654663086,272.9999694824219,240.90098571777344,233.7292938232422,0.0,0.0,0.0,272.9999694824219,240.90098571777344,233.7292938232422,0.0,0.0,0.0,62.13999938964844,52.751041412353516,50.653324127197266,0.0,0.0,0.0
20.0,14.755249977111816,16731.298828125,1836.469970703125,5902.10009765625,8992.728515625,1600.0,17.234609603881836,0.0,7674.0205078125,0.06656000018119812,1.021299958229065,0.0,0.934220016002655,3.9148900508880615,1.5649700164794922,2.6226699352264404,4.630640029907227,0.0,0.0,0.0,0.0,0.0,0.0,11.96236801147461,279.896484375,0.0,154.6413116455078,1391.6346435546875,304.6808776855469,0.0,3000.65478515625,0.0,0.0,0.0,0.0,0.0,0.0,25.588298797607422,25.588298797607422,208.7388153076172,230.85179138183594,231.68844604492188,0.0,0.0,0.0,208.7388153076172,230.85179138183594,231.68844604492188,0.0,0.0,0.0,43.821495056152344,50.2895393371582,50.53425979614258,0.0,0.0,0.0
21.0,14.755249977111816,16731.298828125,1836.469970703125,5902.10009765625,8992.728515625,1600.0,17.248348236083984,0.0,7670.04052734375,0.06656000018119812,1.021299958229065,0.0,0.934220016002655,3.9148900508880615,1.5649700164794922,2.6226699352264404,4.630640029907227,0.0,0.0,0.0,0.0,0.0,0.0,30.670848846435547,279.896484375,0.0,154.6413116455078,1361.0545654296875,312.4556579589844,0.0,3000.65478515625,0.0,0.0,0.0,0.0,0.0,0.0,27.004165649414062,27.004165649414062,235.24221801757812,235.75106811523438,231.61810302734375,0.0,0.0,0.0,235.24221801757812,235.75106811523438,231.61810302734375,0.0,0.0,0.0,51.560001373291016,51.708839416503906,50.499942779541016,0.0,0.0,0.0
22.0,14.755249977111816,16731.298828125,1836.469970703125,5902.10009765625,8992.728515625,1600.0,17.03656005859375,0.0,7767.06005859375,0.06656000018119812,1.021299958229065,0.0,0.934220016002655,3.9148900508880615,1.5649700164794922,2.6226699352264404,4.630640029907227,0.0,0.0,0.0,0.0,0.0,0.0,11.96236801147461,279.896484375,0.0,154.6413116455078,1361.28515625,394.8231506347656,0.0,3000.65478515625,0.0,0.0,0.0,0.0,0.0,0.0,28.46493148803711,28.46493148803711,230.55233764648438,230.6993865966797,230.89402770996094,0.0,0.0,0.0,230.55233764648438,230.6993865966797,230.89402770996094,0.0,0.0,0.0,50.400001525878906,50.44301223754883,50.499942779541016,0.0,0.0,0.0
23.0,14.755249977111816,16731.298828125,1836.469970703125,5902.10009765625,8992.728515625,1600.0,16.720890045166016,0.0,7915.14794921875,0.06656000018119812,1.021299958229065,0.0,0.934220016002655,3.9148900508880615,1.5649700164794922,2.6226699352264404,4.630640029907227,0.0,0.0,0.0,0.0,0.0,0.0,0.0,279.896484375,0.0,154.6413116455078,1176.8262939453125,689.4757080078125,0.0,3000.65478515625,0.0,0.0,0.0,0.0,0.0,0.0,29.9824275970459,29.9824275970459,229.47312927246094,219.44212341308594,229.81500244140625,0.0,0.0,0.0,229.47312927246094,219.44212341308594,229.81500244140625,0.0,0.0,0.0,50.400001525878906,47.4659309387207,50.5,0.0,0.0,0.0
24.0,14.755249977111816,16731.298828125,1836.469970703125,5902.10009765625,8992.728515625,1600.0,15.996349334716797,0.0,8273.98828125,0.06656000018119812,1.021299958229065,0.0,0.934220016002655,3.9148900508880615,1.5649700164794922,2.6226699352264404,4.630640029907227,0.0,0.0,0.0,0.0,0.0,0.0,0.0,279.896484375,0.0,154.6413116455078,1192.949462890625,913.479248046875,0.0,3000.65478515625,0.0,0.0,0.0,0.0,0.0,0.0,31.56281089782715,31.56281089782715,226.9960479736328,214.68836975097656,227.33779907226562,0.0,0.0,0.0,226.9960479736328,214.68836975097656,227.33779907226562,0.0,0.0,0.0,50.399993896484375,46.79999923706055,50.49995803833008,0.0,0.0,0.0
25.0,14.755249977111816,16768.720703125,1836.469970703125,5902.10009765625,9030.1494140625,1600.0,15.434788703918457,0.0,8594.806640625,0.06656000018119812,1.021299958229065,0.0,0.934220016002655,3.9148900508880615,1.5649700164794922,2.6226699352264404,4.630640029907227,0.0,0.0,0.0,0.0,0.0,0.0,0.0,279.896484375,0.0,154.6413116455078,2818.720703125,1126.7784423828125,0.0,1376.0491943359375,0.0,0.0,0.0,0.0,0.0,0.0,33.194950103759766,33.194950103759766,122.15951538085938,177.220947265625,195.11004638671875,0.0,0.0,0.0,122.15951538085938,177.220947265625,195.11004638671875,0.0,0.0,0.0,20.2968692779541,36.40233612060547,41.6348991394043,0.0,0.0,0.0
26.0,14.755249977111816,16960.435546875,1836.469970703125,5902.10009765625,9221.865234375,1600.0,15.512801170349121,0.0,8651.4697265625,0.06656000018119812,1.021299958229065,0.0,0.934220016002655,3.9148900508880615,1.5649700164794922,2.6226699352264404,4.630640029907227,0.0,0.0,0.0,0.0,0.0,0.0,0.0,279.896484375,0.0,154.6413116455078,2818.720703125,1126.7784423828125,0.0,1412.580078125,0.0,0.0,0.0,0.0,0.0,0.0,34.83078384399414,34.83078384399414,65.51220703125,178.40838623046875,164.14239501953125,0.0,0.0,0.0,65.51220703125,178.40838623046875,164.14239501953125,0.0,0.0,0.0,3.649519920349121,36.67164993286133,32.49885177612305,0.0,0.0,0.0
27.0,14.755249977111816,16997.064453125,1836.469970703125,5902.10009765625,9258.4951171875,1600.0,16.022375106811523,0.0,8398.27734375,0.06656000018119812,1.021299958229065,0.0,0.934220016002655,3.9148900508880615,1.5649700164794922,2.6226699352264404,4.630640029907227,0.0,0.0,0.0,0.0,0.0,0.0,0.0,279.896484375,0.0,154.6413116455078,2818.720703125,937.8176879882812,0.0,1429.42578125,0.0,0.0,0.0,0.0,0.0,0.0,36.40047836303711,36.40047836303711,73.1216049194336,180.41207885742188,172.1038055419922,0.0,0.0,0.0,73.1216049194336,180.41207885742188,172.1038055419922,0.0,0.0,0.0,5.365694046020508,36.7481575012207,34.31798553466797,0.0,0.0,0.0
28.0,14.755249977111816,16997.064453125,1836.469970703125,5902.10009765625,9258.4951171875,1600.0,16.023351669311523,0.0,8399.982421875,0.06656000018119812,1.021299958229065,0.0,0.934220016002655,3.9148900508880615,1.5649700164794922,2.6226699352264404,4.630640029907227,0.0,0.0,0.0,0.0,0.0,0.0,0.0,279.896484375,0.0,154.6413116455078,2818.720703125,579.8401489257812,0.0,1787.0606689453125,0.0,0.0,0.0,0.0,0.0,0.0,37.891666412353516,37.891666412353516,93.08382415771484,188.89186096191406,160.59402465820312,0.0,0.0,0.0,93.08382415771484,188.89186096191406,160.59402465820312,0.0,0.0,0.0,11.203665733337402,39.227516174316406,30.950401306152344,0.0,0.0,0.0
29.0,14.755249977111816,16997.064453125,1836.469970703125,5902.10009765625,9258.4951171875,1600.0,16.77992820739746,0.0,8025.90576171875,0.06656000018119812,1.021299958229065,0.0,0.934220016002655,3.9148900508880615,1.5649700164794922,2.6226699352264404,4.630640029907227,0.0,0.0,0.0,0.0,0.0,0.0,0.0,279.896484375,0.0,154.6413116455078,1518.71240234375,412.8515930175781,0.0,3000.65478515625,0.0,0.0,0.0,0.0,0.0,0.0,39.32468795776367,39.32468795776367,207.25341796875,217.36727905273438,230.01666259765625,0.0,0.0,0.0,207.25341796875,217.36727905273438,230.01666259765625,0.0,0.0,0.0,43.841697692871094,46.79999923706055,50.49994659423828,0.0,0.0,0.0
30.0,14.755249977111816,16997.064453125,1836.469970703125,5902.10009765625,9258.4951171875,1600.0,16.99498748779297,0.0,7927.1669921875,0.06656000018119812,1.021299958229065,0.0,0.934220016002655,3.9148900508880615,1.5649700164794922,2.6226699352264404,4.630640029907227,0.0,0.0,0.0,0.0,0.0,0.0,0.0,279.896484375,0.0,154.6413116455078,1472.7723388671875,390.8794250488281,0.0,3000.65478515625,0.0,0.0,0.0,0.0,0.0,0.0,40.72857666015625,40.72857666015625,215.4130859375,221.6283721923828,230.96192932128906,0.0,0.0,0.0,215.4130859375,221.6283721923828,230.96192932128906,0.0,0.0,0.0,46.01333999633789,47.8313102722168,50.561378479003906,0.0,0.0,0.0
31.0,14.767749786376953,16997.064453125,1836.469970703125,5902.10009765625,9258.4951171875,1600.0,17.249614715576172,0.0,7813.15771484375,0.06656000018119812,1.021299958229065,0.0,0.934220016002655,3.9148900508880615,1.5774699449539185,2.6226699352264404,4.630640029907227,0.0,0.0,0.0,0.0,0.0,0.0,11.96236801147461,279.896484375,0.0,154.6413116455078,1387.19287109375,386.2782287597656,0.0,3000.65478515625,0.0,0.0,0.0,0.0,0.0,0.0,42.15243911743164,42.15243911743164,231.28073120117188,228.98336791992188,231.6224365234375,0.0,0.0,0.0,231.28073120117188,228.98336791992188,231.6224365234375,0.0,0.0,0.0,50.400001525878906,49.72801971435547,50.49994659423828,0.0,0.0,0.0
32.0,14.767749786376953,17002.064453125,1836.469970703125,5907.10009765625,9258.4951171875,1600.0,16.78788948059082,0.0,8030.841796875,0.06656000018119812,1.021299958229065,0.0,0.934220016002655,3.9148900508880615,1.5774699449539185,2.6226699352264404,4.630640029907227,0.0,0.0,0.0,0.0,0.0,0.0,11.96236801147461,279.896484375,0.0,154.6413116455078,1611.5201416015625,307.1144714355469,0.0,3000.65478515625,0.0,0.0,0.0,0.0,0.0,0.0,43.616397857666016,43.616397857666016,163.2062530517578,225.1455535888672,231.30630493164062,0.0,0.0,0.0,163.2062530517578,225.1455535888672,231.30630493164062,0.0,0.0,0.0,30.949939727783203,49.06718444824219,50.869205474853516,0.0,0.0,0.0
33.0,14.767749786376953,17002.064453125,1836.469970703125,5907.10009765625,9258.4951171875,1600.0,16.801496505737305,0.0,8026.650390625,0.06656000018119812,1.021299958229065,0.0,0.934220016002655,3.9148900508880615,1.5774699449539185,2.6226699352264404,4.630640029907227,0.0,0.0,0.0,0.0,0.0,0.0,30.670848846435547,279.896484375,0.0,154.6413116455078,1580.6290283203125,314.95135498046875,0.0,3000.65478515625,0.0,0.0,0.0,0.0,0.0,0.0,45.13898849487305,45.13898849487305,180.28085327148438,233.60850524902344,230.77041625976562,0.0,0.0,0.0,180.28085327148438,233.60850524902344,230.77041625976562,0.0,0.0,0.0,35.9306526184082,51.52899169921875,50.698848724365234,0.0,0.0,0.0
34.0,14.861153602600098,17099.650390625,1836.469970703125,6004.685546875,9258.4951171875,1600.0,16.689985275268555,0.0,8128.150390625,0.06656000018119812,1.021299958229065,0.0,0.9601325392723083,3.9148900508880615,1.5774699449539185,2.6226699352264404,4.630640029907227,0.0,0.031544655561447144,0.03594597429037094,0.0,0.0,0.0,30.670848846435547,279.896484375,0.0,158.69656372070312,420.2856140136719,397.97674560546875,1132.36279296875,3000.65478515625,0.0,3.7853586673736572,3.9145164489746094,0.0,0.0,0.0,46.70720672607422,46.70720672607422,269.50421142578125,236.92922973632812,242.81797790527344,0.0,0.0,0.0,269.50421142578125,236.92922973632812,242.81797790527344,0.0,0.0,0.0,62.13999938964844,52.611812591552734,54.33427429199219,0.0,0.0,0.0
35.0,15.046485900878906,17185.75,1836.469970703125,6090.78564453125,9258.4951171875,1600.0,16.462404251098633,0.0,8283.1083984375,0.06656000018119812,1.021299958229065,0.0,1.0249239206314087,3.9148900508880615,1.5774699449539185,2.6226699352264404,4.630640029907227,0.0,0.08790352195501328,0.10012805461883545,0.0,0.0,0.0,30.670848846435547,279.896484375,0.0,168.82969665527344,1334.5084228515625,694.9827880859375,0.0,3000.65478515625,0.0,10.548422813415527,10.903944969177246,0.0,0.0,0.0,48.33208084106445,48.33208084106445,232.5552215576172,232.890869140625,228.93130493164062,0.0,0.0,0.0,232.5552215576172,232.890869140625,228.93130493164062,0.0,0.0,0.0,51.55999755859375,51.65817642211914,50.5,0.0,0.0,0.0
36.0,15.195934295654297,17212.994140625,1836.469970703125,6118.0283203125,9258.4951171875,1600.0,15.812579154968262,0.0,8636.623046875,0.06656000018119812,1.021299958229065,0.0,1.0822430849075317,3.9148900508880615,1.5774699449539185,2.6226699352264404,4.630640029907227,0.0,0.1309916228055954,0.14916974306106567,0.0,0.0,0.0,0.0,279.896484375,0.0,177.7895965576172,2818.720703125,920.7755737304688,0.0,1538.276123046875,0.0,15.718994140625,16.244585037231445,0.0,0.0,0.0,50.02505874633789,50.02505874633789,167.59487915039062,183.76596069335938,181.96957397460938,0.0,0.0,0.0,167.59487915039062,183.76596069335938,181.96957397460938,0.0,0.0,0.0,33.208919525146484,37.93896484375,37.41352081298828,0.0,0.0,0.0
37.0,15.473057746887207,17342.6328125,1836.469970703125,6126.64794921875,9379.515625,1600.0,15.336589813232422,0.0,8971.46875,0.06656000018119812,1.2412999868392944,0.0,1.105413556098938,3.9148900508880615,1.5774699449539185,2.6226699352264404,4.630640029907227,0.0,0.14669787883758545,0.1674167960882187,0.0,0.0,0.0,0.0,340.189453125,0.0,181.42640686035156,2818.720703125,1135.7784423828125,0.0,1479.256103515625,0.0,17.60374641418457,18.231687545776367,0.0,0.0,0.0,51.78559112548828,51.78559112548828,119.90345001220703,179.3141632080078,163.45155334472656,0.0,0.0,0.0,119.90345001220703,179.3141632080078,163.45155334472656,0.0,0.0,0.0,19.735170364379883,37.1128044128418,32.47298812866211,0.0,0.0,0.0
38.0,15.510287284851074,17577.8671875,1836.469970703125,6217.37548828125,9524.021484375,1600.0,15.446481704711914,0.0,9030.5888671875,0.06656000018119812,1.2412999868392944,0.0,1.1208895444869995,3.9148900508880615,1.5774699449539185,2.6226699352264404,4.630640029907227,0.0,0.15691067278385162,0.17895740270614624,0.0,0.0,0.0,0.0,340.189453125,0.0,183.8420867919922,2818.720703125,1135.7784423828125,0.0,1512.42041015625,0.0,18.829280853271484,19.488462448120117,0.0,0.0,0.0,53.54555130004883,53.54555130004883,63.365135192871094,180.45022583007812,167.3571319580078,0.0,0.0,0.0,63.365135192871094,180.45022583007812,167.3571319580078,0.0,0.0,0.0,3.0878210067749023,37.335208892822266,33.5054817199707,0.0,0.0,0.0
39.0,15.533775329589844,17604.0703125,1836.469970703125,6218.23828125,9549.3623046875,1600.0,15.944811820983887,0.0,8766.265625,0.06656000018119812,1.2412999868392944,0.0,1.130707859992981,3.9148900508880615,1.5774699449539185,2.6226699352264404,4.630640029907227,0.0,0.16339698433876038,0.1861402541399002,0.0,0.0,0.0,0.0,340.189453125,0.0,185.36849975585938,2818.720703125,945.308349609375,0.0,1520.0750732421875,0.0,19.607637405395508,20.270673751831055,0.0,0.0,0.0,55.23175811767578,55.23175811767578,74.30625915527344,182.23382568359375,160.93092346191406,0.0,0.0,0.0,74.30625915527344,182.23382568359375,160.93092346191406,0.0,0.0,0.0,5.789768695831299,37.358585357666016,31.127483367919922,0.0,0.0,0.0
40.0,15.54211711883545,17604.34375,1836.469970703125,6218.51123046875,9549.3623046875,1600.0,15.946187019348145,0.0,8768.029296875,0.06656338274478912,1.2425073385238647,2.3601320208399557e-05,1.133681058883667,3.9148900508880615,1.5774943828582764,2.6226699352264404,4.630703926086426,9.393276627633895e-07,0.16531407833099365,0.18826831877231598,0.0,0.0,0.0,0.0,340.52032470703125,0.006468154489994049,185.8310089111328,2818.720703125,584.4805908203125,0.0,1879.2274169921875,0.00020505060092546046,19.837688446044922,20.50242042541504,0.0,0.0,0.0,56.8331184387207,56.8331184387207,90.99232482910156,189.45481872558594,167.9501495361328,0.0,0.0,0.0,90.99232482910156,189.45481872558594,167.9501495361328,0.0,0.0,0.0,10.669069290161133,39.4693489074707,33.17923355102539,0.0,0.0,0.0
41.0,15.5450439453125,17738.978515625,1836.469970703125,6353.1455078125,9549.3623046875,1600.0,16.82936668395996,0.0,8377.5283203125,0.06657060235738754,1.2451530694961548,7.66192824812606e-05,1.1336926221847534,3.9148900508880615,1.5775471925735474,2.6226699352264404,4.630842685699463,2.94477626994194e-06,0.1653216928243637,0.18827663362026215,0.0,0.0,0.0,0.0,341.24542236328125,0.02099820412695408,185.83282470703125,1600.16064453125,416.1695556640625,0.0,3000.7861328125,0.0016961911460384727,19.838603973388672,20.503324508666992,0.0,0.0,0.0,58.367488861083984,58.367488861083984,188.91563415527344,217.5363006591797,230.6779022216797,0.0,0.0,0.0,188.91563415527344,217.5363006591797,230.6779022216797,0.0,0.0,0.0,38.4284553527832,46.79999923706055,50.6439208984375,0.0,0.0,0.0
42.0,16.04010581970215,18091.07421875,1836.469970703125,6705.24169921875,9549.3623046875,1600.0,17.384214401245117,0.0,8274.439453125,0.06746507436037064,1.6933460235595703,0.014274362474679947,1.1344062089920044,3.9148900508880615,1.5849685668945312,2.6226725578308105,4.653289318084717,0.000251361692789942,0.16576789319515228,0.188773974776268,0.0,0.0,0.0,12.098588943481445,464.07672119140625,3.912017822265625,185.94393920898438,1395.795166015625,395.87445068359375,0.0,3015.331298828125,0.1447843313217163,19.892147064208984,20.557485580444336,0.0,0.0,0.0,59.861244201660156,59.861244201660156,227.8749542236328,224.4930419921875,236.73312377929688,0.0,0.0,0.0,227.8749542236328,224.4930419921875,236.73312377929688,0.0,0.0,0.0,49.26921081542969,48.279998779296875,51.860225677490234,0.0,0.0,0.0
43.0,16.767370223999023,18354.041015625,1836.469970703125,6968.208984375,9549.3623046875,1600.0,17.902164459228516,0.0,8155.4091796875,0.06857430189847946,2.352987766265869,0.034957241266965866,1.1352049112319946,3.9148900508880615,1.5956453084945679,2.622675895690918,4.686278343200684,0.0005594231188297272,0.16626709699630737,0.1893298178911209,0.0,0.0,0.0,12.268197059631348,644.8574829101562,9.580347061157227,186.0682830810547,1110.8258056640625,390.7288513183594,0.0011014360934495926,3036.70849609375,0.32222771644592285,19.952051162719727,20.618017196655273,0.0,0.0,0.0,61.38107681274414,61.38107681274414,234.85455322265625,259.42620849609375,237.48841857910156,0.0,0.0,0.0,234.85455322265625,259.42620849609375,237.48841857910156,0.0,0.0,0.0,50.79279327392578,57.97999954223633,51.56319808959961,0.0,0.0,0.0
44.0,17.32588005065918,18471.076171875,1836.469970703125,7085.24462890625,9549.3623046875,1600.0,17.527572631835938,0.0,8382.6044921875,0.06932193040847778,2.8600552082061768,0.050759341567754745,1.1357160806655884,3.9148900508880615,1.60342538356781,2.62267804145813,4.711996078491211,0.0007670588092878461,0.16658653318881989,0.18968524038791656,0.0,0.0,0.0,12.384512901306152,783.8239135742188,13.911054611206055,186.14784240722656,1180.4993896484375,312.1676940917969,0.0,3053.373291015625,0.44182586669921875,19.99038314819336,20.656723022460938,0.0,0.0,0.0,62.94930648803711,62.94930648803711,237.3331298828125,227.8563995361328,232.89385986328125,0.0,0.0,0.0,237.3331298828125,227.8563995361328,232.89385986328125,0.0,0.0,0.0,51.892364501953125,49.120426177978516,50.59387969970703,0.0,0.0,0.0
45.0,17.626033782958984,18575.0,1836.469970703125,7189.1669921875,9549.3623046875,1600.0,17.6407470703125,0.0,8378.2021484375,0.06955496221780777,3.133314371109009,0.059213787317276,1.1358705759048462,3.9148900508880615,1.605974555015564,2.622678518295288,4.72722864151001,0.0008317771716974676,0.1666831076145172,0.189792662858963,0.0,0.0,0.0,29.380014419555664,858.7130737304688,16.228071212768555,186.17189025878906,414.5816650390625,320.6424560546875,648.6773681640625,3063.244140625,0.4791036546230316,20.001972198486328,20.668420791625977,0.0,0.0,0.0,64.59228515625,64.59228515625,262.6124572753906,254.37326049804688,234.19723510742188,0.0,0.0,0.0,262.6124572753906,254.37326049804688,234.19723510742188,0.0,0.0,0.0,59.173397064208984,56.763431549072266,50.86194610595703,0.0,0.0,0.0
46.0,18.00567626953125,18723.896484375,1836.469970703125,7338.06396484375,9549.3623046875,1600.0,17.562896728515625,0.0,8484.115234375,0.06977657973766327,3.4754745960235596,0.07008174061775208,1.1360138654708862,3.9148900508880615,1.6084294319152832,2.6226792335510254,4.746929168701172,0.0008933263598009944,0.16771890223026276,0.192789688706398,0.0,0.0,0.0,12.950836181640625,952.4851684570312,19.206533432006836,186.19419860839844,954.16357421875,405.7874450683594,0.001777450437657535,3076.010009765625,0.5145559906959534,20.12626838684082,20.994796752929688,0.0,0.0,0.0,66.28614044189453,66.28614044189453,236.72735595703125,258.26629638671875,237.63418579101562,0.0,0.0,0.0,236.72735595703125,258.26629638671875,237.63418579101562,0.0,0.0,0.0,51.67985534667969,57.97999954223633,51.94510269165039,0.0,0.0,0.0
47.0,18.286876678466797,18775.228515625,1836.469970703125,7389.39599609375,9549.3623046875,1600.0,17.28314208984375,0.0,8645.833984375,0.06991246342658997,3.708693742752075,0.07749579846858978,1.1361010074615479,3.9148900508880615,1.6099494695663452,2.6226797103881836,4.760484218597412,0.0009310654131695628,0.17399583756923676,0.2117440402507782,0.0,0.0,0.0,0.0,1016.4009399414062,21.238420486450195,186.20774841308594,711.5634765625,709.292236328125,0.0,3066.458740234375,0.49927735328674316,20.879499435424805,23.05892562866211,0.0,0.0,0.0,68.05216979980469,68.05216979980469,224.01902770996094,219.01242065429688,221.7803955078125,0.0,0.0,0.0,224.01902770996094,219.01242065429688,221.7803955078125,0.0,0.0,0.0,48.2424201965332,46.777992248535156,47.587623596191406,0.0,0.0,0.0
48.0,18.449539184570312,18818.26171875,1836.469970703125,7426.06201171875,9555.7294921875,1600.0,16.649520874023438,0.0,8994.0576171875,0.06997614353895187,3.834347724914551,0.08150975406169891,1.1361415386199951,3.9148900508880615,1.6106654405593872,2.6226799488067627,4.767626762390137,0.0009487499482929707,0.180208221077919,0.2305448055267334,0.0,0.0,0.0,0.0,1050.8375244140625,22.338483810424805,186.21405029296875,2801.229736328125,940.15185546875,0.0,940.7698974609375,0.05861080437898636,21.62498664855957,25.1063289642334,0.0,0.0,0.0,69.87653350830078,69.87653350830078,149.33248901367188,182.43609619140625,181.8367462158203,0.0,0.0,0.0,149.33248901367188,182.43609619140625,181.8367462158203,0.0,0.0,0.0,27.03023338317871,36.713035583496094,36.5377311706543,0.0,0.0,0.0
49.0,18.539676666259766,18999.751953125,1836.469970703125,7465.34423828125,9697.9375,1600.0,16.180517196655273,0.0,9342.7353515625,0.06998831778764725,3.885786771774292,0.08321140706539154,1.1361491680145264,3.9148900508880615,1.6108006238937378,2.6226799488067627,4.769996643066406,0.0009521321044303477,0.1885298639535904,0.2566927671432495,0.0,0.0,0.0,0.0,1064.9349365234375,22.80483627319336,186.21524047851562,2816.74267578125,1159.7764892578125,0.0,920.22607421875,0.05751916021108627,22.62358283996582,27.95384407043457,0.0,0.0,0.0,71.73463439941406,71.73463439941406,159.27508544921875,168.57386779785156,187.35072326660156,0.0,0.0,0.0,159.27508544921875,168.57386779785156,187.35072326660156,0.0,0.0,0.0,30.407447814941406,33.12733840942383,38.619571685791016,0.0,0.0,0.0
50.0,18.766984939575195,19316.23828125,1836.469970703125,7618.8486328125,9860.9189453125,1600.0,16.34600830078125,0.0,9404.265625,0.07000603526830673,4.0035834312438965,0.08700793981552124,1.1361602544784546,3.9148900508880615,1.6110000610351562,2.6226799488067627,4.774997711181641,0.0009570532711222768,0.21272248029708862,0.33298107981681824,0.0,0.0,0.0,0.0,1097.218017578125,23.84531021118164,186.2169647216797,2816.260498046875,1159.9200439453125,0.0,915.6234130859375,0.0575057715177536,25.526697158813477,36.26164245605469,0.0,0.0,0.0,73.58482360839844,73.58482360839844,148.19149780273438,166.42678833007812,132.22389221191406,0.0,0.0,0.0,148.19149780273438,166.42678833007812,132.22389221191406,0.0,0.0,0.0,27.0000057220459,32.333824157714844,22.329479217529297,0.0,0.0,0.0
51.0,19.01219940185547,19413.453125,1836.469970703125,7686.25732421875,9890.7255859375,1600.0,16.934600830078125,0.0,9128.978515625,0.07002074271440506,4.140860557556152,0.09138251841068268,1.1361695528030396,3.9148900508880615,1.6111664772033691,2.6226799488067627,4.780592441558838,0.0009611383429728448,0.23625265061855316,0.4072226881980896,0.0,0.0,0.0,0.0,1134.8402099609375,25.04420280456543,186.21841430664062,2809.57177734375,965.5011596679688,0.0,879.8078002929688,0.055471066385507584,28.350317001342773,44.34654998779297,0.0,0.0,0.0,75.35203552246094,75.35203552246094,82.93498229980469,170.1510009765625,155.19505310058594,0.0,0.0,0.0,82.93498229980469,170.1510009765625,155.19505310058594,0.0,0.0,0.0,7.32388162612915,32.83456802368164,28.459951400756836,0.0,0.0,0.0
52.0,19.190427780151367,19454.361328125,1836.469970703125,7727.16552734375,9890.7255859375,1600.0,16.971555709838867,0.0,9130.77734375,0.07002981752157211,4.245189189910889,0.09471427649259567,1.136175274848938,3.9148900508880615,1.6112691164016724,2.6226799488067627,4.784763813018799,0.0009636567556299269,0.25220024585723877,0.45755133032798767,0.0,0.0,0.0,0.0,1163.432373046875,25.95730209350586,186.21929931640625,2818.720703125,596.9945068359375,0.0,1201.7891845703125,0.07594781368970871,30.26403045654297,49.82734298706055,0.0,0.0,0.0,77.01885223388672,77.01885223388672,135.85186767578125,177.53054809570312,159.29225158691406,0.0,0.0,0.0,135.85186767578125,177.53054809570312,159.29225158691406,0.0,0.0,0.0,22.765113830566406,34.95613098144531,29.621427536010742,0.0,0.0,0.0
53.0,19.28996467590332,19467.3046875,1836.469970703125,7740.10888671875,9890.7255859375,1600.0,17.789936065673828,0.0,8724.09375,0.07003436237573624,4.305130481719971,0.09663223475217819,1.1361781358718872,3.9148900508880615,1.6113320589065552,2.6226799488067627,4.787173748016357,0.0009649202693253756,0.2606686055660248,0.48427990078926086,0.0,0.0,0.0,0.0,1179.85986328125,26.482934951782227,186.21975708007812,822.3990478515625,425.082275390625,0.0,3073.18603515625,0.5017929673194885,31.28023338317871,52.73808288574219,0.0,0.0,0.0,78.61573791503906,78.61573791503906,215.21971130371094,220.6898193359375,217.95791625976562,0.0,0.0,0.0,215.21971130371094,220.6898193359375,217.95791625976562,0.0,0.0,0.0,45.16183090209961,46.761837005615234,45.96275329589844,0.0,0.0,0.0
54.0,19.33510971069336,19474.19140625,1836.469970703125,7746.99462890625,9890.7255859375,1600.0,18.025924682617188,0.0,8616.7138671875,0.07003587484359741,4.335560321807861,0.09760911762714386,1.1361790895462036,3.9148900508880615,1.6114373207092285,2.6226799488067627,4.788650035858154,0.0009653394808992743,0.26359251141548157,0.4935108721256256,0.0,0.0,0.0,0.0,1188.1993408203125,26.750659942626953,186.2198944091797,1021.2283325195312,402.4854736328125,0.0,2813.435791015625,0.17805664241313934,31.631099700927734,53.74333572387695,0.0,0.0,0.0,80.16484069824219,80.16484069824219,179.90269470214844,218.82464599609375,196.04867553710938,0.0,0.0,0.0,179.90269470214844,218.82464599609375,196.04867553710938,0.0,0.0,0.0,34.59561538696289,45.98028564453125,39.31831359863281,0.0,0.0,0.0
55.0,19.36396026611328,19496.025390625,1836.469970703125,7768.82861328125,9890.7255859375,1600.0,18.318307876586914,0.0,8492.7333984375,0.07003621757030487,4.359123706817627,0.09836938232183456,1.1361793279647827,3.9148900508880615,1.6116132736206055,2.6226799488067627,4.790132522583008,0.0009654357563704252,0.26428189873695374,0.4956875741481781,0.0,0.0,0.0,0.0,1194.6572265625,26.959014892578125,186.21994018554688,2373.03369140625,394.63897705078125,0.0,1377.5367431640625,0.0871807113289833,31.71382713317871,53.980377197265625,0.0,0.0,0.0,81.69923400878906,81.69923400878906,131.1624298095703,192.20077514648438,177.00384521484375,0.0,0.0,0.0,131.1624298095703,192.20077514648438,177.00384521484375,0.0,0.0,0.0,20.046703338623047,37.90041732788086,33.45531463623047,0.0,0.0,0.0
56.0,19.434890747070312,19528.62890625,1836.469970703125,7801.43310546875,9890.7255859375,1600.0,17.849424362182617,0.0,8729.2900390625,0.07003673911094666,4.4193854331970215,0.10031954944133759,1.1361796855926514,3.9148900508880615,1.6120249032974243,2.6226799488067627,4.794079780578613,0.000965580518823117,0.2653311789035797,0.4989990293979645,0.0,0.0,0.0,0.0,1211.17236328125,27.49347686767578,186.21998596191406,895.1944580078125,313.8418884277344,0.0,3076.01806640625,0.5093750357627869,31.839740753173828,54.34099578857422,0.0,0.0,0.0,83.23589324951172,83.23589324951172,227.4000701904297,220.81777954101562,227.07630920410156,0.0,0.0,0.0,227.4000701904297,220.81777954101562,227.07630920410156,0.0,0.0,0.0,48.66509246826172,46.73977279663086,48.570396423339844,0.0,0.0,0.0
57.0,19.491722106933594,19595.609375,1836.469970703125,7868.4140625,9890.7255859375,1600.0,17.925155639648438,0.0,8724.6767578125,0.07003685086965561,4.470085144042969,0.10195551812648773,1.1361796855926514,3.9148900508880615,1.6121290922164917,2.6226799488067627,4.797538757324219,0.0009656112524680793,0.26555559039115906,0.4997069537639618,0.0,0.0,0.0,9.372308731079102,1225.0670166015625,27.941829681396484,186.22000122070312,862.4699096679688,321.8712463378906,0.0014425094705075026,3072.201904296875,0.5076722502708435,31.866670608520508,54.418087005615234,0.0,0.0,0.0,84.82032775878906,84.82032775878906,225.5175323486328,249.706787109375,225.88272094726562,0.0,0.0,0.0,225.5175323486328,249.706787109375,225.88272094726562,0.0,0.0,0.0,48.03872299194336,55.114078521728516,48.145538330078125,0.0,0.0,0.0
58.0,19.728649139404297,19721.74609375,1836.469970703125,7994.5498046875,9890.7255859375,1600.0,17.817045211791992,0.0,8834.9453125,0.07003714144229889,4.683018207550049,0.10901225358247757,1.1361799240112305,3.9148900508880615,1.612407922744751,2.6226799488067627,4.811740875244141,0.00096569221932441,0.26614615321159363,0.5015709400177002,0.0,0.0,0.0,9.372342109680176,1283.42333984375,29.875789642333984,186.22003173828125,810.135498046875,406.7911682128906,0.0,3051.733154296875,0.481160968542099,31.937538146972656,54.62107467651367,0.0,0.0,0.0,86.44210815429688,86.44210815429688,220.89239501953125,224.53469848632812,219.6793670654297,0.0,0.0,0.0,220.89239501953125,224.53469848632812,219.6793670654297,0.0,0.0,0.0,46.79397964477539,47.85935592651367,46.439170837402344,0.0,0.0,0.0
59.0,19.95409393310547,19773.216796875,1836.469970703125,8046.0205078125,9890.7255859375,1600.0,17.529558181762695,0.0,9003.314453125,0.07003737986087799,4.886079788208008,0.11575847119092941,1.13618004322052,3.9148900508880615,1.6126407384872437,2.6226799488067627,4.825133323669434,0.0009657584596425295,0.2666298747062683,0.5030977725982666,0.0,0.0,0.0,0.0,1339.07421875,31.724651336669922,186.2200469970703,2369.5244140625,710.4779052734375,0.0,1252.4444580078125,0.07908565551042557,31.995586395263672,54.787349700927734,0.0,0.0,0.0,88.11543273925781,88.11543273925781,171.5312042236328,184.63485717773438,197.3356475830078,0.0,0.0,0.0,171.5312042236328,184.63485717773438,197.3356475830078,0.0,0.0,0.0,32.6433219909668,36.476139068603516,40.19111633300781,0.0,0.0,0.0
60.0,20.0797119140625,19789.501953125,1836.469970703125,8062.30615234375,9890.7255859375,1600.0,16.845882415771484,0.0,9373.556640625,0.07003749161958694,4.99970006942749,0.11953696608543396,1.1361801624298096,3.9148900508880615,1.6127501726150513,2.6226799488067627,4.832310676574707,0.0009657891932874918,0.2668542265892029,0.503805935382843,0.0,0.0,0.0,0.0,1370.2127685546875,32.76018524169922,186.22006225585938,803.5791625976562,941.3687133789062,0.0,2802.67138671875,0.2948307991027832,32.02250671386719,54.864463806152344,0.0,0.0,0.0,89.8363265991211,89.8363265991211,206.5939178466797,212.1323699951172,170.02297973632812,0.0,0.0,0.0,206.5939178466797,212.1323699951172,170.02297973632812,0.0,0.0,0.0,43.58283996582031,45.20283508300781,32.885841369628906,0.0,0.0,0.0
61.0,20.136632919311523,19942.990234375,1836.469970703125,8108.78955078125,9997.7314453125,1600.0,16.338668823242188,0.0,9736.9140625,0.07003750652074814,5.033835411071777,0.1206565797328949,1.1361801624298096,3.9148991107940674,1.6127609014511108,2.6226799488067627,4.833928108215332,0.0009657921036705375,0.2718234062194824,0.5188667178153992,0.0,0.0,0.0,0.0,1379.5679931640625,33.06702423095703,186.22006225585938,2744.37451171875,1161.1878662109375,0.0,873.3862915039062,0.05511557683348656,32.61880874633789,56.50458526611328,0.0,0.0,0.0,91.59783172607422,91.59783172607422,128.6318817138672,169.39915466308594,169.0174560546875,0.0,0.0,0.0,128.6318817138672,169.39915466308594,169.0174560546875,0.0,0.0,0.0,21.286157608032227,33.21058654785156,33.09893798828125,0.0,0.0,0.0
62.0,20.422748565673828,20312.798828125,1836.469970703125,8322.111328125,10154.216796875,1600.0,16.535743713378906,0.0,9801.0126953125,0.07003752887248993,5.192172050476074,0.1259508579969406,1.1361801624298096,3.915435552597046,1.6127885580062866,2.6226799488067627,4.84092378616333,0.000965799787081778,0.3003365397453308,0.6052771806716919,0.0,0.0,0.0,0.0,1422.9615478515625,34.517967224121094,186.22006225585938,2745.74462890625,1161.207763671875,0.0,870.7383422851562,0.05491841584444046,27.030288696289062,59.92243957519531,0.0,0.0,0.0,93.35753631591797,93.35753631591797,145.95079040527344,153.75489807128906,124.84485626220703,0.0,0.0,0.0,145.95079040527344,153.75489807128906,124.84485626220703,0.0,0.0,0.0,26.154863357543945,28.437562942504883,19.98137664794922,0.0,0.0,0.0
63.0,20.767202377319336,20443.5859375,1836.469970703125,8423.5146484375,10183.6005859375,1600.0,17.156110763549805,0.0,9514.076171875,0.07003755867481232,5.395814418792725,0.13278509676456451,1.1361801624298096,3.916175603866577,1.6128140687942505,2.6226799488067627,4.849696636199951,0.0009658068884164095,0.3312109410762787,0.6988425254821777,0.0,0.0,0.0,0.0,1478.7716064453125,36.390953063964844,186.22006225585938,2714.461669921875,966.4884643554688,0.0,832.0631713867188,0.052442941814661026,29.808984756469727,69.18540954589844,0.0,0.0,0.0,95.03814697265625,95.03814697265625,86.50686645507812,146.95603942871094,97.61986541748047,0.0,0.0,0.0,86.50686645507812,146.95603942871094,97.61986541748047,0.0,0.0,0.0,8.147148132324219,25.82853126525879,11.397700309753418,0.0,0.0,0.0
64.0,21.02168846130371,20501.216796875,1836.469970703125,8481.1455078125,10183.6005859375,1600.0,17.20536994934082,0.0,9515.919921875,0.07003757357597351,5.552021503448486,0.13799719512462616,1.1361801624298096,3.91674542427063,1.6128301620483398,2.6226799488067627,4.856346130371094,0.0009658113121986389,0.35250627994537354,0.7633779644966125,0.0,0.0,0.0,0.0,1521.58154296875,37.819374084472656,186.22006225585938,2781.795166015625,597.5729370117188,0.0,1078.3184814453125,0.067927785217762,33.17182159423828,76.5669174194336,0.0,0.0,0.0,96.6086196899414,96.6086196899414,147.12423706054688,164.86459350585938,146.52891540527344,0.0,0.0,0.0,147.12423706054688,164.86459350585938,146.52891540527344,0.0,0.0,0.0,25.828472137451172,31.01752281188965,25.654338836669922,0.0,0.0,0.0
65.0,21.16299057006836,20519.451171875,1836.469970703125,8499.3798828125,10183.6005859375,1600.0,18.040815353393555,0.0,9092.05859375,0.07003758102655411,5.640785217285156,0.14095036685466766,1.1361801624298096,3.917065382003784,1.6128462553024292,2.6226799488067627,4.860111236572266,0.0009658135822974145,0.3637915849685669,0.7975779175758362,0.0,0.0,0.0,0.0,1545.907958984375,38.62871551513672,186.22006225585938,2378.091064453125,425.48175048828125,0.0,1321.1942138671875,0.08320241421461105,43.654991149902344,86.85623168945312,0.0,0.0,0.0,98.10128021240234,98.10128021240234,179.04090881347656,191.9241943359375,161.14498901367188,0.0,0.0,0.0,179.04090881347656,191.9241943359375,161.14498901367188,0.0,0.0,0.0,34.328651428222656,38.09701156616211,29.09409523010254,0.0,0.0,0.0
66.0,21.226932525634766,20528.03515625,1836.469970703125,8507.96484375,10183.6005859375,1600.0,18.281505584716797,0.0,8980.1123046875,0.07003758102655411,5.68475341796875,0.14242151379585266,1.1361801624298096,3.917184352874756,1.6129192113876343,2.6226799488067627,4.862048149108887,0.0009658143389970064,0.36785373091697693,0.8098881840705872,0.0,0.0,0.0,0.0,1557.9578857421875,39.031898498535156,186.22006225585938,731.42041015625,402.8555908203125,0.0,2899.127197265625,0.31496113538742065,44.14244842529297,88.19682312011719,0.0,0.0,0.0,99.54745483398438,99.54745483398438,194.03868103027344,218.89840698242188,172.0221405029297,0.0,0.0,0.0,194.03868103027344,218.89840698242188,172.0221405029297,0.0,0.0,0.0,38.47480773925781,45.74627685546875,32.034969329833984,0.0,0.0,0.0
67.0,21.263587951660156,20555.564453125,1836.469970703125,8535.494140625,10183.6005859375,1600.0,18.582447052001953,0.0,8850.8779296875,0.07003758102655411,5.715313911437988,0.14345327019691467,1.1361801624298096,3.9172098636627197,1.613062858581543,2.6226799488067627,4.8635149002075195,0.0009658144554123282,0.3687041699886322,0.8124654293060303,0.0,0.0,0.0,7.810328006744385,1566.3333740234375,39.314659118652344,186.22006225585938,632.535400390625,394.9939270019531,0.0,2900.427734375,0.41085949540138245,44.244503021240234,88.47748565673828,0.0,0.0,0.0,100.99678802490234,100.99678802490234,190.48309326171875,224.04408264160156,197.32215881347656,0.0,0.0,0.0,190.48309326171875,224.04408264160156,197.32215881347656,0.0,0.0,0.0,37.13385772705078,46.950443267822266,39.134281158447266,0.0,0.0,0.0
68.0,21.35637855529785,20598.83984375,1836.469970703125,8578.76953125,10183.6005859375,1600.0,18.112953186035156,0.0,9097.3779296875,0.07003758102655411,5.795527935028076,0.14613601565361023,1.1361801624298096,3.917250156402588,1.613418459892273,2.6226799488067627,4.867711067199707,0.0009658147464506328,0.3700198233127594,0.8164523839950562,0.0,0.0,0.0,0.0,1588.316650390625,40.04989242553711,186.22006225585938,786.9472045898438,314.11322021484375,0.0,2975.923583984375,0.45563840866088867,44.40237808227539,88.91166687011719,0.0,0.0,0.0,102.46160888671875,102.46160888671875,202.61558532714844,218.86964416503906,216.32688903808594,0.0,0.0,0.0,202.61558532714844,218.86964416503906,216.32688903808594,0.0,0.0,0.0,41.152103424072266,45.90641784667969,45.162662506103516,0.0,0.0,0.0
69.0,21.431381225585938,20687.55078125,1836.469970703125,8667.4794921875,10183.6005859375,1600.0,18.205379486083984,0.0,9092.5390625,0.07003758102655411,5.862527847290039,0.14837546646595,1.1361801624298096,3.9172589778900146,1.6135096549987793,2.6226799488067627,4.872226238250732,0.0009658147464506328,0.3703041970729828,0.8173142075538635,0.0,0.0,0.0,0.0,1606.6785888671875,40.66363525390625,186.22006225585938,765.9013671875,322.1468811035156,0.0,2965.059326171875,0.45480361580848694,44.43650436401367,89.00552368164062,0.0,0.0,0.0,103.97595977783203,103.97595977783203,204.8755645751953,219.02935791015625,213.25462341308594,0.0,0.0,0.0,204.8755645751953,219.02935791015625,213.25462341308594,0.0,0.0,0.0,41.72072219848633,45.86071014404297,44.17159652709961,0.0,0.0,0.0
70.0,21.745006561279297,20845.7265625,1836.469970703125,8825.65625,10183.6005859375,1600.0,18.116357803344727,0.0,9207.4306640625,0.0700375884771347,6.1435370445251465,0.15796653926372528,1.1361801624298096,3.917283535003662,1.6137738227844238,2.6226799488067627,4.891714096069336,0.0009658149210736156,0.37111061811447144,0.8197580575942993,0.0,0.0,0.0,0.0,1683.691650390625,43.292152404785156,186.22006225585938,763.1932983398438,407.1357421875,0.0,2878.760009765625,0.31257563829421997,44.53327560424805,89.27165222167969,0.0,0.0,0.0,105.52086639404297,105.52086639404297,208.06837463378906,217.69915771484375,195.1841278076172,0.0,0.0,0.0,208.06837463378906,217.69915771484375,195.1841278076172,0.0,0.0,0.0,42.7436408996582,45.560646057128906,38.974998474121094,0.0,0.0,0.0
71.0,22.01106834411621,20895.775390625,1836.469970703125,8875.7041015625,10183.6005859375,1600.0,17.8190860748291,0.0,9382.8662109375,0.0700375884771347,6.382132530212402,0.16612136363983154,1.1361801624298096,3.917302131652832,1.6139757633209229,2.6226799488067627,4.90836763381958,0.0009658150374889374,0.37171509861946106,0.8215898871421814,0.0,0.0,0.0,0.0,1749.0809326171875,45.52705764770508,186.22006225585938,2246.1318359375,711.0661010742188,0.0,1140.822021484375,0.07158828526735306,44.605812072753906,89.47114562988281,0.0,0.0,0.0,107.1045913696289,107.1045913696289,118.93363952636719,190.01080322265625,172.61453247070312,0.0,0.0,0.0,118.93363952636719,190.01080322265625,172.61453247070312,0.0,0.0,0.0,16.96900177001953,37.759071350097656,32.6706657409668,0.0,0.0,0.0
72.0,22.14803695678711,20911.611328125,1836.469970703125,8891.5400390625,10183.6005859375,1600.0,17.2768611907959,0.0,9681.966796875,0.0700375884771347,6.505029201507568,0.17032310366630554,1.1361801624298096,3.917310953140259,1.6140730381011963,2.6226799488067627,4.91697883605957,0.0009658150956965983,0.3720010817050934,0.8224565982818604,0.0,0.0,0.0,0.0,1782.7618408203125,46.67858123779297,186.22006225585938,656.0601806640625,942.140869140625,0.0,2664.389404296875,0.3879334628582001,44.64012908935547,89.56552124023438,0.0,0.0,0.0,108.72471618652344,108.72471618652344,179.05860900878906,209.60546875,212.44236755371094,0.0,0.0,0.0,179.05860900878906,209.60546875,212.44236755371094,0.0,0.0,0.0,35.097782135009766,44.032737731933594,44.86252975463867,0.0,0.0,0.0
73.0,22.20807456970215,20997.380859375,1836.469970703125,8896.5498046875,10264.3603515625,1600.0,16.694019317626953,0.0,10057.2421875,0.0700375884771347,6.559110641479492,0.17217294871807098,1.1361801624298096,3.917314052581787,1.6141096353530884,2.6226799488067627,4.920618534088135,0.0009658150956965983,0.3721074163913727,0.8227788209915161,0.0,0.0,0.0,0.0,1797.5833740234375,47.185546875,186.22006225585938,2588.2841796875,1162.158935546875,0.0,769.8770141601562,0.04826774448156357,32.147586822509766,80.4535140991211,0.0,0.0,0.0,110.38846588134766,110.38846588134766,148.1580810546875,163.47381591796875,165.64163208007812,0.0,0.0,0.0,148.1580810546875,163.47381591796875,165.64163208007812,0.0,0.0,0.0,26.64221954345703,31.1220703125,31.75615882873535,0.0,0.0,0.0
74.0,22.232357025146484,21174.296875,1836.469970703125,8923.54296875,10414.283203125,1600.0,16.72698402404785,0.0,10123.41015625,0.0700375884771347,6.581495761871338,0.17294025421142578,1.1361801624298096,3.9173145294189453,1.6141133308410645,2.6226799488067627,4.921698570251465,0.0009658150956965983,0.37211841344833374,0.8228121399879456,0.0,0.0,0.0,0.0,1803.71826171875,47.39583206176758,186.22006225585938,2596.10791015625,1162.16162109375,0.0,797.0277709960938,0.049965761601924896,33.05083465576172,81.13015747070312,0.0,0.0,0.0,112.05387115478516,112.05387115478516,67.43428039550781,144.54901123046875,144.83114624023438,0.0,0.0,0.0,67.43428039550781,144.54901123046875,144.83114624023438,0.0,0.0,0.0,2.997542142868042,25.55360221862793,25.636123657226562,0.0,0.0,0.0
75.0,22.335002899169922,21254.873046875,1836.469970703125,8976.1484375,10442.25390625,1600.0,17.310022354125977,0.0,9827.009765625,0.0700375884771347,6.676393508911133,0.17618604004383087,1.1361801624298096,3.9173154830932617,1.614124059677124,2.6226799488067627,4.9260663986206055,0.0009658150956965983,0.37214896082878113,0.8229047656059265,0.0,0.0,0.0,0.0,1829.7257080078125,48.28537368774414,186.22006225585938,2578.53857421875,967.2735595703125,0.0,783.8438720703125,0.04912227392196655,31.61868667602539,80.06841278076172,0.0,0.0,0.0,113.64337921142578,113.64337921142578,141.056396484375,152.8447265625,146.15467834472656,0.0,0.0,0.0,141.056396484375,152.8447265625,146.15467834472656,0.0,0.0,0.0,23.948974609375,27.397058486938477,25.44021987915039,0.0,0.0,0.0
76.0,22.422962188720703,21271.517578125,1836.469970703125,8992.79296875,10442.25390625,1600.0,17.324241638183594,0.0,9828.875,0.0700375884771347,6.7577643394470215,0.17896896600723267,1.1361801624298096,3.917316198348999,1.6141321659088135,2.6226799488067627,4.9297709465026855,0.0009658150956965983,0.372172087430954,0.8229748010635376,0.0,0.0,0.0,0.0,1852.0262451171875,49.048057556152344,186.22006225585938,2658.904541015625,598.0553588867188,0.0,1046.084716796875,0.065537229180336,33.495487213134766,81.47450256347656,0.0,0.0,0.0,115.1487808227539,115.1487808227539,132.06915283203125,154.24575805664062,123.46049499511719,0.0,0.0,0.0,132.06915283203125,154.24575805664062,123.46049499511719,0.0,0.0,0.0,21.305984497070312,27.792644500732422,18.787954330444336,0.0,0.0,0.0
77.0,22.46834945678711,21276.783203125,1836.469970703125,8998.0595703125,10442.25390625,1600.0,18.155624389648438,0.0,9391.0322265625,0.0700375884771347,6.799766540527344,0.18040545284748077,1.1361801624298096,3.917316436767578,1.614135980606079,2.6226799488067627,4.931670188903809,0.0009658150956965983,0.37218302488327026,0.8230080008506775,0.0,0.0,0.0,0.0,1863.537353515625,49.441741943359375,186.22006225585938,2590.221923828125,425.8219909667969,0.0,959.4265747070312,0.06009902060031891,44.661964416503906,89.62557220458984,0.0,0.0,0.0,116.58443450927734,116.58443450927734,154.37820434570312,188.97059631347656,130.51475524902344,0.0,0.0,0.0,154.37820434570312,188.97059631347656,130.51475524902344,0.0,0.0,0.0,27.000001907348633,37.11827850341797,20.019941329956055,0.0,0.0,0.0
78.0,22.488264083862305,21278.44921875,1836.469970703125,8999.7255859375,10442.25390625,1600.0,18.391868591308594,0.0,9275.3828125,0.0700375884771347,6.81817102432251,0.18104733526706696,1.1361801624298096,3.9173166751861572,1.614148497581482,2.6226799488067627,4.932509899139404,0.0009658150956965983,0.372187077999115,0.8230202794075012,0.0,0.0,0.0,0.0,1868.5811767578125,49.617652893066406,186.22006225585938,949.9169921875,403.16265869140625,0.0,2537.794677734375,0.15895839035511017,44.66244888305664,89.62690734863281,0.0,0.0,0.0,117.96110534667969,117.96110534667969,178.85983276367188,213.53724670410156,182.5218505859375,0.0,0.0,0.0,178.85983276367188,213.53724670410156,182.5218505859375,0.0,0.0,0.0,33.92462921142578,44.067771911621094,34.99576950073242,0.0,0.0,0.0
79.0,22.496322631835938,21288.62109375,1836.469970703125,9009.896484375,10442.25390625,1600.0,18.678918838500977,0.0,9141.859375,0.0700375884771347,6.825540065765381,0.18133676052093506,1.1361801624298096,3.9173166751861572,1.6141818761825562,2.6226799488067627,4.932875156402588,0.0009658150956965983,0.37218746542930603,0.823021411895752,0.0,0.0,0.0,0.0,1870.6007080078125,49.69697570800781,186.22006225585938,594.8572998046875,395.2679443359375,0.0,2807.093017578125,0.4020506739616394,44.66249465942383,89.62702941894531,0.0,0.0,0.0,119.33661651611328,119.33661651611328,216.78472900390625,217.3893280029297,201.97421264648438,0.0,0.0,0.0,216.78472900390625,217.3893280029297,201.97421264648438,0.0,0.0,0.0,44.730613708496094,44.9074592590332,40.398536682128906,0.0,0.0,0.0
80.0,22.53483772277832,21308.564453125,1836.469970703125,9029.83984375,10442.25390625,1600.0,18.18424415588379,0.0,9396.435546875,0.0700375884771347,6.860732555389404,0.1827470362186432,1.1361801624298096,3.9173166751861572,1.6143229007720947,2.6226799488067627,4.934642791748047,0.0009658150956965983,0.37218841910362244,0.823024332523346,0.0,0.0,0.0,0.0,1880.24560546875,50.08346939086914,186.22006225585938,920.0297241210938,314.2892761230469,0.0,2723.17578125,0.17054301500320435,44.66261291503906,89.62734985351562,0.0,0.0,0.0,120.73698425292969,120.73698425292969,126.25736236572266,216.57479858398438,187.11196899414062,0.0,0.0,0.0,126.25736236572266,216.57479858398438,187.11196899414062,0.0,0.0,0.0,18.746034622192383,45.16388702392578,36.5460090637207,0.0,0.0,0.0
81.0,22.56805992126465,21389.048828125,1836.469970703125,9110.32421875,10442.25390625,2930.02685546875,18.26713752746582,0.0,9391.4052734375,0.0700375884771347,6.891141891479492,0.18398195505142212,1.1361801624298096,3.9173166751861572,1.614344835281372,2.6226799488067627,4.936196804046631,0.0009658150956965983,0.3721885681152344,0.8230246901512146,0.0,0.0,0.0,0.0,1888.57958984375,50.421913146972656,186.22006225585938,736.9505004882812,322.3136291503906,0.0,2884.46533203125,0.43360695242881775,44.662628173828125,89.62738800048828,0.0,0.0,0.0,122.17838287353516,122.17838287353516,212.26779174804688,217.10305786132812,199.27566528320312,0.0,0.0,0.0,212.26779174804688,217.10305786132812,199.27566528320312,0.0,0.0,0.0,43.821189880371094,45.235504150390625,40.02099609375,0.0,0.0,0.0
82.0,22.85758399963379,21543.16015625,1836.469970703125,9264.4365234375,10442.25390625,2930.02685546875,18.169042587280273,0.0,9510.037109375,0.0700375884771347,7.155959129333496,0.19498296082019806,1.1361801624298096,3.9173166751861572,1.6144728660583496,2.6226799488067627,4.94977331161499,0.0009658150956965983,0.3721892833709717,0.8230268955230713,0.0,0.0,0.0,0.0,1961.155029296875,53.43684005737305,186.22006225585938,904.8564453125,407.3121337890625,0.0,2634.559814453125,0.27783825993537903,44.66271209716797,89.62763214111328,0.0,0.0,0.0,123.65214538574219,123.65214538574219,214.04107666015625,212.76065063476562,183.65380859375,0.0,0.0,0.0,214.04107666015625,212.76065063476562,183.65380859375,0.0,0.0,0.0,44.43797302246094,44.063446044921875,35.54969787597656,0.0,0.0,0.0
83.0,23.111732482910156,21591.921875,1836.469970703125,9313.1982421875,10442.25390625,2930.02685546875,17.867385864257812,0.0,9691.2109375,0.0700375884771347,7.3884172439575195,0.20464801788330078,1.1361801624298096,3.9173166751861572,1.6145739555358887,2.6226799488067627,4.961694240570068,0.0009658150956965983,0.37218984961509705,0.8230286240577698,0.0,0.0,0.0,0.0,2024.8623046875,56.08563232421875,186.22006225585938,2473.253173828125,711.3296508789062,0.0,816.536865234375,0.05103600025177002,44.66278076171875,89.62781524658203,0.0,0.0,0.0,125.16638946533203,125.16638946533203,175.78424072265625,183.66773986816406,175.31321716308594,0.0,0.0,0.0,175.78424072265625,183.66773986816406,175.31321716308594,0.0,0.0,0.0,33.549503326416016,35.85542678833008,33.4117317199707,0.0,0.0,0.0
84.0,23.243574142456055,21607.3515625,1836.469970703125,9328.626953125,10442.25390625,2930.02685546875,17.22032356262207,0.0,10057.73828125,0.0700375884771347,7.50900936126709,0.20966322720050812,1.1361801624298096,3.9173166751861572,1.6146228313446045,2.6226799488067627,4.967879295349121,0.0009658150956965983,0.37219011783599854,0.8230293989181519,0.0,0.0,0.0,0.0,2057.91162109375,57.46009826660156,186.22006225585938,2469.894775390625,942.4617919921875,0.0,799.6688232421875,0.04995923489332199,44.662811279296875,89.6279067993164,0.0,0.0,0.0,126.72246551513672,126.72246551513672,188.23866271972656,187.0359344482422,153.45156860351562,0.0,0.0,0.0,188.23866271972656,187.0359344482422,153.45156860351562,0.0,0.0,0.0,37.83948516845703,37.48768615722656,27.66425895690918,0.0,0.0,0.0
85.0,23.301563262939453,21722.759765625,1836.469970703125,9333.5087890625,10552.7802734375,2930.02685546875,16.658376693725586,0.0,10447.5517578125,0.0700375884771347,7.562229156494141,0.21187742054462433,1.1361801624298096,3.9173166751861572,1.6146409511566162,2.6226799488067627,4.970414638519287,0.0009658150956965983,0.3721902072429657,0.8230296969413757,0.0,0.0,0.0,0.0,2072.4970703125,58.066917419433594,186.22006225585938,2495.89208984375,1162.54150390625,0.0,818.6773071289062,0.051137328147888184,33.49711990356445,81.47994232177734,0.0,0.0,0.0,128.3276824951172,128.3276824951172,145.5463409423828,162.34994506835938,143.54225158691406,0.0,0.0,0.0,145.5463409423828,162.34994506835938,143.54225158691406,0.0,0.0,0.0,25.91392707824707,30.828981399536133,25.327730178833008,0.0,0.0,0.0
86.0,23.32505989074707,21925.6640625,1836.469970703125,9369.560546875,10719.6328125,2930.02685546875,16.705991744995117,0.0,10516.2509765625,0.0700375884771347,7.584229946136475,0.2127942442893982,1.1361801624298096,3.9173169136047363,1.6146423816680908,2.6226799488067627,4.970992088317871,0.0009658150956965983,0.3721902072429657,0.8230297565460205,0.0,0.0,0.0,0.0,2078.526611328125,58.318180084228516,186.22006225585938,2513.271484375,1162.5426025390625,0.0,847.0778198242188,0.05290897190570831,29.256771087646484,78.31513214111328,0.0,0.0,0.0,129.94342041015625,129.94342041015625,122.10553741455078,144.50411987304688,84.38999938964844,0.0,0.0,0.0,122.10553741455078,144.50411987304688,84.38999938964844,0.0,0.0,0.0,19.009878158569336,25.561466217041016,7.978084564208984,0.0,0.0,0.0
87.0,23.46082878112793,22056.236328125,1836.469970703125,9468.8369140625,10750.9296875,2930.02685546875,17.32616424560547,0.0,10208.30859375,0.0700375884771347,7.710856914520264,0.21805162727832794,1.1361801624298096,3.917355537414551,1.614646077156067,2.6226799488067627,4.97483491897583,0.0009658150956965983,0.3721902370452881,0.8230298161506653,0.0,0.0,0.0,0.0,2113.229736328125,59.75901412963867,186.22006225585938,2489.011474609375,967.5863647460938,0.0,824.6270751953125,0.05149112269282341,27.28464126586914,76.84322357177734,0.0,0.0,0.0,131.48867797851562,131.48867797851562,108.69086456298828,154.90345764160156,126.69105529785156,0.0,0.0,0.0,108.69086456298828,154.90345764160156,126.69105529785156,0.0,0.0,0.0,14.465914726257324,27.98309898376465,19.73097038269043,0.0,0.0,0.0
88.0,23.681827545166016,22136.333984375,1836.469970703125,9548.93359375,10750.9296875,2930.02685546875,17.389554977416992,0.0,10210.2158203125,0.0700375884771347,7.916528701782227,0.22658313810825348,1.1361801624298096,3.917658805847168,1.6146507263183594,2.6226799488067627,4.981322765350342,0.0009658150956965983,0.3721902668476105,0.8230298757553101,0.0,0.0,0.0,0.0,2169.595947265625,62.09714889526367,186.22006225585938,2551.412353515625,598.2474975585938,0.0,1061.814208984375,0.06626755744218826,33.49712371826172,81.4799575805664,0.0,0.0,0.0,132.95594787597656,132.95594787597656,102.78035736083984,153.4255828857422,117.6139144897461,0.0,0.0,0.0,102.78035736083984,153.4255828857422,117.6139144897461,0.0,0.0,0.0,12.673699378967285,27.4874267578125,17.012516021728516,0.0,0.0,0.0
89.0,23.83646011352539,22161.828125,1836.469970703125,9574.4287109375,10750.9296875,2930.02685546875,18.242082595825195,0.0,9755.353515625,0.0700375884771347,8.060033798217773,0.23253431916236877,1.1361801624298096,3.91823410987854,1.6146535873413086,2.6226799488067627,4.98591947555542,0.0009658150956965983,0.3721902668476105,0.8230299353599548,0.0,0.0,0.0,0.0,2208.925048828125,63.728126525878906,186.22006225585938,2486.55615234375,425.95855712890625,0.0,951.517578125,0.05936240777373314,32.85820388793945,80.81748962402344,0.0,0.0,0.0,134.36033630371094,134.36033630371094,148.02967834472656,174.8282928466797,134.56326293945312,0.0,0.0,0.0,148.02967834472656,174.8282928466797,134.56326293945312,0.0,0.0,0.0,25.056598663330078,32.89519119262695,21.117673873901367,0.0,0.0,0.0
90.0,23.912275314331055,22170.439453125,1836.469970703125,9583.0390625,10750.9296875,2930.02685546875,18.48546028137207,0.0,9635.1845703125,0.0700375884771347,8.128730773925781,0.2354457825422287,1.1361801624298096,3.920217752456665,1.6146548986434937,2.6226799488067627,4.9881415367126465,0.0009658150956965983,0.3721902668476105,0.8230299353599548,0.0,0.0,0.0,0.0,2227.751953125,64.52603912353516,186.22006225585938,2105.5263671875,403.28912353515625,0.0,1232.6824951171875,0.0768904760479927,44.66283416748047,89.62796020507812,0.0,0.0,0.0,135.69349670410156,135.69349670410156,174.84478759765625,194.5942840576172,135.7330780029297,0.0,0.0,0.0,174.84478759765625,194.5942840576172,135.7330780029297,0.0,0.0,0.0,32.656639099121094,38.43336868286133,21.216463088989258,0.0,0.0,0.0
91.0,23.946767807006836,22174.10546875,1836.469970703125,9586.70703125,10750.9296875,2930.02685546875,18.76846694946289,0.0,9496.455078125,0.0700375884771347,8.15928840637207,0.23669232428073883,1.1361801624298096,3.9219114780426025,1.6146554946899414,2.6226799488067627,4.9891357421875,0.0009658150956965983,0.37219029664993286,0.8230299353599548,0.0,0.0,0.0,0.0,2236.12646484375,64.86766815185547,186.22006225585938,889.7734985351562,395.3839111328125,0.0,2352.773193359375,0.14674602448940277,44.66283416748047,89.62796020507812,0.0,0.0,0.0,137.0299835205078,137.0299835205078,188.51927185058594,210.84754943847656,190.1194305419922,0.0,0.0,0.0,188.51927185058594,210.84754943847656,190.1194305419922,0.0,0.0,0.0,36.37342071533203,42.90443801879883,36.841468811035156,0.0,0.0,0.0
92.0,23.961549758911133,23687.56640625,3348.77001953125,9587.8671875,10750.9296875,2930.02685546875,19.498952865600586,0.0,9760.86328125,0.0700375884771347,8.172286987304688,0.23720243573188782,1.1361801624298096,3.922736644744873,1.614655613899231,2.6226799488067627,4.989583969116211,0.0009658150956965983,0.37219029664993286,0.8230299353599548,0.0,0.0,0.0,0.0,2239.68896484375,65.0074691772461,186.22006225585938,733.7820434570312,314.35406494140625,0.0,2762.56005859375,0.41043785214424133,44.66283416748047,89.62796020507812,0.0,0.0,0.0,138.3983917236328,138.3983917236328,213.6714630126953,218.9171142578125,205.88650512695312,0.0,0.0,0.0,213.6714630126953,218.9171142578125,205.88650512695312,0.0,0.0,0.0,42.99994659423828,44.5343017578125,40.72285079956055,0.0,0.0,0.0
93.0,23.967451095581055,23769.486328125,3348.77001953125,9669.7861328125,10750.9296875,2930.02685546875,19.58150291442871,0.0,9755.6044921875,0.0700375884771347,8.177719116210938,0.2374219298362732,1.1361801624298096,3.9227521419525146,1.614655613899231,2.6226799488067627,4.989817142486572,0.0009658150956965983,0.37219029664993286,0.8230299353599548,0.0,0.0,0.0,0.0,2241.177734375,65.06761932373047,186.22006225585938,724.6820068359375,322.3757019042969,0.0,2757.1220703125,0.4093075096607208,44.66283416748047,89.62796020507812,0.0,0.0,0.0,139.82476806640625,139.82476806640625,189.20144653320312,218.82418823242188,198.20372009277344,0.0,0.0,0.0,189.20144653320312,218.82418823242188,198.20372009277344,0.0,0.0,0.0,35.75992202758789,44.4245719909668,38.39308547973633,0.0,0.0,0.0
94.0,24.269153594970703,23938.71484375,3348.77001953125,9839.0146484375,10750.9296875,2930.02685546875,19.474063873291016,0.0,9878.80859375,0.0700375884771347,8.453221321105957,0.25126853585243225,1.1361801624298096,3.923146963119507,1.6146557331085205,2.6226799488067627,5.001777172088623,0.0009658150956965983,0.37219029664993286,0.8230299353599548,0.0,0.0,0.0,0.0,2316.681396484375,68.8624038696289,186.22006225585938,1015.3733520507812,407.3582763671875,0.0,2383.93359375,0.1485510915517807,44.66283416748047,89.62796020507812,0.0,0.0,0.0,141.28916931152344,141.28916931152344,194.3521728515625,213.98007202148438,192.98870849609375,0.0,0.0,0.0,194.3521728515625,213.98007202148438,192.98870849609375,0.0,0.0,0.0,37.37394714355469,43.115108489990234,36.97513198852539,0.0,0.0,0.0
95.0,24.547983169555664,23995.49609375,3348.77001953125,9895.796875,10750.9296875,2930.02685546875,19.15201187133789,0.0,10066.9658203125,0.0700375884771347,8.70788860321045,0.2640821039676666,1.1361801624298096,3.9234731197357178,1.61465585231781,2.6226799488067627,5.012799263000488,0.0009658150956965983,0.37219029664993286,0.8230299353599548,0.0,0.0,0.0,0.0,2386.475341796875,72.37407684326172,186.22006225585938,2014.3385009765625,711.3656616210938,0.0,1132.9591064453125,0.07054218649864197,44.66283416748047,89.62796020507812,0.0,0.0,0.0,142.80201721191406,142.80201721191406,174.96188354492188,194.16757202148438,133.59060668945312,0.0,0.0,0.0,174.96188354492188,194.16757202148438,133.59060668945312,0.0,0.0,0.0,32.02433776855469,37.642005920410156,19.92323875427246,0.0,0.0,0.0
96.0,24.69609260559082,24013.462890625,3348.77001953125,9913.7626953125,10750.9296875,2930.02685546875,18.56084442138672,0.0,10390.779296875,0.0700375884771347,8.843184471130371,0.27089154720306396,1.1361801624298096,3.9236340522766113,1.61465585231781,2.6226799488067627,5.018643856048584,0.0009658150956965983,0.37219029664993286,0.8230299353599548,0.0,0.0,0.0,0.0,2423.55419921875,74.24026489257812,186.22006225585938,2297.48388671875,942.4810791015625,0.0,796.32763671875,0.049561284482479095,44.66283416748047,89.62796020507812,0.0,0.0,0.0,144.36276245117188,144.36276245117188,179.44293212890625,184.08367919921875,180.67958068847656,0.0,0.0,0.0,179.44293212890625,184.08367919921875,180.67958068847656,0.0,0.0,0.0,33.92621612548828,35.28363037109375,34.287933349609375,0.0,0.0,0.0
97.0,24.761905670166016,24106.68359375,3348.77001953125,9919.447265625,10838.466796875,2930.02685546875,17.92770767211914,0.0,10793.458984375,0.0700375884771347,8.903497695922852,0.2739277780056,1.1361801624298096,3.923692464828491,1.61465585231781,2.6226799488067627,5.021047592163086,0.0009658150956965983,0.37219029664993286,0.8230299353599548,0.0,0.0,0.0,0.0,2440.083740234375,75.07238006591797,186.22006225585938,2340.703369140625,1162.55224609375,0.0,809.65625,0.050382018089294434,30.611780166625977,79.32646942138672,0.0,0.0,0.0,145.96978759765625,145.96978759765625,144.93333435058594,169.55474853515625,143.6303253173828,0.0,0.0,0.0,144.93333435058594,169.55474853515625,143.6303253173828,0.0,0.0,0.0,24.46529197692871,31.66705894470215,24.084163665771484,0.0,0.0,0.0
98.0,24.788724899291992,24355.724609375,3348.77001953125,10007.1943359375,10999.759765625,2930.02685546875,17.996320724487305,0.0,10864.396484375,0.0700375884771347,8.928497314453125,0.2751869261264801,1.1361801624298096,3.9236950874328613,1.61465585231781,2.6226799488067627,5.021605491638184,0.0009658150956965983,0.37219029664993286,0.8230299353599548,0.0,0.0,0.0,0.0,2446.93505859375,75.4174575805664,186.22006225585938,2363.6416015625,1162.55224609375,0.0,839.9512329101562,0.05226495862007141,22.331417083740234,73.33197021484375,0.0,0.0,0.0,147.5957489013672,147.5957489013672,69.3896484375,145.94537353515625,93.6351547241211,0.0,0.0,0.0,69.3896484375,145.94537353515625,93.6351547241211,0.0,0.0,0.0,2.3001530170440674,24.69270133972168,9.391962051391602,0.0,0.0,0.0
99.0,25.114696502685547,24562.634765625,3348.77001953125,10184.0224609375,11029.8408203125,2930.02685546875,18.712570190429688,0.0,10546.22265625,0.0700375884771347,9.232611656188965,0.2904556095600128,1.1361801624298096,3.923731803894043,1.61465585231781,2.6226799488067627,5.0281572341918945,0.0009658150956965983,0.37219029664993286,0.8230299353599548,0.0,0.0,0.0,0.0,2530.2802734375,79.60197448730469,186.22006225585938,2301.466064453125,967.5922241210938,0.0,793.6849975585938,0.0493614636361599,22.331417083740234,73.33197021484375,0.0,0.0,0.0,149.15501403808594,149.15501403808594,139.55990600585938,162.8677215576172,141.19667053222656,0.0,0.0,0.0,139.55990600585938,162.8677215576172,141.19667053222656,0.0,0.0,0.0,22.108699798583984,28.926237106323242,22.58745765686035,0.0,0.0,0.0
100.0,25.404335021972656,24618.625,3348.77001953125,10240.013671875,11029.8408203125,2930.02685546875,18.755727767944336,0.0,10548.1611328125,0.0700375884771347,9.502750396728516,0.3040238320827484,1.1361801624298096,3.923887014389038,1.61465585231781,2.6226799488067627,5.033933639526367,0.0009658150956965983,0.37219029664993286,0.8230299353599548,0.0,0.0,0.0,0.0,2604.314453125,83.32046508789062,186.22006225585938,2375.389404296875,598.2493896484375,0.0,1010.4443359375,0.06281470507383347,22.747669219970703,73.6239013671875,0.0,0.0,0.0,150.6470489501953,150.6470489501953,146.33070373535156,164.88575744628906,103.57891845703125,0.0,0.0,0.0,146.33070373535156,164.88575744628906,103.57891845703125,0.0,0.0,0.0,24.046001434326172,29.47335433959961,11.541106224060059,0.0,0.0,0.0
101.0,25.555139541625977,24636.412109375,3348.77001953125,10257.80078125,11029.8408203125,2930.02685546875,19.668621063232422,0.0,10078.208984375,0.0700375884771347,9.55955696105957,0.30655914545059204,1.2263469696044922,3.9239771366119385,1.61465585231781,2.6226799488067627,5.035140037536621,0.0009658150956965983,0.37219029664993286,0.8230299353599548,0.0,0.0,0.0,0.0,2619.882568359375,84.01529693603516,200.26898193359375,2295.2470703125,425.9591369628906,0.0,905.02392578125,0.056255899369716644,28.317691802978516,77.6142578125,0.0,0.0,0.0,152.08424377441406,152.08424377441406,149.24032592773438,155.0176544189453,165.27244567871094,0.0,0.0,0.0,149.24032592773438,155.0176544189453,165.27244567871094,0.0,0.0,0.0,23.984174728393555,25.674041748046875,28.673566818237305,0.0,0.0,0.0
102.0,25.847198486328125,24878.091796875,3348.77001953125,10499.48046875,11029.8408203125,2930.02685546875,20.11931800842285,0.0,9954.017578125,0.0700375884771347,9.622380256652832,0.3097609579563141,1.450134038925171,3.9248881340026855,1.61465585231781,2.6226799488067627,5.03647518157959,0.0009658150956965983,0.37219029664993286,0.8230299353599548,0.0,0.0,0.0,0.0,2637.10009765625,84.89278411865234,235.0194549560547,743.0972900390625,403.28936767578125,0.0,2313.53271484375,0.14379367232322693,44.66283416748047,89.62796020507812,0.0,0.0,0.0,153.45046997070312,153.45046997070312,194.02426147460938,214.3487548828125,179.62095642089844,0.0,0.0,0.0,194.02426147460938,214.3487548828125,179.62095642089844,0.0,0.0,0.0,36.63277816772461,42.57769012451172,32.4198112487793,0.0,0.0,0.0
103.0,26.195465087890625,24955.197265625,3348.77001953125,10576.5859375,11029.8408203125,2930.02685546875,20.487886428833008,0.0,9810.6640625,0.0700375884771347,9.688926696777344,0.31324031949043274,1.7255918979644775,3.9262568950653076,1.61465585231781,2.6226799488067627,5.03788948059082,0.0009658150956965983,0.37219029664993286,0.8230299353599548,0.0,0.0,0.0,0.0,2655.337646484375,85.84632873535156,277.7642517089844,1855.8326416015625,395.3840026855469,0.0,1048.928466796875,0.06518737971782684,44.66283416748047,89.62796020507812,0.0,0.0,0.0,154.80740356445312,154.80740356445312,179.35397338867188,201.33624267578125,141.03639221191406,0.0,0.0,0.0,179.35397338867188,201.33624267578125,141.03639221191406,0.0,0.0,0.0,31.97315216064453,38.4029655456543,20.7652587890625,0.0,0.0,0.0
104.0,26.386980056762695,24979.59375,3348.77001953125,10600.982421875,11029.8408203125,2930.02685546875,19.943668365478516,0.0,10083.791015625,0.0700375884771347,9.739174842834473,0.31616929173469543,1.8621307611465454,3.927008628845215,1.61465585231781,2.6226799488067627,5.038937091827393,0.0009658150956965983,0.37219029664993286,0.8230299353599548,0.0,0.0,0.0,0.0,2669.108642578125,86.64904022216797,298.94610595703125,1939.42626953125,314.3541259765625,0.0,1193.1817626953125,0.07414647191762924,44.66283416748047,89.62796020507812,0.0,0.0,0.0,156.1988525390625,156.1988525390625,192.94366455078125,201.5964813232422,172.14393615722656,0.0,0.0,0.0,192.94366455078125,201.5964813232422,172.14393615722656,0.0,0.0,0.0,36.49235534667969,39.0233039855957,30.408435821533203,0.0,0.0,0.0
105.0,26.473308563232422,25102.013671875,3348.77001953125,10723.4013671875,11029.8408203125,2930.02685546875,20.056909561157227,0.0,10078.3232421875,0.0700375884771347,9.805204391479492,0.3206460475921631,1.8765285015106201,3.927090883255005,1.61465585231781,2.6226799488067627,5.040278911590576,0.0009658150956965983,0.37219029664993286,0.8230299353599548,0.0,0.0,0.0,0.0,2687.20458984375,87.87594604492188,301.1723327636719,602.7777099609375,322.375732421875,0.0,2494.822021484375,0.3822920024394989,44.66283416748047,89.62796020507812,0.0,0.0,0.0,157.64479064941406,157.64479064941406,183.012451171875,214.79888916015625,187.2510528564453,0.0,0.0,0.0,183.012451171875,214.79888916015625,187.2510528564453,0.0,0.0,0.0,33.47422790527344,42.77176284790039,34.71402359008789,0.0,0.0,0.0
106.0,26.929927825927734,25339.6796875,3348.77001953125,10961.068359375,11029.8408203125,2930.02685546875,19.992881774902344,0.0,10205.5615234375,0.0700375884771347,10.180511474609375,0.3431609570980072,1.9274213314056396,3.927396535873413,1.61465585231781,2.6226799488067627,5.047876834869385,0.0009658150956965983,0.37219029664993286,0.8230299353599548,0.0,0.0,0.0,0.0,2790.06103515625,94.04634857177734,309.0738525390625,579.1732788085938,407.3583068847656,0.0,2400.76611328125,0.3502134382724762,44.66283416748047,89.62796020507812,0.0,0.0,0.0,159.1315155029297,159.1315155029297,219.2469940185547,214.13487243652344,179.34674072265625,0.0,0.0,0.0,219.2469940185547,214.13487243652344,179.34674072265625,0.0,0.0,0.0,44.13686752319336,42.64156723022461,32.46603775024414,0.0,0.0,0.0
107.0,27.3250675201416,25414.87890625,3348.77001953125,11036.267578125,11029.8408203125,2930.02685546875,19.67317008972168,0.0,10399.912109375,0.0700375884771347,10.509784698486328,0.3628394603729248,1.9667088985443115,3.9276349544525146,1.61465585231781,2.6226799488067627,5.054541110992432,0.0009658150956965983,0.37219029664993286,0.8230299353599548,0.0,0.0,0.0,0.0,2860.96923828125,98.77201080322266,312.32098388671875,2059.287109375,708.9431762695312,0.0,685.3609008789062,0.04254145547747612,35.746726989746094,83.05768585205078,0.0,0.0,0.0,160.6614227294922,160.6614227294922,174.61363220214844,175.21812438964844,166.43492126464844,0.0,0.0,0.0,174.61363220214844,175.21812438964844,166.43492126464844,0.0,0.0,0.0,31.401315689086914,31.5781307220459,29.009042739868164,0.0,0.0,0.0
108.0,27.52940559387207,25438.671875,3348.77001953125,11060.0615234375,11029.8408203125,2930.02685546875,19.056358337402344,0.0,10740.9560546875,0.0700375884771347,10.67954158782959,0.3729929029941559,1.985318899154663,3.927748680114746,1.61465585231781,2.6226799488067627,5.060243606567383,0.0009658150956965983,0.37219029664993286,0.8230299353599548,0.0,0.0,0.0,0.0,2899.428955078125,101.2652587890625,314.2026062011719,2036.3465576171875,938.02001953125,0.0,659.7144775390625,0.04093249887228012,38.5626220703125,85.07502746582031,0.0,0.0,0.0,162.2255096435547,162.2255096435547,142.7236785888672,157.79566955566406,139.23141479492188,0.0,0.0,0.0,142.7236785888672,157.79566955566406,139.23141479492188,0.0,0.0,0.0,22.69031524658203,27.098875045776367,21.66883087158203,0.0,0.0,0.0
109.0,27.61915397644043,25542.46484375,3348.77001953125,11072.1796875,11121.5146484375,2930.02685546875,18.408559799194336,0.0,11157.1650390625,0.0700375884771347,10.714988708496094,0.3749622404575348,2.029885768890381,3.9277713298797607,1.61465585231781,2.6226799488067627,5.0679850578308105,0.0009658150956965983,0.37219029664993286,0.8230299353599548,0.0,0.0,0.0,0.0,2913.286376953125,101.94806671142578,321.5769958496094,2073.93408203125,1157.8878173828125,0.0,687.0775756835938,0.042605627328157425,22.331417083740234,73.33197021484375,0.0,0.0,0.0,163.81475830078125,163.81475830078125,99.96870422363281,142.21995544433594,119.1036148071289,0.0,0.0,0.0,99.96870422363281,142.21995544433594,119.1036148071289,0.0,0.0,0.0,10.832286834716797,23.190776824951172,16.42924690246582,0.0,0.0,0.0
110.0,27.757482528686523,25810.51171875,3348.77001953125,11172.92578125,11288.8154296875,2930.02685546875,18.481618881225586,0.0,11230.453125,0.0700375884771347,10.748249053955078,0.37695762515068054,2.1206092834472656,3.9277918338775635,1.61465585231781,2.6226799488067627,5.080316066741943,0.0009658150956965983,0.37219029664993286,0.8230299353599548,0.0,0.0,0.0,0.0,2922.109619140625,102.48287200927734,335.4662170410156,2078.218994140625,1157.8421630859375,0.0,707.3709106445312,0.043824203312397,22.331417083740234,73.33197021484375,0.0,0.0,0.0,165.39854431152344,165.39854431152344,132.73721313476562,147.53042602539062,128.8804473876953,0.0,0.0,0.0,132.73721313476562,147.53042602539062,128.8804473876953,0.0,0.0,0.0,20.344017028808594,24.671030044555664,19.215913772583008,0.0,0.0,0.0
111.0,27.907506942749023,25873.587890625,3348.77001953125,11204.802734375,11320.015625,2930.02685546875,19.102718353271484,0.0,10901.525390625,0.0700375884771347,10.780219078063965,0.3789409399032593,2.2232353687286377,3.9278111457824707,1.61465585231781,2.6226799488067627,5.093740463256836,0.0009658150956965983,0.37219029664993286,0.8230299353599548,0.0,0.0,0.0,0.0,2921.3251953125,102.68898010253906,349.8608703613281,2063.854736328125,962.1143798828125,0.0,680.5677490234375,0.042122192680835724,22.331417083740234,73.33197021484375,0.0,0.0,0.0,166.92030334472656,166.92030334472656,142.23484802246094,153.01190185546875,128.2299346923828,0.0,0.0,0.0,142.23484802246094,153.01190185546875,128.2299346923828,0.0,0.0,0.0,22.500974655151367,25.653263092041016,18.404537200927734,0.0,0.0,0.0
112.0,27.988595962524414,25883.673828125,3348.77001953125,11214.888671875,11320.015625,2930.02685546875,19.110551834106445,0.0,10903.4794921875,0.0700375884771347,10.796140670776367,0.37993335723876953,2.2801170349121094,3.927820920944214,1.61465585231781,2.6226799488067627,5.101024627685547,0.0009658150956965983,0.37219029664993286,0.8230299353599548,0.0,0.0,0.0,0.0,2949.221435546875,103.78779602050781,362.217041015625,2147.237060546875,597.2666625976562,0.0,920.5220336914062,0.05694323778152466,22.331417083740234,73.33197021484375,0.0,0.0,0.0,168.38169860839844,168.38169860839844,108.70691680908203,163.06549072265625,134.4182891845703,0.0,0.0,0.0,108.70691680908203,163.06549072265625,134.4182891845703,0.0,0.0,0.0,12.6862211227417,28.586103439331055,20.206796646118164,0.0,0.0,0.0
113.0,28.02488899230957,25886.865234375,3348.77001953125,11218.0791015625,11320.015625,2930.02685546875,20.030269622802734,0.0,10417.6630859375,0.0700375884771347,10.802763938903809,0.3803487718105316,2.3056392669677734,3.928330898284912,1.61465585231781,2.6226799488067627,5.104247093200684,0.0009658150956965983,0.37219029664993286,0.8230299353599548,0.0,0.0,0.0,0.0,2938.519287109375,103.46075439453125,364.0734558105469,2102.54248046875,424.3470153808594,0.0,818.6646118164062,0.05063047260046005,22.331417083740234,73.33197021484375,0.0,0.0,0.0,169.79698181152344,169.79698181152344,137.4813690185547,150.10728454589844,116.59327697753906,0.0,0.0,0.0,137.4813690185547,150.10728454589844,116.59327697753906,0.0,0.0,0.0,20.183029174804688,23.87611198425293,14.073263168334961,0.0,0.0,0.0
114.0,28.03973960876465,25888.890625,3348.77001953125,11220.1044921875,11320.015625,2930.02685546875,20.292139053344727,0.0,10289.255859375,0.0700375884771347,10.8031005859375,0.3803693652153015,2.3195602893829346,3.928731679916382,1.61465585231781,2.6226799488067627,5.10441780090332,0.0009658150956965983,0.37219029664993286,0.8230299353599548,0.0,0.0,0.0,0.0,2932.53759765625,103.25252532958984,365.2563171386719,2085.953369140625,401.3459167480469,0.0,775.4290161132812,0.0479559600353241,22.331417083740234,73.33197021484375,0.0,0.0,0.0,171.1400909423828,171.1400909423828,166.82936096191406,158.22134399414062,139.02069091796875,0.0,0.0,0.0,166.82936096191406,158.22134399414062,139.02069091796875,0.0,0.0,0.0,28.505447387695312,25.98760414123535,20.371410369873047,0.0,0.0,0.0
115.0,28.154003143310547,26000.765625,3348.77001953125,11331.9794921875,11320.015625,2930.02685546875,20.689401626586914,0.0,10141.0390625,0.0700375884771347,10.804091453552246,0.3804306089878082,2.4301533699035645,3.930837392807007,1.61465585231781,2.6226799488067627,5.104931354522705,0.0009658150956965983,0.37219029664993286,0.8230299353599548,0.0,0.0,0.0,0.0,2918.91748046875,102.78009033203125,380.0627746582031,1761.3592529296875,392.5486145019531,0.0,985.8782348632812,0.060968756675720215,34.53155517578125,82.2054443359375,0.0,0.0,0.0,172.44566345214844,172.44566345214844,165.36581420898438,181.43019104003906,145.43951416015625,0.0,0.0,0.0,165.36581420898438,181.43019104003906,145.43951416015625,0.0,0.0,0.0,27.680097579956055,32.378929138183594,21.851655960083008,0.0,0.0,0.0
116.0,28.346433639526367,26076.15234375,3348.77001953125,11407.3662109375,11320.015625,2930.02685546875,20.177169799804688,0.0,10423.3251953125,0.0700375884771347,10.82470989227295,0.382048636674881,2.5964438915252686,3.933701276779175,1.61465585231781,2.6226799488067627,5.105971336364746,0.0009658150956965983,0.37219029664993286,0.8230299353599548,0.0,0.0,0.0,0.0,2942.71630859375,103.860595703125,408.40203857421875,835.4545288085938,313.0686950683594,0.0,2115.77734375,0.13083414733409882,40.924808502197266,86.83805847167969,0.0,0.0,0.0,173.75906372070312,173.75906372070312,170.67764282226562,197.95997619628906,170.09226989746094,0.0,0.0,0.0,170.67764282226562,197.95997619628906,170.09226989746094,0.0,0.0,0.0,29.746042251586914,37.72612380981445,29.574819564819336,0.0,0.0,0.0
117.0,28.48682975769043,26191.138671875,3348.77001953125,11522.353515625,11320.015625,2930.02685546875,20.28150177001953,0.0,10417.6357421875,0.0700375884771347,10.908806800842285,0.3889433443546295,2.6431939601898193,3.9344563484191895,1.61465585231781,2.6226799488067627,5.107870101928711,0.0009658150956965983,0.37219029664993286,0.8230299353599548,0.0,0.0,0.0,0.0,2959.886962890625,105.53201293945312,414.51629638671875,527.33349609375,320.7472839355469,0.0,2388.57958984375,0.3777948319911957,39.351131439208984,85.66353607177734,0.0,0.0,0.0,175.11178588867188,175.11178588867188,196.53822326660156,200.60704040527344,185.6313018798828,0.0,0.0,0.0,196.53822326660156,200.60704040527344,185.6313018798828,0.0,0.0,0.0,37.205928802490234,38.39605712890625,34.015655517578125,0.0,0.0,0.0
118.0,28.89104461669922,26385.583984375,3348.77001953125,11716.7978515625,11320.015625,2930.02685546875,20.174991607666016,0.0,10549.125,0.0700375884771347,11.187515258789062,0.40958139300346375,2.740257978439331,3.936180591583252,1.61465585231781,2.6226799488067627,5.113949298858643,0.0009658150956965983,0.37219029664993286,0.8230299353599548,0.0,0.0,0.0,0.0,3017.481201171875,110.47173309326172,426.4121398925781,1749.423095703125,404.1010437011719,0.0,1103.3184814453125,0.0681871622800827,35.21334457397461,82.68360900878906,0.0,0.0,0.0,176.49603271484375,176.49603271484375,157.6844482421875,182.3051300048828,168.23825073242188,0.0,0.0,0.0,157.6844482421875,182.3051300048828,168.23825073242188,0.0,0.0,0.0,25.947708129882812,33.149261474609375,29.03469467163086,0.0,0.0,0.0
119.0,29.224018096923828,26447.513671875,3348.77001953125,11778.7275390625,11320.015625,2930.02685546875,19.839075088500977,0.0,10749.9677734375,0.0700375884771347,11.423666954040527,0.4269315302371979,2.812093496322632,3.938703775405884,1.61465585231781,2.6226799488067627,5.119062900543213,0.0009658150956965983,0.37219029664993286,0.8230299353599548,0.0,0.0,0.0,0.0,3037.837890625,113.53173828125,431.8686218261719,1986.737548828125,700.7986450195312,0.0,677.2435302734375,0.041839487850666046,33.497127532958984,81.47996520996094,0.0,0.0,0.0,177.91506958007812,177.91506958007812,160.735107421875,161.4076385498047,157.5859375,0.0,0.0,0.0,160.735107421875,161.4076385498047,157.5859375,0.0,0.0,0.0,27.17594337463379,27.37265968322754,26.254810333251953,0.0,0.0,0.0
120.0,29.395751953125,26467.8125,3348.77001953125,11799.0263671875,11320.015625,2930.02685546875,19.350351333618164,0.0,11025.2099609375,0.0700375884771347,11.547386169433594,0.43601173162460327,2.846574544906616,3.9404895305633545,1.61465585231781,2.6226799488067627,5.121730327606201,0.0009658150956965983,0.37219029664993286,0.8230299353599548,0.0,0.0,0.0,0.0,3050.47802734375,115.18141174316406,435.3484802246094,2002.3636474609375,925.5336303710938,0.0,603.0636596679688,0.03724955394864082,33.497127532958984,81.47996520996094,0.0,0.0,0.0,179.36558532714844,179.36558532714844,147.82308959960938,160.69036865234375,136.7233428955078,0.0,0.0,0.0,147.82308959960938,160.69036865234375,136.7233428955078,0.0,0.0,0.0,23.887903213500977,27.65158462524414,20.641225814819336,0.0,0.0,0.0
121.0,29.471498489379883,26532.5390625,3348.77001953125,11805.44921875,11378.3193359375,2930.02685546875,18.66054344177246,0.0,11452.396484375,0.0700375884771347,11.573781967163086,0.43780702352523804,2.8928613662719727,3.940929889678955,1.61465585231781,2.6226799488067627,5.122559070587158,0.0009658150956965983,0.37219029664993286,0.8230299353599548,0.0,0.0,0.0,0.0,3070.79150390625,116.1603012084961,443.6005859375,2027.0357666015625,1144.0457763671875,0.0,635.9169921875,0.03927643224596977,22.331417083740234,73.33197021484375,0.0,0.0,0.0,180.83990478515625,180.83990478515625,109.18382263183594,142.98135375976562,104.13804626464844,0.0,0.0,0.0,109.18382263183594,142.98135375976562,104.13804626464844,0.0,0.0,0.0,13.275723457336426,23.161500930786133,11.799835205078125,0.0,0.0,0.0
122.0,29.581296920776367,26772.98828125,3348.77001953125,11892.2138671875,11532.0048828125,2930.02685546875,18.707555770874023,0.0,11527.5830078125,0.0700375884771347,11.59558391571045,0.4394381046295166,2.9732961654663086,3.9413232803344727,1.61465585231781,2.6226799488067627,5.128097057342529,0.0009658150956965983,0.37219029664993286,0.8230299353599548,0.0,0.0,0.0,0.0,3081.07177734375,116.76345825195312,455.907958984375,2029.1468505859375,1144.84033203125,0.0,658.9862670898438,0.04068487882614136,22.331417083740234,73.33197021484375,0.0,0.0,0.0,182.31640625,182.31640625,124.19458770751953,141.4287872314453,127.77848052978516,0.0,0.0,0.0,124.19458770751953,141.4287872314453,127.77848052978516,0.0,0.0,0.0,17.619359970092773,22.660364151000977,18.66765022277832,0.0,0.0,0.0
123.0,29.713134765625,26833.2890625,3348.77001953125,11924.150390625,11560.3681640625,2930.02685546875,19.33326530456543,0.0,11189.908203125,0.0700375884771347,11.618194580078125,0.44116485118865967,3.0700931549072266,3.9417405128479004,1.61465585231781,2.6226799488067627,5.138381481170654,0.0009658150956965983,0.37219029664993286,0.8230299353599548,0.0,0.0,0.0,0.0,3070.3408203125,116.58665466308594,468.374755859375,2022.5184326171875,950.3406372070312,0.0,629.6814575195312,0.038846615701913834,22.331417083740234,73.33197021484375,0.0,0.0,0.0,183.7414093017578,183.7414093017578,119.19221496582031,146.0213623046875,128.5673828125,0.0,0.0,0.0,119.19221496582031,146.0213623046875,128.5673828125,0.0,0.0,0.0,15.530457496643066,23.377981185913086,18.272695541381836,0.0,0.0,0.0
124.0,29.790578842163086,26844.75,3348.77001953125,11935.6123046875,11560.3681640625,2930.02685546875,19.341632843017578,0.0,11191.8798828125,0.0700375884771347,11.63025951385498,0.44207826256752014,3.1268467903137207,3.9419667720794678,1.61465585231781,2.6226799488067627,5.145867824554443,0.0009658150956965983,0.37219029664993286,0.8230299353599548,0.0,0.0,0.0,0.0,3125.5791015625,118.80651092529297,483.0998229980469,2067.8955078125,592.3992919921875,0.0,870.0057373046875,0.05364363640546799,22.331417083740234,73.33197021484375,0.0,0.0,0.0,185.11184692382812,185.11184692382812,132.56857299804688,160.22950744628906,126.1703109741211,0.0,0.0,0.0,132.56857299804688,160.22950744628906,126.1703109741211,0.0,0.0,0.0,19.434673309326172,27.525497436523438,17.563182830810547,0.0,0.0,0.0
125.0,29.82716941833496,26848.376953125,3348.77001953125,11939.23828125,11560.3681640625,2930.02685546875,20.274070739746094,0.0,10693.1708984375,0.0700375884771347,11.631649017333984,0.4421790838241577,3.16087007522583,3.9420320987701416,1.61465585231781,2.6226799488067627,5.146880626678467,0.0009658150956965983,0.37219029664993286,0.8230299353599548,0.0,0.0,0.0,0.0,3095.364501953125,117.6707992553711,483.8205871582031,2041.2823486328125,419.7654113769531,0.0,762.636962890625,0.04701991751790047,22.331417083740234,73.33197021484375,0.0,0.0,0.0,186.4436492919922,186.4436492919922,105.03760528564453,149.68394470214844,116.09962463378906,0.0,0.0,0.0,105.03760528564453,149.68394470214844,116.09962463378906,0.0,0.0,0.0,10.44942855834961,23.508481979370117,13.68506908416748,0.0,0.0,0.0
126.0,29.950571060180664,26963.10546875,3348.77001953125,12053.9677734375,11560.3681640625,2930.02685546875,20.62548828125,0.0,10561.3349609375,0.0700375884771347,11.633983612060547,0.44235560297966003,3.2782351970672607,3.943702459335327,1.61465585231781,2.6226799488067627,5.148736000061035,0.0009658150956965983,0.37219029664993286,0.8230299353599548,0.0,0.0,0.0,0.0,3080.81494140625,117.14094543457031,499.0301513671875,2028.0469970703125,396.4700012207031,0.0,708.9691772460938,0.04370519518852234,22.331417083740234,73.33197021484375,0.0,0.0,0.0,187.71348571777344,187.71348571777344,97.72150421142578,149.0050811767578,138.24822998046875,0.0,0.0,0.0,97.72150421142578,149.0050811767578,138.24822998046875,0.0,0.0,0.0,7.958050727844238,22.958499908447266,19.81212043762207,0.0,0.0,0.0
127.0,30.112577438354492,27000.703125,3348.77001953125,12091.5654296875,11560.3681640625,2930.02685546875,20.968303680419922,0.0,10409.1591796875,0.0700375884771347,11.636680603027344,0.44255945086479187,3.4324228763580322,3.946429491043091,1.61465585231781,2.6226799488067627,5.150925636291504,0.0009658150956965983,0.37219029664993286,0.8230299353599548,0.0,0.0,0.0,0.0,3055.05859375,116.18821716308594,518.6416625976562,642.7539672851562,387.08154296875,0.0,1987.6180419921875,0.12250945717096329,33.497127532958984,81.47996520996094,0.0,0.0,0.0,188.94839477539062,188.94839477539062,167.56092834472656,190.59487915039062,155.24496459960938,0.0,0.0,0.0,167.56092834472656,190.59487915039062,155.24496459960938,0.0,0.0,0.0,28.04326820373535,34.780696868896484,24.44084930419922,0.0,0.0,0.0
128.0,30.2034912109375,27012.599609375,3348.77001953125,12103.4619140625,11560.3681640625,2930.02685546875,20.397794723510742,0.0,10698.873046875,0.0700375884771347,11.648702621459961,0.4437226951122284,3.50744366645813,3.9479176998138428,1.61465585231781,2.6226799488067627,5.152144432067871,0.0009658150956965983,0.37219029664993286,0.8230299353599548,0.0,0.0,0.0,0.0,3099.183349609375,118.0541763305664,535.30224609375,776.5452270507812,309.74298095703125,0.0,2054.5205078125,0.12662187218666077,38.12564468383789,84.74888610839844,0.0,0.0,0.0,190.186279296875,190.186279296875,149.34898376464844,189.68141174316406,169.48361206054688,0.0,0.0,0.0,149.34898376464844,189.68141174316406,169.48361206054688,0.0,0.0,0.0,23.28678321838379,35.08401870727539,29.17616081237793,0.0,0.0,0.0
129.0,30.244802474975586,27100.298828125,3348.77001953125,12191.16015625,11560.3681640625,2930.02685546875,20.47930335998535,0.0,10692.9951171875,0.0700375884771347,11.680230140686035,0.4468923807144165,3.5131654739379883,3.9480738639831543,1.61465585231781,2.6226799488067627,5.152880668640137,0.0009658150956965983,0.37219029664993286,0.8230299353599548,0.0,0.0,0.0,0.0,3103.190673828125,118.72987365722656,535.420654296875,531.0526123046875,317.4276428222656,0.0,2283.474365234375,0.30492305755615234,37.33826446533203,84.17388153076172,0.0,0.0,0.0,191.46322631835938,191.46322631835938,180.2596435546875,196.05169677734375,179.8162841796875,0.0,0.0,0.0,180.2596435546875,196.05169677734375,179.8162841796875,0.0,0.0,0.0,32.24664306640625,36.86581802368164,32.11696243286133,0.0,0.0,0.0
130.0,30.57004165649414,27274.98828125,3348.77001953125,12365.849609375,11560.3681640625,2930.02685546875,20.35130500793457,0.0,10827.91796875,0.0700375884771347,11.942032814025879,0.47071826457977295,3.542525053024292,3.952441930770874,1.61465585231781,2.6226799488067627,5.158763885498047,0.0009658150956965983,0.37219029664993286,0.8230299353599548,0.0,0.0,0.0,0.0,3153.04296875,124.28327178955078,536.8938598632812,1706.9644775390625,399.89019775390625,0.0,1064.5697021484375,0.06557916104793549,33.497127532958984,81.47996520996094,0.0,0.0,0.0,192.7708282470703,192.7708282470703,141.54823303222656,171.5937042236328,155.46824645996094,0.0,0.0,0.0,141.54823303222656,171.5937042236328,155.46824645996094,0.0,0.0,0.0,21.051551818847656,29.839855194091797,25.12315559387207,0.0,0.0,0.0
131.0,30.860769271850586,27332.6328125,3348.77001953125,12423.4931640625,11560.3681640625,2930.02685546875,20.00690460205078,0.0,11034.0361328125,0.0700375884771347,12.17771053314209,0.4920923709869385,3.565783739089966,3.9576046466827393,1.61465585231781,2.6226799488067627,5.164019584655762,0.0009658150956965983,0.37219029664993286,0.8230299353599548,0.0,0.0,0.0,0.0,3159.69677734375,127.68103790283203,534.81103515625,1982.272705078125,692.5391845703125,0.0,626.1673583984375,0.03855833411216736,33.497127532958984,81.47996520996094,0.0,0.0,0.0,194.11077880859375,194.11077880859375,163.4263153076172,160.0914306640625,156.40286254882812,0.0,0.0,0.0,163.4263153076172,160.0914306640625,156.40286254882812,0.0,0.0,0.0,27.795291900634766,26.81983757019043,25.740930557250977,0.0,0.0,0.0
132.0,31.013553619384766,27350.87109375,3348.77001953125,12441.732421875,11560.3681640625,2930.02685546875,19.572385787963867,0.1435815989971161,11281.970703125,0.0700375884771347,12.301175117492676,0.5032863616943359,3.57698130607605,3.960693836212158,1.61465585231781,2.6226799488067627,5.167858600616455,0.0009658150956965983,0.37219029664993286,0.8230299353599548,0.0,0.0,0.0,0.0,3171.298828125,129.74951171875,534.5513305664062,1968.6436767578125,914.7527465820312,0.0,569.8051147460938,0.035077985376119614,33.497127532958984,81.47996520996094,0.0,0.0,0.0,195.48455810546875,195.48455810546875,142.35768127441406,160.17022705078125,152.46817016601562,0.0,0.0,0.0,142.35768127441406,160.17022705078125,152.46817016601562,0.0,0.0,0.0,21.923654556274414,27.133827209472656,24.880971908569336,0.0,0.0,0.0
133.0,31.081132888793945,27404.068359375,3348.77001953125,12449.6845703125,11605.61328125,2930.02685546875,18.863903045654297,0.0,11719.0634765625,0.0700375884771347,12.350363731384277,0.5077887177467346,3.5811879634857178,3.962026596069336,1.61465585231781,2.6226799488067627,5.176205635070801,0.0009658150956965983,0.37219029664993286,0.8230299353599548,0.0,0.0,0.0,0.0,3199.668701171875,131.5552978515625,537.0916748046875,1999.9698486328125,1130.9991455078125,0.0,601.8384399414062,0.03702786564826965,22.331417083740234,73.33197021484375,0.0,0.0,0.0,196.89076232910156,196.89076232910156,127.19490814208984,140.95582580566406,110.95479583740234,0.0,0.0,0.0,127.19490814208984,140.95582580566406,110.95479583740234,0.0,0.0,0.0,18.340606689453125,22.36567497253418,13.590373992919922,0.0,0.0,0.0
134.0,31.11661148071289,27555.6015625,3348.77001953125,12456.6435546875,11750.1884765625,2930.02685546875,18.844867706298828,0.0,11795.958984375,0.0700375884771347,12.37243938446045,0.5097880959510803,3.5829949378967285,3.9626548290252686,1.61465585231781,2.6226799488067627,5.185174465179443,0.0009658150956965983,0.37219029664993286,0.8230299353599548,0.0,0.0,0.0,0.0,3212.94287109375,132.3845672607422,538.1630859375,2005.768798828125,1132.2672119140625,0.0,629.9729614257812,0.038733914494514465,22.331417083740234,73.33197021484375,0.0,0.0,0.0,198.30784606933594,198.30784606933594,91.38736724853516,139.21217346191406,125.96110534667969,0.0,0.0,0.0,91.38736724853516,139.21217346191406,125.96110534667969,0.0,0.0,0.0,7.885936737060547,21.87469482421875,17.998754501342773,0.0,0.0,0.0
135.0,31.13690185546875,27586.80859375,3348.77001953125,12461.40625,11776.6328125,2930.02685546875,19.45418930053711,0.0,11450.37890625,0.0700375884771347,12.381969451904297,0.5106407999992371,3.5837533473968506,3.9629337787628174,1.61465585231781,2.6226799488067627,5.194044589996338,0.0009658150956965983,0.37219029664993286,0.8230299353599548,0.0,0.0,0.0,0.0,3200.993408203125,132.0111541748047,536.5040893554688,1998.5914306640625,940.3634033203125,0.0,608.8871459960938,0.037413597106933594,22.331417083740234,73.33197021484375,0.0,0.0,0.0,199.68252563476562,199.68252563476562,130.83612060546875,145.20318603515625,125.51823425292969,0.0,0.0,0.0,130.83612060546875,145.20318603515625,125.51823425292969,0.0,0.0,0.0,18.81537628173828,23.017742156982422,17.2598934173584,0.0,0.0,0.0
136.0,31.152055740356445,27590.775390625,3348.77001953125,12465.373046875,11776.6328125,2930.02685546875,19.45697021484375,0.0,11452.361328125,0.0700375884771347,12.387956619262695,0.5111638903617859,3.5842206478118896,3.9631121158599854,1.61465585231781,2.6226799488067627,5.202043056488037,0.0009658150956965983,0.37219029664993286,0.8230299353599548,0.0,0.0,0.0,0.0,3268.46826171875,134.86671447753906,543.2620849609375,2040.7247314453125,587.09326171875,0.0,842.9282836914062,0.05176456272602081,22.331417083740234,73.33197021484375,0.0,0.0,0.0,201.01077270507812,201.01077270507812,128.665283203125,150.9650421142578,126.74373626708984,0.0,0.0,0.0,128.665283203125,150.9650421142578,126.74373626708984,0.0,0.0,0.0,18.177627563476562,24.70030403137207,17.61557388305664,0.0,0.0,0.0
137.0,31.161033630371094,27592.03125,3348.77001953125,12466.6279296875,11776.6328125,2930.02685546875,20.394527435302734,0.0,10942.0048828125,0.0700375884771347,12.391098976135254,0.5114365816116333,3.584463357925415,3.9634945392608643,1.61465585231781,2.6226799488067627,5.206981658935547,0.0009658150956965983,0.37219029664993286,0.8230299353599548,0.0,0.0,0.0,0.0,3227.64990234375,133.2196807861328,538.5923461914062,2020.0107421875,415.453857421875,0.0,737.3661499023438,0.04526588320732117,22.331417083740234,73.33197021484375,0.0,0.0,0.0,202.30276489257812,202.30276489257812,126.30731201171875,147.92523193359375,109.89652252197266,0.0,0.0,0.0,126.30731201171875,147.92523193359375,109.89652252197266,0.0,0.0,0.0,16.55035972595215,22.873600006103516,11.750205039978027,0.0,0.0,0.0
138.0,31.165199279785156,27593.109375,3348.77001953125,12467.7060546875,11776.6328125,2930.02685546875,20.660873413085938,0.0,10807.0615234375,0.0700375884771347,12.392016410827637,0.5115190744400024,3.584533929824829,3.9649858474731445,1.61465585231781,2.6226799488067627,5.208584785461426,0.0009658150956965983,0.37219029664993286,0.8230299353599548,0.0,0.0,0.0,0.0,3212.0849609375,132.58880615234375,536.851806640625,2011.083984375,392.4233093261719,0.0,695.1337280273438,0.042668700218200684,22.331417083740234,73.33197021484375,0.0,0.0,0.0,203.53675842285156,203.53675842285156,129.31822204589844,147.66445922851562,130.55621337890625,0.0,0.0,0.0,129.31822204589844,147.66445922851562,130.55621337890625,0.0,0.0,0.0,17.16470718383789,22.530981063842773,17.526819229125977,0.0,0.0,0.0
139.0,31.169435501098633,27594.630859375,3348.77001953125,12469.228515625,11776.6328125,2930.02685546875,20.976612091064453,0.028164681047201157,10651.2998046875,0.0700375884771347,12.392730712890625,0.5115793347358704,3.5845885276794434,3.967076063156128,1.61465585231781,2.6226799488067627,5.209901809692383,0.0009658150956965983,0.37219029664993286,0.8230299353599548,0.0,0.0,0.0,0.0,3190.66455078125,131.71253967285156,534.50244140625,1979.42431640625,383.49871826171875,0.0,634.9326171875,0.038969606161117554,33.497127532958984,81.47996520996094,0.0,0.0,0.0,204.7400665283203,204.7400665283203,163.40232849121094,170.69985961914062,153.04449462890625,0.0,0.0,0.0,163.40232849121094,170.69985961914062,153.04449462890625,0.0,0.0,0.0,26.790401458740234,28.9249324798584,23.760738372802734,0.0,0.0,0.0
140.0,31.172382354736328,27595.11328125,3348.77001953125,12469.7099609375,11776.6328125,2930.02685546875,20.396242141723633,0.0,10947.7119140625,0.0700375884771347,12.393110275268555,0.5116105079650879,3.5846171379089355,3.968419075012207,1.61465585231781,2.6226799488067627,5.211065769195557,0.0009658150956965983,0.37219029664993286,0.8230299353599548,0.0,0.0,0.0,0.0,3248.987060546875,134.1241912841797,540.649658203125,496.45306396484375,307.5420227050781,0.0,2325.12353515625,0.3423815071582794,33.497127532958984,81.47996520996094,0.0,0.0,0.0,205.9493865966797,205.9493865966797,172.1165313720703,192.4400634765625,181.91665649414062,0.0,0.0,0.0,172.1165313720703,192.4400634765625,181.91665649414062,0.0,0.0,0.0,29.947843551635742,35.89247512817383,32.81438064575195,0.0,0.0,0.0
141.0,31.1738224029541,27599.50390625,3348.77001953125,12474.1015625,11776.6328125,3017.337646484375,20.41468048095703,0.0,10941.6572265625,0.0700375884771347,12.393132209777832,0.5116121172904968,3.5846188068389893,3.9685068130493164,1.61465585231781,2.6226799488067627,5.212392807006836,0.0009658150956965983,0.37219029664993286,0.8230299353599548,0.0,0.0,0.0,0.0,3246.22998046875,134.0105743408203,540.3373413085938,778.9493408203125,315.26116943359375,0.0,2032.974365234375,0.12475039064884186,33.497127532958984,81.47996520996094,0.0,0.0,0.0,207.2052764892578,207.2052764892578,108.27649688720703,189.51451110839844,158.05213928222656,0.0,0.0,0.0,108.27649688720703,189.51451110839844,158.05213928222656,0.0,0.0,0.0,11.256195068359375,35.018314361572266,25.815568923950195,0.0,0.0,0.0
142.0,31.19000244140625,27608.244140625,3348.77001953125,12482.8427734375,11776.6328125,3017.337646484375,20.16307258605957,0.0,11079.67578125,0.0700375884771347,12.393285751342773,0.511624813079834,3.5846304893493652,3.9694244861602783,1.61465585231781,2.6226799488067627,5.22747802734375,0.0009658150956965983,0.37219029664993286,0.8230299353599548,0.0,0.0,0.0,0.0,3249.85791015625,134.16200256347656,540.8021850585938,617.5253295898438,398.5802001953125,0.0,2198.348876953125,0.29064738750457764,33.497127532958984,81.47996520996094,0.0,0.0,0.0,208.4918975830078,208.4918975830078,177.58721923828125,189.54319763183594,179.26373291015625,0.0,0.0,0.0,177.58721923828125,189.54319763183594,179.26373291015625,0.0,0.0,0.0,31.781190872192383,35.27831268310547,32.271568298339844,0.0,0.0,0.0
143.0,31.204341888427734,27611.751953125,3348.77001953125,12486.349609375,11776.6328125,3017.337646484375,19.78191566467285,0.0,11290.552734375,0.0700375884771347,12.393388748168945,0.5116333961486816,3.5846383571624756,3.9720258712768555,1.61465585231781,2.6226799488067627,5.239095687866211,0.0009658150956965983,0.37219029664993286,0.8230299353599548,0.0,0.0,0.0,0.0,3223.344482421875,133.06857299804688,538.270263671875,1973.9864501953125,693.3236694335938,0.0,718.2496337890625,0.04399074241518974,33.497127532958984,81.47996520996094,0.0,0.0,0.0,209.81431579589844,209.81431579589844,147.93011474609375,163.26864624023438,147.12506103515625,0.0,0.0,0.0,147.93011474609375,163.26864624023438,147.12506103515625,0.0,0.0,0.0,23.48764419555664,27.974164962768555,23.25216293334961,0.0,0.0,0.0
144.0,31.214519500732422,27614.419921875,3348.77001953125,12489.017578125,11776.6328125,3017.337646484375,19.219453811645508,0.5024576783180237,11614.9697265625,0.0700375884771347,12.393446922302246,0.5116381645202637,3.5846426486968994,3.975158452987671,1.61465585231781,2.6226799488067627,5.2460737228393555,0.0009658150956965983,0.37219029664993286,0.8230299353599548,0.0,0.0,0.0,0.0,3226.74267578125,133.20948791503906,538.8597412109375,1999.0355224609375,919.0455932617188,0.0,680.5113525390625,0.041658785194158554,33.497127532958984,81.47996520996094,0.0,0.0,0.0,211.1760711669922,211.1760711669922,153.09445190429688,162.62998962402344,153.90084838867188,0.0,0.0,0.0,153.09445190429688,162.62998962402344,153.90084838867188,0.0,0.0,0.0,25.05821418762207,27.84735870361328,25.294086456298828,0.0,0.0,0.0
145.0,31.221261978149414,27688.439453125,3348.77001953125,12490.3310546875,11849.3388671875,3017.337646484375,18.536409378051758,0.0,12064.908203125,0.0700375884771347,12.393475532531738,0.5116405487060547,3.5846447944641113,3.977320909500122,1.61465585231781,2.6226799488067627,5.250620365142822,0.0009658150956965983,0.37219029664993286,0.8230299353599548,0.0,0.0,0.0,0.0,3248.59765625,134.11204528808594,541.4197387695312,2031.645263671875,1137.3160400390625,0.0,725.2901611328125,0.04438569396734238,22.331417083740234,73.33197021484375,0.0,0.0,0.0,212.57974243164062,212.57974243164062,105.91156768798828,143.1023712158203,129.31031799316406,0.0,0.0,0.0,105.91156768798828,143.1023712158203,129.31031799316406,0.0,0.0,0.0,12.442724227905273,23.321035385131836,19.2868595123291,0.0,0.0,0.0
146.0,31.224781036376953,27861.587890625,3348.77001953125,12495.814453125,12017.0029296875,3017.337646484375,18.53085708618164,0.0,12144.0322265625,0.0700375884771347,12.393478393554688,0.5116407871246338,3.5846450328826904,3.9775824546813965,1.61465585231781,2.6226799488067627,5.253875255584717,0.0009658150956965983,0.37219029664993286,0.8230299353599548,0.0,0.0,0.0,0.0,3258.80810546875,134.53358459472656,542.4960327148438,2038.4527587890625,1139.026123046875,0.0,756.9396362304688,0.04631179943680763,22.331417083740234,73.33197021484375,0.0,0.0,0.0,213.9985809326172,213.9985809326172,116.56484985351562,142.8865509033203,102.99652099609375,0.0,0.0,0.0,116.56484985351562,142.8865509033203,102.99652099609375,0.0,0.0,0.0,15.564363479614258,23.263460159301758,11.595626831054688,0.0,0.0,0.0
147.0,31.24494171142578,27908.041015625,3348.77001953125,12511.2412109375,12048.029296875,3017.337646484375,19.140958786010742,0.0,11788.216796875,0.0700375884771347,12.393486022949219,0.5116413831710815,3.5846455097198486,3.9782421588897705,1.61465585231781,2.6226799488067627,5.273366928100586,0.0009658150956965983,0.37219029664993286,0.8230299353599548,0.0,0.0,0.0,0.0,3244.917236328125,133.960205078125,540.7676391601562,2030.9495849609375,946.0642700195312,0.0,732.5479736328125,0.04475666210055351,22.331417083740234,73.33197021484375,0.0,0.0,0.0,215.37942504882812,215.37942504882812,127.41510009765625,147.5213165283203,129.01821899414062,0.0,0.0,0.0,127.41510009765625,147.5213165283203,129.01821899414062,0.0,0.0,0.0,18.127958297729492,24.0090274810791,18.59686851501465,0.0,0.0,0.0
148.0,31.280420303344727,27921.423828125,3348.77001953125,12524.625,12048.029296875,3017.337646484375,19.150135040283203,0.0,11790.2041015625,0.0700375884771347,12.393495559692383,0.5116422176361084,3.584646463394165,3.9791688919067383,1.61465585231781,2.6226799488067627,5.307908058166504,0.0009658150956965983,0.37219029664993286,0.8230299353599548,0.0,0.0,0.0,0.0,3301.14404296875,136.2815399169922,547.5775756835938,2080.115234375,589.8096313476562,0.0,974.265869140625,0.05937677249312401,22.331417083740234,73.33197021484375,0.0,0.0,0.0,216.71633911132812,216.71633911132812,135.66505432128906,158.76824951171875,123.64353942871094,0.0,0.0,0.0,135.66505432128906,158.76824951171875,123.64353942871094,0.0,0.0,0.0,20.531896591186523,27.28957748413086,17.015600204467773,0.0,0.0,0.0
149.0,31.305761337280273,27925.658203125,3348.77001953125,12528.859375,12048.029296875,3017.337646484375,20.076271057128906,0.0,11264.751953125,0.0700375884771347,12.393499374389648,0.5116425156593323,3.584646701812744,3.9797136783599854,1.61465585231781,2.6226799488067627,5.324191570281982,0.0009658150956965983,0.37219029664993286,0.8315384387969971,0.0,0.0,0.0,0.0,3270.73291015625,135.02610778808594,542.878173828125,2049.407470703125,418.0556945800781,0.0,857.1029663085938,0.0521770678460598,22.331417083740234,74.09007263183594,0.0,0.0,0.0,218.02322387695312,218.02322387695312,128.33792114257812,149.10791015625,97.79421997070312,0.0,0.0,0.0,128.33792114257812,149.10791015625,97.79421997070312,0.0,0.0,0.0,17.46257209777832,23.537792205810547,8.52853775024414,0.0,0.0,0.0
150.0,31.33064079284668,27940.669921875,3348.77001953125,12543.8701171875,12048.029296875,3017.337646484375,20.348979949951172,0.0,11125.7880859375,0.0700375884771347,12.393500328063965,0.511642575263977,3.584646701812744,3.9802119731903076,1.61465585231781,2.6226799488067627,5.32717227935791,0.0009658150956965983,0.37219029664993286,0.8529367446899414,0.0,0.0,0.0,0.0,3254.5625,134.3585662841797,541.08544921875,2042.1258544921875,394.8654479980469,0.0,809.444580078125,0.049265582114458084,22.331417083740234,75.99665832519531,0.0,0.0,0.0,219.27720642089844,219.27720642089844,131.45941162109375,149.7124786376953,127.26602172851562,0.0,0.0,0.0,131.45941162109375,149.7124786376953,127.26602172851562,0.0,0.0,0.0,18.1028995513916,23.441923141479492,16.876331329345703,0.0,0.0,0.0
151.0,31.453580856323242,28049.896484375,3348.77001953125,12653.0966796875,12048.029296875,3017.337646484375,20.740032196044922,0.0,10965.396484375,0.0700375884771347,12.393502235412598,0.5116427540779114,3.5846469402313232,3.9823098182678223,1.61465585231781,2.6226799488067627,5.338944911956787,0.0009658150956965983,0.37219029664993286,0.9620054364204407,0.0,0.0,0.0,0.0,3232.399658203125,133.44363403320312,538.6666870117188,731.166259765625,385.8612365722656,0.0,2015.1602783203125,0.1225440576672554,33.497127532958984,95.23854064941406,0.0,0.0,0.0,220.5038604736328,220.5038604736328,155.73388671875,189.6982421875,154.9709930419922,0.0,0.0,0.0,155.73388671875,189.6982421875,154.9709930419922,0.0,0.0,0.0,24.812131881713867,34.7467041015625,24.588985443115234,0.0,0.0,0.0
152.0,31.611650466918945,28087.0859375,3348.77001953125,12690.2861328125,12048.029296875,3017.337646484375,20.191883087158203,0.0,11270.509765625,0.0700375884771347,12.39350414276123,0.5116429328918457,3.5846469402313232,3.9848740100860596,1.61465585231781,2.6226799488067627,5.356424331665039,0.0009658150956965983,0.37219029664993286,1.1000275611877441,0.0,0.0,0.0,0.0,3285.60498046875,135.64013671875,544.9302368164062,855.8348999023438,309.20263671875,0.0,2091.674560546875,0.1270354688167572,35.76283645629883,111.06010437011719,0.0,0.0,0.0,221.74085998535156,221.74085998535156,173.623291015625,189.3581085205078,169.4488983154297,0.0,0.0,0.0,173.623291015625,189.3581085205078,169.4488983154297,0.0,0.0,0.0,30.592927932739258,35.19536209106445,29.371917724609375,0.0,0.0,0.0
153.0,31.70088768005371,28105.294921875,3348.77001953125,12708.49609375,12048.029296875,3348.800048828125,20.220090866088867,0.0,11264.234375,0.0700375884771347,12.393505096435547,0.5116429924964905,3.5846471786499023,3.986309289932251,1.61465585231781,2.6226799488067627,5.380607604980469,0.0009658150956965983,0.37219029664993286,1.1636462211608887,0.0,0.0,0.0,0.0,3283.71875,135.56227111816406,544.61962890625,766.7855224609375,317.00372314453125,0.0,2163.90234375,0.13119035959243774,35.43954086303711,117.16498565673828,0.0,0.0,0.0,223.0234375,223.0234375,163.51730346679688,194.2851104736328,144.36373901367188,0.0,0.0,0.0,163.51730346679688,194.2851104736328,144.36373901367188,0.0,0.0,0.0,27.608722686767578,36.608306884765625,22.006303787231445,0.0,0.0,0.0
154.0,31.76519012451172,28123.1171875,3348.77001953125,12726.318359375,12048.029296875,3348.800048828125,19.976932525634766,0.0,11406.28125,0.0700375884771347,12.393506050109863,0.5116430521011353,3.5846471786499023,3.9898204803466797,1.61465585231781,2.6226799488067627,5.403057098388672,0.0009658150956965983,0.37219029664993286,1.2019869089126587,0.0,0.0,0.0,0.0,3286.51611328125,135.67776489257812,545.0938720703125,636.7716674804688,400.7372741699219,0.0,2296.612548828125,0.2972472310066223,35.693145751953125,121.29290771484375,0.0,0.0,0.0,224.3384246826172,224.3384246826172,184.0642852783203,189.9834442138672,185.92791748046875,0.0,0.0,0.0,184.0642852783203,189.9834442138672,185.92791748046875,0.0,0.0,0.0,33.86186981201172,35.593223571777344,34.406982421875,0.0,0.0,0.0
155.0,31.80665397644043,28130.560546875,3348.77001953125,12733.76171875,12048.029296875,3348.800048828125,19.601598739624023,0.0,11623.318359375,0.0700375884771347,12.393506050109863,0.5116430521011353,3.5846471786499023,3.994049310684204,1.61465585231781,2.6226799488067627,5.418323993682861,0.0009658150956965983,0.37219029664993286,1.2239545583724976,0.0,0.0,0.0,0.0,3266.048583984375,134.8328094482422,542.5648193359375,2029.2982177734375,697.6913452148438,0.0,778.3731689453125,0.04706539958715439,33.497127532958984,121.17150115966797,0.0,0.0,0.0,225.6976776123047,225.6976776123047,150.2207489013672,163.4273223876953,148.99684143066406,0.0,0.0,0.0,150.2207489013672,163.4273223876953,148.99684143066406,0.0,0.0,0.0,24.337970733642578,28.200895309448242,23.979978561401367,0.0,0.0,0.0
156.0,31.828319549560547,28133.94921875,3348.77001953125,12737.150390625,12048.029296875,3348.800048828125,19.068235397338867,0.0,11942.546875,0.0700375884771347,12.395660400390625,0.5118310451507568,3.5846471786499023,3.997767925262451,1.61465585231781,2.6226799488067627,5.42513370513916,0.0009658150956965983,0.37219029664993286,1.232749342918396,0.0,0.0,0.0,0.0,3267.935302734375,134.93679809570312,542.9446411132812,2030.059326171875,924.5521850585938,0.0,761.1332397460938,0.04600127413868904,33.497127532958984,122.04218292236328,0.0,0.0,0.0,227.1015625,227.1015625,129.17530822753906,162.9834442138672,154.97900390625,0.0,0.0,0.0,129.17530822753906,162.9834442138672,154.97900390625,0.0,0.0,0.0,18.715543746948242,28.604421615600586,26.26312255859375,0.0,0.0,0.0
157.0,31.840246200561523,28221.119140625,3348.77001953125,12753.8076171875,12118.5419921875,3348.800048828125,18.39739990234375,0.0,12405.13671875,0.0700375884771347,12.404183387756348,0.5125576853752136,3.5846471786499023,3.9983632564544678,1.61465585231781,2.6226799488067627,5.426248550415039,0.0009658150956965983,0.37219029664993286,1.2337168455123901,0.0,0.0,0.0,0.0,3290.346923828125,135.9615936279297,545.49658203125,2065.049560546875,1143.838134765625,0.0,814.29443359375,0.0492103137075901,22.331417083740234,109.92416381835938,0.0,0.0,0.0,228.5467987060547,228.5467987060547,125.99650573730469,149.1183319091797,124.44293975830078,0.0,0.0,0.0,125.99650573730469,149.1183319091797,124.44293975830078,0.0,0.0,0.0,18.45657730102539,25.21971321105957,18.002161026000977,0.0,0.0,0.0
158.0,31.8997802734375,28537.373046875,3348.77001953125,12899.8076171875,12288.794921875,3348.800048828125,18.482357025146484,0.0,12486.439453125,0.0700375884771347,12.455373764038086,0.5173749923706055,3.5846471786499023,3.998786211013794,1.61465585231781,2.6226799488067627,5.42874813079834,0.0009658150956965983,0.37219029664993286,1.2343207597732544,0.0,0.0,0.0,0.0,3307.245849609375,137.37734985351562,546.0245361328125,2070.102783203125,1144.4002685546875,0.0,843.0802001953125,0.050941102206707,22.331417083740234,109.97797393798828,0.0,0.0,0.0,230.01133728027344,230.01133728027344,123.322509765625,147.1766815185547,126.80082702636719,0.0,0.0,0.0,123.322509765625,147.1766815185547,126.80082702636719,0.0,0.0,0.0,17.5894775390625,24.566822052001953,18.606884002685547,0.0,0.0,0.0
159.0,32.37467956542969,28815.205078125,3348.77001953125,13146.1845703125,12320.25,3348.800048828125,19.245473861694336,0.0,12120.5419921875,0.0700375884771347,12.86651611328125,0.5563842058181763,3.5846471786499023,4.001249313354492,1.61465585231781,2.6226799488067627,5.447635173797607,0.0009658150956965983,0.37219029664993286,1.2377171516418457,0.0,0.0,0.0,0.0,3358.4697265625,145.22964477539062,539.8251342773438,2047.33349609375,944.687255859375,0.0,764.4992065429688,0.046132542192935944,22.331417083740234,110.28060150146484,0.0,0.0,0.0,231.43943786621094,231.43943786621094,131.44100952148438,148.28970336914062,126.61026763916016,0.0,0.0,0.0,131.44100952148438,148.28970336914062,126.61026763916016,0.0,0.0,0.0,19.20102310180664,24.129262924194336,17.788028717041016,0.0,0.0,0.0
160.0,32.7847900390625,28893.16015625,3348.77001953125,13224.1396484375,12320.25,3348.800048828125,19.297622680664062,0.0,12122.5478515625,0.0700375884771347,13.222314834594727,0.5901424884796143,3.5846471786499023,4.00315523147583,1.61465585231781,2.6226799488067627,5.463693141937256,0.0009658150956965983,0.37219029664993286,1.2403066158294678,0.0,0.0,0.0,0.0,3479.218017578125,155.28555297851562,542.5584716796875,2067.84423828125,586.340576171875,0.0,968.5202026367188,0.058378856629133224,22.331417083740234,110.51131439208984,0.0,0.0,0.0,232.82510375976562,232.82510375976562,109.19037628173828,152.6517791748047,127.16340637207031,0.0,0.0,0.0,109.19037628173828,152.6517791748047,127.16340637207031,0.0,0.0,0.0,12.640562057495117,25.353023529052734,17.897672653198242,0.0,0.0,0.0
161.0,32.996768951416016,28917.826171875,3348.77001953125,13248.8056640625,12320.25,3348.800048828125,20.246416091918945,0.0,11582.2451171875,0.0700375884771347,13.405499458312988,0.6075366735458374,3.5846471786499023,4.00515604019165,1.61465585231781,2.6226799488067627,5.4718708992004395,0.0009658150956965983,0.37219029664993286,1.2415295839309692,0.0,0.0,0.0,0.0,3459.634521484375,156.79049682617188,535.7452392578125,2044.61328125,413.6304931640625,0.0,823.96484375,0.04963747784495354,22.331417083740234,110.62029266357422,0.0,0.0,0.0,234.1762237548828,234.1762237548828,79.58111572265625,148.8361358642578,101.5487060546875,0.0,0.0,0.0,79.58111572265625,148.8361358642578,101.5487060546875,0.0,0.0,0.0,3.0310604572296143,23.28815460205078,9.45658016204834,0.0,0.0,0.0
162.0,33.0898551940918,28927.763671875,3348.77001953125,13258.7431640625,12320.25,3348.800048828125,20.517915725708008,0.0,11439.3134765625,0.0700375884771347,13.480817794799805,0.6147712469100952,3.5846471786499023,4.012020111083984,1.61465585231781,2.6226799488067627,5.47509765625,0.0009658150956965983,0.37219029664993286,1.2419711351394653,0.0,0.0,0.0,0.0,3453.40869140625,157.48721313476562,533.2144165039062,2035.611328125,390.2452697753906,0.0,766.8077392578125,0.04618397727608681,22.331417083740234,110.65962982177734,0.0,0.0,0.0,235.4685821533203,235.4685821533203,132.6968536376953,148.82521057128906,111.03717041015625,0.0,0.0,0.0,132.6968536376953,148.82521057128906,111.03717041015625,0.0,0.0,0.0,18.29591178894043,23.013456344604492,11.960456848144531,0.0,0.0,0.0
163.0,33.135372161865234,28953.759765625,3348.77001953125,13284.7392578125,12320.25,3348.800048828125,20.850011825561523,0.0,11274.3623046875,0.0700375884771347,13.518848419189453,0.6183232069015503,3.5846471786499023,4.014698505401611,1.61465585231781,2.6226799488067627,5.476263046264648,0.0009658150956965983,0.37219029664993286,1.2420613765716553,0.0,0.0,0.0,0.0,3435.806396484375,157.1464385986328,530.506103515625,1995.44580078125,381.16644287109375,0.0,700.8652954101562,0.04220886155962944,33.497127532958984,122.96408081054688,0.0,0.0,0.0,236.73316955566406,236.73316955566406,155.7884979248047,172.54664611816406,157.9185028076172,0.0,0.0,0.0,155.7884979248047,172.54664611816406,157.9185028076172,0.0,0.0,0.0,24.71812629699707,29.619882583618164,25.341150283813477,0.0,0.0,0.0
164.0,33.227317810058594,29227.501953125,3581.070068359375,13326.1826171875,12320.25,3348.800048828125,20.46305274963379,0.0,11588.0322265625,0.0700375884771347,13.597395896911621,0.6257896423339844,3.5846471786499023,4.0184221267700195,1.61465585231781,2.6226799488067627,5.478368759155273,0.0009658150956965983,0.37219029664993286,1.242164134979248,0.0,0.0,0.0,0.0,3507.814208984375,161.43927001953125,535.5965576171875,1736.0755615234375,305.20025634765625,0.0,1164.7789306640625,0.070137158036232,33.497127532958984,122.97425079345703,0.0,0.0,0.0,238.00819396972656,238.00819396972656,156.66139221191406,175.61033630371094,142.41978454589844,0.0,0.0,0.0,156.66139221191406,175.61033630371094,142.41978454589844,0.0,0.0,0.0,25.360403060913086,30.902969360351562,21.19473648071289,0.0,0.0,0.0
165.0,33.30011749267578,29514.517578125,3581.070068359375,13613.1962890625,12320.25,3348.800048828125,20.679569244384766,0.0,11581.537109375,0.0700375884771347,13.662260055541992,0.6319555640220642,3.5846471786499023,4.018734931945801,1.61465585231781,2.6226799488067627,5.4798197746276855,0.0009658150956965983,0.37219029664993286,1.242172122001648,0.0,0.0,0.0,0.0,3514.280029296875,162.5550079345703,534.6306762695312,1732.7799072265625,312.555908203125,0.0,1148.406494140625,0.06914414465427399,33.497127532958984,122.97503662109375,0.0,0.0,0.0,239.33001708984375,239.33001708984375,160.93930053710938,177.00582885742188,148.60894775390625,0.0,0.0,0.0,160.93930053710938,177.00582885742188,148.60894775390625,0.0,0.0,0.0,26.39517593383789,31.094635009765625,22.788549423217773,0.0,0.0,0.0
166.0,34.342716217041016,30080.376953125,3581.070068359375,14179.0576171875,12320.25,3348.800048828125,20.809154510498047,0.0,11727.533203125,0.0700375884771347,14.59085464477539,0.7213025093078613,3.5846471786499023,4.02267599105835,1.61465585231781,2.6226799488067627,5.500458717346191,0.0009658150956965983,0.37219029664993286,1.2422462701797485,0.0,0.0,0.0,0.0,3652.876953125,180.58087158203125,526.206298828125,1704.452880859375,389.9619445800781,0.0,1048.1109619140625,0.06301431357860565,33.497127532958984,122.98237609863281,0.0,0.0,0.0,240.6868896484375,240.6868896484375,163.06944274902344,174.8701171875,128.2324981689453,0.0,0.0,0.0,163.06944274902344,174.8701171875,128.2324981689453,0.0,0.0,0.0,26.888654708862305,30.340356826782227,16.698850631713867,0.0,0.0,0.0
167.0,35.269405364990234,30261.794921875,3581.070068359375,14360.474609375,12320.25,3348.800048828125,20.53545379638672,0.0,11950.642578125,0.0700375884771347,15.409110069274902,0.8001269102096558,3.5846471786499023,4.034071445465088,1.61465585231781,2.6226799488067627,5.518617153167725,0.0009658150956965983,0.37219029664993286,1.242303729057312,0.0,0.0,0.0,0.0,3751.974609375,194.8234405517578,517.7139892578125,1922.1947021484375,672.2837524414062,0.0,592.1051635742188,0.03555326163768768,33.497127532958984,122.98807525634766,0.0,0.0,0.0,242.0850372314453,242.0850372314453,141.93861389160156,161.3201446533203,163.68641662597656,0.0,0.0,0.0,141.93861389160156,161.3201446533203,163.68641662597656,0.0,0.0,0.0,20.981590270996094,26.65068817138672,27.342823028564453,0.0,0.0,0.0
168.0,35.76017379760742,30325.60546875,3581.070068359375,14424.28515625,12320.25,3348.800048828125,20.039499282836914,0.0,12264.6943359375,0.0700375884771347,15.833985328674316,0.8410646915435791,3.5846471786499023,4.0495805740356445,1.61465585231781,2.6226799488067627,5.528036117553711,0.0009658150956965983,0.37219029664993286,1.2423301935195923,0.0,0.0,0.0,0.0,3821.94287109375,203.0127716064453,515.2303466796875,1897.56787109375,887.1543579101562,0.0,536.2875366210938,0.03218048810958862,33.497127532958984,122.99068450927734,0.0,0.0,0.0,243.52410888671875,243.52410888671875,152.1141357421875,153.25387573242188,145.05677795410156,0.0,0.0,0.0,152.1141357421875,153.25387573242188,145.05677795410156,0.0,0.0,0.0,24.45388412475586,24.787256240844727,22.389610290527344,0.0,0.0,0.0
169.0,35.98874282836914,30461.7890625,3581.070068359375,14495.1826171875,12385.53515625,3348.800048828125,19.360443115234375,0.0,12739.712890625,0.0700375884771347,16.032461166381836,0.860065758228302,3.5846471786499023,4.056268692016602,1.61465585231781,2.6226799488067627,5.532432556152344,0.0009658150956965983,0.37219029664993286,1.2423372268676758,0.0,0.0,0.0,0.0,3883.491455078125,208.3309783935547,516.5970458984375,1966.7996826171875,1096.0855712890625,0.0,564.266357421875,0.033849019557237625,11.165708541870117,89.43035888671875,0.0,0.0,0.0,245.00125122070312,245.00125122070312,120.25289916992188,137.11196899414062,102.63829803466797,0.0,0.0,0.0,120.25289916992188,137.11196899414062,102.63829803466797,0.0,0.0,0.0,15.813529968261719,20.74480628967285,10.661259651184082,0.0,0.0,0.0
170.0,36.2581672668457,30740.58984375,3581.070068359375,14602.7314453125,12556.7880859375,3348.800048828125,19.41021728515625,0.0,12823.1630859375,0.0700375884771347,16.26714324951172,0.8827064633369446,3.5846471786499023,4.063167095184326,1.61465585231781,2.6226799488067627,5.537630081176758,0.0009658150956965983,0.37219029664993286,1.2423431873321533,0.0,0.0,0.0,0.0,3929.487060546875,213.22634887695312,515.7945556640625,1966.400634765625,1094.704833984375,0.0,571.4590454101562,0.034268174320459366,11.165708541870117,88.65257263183594,0.0,0.0,0.0,246.487548828125,246.487548828125,126.98107147216797,134.48777770996094,108.31053161621094,0.0,0.0,0.0,126.98107147216797,134.48777770996094,108.31053161621094,0.0,0.0,0.0,17.73174476623535,19.927457809448242,12.270612716674805,0.0,0.0,0.0
171.0,36.467445373535156,30813.208984375,3581.070068359375,14643.7841796875,12588.3544921875,3348.800048828125,20.06482696533203,0.0,12447.3564453125,0.0700375884771347,16.449254989624023,0.9003328084945679,3.5846471786499023,4.068668365478516,1.61465585231781,2.6226799488067627,5.54166316986084,0.0009658150956965983,0.37219029664993286,1.242347240447998,0.0,0.0,0.0,0.0,3925.031005859375,214.8324737548828,512.4100341796875,1952.3892822265625,906.0738525390625,0.0,528.320068359375,0.031672485172748566,11.165708541870117,86.09466552734375,0.0,0.0,0.0,247.92861938476562,247.92861938476562,131.1786346435547,144.05133056640625,125.94477081298828,0.0,0.0,0.0,131.1786346435547,144.05133056640625,125.94477081298828,0.0,0.0,0.0,18.304922103881836,22.070186614990234,16.774019241333008,0.0,0.0,0.0
172.0,36.57695770263672,30827.08984375,3581.070068359375,14657.666015625,12588.3544921875,3348.800048828125,20.0739688873291,0.0,12449.3681640625,0.0700375884771347,16.542076110839844,0.9093678593635559,3.5846471786499023,4.074268817901611,1.61465585231781,2.6226799488067627,5.5437188148498535,0.0009658150956965983,0.37219029664993286,1.2423491477966309,0.0,0.0,0.0,0.0,4003.751708984375,220.0983123779297,516.2149047851562,2000.361572265625,563.838134765625,0.0,718.9232788085938,0.043092962354421616,13.303633689880371,99.77291107177734,0.0,0.0,0.0,249.3247528076172,249.3247528076172,127.56245422363281,149.6967315673828,127.57156372070312,0.0,0.0,0.0,127.56245422363281,149.6967315673828,127.57156372070312,0.0,0.0,0.0,17.238048553466797,23.71232795715332,17.240713119506836,0.0,0.0,0.0
173.0,36.62858581542969,30833.03125,3581.070068359375,14663.6064453125,12588.3544921875,3348.800048828125,21.048322677612305,0.0,11894.447265625,0.0700375884771347,16.58344078063965,0.9133867025375366,3.5846471786499023,4.079597473144531,1.61465585231781,2.6226799488067627,5.544634819030762,0.0009658150956965983,0.37219029664993286,1.2423499822616577,0.0,0.0,0.0,0.0,3954.984130859375,217.8335723876953,511.3160705566406,1967.0701904296875,398.75732421875,0.0,612.1686401367188,0.03669167682528496,11.165708541870117,87.83048248291016,0.0,0.0,0.0,250.6864013671875,250.6864013671875,110.06930541992188,141.68832397460938,112.58200073242188,0.0,0.0,0.0,110.06930541992188,141.68832397460938,112.58200073242188,0.0,0.0,0.0,11.146949768066406,20.3955135345459,11.881913185119629,0.0,0.0,0.0
174.0,36.651187896728516,30838.83203125,3581.070068359375,14669.408203125,12588.3544921875,3348.800048828125,21.327625274658203,0.0,11747.626953125,0.0700375884771347,16.5950870513916,0.914577066898346,3.5846471786499023,4.089102268218994,1.61465585231781,2.6226799488067627,5.544893741607666,0.0009658150956965983,0.37219029664993286,1.2423502206802368,0.0,0.0,0.0,0.0,3929.803955078125,216.57666015625,509.6771545410156,1963.3509521484375,376.3403625488281,0.0,567.9213256835938,0.03403904661536217,11.165708541870117,86.0948715209961,0.0,0.0,0.0,251.98947143554688,251.98947143554688,124.00563049316406,137.609619140625,115.38541412353516,0.0,0.0,0.0,124.00563049316406,137.609619140625,115.38541412353516,0.0,0.0,0.0,14.94402027130127,18.923187255859375,12.422607421875,0.0,0.0,0.0
175.0,36.674720764160156,30847.46875,3581.070068359375,14678.044921875,12588.3544921875,3348.800048828125,21.65987777709961,0.0,11578.181640625,0.0700375884771347,16.604528427124023,0.9154475331306458,3.5846471786499023,4.102114677429199,1.61465585231781,2.6226799488067627,5.545102119445801,0.0009658150956965983,0.37219029664993286,1.2423503398895264,0.0,0.0,0.0,0.0,3906.7978515625,215.39114379882812,507.60113525390625,1904.1241455078125,367.8884582519531,0.0,508.2577209472656,0.03046257793903351,23.50720977783203,111.96446228027344,0.0,0.0,0.0,253.2569122314453,253.2569122314453,154.93121337890625,157.79254150390625,138.22677612304688,0.0,0.0,0.0,154.93121337890625,157.79254150390625,138.22677612304688,0.0,0.0,0.0,23.657503128051758,24.49444007873535,18.771455764770508,0.0,0.0,0.0
176.0,36.69127655029297,30850.201171875,3581.070068359375,14680.77734375,12588.3544921875,3348.800048828125,21.059846878051758,0.0,11900.251953125,0.0700375884771347,16.61226463317871,0.9161107540130615,3.5846471786499023,4.110100269317627,1.61465585231781,2.6226799488067627,5.545273303985596,0.0009658150956965983,0.37219029664993286,1.242350459098816,0.0,0.0,0.0,0.0,3976.668701171875,219.29995727539062,512.4110107421875,416.1283874511719,294.7790222167969,0.0,2185.205322265625,0.2535037100315094,33.497127532958984,122.99269104003906,0.0,0.0,0.0,254.52371215820312,254.52371215820312,182.03958129882812,191.39877319335938,163.71658325195312,0.0,0.0,0.0,182.03958129882812,191.39877319335938,163.71658325195312,0.0,0.0,0.0,32.18673324584961,34.92429733276367,26.827253341674805,0.0,0.0,0.0
177.0,36.699398040771484,31076.33984375,3581.070068359375,14906.9150390625,12588.3544921875,3348.800048828125,21.230178833007812,0.0,11893.537109375,0.0700375884771347,16.619577407836914,0.916688859462738,3.5846471786499023,4.110167026519775,1.61465585231781,2.6226799488067627,5.545436859130859,0.0009658150956965983,0.37219029664993286,1.242350459098816,0.0,0.0,0.0,0.0,3975.053466796875,219.25271606445312,512.1259765625,585.836669921875,302.18426513671875,0.0,2004.337890625,0.1201273500919342,33.497127532958984,122.99269104003906,0.0,0.0,0.0,255.83502197265625,255.83502197265625,130.18112182617188,191.14801025390625,159.01303100585938,0.0,0.0,0.0,130.18112182617188,191.14801025390625,159.01303100585938,0.0,0.0,0.0,16.84779930114746,34.68061065673828,25.281131744384766,0.0,0.0,0.0
178.0,37.530052185058594,31538.875,3581.070068359375,15369.4521484375,12588.3544921875,3348.800048828125,21.27291488647461,0.011701632291078568,12043.4306640625,0.0700375884771347,17.35602569580078,0.9884006977081299,3.5846471786499023,4.116096496582031,1.61465585231781,2.6226799488067627,5.5620012283325195,0.0009658150956965983,0.37219029664993286,1.242350459098816,0.0,0.0,0.0,0.0,4079.04638671875,232.2958221435547,507.55352783203125,1907.7926025390625,378.8439636230469,0.0,595.8826904296875,0.03567221760749817,32.11514663696289,121.45382690429688,0.0,0.0,0.0,257.1817626953125,257.1817626953125,159.88363647460938,174.7290496826172,161.25396728515625,0.0,0.0,0.0,159.88363647460938,174.7290496826172,161.25396728515625,0.0,0.0,0.0,25.481348037719727,29.82362937927246,25.88216781616211,0.0,0.0,0.0
179.0,38.28143310546875,31687.888671875,3581.070068359375,15518.46484375,12588.3544921875,3348.800048828125,20.965307235717773,0.0,12272.5,0.0700375884771347,18.01646614074707,1.052791714668274,3.5846471786499023,4.127791404724121,1.61465585231781,2.6226799488067627,5.57685661315918,0.0009658150956965983,0.37219029664993286,1.2423505783081055,0.0,0.0,0.0,0.0,4153.59716796875,242.71531677246094,500.080322265625,1840.1873779296875,655.472900390625,0.0,480.86529541015625,0.0287570022046566,23.271196365356445,111.70934295654297,0.0,0.0,0.0,258.5698547363281,258.5698547363281,122.44713592529297,156.8737030029297,149.0646209716797,0.0,0.0,0.0,122.44713592529297,156.8737030029297,149.0646209716797,0.0,0.0,0.0,14.850480079650879,24.920249938964844,22.63609504699707,0.0,0.0,0.0
180.0,38.68205261230469,31738.82421875,3581.070068359375,15569.400390625,12588.3544921875,3348.800048828125,20.470731735229492,0.0,12581.4189453125,0.0700375884771347,18.366559982299805,1.0868624448776245,3.5846471786499023,4.13637113571167,1.61465585231781,2.6226799488067627,5.584731101989746,0.0009658150956965983,0.37219029664993286,1.2423505783081055,0.0,0.0,0.0,0.0,4207.3876953125,248.97705078125,497.8136291503906,1836.8699951171875,865.59033203125,0.0,424.893798828125,0.02539585344493389,22.331417083740234,110.69343566894531,0.0,0.0,0.0,259.99639892578125,259.99639892578125,125.34691619873047,149.280517578125,130.3068084716797,0.0,0.0,0.0,125.34691619873047,149.280517578125,130.3068084716797,0.0,0.0,0.0,16.193241119384766,23.193819046020508,17.644006729125977,0.0,0.0,0.0
181.0,38.86252975463867,31854.361328125,3581.070068359375,15623.34375,12649.9462890625,3348.800048828125,19.759328842163086,0.0,13068.6533203125,0.0700375884771347,18.525253295898438,1.1022531986236572,3.5846471786499023,4.139197826385498,1.61465585231781,2.6226799488067627,5.58829927444458,0.0009658150956965983,0.37219029664993286,1.2423505783081055,0.0,0.0,0.0,0.0,4272.6279296875,254.22152709960938,500.4187927246094,1897.2181396484375,1071.224365234375,0.0,450.72509765625,0.026933159679174423,10.026386260986328,84.82623291015625,0.0,0.0,0.0,261.4542541503906,261.4542541503906,82.82171630859375,128.0625,111.65132141113281,0.0,0.0,0.0,82.82171630859375,128.0625,111.65132141113281,0.0,0.0,0.0,4.466024398803711,17.69895362854004,12.898683547973633,0.0,0.0,0.0
182.0,39.075531005859375,32108.86328125,3581.070068359375,15706.919921875,12820.873046875,3348.800048828125,19.787071228027344,0.0,13154.2119140625,0.0700375884771347,18.713077545166016,1.1206022500991821,3.5846471786499023,4.141798973083496,1.61465585231781,2.6226799488067627,5.592525005340576,0.0009658150956965983,0.37219029664993286,1.2423505783081055,0.0,0.0,0.0,0.0,4310.5185546875,258.1283874511719,500.1039123535156,1901.35302734375,1070.5809326171875,0.0,461.5161437988281,0.02757001854479313,10.21790599822998,85.03948974609375,0.0,0.0,0.0,262.9145202636719,262.9145202636719,101.34527587890625,132.09153747558594,116.85853576660156,0.0,0.0,0.0,101.34527587890625,132.09153747558594,116.85853576660156,0.0,0.0,0.0,9.85642147064209,18.849702835083008,14.394050598144531,0.0,0.0,0.0
183.0,39.233428955078125,32207.037109375,3581.070068359375,15773.6865234375,12852.28125,3348.800048828125,20.46926498413086,0.0,12768.650390625,0.0700375884771347,18.85300636291504,1.134291410446167,3.5846471786499023,4.142923831939697,1.61465585231781,2.6226799488067627,5.59567928314209,0.0009658150956965983,0.37219029664993286,1.2423505783081055,0.0,0.0,0.0,0.0,4293.50634765625,258.3188781738281,496.0079040527344,1878.8212890625,886.0933227539062,0.0,433.36077880859375,0.025882486253976822,7.8380126953125,82.38941955566406,0.0,0.0,0.0,264.3318176269531,264.3318176269531,125.82521057128906,137.05577087402344,124.57756805419922,0.0,0.0,0.0,125.82521057128906,137.05577087402344,124.57756805419922,0.0,0.0,0.0,16.33460807800293,19.619548797607422,15.969673156738281,0.0,0.0,0.0
184.0,39.45524978637695,32295.642578125,3581.070068359375,15862.2919921875,12852.28125,3348.800048828125,20.525617599487305,0.0,12770.6640625,0.0700375884771347,19.049299240112305,1.1534854173660278,3.5846471786499023,4.14483118057251,1.61465585231781,2.6226799488067627,5.600106716156006,0.0009658150956965983,0.37219029664993286,1.2423505783081055,0.0,0.0,0.0,0.0,4390.22705078125,265.83984375,500.9151916503906,1933.6505126953125,551.3006591796875,0.0,597.1170654296875,0.03565198928117752,11.165708541870117,86.09489440917969,0.0,0.0,0.0,265.7039794921875,265.7039794921875,124.04922485351562,140.99266052246094,120.41017150878906,0.0,0.0,0.0,124.04922485351562,140.99266052246094,120.41017150878906,0.0,0.0,0.0,15.758779525756836,20.714736938476562,14.694355964660645,0.0,0.0,0.0
185.0,39.61955261230469,32324.12109375,3581.070068359375,15890.76953125,12852.28125,3348.800048828125,21.53788185119629,0.0,12201.376953125,0.0700375884771347,19.19295310974121,1.1675480604171753,3.5846471786499023,4.148178577423096,1.61465585231781,2.6226799488067627,5.6033477783203125,0.0009658150956965983,0.37219029664993286,1.2423505783081055,0.0,0.0,0.0,0.0,4331.6875,263.5057678222656,493.1448974609375,1893.4884033203125,388.4983215332031,0.0,489.3483581542969,0.029210956767201424,8.604508399963379,83.24293518066406,0.0,0.0,0.0,267.04046630859375,267.04046630859375,118.96757507324219,137.6736297607422,129.296142578125,0.0,0.0,0.0,118.96757507324219,137.6736297607422,129.296142578125,0.0,0.0,0.0,13.26013469696045,18.731653213500977,16.281240463256836,0.0,0.0,0.0
186.0,39.701576232910156,32336.900390625,3581.070068359375,15903.5498046875,12852.28125,3348.800048828125,21.828487396240234,0.5078753232955933,12050.7216796875,0.0700375884771347,19.25525665283203,1.1738065481185913,3.5846471786499023,4.160229206085205,1.61465585231781,2.6226799488067627,5.60475492477417,0.0009658150956965983,0.37219029664993286,1.2423505783081055,0.0,0.0,0.0,0.0,4313.0322265625,262.923828125,490.3915710449219,1876.7315673828125,366.44818115234375,0.0,452.0196533203125,0.02698013186454773,6.414050579071045,80.80380249023438,0.0,0.0,0.0,268.3205871582031,268.3205871582031,120.1791763305664,134.5611572265625,124.12126159667969,0.0,0.0,0.0,120.1791763305664,134.5611572265625,124.12126159667969,0.0,0.0,0.0,12.816047668457031,17.022777557373047,13.969106674194336,0.0,0.0,0.0
187.0,39.75087356567383,32347.484375,3581.070068359375,15914.1328125,12852.28125,3348.800048828125,22.169933319091797,0.0,11876.8623046875,0.0700375884771347,19.288999557495117,1.1770497560501099,3.5846471786499023,4.17178201675415,1.61465585231781,2.6226799488067627,5.605515480041504,0.0009658150956965983,0.37219029664993286,1.2423505783081055,0.0,0.0,0.0,0.0,4283.52099609375,261.38824462890625,487.23577880859375,1854.68115234375,357.7342529296875,0.0,404.2438049316406,0.024127207696437836,3.7555806636810303,77.85546112060547,0.0,0.0,0.0,269.56494140625,269.56494140625,121.4882583618164,139.531982421875,90.33512115478516,0.0,0.0,0.0,121.4882583618164,139.531982421875,90.33512115478516,0.0,0.0,0.0,13.365382194519043,18.643173217773438,4.2530903816223145,0.0,0.0,0.0
188.0,39.77763366699219,32350.83203125,3581.070068359375,15917.4814453125,12852.28125,3348.800048828125,21.555238723754883,0.0,12207.197265625,0.07006744295358658,19.307525634765625,1.1787477731704712,3.5846471786499023,4.1778693199157715,1.61465585231781,2.6226799488067627,5.6059346199035645,0.0009658150956965983,0.37219029664993286,1.2423505783081055,0.0,0.0,0.0,0.0,4367.3671875,266.6330261230469,494.0398254394531,445.89215087890625,287.0576477050781,0.0,1957.4830322265625,0.21534377336502075,22.331417083740234,110.69343566894531,0.0,0.0,0.0,270.798095703125,270.798095703125,130.533447265625,186.4942626953125,150.36611938476562,0.0,0.0,0.0,130.533447265625,186.4942626953125,150.36611938476562,0.0,0.0,0.0,16.625795364379883,32.99433517456055,22.426849365234375,0.0,0.0,0.0
189.0,39.789634704589844,32540.033203125,3581.070068359375,16106.681640625,12852.28125,3380.827392578125,21.697500228881836,0.06790031492710114,12200.2607421875,0.07014217972755432,19.318195343017578,1.1796717643737793,3.5846471786499023,4.177954196929932,1.61465585231781,2.6226799488067627,5.606179237365723,0.0009658150956965983,0.37219029664993286,1.2423505783081055,0.0,0.0,0.0,0.0,4365.04541015625,266.5528564453125,493.6072998046875,621.5696411132812,294.22064208984375,0.0,1771.6505126953125,0.10573531687259674,22.331417083740234,110.69343566894531,0.0,0.0,0.0,272.0624694824219,272.0624694824219,157.95108032226562,184.68643188476562,156.0391845703125,0.0,0.0,0.0,157.95108032226562,184.68643188476562,156.0391845703125,0.0,0.0,0.0,24.435293197631836,32.2553825378418,23.876060485839844,0.0,0.0,0.0
190.0,40.48537826538086,32926.796875,3581.070068359375,16493.447265625,12852.28125,3380.827392578125,21.676483154296875,0.10291744768619537,12353.9658203125,0.07447396963834763,19.930492401123047,1.2399431467056274,3.5846471786499023,4.1827006340026855,1.61465585231781,2.6226799488067627,5.620279312133789,0.0009658150956965983,0.37219029664993286,1.2423505783081055,0.0,0.0,0.0,0.0,4445.97509765625,276.59912109375,489.41961669921875,461.2964172363281,369.42633056640625,0.0,1872.0751953125,0.19731295108795166,22.331417083740234,110.69343566894531,0.0,0.0,0.0,273.357421875,273.357421875,166.67486572265625,186.38209533691406,161.5203399658203,0.0,0.0,0.0,166.67486572265625,186.38209533691406,161.5203399658203,0.0,0.0,0.0,26.97299575805664,32.737361907958984,25.465295791625977,0.0,0.0,0.0
191.0,41.114986419677734,33050.25390625,3581.070068359375,16616.90234375,12852.28125,3380.827392578125,21.341665267944336,0.9192056059837341,12588.8974609375,0.07839583605527878,20.484189987182617,1.29445219039917,3.5846471786499023,4.187428951263428,1.61465585231781,2.6226799488067627,5.633029937744141,0.0009658150956965983,0.37219029664993286,1.2423505783081055,0.0,0.0,0.0,0.0,4494.33154296875,284.0091857910156,483.7249450683594,1784.02392578125,639.7786254882812,0.0,386.0077819824219,0.022994747385382652,22.331417083740234,110.69343566894531,0.0,0.0,0.0,274.69256591796875,274.69256591796875,141.31019592285156,163.44007873535156,153.50967407226562,0.0,0.0,0.0,141.31019592285156,163.44007873535156,153.50967407226562,0.0,0.0,0.0,19.072362899780273,25.545352935791016,22.64070701599121,0.0,0.0,0.0
192.0,41.44453811645508,33089.40625,3581.070068359375,16656.052734375,12852.28125,3380.827392578125,20.850383758544922,0.0,12892.72265625,0.08045113831758499,20.773962020874023,1.3229701519012451,3.5846471786499023,4.189961910247803,1.61465585231781,2.6226799488067627,5.63970422744751,0.0009658150956965983,0.37219029664993286,1.2423505783081055,0.0,0.0,0.0,0.0,4585.77490234375,292.0407409667969,486.1582336425781,1821.2381591796875,641.7312622070312,0.0,448.2030334472656,0.026687411591410637,22.331417083740234,110.69343566894531,0.0,0.0,0.0,276.0686340332031,276.0686340332031,114.01998138427734,150.3900604248047,133.3948974609375,0.0,0.0,0.0,114.01998138427734,150.3900604248047,133.3948974609375,0.0,0.0,0.0,12.500460624694824,23.138708114624023,18.167621612548828,0.0,0.0,0.0
193.0,41.59010314941406,33187.9375,3581.070068359375,16696.802734375,12910.064453125,3380.827392578125,20.111507415771484,0.0,13391.9677734375,0.08136764913797379,20.902294158935547,1.3355919122695923,3.5846471786499023,4.190692901611328,1.61465585231781,2.6226799488067627,5.642665386199951,0.0009658150956965983,0.37219029664993286,1.2423505783081055,0.0,0.0,0.0,0.0,4609.7041015625,294.5458068847656,485.68994140625,1845.279296875,1047.9749755859375,0.0,383.2250671386719,0.022813744843006134,1.3584166765213013,75.26409149169922,0.0,0.0,0.0,277.4833679199219,277.4833679199219,79.2160415649414,117.6173324584961,120.07687377929688,0.0,0.0,0.0,79.2160415649414,117.6173324584961,120.07687377929688,0.0,0.0,0.0,3.0591840744018555,14.2915620803833,15.01097583770752,0.0,0.0,0.0
194.0,41.75336456298828,33420.46484375,3581.070068359375,16758.884765625,13080.509765625,3380.827392578125,20.119871139526367,0.0,13479.5859375,0.08239948749542236,21.046367645263672,1.3498188257217407,3.5846471786499023,4.1912970542907715,1.61465585231781,2.6226799488067627,5.645992279052734,0.0009658150956965983,0.37219029664993286,1.2423505783081055,0.0,0.0,0.0,0.0,4642.56103515625,297.75286865234375,485.8600769042969,1851.09326171875,1048.11572265625,0.0,397.6222839355469,0.023665400221943855,1.8439339399337769,75.7889404296875,0.0,0.0,0.0,278.90325927734375,278.90325927734375,114.03934478759766,129.14346313476562,114.0277099609375,0.0,0.0,0.0,114.03934478759766,129.14346313476562,114.0277099609375,0.0,0.0,0.0,13.2366361618042,17.654592514038086,13.233233451843262,0.0,0.0,0.0
195.0,41.87049865722656,33508.65625,3581.070068359375,16815.857421875,13111.728515625,3380.827392578125,20.80545425415039,0.0,13084.4404296875,0.0831422358751297,21.149919509887695,1.3600525856018066,3.5846471786499023,4.191511631011963,1.61465585231781,2.6226799488067627,5.648384094238281,0.0009658150956965983,0.37219029664993286,1.2423505783081055,0.0,0.0,0.0,0.0,4615.7041015625,296.81439208984375,482.11932373046875,1827.5023193359375,867.8767700195312,0.0,369.2853698730469,0.02197524905204773,0.0,73.79562377929688,0.0,0.0,0.0,280.2839050292969,280.2839050292969,118.55062866210938,136.35008239746094,113.70760345458984,0.0,0.0,0.0,118.55062866210938,136.35008239746094,113.70760345458984,0.0,0.0,0.0,13.870604515075684,19.07694435119629,12.454019546508789,0.0,0.0,0.0
196.0,42.065345764160156,33591.421875,3581.070068359375,16898.625,13111.728515625,3380.827392578125,20.856809616088867,0.0,13086.4521484375,0.08437882363796234,21.322275161743164,1.3770633935928345,3.5846471786499023,4.191774368286133,1.61465585231781,2.6226799488067627,5.652364730834961,0.0009658150956965983,0.37219029664993286,1.2423505783081055,0.0,0.0,0.0,0.0,4705.70947265625,303.9103698730469,486.458251953125,1897.37548828125,539.7030029296875,0.0,513.6737670898438,0.030559053644537926,5.967024803161621,80.3060302734375,0.0,0.0,0.0,281.6247863769531,281.6247863769531,118.42218780517578,140.61880493164062,121.96054077148438,0.0,0.0,0.0,118.42218780517578,140.61880493164062,121.96054077148438,0.0,0.0,0.0,13.781679153442383,20.274192810058594,14.816646575927734,0.0,0.0,0.0
197.0,42.214290618896484,33617.61328125,3581.070068359375,16924.8125,13111.728515625,3380.827392578125,21.88425636291504,0.0,12503.0419921875,0.08531519025564194,21.45276641845703,1.3899619579315186,3.5846471786499023,4.19337797164917,1.61465585231781,2.6226799488067627,5.655378341674805,0.0009658150956965983,0.37219029664993286,1.2423505783081055,0.0,0.0,0.0,0.0,4637.83056640625,300.49310302734375,479.1615905761719,1841.761474609375,380.4467468261719,0.0,424.680419921875,0.02525949291884899,0.3154391646385193,74.1366195678711,0.0,0.0,0.0,282.9344177246094,282.9344177246094,121.69124603271484,136.23663330078125,115.62197875976562,0.0,0.0,0.0,121.69124603271484,136.23663330078125,115.62197875976562,0.0,0.0,0.0,13.710433959960938,17.9649600982666,11.935171127319336,0.0,0.0,0.0
198.0,42.28903579711914,33628.93359375,3581.070068359375,16936.134765625,13111.728515625,3380.827392578125,22.178525924682617,0.0,12348.60546875,0.0857301875948906,21.510560989379883,1.3957998752593994,3.5846471786499023,4.202742576599121,1.61465585231781,2.6226799488067627,5.65671443939209,0.0009658150956965983,0.37219029664993286,1.2423505783081055,0.0,0.0,0.0,0.0,4617.2900390625,299.611572265625,476.6439208984375,1819.82421875,358.95489501953125,0.0,387.4244079589844,0.023041468113660812,0.0,73.79562377929688,0.0,0.0,0.0,284.1934509277344,284.1934509277344,115.1921157836914,120.97923278808594,119.87345886230469,0.0,0.0,0.0,115.1921157836914,120.97923278808594,119.87345886230469,0.0,0.0,0.0,11.515167236328125,13.20789909362793,12.884461402893066,0.0,0.0,0.0
199.0,42.33256912231445,33637.77734375,3581.070068359375,16944.978515625,13111.728515625,3380.827392578125,22.52434539794922,0.0,12170.404296875,0.0859498679637909,21.54118537902832,1.3987846374511719,3.5846471786499023,4.211740016937256,1.61465585231781,2.6226799488067627,5.657421588897705,0.0009658150956965983,0.37219029664993286,1.2423505783081055,0.0,0.0,0.0,0.0,4586.15380859375,297.8035583496094,473.7403869628906,1790.817138671875,350.5221252441406,0.0,343.6926574707031,0.02043958380818367,0.0,69.55746459960938,0.0,0.0,0.0,285.4206237792969,285.4206237792969,119.06403350830078,133.86976623535156,90.95201873779297,0.0,0.0,0.0,119.06403350830078,133.86976623535156,90.95201873779297,0.0,0.0,0.0,12.30188274383545,16.63256072998047,4.0791192054748535,0.0,0.0,0.0
200.0,42.355674743652344,33640.578125,3581.070068359375,16947.77734375,13111.728515625,3380.827392578125,21.898618698120117,0.1808660626411438,12508.857421875,0.08606769889593124,21.557565689086914,1.400317907333374,3.5846471786499023,4.216432571411133,1.61465585231781,2.6226799488067627,5.657800674438477,0.0009658150956965983,0.37219029664993286,1.2423505783081055,0.0,0.0,0.0,0.0,4670.65087890625,303.39215087890625,479.98712158203125,1811.600341796875,281.0880126953125,0.0,459.299072265625,0.02731400914490223,22.331417083740234,110.69343566894531,0.0,0.0,0.0,286.63330078125,286.63330078125,152.02783203125,165.33724975585938,134.0251922607422,0.0,0.0,0.0,152.02783203125,165.33724975585938,134.0251922607422,0.0,0.0,0.0,22.388656616210938,26.281658172607422,17.122882843017578,0.0,0.0,0.0
201.0,42.365936279296875,33832.6484375,3581.070068359375,17139.849609375,13111.728515625,3707.93115234375,22.04006004333496,0.0,12501.701171875,0.08613404631614685,21.566679000854492,1.4011307954788208,3.5846471786499023,4.216487407684326,1.61465585231781,2.6226799488067627,5.658014297485352,0.0009658150956965983,0.37219029664993286,1.2423505783081055,0.0,0.0,0.0,0.0,4668.208984375,303.28131103515625,479.6181945800781,1518.885009765625,288.12493896484375,0.0,741.822265625,0.04411464184522629,22.331417083740234,110.69343566894531,0.0,0.0,0.0,287.8731994628906,287.8731994628906,150.72918701171875,173.55918884277344,141.5688934326172,0.0,0.0,0.0,150.72918701171875,173.55918884277344,141.5688934326172,0.0,0.0,0.0,22.048227310180664,28.726003646850586,19.368839263916016,0.0,0.0,0.0
202.0,43.07212829589844,34225.4921875,3581.070068359375,17532.693359375,13111.728515625,3707.93115234375,22.012371063232422,0.0,12659.1552734375,0.0906720981001854,22.18826675415039,1.4628642797470093,3.5846471786499023,4.220213413238525,1.61465585231781,2.6226799488067627,5.67262077331543,0.0009658150956965983,0.37219029664993286,1.2423505783081055,0.0,0.0,0.0,0.0,4751.5546875,313.2682189941406,476.2236633300781,399.2277526855469,362.1889343261719,0.0,1802.111083984375,0.1946648359298706,22.331417083740234,110.69343566894531,0.0,0.0,0.0,289.14697265625,289.14697265625,148.25062561035156,186.10775756835938,161.2901611328125,0.0,0.0,0.0,148.25062561035156,186.10775756835938,161.2901611328125,0.0,0.0,0.0,21.350936889648438,32.42414855957031,25.165002822875977,0.0,0.0,0.0
203.0,43.71116256713867,34350.640625,3581.070068359375,17657.841796875,13111.728515625,3707.93115234375,21.66987419128418,1.2066923379898071,12899.8369140625,0.09463859349489212,22.731576919555664,1.5166175365447998,3.606142520904541,4.22395658493042,1.61465585231781,2.6226799488067627,5.68538761138916,0.0009658150956965983,0.37219029664993286,1.2423505783081055,0.0,0.0,0.0,0.0,4802.5185546875,320.4170227050781,474.3869934082031,1705.2017822265625,628.2711181640625,0.0,334.7522277832031,0.019869361072778702,22.331417083740234,110.69343566894531,0.0,0.0,0.0,290.46624755859375,290.46624755859375,153.68255615234375,163.580810546875,150.27606201171875,0.0,0.0,0.0,153.68255615234375,163.580810546875,150.27606201171875,0.0,0.0,0.0,22.075580596923828,24.970823287963867,21.07918357849121,0.0,0.0,0.0
204.0,44.0653076171875,34411.5703125,3581.070068359375,17718.771484375,13111.728515625,3707.93115234375,21.203643798828125,0.0,13198.6220703125,0.09674456715583801,23.020030975341797,1.545238733291626,3.6306920051574707,4.227593421936035,1.61465585231781,2.6226799488067627,5.692165851593018,0.0009658150956965983,0.37219029664993286,1.2423505783081055,0.0,0.0,0.0,0.0,4891.951171875,328.37628173828125,479.7350158691406,1807.921875,630.0634765625,0.0,389.25079345703125,0.02309332974255085,0.0,71.16542053222656,0.0,0.0,0.0,291.8270568847656,291.8270568847656,128.7587890625,139.12754821777344,130.32037353515625,0.0,0.0,0.0,128.7587890625,139.12754821777344,130.32037353515625,0.0,0.0,0.0,16.45829963684082,19.491165161132812,16.915067672729492,0.0,0.0,0.0
205.0,44.2429084777832,34485.69140625,3581.070068359375,17738.900390625,13165.7197265625,3707.93115234375,20.434595108032227,0.0,13709.6484375,0.0972013995051384,23.082630157470703,1.5511925220489502,3.7367405891418457,4.228666305541992,1.61465585231781,2.6226799488067627,5.693636417388916,0.0009658150956965983,0.37219029664993286,1.2423505783081055,0.0,0.0,0.0,0.0,4912.431640625,330.1239013671875,493.51727294921875,1775.35205078125,1030.100830078125,0.0,333.93487548828125,0.019809557124972343,0.0,65.82526397705078,0.0,0.0,0.0,293.2243347167969,293.2243347167969,71.79375457763672,109.9199447631836,115.11809539794922,0.0,0.0,0.0,71.79375457763672,109.9199447631836,115.11809539794922,0.0,0.0,0.0,0.5650777220726013,11.716987609863281,13.237447738647461,0.0,0.0,0.0
206.0,44.540626525878906,34892.14453125,3581.070068359375,17975.427734375,13335.6455078125,3707.93115234375,20.539955139160156,0.0,13799.29296875,0.0976477712392807,23.143756866455078,1.5573632717132568,3.9640700817108154,4.229874610900879,1.61465585231781,2.6226799488067627,5.695073127746582,0.0009658150956965983,0.37219029664993286,1.2423505783081055,0.0,0.0,0.0,0.0,4927.65234375,331.5859375,522.4257202148438,1774.260498046875,1030.2218017578125,0.0,346.4039001464844,0.020547199994325638,0.0,67.71363830566406,0.0,0.0,0.0,294.62908935546875,294.62908935546875,100.03143310546875,129.09649658203125,106.5944595336914,0.0,0.0,0.0,100.03143310546875,129.09649658203125,106.5944595336914,0.0,0.0,0.0,8.719240188598633,17.22076988220215,10.638923645019531,0.0,0.0,0.0
207.0,44.8842887878418,34998.00390625,3581.070068359375,18050.265625,13366.66796875,3707.93115234375,21.24888038635254,0.0,13394.7197265625,0.09810435771942139,23.206274032592773,1.563774585723877,4.23559045791626,4.2311601638793945,1.61465585231781,2.6226799488067627,5.696542739868164,0.0009658150956965983,0.37219029664993286,1.2423505783081055,0.0,0.0,0.0,0.0,4881.85791015625,328.9681396484375,551.77587890625,1732.0576171875,852.4719848632812,0.0,315.121337890625,0.018689753487706184,0.0,64.13197326660156,0.0,0.0,0.0,295.9977111816406,295.9977111816406,123.59800720214844,135.4333038330078,124.46572875976562,0.0,0.0,0.0,123.59800720214844,135.4333038330078,124.46572875976562,0.0,0.0,0.0,14.903536796569824,18.36536407470703,15.15734577178955,0.0,0.0,0.0
208.0,45.071956634521484,35021.68359375,3581.070068359375,18073.9453125,13366.66796875,3707.93115234375,21.26321029663086,0.0,13396.7255859375,0.0983334630727768,23.237642288208008,1.5669978857040405,4.3870344161987305,4.231825351715088,1.61465585231781,2.6226799488067627,5.697279930114746,0.0009658150956965983,0.37219029664993286,1.2423505783081055,0.0,0.0,0.0,0.0,4945.23828125,333.4752502441406,575.6564331054688,1813.8272705078125,530.0892944335938,0.0,454.3131103515625,0.026943804696202278,0.0,73.79562377929688,0.0,0.0,0.0,297.32989501953125,297.32989501953125,129.64764404296875,139.91824340820312,122.08554077148438,0.0,0.0,0.0,129.64764404296875,139.91824340820312,122.08554077148438,0.0,0.0,0.0,16.65872573852539,19.662874221801758,14.446809768676758,0.0,0.0,0.0
209.0,45.15631103515625,35029.17578125,3581.070068359375,18081.4375,13366.66796875,3707.93115234375,22.29917335510254,0.0,12799.4345703125,0.09841154515743256,23.248332977294922,1.5680983066558838,4.458260536193848,4.232832908630371,1.61465585231781,2.6226799488067627,5.697531223297119,0.0009658150956965983,0.37219029664993286,1.2423505783081055,0.0,0.0,0.0,0.0,4857.03125,327.60638427734375,576.6765747070312,1746.510986328125,374.10595703125,0.0,370.9182434082031,0.021997548639774323,0.0,69.9241714477539,0.0,0.0,0.0,298.6339111328125,298.6339111328125,119.16150665283203,133.2242889404297,118.76399230957031,0.0,0.0,0.0,119.16150665283203,133.2242889404297,118.76399230957031,0.0,0.0,0.0,12.555567741394043,16.66893196105957,12.43929386138916,0.0,0.0,0.0
210.0,45.20766830444336,35051.54296875,3581.070068359375,18103.806640625,13366.66796875,3707.93115234375,22.60616111755371,0.0,12641.2880859375,0.09844367951154709,23.252729415893555,1.5685656070709229,4.498193264007568,4.239126682281494,1.61465585231781,2.6226799488067627,5.697768688201904,0.0009658150956965983,0.37219029664993286,1.2423505783081055,0.0,0.0,0.0,0.0,4828.38916015625,325.7099304199219,578.9663696289062,1723.0994873046875,353.1580505371094,0.0,339.37677001953125,0.020126638934016228,0.0,66.2961654663086,0.0,0.0,0.0,299.8893127441406,299.8893127441406,119.05558776855469,124.42444610595703,110.1053466796875,0.0,0.0,0.0,119.05558776855469,124.42444610595703,110.1053466796875,0.0,0.0,0.0,12.217599868774414,13.78799057006836,9.599653244018555,0.0,0.0,0.0
211.0,45.25400161743164,35063.32421875,3581.070068359375,18115.5859375,13366.66796875,3707.93115234375,22.960708618164062,0.0,12458.81640625,0.09846771508455276,23.25602149963379,1.568902611732483,4.531718730926514,4.246941566467285,1.61465585231781,2.6226799488067627,5.699108600616455,0.0009658150956965983,0.37219029664993286,1.2423505783081055,0.0,0.0,0.0,0.0,4792.4443359375,323.3089294433594,579.7977905273438,1692.4564208984375,344.9738464355469,0.0,297.1431579589844,0.01762036234140396,0.0,60.73905944824219,0.0,0.0,0.0,301.1153259277344,301.1153259277344,117.79901885986328,125.97242736816406,106.62498474121094,0.0,0.0,0.0,117.79901885986328,125.97242736816406,106.62498474121094,0.0,0.0,0.0,11.495505332946777,13.886224746704102,8.22709846496582,0.0,0.0,0.0
212.0,45.28213119506836,35300.04296875,3813.3701171875,18120.005859375,13366.66796875,3707.93115234375,22.471031188964844,0.0,12805.2333984375,0.09848009049892426,23.25771713256836,1.5690714120864868,4.550156116485596,4.251979351043701,1.61465585231781,2.6226799488067627,5.7018866539001465,0.0009658150956965983,0.37219029664993286,1.2423505783081055,0.0,0.0,0.0,0.0,4874.416015625,328.85028076171875,589.3403930664062,1714.6632080078125,276.5103454589844,0.0,406.1785888671875,0.024081455543637276,22.331417083740234,110.69343566894531,0.0,0.0,0.0,302.3277282714844,302.3277282714844,132.79356384277344,154.701171875,103.49754333496094,0.0,0.0,0.0,132.79356384277344,154.701171875,103.49754333496094,0.0,0.0,0.0,16.371084213256836,22.779062271118164,7.801999568939209,0.0,0.0,0.0
213.0,45.29569625854492,35305.86328125,3813.3701171875,18125.826171875,13366.66796875,3707.93115234375,22.491487503051758,0.0,12797.857421875,0.09848296642303467,23.25811004638672,1.5691121816635132,4.554666519165039,4.253360748291016,1.61465585231781,2.6226799488067627,5.709120750427246,0.0009658150956965983,0.37219029664993286,1.2423505783081055,0.0,0.0,0.0,0.0,4870.939453125,328.61871337890625,589.5398559570312,1637.2261962890625,283.4638366699219,0.0,473.9677429199219,0.02808648720383644,22.331417083740234,110.69343566894531,0.0,0.0,0.0,303.5581970214844,303.5581970214844,136.2859344482422,171.33062744140625,123.47370910644531,0.0,0.0,0.0,136.2859344482422,171.33062744140625,123.47370910644531,0.0,0.0,0.0,17.372148513793945,27.622722625732422,13.624571800231934,0.0,0.0,0.0
214.0,45.31769943237305,35315.734375,3813.3701171875,18135.697265625,13366.66796875,3707.93115234375,22.211275100708008,0.0,12958.9912109375,0.09848617762327194,23.2585506439209,1.569153904914856,4.5597734451293945,4.25595235824585,1.61465585231781,2.6226799488067627,5.722938537597656,0.0009658150956965983,0.37219029664993286,1.2423505783081055,0.0,0.0,0.0,0.0,4887.015625,329.7058410644531,591.5444946289062,1451.8780517578125,358.7345886230469,0.0,672.1428833007812,0.03979203477501869,22.331417083740234,110.69343566894531,0.0,0.0,0.0,304.8174743652344,304.8174743652344,136.54847717285156,169.72845458984375,129.88809204101562,0.0,0.0,0.0,136.54847717285156,169.72845458984375,129.88809204101562,0.0,0.0,0.0,17.729154586791992,27.434297561645508,15.780990600585938,0.0,0.0,0.0
215.0,45.33601379394531,35319.484375,3813.3701171875,18139.4453125,13366.66796875,3707.93115234375,21.787864685058594,1.402138113975525,13205.326171875,0.09848789870738983,23.258787155151367,1.5691744089126587,4.56732702255249,4.257805347442627,1.61465585231781,2.6226799488067627,5.7315897941589355,0.0009658150956965983,0.37219029664993286,1.2423505783081055,0.0,0.0,0.0,0.0,4880.6337890625,329.2762145996094,591.7931518554688,1679.8258056640625,625.9513549804688,0.0,348.1805419921875,0.02060047723352909,22.331417083740234,110.69343566894531,0.0,0.0,0.0,306.1234436035156,306.1234436035156,157.21351623535156,170.00404357910156,153.35562133789062,0.0,0.0,0.0,157.21351623535156,170.00404357910156,153.35562133789062,0.0,0.0,0.0,22.794950485229492,26.53618049621582,21.666515350341797,0.0,0.0,0.0
216.0,45.35220718383789,35327.875,3813.3701171875,18147.837890625,13366.66796875,3707.93115234375,21.305559158325195,0.0,13499.08203125,0.09848890453577042,23.25892448425293,1.5691872835159302,4.575373649597168,4.260135173797607,1.61465585231781,2.6226799488067627,5.73725700378418,0.0009658150956965983,0.37219029664993286,1.2423505783081055,0.0,0.0,0.0,0.0,4936.57958984375,333.0514221191406,597.7701416015625,1765.7764892578125,629.394775390625,0.0,418.5320739746094,0.024753250181674957,12.352344512939453,91.73867797851562,0.0,0.0,0.0,307.4775085449219,307.4775085449219,130.9089813232422,148.9564208984375,118.78118133544922,0.0,0.0,0.0,130.9089813232422,148.9564208984375,118.78118133544922,0.0,0.0,0.0,16.985319137573242,22.264196395874023,13.437935829162598,0.0,0.0,0.0
217.0,45.3674201965332,35381.90625,3813.3701171875,18151.646484375,13416.8896484375,3707.93115234375,20.519222259521484,0.0,14021.6845703125,0.09848896414041519,23.258934020996094,1.569188117980957,4.589936256408691,4.260329723358154,1.61465585231781,2.6226799488067627,5.737700462341309,0.0009658150956965983,0.37219029664993286,1.2423505783081055,0.0,0.0,0.0,0.0,4955.369140625,334.31915283203125,601.1405029296875,1774.205078125,1030.23486328125,0.0,368.6532897949219,0.021802600473165512,0.0,71.89411163330078,0.0,0.0,0.0,308.87310791015625,308.87310791015625,97.53035736083984,111.8100814819336,115.63627624511719,0.0,0.0,0.0,97.53035736083984,111.8100814819336,115.63627624511719,0.0,0.0,0.0,8.00840950012207,12.18522834777832,13.304390907287598,0.0,0.0,0.0
218.0,45.587486267089844,35772.84765625,3813.3701171875,18373.212890625,13586.265625,3707.93115234375,20.609872817993164,0.0,14113.31640625,0.09848941117525101,23.25899314880371,1.5691940784454346,4.804967403411865,4.261841297149658,1.61465585231781,2.6226799488067627,5.741156578063965,0.0009658150956965983,0.37219029664993286,1.2423505783081055,0.0,0.0,0.0,0.0,4964.40771484375,334.9293518066406,628.89111328125,1777.7904052734375,1031.044921875,0.0,385.2724914550781,0.022780122235417366,0.0,73.79562377929688,0.0,0.0,0.0,310.2786865234375,310.2786865234375,120.3438949584961,129.95248413085938,115.89574432373047,0.0,0.0,0.0,120.3438949584961,129.95248413085938,115.89574432373047,0.0,0.0,0.0,14.590716361999512,17.401227951049805,13.289631843566895,0.0,0.0,0.0
219.0,45.89080047607422,35873.7734375,3813.3701171875,18443.31640625,13617.0869140625,3707.93115234375,21.317365646362305,0.0,13699.486328125,0.09848994761705399,23.25906753540039,1.5692014694213867,5.101973533630371,4.263734817504883,1.61465585231781,2.6226799488067627,5.74548864364624,0.0009658150956965983,0.37219029664993286,1.2423505783081055,0.0,0.0,0.0,0.0,4909.80322265625,331.2458801269531,660.6143798828125,1736.2481689453125,853.5350341796875,0.0,353.5014953613281,0.02089543454349041,0.0,71.06214141845703,0.0,0.0,0.0,311.6543884277344,311.6543884277344,124.21699523925781,136.9237518310547,118.2937240600586,0.0,0.0,0.0,124.21699523925781,136.9237518310547,118.2937240600586,0.0,0.0,0.0,15.016103744506836,18.732831954956055,13.283548355102539,0.0,0.0,0.0
220.0,46.060707092285156,35895.95703125,3813.3701171875,18465.498046875,13617.0869140625,3707.93115234375,21.33054542541504,0.0,13701.482421875,0.09849022328853607,23.259105682373047,1.5692051649093628,5.26859188079834,4.2647223472595215,1.61465585231781,2.6226799488067627,5.747749328613281,0.0009658150956965983,0.37219029664993286,1.2423505783081055,0.0,0.0,0.0,0.0,4968.89208984375,335.2326354980469,687.2487182617188,1811.8094482421875,530.8458862304688,0.0,500.956787109375,0.029606949537992477,3.469972848892212,77.54671478271484,0.0,0.0,0.0,312.9978332519531,312.9978332519531,116.27262115478516,141.14271545410156,129.37989807128906,0.0,0.0,0.0,116.27262115478516,141.14271545410156,129.37989807128906,0.0,0.0,0.0,12.67919635772705,19.953697204589844,16.51307487487793,0.0,0.0,0.0
221.0,46.13786315917969,35902.97265625,3813.3701171875,18472.517578125,13617.0869140625,3707.93115234375,22.370525360107422,0.0,13090.544921875,0.09849033504724503,23.25912094116211,1.5692065954208374,5.343411922454834,4.266148090362549,1.61465585231781,2.6226799488067627,5.748643398284912,0.0009658150956965983,0.37219029664993286,1.2423505783081055,0.0,0.0,0.0,0.0,4878.158203125,329.11126708984375,687.1224365234375,1749.83154296875,374.63922119140625,0.0,410.5157165527344,0.02426033839583397,0.0,73.79562377929688,0.0,0.0,0.0,314.317138671875,314.317138671875,126.86817932128906,136.08145141601562,124.08442687988281,0.0,0.0,0.0,126.86817932128906,136.08145141601562,124.08442687988281,0.0,0.0,0.0,14.738418579101562,17.433300018310547,13.92417049407959,0.0,0.0,0.0
222.0,46.17469787597656,35912.9453125,3813.3701171875,18482.48828125,13617.0869140625,3707.93115234375,22.67068099975586,0.0,12928.7587890625,0.09849036484956741,23.259124755859375,1.5692071914672852,5.3732008934021,4.272835731506348,1.61465585231781,2.6226799488067627,5.748994827270508,0.0009658150956965983,0.37219029664993286,1.2423505783081055,0.0,0.0,0.0,0.0,4849.10986328125,327.1514892578125,687.7041015625,1726.7322998046875,353.68426513671875,0.0,375.4175720214844,0.022185614332556725,0.0,73.12651062011719,0.0,0.0,0.0,315.591796875,315.591796875,120.78260040283203,122.77763366699219,121.86163330078125,0.0,0.0,0.0,120.78260040283203,122.77763366699219,121.86163330078125,0.0,0.0,0.0,12.658230781555176,13.241778373718262,12.973847389221191,0.0,0.0,0.0
223.0,46.203426361083984,35920.578125,3813.3701171875,18490.12109375,13617.0869140625,3707.93115234375,23.023860931396484,0.0,12742.08203125,0.09849037975072861,23.259126663208008,1.5692073106765747,5.39871072769165,4.275823593139648,1.61465585231781,2.6226799488067627,5.7492265701293945,0.0009658150956965983,0.37219029664993286,1.2423505783081055,0.0,0.0,0.0,0.0,4812.7548828125,324.6987609863281,686.9824829101562,1694.689697265625,345.502685546875,0.0,333.0728454589844,0.01968289725482464,0.0,68.23755645751953,0.0,0.0,0.0,316.83990478515625,316.83990478515625,96.50086975097656,127.79134368896484,113.75420379638672,0.0,0.0,0.0,96.50086975097656,127.79134368896484,113.75420379638672,0.0,0.0,0.0,5.202642440795898,14.355107307434082,10.24924373626709,0.0,0.0,0.0
224.0,46.26959991455078,35974.08984375,3813.3701171875,18543.6328125,13617.0869140625,3707.93115234375,22.414478302001953,0.0,13096.32421875,0.0984903872013092,23.25912857055664,1.5692074298858643,5.458270072937012,4.280520439147949,1.61465585231781,2.6226799488067627,5.7511396408081055,0.0009658150956965983,0.37219029664993286,1.2423505783081055,0.0,0.0,0.0,0.0,4893.68505859375,330.1588439941406,702.7308959960938,1753.340087890625,276.9021911621094,0.0,451.0797424316406,0.02665298618376255,8.244964599609375,87.16500854492188,0.0,0.0,0.0,318.0750732421875,318.0750732421875,127.21723175048828,153.41256713867188,99.92091369628906,0.0,0.0,0.0,127.21723175048828,153.41256713867188,99.92091369628906,0.0,0.0,0.0,14.796562194824219,22.458698272705078,6.8123884201049805,0.0,0.0,0.0
225.0,46.34697341918945,35995.28125,3813.3701171875,18564.82421875,13617.0869140625,3959.6923828125,22.444496154785156,0.0,13088.728515625,0.0984904021024704,23.259130477905273,1.5692075490951538,5.519158363342285,4.2849321365356445,1.61465585231781,2.6226799488067627,5.763213157653809,0.0009658150956965983,0.37219029664993286,1.2423505783081055,0.0,0.0,0.0,0.0,4888.17529296875,329.7871398925781,709.5704956054688,1709.69140625,283.8047180175781,0.0,442.8839416503906,0.026147084310650826,22.331417083740234,110.69343566894531,0.0,0.0,0.0,319.32806396484375,319.32806396484375,154.0718994140625,169.48452758789062,129.75732421875,0.0,0.0,0.0,154.0718994140625,169.48452758789062,129.75732421875,0.0,0.0,0.0,22.62153434753418,27.129728317260742,15.509520530700684,0.0,0.0,0.0
226.0,46.40495681762695,36009.375,3813.3701171875,18578.919921875,13617.0869140625,3959.6923828125,22.167125701904297,0.0,13253.4736328125,0.098490409553051,23.259130477905273,1.5692076683044434,5.56080961227417,4.287830352783203,1.61465585231781,2.6226799488067627,5.776646614074707,0.0009658150956965983,0.37219029664993286,1.2423505783081055,0.0,0.0,0.0,0.0,4903.2958984375,330.8072814941406,716.2731323242188,1643.493408203125,359.12994384765625,0.0,520.5977172851562,0.030706806108355522,22.331417083740234,110.69343566894531,0.0,0.0,0.0,320.6078796386719,320.6078796386719,138.88197326660156,170.30018615722656,156.4036102294922,0.0,0.0,0.0,138.88197326660156,170.30018615722656,156.4036102294922,0.0,0.0,0.0,18.455852508544922,27.64567756652832,23.580930709838867,0.0,0.0,0.0
227.0,46.43817138671875,36013.8359375,3813.3701171875,18583.37890625,13617.0869140625,3959.6923828125,21.744598388671875,1.3625257015228271,13505.34765625,0.098490409553051,23.259130477905273,1.5692076683044434,5.583556652069092,4.2893781661987305,1.61465585231781,2.6226799488067627,5.78556489944458,0.0009658150956965983,0.37219029664993286,1.2423505783081055,0.0,0.0,0.0,0.0,4897.1806640625,330.39471435546875,718.4038696289062,1682.5806884765625,626.66845703125,0.0,386.7025451660156,0.022795164957642555,22.331417083740234,110.69343566894531,0.0,0.0,0.0,321.9389953613281,321.9389953613281,151.79800415039062,171.4217529296875,157.73724365234375,0.0,0.0,0.0,151.79800415039062,171.4217529296875,157.73724365234375,0.0,0.0,0.0,21.293792724609375,27.03373908996582,23.031021118164062,0.0,0.0,0.0
228.0,46.45338439941406,36015.24609375,3813.3701171875,18584.791015625,13617.0869140625,3959.6923828125,21.277149200439453,0.15057878196239471,13794.12109375,0.098490409553051,23.259130477905273,1.569207787513733,5.593609809875488,4.2900495529174805,1.61465585231781,2.6226799488067627,5.79005241394043,0.0009658150956965983,0.37219029664993286,1.2423505783081055,0.0,0.0,0.0,0.0,4951.27978515625,334.0445556640625,725.4362182617188,1732.648193359375,629.9931030273438,0.0,461.65838623046875,0.027205217629671097,22.331417083740234,110.69343566894531,0.0,0.0,0.0,323.3172912597656,323.3172912597656,134.12957763671875,151.3884735107422,131.89822387695312,0.0,0.0,0.0,134.12957763671875,151.3884735107422,131.89822387695312,0.0,0.0,0.0,17.805173873901367,22.8533992767334,17.152502059936523,0.0,0.0,0.0
229.0,46.459686279296875,36062.28125,3813.3701171875,18585.337890625,13663.5732421875,3959.6923828125,20.486557006835938,0.0,14328.0947265625,0.098490409553051,23.259130477905273,1.569207787513733,5.599816799163818,4.290060043334961,1.61465585231781,2.6226799488067627,5.790136814117432,0.0009658150956965983,0.37219029664993286,1.2423505783081055,0.0,0.0,0.0,0.0,4971.75146484375,335.42572021484375,728.4248657226562,1770.6934814453125,1031.406005859375,0.0,413.09442138671875,0.024343231692910194,0.8392160534858704,74.70282745361328,0.0,0.0,0.0,324.7405700683594,324.7405700683594,100.23882293701172,116.4713134765625,115.4481201171875,0.0,0.0,0.0,100.23882293701172,116.4713134765625,115.4481201171875,0.0,0.0,0.0,8.833298683166504,13.581300735473633,13.282017707824707,0.0,0.0,0.0
230.0,46.63824462890625,36415.02734375,3813.3701171875,18769.279296875,13832.3759765625,3959.6923828125,20.551225662231445,0.0,14421.666015625,0.09849041700363159,23.259132385253906,1.569207787513733,5.77669620513916,4.290186405181885,1.61465585231781,2.6226799488067627,5.791690826416016,0.0009658150956965983,0.37219029664993286,1.2423505783081055,0.0,0.0,0.0,0.0,4982.466796875,336.1486511230469,751.55908203125,1773.61376953125,1032.4071044921875,0.0,433.3882141113281,0.02553640492260456,2.186314344406128,76.1590576171875,0.0,0.0,0.0,326.1760559082031,326.1760559082031,109.15544128417969,130.70962524414062,116.2508773803711,0.0,0.0,0.0,109.15544128417969,130.70962524414062,116.2508773803711,0.0,0.0,0.0,11.376742362976074,17.68134117126465,13.452157020568848,0.0,0.0,0.0
231.0,46.88874435424805,36504.82421875,3813.3701171875,18828.462890625,13862.9912109375,3959.6923828125,21.24991226196289,0.0,13998.7333984375,0.09849041700363159,23.259132385253906,1.569207787513733,6.022212505340576,4.290452003479004,1.61465585231781,2.6226799488067627,5.7964067459106445,0.0009658150956965983,0.37219029664993286,1.2423505783081055,0.0,0.0,0.0,0.0,4929.0615234375,332.54559326171875,775.7951049804688,1737.515625,854.795654296875,0.0,398.1393737792969,0.02345188893377781,0.0,73.79562377929688,0.0,0.0,0.0,327.5801696777344,327.5801696777344,124.8890609741211,137.61077880859375,118.46894073486328,0.0,0.0,0.0,124.8890609741211,137.61077880859375,118.46894073486328,0.0,0.0,0.0,15.28013801574707,19.001239776611328,13.402253150939941,0.0,0.0,0.0
232.0,47.03300094604492,36525.5,3813.3701171875,18849.138671875,13862.9912109375,3959.6923828125,21.262020111083984,0.0,14000.7236328125,0.09849041700363159,23.259132385253906,1.569207787513733,6.16170597076416,4.291374683380127,1.61465585231781,2.6226799488067627,5.8002471923828125,0.0009658150956965983,0.37219029664993286,1.2423505783081055,0.0,0.0,0.0,0.0,4988.93359375,336.5849304199219,799.8385620117188,1806.4478759765625,531.661376953125,0.0,548.9485473632812,0.032326631247997284,7.349084854125977,81.84498596191406,0.0,0.0,0.0,328.95147705078125,328.95147705078125,115.81937408447266,142.32862854003906,121.86283111572266,0.0,0.0,0.0,115.81937408447266,142.32862854003906,121.86283111572266,0.0,0.0,0.0,12.615147590637207,20.369104385375977,14.382859230041504,0.0,0.0,0.0
233.0,47.101078033447266,36532.45703125,3813.3701171875,18856.09765625,13862.9912109375,3959.6923828125,22.29971694946289,0.0,13376.3916015625,0.09849041700363159,23.259132385253906,1.569207787513733,6.225639820098877,4.293416500091553,1.61465585231781,2.6226799488067627,5.802350044250488,0.0009658150956965983,0.37219029664993286,1.2423505783081055,0.0,0.0,0.0,0.0,4897.443359375,330.4124450683594,796.7376708984375,1747.30419921875,375.197265625,0.0,455.0543518066406,0.026793524622917175,1.8193069696426392,75.76232147216797,0.0,0.0,0.0,330.2978820800781,330.2978820800781,112.46221160888672,137.10011291503906,120.77590942382812,0.0,0.0,0.0,112.46221160888672,137.10011291503906,120.77590942382812,0.0,0.0,0.0,10.595480918884277,17.802066802978516,13.027237892150879,0.0,0.0,0.0
234.0,47.12995910644531,36537.39453125,3813.3701171875,18861.03125,13862.9912109375,3959.6923828125,22.59611701965332,0.0,13211.0107421875,0.09849041700363159,23.259132385253906,1.569207787513733,6.2463483810424805,4.300834655761719,1.61465585231781,2.6226799488067627,5.803102016448975,0.0009658150956965983,0.37219029664993286,1.2423505783081055,0.0,0.0,0.0,0.0,4868.41943359375,328.45428466796875,795.7326049804688,1728.092529296875,354.2164001464844,0.0,418.32440185546875,0.024629635736346245,0.0,73.79562377929688,0.0,0.0,0.0,331.5992431640625,331.5992431640625,112.75544738769531,127.23204040527344,125.08670806884766,0.0,0.0,0.0,112.75544738769531,127.23204040527344,125.08670806884766,0.0,0.0,0.0,10.384851455688477,14.619255065917969,13.991744995117188,0.0,0.0,0.0
235.0,47.15145492553711,36543.6953125,3813.3701171875,18867.333984375,13862.9912109375,3959.6923828125,22.94770050048828,0.0,13020.201171875,0.09849041700363159,23.259132385253906,1.569207787513733,6.259058952331543,4.30912446975708,1.61465585231781,2.6226799488067627,5.8035993576049805,0.0009658150956965983,0.37219029664993286,1.2423505783081055,0.0,0.0,0.0,0.0,4832.1650390625,326.00836181640625,792.8862915039062,1696.968017578125,346.03173828125,0.0,369.38140869140625,0.021747278049588203,0.0,73.79562377929688,0.0,0.0,0.0,332.87481689453125,332.87481689453125,118.6748046875,129.64634704589844,108.31954193115234,0.0,0.0,0.0,118.6748046875,129.64634704589844,108.31954193115234,0.0,0.0,0.0,11.764678955078125,14.973856925964355,8.73576545715332,0.0,0.0,0.0
236.0,47.1649055480957,36777.98828125,4045.669921875,18869.328125,13862.9912109375,3959.6923828125,22.44954490661621,0.0,13382.123046875,0.09849041700363159,23.259132385253906,1.569207787513733,6.265764236450195,4.314534664154053,1.61465585231781,2.6226799488067627,5.804933071136475,0.0009658150956965983,0.37219029664993286,1.2423505783081055,0.0,0.0,0.0,0.0,4915.54296875,331.633544921875,803.6024169921875,1774.5689697265625,277.391357421875,0.0,495.2371826171875,0.02915431372821331,3.8320817947387695,77.93815612792969,0.0,0.0,0.0,334.1410217285156,334.1410217285156,123.4666519165039,144.12911987304688,96.06967163085938,0.0,0.0,0.0,123.4666519165039,144.12911987304688,96.06967163085938,0.0,0.0,0.0,13.664449691772461,19.708223342895508,5.650834083557129,0.0,0.0,0.0
237.0,47.1712646484375,36782.20703125,4045.669921875,18873.544921875,13862.9912109375,3959.6923828125,22.469064712524414,0.0,13374.306640625,0.09849041700363159,23.259132385253906,1.569207787513733,6.26694917678833,4.315632343292236,1.61465585231781,2.6226799488067627,5.809009552001953,0.0009658150956965983,0.37219029664993286,1.2423505783081055,0.0,0.0,0.0,0.0,4912.11376953125,331.4021911621094,803.2883911132812,514.6328125,284.3719482421875,0.0,1694.2154541015625,0.17984828352928162,22.331417083740234,110.69343566894531,0.0,0.0,0.0,335.4225158691406,335.4225158691406,167.80747985839844,184.84840393066406,156.86422729492188,0.0,0.0,0.0,167.80747985839844,184.84840393066406,156.86422729492188,0.0,0.0,0.0,26.6146240234375,31.599092483520508,23.413721084594727,0.0,0.0,0.0
238.0,47.187103271484375,36789.9609375,4045.669921875,18881.298828125,13862.9912109375,3959.6923828125,22.187183380126953,0.0,13542.5927734375,0.09849041700363159,23.259132385253906,1.569207787513733,6.268916130065918,4.318087577819824,1.61465585231781,2.6226799488067627,5.820428848266602,0.0009658150956965983,0.37219029664993286,1.2423505783081055,0.0,0.0,0.0,0.0,4928.97900390625,332.5400085449219,805.5364379882812,271.03765869140625,359.91455078125,0.0,1954.0142822265625,0.22507302463054657,22.331417083740234,110.69343566894531,0.0,0.0,0.0,336.73382568359375,336.73382568359375,167.95089721679688,186.44979858398438,152.84274291992188,0.0,0.0,0.0,167.95089721679688,186.44979858398438,152.84274291992188,0.0,0.0,0.0,26.938453674316406,32.34938049316406,22.519317626953125,0.0,0.0,0.0
239.0,47.20082092285156,36792.76171875,4045.669921875,18884.1015625,13862.9912109375,3959.6923828125,21.762895584106445,0.0,13799.91015625,0.09849041700363159,23.259132385253906,1.569207787513733,6.270405292510986,4.320235729217529,1.61465585231781,2.6226799488067627,5.830509662628174,0.0009658150956965983,0.37219029664993286,1.2423505783081055,0.0,0.0,0.0,0.0,4924.1083984375,332.21142578125,805.2155151367188,1697.7462158203125,628.1270141601562,0.0,436.7716979980469,0.025667404755949974,22.331417083740234,110.69343566894531,0.0,0.0,0.0,338.0978698730469,338.0978698730469,120.52989959716797,161.14479064941406,143.0167694091797,0.0,0.0,0.0,120.52989959716797,161.14479064941406,143.0167694091797,0.0,0.0,0.0,13.492098808288574,25.37195587158203,20.069509506225586,0.0,0.0,0.0
240.0,47.2081184387207,36793.6484375,4045.669921875,18884.98828125,13862.9912109375,3959.6923828125,21.311904907226562,0.0,14083.7373046875,0.09849041700363159,23.259132385253906,1.569207787513733,6.2711310386657715,4.321385383605957,1.61465585231781,2.6226799488067627,5.835930824279785,0.0009658150956965983,0.37219029664993286,1.2423505783081055,0.0,0.0,0.0,0.0,4977.07373046875,335.7847900390625,811.5974731445312,1794.5689697265625,631.3804321289062,0.0,510.4936218261719,0.029988683760166168,5.871424198150635,80.19957733154297,0.0,0.0,0.0,339.5092468261719,339.5092468261719,120.42144775390625,140.7835693359375,124.2231674194336,0.0,0.0,0.0,120.42144775390625,140.7835693359375,124.2231674194336,0.0,0.0,0.0,13.911368370056152,19.86728858947754,15.023372650146484,0.0,0.0,0.0
241.0,47.21136474609375,36836.7109375,4045.669921875,18885.26953125,13905.76953125,3959.6923828125,20.516508102416992,0.34064069390296936,14628.861328125,0.09849041700363159,23.259132385253906,1.569207787513733,6.2714338302612305,4.321898460388184,1.61465585231781,2.6226799488067627,5.8383588790893555,0.0009658150956965983,0.37219029664993286,1.2423505783081055,0.0,0.0,0.0,0.0,4998.79052734375,337.24993896484375,814.3712158203125,1780.0477294921875,1033.8114013671875,0.0,464.82757568359375,0.027301538735628128,4.706961154937744,78.90291595458984,0.0,0.0,0.0,340.9573974609375,340.9573974609375,111.68292236328125,122.35167694091797,117.14766693115234,0.0,0.0,0.0,111.68292236328125,122.35167694091797,117.14766693115234,0.0,0.0,0.0,11.81010627746582,14.930715560913086,13.40854263305664,0.0,0.0,0.0
242.0,47.212684631347656,37005.00390625,4045.669921875,18885.357421875,14073.9736328125,3959.6923828125,20.47496795654297,0.0,14724.33984375,0.09849041700363159,23.259132385253906,1.569207787513733,6.271533489227295,4.322076320648193,1.61465585231781,2.6226799488067627,5.8394036293029785,0.0009658150956965983,0.37219029664993286,1.2423505783081055,0.0,0.0,0.0,0.0,5015.7470703125,338.3939514160156,816.359375,1793.5338134765625,1035.509521484375,0.0,489.5421142578125,0.02875109203159809,6.059680938720703,80.4092025756836,0.0,0.0,0.0,342.4218444824219,342.4218444824219,113.2599105834961,132.34962463378906,120.82935333251953,0.0,0.0,0.0,113.2599105834961,132.34962463378906,120.82935333251953,0.0,0.0,0.0,12.653554916381836,18.23729705810547,14.867618560791016,0.0,0.0,0.0
243.0,47.213199615478516,37038.93359375,4045.669921875,18888.884765625,14104.37890625,3959.6923828125,21.139095306396484,0.0,14292.4775390625,0.09849041700363159,23.259132385253906,1.569207787513733,6.271535873413086,4.322081089019775,1.61465585231781,2.6226799488067627,5.839909076690674,0.0009658150956965983,0.37219029664993286,1.2423505783081055,0.0,0.0,0.0,0.0,4969.697265625,335.2871398925781,810.704833984375,1770.3258056640625,858.0746459960938,0.0,457.4992370605469,0.026868265122175217,3.7676784992218018,77.86853790283203,0.0,0.0,0.0,343.8598327636719,343.8598327636719,119.88716888427734,138.68679809570312,117.33780670166016,0.0,0.0,0.0,119.88716888427734,138.68679809570312,117.33780670166016,0.0,0.0,0.0,13.927901268005371,19.42679214477539,13.182212829589844,0.0,0.0,0.0
244.0,47.22623825073242,37046.203125,4045.669921875,18896.154296875,14104.37890625,3959.6923828125,21.143430709838867,0.0,14294.4404296875,0.09849041700363159,23.259132385253906,1.569207787513733,6.271569728851318,4.32237434387207,1.61465585231781,2.6226799488067627,5.852620601654053,0.0009658150956965983,0.37219029664993286,1.2423505783081055,0.0,0.0,0.0,0.0,5035.27099609375,339.7111511230469,818.3508911132812,1847.1207275390625,534.0110473632812,0.0,611.5939331054688,0.03588717058300972,11.078179359436035,85.99742889404297,0.0,0.0,0.0,345.2642822265625,345.2642822265625,115.58222961425781,143.17605590820312,130.5350341796875,0.0,0.0,0.0,115.58222961425781,143.17605590820312,130.5350341796875,0.0,0.0,0.0,12.664372444152832,20.735567092895508,17.038068771362305,0.0,0.0,0.0
245.0,47.23825454711914,37048.65234375,4045.669921875,18898.603515625,14104.37890625,3959.6923828125,22.17378044128418,0.0,13656.95703125,0.09849041700363159,23.259132385253906,1.569207787513733,6.271595001220703,4.323554515838623,1.61465585231781,2.6226799488067627,5.863430976867676,0.0009658150956965983,0.37219029664993286,1.2423505783081055,0.0,0.0,0.0,0.0,4944.119140625,333.56146240234375,807.2913208007812,1789.469482421875,376.8929138183594,0.0,515.93505859375,0.030252059921622276,5.409375190734863,79.68507385253906,0.0,0.0,0.0,346.6448974609375,346.6448974609375,114.64580535888672,139.0076141357422,116.9490966796875,0.0,0.0,0.0,114.64580535888672,139.0076141357422,116.9490966796875,0.0,0.0,0.0,11.360118865966797,18.485944747924805,12.033830642700195,0.0,0.0,0.0
246.0,47.24463653564453,37052.35546875,4045.669921875,18902.3046875,14104.37890625,3959.6923828125,22.4681453704834,0.0,13488.052734375,0.09849041700363159,23.259132385253906,1.569207787513733,6.271600723266602,4.327147960662842,1.61465585231781,2.6226799488067627,5.866216659545898,0.0009658150956965983,0.37219029664993286,1.2423505783081055,0.0,0.0,0.0,0.0,4915.19384765625,331.6099853515625,803.7590942382812,1770.120849609375,355.8282165527344,0.0,479.8834228515625,0.02813306637108326,3.3966450691223145,77.46744537353516,0.0,0.0,0.0,347.9805908203125,347.9805908203125,121.29216766357422,126.99163818359375,118.1336669921875,0.0,0.0,0.0,121.29216766357422,126.99163818359375,118.1336669921875,0.0,0.0,0.0,13.009814262390137,14.676907539367676,12.08595085144043,0.0,0.0,0.0
247.0,47.25822448730469,37060.5546875,4045.669921875,18910.5078125,14104.37890625,3959.6923828125,22.81934356689453,0.0,13293.189453125,0.09849041700363159,23.259132385253906,1.569207787513733,6.271602153778076,4.328896999359131,1.61465585231781,2.6226799488067627,5.868006229400635,0.0009658150956965983,0.37219029664993286,1.2523975372314453,0.0,0.0,0.0,0.0,4878.60595703125,329.14154052734375,799.3154296875,1743.29443359375,347.602294921875,0.0,430.84552001953125,0.025255145505070686,0.7176249623298645,75.17427825927734,0.0,0.0,0.0,349.29046630859375,349.29046630859375,115.91783142089844,132.57693481445312,102.67115020751953,0.0,0.0,0.0,115.91783142089844,132.57693481445312,102.67115020751953,0.0,0.0,0.0,11.086623191833496,15.9594087600708,7.211968421936035,0.0,0.0,0.0
248.0,47.343406677246094,37136.6640625,4045.669921875,18986.6171875,14104.37890625,3959.6923828125,22.22673797607422,0.0511062853038311,13662.646484375,0.09849041700363159,23.259132385253906,1.569207787513733,6.271607398986816,4.335826873779297,1.61465585231781,2.6226799488067627,5.8781352043151855,0.0009658150956965983,0.37219029664993286,1.3205158710479736,0.0,0.0,0.0,0.0,4963.9150390625,334.8970031738281,809.4534912109375,1770.30419921875,278.6933288574219,0.0,554.9970092773438,0.03251006454229355,22.331417083740234,117.65796661376953,0.0,0.0,0.0,350.589111328125,350.589111328125,132.9405517578125,156.06532287597656,138.36737060546875,0.0,0.0,0.0,132.9405517578125,156.06532287597656,138.36737060546875,0.0,0.0,0.0,16.607269287109375,23.37126350402832,18.194612503051758,0.0,0.0,0.0
249.0,47.45063018798828,37166.51171875,4045.669921875,19016.46484375,14104.37890625,3959.6923828125,22.26153564453125,0.1503811478614807,13654.609375,0.09849041700363159,23.259132385253906,1.569207787513733,6.271613121032715,4.342826843261719,1.61465585231781,2.6226799488067627,5.902464389801025,0.0009658150956965983,0.37219029664993286,1.3964041471481323,0.0,0.0,0.0,0.0,4960.44287109375,334.6627502441406,808.9881591796875,1766.2239990234375,285.7060546875,0.0,542.7421264648438,0.0317390039563179,22.331417083740234,124.41960906982422,0.0,0.0,0.0,351.90911865234375,351.90911865234375,151.17884826660156,171.44337463378906,141.6251220703125,0.0,0.0,0.0,151.17884826660156,171.44337463378906,141.6251220703125,0.0,0.0,0.0,21.807899475097656,27.735273361206055,19.0134334564209,0.0,0.0,0.0
250.0,47.5311279296875,37186.0234375,4045.669921875,19035.974609375,14104.37890625,3959.6923828125,21.98898696899414,0.0,13826.3662109375,0.09849041700363159,23.259132385253906,1.569207787513733,6.271616458892822,4.347551345825195,1.61465585231781,2.6226799488067627,5.925851345062256,0.0009658150956965983,0.37219029664993286,1.4487870931625366,0.0,0.0,0.0,0.0,4977.73681640625,335.82952880859375,811.049560546875,1491.041015625,361.6155090332031,0.0,831.1483154296875,0.04852741211652756,22.331417083740234,129.08692932128906,0.0,0.0,0.0,353.26202392578125,353.26202392578125,134.5406951904297,173.47076416015625,129.95127868652344,0.0,0.0,0.0,134.5406951904297,173.47076416015625,129.95127868652344,0.0,0.0,0.0,17.364164352416992,28.751209259033203,16.02176284790039,0.0,0.0,0.0
251.0,47.57734680175781,37192.30859375,4045.669921875,19042.26171875,14104.37890625,3959.6923828125,21.570186614990234,1.2308412790298462,14089.013671875,0.09849041700363159,23.259132385253906,1.569207787513733,6.271617889404297,4.350438594818115,1.61465585231781,2.6226799488067627,5.940588474273682,0.0009658150956965983,0.37219029664993286,1.4773794412612915,0.0,0.0,0.0,0.0,4972.87939453125,335.5018310546875,810.5587158203125,1744.4893798828125,631.0972900390625,0.0,486.8736572265625,0.0283983051776886,22.331417083740234,131.63450622558594,0.0,0.0,0.0,354.66802978515625,354.66802978515625,152.28538513183594,171.70863342285156,155.77357482910156,0.0,0.0,0.0,152.28538513183594,171.70863342285156,155.77357482910156,0.0,0.0,0.0,21.742446899414062,27.423748016357422,22.762744903564453,0.0,0.0,0.0
252.0,47.59859848022461,37194.9296875,4045.669921875,19044.8828125,14104.37890625,3959.6923828125,21.140304565429688,0.0,14367.94140625,0.09849041700363159,23.259132385253906,1.569207787513733,6.271618843078613,4.3535308837890625,1.61465585231781,2.6226799488067627,5.947131156921387,0.0009658150956965983,0.37219029664993286,1.4889975786209106,0.0,0.0,0.0,0.0,5024.9296875,339.0134582519531,816.7403564453125,1793.7559814453125,634.2946166992188,0.0,558.0496215820312,0.03253545984625816,22.331417083740234,132.669677734375,0.0,0.0,0.0,356.1252136230469,356.1252136230469,135.77523803710938,153.6764678955078,130.91226196289062,0.0,0.0,0.0,135.77523803710938,153.6764678955078,130.91226196289062,0.0,0.0,0.0,18.57395362854004,23.810062408447266,17.151531219482422,0.0,0.0,0.0
253.0,47.609745025634766,37235.96484375,4045.669921875,19046.810546875,14143.4853515625,3959.6923828125,20.34925651550293,0.0,14924.009765625,0.09849041700363159,23.259132385253906,1.569207787513733,6.271618843078613,4.353817462921143,1.61465585231781,2.6226799488067627,5.94754695892334,0.0009658150956965983,0.37219029664993286,1.4994417428970337,0.0,0.0,0.0,0.0,5047.19091796875,340.5153503417969,819.5586547851562,1827.4786376953125,1038.6258544921875,0.0,514.6952514648438,0.030006958171725273,7.630072593688965,99.14793395996094,0.0,0.0,0.0,357.6263427734375,357.6263427734375,90.86632537841797,122.90483093261719,79.20211791992188,0.0,0.0,0.0,90.86632537841797,122.90483093261719,79.20211791992188,0.0,0.0,0.0,6.2291436195373535,15.6004056930542,2.817361354827881,0.0,0.0,0.0
254.0,47.701080322265625,37493.7734375,4045.669921875,19137.03515625,14311.068359375,3959.6923828125,20.355670928955078,0.0,15021.34765625,0.09867344796657562,23.27227210998535,1.5704458951950073,6.271618843078613,4.354951858520508,1.61465585231781,2.6226799488067627,5.9495649337768555,0.0009658150956965983,0.37219029664993286,1.5730608701705933,0.0,0.0,0.0,0.0,5066.04296875,341.86376953125,821.4382934570312,1840.9317626953125,1040.229248046875,0.0,534.4915771484375,0.03115682303905487,8.563440322875977,105.3282699584961,0.0,0.0,0.0,359.1427001953125,359.1427001953125,105.64707946777344,133.36520385742188,114.85668182373047,0.0,0.0,0.0,105.64707946777344,133.36520385742188,114.85668182373047,0.0,0.0,0.0,10.546098709106445,18.653648376464844,13.239908218383789,0.0,0.0,0.0
255.0,47.825138092041016,37626.49609375,4045.669921875,19239.568359375,14341.2578125,3959.6923828125,21.071805953979492,0.0,14580.708984375,0.09962794184684753,23.3408260345459,1.5766990184783936,6.271618843078613,4.355574131011963,1.61465585231781,2.6226799488067627,5.953357219696045,0.0009658150956965983,0.37219029664993286,1.6169418096542358,0.0,0.0,0.0,0.0,5027.076171875,339.58465576171875,814.96875,1813.465576171875,861.3735961914062,0.0,493.50567626953125,0.028760062530636787,6.039825439453125,104.58782958984375,0.0,0.0,0.0,360.6281433105469,360.6281433105469,122.28170776367188,139.41970825195312,110.95723724365234,0.0,0.0,0.0,122.28170776367188,139.41970825195312,110.95723724365234,0.0,0.0,0.0,14.69559383392334,19.708459854125977,11.383186340332031,0.0,0.0,0.0
256.0,48.166168212890625,37787.26171875,4045.669921875,19400.333984375,14341.2578125,3959.6923828125,21.162141799926758,0.0,14582.6591796875,0.10261587798595428,23.55512046813965,1.598324179649353,6.271618843078613,4.356795310974121,1.61465585231781,2.6226799488067627,5.964309215545654,0.0009658150956965983,0.37219029664993286,1.7068939208984375,0.0,0.0,0.0,0.0,5118.310546875,347.3011169433594,820.4419555664062,1880.589111328125,534.98095703125,0.0,629.8373413085938,0.036677926778793335,10.986223220825195,118.01114654541016,0.0,0.0,0.0,362.0768737792969,362.0768737792969,126.54632568359375,142.9126434326172,125.00948333740234,0.0,0.0,0.0,126.54632568359375,142.9126434326172,125.00948333740234,0.0,0.0,0.0,15.852659225463867,20.639808654785156,15.403132438659668,0.0,0.0,0.0
257.0,48.44363021850586,37838.12890625,4045.669921875,19451.19921875,14341.2578125,3959.6923828125,22.22307586669922,0.0,13932.2578125,0.10511854290962219,23.73458480834961,1.6166012287139893,6.2716193199157715,4.3588128089904785,1.61465585231781,2.6226799488067627,5.973305702209473,0.0009658150956965983,0.37219029664993286,1.7730951309204102,0.0,0.0,0.0,0.0,5045.07958984375,343.62860107421875,807.4033813476562,1812.9578857421875,376.8997802734375,0.0,516.4390258789062,0.030056089162826538,5.210384368896484,113.32685089111328,0.0,0.0,0.0,363.49993896484375,363.49993896484375,118.79981994628906,138.69105529785156,128.27122497558594,0.0,0.0,0.0,118.79981994628906,138.69105529785156,128.27122497558594,0.0,0.0,0.0,12.525871276855469,18.344057083129883,15.296255111694336,0.0,0.0,0.0
258.0,48.58506774902344,37856.58203125,4045.669921875,19469.654296875,14341.2578125,3959.6923828125,22.52726936340332,0.0,13759.8994140625,0.10634631663560867,23.82261085510254,1.6256519556045532,6.2716193199157715,4.367081165313721,1.61465585231781,2.6226799488067627,5.978282928466797,0.0009658150956965983,0.37219029664993286,1.8029844760894775,0.0,0.0,0.0,0.0,5025.3388671875,342.928466796875,802.9724731445312,1790.532470703125,355.53857421875,0.0,471.3071594238281,0.027420353144407272,3.0524351596832275,111.8047866821289,0.0,0.0,0.0,364.8762512207031,364.8762512207031,105.65680694580078,126.2367935180664,120.36019897460938,0.0,0.0,0.0,105.65680694580078,126.2367935180664,120.36019897460938,0.0,0.0,0.0,8.37734603881836,14.396992683410645,12.678089141845703,0.0,0.0,0.0
259.0,48.65545654296875,37867.8828125,4045.669921875,19480.955078125,14341.2578125,3959.6923828125,22.881685256958008,0.0,13561.0478515625,0.1069023460149765,23.862483978271484,1.6297203302383423,6.2716193199157715,4.373750686645508,1.61465585231781,2.6226799488067627,5.984707355499268,0.0009658150956965983,0.37219029664993286,1.815781831741333,0.0,0.0,0.0,0.0,4992.37060546875,340.96063232421875,798.13232421875,1762.8756103515625,347.19189453125,0.0,417.3201599121094,0.024268919602036476,0.5796643495559692,108.75730895996094,0.0,0.0,0.0,366.22418212890625,366.22418212890625,118.70384979248047,133.63621520996094,107.44429779052734,0.0,0.0,0.0,118.70384979248047,133.63621520996094,107.44429779052734,0.0,0.0,0.0,11.839189529418945,16.206907272338867,8.545771598815918,0.0,0.0,0.0
260.0,48.6932373046875,37873.8359375,4045.669921875,19486.908203125,14341.2578125,3959.6923828125,22.24470329284668,0.0,13937.8935546875,0.10720322281122208,23.884756088256836,1.631906270980835,6.2716193199157715,4.377254486083984,1.61465585231781,2.6226799488067627,5.989056587219238,0.0009658150956965983,0.37219029664993286,1.8209487199783325,0.0,0.0,0.0,0.0,5081.716796875,347.2041320800781,807.9942016601562,1773.9849853515625,278.2912902832031,0.0,546.9091186523438,0.03179564327001572,22.331417083740234,162.2465362548828,0.0,0.0,0.0,367.56121826171875,367.56121826171875,100.81787872314453,157.0631561279297,105.96742248535156,0.0,0.0,0.0,100.81787872314453,157.0631561279297,105.96742248535156,0.0,0.0,0.0,7.244527339935303,23.69626808166504,8.750768661499023,0.0,0.0,0.0
261.0,48.71146774291992,37986.57421875,4045.669921875,19599.646484375,14341.2578125,3959.6923828125,22.328039169311523,0.0,13929.63671875,0.10739461332559586,23.900333404541016,1.633349895477295,6.2716193199157715,4.377377510070801,1.61465585231781,2.6226799488067627,5.989796161651611,0.0009658150956965983,0.37219029664993286,1.821104645729065,0.0,0.0,0.0,0.0,5079.95166015625,347.16412353515625,807.3753662109375,1769.148193359375,285.25335693359375,0.0,540.2771606445312,0.03140844777226448,22.331417083740234,162.2604217529297,0.0,0.0,0.0,368.91656494140625,368.91656494140625,126.56446838378906,172.49530029296875,141.9405975341797,0.0,0.0,0.0,126.56446838378906,172.49530029296875,141.9405975341797,0.0,0.0,0.0,14.69206714630127,28.1268367767334,19.189584732055664,0.0,0.0,0.0
262.0,49.12627029418945,38214.51171875,4045.669921875,19827.583984375,14341.2578125,3959.6923828125,22.175195693969727,0.0,14104.7861328125,0.11175297945737839,24.255165100097656,1.6689417362213135,6.2716193199157715,4.379244327545166,1.61465585231781,2.6226799488067627,6.005703926086426,0.0009658150956965983,0.37219029664993286,1.8233531713485718,0.0,0.0,0.0,0.0,5138.11083984375,353.54150390625,805.9431762695312,1475.3743896484375,359.8705749511719,0.0,812.7017822265625,0.0471947081387043,22.331417083740234,162.4607696533203,0.0,0.0,0.0,370.3056335449219,370.3056335449219,134.8394317626953,175.0405731201172,130.8236083984375,0.0,0.0,0.0,134.8394317626953,175.0405731201172,130.8236083984375,0.0,0.0,0.0,17.265338897705078,29.024169921875,16.090709686279297,0.0,0.0,0.0
263.0,49.497920989990234,38286.6328125,4045.669921875,19899.705078125,14341.2578125,3959.6923828125,21.789873123168945,1.2207565307617188,14372.6669921875,0.11565133184194565,24.572647094726562,1.7008192539215088,6.2716193199157715,4.381807804107666,1.61465585231781,2.6226799488067627,6.019759654998779,0.0009658150956965983,0.37219029664993286,1.825124979019165,0.0,0.0,0.0,0.0,5171.69384765625,357.9637145996094,802.6553344726562,1711.5279541015625,626.4208984375,0.0,454.13739013671875,0.026347337290644646,22.331417083740234,162.61863708496094,0.0,0.0,0.0,371.75006103515625,371.75006103515625,151.2442626953125,171.86805725097656,156.7706298828125,0.0,0.0,0.0,151.2442626953125,171.86805725097656,156.7706298828125,0.0,0.0,0.0,21.22831916809082,27.260778427124023,22.84478187561035,0.0,0.0,0.0
264.0,49.69157791137695,38311.671875,4045.669921875,19924.74609375,14341.2578125,3959.6923828125,21.383541107177734,0.0,14646.72265625,0.11760932952165604,24.73213005065918,1.716911792755127,6.2716193199157715,4.390109539031982,1.61465585231781,2.6226799488067627,6.026766300201416,0.0009658150956965983,0.37219029664993286,1.8259414434432983,0.0,0.0,0.0,0.0,5241.4052734375,363.8598937988281,806.9374389648438,1752.6158447265625,628.5242919921875,0.0,514.0819091796875,0.02981099858880043,22.331417083740234,162.69137573242188,0.0,0.0,0.0,373.24700927734375,373.24700927734375,111.53355407714844,151.96775817871094,134.71156311035156,0.0,0.0,0.0,111.53355407714844,151.96775817871094,134.71156311035156,0.0,0.0,0.0,11.24002456665039,23.067028045654297,18.019590377807617,0.0,0.0,0.0
265.0,49.785072326660156,38358.90234375,4045.669921875,19936.51953125,14376.71484375,3959.6923828125,20.5853271484375,0.0,15213.5078125,0.11852487921714783,24.806720733642578,1.7243797779083252,6.2716193199157715,4.3970112800598145,1.61465585231781,2.6226799488067627,6.030026435852051,0.0009658150956965983,0.37219029664993286,1.8263006210327148,0.0,0.0,0.0,0.0,5277.4873046875,366.8518981933594,809.4238891601562,1805.7352294921875,1028.8935546875,0.0,467.9214782714844,0.027128232643008232,3.0807414054870605,113.29095458984375,0.0,0.0,0.0,374.7859802246094,374.7859802246094,99.84444427490234,117.6241455078125,112.0187759399414,0.0,0.0,0.0,99.84444427490234,117.6241455078125,112.0187759399414,0.0,0.0,0.0,8.619172096252441,13.819735527038574,12.180164337158203,0.0,0.0,0.0
266.0,49.82707595825195,38529.55859375,4045.669921875,19940.244140625,14543.6455078125,3959.6923828125,20.541166305541992,0.0,15312.6708984375,0.11892722547054291,24.839508056640625,1.7276309728622437,6.2716193199157715,4.400991916656494,1.61465585231781,2.6226799488067627,6.031454086303711,0.0009658150956965983,0.37219029664993286,1.8264515399932861,0.0,0.0,0.0,0.0,5299.10009765625,368.5616455078125,811.0675659179688,1819.467041015625,1030.271484375,0.0,490.58648681640625,0.028439510613679886,4.053337097167969,114.81853485107422,0.0,0.0,0.0,376.338134765625,376.338134765625,111.11962127685547,131.7887725830078,111.79938507080078,0.0,0.0,0.0,111.11962127685547,131.7887725830078,111.79938507080078,0.0,0.0,0.0,11.961322784423828,18.007049560546875,12.160154342651367,0.0,0.0,0.0
267.0,49.84429168701172,38560.76953125,4045.669921875,19941.484375,14573.615234375,3959.6923828125,21.2067813873291,0.0,14863.4208984375,0.11908245831727982,24.852157592773438,1.728885293006897,6.2716193199157715,4.4035444259643555,1.61465585231781,2.6226799488067627,6.032003402709961,0.0009658150956965983,0.37219029664993286,1.826507806777954,0.0,0.0,0.0,0.0,5250.166015625,365.2373046875,805.1456909179688,1793.934326171875,853.5199584960938,0.0,452.4966125488281,0.026230446994304657,1.8778772354125977,111.42604064941406,0.0,0.0,0.0,377.8574523925781,377.8574523925781,128.5926513671875,138.48414611816406,124.0079116821289,0.0,0.0,0.0,128.5926513671875,138.48414611816406,124.0079116821289,0.0,0.0,0.0,16.406570434570312,19.29983139038086,15.065532684326172,0.0,0.0,0.0
268.0,49.8512077331543,38562.51953125,4045.669921875,19943.234375,14573.615234375,3959.6923828125,21.208158493041992,0.0,14865.3447265625,0.1191214993596077,24.855337142944336,1.7292121648788452,6.2716193199157715,4.406764030456543,1.61465585231781,2.6226799488067627,6.032141208648682,0.0009658150956965983,0.37219029664993286,1.826521635055542,0.0,0.0,0.0,0.0,5315.0537109375,369.77392578125,812.2258911132812,1871.512451171875,530.9100341796875,0.0,605.5106201171875,0.03510008752346039,7.727464199066162,120.89227294921875,0.0,0.0,0.0,379.3417663574219,379.3417663574219,128.4608612060547,143.1824493408203,132.53536987304688,0.0,0.0,0.0,128.4608612060547,143.1824493408203,132.53536987304688,0.0,0.0,0.0,16.36664390563965,20.672706604003906,17.558435440063477,0.0,0.0,0.0
269.0,49.858516693115234,38565.2421875,4045.669921875,19945.95703125,14573.615234375,3959.6923828125,22.244300842285156,0.0,14202.27734375,0.11915501952171326,24.85843849182129,1.729505181312561,6.2716193199157715,4.410518169403076,1.61465585231781,2.6226799488067627,6.032256603240967,0.0009658150956965983,0.37219029664993286,1.8265305757522583,0.0,0.0,0.0,0.0,5217.98681640625,363.0370788574219,801.0848388671875,1810.7901611328125,374.6700439453125,0.0,502.19586181640625,0.029110930860042572,2.836369037628174,112.9237060546875,0.0,0.0,0.0,380.8013610839844,380.8013610839844,102.145263671875,137.89076232910156,113.71803283691406,0.0,0.0,0.0,102.145263671875,137.89076232910156,113.71803283691406,0.0,0.0,0.0,7.633189678192139,18.0887451171875,11.018223762512207,0.0,0.0,0.0
270.0,49.86369705200195,38583.75,4045.669921875,19964.462890625,14573.615234375,3959.6923828125,22.549057006835938,0.0,14026.51953125,0.11918342858552933,24.86200714111328,1.7298249006271362,6.2716193199157715,4.411694526672363,1.61465585231781,2.6226799488067627,6.032346725463867,0.0009658150956965983,0.37219029664993286,1.826531171798706,0.0,0.0,0.0,0.0,5187.84228515625,360.9547424316406,797.5406494140625,1789.4476318359375,353.7236022949219,0.0,464.8638610839844,0.026946723461151123,1.1172598600387573,110.24008178710938,0.0,0.0,0.0,382.21136474609375,382.21136474609375,89.05033111572266,128.26124572753906,122.87882232666016,0.0,0.0,0.0,89.05033111572266,128.26124572753906,122.87882232666016,0.0,0.0,0.0,3.4981637001037598,14.967358589172363,13.392997741699219,0.0,0.0,0.0
271.0,49.93103790283203,38689.6875,4045.669921875,20070.400390625,14573.615234375,3959.6923828125,22.96036148071289,0.0,13823.759765625,0.11962027847766876,24.917741775512695,1.7352384328842163,6.2716193199157715,4.4160685539245605,1.61465585231781,2.6226799488067627,6.033726215362549,0.0009658150956965983,0.37219029664993286,1.8265327215194702,0.0,0.0,0.0,0.0,5155.71728515625,359.0373229980469,792.639404296875,1756.080322265625,345.3949279785156,0.0,410.8375549316406,0.023812714964151382,0.0,108.07103729248047,0.0,0.0,0.0,383.59185791015625,383.59185791015625,121.60453796386719,127.59075164794922,116.44185638427734,0.0,0.0,0.0,121.60453796386719,127.59075164794922,116.44185638427734,0.0,0.0,0.0,12.608966827392578,14.359933853149414,11.098882675170898,0.0,0.0,0.0
272.0,50.245914459228516,38843.70703125,4045.669921875,20224.421875,14573.615234375,3959.6923828125,22.405921936035156,0.0,14207.8388671875,0.12169741094112396,25.18291664123535,1.7618663311004639,6.2716193199157715,4.430505275726318,1.61465585231781,2.6226799488067627,6.040280818939209,0.0009658150956965983,0.37219029664993286,1.8265373706817627,0.0,0.0,0.0,0.0,5273.60888671875,368.95623779296875,799.989013671875,1818.9207763671875,276.21258544921875,0.0,525.1692504882812,0.03042607195675373,5.328660488128662,116.92647552490234,0.0,0.0,0.0,384.9590759277344,384.9590759277344,127.81417083740234,145.54481506347656,120.3617172241211,0.0,0.0,0.0,127.81417083740234,145.54481506347656,120.3617172241211,0.0,0.0,0.0,14.979721069335938,20.165935516357422,12.799880027770996,0.0,0.0,0.0
273.0,50.50798416137695,39039.6015625,4045.669921875,20420.318359375,14573.615234375,4384.869140625,22.53632926940918,0.0,14199.3623046875,0.12347423285245895,25.410167694091797,1.7846400737762451,6.2716193199157715,4.435168743133545,1.61465585231781,2.6226799488067627,6.04588508605957,0.0009658150956965983,0.37219029664993286,1.8265388011932373,0.0,0.0,0.0,0.0,5295.45703125,371.91748046875,797.4296264648438,1654.0985107421875,282.61016845703125,0.0,591.4232177734375,0.034251559525728226,22.331417083740234,162.74461364746094,0.0,0.0,0.0,386.3448486328125,386.3448486328125,100.69188690185547,170.07119750976562,143.4769287109375,0.0,0.0,0.0,100.69188690185547,170.07119750976562,143.4769287109375,0.0,0.0,0.0,6.916048049926758,27.209495544433594,19.430673599243164,0.0,0.0,0.0
274.0,51.18267059326172,39356.8203125,4045.669921875,20737.537109375,14573.615234375,4384.869140625,22.429105758666992,0.0,14377.8525390625,0.12807008624076843,25.998104095458984,1.8437507152557373,6.2716193199157715,4.4437127113342285,1.61465585231781,2.6226799488067627,6.060379505157471,0.0009658150956965983,0.37219029664993286,1.8265414237976074,0.0,0.0,0.0,0.0,5380.77392578125,381.5972595214844,794.2140502929688,1467.152099609375,355.94970703125,0.0,732.0510864257812,0.04235449060797691,22.331417083740234,162.74484252929688,0.0,0.0,0.0,387.7620849609375,387.7620849609375,156.61985778808594,173.09585571289062,142.165283203125,0.0,0.0,0.0,156.61985778808594,173.09585571289062,142.165283203125,0.0,0.0,0.0,23.3822021484375,28.201431274414062,19.154237747192383,0.0,0.0,0.0
275.0,51.730712890625,39457.19140625,4045.669921875,20837.90625,14573.615234375,4384.869140625,22.053586959838867,0.0,14650.8525390625,0.13180197775363922,26.47555160522461,1.891775369644165,6.2716193199157715,4.450779438018799,1.61465585231781,2.6226799488067627,6.07214879989624,0.0009658150956965983,0.37219029664993286,1.8265433311462402,0.0,0.0,0.0,0.0,5435.533203125,388.3888244628906,790.1783447265625,1659.4481201171875,619.1668090820312,0.0,401.4577941894531,0.023208878934383392,22.331417083740234,162.74501037597656,0.0,0.0,0.0,389.2332458496094,389.2332458496094,123.03565216064453,164.80056762695312,135.1131591796875,0.0,0.0,0.0,123.03565216064453,164.80056762695312,135.1131591796875,0.0,0.0,0.0,13.934342384338379,26.15057945251465,17.467012405395508,0.0,0.0,0.0
276.0,52.00997543334961,39490.77734375,4045.669921875,20871.490234375,14573.615234375,4384.869140625,21.66144371032715,0.0,14920.0751953125,0.13366402685642242,26.713769912719727,1.915826439857483,6.2716193199157715,4.460036754608154,1.61465585231781,2.6226799488067627,6.078021049499512,0.0009658150956965983,0.37219029664993286,1.826544165611267,0.0,0.0,0.0,0.0,5513.4580078125,395.4076232910156,793.5017700195312,1766.489990234375,620.739013671875,0.0,450.415771484375,0.026028962805867195,4.1224822998046875,114.93228149414062,0.0,0.0,0.0,390.7555847167969,390.7555847167969,120.92276000976562,140.64938354492188,119.63626861572266,0.0,0.0,0.0,120.92276000976562,140.64938354492188,119.63626861572266,0.0,0.0,0.0,13.708464622497559,19.47850227355957,13.332164764404297,0.0,0.0,0.0
277.0,52.13853454589844,39536.41015625,4045.669921875,20885.28515625,14605.4541015625,4384.869140625,20.850448608398438,0.0,15497.3701171875,0.13450707495212555,26.821611404418945,1.9266457557678223,6.2716193199157715,4.466436386108398,1.61465585231781,2.6226799488067627,6.080679416656494,0.0009658150956965983,0.37219029664993286,1.8265445232391357,0.0,0.0,0.0,0.0,5559.44873046875,399.345458984375,796.1541748046875,1761.876220703125,1016.3480224609375,0.0,409.3728942871094,0.02365291304886341,0.0,103.8170394897461,0.0,0.0,0.0,392.3157653808594,392.3157653808594,75.77633666992188,117.59491729736328,89.35889434814453,0.0,0.0,0.0,75.77633666992188,117.59491729736328,89.35889434814453,0.0,0.0,0.0,1.3141288757324219,13.546063423156738,5.287027359008789,0.0,0.0,0.0
278.0,52.19375991821289,39716.57421875,4045.669921875,20899.1953125,14771.708984375,4384.869140625,20.80787467956543,0.0,15598.3203125,0.1348756104707718,26.868623733520508,1.9313035011291504,6.2716193199157715,4.46846342086792,1.61465585231781,2.6226799488067627,6.081839084625244,0.0009658150956965983,0.37219029664993286,1.8265445232391357,0.0,0.0,0.0,0.0,5583.16552734375,401.3152160644531,797.6278686523438,1777.004638671875,1017.566650390625,0.0,429.9953308105469,0.02484249323606491,0.0,106.116455078125,0.0,0.0,0.0,393.88360595703125,393.88360595703125,117.95504760742188,132.33433532714844,105.97270965576172,0.0,0.0,0.0,117.95504760742188,132.33433532714844,105.97270965576172,0.0,0.0,0.0,13.693978309631348,17.899919509887695,10.189143180847168,0.0,0.0,0.0
279.0,52.250892639160156,39824.375,4045.669921875,20976.916015625,14801.7900390625,4384.869140625,21.52377700805664,0.0,15140.62890625,0.13526757061481476,26.918560028076172,1.9362897872924805,6.2716193199157715,4.469056129455566,1.61465585231781,2.6226799488067627,6.08306360244751,0.0009658150956965983,0.37219029664993286,1.8265446424484253,0.0,0.0,0.0,0.0,5534.7158203125,398.119873046875,791.4387817382812,1741.6697998046875,842.7307739257812,0.0,393.0833435058594,0.022708099335432053,0.0,101.20826721191406,0.0,0.0,0.0,395.4195251464844,395.4195251464844,112.96198272705078,138.15399169921875,119.48477935791016,0.0,0.0,0.0,112.96198272705078,138.15399169921875,119.48477935791016,0.0,0.0,0.0,11.517602920532227,18.886262893676758,13.425518989562988,0.0,0.0,0.0
280.0,52.49949645996094,39948.2734375,4045.669921875,21100.814453125,14801.7900390625,4384.869140625,21.591232299804688,0.0,15142.5234375,0.13696160912513733,27.134328842163086,1.958053469657898,6.2716193199157715,4.473141193389893,1.61465585231781,2.6226799488067627,6.088354110717773,0.0009658150956965983,0.37219029664993286,1.8265446424484253,0.0,0.0,0.0,0.0,5620.6513671875,405.59454345703125,795.939208984375,1821.4654541015625,522.982666015625,0.0,526.5055541992188,0.030405189841985703,0.42958298325538635,109.16737365722656,0.0,0.0,0.0,396.9189147949219,396.9189147949219,123.53155517578125,142.7957763671875,121.8380355834961,0.0,0.0,0.0,123.53155517578125,142.7957763671875,121.8380355834961,0.0,0.0,0.0,14.541747093200684,20.176530838012695,14.046392440795898,0.0,0.0,0.0
281.0,52.711082458496094,39988.96875,4045.669921875,21141.509765625,14801.7900390625,4384.869140625,22.668807983398438,0.0,14467.033203125,0.1383908987045288,27.316375732421875,1.976406455039978,6.2716193199157715,4.4784345626831055,1.61465585231781,2.6226799488067627,6.0928168296813965,0.0009658150956965983,0.37219029664993286,1.8265447616577148,0.0,0.0,0.0,0.0,5538.46240234375,400.72125244140625,783.6760864257812,1736.9378662109375,368.6346130371094,0.0,416.354736328125,0.02403702214360237,0.0,101.48611450195312,0.0,0.0,0.0,398.3918762207031,398.3918762207031,118.25662994384766,137.53712463378906,116.08695983886719,0.0,0.0,0.0,118.25662994384766,137.53712463378906,116.08695983886719,0.0,0.0,0.0,11.921255111694336,17.560800552368164,11.286627769470215,0.0,0.0,0.0
282.0,52.82094955444336,40004.234375,4045.669921875,21156.7734375,14801.7900390625,4384.869140625,22.977554321289062,0.0,14287.9296875,0.13908958435058594,27.405250549316406,1.9854445457458496,6.2716193199157715,4.487509727478027,1.61465585231781,2.6226799488067627,6.094998836517334,0.0009658150956965983,0.37219029664993286,1.8265447616577148,0.0,0.0,0.0,0.0,5516.6181640625,399.6657409667969,779.615234375,1708.04638671875,347.83917236328125,0.0,375.97137451171875,0.02170250564813614,0.0,96.4546890258789,0.0,0.0,0.0,399.8160400390625,399.8160400390625,115.70721435546875,127.29681396484375,117.68890380859375,0.0,0.0,0.0,115.70721435546875,127.29681396484375,117.68890380859375,0.0,0.0,0.0,10.866806030273438,14.25676441192627,11.446451187133789,0.0,0.0,0.0
283.0,52.8780632019043,40045.0859375,4045.669921875,21197.626953125,14801.7900390625,4384.869140625,23.356922149658203,0.0,14081.3330078125,0.13946880400180817,27.453136444091797,1.9901494979858398,6.2716193199157715,4.490466594696045,1.61465585231781,2.6226799488067627,6.096186637878418,0.0009658150956965983,0.37219029664993286,1.8265447616577148,0.0,0.0,0.0,0.0,5482.3876953125,397.4326171875,775.0980834960938,1669.4505615234375,339.7492980957031,0.0,332.5352783203125,0.019193660467863083,0.0,87.0040054321289,0.0,0.0,0.0,401.2130126953125,401.2130126953125,111.91017150878906,121.8475112915039,113.00923919677734,0.0,0.0,0.0,111.91017150878906,121.8475112915039,113.00923919677734,0.0,0.0,0.0,9.376802444458008,12.283474922180176,9.698280334472656,0.0,0.0,0.0
284.0,53.02265548706055,40345.60546875,4277.97021484375,21265.84375,14801.7900390625,4384.869140625,22.872230529785156,0.0,14472.5087890625,0.14044438302516937,27.576082229614258,2.002467632293701,6.2716193199157715,4.495760917663574,1.61465585231781,2.6226799488067627,6.099245071411133,0.0009658150956965983,0.37219029664993286,1.8265447616577148,0.0,0.0,0.0,0.0,5585.3076171875,405.5832824707031,783.2425537109375,1754.4525146484375,271.93341064453125,0.0,441.7578125,0.025492658838629723,0.0,103.48136901855469,0.0,0.0,0.0,402.5932922363281,402.5932922363281,104.68773651123047,139.032470703125,99.8933334350586,0.0,0.0,0.0,104.68773651123047,139.032470703125,99.8933334350586,0.0,0.0,0.0,7.74893045425415,17.794763565063477,6.346567630767822,0.0,0.0,0.0
285.0,53.14035415649414,40496.046875,4277.97021484375,21416.2890625,14801.7900390625,4384.869140625,22.975345611572266,0.0,14463.8115234375,0.14126162230968475,27.678945541381836,2.0127627849578857,6.2716193199157715,4.496918201446533,1.61465585231781,2.6226799488067627,6.101809024810791,0.0009658150956965983,0.37219029664993286,1.8265447616577148,0.0,0.0,0.0,0.0,5593.169921875,406.72515869140625,781.994384765625,1668.8218994140625,278.56951904296875,0.0,431.2727355957031,0.024883288890123367,19.647544860839844,158.30686950683594,0.0,0.0,0.0,403.9864196777344,403.9864196777344,137.4276885986328,160.50506591796875,131.27816772460938,0.0,0.0,0.0,137.4276885986328,160.50506591796875,131.27816772460938,0.0,0.0,0.0,17.22224998474121,23.972383499145508,15.423516273498535,0.0,0.0,0.0
286.0,53.673519134521484,40767.14453125,4277.97021484375,21687.3828125,14801.7900390625,4384.869140625,22.83327865600586,0.0,14645.556640625,0.14497411251068115,28.14610481262207,2.059778928756714,6.2716193199157715,4.500547885894775,1.61465585231781,2.6226799488067627,6.113457202911377,0.0009658150956965983,0.37219029664993286,1.8265447616577148,0.0,0.0,0.0,0.0,5666.15380859375,414.6585693359375,780.3639526367188,478.6377868652344,351.3853454589844,0.0,1583.17431640625,0.09127356857061386,22.331417083740234,162.74513244628906,0.0,0.0,0.0,405.3970031738281,405.3970031738281,150.58840942382812,179.2459716796875,116.36603546142578,0.0,0.0,0.0,150.58840942382812,179.2459716796875,116.36603546142578,0.0,0.0,0.0,21.213834762573242,29.596168518066406,11.203786849975586,0.0,0.0,0.0
287.0,54.128135681152344,40852.91796875,4277.97021484375,21773.158203125,14801.7900390625,4384.869140625,22.44053077697754,0.0,14923.5712890625,0.1481420397758484,28.54472541809082,2.099905252456665,6.2716193199157715,4.503310680389404,1.61465585231781,2.6226799488067627,6.123396873474121,0.0009658150956965983,0.37219029664993286,1.8265447616577148,0.0,0.0,0.0,0.0,5715.310546875,420.4493408203125,777.7086181640625,1581.984619140625,612.0138549804688,0.0,352.7866516113281,0.020325396209955215,22.331417083740234,162.74513244628906,0.0,0.0,0.0,406.8529968261719,406.8529968261719,157.06045532226562,161.0539093017578,131.38186645507812,0.0,0.0,0.0,157.06045532226562,161.0539093017578,131.38186645507812,0.0,0.0,0.0,23.499650955200195,24.66773796081543,15.988665580749512,0.0,0.0,0.0
288.0,54.36244583129883,40880.05859375,4277.97021484375,21800.298828125,14801.7900390625,4384.869140625,22.051645278930664,0.0,15188.0126953125,0.14977554976940155,28.750267028808594,2.120595693588257,6.2716193199157715,4.504629611968994,1.61465585231781,2.6226799488067627,6.1285223960876465,0.0009658150956965983,0.37219029664993286,1.8265447616577148,0.0,0.0,0.0,0.0,5788.771484375,426.9749755859375,781.0831909179688,1714.3502197265625,613.6365356445312,0.0,401.1351318359375,0.023103002458810806,0.0,95.9945068359375,0.0,0.0,0.0,408.3565368652344,408.3565368652344,111.80419921875,138.2093048095703,114.52677154541016,0.0,0.0,0.0,111.80419921875,138.2093048095703,114.52677154541016,0.0,0.0,0.0,10.651082038879395,18.374576568603516,11.447434425354004,0.0,0.0,0.0
289.0,54.465206146240234,40917.30078125,4277.97021484375,21808.88671875,14830.4423828125,4384.869140625,21.219961166381836,0.0,15775.61328125,0.15049220621585846,28.840438842773438,2.1296725273132324,6.2716193199157715,4.505176544189453,1.61465585231781,2.6226799488067627,6.130771160125732,0.0009658150956965983,0.37219029664993286,1.8265447616577148,0.0,0.0,0.0,0.0,5838.44921875,431.1302490234375,784.2572631835938,1699.66552734375,1005.2395629882812,0.0,366.4654846191406,0.021103056147694588,0.0,90.99605560302734,0.0,0.0,0.0,409.89654541015625,409.89654541015625,100.34398651123047,116.96090698242188,110.42953491210938,0.0,0.0,0.0,100.34398651123047,116.96090698242188,110.42953491210938,0.0,0.0,0.0,8.130655288696289,12.991103172302246,11.08067798614502,0.0,0.0,0.0
290.0,54.506778717041016,41085.07421875,4277.97021484375,21811.603515625,14995.501953125,4384.869140625,21.166872024536133,0.0,15878.302734375,0.15078146755695343,28.8768367767334,2.1333374977111816,6.2716193199157715,4.505489349365234,1.61465585231781,2.6226799488067627,6.131678581237793,0.0009658150956965983,0.37219029664993286,1.8265447616577148,0.0,0.0,0.0,0.0,5861.369140625,433.0210876464844,785.7769775390625,1715.200927734375,1006.5008544921875,0.0,386.9327087402344,0.022280313074588776,0.0,95.01986694335938,0.0,0.0,0.0,411.4469299316406,411.4469299316406,104.25592041015625,132.2759246826172,114.51829528808594,0.0,0.0,0.0,104.25592041015625,132.2759246826172,114.51829528808594,0.0,0.0,0.0,9.327984809875488,17.52383804321289,12.329730033874512,0.0,0.0,0.0
291.0,54.522796630859375,41116.24609375,4277.97021484375,21812.646484375,15025.630859375,4384.869140625,21.853147506713867,0.0,15412.326171875,0.15088589489459991,28.889972686767578,2.1346724033355713,6.2716193199157715,4.50660514831543,1.61465585231781,2.6226799488067627,6.1320061683654785,0.0009658150956965983,0.37219029664993286,1.8265447616577148,0.0,0.0,0.0,0.0,5805.1708984375,428.9425354003906,779.9468383789062,1680.4595947265625,833.7966918945312,0.0,353.2928466796875,0.02034282311797142,0.0,86.8174819946289,0.0,0.0,0.0,412.97076416015625,412.97076416015625,128.14129638671875,138.29083251953125,112.6280288696289,0.0,0.0,0.0,128.14129638671875,138.29083251953125,112.6280288696289,0.0,0.0,0.0,15.628182411193848,18.596920013427734,11.090550422668457,0.0,0.0,0.0
292.0,54.52944564819336,41117.8359375,4277.97021484375,21814.234375,15025.630859375,4384.869140625,21.854515075683594,0.0,15414.185546875,0.15091484785079956,28.893613815307617,2.13505482673645,6.2716193199157715,4.509109973907471,1.61465585231781,2.6226799488067627,6.132097244262695,0.0009658150956965983,0.37219029664993286,1.8265447616577148,0.0,0.0,0.0,0.0,5864.70361328125,433.3644104003906,785.6712646484375,1773.319580078125,518.047607421875,0.0,487.5493469238281,0.028073230758309364,0.0,105.52493286132812,0.0,0.0,0.0,414.462158203125,414.462158203125,132.32106018066406,143.15708923339844,114.27973937988281,0.0,0.0,0.0,132.32106018066406,143.15708923339844,114.27973937988281,0.0,0.0,0.0,16.849393844604492,20.018932342529297,11.572309494018555,0.0,0.0,0.0
293.0,54.535682678222656,41119.96875,4277.97021484375,21816.365234375,15025.630859375,4384.869140625,22.92426300048828,0.0,14726.515625,0.1509377360343933,28.8964900970459,2.1353325843811035,6.2716193199157715,4.512098789215088,1.61465585231781,2.6226799488067627,6.132168769836426,0.0009658150956965983,0.37219029664993286,1.8265447616577148,0.0,0.0,0.0,0.0,5758.45361328125,425.5262145996094,775.1021728515625,1695.1734619140625,365.7028503417969,0.0,389.8636474609375,0.022448349744081497,0.0,93.6959457397461,0.0,0.0,0.0,415.9303283691406,415.9303283691406,118.61459350585938,139.15762329101562,127.92292785644531,0.0,0.0,0.0,118.61459350585938,139.15762329101562,127.92292785644531,0.0,0.0,0.0,11.77050495147705,17.779342651367188,14.493192672729492,0.0,0.0,0.0
294.0,54.5399055480957,41126.765625,4277.97021484375,21823.1640625,15025.630859375,4384.869140625,23.231828689575195,0.0,14544.14453125,0.15095821022987366,28.899045944213867,2.1355674266815186,6.2716193199157715,4.513444423675537,1.61465585231781,2.6226799488067627,6.132232666015625,0.0009658150956965983,0.37219029664993286,1.8265447616577148,0.0,0.0,0.0,0.0,5726.10693359375,423.14495849609375,771.8214111328125,1667.516845703125,345.3172912597656,0.0,358.59686279296875,0.020647915080189705,0.0,86.74922943115234,0.0,0.0,0.0,417.35552978515625,417.35552978515625,129.70437622070312,127.68586730957031,122.40227508544922,0.0,0.0,0.0,129.70437622070312,127.68586730957031,122.40227508544922,0.0,0.0,0.0,14.706700325012207,14.116287231445312,12.570836067199707,0.0,0.0,0.0
295.0,54.5644416809082,41207.30078125,4277.97021484375,21903.69921875,15025.630859375,4384.869140625,23.63797378540039,0.0,14333.7763671875,0.15112537145614624,28.919843673706055,2.1375327110290527,6.2716193199157715,4.514528274536133,1.61465585231781,2.6226799488067627,6.132755279541016,0.0009658150956965983,0.37219029664993286,1.8265447616577148,0.0,0.0,0.0,0.0,5687.91162109375,420.4067077636719,767.634033203125,1621.759521484375,337.3823547363281,0.0,319.8236389160156,0.0184146910905838,0.0,81.23526000976562,0.0,0.0,0.0,418.7585144042969,418.7585144042969,126.90301513671875,113.78353881835938,114.6149673461914,0.0,0.0,0.0,126.90301513671875,113.78353881835938,114.6149673461914,0.0,0.0,0.0,13.481158256530762,9.643712997436523,9.8869047164917,0.0,0.0,0.0
296.0,54.8344841003418,41350.3046875,4277.97021484375,22046.703125,15025.630859375,4384.869140625,23.054109573364258,0.0,14731.90234375,0.15298517048358917,29.150938034057617,2.160764455795288,6.2716193199157715,4.5225749015808105,1.61465585231781,2.6226799488067627,6.138567924499512,0.0009658150956965983,0.37219029664993286,1.8265447616577148,0.0,0.0,0.0,0.0,5803.98095703125,430.2103576660156,774.7367553710938,1710.9189453125,269.7890319824219,0.0,417.3484191894531,0.024020574986934662,0.0,95.94136047363281,0.0,0.0,0.0,420.1496887207031,420.1496887207031,123.5702133178711,133.87669372558594,117.57170104980469,0.0,0.0,0.0,123.5702133178711,133.87669372558594,117.57170104980469,0.0,0.0,0.0,13.090178489685059,16.10482406616211,11.335614204406738,0.0,0.0,0.0
297.0,55.07075500488281,41531.54296875,4277.97021484375,22227.94140625,15025.630859375,4384.869140625,23.173221588134766,0.0,14722.9853515625,0.1546436995267868,29.356977462768555,2.181452512741089,6.2716193199157715,4.52527379989624,1.61465585231781,2.6226799488067627,6.14375114440918,0.0009658150956965983,0.37219029664993286,1.8265447616577148,0.0,0.0,0.0,0.0,5823.138671875,432.70465087890625,772.799072265625,1634.3748779296875,276.1934814453125,0.0,401.4622497558594,0.02309819869697094,11.165708541870117,143.67886352539062,0.0,0.0,0.0,421.55218505859375,421.55218505859375,109.88066101074219,154.80577087402344,85.65900421142578,0.0,0.0,0.0,109.88066101074219,154.80577087402344,85.65900421142578,0.0,0.0,0.0,8.966872215270996,22.107465744018555,1.8820374011993408,0.0,0.0,0.0
298.0,55.692569732666016,41824.7421875,4277.97021484375,22521.142578125,15025.630859375,4384.869140625,23.038021087646484,0.0,14907.9140625,0.1590224653482437,29.900896072387695,2.236189365386963,6.2716193199157715,4.530370235443115,1.61465585231781,2.6226799488067627,6.157435894012451,0.0009658150956965983,0.37219029664993286,1.8265447616577148,0.0,0.0,0.0,0.0,5905.56884765625,441.6579895019531,770.9171142578125,632.5594482421875,348.3097229003906,0.0,1339.5706787109375,0.07700186967849731,20.431446075439453,159.6031951904297,0.0,0.0,0.0,422.9614562988281,422.9614562988281,150.07870483398438,177.0686798095703,136.2847900390625,0.0,0.0,0.0,150.07870483398438,177.0686798095703,136.2847900390625,0.0,0.0,0.0,20.85999870300293,28.75457000732422,16.82528305053711,0.0,0.0,0.0
299.0,56.19855499267578,41917.640625,4277.97021484375,22614.0390625,15025.630859375,4384.869140625,22.643951416015625,0.0,15190.84765625,0.1625833660364151,30.343215942382812,2.280716896057129,6.2716193199157715,4.534817695617676,1.61465585231781,2.6226799488067627,6.168564796447754,0.0009658150956965983,0.37219029664993286,1.8265447616577148,0.0,0.0,0.0,0.0,5962.18994140625,448.1419372558594,768.4375,1524.2965087890625,606.755615234375,0.0,328.29736328125,0.018857315182685852,16.531816482543945,153.1544647216797,0.0,0.0,0.0,424.4111022949219,424.4111022949219,150.1822967529297,155.44696044921875,145.01084899902344,0.0,0.0,0.0,150.1822967529297,155.44696044921875,145.01084899902344,0.0,0.0,0.0,21.28437042236328,22.824281692504883,19.7717227935791,0.0,0.0,0.0
300.0,56.45695877075195,41948.0,4277.97021484375,22644.400390625,15025.630859375,4384.869140625,22.26664924621582,0.0,15450.521484375,0.164384126663208,30.566892623901367,2.303260564804077,6.2716193199157715,4.539572238922119,1.61465585231781,2.6226799488067627,6.174192428588867,0.0009658150956965983,0.37219029664993286,1.8265447616577148,0.0,0.0,0.0,0.0,6036.88037109375,454.8879089355469,771.4868774414062,1655.634765625,608.2097778320312,0.0,369.89520263671875,0.021238701418042183,0.0,84.22308349609375,0.0,0.0,0.0,425.9066467285156,425.9066467285156,116.79840850830078,132.87049865722656,130.5029296875,0.0,0.0,0.0,116.79840850830078,132.87049865722656,130.5029296875,0.0,0.0,0.0,11.89688491821289,16.597972869873047,15.90545654296875,0.0,0.0,0.0
