time,Total Generation Capacity,Total Transmission,Transmission for Interconnection km,Total Transmission for Generation Connection,Total Transmission for Demand Connection,Total Interconnection Capacity,Transmission Tariff[f0],Congestion Tariff[f0],National Peak Demand[f0],Generation Capacity by Tech[TBiomass],Generation Capacity by Tech[TWindOnS],Generation Capacity by Tech[TWindOffS],Generation Capacity by Tech[TPV],Generation Capacity by Tech[THydroDam],Generation Capacity by Tech[THRoR],Generation Capacity by Tech[TThermo1],Generation Capacity by Tech[TThermo2],Generation Capacity by Tech[TGeothermal],Generation Capacity by Tech[TPVBESSOp1],Generation Capacity by Tech[TPVBESSOp2],Generation Capacity by Tech[TOther1],Generation Capacity by Tech[TOther2],Generation Capacity by Tech[TOther3],Generation by Tech per Month[TBiomass],Generation by Tech per Month[TWindOnS],Generation by Tech per Month[TWindOffS],Generation by Tech per Month[TPV],Generation by Tech per Month[THydroDam],Generation by Tech per Month[THRoR],Generation by Tech per Month[TThermo1],Generation by Tech per Month[TThermo2],Generation by Tech per Month[TGeothermal],Generation by Tech per Month[TPVBESSOp1],Generation by Tech per Month[TPVBESSOp2],Generation by Tech per Month[TOther1],Generation by Tech per Month[TOther2],Generation by Tech per Month[TOther3],Generation by Tech per Month[DERBESS],Generation by Tech per Month[DER],"Electricity Tariff[Regulated,Z1]","Electricity Tariff[Regulated,Z2]","Electricity Tariff[Regulated,Z3]","Electricity Tariff[Regulated,Z4]","Electricity Tariff[Regulated,Z5]","Electricity Tariff[Regulated,Z6]","Electricity Tariff[Unregulated,Z1]","Electricity Tariff[Unregulated,Z2]","Electricity Tariff[Unregulated,Z3]","Electricity Tariff[Unregulated,Z4]","Electricity Tariff[Unregulated,Z5]","Electricity Tariff[Unregulated,Z6]","Generation Tariff[f0,Z1]","Generation Tariff[f0,Z2]","Generation Tariff[f0,Z3]","Generation Tariff[f0,Z4]","Generation Tariff[f0,Z5]","Generation Tariff[f0,Z6]"
0.0,14.057049751281738,16177.3701171875,1836.469970703125,5622.81982421875,8718.080078125,1600.0,16.893709182739258,0.9912989735603333,7532.21728515625,0.06656000018119812,1.021299958229065,0.0,0.4778200089931488,3.705590009689331,1.5324699878692627,2.6226699352264404,4.630640029907227,0.0,0.0,0.0,0.0,0.0,0.0,0.0,279.896484375,0.0,79.0820083618164,2668.02490234375,894.5088500976562,0.0,1152.0262451171875,0.0,0.0,0.0,0.0,0.0,0.0,0.0046911598183214664,0.0046911598183214664,181.14532470703125,182.1839599609375,196.01895141601562,0.0,0.0,0.0,181.14532470703125,182.1839599609375,196.01895141601562,0.0,0.0,0.0,35.10000228881836,35.40380096435547,39.45053482055664,0.0,0.0,0.0
1.0,14.069549560546875,16177.3701171875,1836.469970703125,5622.81982421875,8718.080078125,1600.0,16.25774383544922,0.0,7828.63671875,0.06656000018119812,1.021299958229065,0.0,0.4778200089931488,3.705590009689331,1.5449700355529785,2.6226699352264404,4.630640029907227,0.0,0.0,0.0,0.0,0.0,0.0,0.0,279.896484375,0.0,79.0820083618164,2668.02490234375,1112.37841796875,0.0,1132.6221923828125,0.0,0.0,0.0,0.0,0.0,0.0,1.2011737823486328,1.2011737823486328,149.28663635253906,174.4506378173828,176.0176239013672,0.0,0.0,0.0,149.28663635253906,174.4506378173828,176.0176239013672,0.0,0.0,0.0,27.408599853515625,34.76906967163086,35.227413177490234,0.0,0.0,0.0
2.0,14.069549560546875,16182.3701171875,1836.469970703125,5627.81982421875,8718.080078125,1600.0,16.15093231201172,0.0,7884.64404296875,0.06656000018119812,1.021299958229065,0.0,0.4778200089931488,3.705590009689331,1.5449700355529785,2.6226699352264404,4.630640029907227,0.0,0.0,0.0,0.0,0.0,0.0,0.0,279.896484375,0.0,79.0820083618164,2668.02490234375,1112.37841796875,0.0,1169.1278076171875,0.0,0.0,0.0,0.0,0.0,0.0,2.4206461906433105,2.4206461906433105,92.00746154785156,174.92210388183594,176.3842010498047,0.0,0.0,0.0,92.00746154785156,174.92210388183594,176.3842010498047,0.0,0.0,0.0,10.761250495910645,35.0137825012207,35.441444396972656,0.0,0.0,0.0
3.0,14.069549560546875,16182.3701171875,1836.469970703125,5627.81982421875,8718.080078125,1600.0,16.632658004760742,0.0,7658.15966796875,0.06656000018119812,1.021299958229065,0.0,0.4778200089931488,3.705590009689331,1.5449700355529785,2.6226699352264404,4.630640029907227,0.0,0.0,0.0,0.0,0.0,0.0,0.0,279.896484375,0.0,79.0820083618164,2668.02490234375,925.83251953125,0.0,1201.9254150390625,0.0,0.0,0.0,0.0,0.0,0.0,3.6139976978302,3.6139976978302,56.879913330078125,177.2200469970703,178.15357971191406,0.0,0.0,0.0,56.879913330078125,177.2200469970703,178.15357971191406,0.0,0.0,0.0,0.004717848263680935,35.20420837402344,35.477264404296875,0.0,0.0,0.0
4.0,14.069549560546875,16182.3701171875,1836.469970703125,5627.81982421875,8718.080078125,1600.0,16.62369728088379,0.0,7663.9970703125,0.06656000018119812,1.021299958229065,0.0,0.4778200089931488,3.705590009689331,1.5449700355529785,2.6226699352264404,4.630640029907227,0.0,0.0,0.0,0.0,0.0,0.0,0.0,279.896484375,0.0,79.0820083618164,2668.02490234375,572.429931640625,0.0,1558.1064453125,0.0,0.0,0.0,0.0,0.0,0.0,4.7673659324646,4.7673659324646,122.92090606689453,184.52383422851562,181.70960998535156,0.0,0.0,0.0,122.92090606689453,184.52383422851562,181.70960998535156,0.0,0.0,0.0,19.33066749572754,37.34952163696289,36.526363372802734,0.0,0.0,0.0
5.0,14.069549560546875,16182.3701171875,1836.469970703125,5627.81982421875,8718.080078125,1600.0,17.393491744995117,0.0,7326.79150390625,0.06656000018119812,1.021299958229065,0.0,0.4778200089931488,3.705590009689331,1.5449700355529785,2.6226699352264404,4.630640029907227,0.0,0.0,0.0,0.0,0.0,0.0,0.0,279.896484375,0.0,79.0820083618164,1162.070556640625,407.575439453125,0.0,3000.65478515625,0.0,0.0,0.0,0.0,0.0,0.0,5.893230438232422,5.893230438232422,231.77261352539062,219.4649200439453,232.11444091796875,0.0,0.0,0.0,231.77261352539062,219.4649200439453,232.11444091796875,0.0,0.0,0.0,50.400001525878906,46.79999923706055,50.49998092651367,0.0,0.0,0.0
6.0,14.069549560546875,16182.3701171875,1836.469970703125,5627.81982421875,8718.080078125,1600.0,17.604568481445312,0.0,7240.70263671875,0.06656000018119812,1.021299958229065,0.0,0.4778200089931488,3.705590009689331,1.5449700355529785,2.6226699352264404,4.630640029907227,0.0,0.0,0.0,0.0,0.0,0.0,11.96236801147461,279.896484375,0.0,79.0820083618164,1112.6981201171875,385.8840637207031,0.0,3000.65478515625,0.0,0.0,0.0,0.0,0.0,0.0,7.006932258605957,7.006932258605957,232.49424743652344,232.323974609375,232.83607482910156,0.0,0.0,0.0,232.49424743652344,232.323974609375,232.83607482910156,0.0,0.0,0.0,50.400001525878906,50.350196838378906,50.49998474121094,0.0,0.0,0.0
7.0,14.069549560546875,16182.3701171875,1836.469970703125,5627.81982421875,8718.080078125,1600.0,17.856081008911133,0.0,7140.552734375,0.06656000018119812,1.021299958229065,0.0,0.4778200089931488,3.705590009689331,1.5449700355529785,2.6226699352264404,4.630640029907227,0.0,0.0,0.0,0.0,0.0,0.0,30.670848846435547,279.896484375,0.0,79.0820083618164,294.9912109375,378.31988525390625,737.9631958007812,3000.65478515625,0.0,0.0,0.0,0.0,0.0,0.0,8.14756965637207,8.14756965637207,273.4908752441406,237.45924377441406,233.74192810058594,0.0,0.0,0.0,273.4908752441406,237.45924377441406,233.74192810058594,0.0,0.0,0.0,62.13999938964844,51.60074996948242,50.513431549072266,0.0,0.0,0.0
8.0,14.278849601745605,16182.3701171875,1836.469970703125,5627.81982421875,8718.080078125,1600.0,17.365713119506836,0.0,7343.60302734375,0.06656000018119812,1.021299958229065,0.0,0.4778200089931488,3.9148900508880615,1.5449700355529785,2.6226699352264404,4.630640029907227,0.0,0.0,0.0,0.0,0.0,0.0,11.96236801147461,279.896484375,0.0,79.0820083618164,1264.7813720703125,300.787109375,0.0,3000.65478515625,0.0,0.0,0.0,0.0,0.0,0.0,9.332334518432617,9.332334518432617,231.6776580810547,224.42979431152344,232.025390625,0.0,0.0,0.0,231.6776580810547,224.42979431152344,232.025390625,0.0,0.0,0.0,50.400001525878906,48.279998779296875,50.501712799072266,0.0,0.0,0.0
9.0,14.278849601745605,16266.08984375,1836.469970703125,5711.5400390625,8718.080078125,1600.0,17.459308624267578,0.0,7343.8798828125,0.06656000018119812,1.021299958229065,0.0,0.4778200089931488,3.9148900508880615,1.5449700355529785,2.6226699352264404,4.630640029907227,0.0,0.0,0.0,0.0,0.0,0.0,30.670848846435547,279.896484375,0.0,79.0820083618164,0.0,308.4625244140625,1237.336181640625,3000.65478515625,0.0,0.0,0.0,0.0,0.0,0.0,10.57987117767334,10.57987117767334,272.1343994140625,239.41342163085938,251.94024658203125,0.0,0.0,0.0,272.1343994140625,239.41342163085938,251.94024658203125,0.0,0.0,0.0,62.13999938964844,52.56911849975586,56.23321533203125,0.0,0.0,0.0
10.0,14.278849601745605,16266.08984375,1836.469970703125,5711.5400390625,8718.080078125,1600.0,17.235614776611328,0.0,7440.912109375,0.06656000018119812,1.021299958229065,0.0,0.4778200089931488,3.9148900508880615,1.5449700355529785,2.6226699352264404,4.630640029907227,0.0,0.0,0.0,0.0,0.0,0.0,11.96236801147461,279.896484375,0.0,79.0820083618164,1238.793212890625,389.77740478515625,0.0,3000.65478515625,0.0,0.0,0.0,0.0,0.0,0.0,11.87556266784668,11.87556266784668,231.2328643798828,232.762451171875,232.253662109375,0.0,0.0,0.0,231.2328643798828,232.762451171875,232.253662109375,0.0,0.0,0.0,50.400001525878906,50.8474006652832,50.69858169555664,0.0,0.0,0.0
11.0,14.278849601745605,16266.08984375,1836.469970703125,5711.5400390625,8718.080078125,1600.0,16.90740394592285,0.0,7587.02099609375,0.06656000018119812,1.021299958229065,0.0,0.4778200089931488,3.9148900508880615,1.5449700355529785,2.6226699352264404,4.630640029907227,0.0,0.0,0.0,0.0,0.0,0.0,0.0,279.896484375,0.0,79.0820083618164,1056.933349609375,680.6643676757812,0.0,3000.65478515625,0.0,0.0,0.0,0.0,0.0,0.0,13.226507186889648,13.226507186889648,230.11077880859375,217.80308532714844,230.45248413085938,0.0,0.0,0.0,230.11077880859375,217.80308532714844,230.45248413085938,0.0,0.0,0.0,50.400001525878906,46.79999923706055,50.49995040893555,0.0,0.0,0.0
12.0,14.278849601745605,16266.08984375,1836.469970703125,5711.5400390625,8718.080078125,1600.0,16.120006561279297,0.0,7958.75341796875,0.06656000018119812,1.021299958229065,0.0,0.4778200089931488,3.9148900508880615,1.5449700355529785,2.6226699352264404,4.630640029907227,0.0,0.0,0.0,0.0,0.0,0.0,0.0,279.896484375,0.0,79.0820083618164,2398.435302734375,901.80517578125,0.0,1686.990966796875,0.0,0.0,0.0,0.0,0.0,0.0,14.638765335083008,14.638765335083008,160.7816925048828,185.45126342773438,170.57997131347656,0.0,0.0,0.0,160.7816925048828,185.45126342773438,170.57997131347656,0.0,0.0,0.0,30.908639907836914,38.124488830566406,33.774635314941406,0.0,0.0,0.0
13.0,14.755249977111816,16343.3642578125,1836.469970703125,5711.5400390625,8795.3544921875,1600.0,15.585835456848145,0.007996550761163235,8271.955078125,0.06656000018119812,1.021299958229065,0.0,0.934220016002655,3.9148900508880615,1.5649700164794922,2.6226699352264404,4.630640029907227,0.0,0.0,0.0,0.0,0.0,0.0,0.0,279.896484375,0.0,154.6413116455078,2818.720703125,1126.7784423828125,0.0,1175.67138671875,0.0,0.0,0.0,0.0,0.0,0.0,16.106739044189453,16.106739044189453,170.52883911132812,173.1810302734375,176.49310302734375,0.0,0.0,0.0,170.52883911132812,173.1810302734375,176.49310302734375,0.0,0.0,0.0,34.28585433959961,35.06161880493164,36.03040313720703,0.0,0.0,0.0
14.0,14.755249977111816,16746.564453125,1836.469970703125,5902.10009765625,9007.9951171875,1600.0,15.860756874084473,0.0,8331.140625,0.06656000018119812,1.021299958229065,0.0,0.934220016002655,3.9148900508880615,1.5649700164794922,2.6226699352264404,4.630640029907227,0.0,0.0,0.0,0.0,0.0,0.0,0.0,279.896484375,0.0,154.6413116455078,2818.720703125,1126.7784423828125,0.0,1214.0587158203125,0.0,0.0,0.0,0.0,0.0,0.0,17.585498809814453,17.585498809814453,114.52738952636719,175.01773071289062,165.54771423339844,0.0,0.0,0.0,114.52738952636719,175.01773071289062,165.54771423339844,0.0,0.0,0.0,17.638505935668945,35.33192825317383,32.56195068359375,0.0,0.0,0.0
15.0,14.755249977111816,16788.146484375,1836.469970703125,5902.10009765625,9049.5771484375,1600.0,16.37620735168457,0.0,8091.833984375,0.06656000018119812,1.021299958229065,0.0,0.934220016002655,3.9148900508880615,1.5649700164794922,2.6226699352264404,4.630640029907227,0.0,0.0,0.0,0.0,0.0,0.0,0.0,279.896484375,0.0,154.6413116455078,2818.720703125,937.8176879882812,0.0,1240.394775390625,0.0,0.0,0.0,0.0,0.0,0.0,19.017868041992188,19.017868041992188,79.51514434814453,177.38381958007812,173.3483428955078,0.0,0.0,0.0,79.51514434814453,177.38381958007812,173.3483428955078,0.0,0.0,0.0,6.881972312927246,35.50856018066406,34.328182220458984,0.0,0.0,0.0
16.0,14.755249977111816,16788.146484375,1836.469970703125,5902.10009765625,9049.5771484375,1600.0,16.36781120300293,0.0,8098.00341796875,0.06656000018119812,1.021299958229065,0.0,0.934220016002655,3.9148900508880615,1.5649700164794922,2.6226699352264404,4.630640029907227,0.0,0.0,0.0,0.0,0.0,0.0,0.0,279.896484375,0.0,154.6413116455078,2818.720703125,579.8401489257812,0.0,1601.158447265625,0.0,0.0,0.0,0.0,0.0,0.0,20.387393951416016,20.387393951416016,141.7718048095703,185.31568908691406,169.96865844726562,0.0,0.0,0.0,141.7718048095703,185.31568908691406,169.96865844726562,0.0,0.0,0.0,25.100440979003906,37.83702850341797,33.3480224609375,0.0,0.0,0.0
17.0,14.755249977111816,16788.146484375,1836.469970703125,5902.10009765625,9049.5771484375,1600.0,17.128450393676758,0.0,7741.697265625,0.06656000018119812,1.021299958229065,0.0,0.934220016002655,3.9148900508880615,1.5649700164794922,2.6226699352264404,4.630640029907227,0.0,0.0,0.0,0.0,0.0,0.0,0.0,279.896484375,0.0,154.6413116455078,1344.8892822265625,412.8515930175781,0.0,3000.65478515625,0.0,0.0,0.0,0.0,0.0,0.0,21.71077537536621,21.71077537536621,230.8665008544922,218.55880737304688,231.2083740234375,0.0,0.0,0.0,230.8665008544922,218.55880737304688,231.2083740234375,0.0,0.0,0.0,50.400001525878906,46.79999923706055,50.5,0.0,0.0,0.0
18.0,14.755249977111816,16788.146484375,1836.469970703125,5902.10009765625,9049.5771484375,1600.0,17.337352752685547,0.0,7650.7265625,0.06656000018119812,1.021299958229065,0.0,0.934220016002655,3.9148900508880615,1.5649700164794922,2.6226699352264404,4.630640029907227,0.0,0.0,0.0,0.0,0.0,0.0,11.96236801147461,279.896484375,0.0,154.6413116455078,1292.3280029296875,390.8794250488281,0.0,3000.65478515625,0.0,0.0,0.0,0.0,0.0,0.0,23.006052017211914,23.006052017211914,231.5806884765625,229.0921173095703,231.92234802246094,0.0,0.0,0.0,231.5806884765625,229.0921173095703,231.92234802246094,0.0,0.0,0.0,50.400001525878906,49.67209243774414,50.499935150146484,0.0,0.0,0.0
19.0,14.755249977111816,16788.146484375,1836.469970703125,5902.10009765625,9049.5771484375,1600.0,17.586153030395508,0.0,7544.9189453125,0.06656000018119812,1.021299958229065,0.0,0.934220016002655,3.9148900508880615,1.5649700164794922,2.6226699352264404,4.630640029907227,0.0,0.0,0.0,0.0,0.0,0.0,11.96236801147461,279.896484375,0.0,154.6413116455078,1227.408203125,383.21734619140625,0.0,3000.65478515625,0.0,0.0,0.0,0.0,0.0,0.0,24.318002700805664,24.318002700805664,232.43128967285156,232.81149291992188,232.77296447753906,0.0,0.0,0.0,232.43128967285156,232.81149291992188,232.77296447753906,0.0,0.0,0.0,50.400001525878906,50.511207580566406,50.49993896484375,0.0,0.0,0.0
20.0,14.755249977111816,16788.146484375,1836.469970703125,5902.10009765625,9049.5771484375,1600.0,17.10207176208496,0.0,7759.46533203125,0.06656000018119812,1.021299958229065,0.0,0.934220016002655,3.9148900508880615,1.5649700164794922,2.6226699352264404,4.630640029907227,0.0,0.0,0.0,0.0,0.0,0.0,30.670848846435547,279.896484375,0.0,154.6413116455078,1430.3984375,304.6808776855469,0.0,3000.65478515625,0.0,0.0,0.0,0.0,0.0,0.0,25.669912338256836,25.669912338256836,227.03709411621094,234.37393188476562,231.28445434570312,0.0,0.0,0.0,227.03709411621094,234.37393188476562,231.28445434570312,0.0,0.0,0.0,49.306278228759766,51.452301025390625,50.54862976074219,0.0,0.0,0.0
21.0,14.755249977111816,16788.146484375,1836.469970703125,5902.10009765625,9049.5771484375,1600.0,17.106081008911133,0.0,7759.7578125,0.06656000018119812,1.021299958229065,0.0,0.934220016002655,3.9148900508880615,1.5649700164794922,2.6226699352264404,4.630640029907227,0.0,0.0,0.0,0.0,0.0,0.0,11.96236801147461,279.896484375,0.0,154.6413116455078,1440.1136474609375,312.4556579589844,0.0,3000.65478515625,0.0,0.0,0.0,0.0,0.0,0.0,27.085189819335938,27.085189819335938,193.26828002929688,232.26011657714844,231.5174560546875,0.0,0.0,0.0,193.26828002929688,232.26011657714844,231.5174560546875,0.0,0.0,0.0,39.42489242553711,50.83000183105469,50.61277770996094,0.0,0.0,0.0
22.0,14.755249977111816,16788.146484375,1836.469970703125,5902.10009765625,9049.5771484375,1600.0,16.886545181274414,0.0,7862.28759765625,0.06656000018119812,1.021299958229065,0.0,0.934220016002655,3.9148900508880615,1.5649700164794922,2.6226699352264404,4.630640029907227,0.0,0.0,0.0,0.0,0.0,0.0,11.96236801147461,279.896484375,0.0,154.6413116455078,1425.345458984375,394.8231506347656,0.0,3000.65478515625,0.0,0.0,0.0,0.0,0.0,0.0,28.548063278198242,28.548063278198242,230.0394744873047,231.0486602783203,230.58250427246094,0.0,0.0,0.0,230.0394744873047,231.0486602783203,230.58250427246094,0.0,0.0,0.0,50.400001525878906,50.695186614990234,50.558837890625,0.0,0.0,0.0
23.0,14.755249977111816,16788.146484375,1836.469970703125,5902.10009765625,9049.5771484375,1600.0,16.564348220825195,0.0,8016.6552734375,0.06656000018119812,1.021299958229065,0.0,0.934220016002655,3.9148900508880615,1.5649700164794922,2.6226699352264404,4.630640029907227,0.0,0.0,0.0,0.0,0.0,0.0,0.0,279.896484375,0.0,154.6413116455078,1245.1114501953125,689.4757080078125,0.0,3000.65478515625,0.0,0.0,0.0,0.0,0.0,0.0,30.070331573486328,30.070331573486328,228.9379425048828,216.6302490234375,229.27960205078125,0.0,0.0,0.0,228.9379425048828,216.6302490234375,229.27960205078125,0.0,0.0,0.0,50.400001525878906,46.79999923706055,50.499935150146484,0.0,0.0,0.0
24.0,14.755249977111816,16791.57421875,1836.469970703125,5902.10009765625,9053.0048828125,1600.0,15.84094524383545,0.0,8384.767578125,0.06656000018119812,1.021299958229065,0.0,0.934220016002655,3.9148900508880615,1.5649700164794922,2.6226699352264404,4.630640029907227,0.0,0.0,0.0,0.0,0.0,0.0,0.0,279.896484375,0.0,154.6413116455078,1267.4742431640625,913.479248046875,0.0,3000.65478515625,0.0,0.0,0.0,0.0,0.0,0.0,31.65711212158203,31.65711212158203,226.46475219726562,214.15707397460938,226.80645751953125,0.0,0.0,0.0,226.46475219726562,214.15707397460938,226.80645751953125,0.0,0.0,0.0,50.399993896484375,46.79999923706055,50.49994659423828,0.0,0.0,0.0
25.0,14.755249977111816,16926.111328125,1836.469970703125,5902.10009765625,9187.5419921875,1600.0,15.364304542541504,0.0,8714.7392578125,0.06656000018119812,1.021299958229065,0.0,0.934220016002655,3.9148900508880615,1.5649700164794922,2.6226699352264404,4.630640029907227,0.0,0.0,0.0,0.0,0.0,0.0,0.0,279.896484375,0.0,154.6413116455078,2818.720703125,1126.7784423828125,0.0,1456.7301025390625,0.0,0.0,0.0,0.0,0.0,0.0,33.2981071472168,33.2981071472168,167.82379150390625,178.90504455566406,168.7177734375,0.0,0.0,0.0,167.82379150390625,178.90504455566406,168.7177734375,0.0,0.0,0.0,33.72415542602539,36.965423583984375,33.98564529418945,0.0,0.0,0.0
26.0,14.755249977111816,17077.34375,1836.469970703125,5902.10009765625,9338.7744140625,1600.0,15.39515495300293,0.0,8777.0869140625,0.06656000018119812,1.021299958229065,0.0,0.934220016002655,3.9148900508880615,1.5649700164794922,2.6226699352264404,4.630640029907227,0.0,0.0,0.0,0.0,0.0,0.0,0.0,279.896484375,0.0,154.6413116455078,2818.720703125,1126.7784423828125,0.0,1497.0799560546875,0.0,0.0,0.0,0.0,0.0,0.0,34.94431686401367,34.94431686401367,111.01525115966797,179.76962280273438,179.5094757080078,0.0,0.0,0.0,111.01525115966797,179.76962280273438,179.5094757080078,0.0,0.0,0.0,17.076807022094727,37.187461853027344,37.111366271972656,0.0,0.0,0.0
27.0,14.755249977111816,17105.783203125,1836.469970703125,5902.10009765625,9367.2138671875,1600.0,15.88405990600586,0.0,8524.9736328125,0.06656000018119812,1.021299958229065,0.0,0.934220016002655,3.9148900508880615,1.5649700164794922,2.6226699352264404,4.630640029907227,0.0,0.0,0.0,0.0,0.0,0.0,0.0,279.896484375,0.0,154.6413116455078,2818.720703125,937.8176879882812,0.0,1514.6317138671875,0.0,0.0,0.0,0.0,0.0,0.0,36.53518295288086,36.53518295288086,75.91224670410156,181.77679443359375,175.0130615234375,0.0,0.0,0.0,75.91224670410156,181.77679443359375,175.0130615234375,0.0,0.0,0.0,6.3202738761901855,37.28565216064453,35.30725860595703,0.0,0.0,0.0
28.0,14.755249977111816,17105.783203125,1836.469970703125,5902.10009765625,9367.2138671875,1600.0,15.876112937927246,0.0,8531.466796875,0.06656000018119812,1.021299958229065,0.0,0.934220016002655,3.9148900508880615,1.5649700164794922,2.6226699352264404,4.630640029907227,0.0,0.0,0.0,0.0,0.0,0.0,0.0,279.896484375,0.0,154.6413116455078,2818.720703125,579.8401489257812,0.0,1875.4649658203125,0.0,0.0,0.0,0.0,0.0,0.0,38.05270004272461,38.05270004272461,127.43731689453125,189.87454223632812,180.30819702148438,0.0,0.0,0.0,127.43731689453125,189.87454223632812,180.30819702148438,0.0,0.0,0.0,21.399301528930664,39.662193298339844,36.86403274536133,0.0,0.0,0.0
29.0,14.755249977111816,17105.783203125,1836.469970703125,5902.10009765625,9367.2138671875,1600.0,16.61635971069336,0.0,8156.08984375,0.06656000018119812,1.021299958229065,0.0,0.934220016002655,3.9148900508880615,1.5649700164794922,2.6226699352264404,4.630640029907227,0.0,0.0,0.0,0.0,0.0,0.0,11.96236801147461,279.896484375,0.0,154.6413116455078,1594.2449951171875,412.8515930175781,0.0,3000.65478515625,0.0,0.0,0.0,0.0,0.0,0.0,39.51896667480469,39.51896667480469,229.11575317382812,221.86788940429688,229.4574737548828,0.0,0.0,0.0,229.11575317382812,221.86788940429688,229.4574737548828,0.0,0.0,0.0,50.400001525878906,48.279998779296875,50.49995040893555,0.0,0.0,0.0
30.0,14.755249977111816,17105.783203125,1836.469970703125,5902.10009765625,9367.2138671875,1600.0,16.819866180419922,0.0,8060.2529296875,0.06656000018119812,1.021299958229065,0.0,0.934220016002655,3.9148900508880615,1.5649700164794922,2.6226699352264404,4.630640029907227,0.0,0.0,0.0,0.0,0.0,0.0,30.670848846435547,279.896484375,0.0,154.6413116455078,420.2856140136719,390.8794250488281,1111.2313232421875,3000.65478515625,0.0,0.0,0.0,0.0,0.0,0.0,40.95680618286133,40.95680618286133,269.9482727050781,237.47511291503906,242.18414306640625,0.0,0.0,0.0,269.9482727050781,237.47511291503906,242.18414306640625,0.0,0.0,0.0,62.13999938964844,52.641605377197266,54.01899337768555,0.0,0.0,0.0
31.0,14.767749786376953,17105.783203125,1836.469970703125,5902.10009765625,9367.2138671875,1600.0,17.062252044677734,0.0,7948.77197265625,0.06656000018119812,1.021299958229065,0.0,0.934220016002655,3.9148900508880615,1.5774699449539185,2.6226699352264404,4.630640029907227,0.0,0.0,0.0,0.0,0.0,0.0,30.670848846435547,279.896484375,0.0,154.6413116455078,445.68719482421875,386.2782287597656,1013.8848876953125,3000.65478515625,0.0,0.0,0.0,0.0,0.0,0.0,42.411834716796875,42.411834716796875,270.7769470214844,237.87474060058594,238.42315673828125,0.0,0.0,0.0,270.7769470214844,237.87474060058594,238.42315673828125,0.0,0.0,0.0,62.13999938964844,52.516109466552734,52.67652130126953,0.0,0.0,0.0
32.0,14.767749786376953,17110.783203125,1836.469970703125,5907.10009765625,9367.2138671875,1600.0,16.596200942993164,0.0,8174.806640625,0.06656000018119812,1.021299958229065,0.0,0.934220016002655,3.9148900508880615,1.5774699449539185,2.6226699352264404,4.630640029907227,0.0,0.0,0.0,0.0,0.0,0.0,30.670848846435547,279.896484375,0.0,154.6413116455078,184.04177856445312,307.1144714355469,1505.4532470703125,3000.65478515625,0.0,0.0,0.0,0.0,0.0,0.0,43.90458679199219,43.90458679199219,269.18359375,237.42120361328125,269.6908264160156,0.0,0.0,0.0,269.18359375,237.42120361328125,269.6908264160156,0.0,0.0,0.0,62.13999938964844,52.84950256347656,62.288368225097656,0.0,0.0,0.0
33.0,14.767749786376953,17110.783203125,1836.469970703125,5907.10009765625,9367.2138671875,1600.0,16.600284576416016,0.0,8175.1142578125,0.06656000018119812,1.021299958229065,0.0,0.934220016002655,3.9148900508880615,1.5774699449539185,2.6226699352264404,4.630640029907227,0.0,0.0,0.0,0.0,0.0,0.0,11.96236801147461,279.896484375,0.0,154.6413116455078,1699.0228271484375,314.95135498046875,0.0,3000.65478515625,0.0,0.0,0.0,0.0,0.0,0.0,45.4556770324707,45.4556770324707,133.4066925048828,229.84681701660156,231.23861694335938,0.0,0.0,0.0,133.4066925048828,229.84681701660156,231.23861694335938,0.0,0.0,0.0,22.421171188354492,50.62990951538086,51.037010192871094,0.0,0.0,0.0
34.0,14.767749786376953,17110.783203125,1836.469970703125,5907.10009765625,9367.2138671875,1600.0,16.38676643371582,0.0,8283.1279296875,0.06656000018119812,1.021299958229065,0.0,0.934220016002655,3.9148900508880615,1.5774699449539185,2.6226699352264404,4.630640029907227,0.0,0.0,0.0,0.0,0.0,0.0,30.670848846435547,279.896484375,0.0,154.6413116455078,427.5218811035156,397.97674560546875,1240.92529296875,3000.65478515625,0.0,0.0,0.0,0.0,0.0,0.0,47.053226470947266,47.053226470947266,268.4675598144531,236.91448974609375,248.99754333496094,0.0,0.0,0.0,268.4675598144531,236.91448974609375,248.99754333496094,0.0,0.0,0.0,62.13999938964844,52.91072082519531,56.44501876831055,0.0,0.0,0.0
35.0,14.767749786376953,17110.783203125,1836.469970703125,5907.10009765625,9367.2138671875,1600.0,16.073278427124023,0.0,8445.7705078125,0.06656000018119812,1.021299958229065,0.0,0.934220016002655,3.9148900508880615,1.5774699449539185,2.6226699352264404,4.630640029907227,0.0,0.0,0.0,0.0,0.0,0.0,0.0,279.896484375,0.0,154.6413116455078,1510.0113525390625,694.9827880859375,0.0,3000.65478515625,0.0,0.0,0.0,0.0,0.0,0.0,48.70656967163086,48.70656967163086,227.2590789794922,214.95138549804688,227.9291229248047,0.0,0.0,0.0,227.2590789794922,214.95138549804688,227.9291229248047,0.0,0.0,0.0,50.400001525878906,46.79999923706055,50.59599304199219,0.0,0.0,0.0
36.0,14.767749786376953,17116.287109375,1836.469970703125,5907.10009765625,9372.716796875,1600.0,15.410672187805176,0.0,8811.1640625,0.06656000018119812,1.021299958229065,0.0,0.934220016002655,3.9148900508880615,1.5774699449539185,2.6226699352264404,4.630640029907227,0.0,0.0,0.0,0.0,0.0,0.0,0.0,279.896484375,0.0,154.6413116455078,2398.435302734375,920.7755737304688,0.0,2130.83935546875,0.0,0.0,0.0,0.0,0.0,0.0,50.426944732666016,50.426944732666016,161.49485778808594,190.89683532714844,176.5543975830078,0.0,0.0,0.0,161.49485778808594,190.89683532714844,176.5543975830078,0.0,0.0,0.0,31.826574325561523,40.42665481567383,36.23148727416992,0.0,0.0,0.0
37.0,14.987750053405762,17237.90625,1836.469970703125,5907.10009765625,9494.3359375,1600.0,14.932036399841309,0.0,9157.9111328125,0.06656000018119812,1.2412999868392944,0.0,0.934220016002655,3.9148900508880615,1.5774699449539185,2.6226699352264404,4.630640029907227,0.0,0.0,0.0,0.0,0.0,0.0,0.0,340.189453125,0.0,154.6413116455078,2818.720703125,1135.7784423828125,0.0,1667.0369873046875,0.0,0.0,0.0,0.0,0.0,0.0,52.20889663696289,52.20889663696289,171.40452575683594,181.755126953125,168.54278564453125,0.0,0.0,0.0,171.40452575683594,181.755126953125,168.54278564453125,0.0,0.0,0.0,35.20378875732422,38.23133850097656,34.366729736328125,0.0,0.0,0.0
38.0,14.987750053405762,17470.333984375,1836.469970703125,5995.10009765625,9638.763671875,1600.0,15.029306411743164,0.0,9223.4326171875,0.06656000018119812,1.2412999868392944,0.0,0.934220016002655,3.9148900508880615,1.5774699449539185,2.6226699352264404,4.630640029907227,0.0,0.0,0.0,0.0,0.0,0.0,0.0,340.189453125,0.0,154.6413116455078,2818.720703125,1135.7784423828125,0.0,1709.3878173828125,0.0,0.0,0.0,0.0,0.0,0.0,53.992515563964844,53.992515563964844,114.82306671142578,182.83668518066406,184.35475158691406,0.0,0.0,0.0,114.82306671142578,182.83668518066406,184.35475158691406,0.0,0.0,0.0,18.556440353393555,38.45042037963867,38.89445877075195,0.0,0.0,0.0
39.0,14.987750053405762,17497.2421875,1836.469970703125,5995.10009765625,9665.671875,1600.0,15.506109237670898,0.0,8958.4931640625,0.06656000018119812,1.2412999868392944,0.0,0.934220016002655,3.9148900508880615,1.5774699449539185,2.6226699352264404,4.630640029907227,0.0,0.0,0.0,0.0,0.0,0.0,0.0,340.189453125,0.0,154.6413116455078,2818.720703125,945.308349609375,0.0,1719.6756591796875,0.0,0.0,0.0,0.0,0.0,0.0,55.71653366088867,55.71653366088867,79.6786880493164,184.4879608154297,177.4354705810547,0.0,0.0,0.0,79.6786880493164,184.4879608154297,177.4354705810547,0.0,0.0,0.0,7.799907684326172,38.45661926269531,36.39376449584961,0.0,0.0,0.0
40.0,14.987750053405762,17497.2421875,1836.469970703125,5995.10009765625,9665.671875,1600.0,15.498433113098145,0.0,8965.328125,0.06656000018119812,1.2412999868392944,0.0,0.934220016002655,3.9148900508880615,1.5774699449539185,2.6226699352264404,4.630640029907227,0.0,0.0,0.0,0.0,0.0,0.0,0.0,340.189453125,0.0,154.6413116455078,2818.720703125,584.4715576171875,0.0,2083.47314453125,0.0,0.0,0.0,0.0,0.0,0.0,57.35984802246094,57.35984802246094,92.63509368896484,193.81463623046875,200.89698791503906,0.0,0.0,0.0,92.63509368896484,193.81463623046875,200.89698791503906,0.0,0.0,0.0,11.597331047058105,41.19234848022461,43.26393508911133,0.0,0.0,0.0
41.0,15.010513305664062,17560.978515625,1836.469970703125,6058.8359375,9665.671875,1600.0,16.282506942749023,0.0,8570.853515625,0.06656000018119812,1.2412999868392944,0.0,0.9394429326057434,3.9148900508880615,1.5774699449539185,2.6226699352264404,4.630640029907227,0.0,0.008195792324841022,0.009344128891825676,0.0,0.0,0.0,11.96236801147461,340.189453125,0.0,155.4584503173828,1787.78515625,416.1492004394531,0.0,3000.65478515625,0.0,0.9834951162338257,1.0175756216049194,0.0,0.0,0.0,58.94620895385742,58.94620895385742,225.8221893310547,222.9193572998047,228.3160858154297,0.0,0.0,0.0,225.8221893310547,222.9193572998047,228.3160858154297,0.0,0.0,0.0,49.77048110961914,48.92140579223633,50.49995040893555,0.0,0.0,0.0
42.0,15.17025089263916,17652.716796875,1836.469970703125,6150.57470703125,9665.671875,1600.0,16.56874656677246,0.0,8470.1455078125,0.06656000018119812,1.2412999868392944,0.0,0.989613950252533,3.9148900508880615,1.5774699449539185,2.6226699352264404,4.630640029907227,0.0,0.0593922883272171,0.06771460920572281,0.0,0.0,0.0,30.670848846435547,340.189453125,0.0,163.30799865722656,433.3556823730469,394.00152587890625,1268.13671875,3000.65478515625,0.0,7.127074241638184,7.374121189117432,0.0,0.0,0.0,60.49348831176758,60.49348831176758,269.0897216796875,237.38999938964844,251.8969268798828,0.0,0.0,0.0,269.0897216796875,237.38999938964844,251.8969268798828,0.0,0.0,0.0,62.13999938964844,52.867828369140625,57.11110305786133,0.0,0.0,0.0
43.0,15.358213424682617,17701.8359375,1836.469970703125,6199.69482421875,9665.671875,1600.0,16.85514259338379,0.0,8352.9970703125,0.06656000018119812,1.2412999868392944,0.0,1.0585284233093262,3.9148900508880615,1.5774699449539185,2.6226699352264404,4.630640029907227,0.0,0.1150495633482933,0.13110530376434326,0.0,0.0,0.0,30.670848846435547,340.189453125,0.0,174.0797882080078,446.0665588378906,386.2782287597656,1158.3209228515625,3000.65478515625,0.0,13.805947303771973,14.27736759185791,0.0,0.0,0.0,62.058780670166016,62.058780670166016,270.06884765625,238.59088134765625,245.27113342285156,0.0,0.0,0.0,270.06884765625,238.59088134765625,245.27113342285156,0.0,0.0,0.0,62.13999938964844,52.93268966674805,54.88666534423828,0.0,0.0,0.0
44.0,15.469491958618164,17717.37890625,1836.469970703125,6215.236328125,9665.671875,1600.0,16.40302085876465,0.0,8590.529296875,0.06656000018119812,1.2412999868392944,0.0,1.1022422313690186,3.9148900508880615,1.5774699449539185,2.6226699352264404,4.630640029907227,0.0,0.14664143323898315,0.16707806289196014,0.0,0.0,0.0,30.670848846435547,340.189453125,0.0,180.91123962402344,487.7590026855469,307.1144714355469,1339.6441650390625,3000.65478515625,0.0,17.59697151184082,18.194801330566406,0.0,0.0,0.0,63.66365432739258,63.66365432739258,268.52313232421875,238.21615600585938,256.41845703125,0.0,0.0,0.0,268.52313232421875,238.21615600585938,256.41845703125,0.0,0.0,0.0,62.13999938964844,53.275203704833984,58.5993766784668,0.0,0.0,0.0
45.0,15.521092414855957,17722.294921875,1836.469970703125,6220.15380859375,9665.671875,1600.0,16.411745071411133,0.0,8590.8515625,0.06656000018119812,1.2412999868392944,0.0,1.1233898401260376,3.9148900508880615,1.5774699449539185,2.6226699352264404,4.630640029907227,0.0,0.16088132560253143,0.183291494846344,0.0,0.0,0.0,30.670848846435547,340.189453125,0.0,184.21595764160156,300.6743469238281,314.95135498046875,1510.657958984375,3000.65478515625,0.0,19.305757522583008,19.9604434967041,0.0,0.0,0.0,65.33605194091797,65.33605194091797,268.552978515625,236.3993682861328,269.4418640136719,0.0,0.0,0.0,268.552978515625,236.3993682861328,269.4418640136719,0.0,0.0,0.0,62.13999938964844,52.735069274902344,62.400001525878906,0.0,0.0,0.0
46.0,15.542606353759766,17723.8515625,1836.469970703125,6221.7099609375,9665.671875,1600.0,16.201570510864258,0.0,8704.3544921875,0.06656000018119812,1.2412999868392944,0.0,1.1324708461761475,3.9148900508880615,1.5774699449539185,2.6226699352264404,4.630640029907227,0.0,0.1666947305202484,0.1899104118347168,0.0,0.0,0.0,11.96236801147461,340.189453125,0.0,185.63502502441406,1818.9058837890625,397.97674560546875,0.0,3000.65478515625,0.0,20.003366470336914,20.681243896484375,0.0,0.0,0.0,67.06082153320312,67.06082153320312,156.8998565673828,226.92535400390625,231.8566436767578,0.0,0.0,0.0,156.8998565673828,226.92535400390625,231.8566436767578,0.0,0.0,0.0,29.691638946533203,50.17409896850586,51.61649703979492,0.0,0.0,0.0
47.0,15.551054000854492,17724.34375,1836.469970703125,6222.2021484375,9665.671875,1600.0,15.891268730163574,0.0,8875.2705078125,0.06656000018119812,1.2412999868392944,0.0,1.1361169815063477,3.9148900508880615,1.5774699449539185,2.6226699352264404,4.630640029907227,0.0,0.16894009709358215,0.1924668848514557,0.0,0.0,0.0,0.0,340.189453125,0.0,186.20480346679688,1646.0849609375,694.9827880859375,0.0,3000.65478515625,0.0,20.272811889648438,20.959644317626953,0.0,0.0,0.0,68.84598541259766,68.84598541259766,218.65638732910156,214.32911682128906,231.2830810546875,0.0,0.0,0.0,218.65638732910156,214.32911682128906,231.2830810546875,0.0,0.0,0.0,48.06572341918945,46.79999923706055,51.759029388427734,0.0,0.0,0.0
48.0,15.554245948791504,17748.9453125,1836.469970703125,6222.35791015625,9690.1181640625,1600.0,15.286203384399414,0.0,9237.9423828125,0.06656000018119812,1.2412999868392944,0.0,1.1375192403793335,3.9148900508880615,1.5774699449539185,2.6226699352264404,4.630640029907227,0.0,0.16977712512016296,0.19341987371444702,0.0,0.0,0.0,0.0,340.189453125,0.0,186.42393493652344,1768.74951171875,920.7755737304688,0.0,2894.207763671875,0.0,20.373254776000977,21.06342315673828,0.0,0.0,0.0,70.70037078857422,70.70037078857422,181.3179168701172,212.26052856445312,180.37615966796875,0.0,0.0,0.0,181.3179168701172,212.26052856445312,180.37615966796875,0.0,0.0,0.0,37.74928665161133,46.79999923706055,37.47382354736328,0.0,0.0,0.0
49.0,15.555420875549316,17877.658203125,1836.469970703125,6222.4072265625,9818.7802734375,1600.0,14.812067985534668,0.0,9601.48828125,0.06656000018119812,1.2412999868392944,0.0,1.1380425691604614,3.9148900508880615,1.5774699449539185,2.6226699352264404,4.630640029907227,0.0,0.17008152604103088,0.19376644492149353,0.0,0.0,0.0,0.0,340.189453125,0.0,186.50570678710938,2818.720703125,1135.7784423828125,0.0,1872.0357666015625,0.0,20.40978240966797,21.101165771484375,0.0,0.0,0.0,72.61911010742188,72.61911010742188,133.63284301757812,186.56947326660156,173.33551025390625,0.0,0.0,0.0,133.63284301757812,186.56947326660156,173.33551025390625,0.0,0.0,0.0,24.275537490844727,39.75950241088867,35.88856887817383,0.0,0.0,0.0
50.0,15.5558443069458,18014.740234375,1836.469970703125,6222.4228515625,9955.8466796875,1600.0,14.822842597961426,0.0,9670.177734375,0.06656117737293243,1.2416813373565674,1.2034221981593873e-05,1.1380428075790405,3.9148900508880615,1.5774770975112915,2.6226699352264404,4.6306610107421875,3.238193357901764e-07,0.17008166015148163,0.19376660883426666,0.0,0.0,0.0,0.0,340.2939758300781,0.0032980870455503464,186.50575256347656,2818.720703125,1135.7835693359375,0.0,1916.272705078125,4.418793469085358e-05,20.409799575805664,21.10118293762207,0.0,0.0,0.0,74.5372085571289,74.5372085571289,76.75566101074219,187.2537841796875,136.80838012695312,0.0,0.0,0.0,76.75566101074219,187.2537841796875,136.80838012695312,0.0,0.0,0.0,7.628188133239746,39.948890686035156,25.19361114501953,0.0,0.0,0.0
51.0,15.908454895019531,18413.0859375,1836.469970703125,6590.66943359375,9985.9462890625,1600.0,15.608606338500977,0.0,9392.4091796875,0.06726665049791336,1.5612151622772217,0.010362041182816029,1.1381064653396606,3.9148900508880615,1.582812786102295,2.6226720809936523,4.647009372711182,0.00019435505964793265,0.17011763155460358,0.19380761682987213,0.0,0.0,0.0,0.0,427.8650817871094,2.839810848236084,186.5157012939453,2818.720703125,948.5100708007812,0.0,1824.1571044921875,0.02288820967078209,20.41411590576172,21.105649948120117,0.0,0.0,0.0,76.37760162353516,76.37760162353516,61.437477111816406,187.37142944335938,133.03550720214844,0.0,0.0,0.0,61.437477111816406,187.37142944335938,133.03550720214844,0.0,0.0,0.0,2.3618557453155518,39.19753646850586,23.304277420043945,0.0,0.0,0.0
52.0,16.611740112304688,18742.037109375,1836.469970703125,6919.62109375,9985.9462890625,1600.0,15.879639625549316,0.0,9399.5673828125,0.06845232844352722,2.199345588684082,0.030868159607052803,1.138202428817749,3.9148900508880615,1.593198537826538,2.622675895690918,4.679544925689697,0.0005204621702432632,0.17017172276973724,0.1938692182302475,0.0,0.0,0.0,0.0,602.75048828125,8.459697723388672,186.53070068359375,2818.720703125,590.2991333007812,0.0,2004.865478515625,0.06787526607513428,20.42060661315918,21.11235809326172,0.0,0.0,0.0,78.12372589111328,78.12372589111328,133.323486328125,191.9654541015625,181.47975158691406,0.0,0.0,0.0,133.323486328125,191.9654541015625,181.47975158691406,0.0,0.0,0.0,23.117481231689453,40.27025604248047,37.203189849853516,0.0,0.0,0.0
53.0,17.233745574951172,18901.013671875,1836.469970703125,7078.59765625,9985.9462890625,1600.0,16.76573944091797,0.0,8985.9892578125,0.06939923763275146,2.763186454772949,0.048855602741241455,1.1382743120193481,3.9148900508880615,1.6022911071777344,2.622678756713867,4.708370208740234,0.0007808981463313103,0.17043337225914001,0.19458551704883575,0.0,0.0,0.0,0.0,757.2761840820312,13.389318466186523,186.54193115234375,1499.95068359375,422.69720458984375,0.0,3051.02392578125,0.4497973322868347,20.45200538635254,21.19036293029785,0.0,0.0,0.0,79.80147552490234,79.80147552490234,233.0522003173828,217.3187713623047,230.114990234375,0.0,0.0,0.0,233.0522003173828,217.3187713623047,230.114990234375,0.0,0.0,0.0,51.40202713012695,46.79999923706055,50.54289627075195,0.0,0.0,0.0
54.0,17.59869956970215,18952.65234375,1836.469970703125,7130.2353515625,9985.9462890625,1600.0,17.018848419189453,0.0,8880.4052734375,0.06973753869533539,3.089226007461548,0.059168849140405655,1.1382991075515747,3.9148900508880615,1.605723261833191,2.6226799488067627,4.726599216461182,0.0008739452459849417,0.17204870283603668,0.19945409893989563,0.0,0.0,0.0,32.13505935668945,846.6301879882812,16.215755462646484,186.54579162597656,30.31637191772461,401.05828857421875,1281.6077880859375,3062.836181640625,0.5033924579620361,20.645843505859375,21.720550537109375,0.0,0.0,0.0,81.43861389160156,81.43861389160156,270.6285400390625,256.1260070800781,259.0238952636719,0.0,0.0,0.0,270.6285400390625,256.1260070800781,259.0238952636719,0.0,0.0,0.0,62.13999938964844,57.898006439208984,58.745635986328125,0.0,0.0,0.0
55.0,17.95758628845215,19174.58203125,1836.469970703125,7352.1650390625,9985.9462890625,1600.0,17.467994689941406,0.0,8757.5830078125,0.06995421648025513,3.3944718837738037,0.06899547576904297,1.1383144855499268,3.9148900508880615,1.6079732179641724,2.622680425643921,4.744491100311279,0.0009335384820587933,0.17785362899303436,0.21702836453914642,0.0,0.0,0.0,29.548660278320312,930.2855834960938,18.908830642700195,186.54820251464844,413.4464416503906,393.74761962890625,723.3887329101562,3074.43017578125,0.5377181768417358,21.342435836791992,23.634387969970703,0.0,0.0,0.0,83.10453033447266,83.10453033447266,262.18963623046875,254.11305236816406,234.7671661376953,0.0,0.0,0.0,262.18963623046875,254.11305236816406,234.7671661376953,0.0,0.0,0.0,59.22247314453125,56.86007308959961,51.20140075683594,0.0,0.0,0.0
56.0,18.321582794189453,19252.892578125,1836.469970703125,7430.4765625,9985.9462890625,1600.0,17.052534103393555,0.0,9006.61328125,0.07013240456581116,3.6747493743896484,0.07811595499515533,1.1383271217346191,3.9148900508880615,1.60983407497406,2.622681140899658,4.761099338531494,0.0009825470624491572,0.19172418117523193,0.2590469717979431,0.0,0.0,0.0,12.510940551757812,1007.0982055664062,21.40838050842285,186.5501708984375,1303.885986328125,313.4153747558594,0.0,3085.1923828125,0.5659471154212952,23.00690269470215,28.210214614868164,0.0,0.0,0.0,84.82064056396484,84.82064056396484,231.85421752929688,226.5131378173828,235.5851287841797,0.0,0.0,0.0,231.85421752929688,226.5131378173828,235.5851287841797,0.0,0.0,0.0,50.76482391357422,49.20255661010742,51.856117248535156,0.0,0.0,0.0
57.0,18.538822174072266,19332.1953125,1836.469970703125,7509.779296875,9985.9462890625,1600.0,17.12725067138672,0.0,9006.9521484375,0.07020172476768494,3.792106866836548,0.08190852403640747,1.1383318901062012,3.9148900508880615,1.610565423965454,2.6226813793182373,4.768091678619385,0.0010016135638579726,0.21362736821174622,0.32541507482528687,0.0,0.0,0.0,12.521878242492676,1039.260986328125,22.447769165039062,186.55093383789062,1246.56689453125,321.5590515136719,0.0,3089.723388671875,0.5769293904304504,25.635284423828125,35.43770217895508,0.0,0.0,0.0,86.61235809326172,86.61235809326172,230.86239624023438,227.29611206054688,235.6659393310547,0.0,0.0,0.0,230.86239624023438,227.29611206054688,235.6659393310547,0.0,0.0,0.0,50.400001525878906,49.35686111450195,51.80503845214844,0.0,0.0,0.0
58.0,18.753265380859375,19387.95703125,1836.469970703125,7565.54052734375,9985.9462890625,1600.0,16.954626083374023,0.0,9125.95703125,0.07024077326059341,3.9242005348205566,0.08632609993219376,1.1383346319198608,3.9148900508880615,1.6109719276428223,2.6226813793182373,4.774637699127197,0.0010123529937118292,0.23122672736644745,0.37874358892440796,0.0,0.0,0.0,32.366947174072266,1075.4625244140625,23.658445358276367,186.55136108398438,1170.583740234375,406.42889404296875,0.0021901174914091825,3093.96533203125,0.5831153392791748,27.747207641601562,41.245174407958984,0.0,0.0,0.0,88.457763671875,88.457763671875,237.20310974121094,256.186767578125,234.94903564453125,0.0,0.0,0.0,237.20310974121094,256.186767578125,234.94903564453125,0.0,0.0,0.0,52.42728805541992,57.97999954223633,51.767967224121094,0.0,0.0,0.0
59.0,18.98204803466797,19512.29296875,1836.469970703125,7689.8759765625,9985.9462890625,1600.0,16.735244750976562,0.0,9305.14453125,0.07026644796133041,4.085880279541016,0.0916929692029953,1.138336420059204,3.9148900508880615,1.611240267753601,2.6226813793182373,4.781860828399658,0.001019415445625782,0.24467773735523224,0.41950228810310364,0.0,0.0,0.0,0.0,1119.772216796875,25.12928581237793,186.5516357421875,974.010498046875,709.8609008789062,0.0,3086.471923828125,0.5377629995346069,29.361328125,45.683799743652344,0.0,0.0,0.0,90.37027740478516,90.37027740478516,229.31005859375,217.21450805664062,214.5126953125,0.0,0.0,0.0,229.31005859375,217.21450805664062,214.5126953125,0.0,0.0,0.0,50.33794403076172,46.79999923706055,46.00971984863281,0.0,0.0,0.0
60.0,19.22105598449707,19619.83984375,1836.469970703125,7766.2900390625,10017.080078125,1600.0,16.149150848388672,0.0,9693.294921875,0.07028549909591675,4.268274307250977,0.09768733382225037,1.1383377313613892,3.9148900508880615,1.6114404201507568,2.6226816177368164,4.78968620300293,0.001024653553031385,0.2552400529384613,0.45150792598724365,0.0,0.0,0.0,0.0,1169.759033203125,26.772092819213867,186.55184936523438,2398.435302734375,940.6041870117188,0.0,1634.8262939453125,0.10979537665843964,30.628807067871094,49.169212341308594,0.0,0.0,0.0,92.34261322021484,92.34261322021484,174.51145935058594,183.0399169921875,157.04432678222656,0.0,0.0,0.0,174.51145935058594,183.0399169921875,157.04432678222656,0.0,0.0,0.0,34.895450592041016,37.3900260925293,29.78631591796875,0.0,0.0,0.0
61.0,19.415071487426758,19883.2421875,1836.469970703125,7829.958984375,10216.8134765625,1600.0,15.742463111877441,0.0,10074.7607421875,0.07029788941144943,4.422005653381348,0.10271155089139938,1.1383386850357056,3.9148900508880615,1.6115710735321045,2.6226816177368164,4.796168327331543,0.0010280621936544776,0.26234397292137146,0.4730340540409088,0.0,0.0,0.0,0.0,1211.8905029296875,28.14902687072754,186.55197143554688,2818.720703125,1160.3311767578125,0.0,1203.0750732421875,0.0810258537530899,31.481277465820312,51.51340866088867,0.0,0.0,0.0,94.35221862792969,94.35221862792969,128.77288818359375,179.4547119140625,178.59353637695312,0.0,0.0,0.0,128.77288818359375,179.4547119140625,178.59353637695312,0.0,0.0,0.0,21.92360496520996,36.74803924560547,36.49614715576172,0.0,0.0,0.0
62.0,19.543609619140625,20096.88671875,1836.469970703125,7850.1044921875,10410.3115234375,1600.0,15.801680564880371,0.0,10146.8408203125,0.0703052431344986,4.52544641494751,0.10608117282390594,1.1383391618728638,3.9148900508880615,1.611648678779602,2.6226816177368164,4.80049991607666,0.0010300844442099333,0.26663899421691895,0.48604869842529297,0.0,0.0,0.0,0.0,1240.2393798828125,29.07250213623047,186.55206298828125,2818.720703125,1160.3870849609375,0.0,1218.3685302734375,0.08218943327665329,31.996679306030273,52.930702209472656,0.0,0.0,0.0,96.34862518310547,96.34862518310547,73.65613555908203,174.01998901367188,125.57743072509766,0.0,0.0,0.0,73.65613555908203,174.01998901367188,125.57743072509766,0.0,0.0,0.0,5.742739677429199,35.09916687011719,20.929718017578125,0.0,0.0,0.0
63.0,19.605527877807617,20141.421875,1836.469970703125,7856.478515625,10448.4736328125,1600.0,16.31670570373535,0.0,9855.375,0.07030829042196274,4.576127052307129,0.10773502290248871,1.1383394002914429,3.9148900508880615,1.611719012260437,2.6226816177368164,4.802728176116943,0.0010309232166036963,0.26844534277915955,0.49152228236198425,0.0,0.0,0.0,0.0,1254.12890625,29.525754928588867,186.55209350585938,2818.720703125,965.832275390625,0.0,1199.539306640625,0.08097094297409058,32.213443756103516,53.52677536010742,0.0,0.0,0.0,98.2530746459961,98.2530746459961,148.09132385253906,175.3238525390625,86.03156280517578,0.0,0.0,0.0,148.09132385253906,175.3238525390625,86.03156280517578,0.0,0.0,0.0,27.0000057220459,34.96552276611328,8.847526550292969,0.0,0.0,0.0
64.0,19.63579750061035,20147.57421875,1836.469970703125,7862.6298828125,10448.4736328125,1600.0,16.31353187561035,0.0,9862.8876953125,0.07030884921550751,4.602405548095703,0.10860683023929596,1.1383394002914429,3.9148900508880615,1.6118823289871216,2.6226816177368164,4.8043389320373535,0.0010310766519978642,0.2687792479991913,0.4925340414047241,0.0,0.0,0.0,0.0,1261.330810546875,29.764678955078125,186.55209350585938,2818.720703125,597.2217407226562,0.0,1563.8043212890625,0.10556245595216751,32.253509521484375,53.636959075927734,0.0,0.0,0.0,100.04318237304688,100.04318237304688,103.80299377441406,183.53123474121094,159.56585693359375,0.0,0.0,0.0,103.80299377441406,183.53123474121094,159.56585693359375,0.0,0.0,0.0,14.048845291137695,37.369354248046875,30.359481811523438,0.0,0.0,0.0
65.0,19.69391632080078,20193.455078125,1836.469970703125,7908.51220703125,10448.4736328125,1600.0,17.119943618774414,0.0,9428.931640625,0.07030940800905228,4.648333549499512,0.11013247072696686,1.1383394002914429,3.9148900508880615,1.6122262477874756,2.6226816177368164,4.807346820831299,0.0010312306694686413,0.2705550491809845,0.4980708658695221,0.0,0.0,0.0,0.0,1273.917724609375,30.18279457092285,186.55210876464844,1144.15185546875,425.31817626953125,0.0,3101.998291015625,0.5444891452789307,32.46660614013672,54.23991775512695,0.0,0.0,0.0,101.75762176513672,101.75762176513672,230.83741760253906,218.52972412109375,221.70286560058594,0.0,0.0,0.0,230.83741760253906,218.52972412109375,221.70286560058594,0.0,0.0,0.0,50.39999771118164,46.79999923706055,47.72814178466797,0.0,0.0,0.0
66.0,19.765552520751953,20221.56640625,1836.469970703125,7936.62255859375,10448.4736328125,1600.0,17.355688095092773,0.0,9318.1357421875,0.0703096017241478,4.704172134399414,0.11198516935110092,1.1383394002914429,3.9148900508880615,1.6123664379119873,2.6226816177368164,4.811262607574463,0.0010312830563634634,0.2729578912258148,0.5055554509162903,0.0,0.0,0.0,0.0,1289.2208251953125,30.69054412841797,186.55210876464844,1066.4906005859375,402.7175598144531,0.0,3109.014892578125,0.5710819959640503,32.75494384765625,55.05498504638672,0.0,0.0,0.0,103.43243408203125,103.43243408203125,228.80055236816406,219.33567810058594,225.23023986816406,0.0,0.0,0.0,228.80055236816406,219.33567810058594,225.23023986816406,0.0,0.0,0.0,49.56847381591797,46.79999923706055,48.5241584777832,0.0,0.0,0.0
67.0,19.996070861816406,20418.0859375,1836.469970703125,8133.14208984375,10448.4736328125,1600.0,17.779207229614258,0.0,9189.2646484375,0.07030988484621048,4.880843639373779,0.11795260012149811,1.1383395195007324,3.9148900508880615,1.6125906705856323,2.6226816177368164,4.823018550872803,0.0010313621023669839,0.2817569673061371,0.5326562523841858,0.0,0.0,0.0,0.0,1337.63916015625,32.32597351074219,186.55210876464844,959.3740844726562,394.8782958984375,0.0,3081.458740234375,0.5360825657844543,33.81083679199219,58.00626754760742,0.0,0.0,0.0,105.11332702636719,105.11332702636719,216.87721252441406,221.38943481445312,218.92868041992188,0.0,0.0,0.0,216.87721252441406,221.38943481445312,218.92868041992188,0.0,0.0,0.0,45.657379150390625,46.977203369140625,46.25743103027344,0.0,0.0,0.0
68.0,20.342269897460938,20539.255859375,1836.469970703125,8254.310546875,10448.4736328125,1600.0,17.386655807495117,0.0,9450.56640625,0.07031021267175674,5.125185966491699,0.12627169489860535,1.1383395195007324,3.9148900508880615,1.6128480434417725,2.6226816177368164,4.838883399963379,0.001031452207826078,0.3008321523666382,0.5909965634346008,0.0,0.0,0.0,10.971099853515625,1404.6033935546875,34.60589599609375,186.55210876464844,1100.74560546875,314.00213623046875,0.0019524904200807214,3106.392578125,0.546558678150177,36.099857330322266,64.3595199584961,0.0,0.0,0.0,106.8221435546875,106.8221435546875,224.39395141601562,253.102294921875,226.65692138671875,0.0,0.0,0.0,224.39395141601562,253.102294921875,226.65692138671875,0.0,0.0,0.0,48.248573303222656,56.64576721191406,48.910491943359375,0.0,0.0,0.0
69.0,20.59942626953125,20633.091796875,1836.469970703125,8348.1474609375,10448.4736328125,1600.0,17.470378875732422,0.0,9450.921875,0.07031037658452988,5.261039733886719,0.13088113069534302,1.1383395195007324,3.9150984287261963,1.6129785776138306,2.6226816177368164,4.847590923309326,0.0010314969113096595,0.3274708688259125,0.6720038652420044,0.0,0.0,0.0,26.004568099975586,1441.8353271484375,35.8691520690918,186.55210876464844,1034.4031982421875,322.04083251953125,0.0017666182247921824,3097.619140625,0.5403757095336914,39.296504974365234,73.18122100830078,0.0,0.0,0.0,108.5975570678711,108.5975570678711,222.28636169433594,250.389892578125,229.05625915527344,0.0,0.0,0.0,222.28636169433594,250.389892578125,229.05625915527344,0.0,0.0,0.0,47.54838180541992,55.7686653137207,49.5285758972168,0.0,0.0,0.0
70.0,20.843097686767578,20694.447265625,1836.469970703125,8409.501953125,10448.4736328125,1600.0,17.294897079467773,0.0,9575.7978515625,0.07031045854091644,5.414538860321045,0.13620665669441223,1.1383395195007324,3.9156477451324463,1.6130434274673462,2.6226816177368164,4.855694770812988,0.0010315199615433812,0.34632423520088196,0.7292793393135071,0.0,0.0,0.0,10.382320404052734,1483.903076171875,37.32866287231445,186.55210876464844,1010.444091796875,406.9515075683594,0.0017666573403403163,3082.56689453125,0.5217295289039612,41.55890655517578,79.41851806640625,0.0,0.0,0.0,110.42607879638672,110.42607879638672,221.32171630859375,249.31576538085938,205.086669921875,0.0,0.0,0.0,221.32171630859375,249.31576538085938,205.086669921875,0.0,0.0,0.0,47.44170379638672,55.62996292114258,42.692955017089844,0.0,0.0,0.0
71.0,21.12090492248535,20855.666015625,1836.469970703125,8570.7216796875,10448.4736328125,1600.0,17.093271255493164,0.0,9763.8173828125,0.07031051814556122,5.615545272827148,0.14314578473567963,1.1383395195007324,3.916212558746338,1.6130881309509277,2.6226816177368164,4.8653564453125,0.0010315356776118279,0.3610847294330597,0.7741084694862366,0.0,0.0,0.0,0.0,1538.99072265625,39.23039627075195,186.55210876464844,845.3130493164062,710.675048828125,0.0,3015.4990234375,0.4893794357776642,43.330169677734375,84.3004150390625,0.0,0.0,0.0,112.32157897949219,112.32157897949219,188.39125061035156,216.46153259277344,200.91952514648438,0.0,0.0,0.0,188.39125061035156,216.46153259277344,200.91952514648438,0.0,0.0,0.0,38.01116943359375,46.22172546386719,41.675689697265625,0.0,0.0,0.0
72.0,21.42443084716797,20954.310546875,1836.469970703125,8669.365234375,10448.4736328125,1600.0,16.629833221435547,0.0,10080.8115234375,0.0703105628490448,5.8514251708984375,0.15124578773975372,1.1383395195007324,3.91670560836792,1.613122820854187,2.6226816177368164,4.876293659210205,0.0010315477848052979,0.3729955554008484,0.8102800846099854,0.0,0.0,0.0,0.0,1603.6357421875,41.45027160644531,186.55210876464844,1059.3997802734375,941.5862426757812,0.0,2710.15185546875,0.1820133626461029,44.75946807861328,88.239501953125,0.0,0.0,0.0,114.2651596069336,114.2651596069336,175.29664611816406,211.1859130859375,188.23391723632812,0.0,0.0,0.0,175.29664611816406,211.1859130859375,188.23391723632812,0.0,0.0,0.0,34.64443588256836,45.14204788208008,38.4285888671875,0.0,0.0,0.0
73.0,21.67674446105957,21160.712890625,1836.469970703125,8755.1513671875,10569.091796875,1600.0,16.151901245117188,0.0,10477.5244140625,0.07031059265136719,6.0543904304504395,0.15818972885608673,1.1383395195007324,3.91705584526062,1.6131459474563599,2.6226816177368164,4.885557651519775,0.001031555701047182,0.381112277507782,0.8349284529685974,0.0,0.0,0.0,0.0,1659.26025390625,43.35332107543945,186.55210876464844,2712.84716796875,1161.465087890625,0.0,1040.997314453125,0.06985926628112793,45.73347473144531,90.92371368408203,0.0,0.0,0.0,116.23747253417969,116.23747253417969,150.06155395507812,173.93386840820312,165.71131896972656,0.0,0.0,0.0,150.06155395507812,173.93386840820312,165.71131896972656,0.0,0.0,0.0,27.74110221862793,34.7237548828125,32.318660736083984,0.0,0.0,0.0
74.0,21.84705352783203,21361.529296875,1836.469970703125,8782.2939453125,10742.7646484375,1600.0,16.191999435424805,0.0,10552.4814453125,0.07031060755252838,6.193314552307129,0.16293098032474518,1.1383395195007324,3.9172756671905518,1.6131600141525269,2.6226816177368164,4.891859531402588,0.001031560474075377,0.3860938549041748,0.8500558733940125,0.0,0.0,0.0,0.0,1697.3336181640625,44.65270233154297,186.55210876464844,2725.08349609375,1161.4752197265625,0.0,1055.6507568359375,0.07080518454313278,34.74844741821289,84.15552520751953,0.0,0.0,0.0,118.20683288574219,118.20683288574219,93.8938980102539,157.33094787597656,130.8482208251953,0.0,0.0,0.0,93.8938980102539,157.33094787597656,130.8482208251953,0.0,0.0,0.0,11.271966934204102,29.82730484008789,22.081104278564453,0.0,0.0,0.0
75.0,21.929569244384766,21404.22265625,1836.469970703125,8790.8828125,10776.87109375,1600.0,16.717153549194336,0.0,10249.3720703125,0.07031061500310898,6.262975692749023,0.16532374918460846,1.1383395195007324,3.9173460006713867,1.6133686304092407,2.6226816177368164,4.895690441131592,0.0010315619874745607,0.38766711950302124,0.85483318567276,0.0,0.0,0.0,0.0,1716.4249267578125,45.30846405029297,186.55210876464844,2709.8662109375,966.82080078125,0.0,1039.116455078125,0.0696752667427063,34.89004135131836,84.62848663330078,0.0,0.0,0.0,120.08384704589844,120.08384704589844,82.49987030029297,160.84866333007812,114.19208526611328,0.0,0.0,0.0,82.49987030029297,160.84866333007812,114.19208526611328,0.0,0.0,0.0,7.41405725479126,30.331079483032227,16.684030532836914,0.0,0.0,0.0
76.0,21.9975643157959,21441.2421875,1836.469970703125,8827.900390625,10776.87109375,1600.0,16.737424850463867,0.0,10257.1787109375,0.07031061500310898,6.32221794128418,0.16736167669296265,1.1383395195007324,3.9173731803894043,1.6137336492538452,2.6226816177368164,4.899603366851807,0.0010315625695511699,0.38826456665992737,0.8566473722457886,0.0,0.0,0.0,0.0,1732.6607666015625,45.866973876953125,186.55210876464844,2790.1416015625,597.90771484375,0.0,1310.0250244140625,0.08781453222036362,37.40746307373047,86.53038024902344,0.0,0.0,0.0,121.83981323242188,121.83981323242188,145.88587951660156,170.51876831054688,142.0775909423828,0.0,0.0,0.0,145.88587951660156,170.51876831054688,142.0775909423828,0.0,0.0,0.0,25.934194564819336,33.139312744140625,24.820270538330078,0.0,0.0,0.0
77.0,22.099903106689453,21496.60546875,1836.469970703125,8883.2646484375,10776.87109375,1600.0,17.57199478149414,0.0,9805.8623046875,0.07031061500310898,6.41202449798584,0.1704469621181488,1.1383395195007324,3.917402744293213,1.6143581867218018,2.6226816177368164,4.905770778656006,0.001031563151627779,0.38891470432281494,0.8586215972900391,0.0,0.0,0.0,0.0,1757.273193359375,46.7125244140625,186.55210876464844,950.4575805664062,425.8805847167969,0.0,2974.009765625,0.4607671797275543,46.669761657714844,93.50389099121094,0.0,0.0,0.0,123.50243377685547,123.50243377685547,211.44000244140625,216.7912139892578,217.66253662109375,0.0,0.0,0.0,211.44000244140625,216.7912139892578,217.66253662109375,0.0,0.0,0.0,44.27420425415039,45.83943557739258,46.09429931640625,0.0,0.0,0.0
78.0,22.190673828125,21514.123046875,1836.469970703125,8900.7822265625,10776.87109375,1600.0,17.80390167236328,0.0,9690.6474609375,0.07031062245368958,6.492988109588623,0.17322619259357452,1.1383395195007324,3.917412042617798,1.6145912408828735,2.6226816177368164,4.911732196807861,0.0010315633844584227,0.389119029045105,0.8592420816421509,0.0,0.0,0.0,0.0,1779.4620361328125,47.47420120239258,186.55210876464844,891.2425537109375,403.27325439453125,0.0,2953.581787109375,0.45571982860565186,46.69428253173828,93.57145690917969,0.0,0.0,0.0,125.10891723632812,125.10891723632812,183.40768432617188,217.0877227783203,202.16310119628906,0.0,0.0,0.0,183.40768432617188,217.0877227783203,202.16310119628906,0.0,0.0,0.0,35.84284591674805,45.69425582885742,41.32880783081055,0.0,0.0,0.0
79.0,22.381736755371094,21669.97265625,1836.469970703125,9056.6318359375,10776.87109375,1600.0,18.193971633911133,0.0,9556.615234375,0.07031062245368958,6.6650166511535645,0.1792437732219696,1.1383395195007324,3.917421340942383,1.6148351430892944,2.6226816177368164,4.923677444458008,0.0010315636172890663,0.38932153582572937,0.8598570823669434,0.0,0.0,0.0,0.0,1826.60791015625,49.12337112426758,186.55210876464844,963.497314453125,395.42791748046875,0.0,2748.679931640625,0.18391960859298706,46.71858596801758,93.63843536376953,0.0,0.0,0.0,126.70551300048828,126.70551300048828,174.90135192871094,217.1271514892578,151.6760711669922,0.0,0.0,0.0,174.90135192871094,217.1271514892578,151.6760711669922,0.0,0.0,0.0,32.96467590332031,45.31571960449219,26.171279907226562,0.0,0.0,0.0
80.0,22.660186767578125,21775.30859375,1836.469970703125,9161.96875,10776.87109375,1600.0,17.77145004272461,0.0,9828.369140625,0.07031062245368958,6.916400909423828,0.18807803094387054,1.1383395195007324,3.9174323081970215,1.6151281595230103,2.6226816177368164,4.940637588500977,0.00103156385011971,0.38956114649772644,0.8605846166610718,0.0,0.0,0.0,0.0,1895.501953125,51.54447937011719,186.55210876464844,935.55908203125,314.4460754394531,0.0,2967.3134765625,0.4834710955619812,46.747337341308594,93.71766662597656,0.0,0.0,0.0,128.3164520263672,128.3164520263672,186.54896545410156,216.77883911132812,207.71302795410156,0.0,0.0,0.0,186.54896545410156,216.77883911132812,207.71302795410156,0.0,0.0,0.0,36.794124603271484,45.63636016845703,42.98461151123047,0.0,0.0,0.0
81.0,22.859386444091797,21808.638671875,1836.469970703125,9195.2978515625,10776.87109375,1600.0,17.802505493164062,0.0,9828.7373046875,0.07031062245368958,7.096472263336182,0.1944132149219513,1.1383395195007324,3.9174392223358154,1.615317463874817,2.6226816177368164,4.952618598937988,0.0010315639665350318,0.3897138237953186,0.8610482215881348,0.0,0.0,0.0,0.0,1944.852294921875,53.280696868896484,186.55210876464844,898.9050903320312,322.5078125,0.0,2943.349365234375,0.47862371802330017,46.76565933227539,93.76815032958984,0.0,0.0,0.0,129.97100830078125,129.97100830078125,186.6587677001953,217.1398468017578,196.8934326171875,0.0,0.0,0.0,186.6587677001953,217.1398468017578,196.8934326171875,0.0,0.0,0.0,36.79518127441406,45.710899353027344,39.788822174072266,0.0,0.0,0.0
82.0,22.95756721496582,21819.18359375,1836.469970703125,9205.84375,10776.87109375,1600.0,17.57875633239746,0.0,9958.6015625,0.07031062245368958,7.186522960662842,0.1975875347852707,1.1383395195007324,3.91744065284729,1.6153539419174194,2.6226816177368164,4.957418441772461,0.0010315639665350318,0.38974303007125854,0.8611369132995605,0.0,0.0,0.0,0.0,1969.5313720703125,54.15064239501953,186.55210876464844,885.248779296875,407.534423828125,0.0,2932.212890625,0.47449836134910583,46.769161224365234,93.7778091430664,0.0,0.0,0.0,131.65220642089844,131.65220642089844,202.59278869628906,216.20440673828125,192.70379638671875,0.0,0.0,0.0,202.59278869628906,216.20440673828125,192.70379638671875,0.0,0.0,0.0,41.67963409423828,45.66103744506836,38.787105560302734,0.0,0.0,0.0
83.0,23.134292602539062,21963.083984375,1836.469970703125,9349.744140625,10776.87109375,1600.0,17.351709365844727,0.0,10154.1435546875,0.07031062245368958,7.349456787109375,0.20331493020057678,1.1383395195007324,3.9174416065216064,1.6153849363327026,2.6226816177368164,4.965353012084961,0.0010315639665350318,0.389767587184906,0.8612114787101746,0.0,0.0,0.0,0.0,2014.184814453125,55.72028732299805,186.55210876464844,2575.14453125,711.6868896484375,0.0,1022.3255004882812,0.068189337849617,46.77210998535156,93.78593444824219,0.0,0.0,0.0,133.376708984375,133.376708984375,187.14356994628906,186.75160217285156,185.4190673828125,0.0,0.0,0.0,187.14356994628906,186.75160217285156,185.4190673828125,0.0,0.0,0.0,37.387786865234375,37.273136138916016,36.883365631103516,0.0,0.0,0.0
84.0,23.389345169067383,22058.099609375,1836.469970703125,9444.759765625,10776.87109375,1600.0,16.77399444580078,0.0,10544.2275390625,0.07031062245368958,7.58499002456665,0.21158650517463684,1.1383395195007324,3.917443037033081,1.6154202222824097,2.6226816177368164,4.976449966430664,0.0010315639665350318,0.38979557156562805,0.8612964749336243,0.0,0.0,0.0,0.0,2078.73486328125,57.987186431884766,186.55210876464844,2235.591064453125,942.92724609375,0.0,1324.771240234375,0.08828216046094894,46.77546691894531,93.7951889038086,0.0,0.0,0.0,135.14712524414062,135.14712524414062,138.67031860351562,181.27044677734375,143.80592346191406,0.0,0.0,0.0,138.67031860351562,181.27044677734375,143.80592346191406,0.0,0.0,0.0,23.787073135375977,36.24761199951172,25.28923988342285,0.0,0.0,0.0
85.0,23.57847023010254,22250.921875,1836.469970703125,9483.404296875,10931.0478515625,1600.0,16.272071838378906,0.0,10959.1875,0.07031062245368958,7.7593865394592285,0.21772359311580658,1.1383395195007324,3.917900800704956,1.6154429912567139,2.6226816177368164,4.984488487243652,0.0010315640829503536,0.3898135721683502,0.8613511323928833,0.0,0.0,0.0,0.0,2126.52978515625,59.66911315917969,186.55210876464844,2543.368408203125,1163.118896484375,0.0,1025.028076171875,0.06826245784759521,46.77762985229492,93.80113983154297,0.0,0.0,0.0,136.96420288085938,136.96420288085938,128.4912109375,170.21578979492188,134.345703125,0.0,0.0,0.0,128.4912109375,170.21578979492188,134.345703125,0.0,0.0,0.0,21.311607360839844,33.516048431396484,23.024045944213867,0.0,0.0,0.0
86.0,23.67930793762207,22454.33984375,1836.469970703125,9496.2998046875,11121.5712890625,1600.0,16.306074142456055,0.0,11037.5888671875,0.07031062245368958,7.851377010345459,0.22098903357982635,1.1383395195007324,3.9192497730255127,1.6154537200927734,2.6226816177368164,4.988674640655518,0.0010315640829503536,0.38982224464416504,0.861377477645874,0.0,0.0,0.0,0.0,2151.74072265625,60.56403732299805,186.55210876464844,2564.158935546875,1163.126708984375,0.0,1049.328369140625,0.06985712051391602,35.08400344848633,85.27637481689453,0.0,0.0,0.0,138.7864227294922,138.7864227294922,144.17037963867188,150.70828247070312,101.30521392822266,0.0,0.0,0.0,144.17037963867188,150.70828247070312,101.30521392822266,0.0,0.0,0.0,25.86376190185547,27.776098251342773,13.325700759887695,0.0,0.0,0.0
87.0,23.72557258605957,22496.265625,1836.469970703125,9500.7548828125,11159.0400390625,1600.0,16.833263397216797,0.0,10720.5400390625,0.07031062245368958,7.893258571624756,0.22244127094745636,1.1383395195007324,3.9202709197998047,1.615458607673645,2.6226816177368164,4.990565299987793,0.0010315640829503536,0.3898259699344635,0.8613887429237366,0.0,0.0,0.0,0.0,2163.21875,60.9620361328125,186.55210876464844,2551.16796875,968.0732421875,0.0,1030.1973876953125,0.06857260316610336,35.08433532714844,85.27748107910156,0.0,0.0,0.0,140.5286102294922,140.5286102294922,82.06351470947266,157.71875,123.6421127319336,0.0,0.0,0.0,82.06351470947266,157.71875,123.6421127319336,0.0,0.0,0.0,7.170315265655518,29.29947280883789,19.332056045532227,0.0,0.0,0.0
88.0,23.744911193847656,22497.673828125,1836.469970703125,9502.1650390625,11159.0400390625,1600.0,16.825149536132812,0.0,10728.7109375,0.07031062245368958,7.910775184631348,0.22309188544750214,1.1383395195007324,3.9205129146575928,1.615520715713501,2.6226816177368164,4.991429805755615,0.0010315640829503536,0.38982656598091125,0.8613906502723694,0.0,0.0,0.0,0.0,2168.019287109375,61.140342712402344,186.55210876464844,2642.020263671875,598.56982421875,0.0,1307.709228515625,0.08703835308551788,35.08439254760742,85.27767181396484,0.0,0.0,0.0,142.17384338378906,142.17384338378906,93.38713073730469,155.40501403808594,124.62039184570312,0.0,0.0,0.0,93.38713073730469,155.40501403808594,124.62039184570312,0.0,0.0,0.0,10.490585327148438,28.630815505981445,19.626314163208008,0.0,0.0,0.0
89.0,23.777467727661133,22524.189453125,1836.469970703125,9528.6796875,11159.0400390625,1600.0,17.64063262939453,0.0,10256.6484375,0.07031062245368958,7.940269947052002,0.22427208721637726,1.1383395195007324,3.920762777328491,1.6156516075134277,2.6226816177368164,4.992928504943848,0.0010315640829503536,0.389827162027359,0.8613923788070679,0.0,0.0,0.0,0.0,2176.1025390625,61.46378707885742,186.55210876464844,2568.326171875,426.2218322753906,0.0,1205.594970703125,0.08023271709680557,46.779258728027344,93.80563354492188,0.0,0.0,0.0,143.73631286621094,143.73631286621094,164.98626708984375,184.7040252685547,176.90689086914062,0.0,0.0,0.0,164.98626708984375,184.7040252685547,176.90689086914062,0.0,0.0,0.0,30.617849349975586,36.38529586791992,34.10463333129883,0.0,0.0,0.0
90.0,23.81573486328125,22532.580078125,1836.469970703125,9537.0693359375,11159.0400390625,1600.0,17.865528106689453,0.0,10136.13671875,0.07031062245368958,7.975170612335205,0.2257167100906372,1.1383395195007324,3.9208126068115234,1.6156808137893677,2.6226816177368164,4.994770050048828,0.0010315640829503536,0.38982728123664856,0.8613927364349365,0.0,0.0,0.0,0.0,2185.66748046875,61.85969924926758,186.55210876464844,862.11767578125,403.5453796386719,0.0,2841.4814453125,0.44718286395072937,46.779273986816406,93.80567169189453,0.0,0.0,0.0,145.23268127441406,145.23268127441406,217.03321838378906,214.42440795898438,183.8679656982422,0.0,0.0,0.0,217.03321838378906,214.42440795898438,183.8679656982422,0.0,0.0,0.0,45.6166877746582,44.853607177734375,35.91585159301758,0.0,0.0,0.0
91.0,24.032814025878906,22740.138671875,1836.469970703125,9744.62890625,11159.0400390625,1600.0,18.292692184448242,0.0,9995.9501953125,0.07031062245368958,8.174365043640137,0.23419813811779022,1.1383395195007324,3.920924186706543,1.6157504320144653,2.6226816177368164,5.00399112701416,0.0010315640829503536,0.38982751965522766,0.8613935112953186,0.0,0.0,0.0,0.0,2240.25830078125,64.18411254882812,186.55210876464844,947.5355224609375,395.65203857421875,0.0,2611.3896484375,0.17364691197872162,46.77930450439453,93.80575561523438,0.0,0.0,0.0,146.73094177246094,146.73094177246094,118.06219482421875,214.59036254882812,191.56314086914062,0.0,0.0,0.0,118.06219482421875,214.59036254882812,191.56314086914062,0.0,0.0,0.0,16.24049949645996,44.47499084472656,37.739524841308594,0.0,0.0,0.0
92.0,24.40118408203125,22890.203125,1836.469970703125,9894.693359375,11159.0400390625,1600.0,17.897281646728516,0.0,10280.1875,0.07031062245368958,8.513063430786133,0.2486586719751358,1.1383395195007324,3.9210782051086426,1.6158479452133179,2.6226816177368164,5.018950462341309,0.0010315640829503536,0.3898278772830963,0.8613945245742798,0.0,0.0,0.0,0.0,2333.081787109375,68.14714813232422,186.55210876464844,970.4151000976562,314.5862121582031,0.0,2762.586181640625,0.3156281113624573,46.77934265136719,93.80587005615234,0.0,0.0,0.0,148.2484588623047,148.2484588623047,186.45616149902344,213.855712890625,179.72348022460938,0.0,0.0,0.0,186.45616149902344,213.855712890625,179.72348022460938,0.0,0.0,0.0,36.641143798828125,44.655513763427734,34.671836853027344,0.0,0.0,0.0
93.0,24.676010131835938,22937.685546875,1836.469970703125,9942.1748046875,11159.0400390625,1600.0,17.937864303588867,0.0,10280.5732421875,0.07031062245368958,8.76600170135498,0.25946754217147827,1.1383395195007324,3.9211807250976562,1.6159135103225708,2.6226816177368164,5.029860973358154,0.0010315640829503536,0.389828085899353,0.8613952398300171,0.0,0.0,0.0,0.0,2402.401611328125,71.10942077636719,186.55210876464844,875.399169921875,322.6268310546875,0.0,2775.86083984375,0.4276270866394043,46.77937316894531,93.80594635009766,0.0,0.0,0.0,149.8146209716797,149.8146209716797,177.55813598632812,213.864501953125,183.2841796875,0.0,0.0,0.0,177.55813598632812,213.864501953125,183.2841796875,0.0,0.0,0.0,33.997894287109375,44.61750030517578,35.672760009765625,0.0,0.0,0.0
94.0,24.813045501708984,22952.708984375,1836.469970703125,9957.19921875,11159.0400390625,1600.0,17.71455192565918,0.0,10416.4130859375,0.07031062245368958,8.89391040802002,0.26494288444519043,1.1383395195007324,3.921196460723877,1.6159237623214722,2.6226816177368164,5.033485412597656,0.0010315640829503536,0.3898281455039978,0.8613953590393066,0.0,0.0,0.0,0.0,2437.456298828125,72.6099853515625,186.55210876464844,850.5497436523438,407.67816162109375,0.0,2768.9892578125,0.4411586821079254,46.77937698364258,93.80595397949219,0.0,0.0,0.0,151.4141387939453,151.4141387939453,202.58087158203125,212.67657470703125,208.2373809814453,0.0,0.0,0.0,202.58087158203125,212.67657470703125,208.2373809814453,0.0,0.0,0.0,41.54035186767578,44.49334716796875,43.194881439208984,0.0,0.0,0.0
95.0,25.14664077758789,23244.138671875,1836.469970703125,10248.62890625,11159.0400390625,1600.0,17.590694427490234,0.0,10620.9365234375,0.07031062245368958,9.206506729125977,0.2782810926437378,1.1383395195007324,3.921213150024414,1.6159344911575317,2.6226816177368164,5.041117191314697,0.0010315640829503536,0.3898281753063202,0.8613954782485962,0.0,0.0,0.0,0.0,2523.126220703125,76.26544189453125,186.55210876464844,859.828125,711.9290771484375,0.0,2502.290283203125,0.3988274037837982,46.779380798339844,93.80596923828125,0.0,0.0,0.0,153.0636749267578,153.0636749267578,213.035888671875,207.04513549804688,207.42306518554688,0.0,0.0,0.0,213.035888671875,207.04513549804688,207.42306518554688,0.0,0.0,0.0,44.72230529785156,42.970008850097656,43.0805549621582,0.0,0.0,0.0
96.0,25.66890525817871,23450.591796875,1836.469970703125,10455.08203125,11159.0400390625,1600.0,17.176069259643555,0.0,10968.900390625,0.07031062245368958,9.696382522583008,0.29915860295295715,1.1383395195007324,3.9212310314178467,1.6159460544586182,2.6226816177368164,5.052599906921387,0.0010315640829503536,0.3898282051086426,0.8613955974578857,0.0,0.0,0.0,0.0,2657.381103515625,81.98710632324219,186.55210876464844,2284.16943359375,943.234130859375,0.0,939.68798828125,0.06225377321243286,46.77938461303711,93.80597686767578,0.0,0.0,0.0,154.76060485839844,154.76060485839844,157.60092163085938,177.39785766601562,142.2681884765625,0.0,0.0,0.0,157.60092163085938,177.39785766601562,142.2681884765625,0.0,0.0,0.0,28.922197341918945,34.712806701660156,24.437376022338867,0.0,0.0,0.0
97.0,26.162736892700195,23761.1171875,1836.469970703125,10636.2080078125,11288.4404296875,1600.0,16.734865188598633,0.0,11400.56640625,0.07031062245368958,10.159448623657227,0.3188750445842743,1.1383395195007324,3.9216222763061523,1.6159546375274658,2.6226816177368164,5.063249111175537,0.0010315640829503536,0.38982823491096497,0.8613956570625305,0.0,0.0,0.0,0.0,2784.28857421875,87.39058685302734,186.55210876464844,2268.80517578125,1163.4873046875,0.0,931.9569091796875,0.0616886168718338,23.389694213867188,76.75035858154297,0.0,0.0,0.0,156.49932861328125,156.49932861328125,158.13351440429688,164.8362579345703,129.4363555908203,0.0,0.0,0.0,158.13351440429688,164.8362579345703,129.4363555908203,0.0,0.0,0.0,29.51918601989746,31.479740142822266,21.125268936157227,0.0,0.0,0.0
98.0,26.510238647460938,24007.4296875,1836.469970703125,10694.12890625,11476.83203125,1600.0,16.789623260498047,0.0,11482.12890625,0.07031062245368958,10.48442554473877,0.3327275216579437,1.1383395195007324,3.92287278175354,1.615959882736206,2.6226816177368164,5.07066535949707,0.0010315640829503536,0.38982826471328735,0.8613957166671753,0.0,0.0,0.0,0.0,2873.351318359375,91.18697357177734,186.55210876464844,2231.1787109375,1163.4910888671875,0.0,929.9130249023438,0.06151660531759262,23.38969612121582,76.75035858154297,0.0,0.0,0.0,158.2450408935547,158.2450408935547,123.84088897705078,143.20614624023438,92.27156066894531,0.0,0.0,0.0,123.84088897705078,143.20614624023438,92.27156066894531,0.0,0.0,0.0,19.433835983276367,25.098175048828125,10.199809074401855,0.0,0.0,0.0
99.0,26.681974411010742,24063.09375,1836.469970703125,10712.798828125,11513.82421875,1600.0,17.340890884399414,0.0,11152.3095703125,0.07031062245368958,10.644765853881836,0.33952003717422485,1.1383395195007324,3.9238314628601074,1.6159623861312866,2.6226816177368164,5.074307441711426,0.0010315640829503536,0.38982826471328735,0.8613957762718201,0.0,0.0,0.0,0.0,2917.294189453125,93.04853057861328,186.55210876464844,2189.83984375,968.3751831054688,0.0,896.735107421875,0.059304218739271164,23.38969612121582,76.75035858154297,0.0,0.0,0.0,159.9166259765625,159.9166259765625,152.74102783203125,153.63880920410156,134.44850158691406,0.0,0.0,0.0,152.74102783203125,153.63880920410156,134.44850158691406,0.0,0.0,0.0,27.335861206054688,27.598459243774414,21.985294342041016,0.0,0.0,0.0
100.0,26.756004333496094,24069.0,1836.469970703125,10718.70703125,11513.82421875,1600.0,17.335407257080078,0.0,11160.814453125,0.07031062245368958,10.7138032913208,0.3424316942691803,1.1383395195007324,3.9243481159210205,1.6159634590148926,2.6226816177368164,5.075870037078857,0.0010315640829503536,0.38982826471328735,0.8613957762718201,0.0,0.0,0.0,0.0,2936.21435546875,93.84649658203125,186.55210876464844,2301.9697265625,598.7338256835938,0.0,1138.643310546875,0.07529281079769135,23.38969612121582,76.7503662109375,0.0,0.0,0.0,161.51431274414062,161.51431274414062,157.78372192382812,166.3551483154297,94.7356185913086,0.0,0.0,0.0,157.78372192382812,166.3551483154297,94.7356185913086,0.0,0.0,0.0,28.81633186340332,31.32347297668457,10.374759674072266,0.0,0.0,0.0
101.0,26.78565788269043,24070.869140625,1836.469970703125,10720.576171875,11513.82421875,2930.02685546875,18.156997680664062,0.0,10669.740234375,0.07031062245368958,10.741432189941406,0.3435942232608795,1.1383395195007324,3.924586296081543,1.6159638166427612,2.6226816177368164,5.076493740081787,0.0010315640829503536,0.38982826471328735,0.8613957762718201,0.0,0.0,0.0,0.0,2943.786376953125,94.16510009765625,186.55210876464844,2232.27197265625,426.3041687011719,0.0,1034.102294921875,0.06837652623653412,27.194202423095703,79.41448211669922,0.0,0.0,0.0,163.0532989501953,163.0532989501953,132.1365966796875,145.45620727539062,131.72259521484375,0.0,0.0,0.0,132.1365966796875,145.45620727539062,131.72259521484375,0.0,0.0,0.0,20.49295425415039,24.388940811157227,20.37186050415039,0.0,0.0,0.0
102.0,26.797012329101562,24071.4609375,1836.469970703125,10721.1669921875,11513.82421875,2930.02685546875,18.38227081298828,0.0,10544.3642578125,0.07031062245368958,10.752044677734375,0.3441106677055359,1.1383395195007324,3.9245922565460205,1.6159638166427612,2.6226816177368164,5.076713562011719,0.0010315640829503536,0.38982826471328735,0.8613957762718201,0.0,0.0,0.0,0.0,2946.69482421875,94.30663299560547,186.55210876464844,2178.677490234375,403.6160583496094,0.0,992.3429565429688,0.06561422348022461,43.97884750366211,91.71851348876953,0.0,0.0,0.0,164.5084991455078,164.5084991455078,131.34579467773438,179.10546875,186.94772338867188,0.0,0.0,0.0,131.34579467773438,179.10546875,186.94772338867188,0.0,0.0,0.0,20.036373138427734,34.006080627441406,36.2999382019043,0.0,0.0,0.0
103.0,27.00400733947754,24283.5078125,1836.469970703125,10933.212890625,11513.82421875,2930.02685546875,18.814455032348633,0.0,10398.53125,0.07031062245368958,10.945037841796875,0.35403797030448914,1.1383395195007324,3.9246270656585693,1.6159638166427612,2.6226816177368164,5.080753803253174,0.0010315640829503536,0.38982826471328735,0.8613957762718201,0.0,0.0,0.0,0.0,2999.586181640625,97.02729797363281,186.55210876464844,801.065673828125,395.70428466796875,0.0,2231.43505859375,0.1474996954202652,38.85696029663086,87.91983032226562,0.0,0.0,0.0,165.93658447265625,165.93658447265625,113.69940948486328,208.08164978027344,138.5452117919922,0.0,0.0,0.0,113.69940948486328,208.08164978027344,138.5452117919922,0.0,0.0,0.0,14.442621231079102,42.0494270324707,21.710018157958984,0.0,0.0,0.0
104.0,27.406064987182617,24468.578125,1836.469970703125,11118.283203125,11513.82421875,2930.02685546875,18.425106048583984,0.0,10694.2216796875,0.07031062245368958,11.319856643676758,0.3733549118041992,1.1383395195007324,3.9246819019317627,1.6159639358520508,2.6226816177368164,5.088621139526367,0.0010315640829503536,0.38982826471328735,0.8613957762718201,0.0,0.0,0.0,0.0,3102.30859375,102.32127380371094,186.55210876464844,747.4047241210938,314.6087951660156,0.0,2453.4091796875,0.4013954699039459,40.14674758911133,88.86212921142578,0.0,0.0,0.0,167.3875732421875,167.3875732421875,173.82785034179688,208.71253967285156,181.13377380371094,0.0,0.0,0.0,173.82785034179688,208.71253967285156,181.13377380371094,0.0,0.0,0.0,32.41954040527344,42.62331008911133,34.556522369384766,0.0,0.0,0.0
105.0,27.728469848632812,24527.134765625,1836.469970703125,11176.83984375,11513.82421875,2930.02685546875,18.472431182861328,0.0,10694.623046875,0.07031062245368958,11.620404243469238,0.38885584473609924,1.1383395195007324,3.9247212409973145,1.6159639358520508,2.6226816177368164,5.094937324523926,0.0010315640829503536,0.38982826471328735,0.8613957762718201,0.0,0.0,0.0,0.0,3184.276611328125,106.55606842041016,186.52439880371094,701.347900390625,322.6166687011719,0.0,2412.181396484375,0.4036974310874939,35.387451171875,85.49029541015625,0.0,0.0,0.0,168.88829040527344,168.88829040527344,198.72665405273438,203.4545440673828,181.7722930908203,0.0,0.0,0.0,198.72665405273438,203.4545440673828,181.7722930908203,0.0,0.0,0.0,39.655113220214844,41.038021087646484,34.69596481323242,0.0,0.0,0.0
106.0,27.892240524291992,24545.662109375,1836.469970703125,11195.3681640625,11513.82421875,2930.02685546875,18.2435302734375,0.0,10835.927734375,0.07031062245368958,11.773069381713867,0.39673182368278503,1.1383395195007324,3.9247398376464844,1.6159640550613403,2.6226816177368164,5.098148345947266,0.0010315640829503536,0.38982826471328735,0.8613957762718201,0.0,0.0,0.0,0.0,3221.115234375,108.54595184326172,186.1450653076172,888.0380249023438,407.3432922363281,0.0,2190.6259765625,0.14461593329906464,38.67819595336914,87.79464721679688,0.0,0.0,0.0,170.42210388183594,170.42210388183594,163.93939208984375,197.52732849121094,182.0128173828125,0.0,0.0,0.0,163.93939208984375,197.52732849121094,182.0128173828125,0.0,0.0,0.0,29.708740234375,39.53321075439453,34.99522018432617,0.0,0.0,0.0
107.0,27.963600158691406,24551.525390625,1836.469970703125,11201.23046875,11513.82421875,2930.02685546875,17.892101287841797,0.0,11048.6953125,0.07031062245368958,11.839531898498535,0.4001641273498535,1.1383395195007324,3.924805164337158,1.6159640550613403,2.6226816177368164,5.099546909332275,0.0010315640829503536,0.38982826471328735,0.8613957762718201,0.0,0.0,0.0,0.0,3217.759765625,108.75700378417969,184.93540954589844,2026.529541015625,708.989501953125,0.0,902.7865600585938,0.05959201604127884,35.08454513549805,85.27818298339844,0.0,0.0,0.0,171.98834228515625,171.98834228515625,103.67396545410156,163.40269470214844,146.45550537109375,0.0,0.0,0.0,103.67396545410156,163.40269470214844,146.45550537109375,0.0,0.0,0.0,12.432533264160156,29.903188705444336,24.94613265991211,0.0,0.0,0.0
108.0,27.992387771606445,24553.453125,1836.469970703125,11203.1591796875,11513.82421875,2930.02685546875,17.305734634399414,0.31753021478652954,11417.64453125,0.07031062245368958,11.866348266601562,0.40154993534088135,1.1383395195007324,3.9248149394989014,1.6159640550613403,2.6226816177368164,5.100122928619385,0.0010315640829503536,0.38982826471328735,0.8613957762718201,0.0,0.0,0.0,0.0,3227.664794921875,109.22219848632812,185.0614471435547,2046.1763916015625,939.7069091796875,0.0,888.8516845703125,0.05866951867938042,35.08454513549805,85.27818298339844,0.0,0.0,0.0,173.58041381835938,173.58041381835938,151.30372619628906,166.1097869873047,156.27525329589844,0.0,0.0,0.0,151.30372619628906,166.1097869873047,156.27525329589844,0.0,0.0,0.0,26.633075714111328,30.963850021362305,28.08724594116211,0.0,0.0,0.0
109.0,28.413658142089844,25119.2578125,1836.469970703125,11632.2158203125,11650.5732421875,2930.02685546875,17.022830963134766,0.0,11866.96875,0.07031062245368958,12.246580123901367,0.42089906334877014,1.1514458656311035,3.925229549407959,1.6159640550613403,2.6226816177368164,5.108292579650879,0.0010315640829503536,0.38982826471328735,0.8613957762718201,0.0,0.0,0.0,0.0,3306.9150390625,113.65438079833984,186.22592163085938,2060.72509765625,1155.0318603515625,0.0,895.382080078125,0.059061914682388306,23.38969612121582,76.7503662109375,0.0,0.0,0.0,175.2070770263672,175.2070770263672,124.94649505615234,144.16644287109375,122.7476577758789,0.0,0.0,0.0,124.94649505615234,144.16644287109375,122.7476577758789,0.0,0.0,0.0,19.524017333984375,25.14585304260254,18.880857467651367,0.0,0.0,0.0
110.0,29.009536743164062,25479.9453125,1836.469970703125,11796.1533203125,11847.3212890625,2930.02685546875,17.145423889160156,0.0,11951.8662109375,0.07031062245368958,12.740009307861328,0.4456999599933624,1.2171883583068848,3.9265356063842773,1.6159640550613403,2.6226816177368164,5.118892192840576,0.0010315640829503536,0.38982826471328735,0.8613957762718201,0.0,0.0,0.0,0.0,3392.048095703125,118.66834259033203,194.54660034179688,2049.0322265625,1147.173828125,0.0,872.0234985351562,0.05747224763035774,23.38969612121582,76.7503662109375,0.0,0.0,0.0,176.83535766601562,176.83535766601562,80.61847686767578,139.96014404296875,95.59812927246094,0.0,0.0,0.0,80.61847686767578,139.96014404296875,95.59812927246094,0.0,0.0,0.0,6.435482025146484,23.792917251586914,10.81702995300293,0.0,0.0,0.0
111.0,29.41384506225586,25616.49609375,1836.469970703125,11894.0673828125,11885.9580078125,2930.02685546875,17.762502670288086,0.0,11608.560546875,0.07031062245368958,13.028173446655273,0.46031272411346436,1.3114702701568604,3.9275920391082764,1.6159640550613403,2.6226816177368164,5.125083923339844,0.0010315640829503536,0.38982826471328735,0.8613957762718201,0.0,0.0,0.0,0.0,3419.563720703125,120.82037353515625,206.8793487548828,2033.9202880859375,948.241455078125,0.0,813.5274047851562,0.05359030142426491,22.09377670288086,75.78440856933594,0.0,0.0,0.0,178.39724731445312,178.39724731445312,109.98792266845703,144.3805389404297,118.63591766357422,0.0,0.0,0.0,109.98792266845703,144.3805389404297,118.63591766357422,0.0,0.0,0.0,14.408965110778809,24.46880340576172,16.938505172729492,0.0,0.0,0.0
112.0,29.679407119750977,25664.458984375,1836.469970703125,11942.03125,11885.9580078125,2930.02685546875,17.785367965698242,0.0,11617.400390625,0.07031062245368958,13.202213287353516,0.46953028440475464,1.3893049955368042,3.9283204078674316,1.6159640550613403,2.6226816177368164,5.128827095031738,0.0010315640829503536,0.38982826471328735,0.8613957762718201,0.0,0.0,0.0,0.0,3515.8828125,125.04065704345703,220.491943359375,2058.20947265625,590.38720703125,0.0,1035.12890625,0.06816781312227249,23.38969612121582,76.7503662109375,0.0,0.0,0.0,179.88714599609375,179.88714599609375,110.38787841796875,149.00962829589844,122.77948760986328,0.0,0.0,0.0,110.38787841796875,149.00962829589844,122.77948760986328,0.0,0.0,0.0,14.503087997436523,25.79994773864746,18.12763214111328,0.0,0.0,0.0
113.0,29.81402015686035,25679.634765625,1836.469970703125,11957.20703125,11885.9580078125,2930.02685546875,18.638771057128906,0.0,11106.240234375,0.07031062245368958,13.28610610961914,0.4740503430366516,1.4333194494247437,3.9286997318267822,1.6159640550613403,2.6226816177368164,5.130631923675537,0.0010315640829503536,0.38982826471328735,0.8613957762718201,0.0,0.0,0.0,0.0,3482.384521484375,124.25202178955078,224.780517578125,2038.4593505859375,417.1530456542969,0.0,912.3800659179688,0.06007569655776024,23.38969612121582,76.7503662109375,0.0,0.0,0.0,181.31982421875,181.31982421875,91.86561584472656,145.06231689453125,105.7071533203125,0.0,0.0,0.0,91.86561584472656,145.06231689453125,105.7071533203125,0.0,0.0,0.0,8.23192310333252,23.791955947875977,12.280571937561035,0.0,0.0,0.0
114.0,29.872617721557617,27196.736328125,3348.77001953125,11962.0087890625,11885.9580078125,2930.02685546875,19.98427391052246,0.0,10975.73828125,0.07031062245368958,13.337916374206543,0.4774829149246216,1.435563087463379,3.928718090057373,1.6159640550613403,2.6226816177368164,5.131724834442139,0.0010315640829503536,0.38982826471328735,0.8613957762718201,0.0,0.0,0.0,0.0,3473.55712890625,124.34957122802734,224.18568420410156,2030.6583251953125,393.73870849609375,0.0,865.2969360351562,0.05697100982069969,22.454917907714844,76.05359649658203,0.0,0.0,0.0,182.67401123046875,182.67401123046875,87.64645385742188,150.50570678710938,115.73052215576172,0.0,0.0,0.0,87.64645385742188,150.50570678710938,115.73052215576172,0.0,0.0,0.0,5.652313232421875,24.038644790649414,13.866903305053711,0.0,0.0,0.0
115.0,30.39845848083496,27722.98046875,3348.77001953125,12488.2529296875,11885.9580078125,2930.02685546875,20.667797088623047,0.0,10823.939453125,0.07031062245368958,13.815746307373047,0.5070853233337402,1.4437930583953857,3.9287848472595215,1.6159640550613403,2.6226816177368164,5.141838073730469,0.0010315640829503536,0.38982826471328735,0.8613957762718201,0.0,0.0,0.0,0.0,3518.391845703125,129.13705444335938,222.30148315429688,568.552734375,381.9451904296875,0.0,2165.7822265625,0.32138416171073914,35.08454513549805,85.27818298339844,0.0,0.0,0.0,183.98284912109375,183.98284912109375,182.72715759277344,191.06228637695312,180.3074188232422,0.0,0.0,0.0,182.72715759277344,191.06228637695312,180.3074188232422,0.0,0.0,0.0,32.7798957824707,35.21792221069336,32.07212448120117,0.0,0.0,0.0
116.0,31.27022361755371,28046.583984375,3348.77001953125,12811.8544921875,11885.9580078125,2930.02685546875,20.320024490356445,0.0,11131.7255859375,0.07031062245368958,14.609971046447754,0.5562254190444946,1.4552637338638306,3.928877115249634,1.6159640550613403,2.6226816177368164,5.158675193786621,0.0010315640829503536,0.38982826471328735,0.8613957762718201,0.0,0.0,0.0,0.0,3692.739501953125,140.58860778808594,223.0345001220703,742.83056640625,302.598388671875,0.0,2090.509765625,0.13736985623836517,35.08454513549805,85.27818298339844,0.0,0.0,0.0,185.29425048828125,185.29425048828125,138.08468627929688,190.8334503173828,156.08570861816406,0.0,0.0,0.0,138.08468627929688,190.8334503173828,156.08570861816406,0.0,0.0,0.0,20.069747924804688,35.49876022338867,25.335044860839844,0.0,0.0,0.0
117.0,31.88735580444336,28148.97265625,3348.77001953125,12914.2451171875,11885.9580078125,2930.02685546875,20.39719009399414,0.0,11132.142578125,0.07031062245368958,15.145526885986328,0.5890980362892151,1.492548942565918,3.9289333820343018,1.6159640550613403,2.6226816177368164,5.170036792755127,0.0010315640829503536,0.38982826471328735,0.8613957762718201,0.0,0.0,0.0,0.0,3764.272705078125,146.41456604003906,226.12908935546875,687.8634643554688,307.88916015625,0.0,2058.664794921875,0.1351655125617981,35.08454513549805,85.27818298339844,0.0,0.0,0.0,186.6450653076172,186.6450653076172,101.6729736328125,190.0401153564453,139.44219970703125,0.0,0.0,0.0,101.6729736328125,190.0401153564453,139.44219970703125,0.0,0.0,0.0,9.342153549194336,35.18954086303711,20.3896541595459,0.0,0.0,0.0
118.0,32.207916259765625,28229.833984375,3348.77001953125,12995.10546875,11885.9580078125,2930.02685546875,20.186033248901367,0.0,11279.2333984375,0.07031062245368958,15.402657508850098,0.6048454642295837,1.534696102142334,3.9289450645446777,1.6159640550613403,2.6226816177368164,5.175561904907227,0.0010315640829503536,0.38982826471328735,0.8613957762718201,0.0,0.0,0.0,0.0,3805.927978515625,149.45462036132812,231.3871612548828,569.4910888671875,387.9993591308594,0.0,2144.487060546875,0.3302832543849945,35.08454513549805,85.27818298339844,0.0,0.0,0.0,188.0140380859375,188.0140380859375,159.8837432861328,189.34112548828125,180.99386596679688,0.0,0.0,0.0,159.8837432861328,189.34112548828125,180.99386596679688,0.0,0.0,0.0,26.57996368408203,35.19624710083008,32.75467300415039,0.0,0.0,0.0
119.0,32.78606414794922,28634.001953125,3348.77001953125,13399.2734375,11885.9580078125,2930.02685546875,20.07468032836914,0.0,11500.69140625,0.07031062245368958,15.869362831115723,0.6342353820800781,1.6047710180282593,3.928957939147949,1.6159640550613403,2.6226816177368164,5.187526226043701,0.0010315640829503536,0.38982826471328735,0.8613957762718201,0.0,0.0,0.0,0.0,3850.511962890625,153.88966369628906,238.78225708007812,616.8773803710938,671.884521484375,0.0,1904.776123046875,0.12489832937717438,35.08454513549805,85.27818298339844,0.0,0.0,0.0,189.41419982910156,189.41419982910156,140.03546142578125,185.8846893310547,143.9397735595703,0.0,0.0,0.0,140.03546142578125,185.8846893310547,143.9397735595703,0.0,0.0,0.0,20.885690689086914,34.29658889770508,22.0277042388916,0.0,0.0,0.0
120.0,33.39763259887695,28764.35546875,3348.77001953125,13529.6259765625,11885.9580078125,2930.02685546875,19.642200469970703,0.0,11802.0498046875,0.07031062245368958,16.31995391845703,0.6619291305541992,1.722921371459961,3.928969144821167,1.6159640550613403,2.6226816177368164,5.202645301818848,0.0010315640829503536,0.38982826471328735,0.8613957762718201,0.0,0.0,0.0,0.0,3918.4072265625,158.92861938476562,253.937744140625,1856.8035888671875,885.8873291015625,0.0,569.5985107421875,0.037306610494852066,32.105712890625,83.05780792236328,0.0,0.0,0.0,190.84829711914062,190.84829711914062,132.16552734375,151.93833923339844,132.53750610351562,0.0,0.0,0.0,132.16552734375,151.93833923339844,132.53750610351562,0.0,0.0,0.0,19.016216278076172,24.79976463317871,19.12502098083496,0.0,0.0,0.0
121.0,33.76570510864258,29004.5625,3348.77001953125,13670.1591796875,11985.6337890625,2930.02685546875,19.042001724243164,0.0,12266.5068359375,0.07031062245368958,16.50893783569336,0.6731524467468262,1.8826297521591187,3.9293203353881836,1.6159640550613403,2.6226816177368164,5.210453987121582,0.0010315640829503536,0.38982826471328735,0.8613957762718201,0.0,0.0,0.0,0.0,3973.582275390625,162.02293395996094,276.9099426269531,1904.59423828125,1093.9698486328125,0.0,587.645751953125,0.038465745747089386,11.69484806060791,59.69472885131836,0.0,0.0,0.0,192.30735778808594,192.30735778808594,84.73201751708984,134.6062469482422,123.50829315185547,0.0,0.0,0.0,84.73201751708984,134.6062469482422,123.50829315185547,0.0,0.0,0.0,5.742112159729004,20.330326080322266,17.08417320251465,0.0,0.0,0.0
122.0,34.14060592651367,29291.060546875,3348.77001953125,13769.734375,12172.556640625,2930.02685546875,19.093692779541016,0.0,12354.2626953125,0.07031062245368958,16.666685104370117,0.6832458972930908,2.08089280128479,3.931025743484497,1.6159640550613403,2.6226816177368164,5.21754264831543,0.0010315640829503536,0.38982826471328735,0.8613957762718201,0.0,0.0,0.0,0.0,4002.64990234375,164.08746337890625,304.39056396484375,1902.259765625,1092.84326171875,0.0,590.1445922851562,0.0386088564991951,11.69484806060791,59.69472885131836,0.0,0.0,0.0,193.76702880859375,193.76702880859375,103.45970916748047,136.30010986328125,124.10627746582031,0.0,0.0,0.0,103.45970916748047,136.30010986328125,124.10627746582031,0.0,0.0,0.0,11.1682710647583,20.774089813232422,17.207393646240234,0.0,0.0,0.0
123.0,34.37449264526367,29385.8046875,3348.77001953125,13827.87109375,12209.1640625,2930.02685546875,19.739404678344727,0.0,11999.392578125,0.07031062245368958,16.743751525878906,0.6882321238517761,2.227362632751465,3.9327752590179443,1.6159640550613403,2.6226816177368164,5.221160411834717,0.0010315640829503536,0.38982826471328735,0.8613957762718201,0.0,0.0,0.0,0.0,3987.4912109375,163.901123046875,323.1961669921875,1885.8072509765625,906.0787353515625,0.0,549.45849609375,0.0359373539686203,11.69484806060791,59.69472885131836,0.0,0.0,0.0,195.179443359375,195.179443359375,121.26232147216797,144.4818572998047,127.88861083984375,0.0,0.0,0.0,121.26232147216797,144.4818572998047,127.88861083984375,0.0,0.0,0.0,15.729823112487793,22.521535873413086,17.668012619018555,0.0,0.0,0.0
124.0,34.53962326049805,29418.9296875,3348.77001953125,13860.99609375,12209.1640625,2930.02685546875,19.749652862548828,0.0,12008.537109375,0.07031062245368958,16.791358947753906,0.691362738609314,2.3380181789398193,3.9342198371887207,1.6159640550613403,2.6226816177368164,5.223453521728516,0.0010315640829503536,0.38982826471328735,0.8613957762718201,0.0,0.0,0.0,0.0,4050.93408203125,166.79202270507812,341.3109130859375,1941.49853515625,563.5321655273438,0.0,754.26904296875,0.04932459443807602,11.69484806060791,62.07154846191406,0.0,0.0,0.0,196.54537963867188,196.54537963867188,114.06122589111328,149.04754638671875,127.7593765258789,0.0,0.0,0.0,114.06122589111328,149.04754638671875,127.7593765258789,0.0,0.0,0.0,13.613255500793457,23.846755981445312,17.619966506958008,0.0,0.0,0.0
125.0,34.626808166503906,29429.41015625,3348.77001953125,13871.4765625,12209.1640625,2930.02685546875,20.693355560302734,0.0,11480.162109375,0.07031062245368958,16.814590454101562,0.6928989291191101,2.3984761238098145,3.9350414276123047,1.6159640550613403,2.6226816177368164,5.22459077835083,0.0010315640829503536,0.38982826471328735,0.8613957762718201,0.0,0.0,0.0,0.0,3999.374267578125,164.80699157714844,346.63330078125,1907.6156005859375,398.6448974609375,0.0,646.413818359375,0.04226795583963394,11.69484806060791,59.69472885131836,0.0,0.0,0.0,197.87449645996094,197.87449645996094,80.42737579345703,143.0423126220703,115.83236694335938,0.0,0.0,0.0,80.42737579345703,143.0423126220703,115.83236694335938,0.0,0.0,0.0,2.8316502571105957,21.146520614624023,13.187609672546387,0.0,0.0,0.0
126.0,34.66545104980469,29432.7265625,3348.77001953125,13874.79296875,12209.1640625,2930.02685546875,20.951858520507812,0.0,11345.271484375,0.07031062245368958,16.846393585205078,0.6956337690353394,2.4018025398254395,3.935086965560913,1.6159640550613403,2.6226816177368164,5.225320816040039,0.0010315640829503536,0.38982826471328735,0.8613957762718201,0.0,0.0,0.0,0.0,3986.2109375,164.60157775878906,345.95428466796875,1893.3184814453125,376.540283203125,0.0,604.7391967773438,0.03954090178012848,11.69484806060791,59.69472885131836,0.0,0.0,0.0,199.14190673828125,199.14190673828125,107.61708068847656,138.1331787109375,101.3173828125,0.0,0.0,0.0,107.61708068847656,138.1331787109375,101.3173828125,0.0,0.0,0.0,10.526138305664062,19.452096939086914,8.683476448059082,0.0,0.0,0.0
127.0,34.97795486450195,29743.845703125,3348.77001953125,14185.9111328125,12209.1640625,2930.02685546875,21.48193359375,0.0,11188.359375,0.07031062245368958,17.115659713745117,0.7163284420967102,2.4146227836608887,3.935944080352783,1.6159640550613403,2.6226816177368164,5.23418664932251,0.0010315640829503536,0.38982826471328735,0.8613957762718201,0.0,0.0,0.0,0.0,4000.037353515625,167.41046142578125,345.0970153808594,1827.3348388671875,367.09759521484375,0.0,528.7212524414062,0.03454843908548355,23.38969612121582,76.7503662109375,0.0,0.0,0.0,200.36993408203125,200.36993408203125,132.51109313964844,153.26597595214844,136.3848419189453,0.0,0.0,0.0,132.51109313964844,153.26597595214844,136.3848419189453,0.0,0.0,0.0,17.27756118774414,23.348363876342773,18.410633087158203,0.0,0.0,0.0
128.0,35.409568786621094,29847.951171875,3348.77001953125,14290.017578125,12209.1640625,2930.02685546875,20.948646545410156,0.0,11506.5107421875,0.07031062245368958,17.451438903808594,0.7416772246360779,2.470005512237549,3.9385406970977783,1.6159640550613403,2.6226816177368164,5.246693134307861,0.0010315640829503536,0.38982826471328735,0.8613957762718201,0.0,0.0,0.0,0.0,4106.75244140625,174.53488159179688,354.3082580566406,552.9752807617188,292.775390625,0.0,1956.3648681640625,0.12772011756896973,29.78432846069336,81.32748413085938,0.0,0.0,0.0,201.5923309326172,201.5923309326172,105.63868713378906,190.33226013183594,138.41297912597656,0.0,0.0,0.0,105.63868713378906,190.33226013183594,138.41297912597656,0.0,0.0,0.0,9.950669288635254,34.723541259765625,19.537151336669922,0.0,0.0,0.0
129.0,35.68609619140625,29961.7578125,3348.77001953125,14403.82421875,12209.1640625,2930.02685546875,21.031230926513672,0.0,11506.94140625,0.07031062245368958,17.597707748413086,0.7523527145385742,2.5821378231048584,3.940122365951538,1.6159640550613403,2.6226816177368164,5.252562046051025,0.0010315640829503536,0.38982826471328735,0.8613957762718201,0.0,0.0,0.0,0.0,4121.8759765625,176.22207641601562,368.7763671875,474.33367919921875,299.6116943359375,0.0,1998.8787841796875,0.2596730887889862,28.012981414794922,80.00714874267578,0.0,0.0,0.0,202.85540771484375,202.85540771484375,176.89755249023438,186.89248657226562,171.78018188476562,0.0,0.0,0.0,176.89755249023438,186.89248657226562,171.78018188476562,0.0,0.0,0.0,30.711301803588867,33.63481903076172,29.214473724365234,0.0,0.0,0.0
130.0,35.984806060791016,30042.822265625,3348.77001953125,14484.888671875,12209.1640625,2930.02685546875,20.809343338012695,0.0,11658.9814453125,0.07031062245368958,17.72867202758789,0.7627409100532532,2.7240235805511475,3.941720962524414,1.6159640550613403,2.6226816177368164,5.2664361000061035,0.0010315640829503536,0.38982826471328735,0.8613957762718201,0.0,0.0,0.0,0.0,4145.28662109375,178.3427276611328,387.91845703125,509.1998291015625,378.2917175292969,0.0,1943.392822265625,0.1266910880804062,27.155338287353516,79.38726806640625,0.0,0.0,0.0,204.1431427001953,204.1431427001953,133.526611328125,189.34283447265625,165.15695190429688,0.0,0.0,0.0,133.526611328125,189.34283447265625,165.15695190429688,0.0,0.0,0.0,18.2471923828125,34.57343673706055,27.49906349182129,0.0,0.0,0.0
131.0,36.173095703125,30077.123046875,3348.77001953125,14519.189453125,12209.1640625,2930.02685546875,20.424901962280273,0.0,11887.904296875,0.07031062245368958,17.803003311157227,0.7687118053436279,2.8174943923950195,3.942685604095459,1.6159640550613403,2.6226816177368164,5.279990196228027,0.0010315640829503536,0.38982826471328735,0.8613957762718201,0.0,0.0,0.0,0.0,4131.82568359375,178.4071502685547,399.5181579589844,1577.51171875,658.4165649414062,0.0,756.1035766601562,0.04924217239022255,23.38969612121582,76.7503662109375,0.0,0.0,0.0,205.4697723388672,205.4697723388672,140.51283264160156,167.71009826660156,138.22467041015625,0.0,0.0,0.0,140.51283264160156,167.71009826660156,138.22467041015625,0.0,0.0,0.0,20.67510414123535,28.63030433654785,20.00581169128418,0.0,0.0,0.0
132.0,36.26884841918945,30087.9765625,3348.77001953125,14530.04296875,12209.1640625,2930.02685546875,19.963050842285156,0.0,12162.173828125,0.07031062245368958,17.83745765686035,0.7714667320251465,2.8648569583892822,3.943150758743286,1.6159640550613403,2.6226816177368164,5.290706157684326,0.0010315640829503536,0.38982826471328735,0.8613957762718201,0.0,0.0,0.0,0.0,4139.6162109375,179.03762817382812,406.14569091796875,1802.908935546875,872.2557983398438,0.0,485.2175598144531,0.03157559409737587,23.38969612121582,76.7503662109375,0.0,0.0,0.0,206.83062744140625,206.83062744140625,138.49465942382812,152.49159240722656,130.95127868652344,0.0,0.0,0.0,138.49465942382812,152.49159240722656,130.95127868652344,0.0,0.0,0.0,20.54663848876953,24.640743255615234,18.340198516845703,0.0,0.0,0.0
133.0,36.31282424926758,30176.70703125,3348.77001953125,14535.8056640625,12292.1298828125,2930.02685546875,19.248172760009766,0.0,12640.8017578125,0.07031062245368958,17.84787368774414,0.7722874283790588,2.892383337020874,3.9437081813812256,1.6159640550613403,2.6226816177368164,5.295358180999756,0.0010315640829503536,0.38982826471328735,0.8613957762718201,0.0,0.0,0.0,0.0,4179.61181640625,180.8541259765625,412.13018798828125,1852.822998046875,1080.4019775390625,0.0,529.1078491210938,0.03441997617483139,11.69484806060791,59.69472885131836,0.0,0.0,0.0,208.22482299804688,208.22482299804688,104.26630401611328,129.63197326660156,98.8630599975586,0.0,0.0,0.0,104.26630401611328,129.63197326660156,98.8630599975586,0.0,0.0,0.0,11.24972152709961,18.669178009033203,9.669272422790527,0.0,0.0,0.0
134.0,36.35627365112305,30426.990234375,3348.77001953125,14603.314453125,12474.9052734375,2930.02685546875,19.269750595092773,0.0,12731.236328125,0.07031062245368958,17.849571228027344,0.7724148631095886,2.9319260120391846,3.944850444793701,1.6159640550613403,2.6226816177368164,5.296299934387207,0.0010315640829503536,0.38982826471328735,0.8613957762718201,0.0,0.0,0.0,0.0,4199.09716796875,181.70997619628906,418.27825927734375,1855.5284423828125,1082.571533203125,0.0,557.2551879882812,0.03624850511550903,11.69484806060791,59.69472885131836,0.0,0.0,0.0,209.62599182128906,209.62599182128906,101.77848815917969,134.27525329589844,121.49468231201172,0.0,0.0,0.0,101.77848815917969,134.27525329589844,121.49468231201172,0.0,0.0,0.0,10.500457763671875,20.005760192871094,16.26744270324707,0.0,0.0,0.0
135.0,36.52936935424805,30558.46484375,3348.77001953125,14699.060546875,12510.6337890625,2930.02685546875,19.943490982055664,0.0,12365.53515625,0.07031062245368958,17.854028701782227,0.7727648615837097,3.0933191776275635,3.949147939682007,1.6159640550613403,2.6226816177368164,5.298895835876465,0.0010315640829503536,0.38982826471328735,0.8613957762718201,0.0,0.0,0.0,0.0,4162.52880859375,180.16416931152344,438.5074157714844,1845.322021484375,897.4063720703125,0.0,522.8223266601562,0.03400220349431038,11.69484806060791,59.69472885131836,0.0,0.0,0.0,210.9895782470703,210.9895782470703,117.74207305908203,144.4674072265625,124.00544738769531,0.0,0.0,0.0,117.74207305908203,144.4674072265625,124.00544738769531,0.0,0.0,0.0,14.496065139770508,22.31322479248047,16.328102111816406,0.0,0.0,0.0
136.0,36.72773742675781,30609.818359375,3348.77001953125,14750.4140625,12510.6337890625,2930.02685546875,19.964643478393555,0.0,12374.96484375,0.07031062245368958,17.85832405090332,0.773103654384613,3.2796714305877686,3.953972101211548,1.6159640550613403,2.6226816177368164,5.301456451416016,0.0010315640829503536,0.38982826471328735,0.8613957762718201,0.0,0.0,0.0,0.0,4222.4248046875,182.79275512695312,467.4713134765625,1908.2235107421875,558.3472900390625,0.0,712.5061645507812,0.04632972553372383,11.69484806060791,59.69472885131836,0.0,0.0,0.0,212.31402587890625,212.31402587890625,103.74679565429688,148.8839874267578,127.18978118896484,0.0,0.0,0.0,103.74679565429688,148.8839874267578,127.18978118896484,0.0,0.0,0.0,10.381294250488281,23.58392333984375,17.238367080688477,0.0,0.0,0.0
137.0,36.84466552734375,30626.06640625,3348.77001953125,14766.6630859375,12510.6337890625,2930.02685546875,20.923261642456055,0.0,11830.4658203125,0.07031062245368958,17.860595703125,0.7732834219932556,3.3890106678009033,3.9577324390411377,1.6159640550613403,2.6226816177368164,5.302832126617432,0.0010315640829503536,0.38982826471328735,0.8613957762718201,0.0,0.0,0.0,0.0,4155.27685546875,179.90478515625,478.19549560546875,1868.927734375,394.6754150390625,0.0,606.7356567382812,0.03944815695285797,11.69484806060791,59.69472885131836,0.0,0.0,0.0,213.60797119140625,213.60797119140625,129.65484619140625,143.39761352539062,122.26090240478516,0.0,0.0,0.0,129.65484619140625,143.39761352539062,122.26090240478516,0.0,0.0,0.0,17.000782012939453,21.020544052124023,14.838053703308105,0.0,0.0,0.0
138.0,36.8992805480957,30632.548828125,3348.77001953125,14773.14453125,12510.6337890625,2930.02685546875,21.1868839263916,0.0,11691.4599609375,0.07031062245368958,17.901742935180664,0.7775867581367493,3.396580457687378,3.9583120346069336,1.6159640550613403,2.6226816177368164,5.303844928741455,0.0010315640829503536,0.38982826471328735,0.8613957762718201,0.0,0.0,0.0,0.0,4142.24365234375,179.9240264892578,477.4745788574219,1850.5419921875,372.7430725097656,0.0,565.9166259765625,0.0367916002869606,11.69484806060791,59.69472885131836,0.0,0.0,0.0,214.85101318359375,214.85101318359375,114.14861297607422,138.19216918945312,99.5852279663086,0.0,0.0,0.0,114.14861297607422,138.19216918945312,99.5852279663086,0.0,0.0,0.0,12.201584815979004,19.234325408935547,7.941795349121094,0.0,0.0,0.0
139.0,37.257938385009766,30983.578125,3348.77001953125,15124.1748046875,12510.6337890625,2930.02685546875,21.74226951599121,0.0,11529.7529296875,0.07031062245368958,18.19771957397461,0.8056166768074036,3.420994758605957,3.961618185043335,1.6159640550613403,2.6226816177368164,5.310777187347412,0.0010315640829503536,0.38982826471328735,0.8613957762718201,0.0,0.0,0.0,0.0,4146.859375,183.58229064941406,475.1930236816406,1805.4658203125,362.67974853515625,0.0,514.283935546875,0.033418383449316025,6.337018966674805,55.70108413696289,0.0,0.0,0.0,216.06307983398438,216.06307983398438,143.64248657226562,144.01986694335938,112.20500183105469,0.0,0.0,0.0,143.64248657226562,144.01986694335938,112.20500183105469,0.0,0.0,0.0,20.27315902709961,20.383541107177734,11.077692031860352,0.0,0.0,0.0
140.0,37.74237060546875,31095.4296875,3348.77001953125,15236.025390625,12510.6337890625,2930.02685546875,21.203937530517578,0.0,11857.6103515625,0.07031062245368958,18.545778274536133,0.8379809260368347,3.5125362873077393,3.9659740924835205,1.6159640550613403,2.6226816177368164,5.318889141082764,0.0010315640829503536,0.38982826471328735,0.8613957762718201,0.0,0.0,0.0,0.0,4263.8955078125,192.66180419921875,490.9712219238281,1785.04150390625,289.6597900390625,0.0,646.8673706054688,0.04200947657227516,23.677593231201172,76.95196533203125,0.0,0.0,0.0,217.26779174804688,217.26779174804688,142.00152587890625,167.82400512695312,153.04331970214844,0.0,0.0,0.0,142.00152587890625,167.82400512695312,153.04331970214844,0.0,0.0,0.0,20.331506729125977,27.884584426879883,23.561235427856445,0.0,0.0,0.0
141.0,38.06636047363281,31277.1484375,3348.77001953125,15417.744140625,12510.6337890625,2930.02685546875,21.330446243286133,0.2773588299751282,11858.0546875,0.07031062245368958,18.679996490478516,0.8500925302505493,3.6852738857269287,3.967778444290161,1.6159640550613403,2.6226816177368164,5.322005748748779,0.0010315640829503536,0.38982826471328735,0.8613957762718201,0.0,0.0,0.0,0.0,4269.52197265625,194.2981414794922,511.71966552734375,473.56427001953125,296.14404296875,0.0,1923.1953125,0.2401435524225235,23.38969612121582,76.7503662109375,0.0,0.0,0.0,218.51222229003906,218.51222229003906,169.53057861328125,187.96347045898438,165.47032165527344,0.0,0.0,0.0,169.53057861328125,187.96347045898438,165.47032165527344,0.0,0.0,0.0,27.979888916015625,33.37150955200195,26.792264938354492,0.0,0.0,0.0
142.0,38.52677536010742,31416.791015625,3348.77001953125,15557.38671875,12510.6337890625,2930.02685546875,21.141948699951172,0.0,12014.73046875,0.07031062245368958,18.83899688720703,0.8654919266700745,3.9654011726379395,3.9699759483337402,1.6159640550613403,2.6226816177368164,5.325697422027588,0.0010315640829503536,0.38982826471328735,0.8613957762718201,0.0,0.0,0.0,0.0,4287.93017578125,196.9939727783203,546.9937744140625,476.2980651855469,373.34619140625,0.0,1891.2587890625,0.12276458740234375,23.38969612121582,76.7503662109375,0.0,0.0,0.0,219.78607177734375,219.78607177734375,98.41096496582031,185.33297729492188,136.4095916748047,0.0,0.0,0.0,98.41096496582031,185.33297729492188,136.4095916748047,0.0,0.0,0.0,7.643258094787598,33.06795120239258,18.757856369018555,0.0,0.0,0.0
143.0,38.819732666015625,31460.974609375,3348.77001953125,15601.5712890625,12510.6337890625,2930.02685546875,20.756216049194336,0.0,12250.646484375,0.07031062245368958,18.92986488342285,0.8744267821311951,4.148985385894775,3.971250295639038,1.6159640550613403,2.6226816177368164,5.333995342254639,0.0010315640829503536,0.38982826471328735,0.8613957762718201,0.0,0.0,0.0,0.0,4273.9560546875,197.42674255371094,567.5648193359375,1760.5216064453125,649.14013671875,0.0,481.8945617675781,0.031261853873729706,23.38969612121582,76.7503662109375,0.0,0.0,0.0,221.1021728515625,221.1021728515625,126.09606170654297,161.4827117919922,135.65992736816406,0.0,0.0,0.0,126.09606170654297,161.4827117919922,135.65992736816406,0.0,0.0,0.0,16.126882553100586,26.47747802734375,18.924314498901367,0.0,0.0,0.0
144.0,38.96443557739258,31480.60546875,3348.77001953125,15621.201171875,12510.6337890625,2930.02685546875,20.164600372314453,0.27821189165115356,12610.1083984375,0.07031062245368958,18.963712692260742,0.8777555823326111,4.2471795082092285,3.9717295169830322,1.6159640550613403,2.6226816177368164,5.342846870422363,0.0010315640829503536,0.38982826471328735,0.8613957762718201,0.0,0.0,0.0,0.0,4296.07470703125,198.848388671875,581.7410278320312,1758.1273193359375,861.3099365234375,0.0,475.1747131347656,0.030806176364421844,23.38969612121582,76.7503662109375,0.0,0.0,0.0,222.45680236816406,222.45680236816406,131.97344970703125,151.67430114746094,131.74627685546875,0.0,0.0,0.0,131.97344970703125,151.67430114746094,131.74627685546875,0.0,0.0,0.0,18.159421920776367,23.921918869018555,18.092971801757812,0.0,0.0,0.0
145.0,39.05539321899414,31670.12890625,3348.77001953125,15690.4169921875,12630.9423828125,2930.02685546875,19.501220703125,0.0,13106.3525390625,0.07031062245368958,18.972782135009766,0.8786174058914185,4.323565483093262,3.9723048210144043,1.6159640550613403,2.6226816177368164,5.346913814544678,0.0010315640829503536,0.38982826471328735,0.8613957762718201,0.0,0.0,0.0,0.0,4342.97607421875,201.12045288085938,596.2296752929688,1809.421875,1067.760986328125,0.0,515.3787231445312,0.03340275585651398,11.69484806060791,59.69472885131836,0.0,0.0,0.0,223.8523712158203,223.8523712158203,82.740234375,123.65579223632812,92.26082611083984,0.0,0.0,0.0,82.740234375,123.65579223632812,92.26082611083984,0.0,0.0,0.0,4.700297832489014,16.66809844970703,7.485070705413818,0.0,0.0,0.0
146.0,39.225685119628906,31933.68359375,3348.77001953125,15747.365234375,12837.548828125,2930.02685546875,19.52337646484375,0.0,13200.12109375,0.07031062245368958,18.986196517944336,0.8799278736114502,4.468636512756348,3.9758498668670654,1.6159640550613403,2.6226816177368164,5.353862285614014,0.0010315640829503536,0.38982826471328735,0.8613957762718201,0.0,0.0,0.0,0.0,4355.701171875,201.8678741455078,616.2533569335938,1814.742431640625,1068.864013671875,0.0,537.2161254882812,0.034800563007593155,11.69484806060791,59.69472885131836,0.0,0.0,0.0,225.25424194335938,225.25424194335938,118.91511535644531,132.82373046875,102.38025665283203,0.0,0.0,0.0,118.91511535644531,132.82373046875,102.38025665283203,0.0,0.0,0.0,15.259295463562012,19.327566146850586,10.422849655151367,0.0,0.0,0.0
147.0,39.34162521362305,31993.99609375,3348.77001953125,15767.1689453125,12878.05859375,2930.02685546875,20.157480239868164,0.0,12820.95703125,0.07031062245368958,18.994253158569336,0.8807151317596436,4.566685199737549,3.9804041385650635,1.6159640550613403,2.6226816177368164,5.358356952667236,0.0010315640829503536,0.38982826471328735,0.8613957762718201,0.0,0.0,0.0,0.0,4320.30712890625,200.32162475585938,625.0841674804688,1794.7452392578125,885.8571166992188,0.0,511.57110595703125,0.03312849625945091,11.69484806060791,59.69472885131836,0.0,0.0,0.0,226.61769104003906,226.61769104003906,126.42942810058594,137.67276000976562,124.0489273071289,0.0,0.0,0.0,126.42942810058594,137.67276000976562,124.0489273071289,0.0,0.0,0.0,16.82312774658203,20.111801147460938,16.1268310546875,0.0,0.0,0.0
148.0,39.400299072265625,32000.806640625,3348.77001953125,15773.9794921875,12878.05859375,2930.02685546875,20.149179458618164,0.0,12830.72265625,0.07031062245368958,18.998004913330078,0.8810787796974182,4.616030693054199,3.983412265777588,1.6159640550613403,2.6226816177368164,5.360560894012451,0.0010315640829503536,0.38982826471328735,0.8613957762718201,0.0,0.0,0.0,0.0,4387.17724609375,203.46603393554688,639.55224609375,1876.9854736328125,551.921875,0.0,684.0271606445312,0.04428938031196594,11.69484806060791,59.69472885131836,0.0,0.0,0.0,227.94090270996094,227.94090270996094,113.1010971069336,145.3160400390625,123.15827941894531,0.0,0.0,0.0,113.1010971069336,145.3160400390625,123.15827941894531,0.0,0.0,0.0,12.932891845703125,22.35576057434082,15.874616622924805,0.0,0.0,0.0
149.0,39.426048278808594,32002.962890625,3348.77001953125,15776.1337890625,12878.05859375,3159.914794921875,21.107675552368164,0.0,12266.1728515625,0.07031062245368958,18.99947738647461,0.8812218308448792,4.636519908905029,3.9861598014831543,1.6159640550613403,2.6226816177368164,5.361457824707031,0.0010315640829503536,0.38982826471328735,0.8613957762718201,0.0,0.0,0.0,0.0,4320.2666015625,200.37989807128906,633.9723510742188,1822.9873046875,390.0409851074219,0.0,593.92626953125,0.03845302760601044,11.69484806060791,59.69472885131836,0.0,0.0,0.0,229.23440551757812,229.23440551757812,117.90634155273438,134.63180541992188,117.56639099121094,0.0,0.0,0.0,117.90634155273438,134.63180541992188,117.56639099121094,0.0,0.0,0.0,13.37993049621582,18.27212905883789,13.28049373626709,0.0,0.0,0.0
150.0,39.437156677246094,32005.580078125,3348.77001953125,15778.751953125,12878.05859375,3159.914794921875,21.370975494384766,0.0,12122.046875,0.07031062245368958,18.999696731567383,0.8812448382377625,4.641582489013672,3.9877243041992188,1.6159640550613403,2.6226816177368164,5.365698337554932,0.0010315640829503536,0.38982826471328735,0.8613957762718201,0.0,0.0,0.0,0.0,4296.04345703125,199.25929260253906,631.926513671875,1806.336181640625,368.248291015625,0.0,561.43994140625,0.03633897379040718,11.69484806060791,59.69472885131836,0.0,0.0,0.0,230.47579956054688,230.47579956054688,97.99797821044922,126.78843688964844,104.80699157714844,0.0,0.0,0.0,97.99797821044922,126.78843688964844,104.80699157714844,0.0,0.0,0.0,7.29343318939209,15.714640617370605,9.28506851196289,0.0,0.0,0.0
151.0,39.46333694458008,32035.869140625,3348.77001953125,15809.041015625,12878.05859375,3159.914794921875,21.703401565551758,0.0,11954.3876953125,0.07031062245368958,18.99986457824707,0.8812593817710876,4.657952785491943,3.9897003173828125,1.6159640550613403,2.6226816177368164,5.373348712921143,0.0010315640829503536,0.38982826471328735,0.8613957762718201,0.0,0.0,0.0,0.0,4263.666015625,197.7590789794922,630.4450073242188,1782.6478271484375,359.6683044433594,0.0,514.931640625,0.03331058472394943,11.69484806060791,59.69472885131836,0.0,0.0,0.0,231.6833953857422,231.6833953857422,127.85244750976562,141.2624053955078,81.83860778808594,0.0,0.0,0.0,127.85244750976562,141.2624053955078,81.83860778808594,0.0,0.0,0.0,15.693440437316895,19.61585235595703,2.234391212463379,0.0,0.0,0.0
152.0,39.521697998046875,32054.83984375,3348.77001953125,15828.0107421875,12878.05859375,3159.914794921875,21.101659774780273,0.0,12294.322265625,0.07031062245368958,19.000064849853516,0.8812776207923889,4.703116416931152,3.992553234100342,1.6159640550613403,2.6226816177368164,5.383472919464111,0.0010315640829503536,0.38982826471328735,0.8613957762718201,0.0,0.0,0.0,0.0,4340.6826171875,201.33334350585938,645.2274169921875,501.08917236328125,288.5047302246094,0.0,1971.06787109375,0.27140817046165466,23.38969612121582,76.7503662109375,0.0,0.0,0.0,232.88021850585938,232.88021850585938,138.57801818847656,184.9881134033203,161.24325561523438,0.0,0.0,0.0,138.57801818847656,184.9881134033203,161.24325561523438,0.0,0.0,0.0,19.432409286499023,33.007362365722656,26.061992645263672,0.0,0.0,0.0
153.0,39.621360778808594,32230.818359375,3348.77001953125,16003.990234375,12878.05859375,3159.914794921875,21.21993637084961,0.0,12294.783203125,0.07031062245368958,19.000118255615234,0.8812825679779053,4.798856258392334,3.9934473037719727,1.6159640550613403,2.6226816177368164,5.386445999145508,0.0010315640829503536,0.38982826471328735,0.8613957762718201,0.0,0.0,0.0,0.0,4334.9853515625,201.06964111328125,656.9683227539062,444.9070739746094,295.6539306640625,0.0,2008.9742431640625,0.21032243967056274,26.028501510620117,78.59819793701172,0.0,0.0,0.0,234.1116180419922,234.1116180419922,161.171630859375,185.93316650390625,138.83424377441406,0.0,0.0,0.0,161.171630859375,185.93316650390625,138.83424377441406,0.0,0.0,0.0,25.922767639160156,33.1655158996582,19.389081954956055,0.0,0.0,0.0
154.0,40.03166580200195,32381.947265625,3348.77001953125,16155.119140625,12878.05859375,3159.914794921875,21.03670310974121,0.0,12457.2314453125,0.07031062245368958,19.000295639038086,0.8812995553016663,5.190898895263672,3.996539354324341,1.6159640550613403,2.6226816177368164,5.401421546936035,0.0010315640829503536,0.38982826471328735,0.8613957762718201,0.0,0.0,0.0,0.0,4331.54638671875,200.91212463378906,707.441650390625,1557.855712890625,373.32794189453125,0.0,878.457763671875,0.05671418458223343,26.808496475219727,79.14439392089844,0.0,0.0,0.0,235.37725830078125,235.37725830078125,98.25033569335938,170.97149658203125,150.56988525390625,0.0,0.0,0.0,98.25033569335938,170.97149658203125,150.56988525390625,0.0,0.0,0.0,7.7015180587768555,28.972457885742188,23.004987716674805,0.0,0.0,0.0
155.0,40.32586669921875,32434.97265625,3348.77001953125,16208.1435546875,12878.05859375,3159.914794921875,20.65717124938965,0.0,12701.8203125,0.07031062245368958,19.000410079956055,0.8813102841377258,5.470028877258301,3.998537540435791,1.6159640550613403,2.6226816177368164,5.414369583129883,0.0010315640829503536,0.38982826471328735,0.8613957762718201,0.0,0.0,0.0,0.0,4310.44189453125,199.93446350097656,740.2306518554688,1751.2926025390625,650.1932373046875,0.0,566.2515869140625,0.036524269729852676,23.666749954223633,76.94437408447266,0.0,0.0,0.0,236.6867218017578,236.6867218017578,140.51528930664062,157.62814331054688,139.9719696044922,0.0,0.0,0.0,140.51528930664062,157.62814331054688,139.9719696044922,0.0,0.0,0.0,20.443552017211914,25.449060440063477,20.284629821777344,0.0,0.0,0.0
156.0,40.47488021850586,32451.75,3348.77001953125,16224.9208984375,12878.05859375,3159.914794921875,20.090993881225586,0.0,13058.44140625,0.07031062245368958,19.00046157836914,0.8813152313232422,5.610800266265869,3.999484062194824,1.6159640550613403,2.6226816177368164,5.421605110168457,0.0010315640829503536,0.38982826471328735,0.8613957762718201,0.0,0.0,0.0,0.0,4324.8994140625,200.6056365966797,760.3568115234375,1748.4976806640625,862.68115234375,0.0,560.6340942382812,0.03614335507154465,23.38969612121582,76.7503662109375,0.0,0.0,0.0,238.0401153564453,238.0401153564453,130.7941436767578,149.736083984375,131.45899963378906,0.0,0.0,0.0,130.7941436767578,149.736083984375,131.45899963378906,0.0,0.0,0.0,18.166292190551758,23.706809997558594,18.360761642456055,0.0,0.0,0.0
157.0,40.53972244262695,32576.76953125,3348.77001953125,16230.2294921875,12997.7705078125,3159.914794921875,19.387371063232422,0.0,13572.3359375,0.07031062245368958,19.0004825592041,0.8813172578811646,5.670520305633545,4.001310348510742,1.6159640550613403,2.6226816177368164,5.4248785972595215,0.0010315640829503536,0.38982826471328735,0.8613957762718201,0.0,0.0,0.0,0.0,4368.0126953125,202.60562133789062,774.4386596679688,1809.4998779296875,1069.13671875,0.0,607.4839477539062,0.039154618978500366,11.69484806060791,59.69472885131836,0.0,0.0,0.0,239.43406677246094,239.43406677246094,78.85433197021484,123.38810729980469,111.11812591552734,0.0,0.0,0.0,78.85433197021484,123.38810729980469,111.11812591552734,0.0,0.0,0.0,3.677520513534546,16.703649520874023,13.114681243896484,0.0,0.0,0.0
158.0,40.56653594970703,32791.9296875,3348.77001953125,16233.8642578125,13209.29296875,3159.914794921875,19.37613296508789,0.0,13669.4326171875,0.07031062245368958,19.000490188598633,0.8813179731369019,5.692315101623535,4.005074977874756,1.6159640550613403,2.6226816177368164,5.4261250495910645,0.0010315640829503536,0.38982826471328735,0.8613957762718201,0.0,0.0,0.0,0.0,4381.8564453125,203.2478485107422,779.3477783203125,1826.0806884765625,1070.766845703125,0.0,633.8716430664062,0.040851835161447525,11.69484806060791,59.69472885131836,0.0,0.0,0.0,240.83990478515625,240.83990478515625,102.03047943115234,134.2432861328125,114.53225708007812,0.0,0.0,0.0,102.03047943115234,134.2432861328125,114.53225708007812,0.0,0.0,0.0,10.467782020568848,19.89002799987793,14.124552726745605,0.0,0.0,0.0
159.0,40.58108139038086,32835.6328125,3348.77001953125,16236.115234375,13250.7490234375,3159.914794921875,19.994792938232422,0.0,13276.783203125,0.07031062245368958,19.0004940032959,0.8813182711601257,5.703161239624023,4.0081257820129395,1.6159640550613403,2.6226816177368164,5.426769256591797,0.0010315640829503536,0.38982826471328735,0.8613957762718201,0.0,0.0,0.0,0.0,4350.62109375,201.799072265625,776.081787109375,1805.3992919921875,888.14599609375,0.0,607.2713012695312,0.03913567215204239,11.69484806060791,59.69472885131836,0.0,0.0,0.0,242.2142791748047,242.2142791748047,128.21400451660156,141.68984985351562,119.84053039550781,0.0,0.0,0.0,128.21400451660156,141.68984985351562,119.84053039550781,0.0,0.0,0.0,17.50780487060547,21.44948959350586,15.058562278747559,0.0,0.0,0.0
160.0,40.58805465698242,32836.34765625,3348.77001953125,16236.8271484375,13250.7490234375,3159.914794921875,19.982646942138672,0.0,13286.904296875,0.07031062245368958,19.00049591064453,0.8813183903694153,5.707229137420654,4.009560585021973,1.6159640550613403,2.6226816177368164,5.4282402992248535,0.0010315640829503536,0.38982826471328735,0.8613957762718201,0.0,0.0,0.0,0.0,4412.5625,204.67214965820312,786.3660278320312,1889.1163330078125,552.9981689453125,0.0,779.6621704101562,0.0502401702105999,12.212173461914062,68.58480834960938,0.0,0.0,0.0,243.5547637939453,243.5547637939453,116.98908233642578,147.3686981201172,125.31807708740234,0.0,0.0,0.0,116.98908233642578,147.3686981201172,125.31807708740234,0.0,0.0,0.0,14.236659049987793,23.122695922851562,16.67289161682129,0.0,0.0,0.0
161.0,40.592288970947266,32837.90625,3348.77001953125,16238.3857421875,13250.7490234375,3202.45458984375,20.933597564697266,0.0,12702.28515625,0.07031062245368958,19.00049591064453,0.8813184499740601,5.70916223526001,4.010341644287109,1.6159640550613403,2.6226816177368164,5.429760456085205,0.0010315640829503536,0.38982826471328735,0.8613957762718201,0.0,0.0,0.0,0.0,4345.25634765625,201.5502471923828,776.3770141601562,1838.8741455078125,390.81884765625,0.0,686.8111572265625,0.044252242892980576,11.69484806060791,59.69472885131836,0.0,0.0,0.0,244.8701171875,244.8701171875,89.17129516601562,138.2088165283203,113.7455825805664,0.0,0.0,0.0,89.17129516601562,138.2088165283203,113.7455825805664,0.0,0.0,0.0,5.149007320404053,19.492483139038086,12.336986541748047,0.0,0.0,0.0
162.0,40.59527587890625,33070.69921875,3581.070068359375,16238.87890625,13250.7490234375,3202.45458984375,21.343433380126953,0.0,12553.025390625,0.07031062245368958,19.00049591064453,0.8813184499740601,5.7093939781188965,4.010530471801758,1.6159640550613403,2.6226816177368164,5.432323932647705,0.0010315640829503536,0.38982826471328735,0.8613957762718201,0.0,0.0,0.0,0.0,4323.92529296875,200.56082153320312,773.0997924804688,1817.765625,369.136962890625,0.0,653.3987426757812,0.04209174960851669,11.69484806060791,59.69472885131836,0.0,0.0,0.0,246.1348114013672,246.1348114013672,97.26890563964844,128.7370147705078,113.66253662109375,0.0,0.0,0.0,97.26890563964844,128.7370147705078,113.66253662109375,0.0,0.0,0.0,7.107720851898193,16.312143325805664,11.902857780456543,0.0,0.0,0.0
163.0,40.61100387573242,33086.68359375,3581.070068359375,16254.865234375,13250.7490234375,3202.45458984375,21.665637969970703,0.0,12379.4091796875,0.07031062245368958,19.00049591064453,0.8813184499740601,5.709930419921875,4.012950420379639,1.6159640550613403,2.6226816177368164,5.445096492767334,0.0010315640829503536,0.38982826471328735,0.8613957762718201,0.0,0.0,0.0,0.0,4296.06591796875,199.2686004638672,768.8463134765625,1789.3941650390625,360.7690124511719,0.0,605.3695678710938,0.03896276280283928,11.69484806060791,59.69472885131836,0.0,0.0,0.0,247.36752319335938,247.36752319335938,118.19502258300781,142.73638916015625,98.2626724243164,0.0,0.0,0.0,118.19502258300781,142.73638916015625,98.2626724243164,0.0,0.0,0.0,12.906407356262207,20.084754943847656,7.076195240020752,0.0,0.0,0.0
164.0,40.634830474853516,33093.4296875,3581.070068359375,16261.6103515625,13250.7490234375,3202.45458984375,21.056182861328125,0.0,12731.431640625,0.07031062245368958,19.00049591064453,0.8813185095787048,5.710610389709473,4.017740249633789,1.6159640550613403,2.6226816177368164,5.463450908660889,0.0010315640829503536,0.38982826471328735,0.8613957762718201,0.0,0.0,0.0,0.0,4367.560546875,202.58480834960938,779.9539184570312,569.9804077148438,289.1481018066406,0.0,1999.480712890625,0.268999308347702,33.76140594482422,84.29193115234375,0.0,0.0,0.0,248.59341430664062,248.59341430664062,142.99179077148438,184.34893798828125,157.90390014648438,0.0,0.0,0.0,142.99179077148438,184.34893798828125,157.90390014648438,0.0,0.0,0.0,20.76891326904297,32.865882873535156,25.130706787109375,0.0,0.0,0.0
165.0,40.650455474853516,33096.046875,3581.070068359375,16264.2265625,13250.7490234375,3202.45458984375,21.060230255126953,0.0,12731.908203125,0.07031062245368958,19.00049591064453,0.8813185095787048,5.7110066413879395,4.021313667297363,1.6159640550613403,2.6226816177368164,5.475108623504639,0.0010315640829503536,0.38982826471328735,0.8613957762718201,0.0,0.0,0.0,0.0,4365.8203125,202.50408935546875,779.6836547851562,439.7612609863281,296.46630859375,0.0,2123.816162109375,0.3038027286529541,33.57795715332031,84.15519714355469,0.0,0.0,0.0,249.85671997070312,249.85671997070312,158.13217163085938,185.7952117919922,159.9959259033203,0.0,0.0,0.0,158.13217163085938,185.7952117919922,159.9959259033203,0.0,0.0,0.0,25.193431854248047,33.28487014770508,25.73857879638672,0.0,0.0,0.0
166.0,40.65815734863281,33096.87109375,3581.070068359375,16265.0537109375,13250.7490234375,3202.45458984375,20.78120231628418,0.0,12900.1240234375,0.07031062245368958,19.00049591064453,0.8813185095787048,5.711073398590088,4.022002696990967,1.6159640550613403,2.6226816177368164,5.4820556640625,0.0010315640829503536,0.38982826471328735,0.8613957762718201,0.0,0.0,0.0,0.0,4378.8203125,203.10707092285156,781.570068359375,661.3519897460938,375.14849853515625,0.0,1918.7373046875,0.12317434698343277,34.43888473510742,84.79692077636719,0.0,0.0,0.0,251.15794372558594,251.15794372558594,98.93281555175781,184.50338745117188,155.0717315673828,0.0,0.0,0.0,98.93281555175781,184.50338745117188,155.0717315673828,0.0,0.0,0.0,8.156647682189941,33.186038970947266,24.57727813720703,0.0,0.0,0.0
167.0,40.6746940612793,33110.94921875,3581.070068359375,16279.1318359375,13250.7490234375,3202.45458984375,20.38120460510254,0.0,13153.4150390625,0.07031062245368958,19.00049591064453,0.8813185095787048,5.711151123046875,4.022866725921631,1.6159640550613403,2.6226816177368164,5.497648239135742,0.0010315640829503536,0.38982826471328735,0.8613957762718201,0.0,0.0,0.0,0.0,4368.82568359375,202.6434783935547,779.74609375,706.6370239257812,654.3125,0.0,1780.921875,0.11420176178216934,31.529203414916992,82.62808227539062,0.0,0.0,0.0,252.50509643554688,252.50509643554688,146.21571350097656,179.6769561767578,142.32766723632812,0.0,0.0,0.0,146.21571350097656,179.6769561767578,142.32766723632812,0.0,0.0,0.0,22.386890411376953,32.17430877685547,21.249637603759766,0.0,0.0,0.0
168.0,40.69477081298828,33115.40625,3581.070068359375,16283.5859375,13250.7490234375,3202.45458984375,19.837974548339844,0.0,13507.1630859375,0.07031062245368958,19.00049591064453,0.8813185095787048,5.7112016677856445,4.023444175720215,1.6159640550613403,2.6226816177368164,5.517098903656006,0.0010315640829503536,0.38982826471328735,0.8613957762718201,0.0,0.0,0.0,0.0,4386.96533203125,203.48487854003906,782.3115234375,1823.741943359375,868.5723266601562,0.0,678.98583984375,0.04348044842481613,23.38969612121582,76.7503662109375,0.0,0.0,0.0,253.8952178955078,253.8952178955078,127.36131286621094,150.43716430664062,130.56439208984375,0.0,0.0,0.0,127.36131286621094,150.43716430664062,130.56439208984375,0.0,0.0,0.0,17.41520881652832,24.164894104003906,18.352108001708984,0.0,0.0,0.0
169.0,40.71885299682617,33246.6796875,3581.070068359375,16298.6083984375,13367.0029296875,3202.45458984375,19.14468002319336,0.0,14038.71484375,0.07031062245368958,19.00049591064453,0.8813185095787048,5.7112345695495605,4.025424957275391,1.6159640550613403,2.6226816177368164,5.53916597366333,0.0010315640829503536,0.38982826471328735,0.8613957762718201,0.0,0.0,0.0,0.0,4433.91943359375,205.66278076171875,789.30517578125,1884.2086181640625,1076.8992919921875,0.0,732.2626953125,0.04681948199868202,11.69484806060791,66.85613250732422,0.0,0.0,0.0,255.32679748535156,255.32679748535156,78.58906555175781,135.43939208984375,95.87032318115234,0.0,0.0,0.0,78.58906555175781,135.43939208984375,95.87032318115234,0.0,0.0,0.0,3.8426201343536377,20.47134017944336,8.897388458251953,0.0,0.0,0.0
170.0,40.74811553955078,33475.00390625,3581.070068359375,16311.9189453125,13582.0166015625,3202.45458984375,19.138450622558594,0.0,14139.150390625,0.07031062245368958,19.00049591064453,0.8813185095787048,5.711262226104736,4.031777381896973,1.6159640550613403,2.6226816177368164,5.562047481536865,0.0010315640829503536,0.38982826471328735,0.8613957762718201,0.0,0.0,0.0,0.0,4449.07958984375,206.36598205566406,791.582763671875,1898.7747802734375,1078.700439453125,0.0,760.60986328125,0.04855416342616081,12.859171867370605,69.0378646850586,0.0,0.0,0.0,256.7749328613281,256.7749328613281,121.63440704345703,140.4630584716797,105.58307647705078,0.0,0.0,0.0,121.63440704345703,140.4630584716797,105.58307647705078,0.0,0.0,0.0,16.439613342285156,21.94699478149414,11.744598388671875,0.0,0.0,0.0
171.0,40.77595138549805,33523.578125,3581.070068359375,16318.3740234375,13624.1328125,3202.45458984375,19.752336502075195,0.0,13733.013671875,0.07031062245368958,19.00049591064453,0.8813185095787048,5.711282730102539,4.038480758666992,1.6159640550613403,2.6226816177368164,5.583159923553467,0.0010315640829503536,0.38982826471328735,0.8613957762718201,0.0,0.0,0.0,0.0,4417.142578125,204.88461303710938,786.78173828125,1883.3819580078125,894.6864013671875,0.0,727.7439575195312,0.04638693854212761,11.69484806060791,65.71296691894531,0.0,0.0,0.0,258.1937255859375,258.1937255859375,114.76874542236328,143.14427185058594,129.53851318359375,0.0,0.0,0.0,114.76874542236328,143.14427185058594,129.53851318359375,0.0,0.0,0.0,13.817523002624512,22.11736297607422,18.137678146362305,0.0,0.0,0.0
172.0,40.794151306152344,33528.3203125,3581.070068359375,16323.1162109375,13624.1328125,3202.45458984375,19.742691040039062,0.0,13743.4814453125,0.07031062245368958,19.00049591064453,0.8813185095787048,5.7112908363342285,4.041651248931885,1.6159640550613403,2.6226816177368164,5.598181247711182,0.0010315640829503536,0.38982826471328735,0.8613957762718201,0.0,0.0,0.0,0.0,4481.25830078125,207.8585662841797,796.8729858398438,1944.399658203125,557.1781616210938,0.0,916.7272338867188,0.05837089195847511,19.52079963684082,73.86654663085938,0.0,0.0,0.0,259.5788879394531,259.5788879394531,128.70635986328125,149.71730041503906,122.727294921875,0.0,0.0,0.0,128.70635986328125,149.71730041503906,122.727294921875,0.0,0.0,0.0,17.903919219970703,24.049617767333984,16.15504264831543,0.0,0.0,0.0
173.0,40.811790466308594,33537.00390625,3581.070068359375,16331.802734375,13624.1328125,3312.11962890625,20.687448501586914,0.0,13138.765625,0.07031062245368958,19.00049591064453,0.8813185095787048,5.711296081542969,4.04478645324707,1.6159640550613403,2.6226816177368164,5.612679481506348,0.0010315640829503536,0.38982826471328735,0.8613957762718201,0.0,0.0,0.0,0.0,4411.669921875,204.6307830810547,786.272705078125,1907.2921142578125,393.6961975097656,0.0,802.9154663085938,0.051072411239147186,13.22989559173584,69.29747009277344,0.0,0.0,0.0,260.9399719238281,260.9399719238281,123.9266128540039,145.1137237548828,112.43115234375,0.0,0.0,0.0,123.9266128540039,145.1137237548828,112.43115234375,0.0,0.0,0.0,15.56108570098877,21.758317947387695,12.198663711547852,0.0,0.0,0.0
174.0,40.82709884643555,33541.33984375,3581.070068359375,16336.138671875,13624.1328125,3312.11962890625,20.94692611694336,0.0,12984.38671875,0.07031062245368958,19.00049591064453,0.8813185095787048,5.711297988891602,4.046877861022949,1.6159640550613403,2.6226816177368164,5.6258955001831055,0.0010315640829503536,0.38982826471328735,0.8613957762718201,0.0,0.0,0.0,0.0,4389.60888671875,203.6074981689453,782.8504638671875,1892.1151123046875,371.8310241699219,0.0,764.7565307617188,0.0486004501581192,11.69484806060791,67.24313354492188,0.0,0.0,0.0,262.253173828125,262.253173828125,107.19218444824219,137.7515106201172,117.16731262207031,0.0,0.0,0.0,107.19218444824219,137.7515106201172,117.16731262207031,0.0,0.0,0.0,10.406787872314453,19.34539222717285,13.32451343536377,0.0,0.0,0.0
175.0,40.85691452026367,33563.03125,3581.070068359375,16357.830078125,13624.1328125,3312.11962890625,21.26692771911621,0.0,12804.798828125,0.07031062245368958,19.00049591064453,0.8813185095787048,5.711299896240234,4.050120830535889,1.6159640550613403,2.6226816177368164,5.652468204498291,0.0010315640829503536,0.38982826471328735,0.8613957762718201,0.0,0.0,0.0,0.0,4360.80859375,202.27162170410156,778.3799438476562,1865.6951904296875,363.3721008300781,0.0,714.7177124023438,0.0453370101749897,11.69484806060791,64.52071380615234,0.0,0.0,0.0,263.5368957519531,263.5368957519531,125.17584991455078,145.868896484375,128.46070861816406,0.0,0.0,0.0,125.17584991455078,145.868896484375,128.46070861816406,0.0,0.0,0.0,15.347007751464844,21.399723052978516,16.307828903198242,0.0,0.0,0.0
176.0,40.88922882080078,33569.89453125,3581.070068359375,16364.693359375,13624.1328125,3312.11962890625,20.668212890625,0.0,13168.91015625,0.07031062245368958,19.00049591064453,0.8813185095787048,5.724587440490723,4.052106857299805,1.6159640550613403,2.6226816177368164,5.669507026672363,0.0010315640829503536,0.38982826471328735,0.8613957762718201,0.0,0.0,0.0,0.0,4434.2080078125,205.67617797851562,791.45556640625,758.7716674804688,291.2767639160156,0.0,2003.60107421875,0.1284266710281372,35.08454513549805,85.27818298339844,0.0,0.0,0.0,264.82037353515625,264.82037353515625,107.73484802246094,184.80154418945312,150.36997985839844,0.0,0.0,0.0,107.73484802246094,184.80154418945312,150.36997985839844,0.0,0.0,0.0,10.844229698181152,33.3862419128418,23.315006256103516,0.0,0.0,0.0
177.0,41.02269744873047,33896.890625,3581.070068359375,16691.6875,13624.1328125,3312.11962890625,20.8719539642334,0.0,13169.4033203125,0.07031062245368958,19.00049591064453,0.8813185095787048,5.854273796081543,4.052487850189209,1.6159640550613403,2.6226816177368164,5.672909736633301,0.0010315640829503536,0.38982826471328735,0.8613957762718201,0.0,0.0,0.0,0.0,4427.0908203125,205.34605407714844,807.35546875,870.016845703125,298.44500732421875,0.0,1875.74755859375,0.11881701648235321,35.08454513549805,85.27818298339844,0.0,0.0,0.0,266.14923095703125,266.14923095703125,155.21214294433594,183.31109619140625,153.63316345214844,0.0,0.0,0.0,155.21214294433594,183.31109619140625,153.63316345214844,0.0,0.0,0.0,24.527599334716797,32.74654006958008,24.065744400024414,0.0,0.0,0.0
178.0,41.77958297729492,34183.06640625,3581.070068359375,16977.86328125,13624.1328125,3312.11962890625,20.76856231689453,0.0,13343.41015625,0.07031062245368958,19.00049591064453,0.8813185095787048,6.590232849121094,4.054358959197998,1.6159640550613403,2.6226816177368164,5.6919636726379395,0.0010315640829503536,0.38982826471328735,0.8613957762718201,0.0,0.0,0.0,0.0,4411.1640625,204.60731506347656,900.7219848632812,628.7282104492188,376.26141357421875,0.0,2078.202880859375,0.2752591073513031,35.08454513549805,85.27818298339844,0.0,0.0,0.0,267.5157470703125,267.5157470703125,177.12608337402344,183.66481018066406,175.1529541015625,0.0,0.0,0.0,177.12608337402344,183.66481018066406,175.1529541015625,0.0,0.0,0.0,31.040817260742188,32.95339584350586,30.463674545288086,0.0,0.0,0.0
179.0,42.32322311401367,34276.05078125,3581.070068359375,17070.84765625,13624.1328125,3312.11962890625,20.41523551940918,0.0,13605.3994140625,0.07031062245368958,19.00049591064453,0.8813185095787048,7.100194931030273,4.055849552154541,1.6159640550613403,2.6226816177368164,5.724152088165283,0.0010315640829503536,0.38982826471328735,0.8613957762718201,0.0,0.0,0.0,0.0,4382.91845703125,203.2971649169922,961.4110717773438,1771.107421875,654.7481079101562,0.0,801.4834594726562,0.050590094178915024,35.08454513549805,85.27818298339844,0.0,0.0,0.0,268.9319152832031,268.9319152832031,96.01072692871094,162.9829559326172,142.37173461914062,0.0,0.0,0.0,96.01072692871094,162.9829559326172,142.37173461914062,0.0,0.0,0.0,7.667903900146484,27.257280349731445,21.228498458862305,0.0,0.0,0.0
180.0,42.61058044433594,34323.83203125,3581.070068359375,17118.62890625,13624.1328125,3312.11962890625,19.917766571044922,0.0,13956.2822265625,0.07031062245368958,19.00049591064453,0.8813185095787048,7.342629909515381,4.057285785675049,1.6159640550613403,2.6226816177368164,5.767638683319092,0.0010315640829503536,0.38982826471328735,0.8613957762718201,0.0,0.0,0.0,0.0,4391.154296875,203.67918395996094,994.1044311523438,1788.3743896484375,868.0932006835938,0.0,764.4440307617188,0.048107970505952835,35.08454513549805,85.27818298339844,0.0,0.0,0.0,270.3970031738281,270.3970031738281,122.1006088256836,154.4215087890625,133.52706909179688,0.0,0.0,0.0,122.1006088256836,154.4215087890625,133.52706909179688,0.0,0.0,0.0,15.796660423278809,25.25052261352539,19.138900756835938,0.0,0.0,0.0
181.0,42.768924713134766,34469.01171875,3581.070068359375,17151.228515625,13736.71484375,3312.11962890625,19.226177215576172,0.0,14505.505859375,0.07031062245368958,19.00049591064453,0.8813185095787048,7.4561967849731445,4.061461448669434,1.6159640550613403,2.6226816177368164,5.808239936828613,0.0010315640829503536,0.38982826471328735,0.8613957762718201,0.0,0.0,0.0,0.0,4435.27880859375,205.72584533691406,1017.2978515625,1846.2889404296875,1075.90966796875,0.0,826.261474609375,0.0518537275493145,18.658029556274414,73.22344970703125,0.0,0.0,0.0,271.90771484375,271.90771484375,99.89896392822266,135.416015625,94.73318481445312,0.0,0.0,0.0,99.89896392822266,135.416015625,94.73318481445312,0.0,0.0,0.0,9.994269371032715,20.383007049560547,8.48327922821045,0.0,0.0,0.0
182.0,42.86210250854492,34710.203125,3581.070068359375,17174.015625,13955.1181640625,3312.11962890625,19.222341537475586,0.0,14609.28515625,0.07031062245368958,19.00049591064453,0.8813185095787048,7.511297225952148,4.071653842926025,1.6159640550613403,2.6226816177368164,5.836124420166016,0.0010315640829503536,0.38982826471328735,0.8613957762718201,0.0,0.0,0.0,0.0,4448.4775390625,206.3380584716797,1026.9931640625,1858.695556640625,1077.4376220703125,0.0,854.4177856445312,0.05351884290575981,20.247833251953125,74.4084701538086,0.0,0.0,0.0,273.4370422363281,273.4370422363281,121.38321685791016,140.9510955810547,101.19601440429688,0.0,0.0,0.0,121.38321685791016,140.9510955810547,101.19601440429688,0.0,0.0,0.0,16.282249450683594,22.005855560302734,10.377492904663086,0.0,0.0,0.0
183.0,42.92177200317383,34763.2109375,3581.070068359375,17184.267578125,13997.8740234375,3312.11962890625,19.84101104736328,0.0,14189.638671875,0.07031062245368958,19.00049591064453,0.8813185095787048,7.539733409881592,4.079735279083252,1.6159640550613403,2.6226816177368164,5.859277248382568,0.0010315640829503536,0.38982826471328735,0.8613957762718201,0.0,0.0,0.0,0.0,4414.435546875,204.75906372070312,1023.902587890625,1842.7083740234375,893.4061889648438,0.0,813.5604858398438,0.05087810382246971,17.629858016967773,72.45706939697266,0.0,0.0,0.0,274.93212890625,274.93212890625,124.37870025634766,146.27279663085938,117.4132080078125,0.0,0.0,0.0,124.37870025634766,146.27279663085938,117.4132080078125,0.0,0.0,0.0,16.539758682250977,22.943782806396484,14.502351760864258,0.0,0.0,0.0
184.0,42.95767593383789,34772.9453125,3581.070068359375,17194.0,13997.8740234375,3312.11962890625,19.83411979675293,0.0,14200.453125,0.07031062245368958,19.00049591064453,0.8813185095787048,7.5509934425354,4.083649158477783,1.6159640550613403,2.6226816177368164,5.880006790161133,0.0010315640829503536,0.38982826471328735,0.8613957762718201,0.0,0.0,0.0,0.0,4475.90966796875,207.61045837402344,1037.430419921875,1905.9027099609375,556.174072265625,0.0,1005.5050659179688,0.06279180943965912,23.38969612121582,76.7503662109375,0.0,0.0,0.0,276.39117431640625,276.39117431640625,111.1254653930664,151.18197631835938,120.04300689697266,0.0,0.0,0.0,111.1254653930664,151.18197631835938,120.04300689697266,0.0,0.0,0.0,12.670079231262207,24.386608123779297,15.278458595275879,0.0,0.0,0.0
185.0,42.98918151855469,34786.34375,3581.070068359375,17207.40234375,13997.8740234375,3386.100341796875,20.78680419921875,0.0,13575.6328125,0.07031062245368958,19.00049591064453,0.8813185095787048,7.557897567749023,4.0887627601623535,1.6159640550613403,2.6226816177368164,5.89949369430542,0.0010315640829503536,0.38982826471328735,0.8613957762718201,0.0,0.0,0.0,0.0,4405.1259765625,204.32723999023438,1024.2393798828125,1862.0897216796875,392.9331359863281,0.0,883.4903564453125,0.05509857460856438,19.972719192504883,74.20339965820312,0.0,0.0,0.0,277.8229064941406,277.8229064941406,79.28646850585938,143.50982666015625,114.02222442626953,0.0,0.0,0.0,79.28646850585938,143.50982666015625,114.02222442626953,0.0,0.0,0.0,2.404487133026123,21.1898193359375,12.564696311950684,0.0,0.0,0.0
186.0,43.015037536621094,34795.49609375,3581.070068359375,17216.552734375,13997.8740234375,3386.100341796875,21.050642013549805,0.0,13416.1201171875,0.07031062245368958,19.00049591064453,0.8813185095787048,7.559738636016846,4.092646598815918,1.6159640550613403,2.6226816177368164,5.913370132446289,0.0010315640829503536,0.38982826471328735,0.8676518797874451,0.0,0.0,0.0,0.0,4382.90771484375,203.29666137695312,1020.0093383789062,1847.9644775390625,371.1051330566406,0.0,841.5125732421875,0.05243092030286789,17.717092514038086,73.04834747314453,0.0,0.0,0.0,279.20269775390625,279.20269775390625,120.69761657714844,134.80227661132812,121.50040435791016,0.0,0.0,0.0,120.69761657714844,134.80227661132812,121.50040435791016,0.0,0.0,0.0,14.253412246704102,18.379026412963867,14.488226890563965,0.0,0.0,0.0
187.0,43.08706283569336,34891.7578125,3581.070068359375,17312.814453125,13997.8740234375,3386.100341796875,21.4178524017334,0.0,13230.564453125,0.07031062245368958,19.00049591064453,0.8813185095787048,7.561074256896973,4.098079681396484,1.6159640550613403,2.6226816177368164,5.93162727355957,0.0010315640829503536,0.38982826471328735,0.91465163230896,0.0,0.0,0.0,0.0,4354.076171875,201.9593505859375,1014.404541015625,1826.2259521484375,362.6645812988281,0.0,780.0233154296875,0.04853955656290054,16.129724502563477,75.743896484375,0.0,0.0,0.0,280.55389404296875,280.55389404296875,136.09942626953125,148.7003173828125,96.94632720947266,0.0,0.0,0.0,136.09942626953125,148.7003173828125,96.94632720947266,0.0,0.0,0.0,18.391231536865234,22.07699203491211,6.938947677612305,0.0,0.0,0.0
188.0,43.285430908203125,34962.78125,3581.070068359375,17383.83984375,13997.8740234375,3386.100341796875,20.85247802734375,0.0,13606.7861328125,0.07031062245368958,19.00049591064453,0.8813185095787048,7.563725471496582,4.115185737609863,1.6159640550613403,2.6226816177368164,5.9714860916137695,0.0010315640829503536,0.38982826471328735,1.0534014701843262,0.0,0.0,0.0,0.0,4427.248046875,205.3533477783203,1029.177490234375,641.0324096679688,290.69329833984375,0.0,2150.18896484375,0.2773105502128601,35.08454513549805,104.28675079345703,0.0,0.0,0.0,281.9023742675781,281.9023742675781,167.24301147460938,182.76284790039062,170.42947387695312,0.0,0.0,0.0,167.24301147460938,182.76284790039062,170.42947387695312,0.0,0.0,0.0,28.066102981567383,32.605655670166016,28.99814224243164,0.0,0.0,0.0
189.0,43.44760513305664,35041.19140625,3581.070068359375,17462.248046875,13997.8740234375,3386.100341796875,20.901708602905273,0.0,13607.294921875,0.07031062245368958,19.00049591064453,0.8813185095787048,7.564998149871826,4.127106189727783,1.6159640550613403,2.6226816177368164,5.991822719573975,0.0010315640829503536,0.38982826471328735,1.1820472478866577,0.0,0.0,0.0,0.0,4425.470703125,205.27090454101562,1028.9254150390625,796.5452270507812,298.0501708984375,0.0,1975.8018798828125,0.12245083600282669,35.08454513549805,117.02267456054688,0.0,0.0,0.0,283.2931213378906,283.2931213378906,134.6990509033203,184.3077850341797,146.5091094970703,0.0,0.0,0.0,134.6990509033203,184.3077850341797,146.5091094970703,0.0,0.0,0.0,18.49776268005371,33.00831985473633,21.952207565307617,0.0,0.0,0.0
190.0,43.64220428466797,35095.9375,3581.070068359375,17516.994140625,13997.8740234375,3386.100341796875,20.656063079833984,0.0,13787.0791015625,0.07031062245368958,19.00049591064453,0.8813185095787048,7.566241264343262,4.141325950622559,1.6159640550613403,2.6226816177368164,6.013031482696533,0.0010315640829503536,0.38982826471328735,1.3399733304977417,0.0,0.0,0.0,0.0,4439.40234375,205.9171142578125,1031.7900390625,537.6880493164062,377.1902160644531,0.0,2241.9609375,0.2751202881336212,35.08454513549805,132.6573486328125,0.0,0.0,0.0,284.7202453613281,284.7202453613281,176.85009765625,184.46617126464844,175.45111083984375,0.0,0.0,0.0,176.85009765625,184.46617126464844,175.45111083984375,0.0,0.0,0.0,31.07259178161621,33.30029296875,30.663389205932617,0.0,0.0,0.0
191.0,43.76267623901367,35115.1875,3581.070068359375,17536.244140625,13997.8740234375,3386.100341796875,20.260324478149414,0.0,14057.78515625,0.07031062245368958,19.00049591064453,0.8813185095787048,7.56682825088501,4.151761531829834,1.6159640550613403,2.6226816177368164,6.038841724395752,0.0010315640829503536,0.38982826471328735,1.4236135482788086,0.0,0.0,0.0,0.0,4431.015625,205.52810668945312,1030.1680908203125,1610.051025390625,658.026123046875,0.0,1071.955078125,0.06622416526079178,35.08454513549805,140.937744140625,0.0,0.0,0.0,286.1958923339844,286.1958923339844,152.0468292236328,165.5065460205078,131.38526916503906,0.0,0.0,0.0,152.0468292236328,165.5065460205078,131.38526916503906,0.0,0.0,0.0,24.2133731842041,28.15034294128418,18.16986846923828,0.0,0.0,0.0
192.0,43.83951187133789,35141.6953125,3581.070068359375,17562.751953125,13997.8740234375,3386.100341796875,19.774120330810547,0.0,14405.798828125,0.07031062245368958,19.00049591064453,0.8813185095787048,7.567094326019287,4.1612749099731445,1.6159640550613403,2.6226816177368164,6.059935569763184,0.0010315640829503536,0.38982826471328735,1.4695743322372437,0.0,0.0,0.0,0.0,4484.7529296875,208.02064514160156,1040.7830810546875,1908.5819091796875,661.9254760742188,0.0,931.028076171875,0.057436298578977585,35.08454513549805,145.4878692626953,0.0,0.0,0.0,287.72076416015625,287.72076416015625,136.58624267578125,157.03997802734375,130.4813995361328,0.0,0.0,0.0,136.58624267578125,157.03997802734375,130.4813995361328,0.0,0.0,0.0,20.17735481262207,26.16007423400879,18.391691207885742,0.0,0.0,0.0
193.0,43.89896011352539,35271.15234375,3581.070068359375,17583.314453125,14106.7685546875,3386.100341796875,19.076478958129883,0.0,14972.720703125,0.07031062245368958,19.00049591064453,0.8813185095787048,7.567229270935059,4.171104907989502,1.6159640550613403,2.6226816177368164,6.073155403137207,0.0010315640829503536,0.38982826471328735,1.5058391094207764,0.0,0.0,0.0,0.0,4496.326171875,208.55746459960938,1043.07421875,1930.9908447265625,1083.0186767578125,0.0,880.4932250976562,0.054270852357149124,21.634397506713867,131.86659240722656,0.0,0.0,0.0,289.29364013671875,289.29364013671875,102.70001983642578,136.94528198242188,99.04242706298828,0.0,0.0,0.0,102.70001983642578,136.94528198242188,99.04242706298828,0.0,0.0,0.0,10.963275909423828,20.98001480102539,9.893430709838867,0.0,0.0,0.0
194.0,43.954410552978516,35513.81640625,3581.070068359375,17604.1875,14328.55859375,3386.100341796875,19.07036590576172,0.0,15079.8359375,0.07031062245368958,19.00049591064453,0.8813185095787048,7.567310333251953,4.1876935958862305,1.6159640550613403,2.6226816177368164,6.081965923309326,0.0010315640829503536,0.38982826471328735,1.5358083248138428,0.0,0.0,0.0,0.0,4511.9638671875,209.2827911376953,1046.1121826171875,1949.4666748046875,1084.86767578125,0.0,906.2680053710938,0.05582651123404503,22.673973083496094,135.88255310058594,0.0,0.0,0.0,290.8865966796875,290.8865966796875,124.48008728027344,140.8892059326172,114.31158447265625,0.0,0.0,0.0,124.48008728027344,140.8892059326172,114.31158447265625,0.0,0.0,0.0,17.340059280395508,22.139726638793945,14.365771293640137,0.0,0.0,0.0
195.0,44.00634765625,35576.234375,3581.070068359375,17623.21484375,14371.951171875,3386.100341796875,19.689228057861328,0.0,14646.6787109375,0.07031062245368958,19.00049591064453,0.8813185095787048,7.567354202270508,4.200066566467285,1.6159640550613403,2.6226816177368164,6.095773220062256,0.0010315640829503536,0.38982826471328735,1.5615239143371582,0.0,0.0,0.0,0.0,4477.826171875,207.69937133789062,1039.262451171875,1935.1949462890625,899.5946655273438,0.0,858.1248168945312,0.05281110852956772,20.412405014038086,135.08157348632812,0.0,0.0,0.0,292.4448547363281,292.4448547363281,125.47745513916016,146.2981719970703,124.63257598876953,0.0,0.0,0.0,125.47745513916016,146.2981719970703,124.63257598876953,0.0,0.0,0.0,17.01292610168457,23.102989196777344,16.76580047607422,0.0,0.0,0.0
196.0,44.06462478637695,35600.203125,3581.070068359375,17647.18359375,14371.951171875,3386.100341796875,19.690162658691406,0.0,14657.83984375,0.07087576389312744,19.041215896606445,0.8848980665206909,7.567361831665039,4.202483654022217,1.6159640550613403,2.6226816177368164,6.1014485359191895,0.0010315640829503536,0.38982826471328735,1.5668346881866455,0.0,0.0,0.0,0.0,4547.19921875,211.32095336914062,1051.0921630859375,1996.896240234375,559.899169921875,0.0,1049.77685546875,0.06457947194576263,23.38969612121582,139.60498046875,0.0,0.0,0.0,293.9677429199219,293.9677429199219,111.96497344970703,151.0303497314453,125.07073211669922,0.0,0.0,0.0,111.96497344970703,151.0303497314453,125.07073211669922,0.0,0.0,0.0,13.059591293334961,24.4862117767334,16.89302635192871,0.0,0.0,0.0
197.0,44.39765548706055,35910.0546875,3581.070068359375,17957.033203125,14371.951171875,3486.39892578125,20.808452606201172,0.0,14012.8955078125,0.07439763098955154,19.294200897216797,0.9102979898452759,7.567385196685791,4.210831642150879,1.6159640550613403,2.6226816177368164,6.126613616943359,0.0010315640829503536,0.38982826471328735,1.5844212770462036,0.0,0.0,0.0,0.0,4508.53369140625,212.71205139160156,1032.395751953125,1942.4033203125,394.451171875,0.0,896.0504760742188,0.05502961575984955,20.097747802734375,136.62986755371094,0.0,0.0,0.0,295.46258544921875,295.46258544921875,118.10913848876953,146.42990112304688,126.26575469970703,0.0,0.0,0.0,118.10913848876953,146.42990112304688,126.26575469970703,0.0,0.0,0.0,13.738471984863281,22.022296905517578,16.12428092956543,0.0,0.0,0.0
198.0,44.83018493652344,36009.10546875,3581.070068359375,18056.0859375,14371.951171875,3486.39892578125,21.125438690185547,0.0,13848.236328125,0.07890612632036209,19.63595962524414,0.9448279738426208,7.567401885986328,4.219766616821289,1.6159640550613403,2.6226816177368164,6.150984287261963,0.0010315640829503536,0.38982826471328735,1.6028329133987427,0.0,0.0,0.0,0.0,4531.59130859375,218.04763793945312,1022.3668823242188,1916.2760009765625,371.22955322265625,0.0,822.1381225585938,0.050408169627189636,16.32430648803711,132.95167541503906,0.0,0.0,0.0,296.9045715332031,296.9045715332031,122.07478332519531,134.12948608398438,111.08708953857422,0.0,0.0,0.0,122.07478332519531,134.12948608398438,111.08708953857422,0.0,0.0,0.0,14.581437110900879,18.107439041137695,11.367536544799805,0.0,0.0,0.0
199.0,45.35032272338867,36348.13671875,3581.070068359375,18395.115234375,14371.951171875,3486.39892578125,21.636802673339844,0.0,13656.7080078125,0.08396860957145691,20.029006958007812,0.9848746061325073,7.567414283752441,4.239740371704102,1.6159640550613403,2.6226816177368164,6.174594879150391,0.0010315640829503536,0.38982826471328735,1.6412196159362793,0.0,0.0,0.0,0.0,4554.3828125,223.95001220703125,1010.5213623046875,1878.572509765625,361.3863220214844,0.0,730.3123779296875,0.0447077676653862,13.157713890075684,128.22821044921875,0.0,0.0,0.0,298.31494140625,298.31494140625,140.88336181640625,146.07720947265625,121.90907287597656,0.0,0.0,0.0,140.88336181640625,146.07720947265625,121.90907287597656,0.0,0.0,0.0,19.57158088684082,21.090778350830078,14.021602630615234,0.0,0.0,0.0
200.0,45.90592575073242,36477.7890625,3581.070068359375,18524.767578125,14371.951171875,3486.39892578125,21.097286224365234,0.0,14045.048828125,0.08866087347269058,20.395187377929688,1.0222727060317993,7.567424297332764,4.2703142166137695,1.6159640550613403,2.6226816177368164,6.195715427398682,0.0010315640829503536,0.38982826471328735,1.7368441820144653,0.0,0.0,0.0,0.0,4678.69580078125,234.51133728027344,1019.0579833984375,452.1659240722656,288.5859680175781,0.0,2280.389892578125,0.2887095808982849,35.08454513549805,171.94757080078125,0.0,0.0,0.0,299.721435546875,299.721435546875,179.47154235839844,184.69305419921875,160.55062866210938,0.0,0.0,0.0,179.47154235839844,184.69305419921875,160.55062866210938,0.0,0.0,0.0,31.39813804626465,32.92543029785156,25.863771438598633,0.0,0.0,0.0
201.0,46.26737594604492,36637.1171875,3581.070068359375,18684.09765625,14371.951171875,3486.39892578125,21.191972732543945,0.0,14045.57421875,0.09063100814819336,20.54937171936035,1.0382232666015625,7.567428112030029,4.289262771606445,1.6159640550613403,2.6226816177368164,6.2043938636779785,0.0010315640829503536,0.38982826471328735,1.898558259010315,0.0,0.0,0.0,0.0,4697.50732421875,237.3338623046875,1016.3276977539062,397.0951843261719,295.4549560546875,0.0,2296.173583984375,0.29137834906578064,33.731170654296875,185.71548461914062,0.0,0.0,0.0,301.17218017578125,301.17218017578125,147.073974609375,185.2395477294922,162.1581573486328,0.0,0.0,0.0,147.073974609375,185.2395477294922,162.1581573486328,0.0,0.0,0.0,21.827165603637695,32.990596771240234,26.239288330078125,0.0,0.0,0.0
202.0,46.67991256713867,36751.83203125,3581.070068359375,18798.80859375,14371.951171875,3486.39892578125,20.97548484802246,0.0,14231.150390625,0.09282753616571426,20.72328758239746,1.0552213191986084,7.567431449890137,4.3094258308410645,1.6159640550613403,2.6226816177368164,6.213332653045654,0.0010315640829503536,0.38982826471328735,2.0888803005218506,0.0,0.0,0.0,0.0,4736.423828125,241.1767578125,1016.5277709960938,726.0731201171875,373.31597900390625,0.0,1954.4478759765625,0.11933887004852295,32.666908264160156,202.39122009277344,0.0,0.0,0.0,302.66058349609375,302.66058349609375,99.68009185791016,183.74322509765625,144.46534729003906,0.0,0.0,0.0,99.68009185791016,183.74322509765625,144.46534729003906,0.0,0.0,0.0,8.180941581726074,32.7694091796875,21.280630111694336,0.0,0.0,0.0
203.0,46.98488235473633,36845.66796875,3581.070068359375,18892.646484375,14371.951171875,3486.39892578125,20.614501953125,0.0,14510.5712890625,0.09449496865272522,20.856203079223633,1.0683114528656006,7.5674333572387695,4.329103946685791,1.6159640550613403,2.6226816177368164,6.219752311706543,0.0010315640829503536,0.38982826471328735,2.220075845718384,0.0,0.0,0.0,0.0,4749.677734375,243.29141235351562,1013.5975341796875,1809.5799560546875,650.7544555664062,0.0,762.9947509765625,0.04656858369708061,29.981000900268555,209.89501953125,0.0,0.0,0.0,304.1971130371094,304.1971130371094,95.4263687133789,165.08627319335938,149.57357788085938,0.0,0.0,0.0,95.4263687133789,165.08627319335938,149.57357788085938,0.0,0.0,0.0,7.297710418701172,27.67323112487793,23.135770797729492,0.0,0.0,0.0
204.0,47.18497848510742,36881.2421875,3581.070068359375,18928.220703125,14371.951171875,3486.39892578125,20.143238067626953,0.0,14855.732421875,0.09576935321092606,20.955045700073242,1.0781583786010742,7.567434310913086,4.346025466918945,1.6159640550613403,2.6226816177368164,6.224300384521484,0.0010315640829503536,0.38982826471328735,2.2887392044067383,0.0,0.0,0.0,0.0,4817.12158203125,247.8457794189453,1021.9267578125,1914.2064208984375,653.7322998046875,0.0,791.4158935546875,0.04828862473368645,32.670406341552734,221.75994873046875,0.0,0.0,0.0,305.7814025878906,305.7814025878906,133.4718475341797,157.0078887939453,132.7230987548828,0.0,0.0,0.0,133.4718475341797,157.0078887939453,132.7230987548828,0.0,0.0,0.0,18.897275924682617,25.78156852722168,18.678266525268555,0.0,0.0,0.0
205.0,47.32426834106445,37035.1484375,3581.070068359375,18976.921875,14477.1552734375,3486.39892578125,19.441373825073242,0.0,15440.3486328125,0.09671618789434433,21.02716064453125,1.0854381322860718,7.567434787750244,4.364163875579834,1.6159640550613403,2.6226816177368164,6.227542877197266,0.0010315640829503536,0.38982826471328735,2.326307535171509,0.0,0.0,0.0,0.0,4845.5947265625,250.13331604003906,1024.07861328125,1974.7322998046875,1069.547119140625,0.0,741.318359375,0.04522218182682991,12.665480613708496,174.7662811279297,0.0,0.0,0.0,307.4125061035156,307.4125061035156,84.52312469482422,129.2701873779297,95.62705993652344,0.0,0.0,0.0,84.52312469482422,129.2701873779297,95.62705993652344,0.0,0.0,0.0,5.2816386222839355,18.370153427124023,8.529541015625,0.0,0.0,0.0
206.0,47.42387008666992,37287.39453125,3581.070068359375,19003.990234375,14702.3330078125,3486.39892578125,19.433691024780273,0.0,15550.8125,0.09731052815914154,21.072128295898438,1.0901151895523071,7.567434787750244,4.390703201293945,1.6159640550613403,2.6226816177368164,6.229549884796143,0.0010315640829503536,0.38982826471328735,2.3471243381500244,0.0,0.0,0.0,0.0,4868.2373046875,251.84637451171875,1026.333740234375,1995.693603515625,1070.869384765625,0.0,760.0423583984375,0.04635832831263542,13.30833625793457,179.2640380859375,0.0,0.0,0.0,309.05865478515625,309.05865478515625,97.2139663696289,135.23565673828125,110.68553161621094,0.0,0.0,0.0,97.2139663696289,135.23565673828125,110.68553161621094,0.0,0.0,0.0,9.00139331817627,20.122737884521484,12.941827774047852,0.0,0.0,0.0
207.0,47.49720764160156,37346.55078125,3581.070068359375,19019.11328125,14746.3642578125,3486.39892578125,20.06147003173828,0.0,15104.1220703125,0.09772014617919922,21.10306167602539,1.0932172536849976,7.567435264587402,4.414804935455322,1.6159640550613403,2.6226816177368164,6.230923652648926,0.0010315640829503536,0.38982826471328735,2.360539197921753,0.0,0.0,0.0,0.0,4833.8427734375,250.4110565185547,1018.89501953125,1981.528076171875,887.623046875,0.0,707.9114990234375,0.04317464679479599,11.69484806060791,171.20384216308594,0.0,0.0,0.0,310.6656188964844,310.6656188964844,112.86380767822266,142.84219360351562,130.64540100097656,0.0,0.0,0.0,112.86380767822266,142.84219360351562,130.64540100097656,0.0,0.0,0.0,12.951192855834961,21.71986961364746,18.15230941772461,0.0,0.0,0.0
208.0,47.53636169433594,37351.33203125,3581.070068359375,19023.8984375,14746.3642578125,3486.39892578125,20.051469802856445,0.0,15115.6298828125,0.09808122366666794,21.132118225097656,1.0959205627441406,7.567435264587402,4.418809413909912,1.6159640550613403,2.6226816177368164,6.232052326202393,0.0010315640829503536,0.38982826471328735,2.362440586090088,0.0,0.0,0.0,0.0,4898.8095703125,254.0543212890625,1029.501220703125,2045.96240234375,552.063232421875,0.0,877.0310668945312,0.05348479375243187,16.37263298034668,195.48922729492188,0.0,0.0,0.0,312.2332763671875,312.2332763671875,112.92329406738281,147.7744140625,126.8539047241211,0.0,0.0,0.0,112.92329406738281,147.7744140625,126.8539047241211,0.0,0.0,0.0,12.978594779968262,23.17254638671875,17.05329704284668,0.0,0.0,0.0
209.0,47.65568161010742,37459.29296875,3581.070068359375,19131.857421875,14746.3642578125,3684.633544921875,21.069067001342773,0.0,14450.546875,0.09925589710474014,21.227027893066406,1.1055076122283936,7.567435264587402,4.425812244415283,1.6159640550613403,2.6226816177368164,6.2356977462768555,0.0010315640829503536,0.38982826471328735,2.3654372692108154,0.0,0.0,0.0,0.0,4832.54541015625,251.6798553466797,1013.8650512695312,1994.2847900390625,389.65264892578125,0.0,752.8204345703125,0.045898791402578354,11.69484806060791,173.22503662109375,0.0,0.0,0.0,313.7698974609375,313.7698974609375,82.0466537475586,143.38320922851562,95.03475189208984,0.0,0.0,0.0,82.0466537475586,143.38320922851562,95.03475189208984,0.0,0.0,0.0,2.9295806884765625,20.870521545410156,6.7285990715026855,0.0,0.0,0.0
210.0,47.80741500854492,37493.78515625,3581.070068359375,19166.34765625,14746.3642578125,3684.633544921875,21.35105323791504,0.0,14280.7451171875,0.10101157426834106,21.355037689208984,1.1184489727020264,7.567435264587402,4.428568363189697,1.6159640550613403,2.6226816177368164,6.241116523742676,0.0010315640829503536,0.38982826471328735,2.3662891387939453,0.0,0.0,0.0,0.0,4825.3154296875,252.72113037109375,1007.6150512695312,1967.60302734375,367.5904846191406,0.0,703.8079833984375,0.04289501532912254,11.69484806060791,167.5726318359375,0.0,0.0,0.0,315.2452697753906,315.2452697753906,121.54924011230469,130.8411865234375,104.27982330322266,0.0,0.0,0.0,121.54924011230469,130.8411865234375,104.27982330322266,0.0,0.0,0.0,14.20209789276123,16.919994354248047,9.15079402923584,0.0,0.0,0.0
211.0,48.3970947265625,38036.6875,3581.070068359375,19709.25390625,14746.3642578125,3684.633544921875,21.977874755859375,0.0,14083.23828125,0.10790080577135086,21.85063934326172,1.1687756776809692,7.567435264587402,4.442461013793945,1.6159640550613403,2.6226816177368164,6.26236629486084,0.0010315640829503536,0.38982826471328735,2.368009567260742,0.0,0.0,0.0,0.0,4859.63427734375,259.9384765625,995.151123046875,1909.947509765625,357.68939208984375,0.0,611.291259765625,0.037203896790742874,11.69484806060791,164.10305786132812,0.0,0.0,0.0,316.68536376953125,316.68536376953125,115.0081558227539,138.4657440185547,131.7025146484375,0.0,0.0,0.0,115.0081558227539,138.4657440185547,131.7025146484375,0.0,0.0,0.0,11.662010192871094,18.523353576660156,16.54511070251465,0.0,0.0,0.0
212.0,49.16404342651367,38212.30859375,3581.070068359375,19884.875,14746.3642578125,3684.633544921875,21.451644897460938,0.0,14483.7001953125,0.11627859622240067,22.452251434326172,1.2302372455596924,7.567435264587402,4.460301399230957,1.6159640550613403,2.6226816177368164,6.288205623626709,0.0010315640829503536,0.38982826471328735,2.4198286533355713,0.0,0.0,0.0,0.0,5016.93408203125,274.89532470703125,1000.3956298828125,1834.2779541015625,285.0705261230469,0.0,783.78369140625,0.04762056842446327,24.54911231994629,217.84542846679688,0.0,0.0,0.0,318.1158752441406,318.1158752441406,143.81539916992188,168.63645935058594,154.42762756347656,0.0,0.0,0.0,143.81539916992188,168.63645935058594,154.42762756347656,0.0,0.0,0.0,20.614360809326172,27.87451934814453,23.718435287475586,0.0,0.0,0.0
213.0,49.62318420410156,38355.3671875,3581.070068359375,20027.931640625,14746.3642578125,3684.633544921875,21.534473419189453,0.0,14484.2412109375,0.12009494006633759,22.725914001464844,1.2587294578552246,7.567435264587402,4.468709945678711,1.6159640550613403,2.6226816177368164,6.299975872039795,0.0010315640829503536,0.38982826471328735,2.5528180599212646,0.0,0.0,0.0,0.0,5049.2353515625,279.6640625,996.3873901367188,1567.721435546875,291.55133056640625,0.0,1001.2290649414062,0.060784962028265,23.38969612121582,227.45608520507812,0.0,0.0,0.0,319.5848083496094,319.5848083496094,99.79720306396484,172.3762969970703,141.6849365234375,0.0,0.0,0.0,99.79720306396484,172.3762969970703,141.6849365234375,0.0,0.0,0.0,7.656208515167236,28.885595321655273,19.908370971679688,0.0,0.0,0.0
214.0,50.01893615722656,38449.84375,3581.070068359375,20122.408203125,14746.3642578125,3684.633544921875,21.29996109008789,0.0,14675.615234375,0.12297815084457397,22.93272590637207,1.2792260646820068,7.567435264587402,4.4788594245910645,1.6159640550613403,2.6226816177368164,6.308867931365967,0.0010315640829503536,0.38982826471328735,2.699338674545288,0.0,0.0,0.0,0.0,5092.52587890625,284.0696716308594,996.53662109375,318.7234802246094,368.3111877441406,0.0,2239.750732421875,0.2747223675251007,23.38969612121582,240.5110626220703,0.0,0.0,0.0,321.09161376953125,321.09161376953125,144.6752166748047,184.76864624023438,157.30320739746094,0.0,0.0,0.0,144.6752166748047,184.76864624023438,157.30320739746094,0.0,0.0,0.0,21.017539978027344,32.74486541748047,24.711223602294922,0.0,0.0,0.0
215.0,50.245792388916016,38485.31640625,3581.070068359375,20157.880859375,14746.3642578125,3684.633544921875,20.898897171020508,0.13804984092712402,14963.7685546875,0.12444429099559784,23.037874221801758,1.289520263671875,7.567435264587402,4.496174335479736,1.6159640550613403,2.6226816177368164,6.313389301300049,0.0010315640829503536,0.38982826471328735,2.7874464988708496,0.0,0.0,0.0,0.0,5100.75244140625,285.5091247558594,994.8951416015625,1865.61328125,642.1649169921875,0.0,595.9055786132812,0.03614535182714462,23.38969612121582,248.36148071289062,0.0,0.0,0.0,322.6512756347656,322.6512756347656,139.29742431640625,163.3967742919922,140.8957977294922,0.0,0.0,0.0,139.29742431640625,163.3967742919922,140.8957977294922,0.0,0.0,0.0,19.707550048828125,26.756608963012695,20.17507553100586,0.0,0.0,0.0
216.0,50.36300277709961,38504.359375,3581.070068359375,20176.92578125,14746.3642578125,3684.633544921875,20.42984390258789,0.0,15306.044921875,0.1251049041748047,23.085248947143555,1.2941277027130127,7.567435264587402,4.514759063720703,1.6159640550613403,2.6226816177368164,6.315426349639893,0.0010315640829503536,0.38982826471328735,2.831395387649536,0.0,0.0,0.0,0.0,5169.64208984375,289.8031311035156,1003.2658081054688,1919.041015625,645.779296875,0.0,682.3313598632812,0.04138198494911194,23.38969612121582,252.27734375,0.0,0.0,0.0,324.2583312988281,324.2583312988281,112.19215393066406,152.98828125,132.04502868652344,0.0,0.0,0.0,112.19215393066406,152.98828125,132.04502868652344,0.0,0.0,0.0,12.386361122131348,24.319229125976562,18.193326950073242,0.0,0.0,0.0
217.0,50.42551040649414,38614.5234375,3581.070068359375,20185.5859375,14847.865234375,3684.633544921875,19.69147300720215,0.0,15908.380859375,0.1254146546125412,23.107463836669922,1.2962640523910522,7.567435264587402,4.529701232910156,1.6159640550613403,2.6226816177368164,6.316381931304932,0.0010315640829503536,0.38982826471328735,2.853342056274414,0.0,0.0,0.0,0.0,5197.08056640625,291.5416564941406,1006.9307250976562,1984.2567138671875,1057.4356689453125,0.0,642.9244384765625,0.03898952901363373,11.69484806060791,197.73660278320312,0.0,0.0,0.0,325.9098205566406,325.9098205566406,82.07511901855469,125.43673706054688,95.91991424560547,0.0,0.0,0.0,82.07511901855469,125.43673706054688,95.91991424560547,0.0,0.0,0.0,4.315498352050781,16.99877166748047,8.365102767944336,0.0,0.0,0.0
218.0,50.45579528808594,38849.6796875,3581.070068359375,20192.1796875,15076.4306640625,3684.633544921875,19.669403076171875,0.0,16022.1962890625,0.12553077936172485,23.11579132080078,1.2970644235610962,7.567435264587402,4.5418009757995605,1.6159640550613403,2.6226816177368164,6.316740036010742,0.0010315640829503536,0.38982826471328735,2.861928701400757,0.0,0.0,0.0,0.0,5217.0556640625,292.7374267578125,1009.6129760742188,2005.2000732421875,1059.239013671875,0.0,670.7290649414062,0.040674734860658646,11.69484806060791,198.3316650390625,0.0,0.0,0.0,327.572998046875,327.572998046875,122.5578842163086,135.36940002441406,109.092529296875,0.0,0.0,0.0,122.5578842163086,135.36940002441406,109.092529296875,0.0,0.0,0.0,16.17877960205078,19.9261474609375,12.24016284942627,0.0,0.0,0.0
219.0,50.47671890258789,38898.60546875,3581.070068359375,20196.431640625,15121.1025390625,3684.633544921875,20.29863929748535,0.0,15561.970703125,0.12560023367404938,23.12077522277832,1.2975335121154785,7.567435264587402,4.551714897155762,1.6159640550613403,2.6226816177368164,6.316954135894775,0.0010315640829503536,0.38982826471328735,2.867199182510376,0.0,0.0,0.0,0.0,5171.00732421875,290.1959228515625,1002.4595947265625,1979.5460205078125,877.7288818359375,0.0,621.6510009765625,0.03769795596599579,11.69484806060791,198.6968994140625,0.0,0.0,0.0,329.1976013183594,329.1976013183594,117.66634368896484,138.73477172851562,124.51963806152344,0.0,0.0,0.0,117.66634368896484,138.73477172851562,124.51963806152344,0.0,0.0,0.0,14.118766784667969,20.281280517578125,16.123353958129883,0.0,0.0,0.0
220.0,50.487823486328125,38899.94921875,3581.070068359375,20197.77734375,15121.1025390625,3684.633544921875,20.286548614501953,0.0,15573.826171875,0.12569837272167206,23.12718963623047,1.2981162071228027,7.567435264587402,4.554247856140137,1.6159640550613403,2.6226816177368164,6.317255020141602,0.0010315640829503536,0.38982826471328735,2.868375062942505,0.0,0.0,0.0,0.0,5234.59375,293.8148193359375,1012.2716064453125,2062.84912109375,545.9071655273438,0.0,792.9288940429688,0.04808351397514343,11.69484806060791,205.31173706054688,0.0,0.0,0.0,330.7811584472656,330.7811584472656,121.97984313964844,146.80010986328125,132.0837860107422,0.0,0.0,0.0,121.97984313964844,146.80010986328125,132.0837860107422,0.0,0.0,0.0,15.392555236816406,22.652482986450195,18.347959518432617,0.0,0.0,0.0
221.0,50.506351470947266,38914.58203125,3581.070068359375,20212.408203125,15121.1025390625,3684.633544921875,21.26349449157715,0.0,14888.57421875,0.12583501636981964,23.136016845703125,1.2990237474441528,7.567435264587402,4.5562944412231445,1.6159640550613403,2.6226816177368164,6.317674160003662,0.0010315640829503536,0.38982826471328735,2.874568462371826,0.0,0.0,0.0,0.0,5149.072265625,289.10626220703125,998.1280517578125,1993.41845703125,385.5500183105469,0.0,670.0761108398438,0.040632545948028564,11.69484806060791,199.2075958251953,0.0,0.0,0.0,332.3360290527344,332.3360290527344,93.80157470703125,137.42909240722656,121.37076568603516,0.0,0.0,0.0,93.80157470703125,137.42909240722656,121.37076568603516,0.0,0.0,0.0,6.173466205596924,18.934513092041016,14.237455368041992,0.0,0.0,0.0
222.0,50.534969329833984,38939.71875,3581.070068359375,20237.544921875,15121.1025390625,3684.633544921875,21.54235076904297,0.0,14713.634765625,0.12614604830741882,23.157560348510742,1.301151990890503,7.567435264587402,4.55658483505249,1.6159640550613403,2.6226816177368164,6.318626880645752,0.0010315640829503536,0.38982826471328735,2.8779585361480713,0.0,0.0,0.0,0.0,5122.06298828125,287.7929382324219,993.5542602539062,1971.0390625,363.9222412109375,0.0,627.4156494140625,0.03804323822259903,11.69484806060791,199.44253540039062,0.0,0.0,0.0,333.8323669433594,333.8323669433594,109.28889465332031,127.90992736816406,104.2771224975586,0.0,0.0,0.0,109.28889465332031,127.90992736816406,104.2771224975586,0.0,0.0,0.0,10.424652099609375,15.871302604675293,8.958708763122559,0.0,0.0,0.0
223.0,50.99507141113281,39393.89453125,3581.070068359375,20691.72265625,15121.1025390625,3684.633544921875,22.113489151000977,0.0,14510.134765625,0.13105374574661255,23.497859954833984,1.3358579874038696,7.567435264587402,4.559587001800537,1.6159640550613403,2.6226816177368164,6.333662033081055,0.0010315640829503536,0.38982826471328735,2.9401092529296875,0.0,0.0,0.0,0.0,5123.03271484375,291.24542236328125,983.8330688476562,1927.4715576171875,354.2982177734375,0.0,552.852294921875,0.033488839864730835,8.9561767578125,196.7057647705078,0.0,0.0,0.0,335.2925720214844,335.2925720214844,109.85030364990234,136.9508514404297,96.73179626464844,0.0,0.0,0.0,109.85030364990234,136.9508514404297,96.73179626464844,0.0,0.0,0.0,10.017724990844727,17.94463539123535,6.18056058883667,0.0,0.0,0.0
224.0,51.6480712890625,39552.0859375,3581.070068359375,20849.912109375,15121.1025390625,3684.633544921875,21.570438385009766,0.0,14922.73828125,0.1379774957895279,23.978069305419922,1.384759545326233,7.567435264587402,4.564185619354248,1.6159640550613403,2.6226816177368164,6.354873180389404,0.0010315640829503536,0.38982826471328735,3.0312654972076416,0.0,0.0,0.0,0.0,5271.529296875,304.4365234375,990.8002319335938,1911.3238525390625,282.8734436035156,0.0,660.424072265625,0.039949025958776474,23.38969612121582,270.08575439453125,0.0,0.0,0.0,336.7398986816406,336.7398986816406,146.36717224121094,164.13519287109375,132.64511108398438,0.0,0.0,0.0,146.36717224121094,164.13519287109375,132.64511108398438,0.0,0.0,0.0,21.241960525512695,26.439105987548828,17.228256225585938,0.0,0.0,0.0
225.0,52.02214813232422,39602.4453125,3581.070068359375,20900.2734375,15121.1025390625,3684.633544921875,21.600357055664062,0.0,14923.2958984375,0.14192837476730347,24.25214195251465,1.412610650062561,7.567435264587402,4.566953659057617,1.6159640550613403,2.6226816177368164,6.366976737976074,0.0010315640829503536,0.38982826471328735,3.0845978260040283,0.0,0.0,0.0,0.0,5300.64794921875,308.7460021972656,987.0938720703125,1635.30615234375,289.2707824707031,0.0,894.4529418945312,0.05406225472688675,23.38969612121582,274.8376770019531,0.0,0.0,0.0,338.2188720703125,338.2188720703125,156.3227996826172,173.94383239746094,152.14556884765625,0.0,0.0,0.0,156.3227996826172,173.94383239746094,152.14556884765625,0.0,0.0,0.0,24.124059677124023,29.278215408325195,22.902223587036133,0.0,0.0,0.0
226.0,52.19362258911133,39618.37890625,3581.070068359375,20916.20703125,15121.1025390625,3684.633544921875,21.320871353149414,0.3377634584903717,15120.4716796875,0.14373469352722168,24.377460479736328,1.42533540725708,7.567435264587402,4.568262577056885,1.6159640550613403,2.6226816177368164,6.3725104331970215,0.0010315640829503536,0.38982826471328735,3.1093790531158447,0.0,0.0,0.0,0.0,5336.18310546875,312.00341796875,988.4822387695312,378.7197265625,365.79248046875,0.0,2163.22021484375,0.25617122650146484,23.38969612121582,277.0456848144531,0.0,0.0,0.0,339.7389221191406,339.7389221191406,171.78219604492188,185.74050903320312,167.16259765625,0.0,0.0,0.0,171.78219604492188,185.74050903320312,167.16259765625,0.0,0.0,0.0,28.587656021118164,32.67046356201172,27.236427307128906,0.0,0.0,0.0
227.0,52.26468276977539,39623.421875,3581.070068359375,20921.248046875,15121.1025390625,3684.633544921875,20.902359008789062,1.3214184045791626,15417.35546875,0.1444702297449112,24.428491592407227,1.4305262565612793,7.567435264587402,4.569904327392578,1.6159640550613403,2.6226816177368164,6.3747639656066895,0.0010315640829503536,0.38982826471328735,3.1195878982543945,0.0,0.0,0.0,0.0,5341.17138671875,312.77764892578125,987.9523315429688,1870.6910400390625,638.33935546875,0.0,591.1787719726562,0.03571351617574692,23.38969612121582,277.95526123046875,0.0,0.0,0.0,341.3145446777344,341.3145446777344,152.74490356445312,167.7578125,152.26478576660156,0.0,0.0,0.0,152.74490356445312,167.7578125,152.26478576660156,0.0,0.0,0.0,22.4541072845459,26.845382690429688,22.31367301940918,0.0,0.0,0.0
228.0,52.292999267578125,39626.44921875,3581.070068359375,20924.275390625,15121.1025390625,3684.633544921875,20.44196128845215,0.0,15756.7548828125,0.1447121500968933,24.449588775634766,1.4326598644256592,7.567435264587402,4.571671962738037,1.6159640550613403,2.6226816177368164,6.375504970550537,0.0010315640829503536,0.38982826471328735,3.121919870376587,0.0,0.0,0.0,0.0,5406.8125,316.8201904296875,996.2023315429688,1927.5516357421875,641.9052734375,0.0,679.5914306640625,0.04105258360505104,23.38969612121582,278.1630554199219,0.0,0.0,0.0,342.9413757324219,342.9413757324219,129.15902709960938,152.6739044189453,129.30218505859375,0.0,0.0,0.0,129.15902709960938,152.6739044189453,129.30218505859375,0.0,0.0,0.0,17.337053298950195,24.21515655517578,17.378929138183594,0.0,0.0,0.0
229.0,52.32404327392578,39744.05078125,3581.070068359375,20944.076171875,15218.9033203125,3684.633544921875,19.70450782775879,0.0,16376.8359375,0.14492756128311157,24.470796585083008,1.4348385334014893,7.567435264587402,4.576965808868408,1.6159640550613403,2.6226816177368164,6.376164436340332,0.0010315640829503536,0.38982826471328735,3.1234092712402344,0.0,0.0,0.0,0.0,5439.49462890625,318.9432678222656,1000.3512573242188,1997.968505859375,1051.51416015625,0.0,650.01953125,0.03926451876759529,11.69484806060791,216.45225524902344,0.0,0.0,0.0,344.614013671875,344.614013671875,100.15753936767578,123.55764770507812,90.26864624023438,0.0,0.0,0.0,100.15753936767578,123.55764770507812,90.26864624023438,0.0,0.0,0.0,9.591571807861328,16.43610382080078,6.699071407318115,0.0,0.0,0.0
230.0,52.357669830322266,39990.44921875,3581.070068359375,20958.515625,15450.8623046875,3684.633544921875,19.68440818786621,0.0,16493.99609375,0.1450982540845871,24.48804473876953,1.4366718530654907,7.567435264587402,4.589747905731201,1.6159640550613403,2.6226816177368164,6.376687049865723,0.0010315640829503536,0.38982826471328735,3.1244804859161377,0.0,0.0,0.0,0.0,5462.37060546875,320.4679870605469,1002.8936157226562,2017.906982421875,1053.327392578125,0.0,678.4799194335938,0.04098230227828026,11.69484806060791,216.5264892578125,0.0,0.0,0.0,346.2997131347656,346.2997131347656,122.21287536621094,135.72994995117188,118.91515350341797,0.0,0.0,0.0,122.21287536621094,135.72994995117188,118.91515350341797,0.0,0.0,0.0,16.062856674194336,20.0166015625,15.098274230957031,0.0,0.0,0.0
231.0,52.392845153808594,40044.92578125,3581.070068359375,20967.681640625,15496.1728515625,3684.633544921875,20.31670570373535,0.0,16020.2138671875,0.14545376598834991,24.51416015625,1.4391368627548218,7.567435264587402,4.594604015350342,1.6159640550613403,2.6226816177368164,6.377773284912109,0.0010315640829503536,0.38982826471328735,3.12477445602417,0.0,0.0,0.0,0.0,5414.03173828125,317.8380432128906,995.3817749023438,1988.90234375,872.4608764648438,0.0,628.5693969726562,0.03796469792723656,11.015660285949707,214.68963623046875,0.0,0.0,0.0,347.95123291015625,347.95123291015625,125.50016784667969,138.97280883789062,109.72855377197266,0.0,0.0,0.0,125.50016784667969,138.97280883789062,109.72855377197266,0.0,0.0,0.0,16.392093658447266,20.332839965820312,11.778895378112793,0.0,0.0,0.0
232.0,52.5019645690918,40140.10546875,3581.070068359375,21062.86328125,15496.1728515625,3684.633544921875,20.35210418701172,0.0,16032.4267578125,0.1467292755842209,24.603342056274414,1.4481109380722046,7.567435264587402,4.600108623504639,1.6159640550613403,2.6226816177368164,6.381667613983154,0.0010315640829503536,0.38982826471328735,3.1250669956207275,0.0,0.0,0.0,0.0,5495.97216796875,323.4836120605469,1003.5741577148438,2064.759765625,542.55908203125,0.0,790.8827514648438,0.04775582253932953,11.69484806060791,216.56715393066406,0.0,0.0,0.0,349.56341552734375,349.56341552734375,126.86685180664062,146.91696166992188,123.21671295166016,0.0,0.0,0.0,126.86685180664062,146.91696166992188,123.21671295166016,0.0,0.0,0.0,16.75644874572754,22.621105194091797,15.688783645629883,0.0,0.0,0.0
233.0,52.747047424316406,40285.3203125,3581.070068359375,21208.078125,15496.1728515625,3730.58056640625,21.402175903320312,0.0,15326.9990234375,0.14964422583580017,24.805946350097656,1.4688358306884766,7.567435264587402,4.60955810546875,1.6159640550613403,2.6226816177368164,6.390567779541016,0.0010315640829503536,0.38982826471328735,3.1255531311035156,0.0,0.0,0.0,0.0,5417.10986328125,320.7636413574219,987.170166015625,1990.4058837890625,382.0633850097656,0.0,651.400390625,0.03931046277284622,10.502847671508789,213.34051513671875,0.0,0.0,0.0,351.1473388671875,351.1473388671875,99.07704162597656,137.43992614746094,117.2580337524414,0.0,0.0,0.0,99.07704162597656,137.43992614746094,117.2580337524414,0.0,0.0,0.0,7.577857971191406,18.799001693725586,12.895798683166504,0.0,0.0,0.0
234.0,52.97774887084961,40331.26953125,3581.070068359375,21254.025390625,15496.1728515625,3730.58056640625,21.69379425048828,0.0,15146.8984375,0.1517118513584137,25.00472068786621,1.4890958070755005,7.567435264587402,4.612687587738037,1.6159640550613403,2.6226816177368164,6.396880626678467,0.0010315640829503536,0.38982826471328735,3.125711441040039,0.0,0.0,0.0,0.0,5408.82470703125,322.1094970703125,980.623779296875,1959.9478759765625,360.06707763671875,0.0,601.262451171875,0.036269668489694595,8.691245079040527,208.3960418701172,0.0,0.0,0.0,352.67279052734375,352.67279052734375,116.40621185302734,128.016357421875,119.68895721435547,0.0,0.0,0.0,116.40621185302734,128.016357421875,119.68895721435547,0.0,0.0,0.0,12.355023384094238,15.75098991394043,13.315225601196289,0.0,0.0,0.0
235.0,53.48044967651367,40744.12109375,3581.070068359375,21666.87890625,15496.1728515625,3730.58056640625,22.237812042236328,0.0,14937.3994140625,0.15584033727645874,25.441883087158203,1.5338170528411865,7.567435264587402,4.616576671600342,1.6159640550613403,2.6226816177368164,6.409485340118408,0.0010315640829503536,0.38982826471328735,3.125906467437744,0.0,0.0,0.0,0.0,5418.91015625,326.6903076171875,970.3739013671875,1911.27099609375,350.3924255371094,0.0,523.5309448242188,0.03155457228422165,5.761478900909424,200.39476013183594,0.0,0.0,0.0,354.16156005859375,354.16156005859375,115.80477142333984,138.49729919433594,128.027099609375,0.0,0.0,0.0,115.80477142333984,138.49729919433594,128.027099609375,0.0,0.0,0.0,11.63508415222168,18.272645950317383,15.210113525390625,0.0,0.0,0.0
236.0,54.07493591308594,40874.75,3581.070068359375,21797.5078125,15496.1728515625,3730.58056640625,21.673620223999023,0.0,15362.1552734375,0.1606530249118805,25.959604263305664,1.5868163108825684,7.567435264587402,4.620635032653809,1.6159640550613403,2.6226816177368164,6.4241790771484375,0.0010315640829503536,0.38982826471328735,3.1261093616485596,0.0,0.0,0.0,0.0,5573.44482421875,340.6844482421875,976.9382934570312,1881.557861328125,279.6903381347656,0.0,637.70361328125,0.03839903697371483,23.38969612121582,278.5363464355469,0.0,0.0,0.0,355.6407165527344,355.6407165527344,125.14258575439453,162.0042724609375,114.8700180053711,0.0,0.0,0.0,125.14258575439453,162.0042724609375,114.8700180053711,0.0,0.0,0.0,14.930586814880371,25.712631225585938,11.925861358642578,0.0,0.0,0.0
237.0,54.40081024169922,40916.08203125,3581.070068359375,21838.83984375,15496.1728515625,3730.58056640625,21.69797706604004,0.353555291891098,15362.7294921875,0.16326653957366943,26.243671417236328,1.6158957481384277,7.567435264587402,4.6226677894592285,1.6159640550613403,2.6226816177368164,6.432158470153809,0.0010315640829503536,0.38982826471328735,3.1262106895446777,0.0,0.0,0.0,0.0,5603.462890625,345.02081298828125,973.47509765625,615.791015625,286.0716857910156,0.0,1864.90087890625,0.20206311345100403,23.38969612121582,278.5453796386719,0.0,0.0,0.0,357.1512756347656,357.1512756347656,165.58065795898438,184.92698669433594,166.1557159423828,0.0,0.0,0.0,165.58065795898438,184.92698669433594,166.1557159423828,0.0,0.0,0.0,26.380809783935547,32.03961181640625,26.549015045166016,0.0,0.0,0.0
238.0,54.54751205444336,40929.16015625,3581.070068359375,21851.91796875,15496.1728515625,3730.58056640625,21.415164947509766,0.41266512870788574,15565.712890625,0.16438934206962585,26.372114181518555,1.6290363073349,7.567435264587402,4.623208999633789,1.6159640550613403,2.6226816177368164,6.43558406829834,0.0010315640829503536,0.38982826471328735,3.126237630844116,0.0,0.0,0.0,0.0,5641.1875,348.4627380371094,975.006591796875,1870.0306396484375,361.7967224121094,0.0,627.57666015625,0.03776099905371666,23.38969612121582,278.5477600097656,0.0,0.0,0.0,358.7002258300781,358.7002258300781,155.55331420898438,171.85546875,143.1669158935547,0.0,0.0,0.0,155.55331420898438,171.85546875,143.1669158935547,0.0,0.0,0.0,23.6715145111084,28.439891815185547,20.048490524291992,0.0,0.0,0.0
239.0,54.68632888793945,41015.42578125,3581.070068359375,21938.185546875,15496.1728515625,3730.58056640625,21.03597640991211,0.18606413900852203,15871.34375,0.16542227566242218,26.493812561035156,1.6415212154388428,7.567435264587402,4.623646259307861,1.6159640550613403,2.6226816177368164,6.438734531402588,0.0010315640829503536,0.38982826471328735,3.126253366470337,0.0,0.0,0.0,0.0,5658.31201171875,350.5814514160156,974.2171020507812,1840.4161376953125,631.25341796875,0.0,573.5394287109375,0.03450249508023262,23.38969612121582,278.5491638183594,0.0,0.0,0.0,360.3096008300781,360.3096008300781,136.43382263183594,168.19651794433594,146.05474853515625,0.0,0.0,0.0,136.43382263183594,168.19651794433594,146.05474853515625,0.0,0.0,0.0,18.68485450744629,27.97544288635254,21.498973846435547,0.0,0.0,0.0
240.0,54.8296012878418,41051.60546875,3581.070068359375,21974.365234375,15496.1728515625,3730.58056640625,20.605709075927734,0.0,16207.86328125,0.16645559668540955,26.6196346282959,1.6544407606124878,7.567435264587402,4.623983383178711,1.6159640550613403,2.6226816177368164,6.441885948181152,0.0010315640829503536,0.38982826471328735,3.1262600421905518,0.0,0.0,0.0,0.0,5735.92138671875,356.49407958984375,980.7503662109375,1892.0286865234375,633.9883422851562,0.0,654.140625,0.03934314101934433,23.38969612121582,278.5497741699219,0.0,0.0,0.0,361.9734191894531,361.9734191894531,115.62117767333984,151.97760009765625,124.69973754882812,0.0,0.0,0.0,115.62117767333984,151.97760009765625,124.69973754882812,0.0,0.0,0.0,13.213486671447754,23.84773826599121,15.868964195251465,0.0,0.0,0.0
241.0,55.08348846435547,41335.03125,3581.070068359375,22163.6953125,15590.2666015625,3730.58056640625,19.93960952758789,0.0,16845.6953125,0.16824759542942047,26.839876174926758,1.6770610809326172,7.567435264587402,4.627745628356934,1.6159640550613403,2.6226816177368164,6.447350978851318,0.0010315640829503536,0.38982826471328735,3.1262669563293457,0.0,0.0,0.0,0.0,5799.578125,362.3804626464844,983.3289794921875,1965.921630859375,1037.358642578125,0.0,619.0926513671875,0.03722190111875534,8.262316703796387,207.25962829589844,0.0,0.0,0.0,363.6853942871094,363.6853942871094,72.72611999511719,123.19237518310547,75.6473617553711,0.0,0.0,0.0,72.72611999511719,123.19237518310547,75.6473617553711,0.0,0.0,0.0,1.332781195640564,16.094160079956055,2.187244176864624,0.0,0.0,0.0
242.0,55.36576461791992,41636.6171875,3581.070068359375,22229.92578125,15825.62109375,3730.58056640625,19.940834045410156,0.0,16966.212890625,0.17017553746700287,27.07722282409668,1.701525092124939,7.567435264587402,4.640397548675537,1.6159640550613403,2.6226816177368164,6.453231334686279,0.0010315640829503536,0.38982826471328735,3.1262736320495605,0.0,0.0,0.0,0.0,5849.115234375,367.5567626953125,983.4500122070312,1976.0467529296875,1037.2381591796875,0.0,633.1185913085938,0.038050610572099686,8.420173645019531,207.6919403076172,0.0,0.0,0.0,365.4082336425781,365.4082336425781,105.56736755371094,131.7258758544922,111.01449584960938,0.0,0.0,0.0,105.56736755371094,131.7258758544922,111.01449584960938,0.0,0.0,0.0,10.937621116638184,18.5889835357666,12.530906677246094,0.0,0.0,0.0
243.0,55.532135009765625,41707.08203125,3581.070068359375,22254.439453125,15871.572265625,3730.58056640625,20.58864402770996,0.0,16478.87109375,0.17131876945495605,27.21849250793457,1.7158595323562622,7.567435264587402,4.6465277671813965,1.6159640550613403,2.6226816177368164,6.456717491149902,0.0010315640829503536,0.38982826471328735,3.1262757778167725,0.0,0.0,0.0,0.0,5808.71044921875,366.18231201171875,974.79345703125,1940.100341796875,858.301025390625,0.0,576.7406005859375,0.03465433046221733,6.212586879730225,201.65257263183594,0.0,0.0,0.0,367.0924072265625,367.0924072265625,120.61526489257812,138.9134521484375,115.28349304199219,0.0,0.0,0.0,120.61526489257812,138.9134521484375,115.28349304199219,0.0,0.0,0.0,14.691320419311523,20.04353904724121,13.1317777633667,0.0,0.0,0.0
244.0,55.72126770019531,41830.43359375,3581.070068359375,22377.791015625,15871.572265625,3730.58056640625,20.636438369750977,0.0,16491.421875,0.1726122945547104,27.37833595275879,1.732048749923706,7.57257604598999,4.6492509841918945,1.6159640550613403,2.6226816177368164,6.4606614112854,0.0010315640829503536,0.38982826471328735,3.1262764930725098,0.0,0.0,0.0,0.0,5894.65673828125,372.91650390625,981.8124389648438,2011.490966796875,533.0376586914062,0.0,723.79931640625,0.043479278683662415,9.937984466552734,211.84454345703125,0.0,0.0,0.0,368.734619140625,368.734619140625,122.32981872558594,142.4766845703125,128.0745086669922,0.0,0.0,0.0,122.32981872558594,142.4766845703125,128.0745086669922,0.0,0.0,0.0,15.145033836364746,21.037994384765625,16.825353622436523,0.0,0.0,0.0
245.0,56.153656005859375,42137.52734375,3581.070068359375,22684.884765625,15871.572265625,3940.60107421875,21.78254508972168,0.0,15765.7998046875,0.17521336674690247,27.699665069580078,1.7644882202148438,7.636703968048096,4.653209209442139,1.6159640550613403,2.6226816177368164,6.468592166900635,0.0010315640829503536,0.38982826471328735,3.126277446746826,0.0,0.0,0.0,0.0,5819.55126953125,370.7095031738281,972.5216674804688,1923.115966796875,375.0948181152344,0.0,584.6326904296875,0.03510116785764694,5.045159339904785,198.45884704589844,0.0,0.0,0.0,370.3460693359375,370.3460693359375,101.01297760009766,138.41036987304688,113.32453918457031,0.0,0.0,0.0,101.01297760009766,138.41036987304688,113.32453918457031,0.0,0.0,0.0,7.763751029968262,18.70248794555664,11.364883422851562,0.0,0.0,0.0
246.0,56.66763687133789,42322.07421875,3581.070068359375,22869.431640625,15871.572265625,3940.60107421875,22.150997161865234,0.0,15580.5439453125,0.17808769643306732,28.054201126098633,1.800604224205017,7.746232509613037,4.655372142791748,1.6159640550613403,2.6226816177368164,6.47735595703125,0.0010315640829503536,0.38982826471328735,3.1262781620025635,0.0,0.0,0.0,0.0,5823.23974609375,373.7532958984375,977.7074584960938,1877.9554443359375,353.0888366699219,0.0,522.1707763671875,0.031332969665527344,2.6320128440856934,192.2462615966797,0.0,0.0,0.0,371.9010314941406,371.9010314941406,84.2570571899414,126.76957702636719,115.18528747558594,0.0,0.0,0.0,84.2570571899414,126.76957702636719,115.18528747558594,0.0,0.0,0.0,2.4941935539245605,14.929104804992676,11.540699005126953,0.0,0.0,0.0
247.0,57.523319244384766,42901.65234375,3581.070068359375,23449.01171875,15871.572265625,3940.60107421875,22.78446388244629,0.0,15365.05078125,0.18250493705272675,28.598695755004883,1.8565402030944824,7.981348037719727,4.657624244689941,1.6159640550613403,2.6226816177368164,6.490823745727539,0.0010315640829503536,0.38982826471328735,3.1262786388397217,0.0,0.0,0.0,0.0,5835.6474609375,378.8324279785156,994.4765625,1806.0775146484375,343.3655090332031,0.0,440.64886474609375,0.026417957618832588,0.0,177.0822296142578,0.0,0.0,0.0,373.4181823730469,373.4181823730469,103.21656036376953,128.38497924804688,115.76827239990234,0.0,0.0,0.0,103.21656036376953,128.38497924804688,115.76827239990234,0.0,0.0,0.0,7.406378746032715,14.768143653869629,11.077754020690918,0.0,0.0,0.0
248.0,58.4906120300293,43127.296875,3581.070068359375,23674.65234375,15871.572265625,3940.60107421875,22.251232147216797,0.0,15801.9697265625,0.18708235025405884,29.162864685058594,1.9144912958145142,8.305703163146973,4.65990686416626,1.6159640550613403,2.6226816177368164,6.504779815673828,0.0010315640829503536,0.38982826471328735,3.12627911567688,0.0,0.0,0.0,0.0,5985.88623046875,392.9630126953125,1038.3885498046875,1845.138427734375,273.75653076171875,0.0,540.0520629882812,0.03234792500734329,2.0177884101867676,190.71885681152344,0.0,0.0,0.0,374.9205322265625,374.9205322265625,124.28877258300781,140.90821838378906,118.37150573730469,0.0,0.0,0.0,124.28877258300781,140.90821838378906,118.37150573730469,0.0,0.0,0.0,14.103232383728027,18.96442222595215,12.372430801391602,0.0,0.0,0.0
249.0,59.07292938232422,43305.47265625,3581.070068359375,23852.830078125,15871.572265625,3940.60107421875,22.345613479614258,0.0,15802.5595703125,0.18917594850063324,29.4208984375,1.9407793283462524,8.594184875488281,4.660942077636719,1.6159640550613403,2.6226816177368164,6.511162757873535,0.0010315640829503536,0.38982826471328735,3.126279354095459,0.0,0.0,0.0,0.0,6003.765625,396.0444641113281,1068.7420654296875,713.4259033203125,279.9515686035156,0.0,1507.198486328125,0.09024029225111008,22.497642517089844,276.11102294921875,0.0,0.0,0.0,376.4442443847656,376.4442443847656,108.31434631347656,172.1125030517578,135.58651733398438,0.0,0.0,0.0,108.31434631347656,172.1125030517578,135.58651733398438,0.0,0.0,0.0,9.336332321166992,27.997295379638672,17.313440322875977,0.0,0.0,0.0
250.0,59.566566467285156,43421.8671875,3581.070068359375,23969.224609375,15871.572265625,3940.60107421875,22.106216430664062,0.0,16011.35546875,0.1909288913011551,29.63644790649414,1.9634381532669067,8.840973854064941,4.66248893737793,1.6159640550613403,2.6226816177368164,6.51650333404541,0.0010315640829503536,0.38982826471328735,3.126279592514038,0.0,0.0,0.0,0.0,6045.7734375,400.5372619628906,1098.1639404296875,765.4733276367188,353.6686096191406,0.0,1441.2744140625,0.08626317232847214,23.38969612121582,278.551513671875,0.0,0.0,0.0,377.9936828613281,377.9936828613281,150.4217071533203,170.624755859375,148.25161743164062,0.0,0.0,0.0,150.4217071533203,170.624755859375,148.25161743164062,0.0,0.0,0.0,21.892131805419922,27.801525115966797,21.257381439208984,0.0,0.0,0.0
251.0,59.89762496948242,43514.09765625,3581.070068359375,24061.455078125,15871.572265625,3940.60107421875,21.714664459228516,0.0,16325.7314453125,0.19215218722820282,29.78662109375,1.9792425632476807,8.996650695800781,4.6669464111328125,1.6159640550613403,2.6226816177368164,6.520227432250977,0.0010315640829503536,0.38982826471328735,3.126279592514038,0.0,0.0,0.0,0.0,6065.486328125,403.03558349609375,1113.818115234375,1575.3001708984375,616.7884521484375,0.0,540.6734008789062,0.032352548092603683,23.38969612121582,278.551513671875,0.0,0.0,0.0,379.5937194824219,379.5937194824219,94.13697814941406,158.5550079345703,137.87448120117188,0.0,0.0,0.0,94.13697814941406,158.5550079345703,137.87448120117188,0.0,0.0,0.0,5.820401191711426,24.662675857543945,18.613618850708008,0.0,0.0,0.0
252.0,60.10206985473633,43546.0390625,3581.070068359375,24093.396484375,15871.572265625,3940.60107421875,21.283390045166016,0.0,16659.37890625,0.19291144609451294,29.879772186279297,1.9889163970947266,9.088674545288086,4.673470497131348,1.6159640550613403,2.6226816177368164,6.522538661956787,0.0010315640829503536,0.38982826471328735,3.126279592514038,0.0,0.0,0.0,0.0,6137.85205078125,408.559814453125,1133.7491455078125,1811.138671875,619.5498046875,0.0,535.7863159179688,0.032055310904979706,2.2361342906951904,191.26187133789062,0.0,0.0,0.0,381.2411804199219,381.2411804199219,119.12312316894531,136.38473510742188,124.27413177490234,0.0,0.0,0.0,119.12312316894531,136.38473510742188,124.27413177490234,0.0,0.0,0.0,13.560125350952148,18.609146118164062,15.066793441772461,0.0,0.0,0.0
253.0,60.20260238647461,43647.6015625,3581.070068359375,24104.5703125,15961.9638671875,3940.60107421875,20.501054763793945,0.0,17314.986328125,0.19327567517757416,29.924442291259766,1.9935238361358643,9.131505012512207,4.680423736572266,1.6159640550613403,2.6226816177368164,6.523647308349609,0.0010315640829503536,0.38982826471328735,3.126279592514038,0.0,0.0,0.0,0.0,6189.7841796875,412.3546142578125,1144.9288330078125,1810.2108154296875,1015.6889038085938,0.0,513.4390869140625,0.030716098845005035,2.2782576084136963,191.3666229248047,0.0,0.0,0.0,382.9279479980469,382.9279479980469,102.83191680908203,119.55195617675781,86.8409194946289,0.0,0.0,0.0,102.83191680908203,119.55195617675781,86.8409194946289,0.0,0.0,0.0,9.57728099822998,14.46789264678955,4.899914741516113,0.0,0.0,0.0
254.0,60.24752426147461,43893.6171875,3581.070068359375,24111.826171875,16200.720703125,3940.60107421875,20.468290328979492,0.0,17438.85546875,0.1934116780757904,29.941110610961914,1.9952726364135742,9.147212982177734,4.68876314163208,1.6159640550613403,2.6226816177368164,6.5259690284729,0.0010315640829503536,0.38982826471328735,3.126279592514038,0.0,0.0,0.0,0.0,6213.4677734375,414.0648498535156,1149.4852294921875,1828.7763671875,1017.2611083984375,0.0,541.8070678710938,0.032408375293016434,3.218874216079712,193.7057647705078,0.0,0.0,0.0,384.62664794921875,384.62664794921875,111.90684509277344,130.80520629882812,109.87152862548828,0.0,0.0,0.0,111.90684509277344,130.80520629882812,109.87152862548828,0.0,0.0,0.0,12.264463424682617,17.792232513427734,11.669133186340332,0.0,0.0,0.0
255.0,60.275577545166016,43946.6328125,3581.070068359375,24118.251953125,16247.3115234375,3940.60107421875,21.123416900634766,0.0,16937.931640625,0.19347281754016876,29.948612213134766,1.9960262775421143,9.154152870178223,4.694250106811523,1.6159640550613403,2.6226816177368164,6.5332794189453125,0.0010315640829503536,0.38982826471328735,3.126279592514038,0.0,0.0,0.0,0.0,6151.29833984375,409.9740295410156,1140.556640625,1799.196533203125,842.4132080078125,0.0,491.7702331542969,0.029401419684290886,1.1694904565811157,186.33079528808594,0.0,0.0,0.0,386.2960205078125,386.2960205078125,121.28033447265625,135.6928253173828,119.0239486694336,0.0,0.0,0.0,121.28033447265625,135.6928253173828,119.0239486694336,0.0,0.0,0.0,14.351080894470215,18.566734313964844,13.691088676452637,0.0,0.0,0.0
256.0,60.297367095947266,43955.078125,3581.070068359375,24126.6953125,16247.3115234375,3940.60107421875,21.11394500732422,0.0,16950.841796875,0.19350109994411469,29.95207977294922,1.9963624477386475,9.15732479095459,4.697218894958496,1.6159640550613403,2.6226816177368164,6.543939113616943,0.0010315640829503536,0.38982826471328735,3.127434253692627,0.0,0.0,0.0,0.0,6215.5244140625,414.2763977050781,1150.1243896484375,1875.36474609375,523.5611572265625,0.0,645.404052734375,0.03855987265706062,5.561995983123779,199.94688415527344,0.0,0.0,0.0,387.9275817871094,387.9275817871094,128.77117919921875,143.56582641601562,117.38220977783203,0.0,0.0,0.0,128.77117919921875,143.56582641601562,117.38220977783203,0.0,0.0,0.0,16.551624298095703,20.879060745239258,13.220351219177246,0.0,0.0,0.0
257.0,60.32045364379883,43967.26953125,3581.070068359375,24138.888671875,16247.3115234375,3949.49853515625,22.131044387817383,0.0,16204.998046875,0.19351543486118317,29.953840255737305,1.996529459953308,9.158923149108887,4.6989874839782715,1.6159640550613403,2.6226816177368164,6.552175045013428,0.0010315640829503536,0.38982826471328735,3.1369762420654297,0.0,0.0,0.0,0.0,6100.45361328125,406.6168518066406,1133.6453857421875,1804.297119140625,369.4308166503906,0.0,520.6480712890625,0.031089652329683304,1.2805488109588623,189.40943908691406,0.0,0.0,0.0,389.53253173828125,389.53253173828125,123.56526947021484,137.1852569580078,115.15770721435547,0.0,0.0,0.0,123.56526947021484,137.1852569580078,115.15770721435547,0.0,0.0,0.0,14.011797904968262,17.99564552307129,11.55258560180664,0.0,0.0,0.0
258.0,60.354942321777344,44235.54296875,3813.3701171875,24174.861328125,16247.3115234375,3949.49853515625,22.54410171508789,0.0,16014.5908203125,0.19352227449417114,29.95467758178711,1.9966075420379639,9.159682273864746,4.700336456298828,1.6159640550613403,2.6226816177368164,6.560039043426514,0.0010315640829503536,0.38982826471328735,3.160569429397583,0.0,0.0,0.0,0.0,6064.86083984375,404.24896240234375,1126.932861328125,1783.46630859375,348.6731872558594,0.0,484.7455749511719,0.02893082983791828,0.0,183.0481414794922,0.0,0.0,0.0,391.08624267578125,391.08624267578125,110.0314712524414,131.18019104003906,118.67766571044922,0.0,0.0,0.0,110.0314712524414,131.18019104003906,118.67766571044922,0.0,0.0,0.0,9.640103340148926,15.826104164123535,12.169116020202637,0.0,0.0,0.0
259.0,60.447269439697266,44273.33984375,3813.3701171875,24212.658203125,16247.3115234375,3949.49853515625,22.89530372619629,0.0,15793.0888671875,0.19353637099266052,29.956409454345703,1.9967689514160156,9.161247253417969,4.704537391662598,1.6159640550613403,2.6226816177368164,6.581661224365234,0.0010315640829503536,0.38982826471328735,3.223605155944824,0.0,0.0,0.0,0.0,6020.2021484375,401.281494140625,1118.4827880859375,1747.289794921875,340.4765319824219,0.0,437.2518615722656,0.0260595865547657,0.0,180.2714385986328,0.0,0.0,0.0,392.6101989746094,392.6101989746094,103.4454116821289,120.83308410644531,107.50282287597656,0.0,0.0,0.0,103.4454116821289,120.83308410644531,107.50282287597656,0.0,0.0,0.0,7.362478733062744,12.448372840881348,8.549270629882812,0.0,0.0,0.0
260.0,60.51700973510742,44286.9453125,3813.3701171875,24226.263671875,16247.3115234375,3949.49853515625,22.248708724975586,0.0,16242.181640625,0.19354550540447235,29.957529067993164,1.9968736171722412,9.162261009216309,4.7099528312683105,1.6159640550613403,2.6226816177368164,6.597643852233887,0.0010315640829503536,0.38982826471328735,3.269698143005371,0.0,0.0,0.0,0.0,6125.8955078125,408.33270263671875,1138.0313720703125,1832.0277099609375,273.2154846191406,0.0,564.6400756835938,0.03361683338880539,2.7430076599121094,201.35284423828125,0.0,0.0,0.0,394.1190185546875,394.1190185546875,129.09490966796875,135.1365509033203,96.49601745605469,0.0,0.0,0.0,129.09490966796875,135.1365509033203,96.49601745605469,0.0,0.0,0.0,15.511551856994629,17.27873420715332,5.976377010345459,0.0,0.0,0.0
261.0,60.55525207519531,44292.15234375,3813.3701171875,24231.470703125,16247.3115234375,3949.49853515625,22.253673553466797,0.0,16242.787109375,0.19355003535747528,29.958086013793945,1.9969255924224854,9.162763595581055,4.713688850402832,1.6159640550613403,2.6226816177368164,6.60628080368042,0.0010315640829503536,0.38982826471328735,3.2944493293762207,0.0,0.0,0.0,0.0,6124.20556640625,408.22308349609375,1137.787841796875,1719.24951171875,280.14666748046875,0.0,558.5878295898438,0.03323787823319435,23.38969612121582,293.5354309082031,0.0,0.0,0.0,395.6405944824219,395.6405944824219,153.18731689453125,160.15155029296875,114.96935272216797,0.0,0.0,0.0,153.18731689453125,160.15155029296875,114.96935272216797,0.0,0.0,0.0,22.553617477416992,24.590656280517578,11.374862670898438,0.0,0.0,0.0
262.0,60.57284164428711,44293.80078125,3813.3701171875,24233.1171875,16247.3115234375,3949.49853515625,21.95671844482422,0.0,16457.390625,0.1935519129037857,29.958314895629883,1.996946930885315,9.162970542907715,4.716269493103027,1.6159640550613403,2.6226816177368164,6.610056400299072,0.0010315640829503536,0.38982826471328735,3.3052244186401367,0.0,0.0,0.0,0.0,6150.79052734375,409.9964294433594,1141.3790283203125,1394.3919677734375,354.7117614746094,0.0,918.9655151367188,0.05466820299625397,23.38969612121582,294.4954833984375,0.0,0.0,0.0,397.177001953125,397.177001953125,151.03768920898438,173.8750457763672,124.64520263671875,0.0,0.0,0.0,151.03768920898438,173.8750457763672,124.64520263671875,0.0,0.0,0.0,22.2218074798584,28.9017333984375,14.50200366973877,0.0,0.0,0.0
263.0,60.58051681518555,44295.36328125,3813.3701171875,24234.681640625,16247.3115234375,3949.49853515625,21.52240562438965,0.3233330547809601,16780.53125,0.19355246424674988,29.958383560180664,1.9969533681869507,9.163032531738281,4.719268798828125,1.6159640550613403,2.6226816177368164,6.611236572265625,0.0010315640829503536,0.38982826471328735,3.3085825443267822,0.0,0.0,0.0,0.0,6161.43359375,410.7062683105469,1142.990234375,1716.8804931640625,619.8754272460938,0.0,534.1400146484375,0.031772952526807785,23.38969612121582,294.7947082519531,0.0,0.0,0.0,398.7695617675781,398.7695617675781,149.271484375,162.45420837402344,149.8863983154297,0.0,0.0,0.0,149.271484375,162.45420837402344,149.8863983154297,0.0,0.0,0.0,21.816171646118164,25.672115325927734,21.99603271484375,0.0,0.0,0.0
264.0,60.58656692504883,44298.64453125,3813.3701171875,24237.962890625,16247.3115234375,3949.49853515625,21.096160888671875,0.0,17111.29296875,0.19358958303928375,29.962907791137695,1.997360110282898,9.163037300109863,4.719903945922852,1.6159640550613403,2.6226816177368164,6.611434459686279,0.0010315640829503536,0.38982826471328735,3.308825969696045,0.0,0.0,0.0,0.0,6223.7158203125,414.879638671875,1151.166748046875,1877.1920166015625,622.8006591796875,0.0,620.0140380859375,0.03688061982393265,5.171133041381836,210.4088592529297,0.0,0.0,0.0,400.4205017089844,400.4205017089844,122.69935607910156,141.74551391601562,126.76750946044922,0.0,0.0,0.0,122.69935607910156,141.74551391601562,126.76750946044922,0.0,0.0,0.0,14.793401718139648,20.364404678344727,15.98333740234375,0.0,0.0,0.0
265.0,60.65113067626953,44448.2578125,3813.3701171875,24299.462890625,16335.42578125,3949.49853515625,20.34122085571289,0.0,17784.671875,0.19399787485599518,30.012598037719727,2.0024781227111816,9.163061141967773,4.726202964782715,1.6159640550613403,2.6226816177368164,6.61313533782959,0.0010315640829503536,0.38982826471328735,3.3101518154144287,0.0,0.0,0.0,0.0,6279.17724609375,418.95452880859375,1157.59423828125,1880.9033203125,1021.1878051757812,0.0,603.104736328125,0.035870857536792755,5.334906578063965,210.96763610839844,0.0,0.0,0.0,402.120361328125,402.120361328125,104.74356079101562,123.454345703125,88.5587158203125,0.0,0.0,0.0,104.74356079101562,123.454345703125,88.5587158203125,0.0,0.0,0.0,10.296270370483398,15.769174575805664,5.562203884124756,0.0,0.0,0.0
266.0,60.737735748291016,44712.5625,3813.3701171875,24322.595703125,16576.59765625,3949.49853515625,20.31480598449707,0.0,17911.904296875,0.19448347389698029,30.065723419189453,2.0079185962677,9.179078102111816,4.734801292419434,1.6159640550613403,2.6226816177368164,6.614987373352051,0.0010315640829503536,0.38982826471328735,3.31123948097229,0.0,0.0,0.0,0.0,6307.72216796875,421.2568664550781,1161.8958740234375,1898.3248291015625,1022.5400390625,0.0,630.1339111328125,0.03747401013970375,6.094860553741455,213.23936462402344,0.0,0.0,0.0,403.8367919921875,403.8367919921875,125.24964904785156,135.56349182128906,102.93498229980469,0.0,0.0,0.0,125.24964904785156,135.56349182128906,102.93498229980469,0.0,0.0,0.0,16.320716857910156,19.337512969970703,9.79367446899414,0.0,0.0,0.0
267.0,60.82722854614258,44839.98828125,3813.3701171875,24402.98828125,16623.62890625,3949.49853515625,20.99985122680664,0.0,17397.388671875,0.1951153725385666,30.113271713256836,2.012687921524048,9.210505485534668,4.737634181976318,1.6159640550613403,2.6226816177368164,6.616997241973877,0.0010315640829503536,0.38982826471328735,3.3115108013153076,0.0,0.0,0.0,0.0,6248.8291015625,417.65447998046875,1156.3170166015625,1859.838134765625,846.6605224609375,0.0,572.2239990234375,0.03402567282319069,4.05340051651001,207.3775634765625,0.0,0.0,0.0,405.5262145996094,405.5262145996094,124.07648468017578,136.71693420410156,115.71772766113281,0.0,0.0,0.0,124.07648468017578,136.71693420410156,115.71772766113281,0.0,0.0,0.0,15.292520523071289,18.989850997924805,12.84758472442627,0.0,0.0,0.0
268.0,61.135738372802734,45033.58203125,3813.3701171875,24596.583984375,16623.62890625,3949.49853515625,21.076963424682617,0.0,17410.646484375,0.19745802879333496,30.322744369506836,2.034712791442871,9.273008346557617,4.742162704467773,1.6159640550613403,2.6226816177368164,6.624236106872559,0.0010315640829503536,0.38982826471328735,3.311913013458252,0.0,0.0,0.0,0.0,6334.61328125,425.06439208984375,1169.518798828125,1926.2509765625,525.2191772460938,0.0,714.7755737304688,0.04248212277889252,7.480190277099609,217.2984161376953,0.0,0.0,0.0,407.181396484375,407.181396484375,128.80581665039062,144.39739990234375,115.59966278076172,0.0,0.0,0.0,128.80581665039062,144.39739990234375,115.59966278076172,0.0,0.0,0.0,16.598737716674805,21.15927505493164,12.73593807220459,0.0,0.0,0.0
269.0,61.67050552368164,45338.23828125,3813.3701171875,24901.23828125,16623.62890625,4375.4658203125,22.236351013183594,0.0,16644.57421875,0.20154434442520142,30.708887100219727,2.074526071548462,9.358576774597168,4.748256206512451,1.6159640550613403,2.6226816177368164,6.636793613433838,0.0010315640829503536,0.38982826471328735,3.3124144077301025,0.0,0.0,0.0,0.0,6256.96728515625,422.6867980957031,1158.3970947265625,1830.33251953125,369.5202331542969,0.0,560.1617431640625,0.03326570242643356,2.1367998123168945,202.38577270507812,0.0,0.0,0.0,408.8128356933594,408.8128356933594,101.64405822753906,137.8621826171875,118.67570495605469,0.0,0.0,0.0,101.64405822753906,137.8621826171875,118.67570495605469,0.0,0.0,0.0,7.49453592300415,18.08833885192871,12.476292610168457,0.0,0.0,0.0
270.0,62.161197662353516,45435.12109375,3813.3701171875,24998.119140625,16623.62890625,4375.4658203125,22.562305450439453,0.0,16449.001953125,0.20522615313529968,31.09839630126953,2.1146745681762695,9.401084899902344,4.751620769500732,1.6159640550613403,2.6226816177368164,6.648033618927002,0.0010315640829503536,0.38982826471328735,3.3126537799835205,0.0,0.0,0.0,0.0,6260.78564453125,425.7301025390625,1150.5960693359375,1792.0662841796875,347.67095947265625,0.0,501.54888916015625,0.029763245955109596,0.0,190.88063049316406,0.0,0.0,0.0,410.3927001953125,410.3927001953125,81.5399169921875,131.1119384765625,114.29927825927734,0.0,0.0,0.0,81.5399169921875,131.1119384765625,114.29927825927734,0.0,0.0,0.0,1.2881211042404175,15.787935256958008,10.870233535766602,0.0,0.0,0.0
271.0,62.76396942138672,45826.265625,3813.3701171875,25389.265625,16623.62890625,4375.4658203125,23.091562271118164,0.0,16221.494140625,0.20971335470676422,31.594511032104492,2.1656644344329834,9.435503005981445,4.754532814025879,1.6159640550613403,2.6226816177368164,6.661696434020996,0.0010315640829503536,0.38982826471328735,3.312842607498169,0.0,0.0,0.0,0.0,6266.9619140625,429.5726013183594,1138.9111328125,1725.84619140625,338.2412414550781,0.0,434.4494934082031,0.025758622214198112,0.0,180.5059814453125,0.0,0.0,0.0,411.9429016113281,411.9429016113281,102.80794525146484,124.6456298828125,105.95944213867188,0.0,0.0,0.0,102.80794525146484,124.6456298828125,105.95944213867188,0.0,0.0,0.0,6.979761600494385,13.36728572845459,7.901574611663818,0.0,0.0,0.0
272.0,63.36722946166992,45950.02734375,3813.3701171875,25513.02734375,16623.62890625,4375.4658203125,22.492563247680664,0.0,16682.76171875,0.21419662237167358,32.094879150390625,2.2170372009277344,9.466080665588379,4.757181644439697,1.6159640550613403,2.6226816177368164,6.675339221954346,0.0010315640829503536,0.38982826471328735,3.313009023666382,0.0,0.0,0.0,0.0,6428.93701171875,444.0955505371094,1156.1170654296875,1795.0145263671875,270.4200439453125,0.0,536.9887084960938,0.03181016445159912,0.0,192.0735321044922,0.0,0.0,0.0,413.47882080078125,413.47882080078125,116.17507934570312,133.54782104492188,94.59512329101562,0.0,0.0,0.0,116.17507934570312,133.54782104492188,94.59512329101562,0.0,0.0,0.0,11.4886474609375,16.570173263549805,5.176508903503418,0.0,0.0,0.0
273.0,63.68863296508789,45989.1875,3813.3701171875,25552.185546875,16623.62890625,4375.4658203125,22.514080047607422,0.0,16683.3828125,0.21657788753509521,32.36219787597656,2.244492530822754,9.481063842773438,4.7591233253479,1.6159640550613403,2.6226816177368164,6.682583332061768,0.0010315640829503536,0.38982826471328735,3.3130898475646973,0.0,0.0,0.0,0.0,6455.17919921875,447.701416015625,1153.6697998046875,1670.9605712890625,276.72259521484375,0.0,520.2240600585938,0.030802661553025246,18.126487731933594,279.93426513671875,0.0,0.0,0.0,415.0264892578125,415.0264892578125,119.298828125,150.0907745361328,117.67890167236328,0.0,0.0,0.0,119.298828125,150.0907745361328,117.67890167236328,0.0,0.0,0.0,12.380828857421875,21.38747215270996,11.906998634338379,0.0,0.0,0.0
274.0,63.83192443847656,46002.40234375,3813.3701171875,25565.40234375,16623.62890625,4375.4658203125,22.21891212463379,0.0,16903.8203125,0.21761314570903778,32.47886276245117,2.256517171859741,9.487212181091309,4.763357639312744,1.6159640550613403,2.6226816177368164,6.685731887817383,0.0010315640829503536,0.38982826471328735,3.3131229877471924,0.0,0.0,0.0,0.0,6497.39306640625,451.416015625,1157.732421875,730.293212890625,350.1896057128906,0.0,1463.774169921875,0.08665304630994797,23.38969612121582,295.1992492675781,0.0,0.0,0.0,416.58343505859375,416.58343505859375,96.07252502441406,171.26210021972656,150.2533721923828,0.0,0.0,0.0,96.07252502441406,171.26210021972656,150.2533721923828,0.0,0.0,0.0,5.882302284240723,27.87525177001953,21.730199813842773,0.0,0.0,0.0
275.0,63.89309310913086,46009.7109375,3813.3701171875,25572.7109375,16623.62890625,4375.4658203125,21.781713485717773,0.0,17235.720703125,0.2180083692073822,32.52351760864258,2.2611610889434814,9.489461898803711,4.771368503570557,1.6159640550613403,2.6226816177368164,6.686933517456055,0.0010315640829503536,0.38982826471328735,3.3131349086761475,0.0,0.0,0.0,0.0,6515.7431640625,452.99969482421875,1158.263671875,1640.5501708984375,611.7614135742188,0.0,493.4919738769531,0.02921167202293873,23.38969612121582,295.2003173828125,0.0,0.0,0.0,418.189208984375,418.189208984375,140.99588012695312,156.26539611816406,127.76436614990234,0.0,0.0,0.0,140.99588012695312,156.26539611816406,127.76436614990234,0.0,0.0,0.0,19.459583282470703,23.925912857055664,15.589365005493164,0.0,0.0,0.0
276.0,63.92412567138672,46016.15625,3813.3701171875,25579.15625,16623.62890625,4375.4658203125,21.36629295349121,0.0,17563.59375,0.21815262734889984,32.539852142333984,2.2628462314605713,9.490257263183594,4.778995037078857,1.6159640550613403,2.6226816177368164,6.691379070281982,0.0010315640829503536,0.38982826471328735,3.3131392002105713,0.0,0.0,0.0,0.0,6583.5517578125,457.8252258300781,1170.058349609375,1821.251953125,614.9942016601562,0.0,565.65771484375,0.033473968505859375,0.5783075094223022,196.66796875,0.0,0.0,0.0,419.8479309082031,419.8479309082031,108.32389831542969,135.4875946044922,114.71800231933594,0.0,0.0,0.0,108.32389831542969,135.4875946044922,114.71800231933594,0.0,0.0,0.0,10.31844711303711,18.263826370239258,12.188722610473633,0.0,0.0,0.0
277.0,63.948516845703125,46110.44921875,3813.3701171875,25587.6640625,16709.4140625,4375.4658203125,20.573715209960938,0.0,18254.771484375,0.21823617815971375,32.5493278503418,2.263782262802124,9.490707397460938,4.787062168121338,1.6159640550613403,2.6226816177368164,6.696752548217773,0.0010315640829503536,0.38982826471328735,3.3131415843963623,0.0,0.0,0.0,0.0,6642.458984375,461.97821044921875,1178.22607421875,1828.6142578125,1009.1224975585938,0.0,555.3799438476562,0.03285442292690277,1.0111998319625854,197.6577911376953,0.0,0.0,0.0,421.5475158691406,421.5475158691406,100.03135681152344,120.69537353515625,88.20751953125,0.0,0.0,0.0,100.03135681152344,120.69537353515625,88.20751953125,0.0,0.0,0.0,8.685457229614258,14.729680061340332,5.22698450088501,0.0,0.0,0.0
278.0,63.966556549072266,46360.375,3813.3701171875,25594.138671875,16952.8671875,4375.4658203125,20.536062240600586,0.0,18385.37109375,0.21827833354473114,32.55411148071289,2.264246702194214,9.490931510925293,4.796139717102051,1.6159640550613403,2.6226816177368164,6.700198650360107,0.0010315640829503536,0.38982826471328735,3.313142776489258,0.0,0.0,0.0,0.0,6668.1455078125,463.7917175292969,1182.539306640625,1846.53955078125,1011.1139526367188,0.0,584.5004272460938,0.03456944599747658,1.9996517896652222,202.06893920898438,0.0,0.0,0.0,423.264892578125,423.264892578125,112.44266510009766,134.63462829589844,119.80843353271484,0.0,0.0,0.0,112.44266510009766,134.63462829589844,119.80843353271484,0.0,0.0,0.0,12.353416442871094,18.844566345214844,14.507904052734375,0.0,0.0,0.0
279.0,63.9833984375,46412.0,3813.3701171875,25598.31640625,17000.314453125,4375.4658203125,21.192211151123047,0.0,17857.259765625,0.21839357912540436,32.567874908447266,2.265481472015381,9.490950584411621,4.797177314758301,1.6159640550613403,2.6226816177368164,6.700870990753174,0.0010315640829503536,0.38982826471328735,3.313142776489258,0.0,0.0,0.0,0.0,6598.31201171875,458.99072265625,1170.305419921875,1815.83984375,836.828369140625,0.0,531.2703247070312,0.031419795006513596,0.0,191.73715209960938,0.0,0.0,0.0,424.95867919921875,424.95867919921875,115.35645294189453,136.25848388671875,110.78770446777344,0.0,0.0,0.0,115.35645294189453,136.25848388671875,110.78770446777344,0.0,0.0,0.0,12.549551963806152,18.663393020629883,11.213191986083984,0.0,0.0,0.0
280.0,64.15240478515625,46579.72265625,3813.3701171875,25766.0390625,17000.314453125,4375.4658203125,21.255046844482422,0.0,17870.865234375,0.2196153998374939,32.71345901489258,2.280383825302124,9.490997314453125,4.799928188323975,1.6159640550613403,2.6226816177368164,6.7053704261779785,0.0010315640829503536,0.38982826471328735,3.313143014907837,0.0,0.0,0.0,0.0,6679.7802734375,465.63287353515625,1179.63623046875,1881.3709716796875,519.636962890625,0.0,674.4447021484375,0.03987564146518707,3.707998275756836,206.5697479248047,0.0,0.0,0.0,426.6190490722656,426.6190490722656,114.414306640625,144.26065063476562,131.89785766601562,0.0,0.0,0.0,114.414306640625,144.26065063476562,131.89785766601562,0.0,0.0,0.0,12.211137771606445,20.941194534301758,17.325075149536133,0.0,0.0,0.0
281.0,64.64738464355469,46909.25390625,3813.3701171875,26095.56640625,17000.314453125,4375.4658203125,22.431852340698242,0.0,17084.544921875,0.22321225702762604,33.14188766479492,2.3245537281036377,9.491098403930664,4.805988311767578,1.6159640550613403,2.6226816177368164,6.71799373626709,0.0010315640829503536,0.38982826471328735,3.313143730163574,0.0,0.0,0.0,0.0,6598.13525390625,462.7895202636719,1154.034423828125,1788.349365234375,365.3188781738281,0.0,523.1080932617188,0.030902914702892303,0.0,187.76637268066406,0.0,0.0,0.0,428.25750732421875,428.25750732421875,125.82763671875,138.136474609375,115.25883483886719,0.0,0.0,0.0,125.82763671875,138.136474609375,115.25883483886719,0.0,0.0,0.0,14.372732162475586,17.973066329956055,11.281357765197754,0.0,0.0,0.0
282.0,65.15155029296875,47245.81640625,4045.669921875,26199.83203125,17000.314453125,4375.4658203125,22.875267028808594,0.0,16883.79296875,0.22690735757350922,33.58153533935547,2.3698792457580566,9.4911527633667,4.809311389923096,1.6159640550613403,2.6226816177368164,6.730112552642822,0.0010315640829503536,0.38982826471328735,3.3131439685821533,0.0,0.0,0.0,0.0,6607.18017578125,466.274658203125,1141.701416015625,1736.9019775390625,343.7899475097656,0.0,467.62518310546875,0.02760365977883339,0.0,179.21774291992188,0.0,0.0,0.0,429.84906005859375,429.84906005859375,111.28367614746094,132.11561584472656,115.94418334960938,0.0,0.0,0.0,111.28367614746094,132.11561584472656,115.94418334960938,0.0,0.0,0.0,9.67520809173584,15.768549919128418,11.038407325744629,0.0,0.0,0.0
283.0,65.75569915771484,47628.453125,4045.669921875,26582.466796875,17000.314453125,4375.4658203125,23.400239944458008,0.0,16650.27734375,0.23134826123714447,34.10965347290039,2.4243669509887695,9.491194725036621,4.812211513519287,1.6159640550613403,2.6226816177368164,6.744273662567139,0.0010315640829503536,0.38982826471328735,3.3131442070007324,0.0,0.0,0.0,0.0,6615.9990234375,470.2366943359375,1126.809326171875,1669.5928955078125,334.5979919433594,0.0,408.3627014160156,0.02408347837626934,0.0,158.23643493652344,0.0,0.0,0.0,431.41668701171875,431.41668701171875,102.62096405029297,122.79928588867188,112.53644561767578,0.0,0.0,0.0,102.62096405029297,122.79928588867188,112.53644561767578,0.0,0.0,0.0,6.616391181945801,12.518549919128418,9.516670227050781,0.0,0.0,0.0
284.0,66.35060119628906,47750.046875,4045.669921875,26704.0625,17000.314453125,4375.4658203125,22.78931427001953,0.0,17123.73828125,0.23525747656822205,34.57450866699219,2.4718949794769287,9.55445671081543,4.815171718597412,1.6159640550613403,2.6226816177368164,6.756662368774414,0.0010315640829503536,0.38982826471328735,3.3131444454193115,0.0,0.0,0.0,0.0,6775.25244140625,484.3948059082031,1147.6990966796875,1744.136474609375,267.5362243652344,0.0,501.5840759277344,0.029557764530181885,0.0,180.58485412597656,0.0,0.0,0.0,432.9724426269531,432.9724426269531,94.88855743408203,131.26034545898438,110.91688537597656,0.0,0.0,0.0,94.88855743408203,131.26034545898438,110.91688537597656,0.0,0.0,0.0,4.9655890464782715,15.604338645935059,9.653876304626465,0.0,0.0,0.0
285.0,66.71209716796875,47913.18359375,4045.669921875,26867.197265625,17000.314453125,4375.4658203125,22.869510650634766,0.0,17124.376953125,0.23677153885364532,34.75456237792969,2.4898908138275146,9.71026611328125,4.816514015197754,1.6159640550613403,2.6226816177368164,6.7614426612854,0.0010315640829503536,0.38982826471328735,3.3131444454193115,0.0,0.0,0.0,0.0,6786.50537109375,486.19970703125,1161.08935546875,1724.4449462890625,273.8133850097656,0.0,489.35693359375,0.028828410431742668,0.0,178.64358520507812,0.0,0.0,0.0,434.5379638671875,434.5379638671875,112.47650146484375,137.11619567871094,92.26361083984375,0.0,0.0,0.0,112.47650146484375,137.11619567871094,92.26361083984375,0.0,0.0,0.0,10.029865264892578,17.236974716186523,4.117594242095947,0.0,0.0,0.0
286.0,67.14018249511719,48034.96875,4045.669921875,26988.982421875,17000.314453125,4375.4658203125,22.620267868041992,0.0,17350.6328125,0.2382773458957672,34.933570861816406,2.508791208267212,9.931083679199219,4.819620609283447,1.6159640550613403,2.6226816177368164,6.766188621520996,0.0010315640829503536,0.38982826471328735,3.3131444454193115,0.0,0.0,0.0,0.0,6828.8828125,490.4234313964844,1186.6595458984375,1631.2271728515625,346.0879211425781,0.0,497.1165771484375,0.02927660383284092,12.855649948120117,257.6321105957031,0.0,0.0,0.0,436.1060791015625,436.1060791015625,122.23925018310547,155.24867248535156,134.27293395996094,0.0,0.0,0.0,122.23925018310547,155.24867248535156,134.27293395996094,0.0,0.0,0.0,13.134712219238281,22.789966583251953,16.654565811157227,0.0,0.0,0.0
287.0,67.40508270263672,48075.765625,4045.669921875,27029.779296875,17000.314453125,4375.4658203125,22.1900691986084,0.0,17691.30078125,0.23911839723587036,35.03354263305664,2.5194880962371826,10.07485580444336,4.826592445373535,1.6159640550613403,2.6226816177368164,6.768836975097656,0.0010315640829503536,0.38982826471328735,3.3131444454193115,0.0,0.0,0.0,0.0,6851.962890625,492.76885986328125,1201.79638671875,1565.537109375,604.2274169921875,0.0,461.8604736328125,0.02719564363360405,18.775432586669922,281.8206787109375,0.0,0.0,0.0,437.7107849121094,437.7107849121094,117.25756072998047,148.34043884277344,136.3497314453125,0.0,0.0,0.0,117.25756072998047,148.34043884277344,136.3497314453125,0.0,0.0,0.0,12.107766151428223,21.199506759643555,17.692228317260742,0.0,0.0,0.0
288.0,67.53515625,48092.0703125,4045.669921875,27046.083984375,17000.314453125,4375.4658203125,21.785259246826172,0.0,18016.302734375,0.23949450254440308,35.078250885009766,2.524278402328491,10.145670890808105,4.834790229797363,1.6159640550613403,2.6226816177368164,6.770020484924316,0.0010315640829503536,0.38982826471328735,3.3131444454193115,0.0,0.0,0.0,0.0,6919.71435546875,497.9520568847656,1220.26611328125,1746.3878173828125,606.930908203125,0.0,521.2408447265625,0.030689790844917297,0.0,183.51478576660156,0.0,0.0,0.0,439.3642883300781,439.3642883300781,119.52995300292969,134.02423095703125,108.80702209472656,0.0,0.0,0.0,119.52995300292969,134.02423095703125,108.80702209472656,0.0,0.0,0.0,13.177250862121582,17.41683006286621,10.040793418884277,0.0,0.0,0.0
289.0,67.59599304199219,48181.90234375,4045.669921875,27052.474609375,17083.7578125,4375.4658203125,20.972646713256836,0.0,18725.302734375,0.2396533489227295,35.09713363647461,2.5262811183929443,10.177555084228516,4.8422040939331055,1.6159640550613403,2.6226816177368164,6.770520210266113,0.0010315640829503536,0.38982826471328735,3.3131444454193115,0.0,0.0,0.0,0.0,6985.9521484375,502.84674072265625,1232.9683837890625,1755.898193359375,996.0588989257812,0.0,514.3667602539062,0.030284084379673004,0.0,183.78948974609375,0.0,0.0,0.0,441.05889892578125,441.05889892578125,88.25574493408203,120.08992767333984,97.4323501586914,0.0,0.0,0.0,88.25574493408203,120.08992767333984,97.4323501586914,0.0,0.0,0.0,4.842158317565918,14.153657913208008,7.526315212249756,0.0,0.0,0.0
290.0,67.62315368652344,48432.921875,4045.669921875,27057.765625,17329.484375,4375.4658203125,20.929704666137695,0.0,18859.26171875,0.2397935539484024,35.11369323730469,2.528045415878296,10.18262004852295,4.8454084396362305,1.6159640550613403,2.6226816177368164,6.770944595336914,0.0010315640829503536,0.38982826471328735,3.3131444454193115,0.0,0.0,0.0,0.0,7013.6279296875,504.95318603515625,1237.8798828125,1778.3857421875,997.89794921875,0.0,540.4234619140625,0.03181733563542366,0.0,187.22715759277344,0.0,0.0,0.0,442.7747802734375,442.7747802734375,114.99771881103516,133.27012634277344,112.78258514404297,0.0,0.0,0.0,114.99771881103516,133.27012634277344,112.78258514404297,0.0,0.0,0.0,12.70712661743164,18.051807403564453,12.05920124053955,0.0,0.0,0.0
291.0,67.68498992919922,48530.1953125,4045.669921875,27107.18359375,17377.34375,4375.4658203125,21.618139266967773,0.0,18317.533203125,0.24023431539535522,35.165611267089844,2.5333147048950195,10.184159278869629,4.846746921539307,1.6159640550613403,2.6226816177368164,6.772270202636719,0.0010315640829503536,0.38982826471328735,3.3131444454193115,0.0,0.0,0.0,0.0,6943.22900390625,500.18707275390625,1224.41845703125,1729.623779296875,825.6553344726562,0.0,490.71356201171875,0.02888818085193634,0.0,179.9762420654297,0.0,0.0,0.0,444.4725646972656,444.4725646972656,117.34119415283203,137.6347198486328,114.97978973388672,0.0,0.0,0.0,117.34119415283203,137.6347198486328,114.97978973388672,0.0,0.0,0.0,12.704161643981934,18.640016555786133,12.013448715209961,0.0,0.0,0.0
292.0,68.05237579345703,48854.77734375,4045.669921875,27431.763671875,17377.34375,4375.4658203125,21.74858856201172,0.0,18331.490234375,0.24293112754821777,35.48257827758789,2.5659046173095703,10.187799453735352,4.850135326385498,1.6159640550613403,2.6226816177368164,6.780377388000488,0.0010315640829503536,0.38982826471328735,3.3131444454193115,0.0,0.0,0.0,0.0,7043.31396484375,509.3336486816406,1234.3590087890625,1801.1142578125,512.2366943359375,0.0,608.3063354492188,0.03579217195510864,0.0,192.86395263671875,0.0,0.0,0.0,446.1418151855469,446.1418151855469,119.80574035644531,141.2205352783203,120.68174743652344,0.0,0.0,0.0,119.80574035644531,141.2205352783203,120.68174743652344,0.0,0.0,0.0,13.29458999633789,19.558420181274414,13.550823211669922,0.0,0.0,0.0
293.0,68.82685089111328,49287.51953125,4045.669921875,27864.5078125,17377.34375,4662.45068359375,22.994083404541016,0.0,17524.904296875,0.24864394962787628,36.15369415283203,2.6350739002227783,10.193591117858887,4.855647563934326,1.6159640550613403,2.6226816177368164,6.797550201416016,0.0010315640829503536,0.38982826471328735,3.3131444454193115,0.0,0.0,0.0,0.0,6977.86767578125,508.5841979980469,1202.8896484375,1673.84912109375,359.51416015625,0.0,467.5880126953125,0.027482161298394203,0.0,166.29495239257812,0.0,0.0,0.0,447.7914123535156,447.7914123535156,118.60757446289062,138.99990844726562,127.55937957763672,0.0,0.0,0.0,118.60757446289062,138.99990844726562,127.55937957763672,0.0,0.0,0.0,11.69863224029541,17.663387298583984,14.317034721374512,0.0,0.0,0.0
294.0,69.52830505371094,49424.44140625,4045.669921875,28001.4296875,17377.34375,4662.45068359375,23.346399307250977,0.0,17318.98828125,0.2537407875061035,36.752323150634766,2.696965217590332,10.19814395904541,4.860032081604004,1.6159640550613403,2.6226816177368164,6.824451446533203,0.0010315640829503536,0.38982826471328735,3.3131444454193115,0.0,0.0,0.0,0.0,7002.03662109375,513.8246459960938,1189.401611328125,1609.024658203125,338.1630859375,0.0,414.81646728515625,0.02433864027261734,0.0,149.01722717285156,0.0,0.0,0.0,449.3970947265625,449.3970947265625,118.81536865234375,132.25340270996094,113.71853637695312,0.0,0.0,0.0,118.81536865234375,132.25340270996094,113.71853637695312,0.0,0.0,0.0,11.407096862792969,15.337721824645996,9.916274070739746,0.0,0.0,0.0
295.0,69.9051513671875,49478.72265625,4045.669921875,28055.70703125,17377.34375,4662.45068359375,23.716562271118164,0.0,17079.4453125,0.256420373916626,37.0670166015625,2.729475975036621,10.200340270996094,4.863624095916748,1.6159640550613403,2.6226816177368164,6.8456220626831055,0.0010315640829503536,0.38982826471328735,3.3131444454193115,0.0,0.0,0.0,0.0,6980.40673828125,514.0109252929688,1177.405517578125,1546.70849609375,329.5062561035156,0.0,365.006591796875,0.021387191489338875,0.0,140.30589294433594,0.0,0.0,0.0,450.9837341308594,450.9837341308594,113.73519897460938,125.68113708496094,121.25858306884766,0.0,0.0,0.0,113.73519897460938,125.68113708496094,121.25858306884766,0.0,0.0,0.0,9.550982475280762,13.045167922973633,11.751571655273438,0.0,0.0,0.0
296.0,70.08234405517578,49497.890625,4045.669921875,28074.87890625,17377.34375,4662.45068359375,23.046955108642578,0.0,17565.11328125,0.2576420307159424,37.210487365722656,2.7442290782928467,10.201282501220703,4.868692398071289,1.6159640550613403,2.6226816177368164,6.857359409332275,0.0010315640829503536,0.38982826471328735,3.3131444454193115,0.0,0.0,0.0,0.0,7115.34814453125,524.7484741210938,1195.9913330078125,1652.6134033203125,264.1694641113281,0.0,466.7538146972656,0.02732847072184086,0.0,159.2718505859375,0.0,0.0,0.0,452.5670166015625,452.5670166015625,98.85399627685547,113.38727569580078,118.85105895996094,0.0,0.0,0.0,98.85399627685547,113.38727569580078,118.85105895996094,0.0,0.0,0.0,5.867837429046631,10.118823051452637,11.716979026794434,0.0,0.0,0.0
297.0,70.16090393066406,49505.08203125,4045.669921875,28082.068359375,17377.34375,4662.45068359375,23.05264663696289,0.0,17565.767578125,0.25817152857780457,37.272674560546875,2.7505693435668945,10.201672554016113,4.872074127197266,1.6159640550613403,2.6226816177368164,6.8630900382995605,0.0010315640829503536,0.38982826471328735,3.3131444454193115,0.0,0.0,0.0,0.0,7120.09716796875,525.4337158203125,1194.8482666015625,1647.6923828125,270.7693176269531,0.0,461.5063171386719,0.027011319994926453,0.0,157.39329528808594,0.0,0.0,0.0,454.1644287109375,454.1644287109375,85.53530883789062,130.46701049804688,107.35844421386719,0.0,0.0,0.0,85.53530883789062,130.46701049804688,107.35844421386719,0.0,0.0,0.0,1.9664307832717896,15.108953475952148,8.349698066711426,0.0,0.0,0.0
298.0,70.1933364868164,49507.35546875,4045.669921875,28084.341796875,17377.34375,4662.45068359375,22.744396209716797,0.0,17797.845703125,0.25837934017181396,37.297080993652344,2.7530531883239746,10.201820373535156,4.874825954437256,1.6159640550613403,2.6226816177368164,6.865528583526611,0.0010315640829503536,0.38982826471328735,3.3131444454193115,0.0,0.0,0.0,0.0,7156.388671875,528.2428588867188,1199.9073486328125,1665.760986328125,342.908935546875,0.0,476.9234313964844,0.027909312397241592,0.0,162.33706665039062,0.0,0.0,0.0,455.7574768066406,455.7574768066406,118.56654357910156,139.02342224121094,93.83305358886719,0.0,0.0,0.0,118.56654357910156,139.02342224121094,93.83305358886719,0.0,0.0,0.0,11.936317443847656,17.919954299926758,4.7017717361450195,0.0,0.0,0.0
299.0,70.20653533935547,49509.5625,4045.669921875,28086.55078125,17377.34375,4662.45068359375,22.29350471496582,0.0,18147.30078125,0.258443146944046,37.304569244384766,2.753829002380371,10.201864242553711,4.878855228424072,1.6159640550613403,2.6226816177368164,6.866321086883545,0.0010315640829503536,0.38982826471328735,3.3131444454193115,0.0,0.0,0.0,0.0,7178.61669921875,529.926513671875,1201.9700927734375,1650.7554931640625,599.5108642578125,0.0,449.86785888671875,0.026324715465307236,0.0,155.59605407714844,0.0,0.0,0.0,457.3699951171875,457.3699951171875,107.91962432861328,136.6824951171875,105.07664489746094,0.0,0.0,0.0,107.91962432861328,136.6824951171875,105.07664489746094,0.0,0.0,0.0,9.27298641204834,17.686124801635742,8.441412925720215,0.0,0.0,0.0
300.0,70.21560668945312,49513.5625,4045.669921875,28090.546875,17377.34375,4662.45068359375,21.894634246826172,0.0,18469.400390625,0.2584701180458069,37.3077392578125,2.7541465759277344,10.201882362365723,4.884054183959961,1.6159640550613403,2.6226816177368164,6.866668224334717,0.0010315640829503536,0.38982826471328735,3.3131444454193115,0.0,0.0,0.0,0.0,7244.4091796875,534.7996215820312,1213.1390380859375,1707.590576171875,602.3665161132812,0.0,506.53094482421875,0.029639780521392822,0.0,172.72616577148438,0.0,0.0,0.0,459.0072021484375,459.0072021484375,89.78056335449219,119.41700744628906,112.58956146240234,0.0,0.0,0.0,89.78056335449219,119.41700744628906,112.58956146240234,0.0,0.0,0.0,4.366179943084717,13.034841537475586,11.037812232971191,0.0,0.0,0.0
